2025-04-11 08:23:28,663 [INFO] Activator:176 - 


2025-04-11 08:23:28,663 [INFO] Activator:177 - !SESSION log4j initialized
2025-04-11 08:23:34,958 [ERROR] LogOutputStream:75 - [STDERR_REDIRECT] [Fatal Error] :1:1: Premature end of file.
2025-04-11 08:23:34,959 [ERROR] LogOutputStream:75 - [STDERR_REDIRECT] 
2025-04-11 08:23:35,282 [ERROR] LogOutputStream:75 - [STDERR_REDIRECT] [Fatal Error] :1:1: Premature end of file.
2025-04-11 08:23:35,283 [ERROR] LogOutputStream:75 - [STDERR_REDIRECT] 
2025-04-11 08:23:36,217 [INFO] LogOutputStream:77 - [STDOUT_REDIRECT] 
2025-04-11 08:23:36,286 [ERROR] LogOutputStream:75 - [STDERR_REDIRECT] [Fatal Error] :1:1: Premature end of file.
2025-04-11 08:23:36,287 [ERROR] LogOutputStream:75 - [STDERR_REDIRECT] 
2025-04-11 08:23:37,292 [ERROR] LogOutputStream:75 - [STDERR_REDIRECT] [Fatal Error] :1:1: Premature end of file.
2025-04-11 08:23:37,292 [ERROR] LogOutputStream:75 - [STDERR_REDIRECT] 
2025-04-11 08:23:37,654 [INFO] ApplicationProperties:184 - Using Application install path: C:\ST\STM32CubeIDE_1.17.0\STM32CubeIDE\plugins\com.st.stm32cube.common.mx_6.14.0.202502271554
2025-04-11 08:23:37,681 [INFO] DbMcusXml:78 - Set database path to: C:\ST\STM32CubeIDE_1.17.0\STM32CubeIDE\plugins\com.st.stm32cube.common.mx_6.14.0.202502271554\\db\/mcu/
2025-04-11 08:23:37,683 [INFO] ApiDb:274 - Set plugin database path to: C:\ST\STM32CubeIDE_1.17.0\STM32CubeIDE\plugins\com.st.stm32cube.common.mx_6.14.0.202502271554\\db\/plugins/boardmanager/
2025-04-11 08:23:37,683 [WARN] ApiDb:259 - Overriding images path with different value:  => C:\ST\STM32CubeIDE_1.17.0\STM32CubeIDE\plugins\com.st.stm32cube.common.mx_6.14.0.202502271554\\db\/plugins/mcufinder/images/
2025-04-11 08:23:37,699 [INFO] ApiDb:250 - Set database path to: C:\Users\raj\.stmcufinder\plugins\mcufinder//mcu/
2025-04-11 08:23:37,701 [INFO] DbMcusAds:125 - Set database path to: C:\Users\raj\.stmcufinder\plugins\mcufinder//mcu/
2025-04-11 08:23:37,711 [INFO] CrossReferenceDbSqlite:203 - Set database path to: C:\Users\raj\.stmcufinder\plugins\mcufinder//mcu/cs/
2025-04-11 08:23:37,891 [INFO] RulesReader:64 - Compatibility file has been processed (301 Rules)
2025-04-11 08:23:38,042 [INFO] DbMcusXml:78 - Set database path to: C:\ST\STM32CubeIDE_1.17.0\STM32CubeIDE\plugins\com.st.stm32cube.common.mx_6.14.0.202502271554\\db\/mcu/
2025-04-11 08:23:38,042 [INFO] ApiDb:274 - Set plugin database path to: C:\ST\STM32CubeIDE_1.17.0\STM32CubeIDE\plugins\com.st.stm32cube.common.mx_6.14.0.202502271554\\db\/plugins/boardmanager/
2025-04-11 08:23:38,043 [INFO] ApiDb:261 - Set plugin images path to: C:\ST\STM32CubeIDE_1.17.0\STM32CubeIDE\plugins\com.st.stm32cube.common.mx_6.14.0.202502271554\\db\/plugins/mcufinder/images/
2025-04-11 08:23:38,043 [WARN] DbFile:41 - Overriding database path with different value: C:\Users\raj\.stmcufinder\plugins\mcufinder/ => C:\Users\raj\.stmcufinder\plugins\mcufinder
2025-04-11 08:23:38,043 [INFO] ApiDb:250 - Set database path to: C:\Users\raj\.stmcufinder\plugins\mcufinder//mcu/
2025-04-11 08:23:38,043 [WARN] DbFile:41 - Overriding database path with different value: C:\Users\raj\.stmcufinder\plugins\mcufinder/ => C:\Users\raj\.stmcufinder\plugins\mcufinder
2025-04-11 08:23:38,043 [INFO] DbMcusAds:125 - Set database path to: C:\Users\raj\.stmcufinder\plugins\mcufinder//mcu/
2025-04-11 08:23:38,043 [WARN] DbFile:41 - Overriding database path with different value: C:\Users\raj\.stmcufinder\plugins\mcufinder/ => C:\Users\raj\.stmcufinder\plugins\mcufinder
2025-04-11 08:23:38,043 [WARN] DbFile:41 - Overriding database path with different value: C:\Users\raj\.stmcufinder\plugins\mcufinder/ => C:\Users\raj\.stmcufinder\plugins\mcufinder
2025-04-11 08:23:38,043 [INFO] CrossReferenceDbSqlite:203 - Set database path to: C:\Users\raj\.stmcufinder\plugins\mcufinder//mcu/cs/
2025-04-11 08:23:38,144 [INFO] MainPanel:272 - HeapMemory: 279969792
2025-04-11 08:23:38,304 [INFO] DbMcusXml:78 - Set database path to: C:\ST\STM32CubeIDE_1.17.0\STM32CubeIDE\plugins\com.st.stm32cube.common.mx_6.14.0.202502271554\\db\/mcu/
2025-04-11 08:23:38,305 [INFO] ApiDb:274 - Set plugin database path to: C:\ST\STM32CubeIDE_1.17.0\STM32CubeIDE\plugins\com.st.stm32cube.common.mx_6.14.0.202502271554\\db\/plugins/boardmanager/
2025-04-11 08:23:38,305 [INFO] ApiDb:261 - Set plugin images path to: C:\ST\STM32CubeIDE_1.17.0\STM32CubeIDE\plugins\com.st.stm32cube.common.mx_6.14.0.202502271554\\db\/plugins/mcufinder/images/
2025-04-11 08:23:38,308 [WARN] DbFile:41 - Overriding database path with different value: C:\Users\raj\.stmcufinder\plugins\mcufinder/ => C:\Users\raj\.stmcufinder\plugins\mcufinder
2025-04-11 08:23:38,309 [INFO] ApiDb:250 - Set database path to: C:\Users\raj\.stmcufinder\plugins\mcufinder//mcu/
2025-04-11 08:23:38,309 [WARN] DbFile:41 - Overriding database path with different value: C:\Users\raj\.stmcufinder\plugins\mcufinder/ => C:\Users\raj\.stmcufinder\plugins\mcufinder
2025-04-11 08:23:38,309 [INFO] DbMcusAds:125 - Set database path to: C:\Users\raj\.stmcufinder\plugins\mcufinder//mcu/
2025-04-11 08:23:38,309 [WARN] DbFile:41 - Overriding database path with different value: C:\Users\raj\.stmcufinder\plugins\mcufinder/ => C:\Users\raj\.stmcufinder\plugins\mcufinder
2025-04-11 08:23:38,310 [WARN] DbFile:41 - Overriding database path with different value: C:\Users\raj\.stmcufinder\plugins\mcufinder/ => C:\Users\raj\.stmcufinder\plugins\mcufinder
2025-04-11 08:23:38,310 [INFO] CrossReferenceDbSqlite:203 - Set database path to: C:\Users\raj\.stmcufinder\plugins\mcufinder//mcu/cs/
2025-04-11 08:23:38,311 [ERROR] LogOutputStream:75 - [STDERR_REDIRECT] [Fatal Error] :1:1: Premature end of file.
2025-04-11 08:23:38,312 [ERROR] LogOutputStream:75 - [STDERR_REDIRECT] 
2025-04-11 08:23:38,336 [INFO] ApplicationProperties:184 - Using Application install path: C:\ST\STM32CubeIDE_1.17.0\STM32CubeIDE\plugins\com.st.stm32cube.common.mx_6.14.0.202502271554
2025-04-11 08:23:38,338 [INFO] PluginManage:196 - Search for loadable plugins [exclusion list=, ]
2025-04-11 08:23:38,339 [INFO] PluginManage:310 - Check plugin analytics
2025-04-11 08:23:38,583 [INFO] AnalyticsPlugin:253 - Accepted Software Licenses: 
2025-04-11 08:23:38,583 [INFO] AnalyticsPlugin:255 - Accepted CMSIS Pack Licenses: 
2025-04-11 08:23:38,584 [INFO] AnalyticsPlugin:257 - Accepted Firmware Licenses: 
2025-04-11 08:23:38,590 [INFO] PluginManage:359 - Loaded plugin analytics (category:tool,tabindex:-1)
2025-04-11 08:23:38,590 [INFO] PluginManage:310 - Check plugin cadmodel
2025-04-11 08:23:38,613 [INFO] CADModel:105 - Init CAD model plugin
2025-04-11 08:23:38,614 [INFO] PluginManage:359 - Loaded plugin cadmodel (category:power,tabindex:5)
2025-04-11 08:23:38,614 [INFO] PluginManage:310 - Check plugin clock
2025-04-11 08:23:38,648 [INFO] PluginManage:359 - Loaded plugin clock (category:base,tabindex:2)
2025-04-11 08:23:38,648 [INFO] PluginManage:310 - Check plugin ddr
2025-04-11 08:23:38,655 [INFO] PluginManage:359 - Loaded plugin ddr (category:tool,tabindex:6)
2025-04-11 08:23:38,656 [INFO] PluginManage:310 - Check plugin filemanager
2025-04-11 08:23:38,899 [INFO] PluginManage:359 - Loaded plugin filemanager (category:base,tabindex:10)
2025-04-11 08:23:38,899 [INFO] PluginManage:310 - Check plugin ipmanager
2025-04-11 08:23:38,908 [INFO] PluginManage:359 - Loaded plugin ipmanager (category:base,tabindex:5)
2025-04-11 08:23:38,909 [INFO] PluginManage:310 - Check plugin lpbam
2025-04-11 08:23:38,933 [INFO] PluginManage:359 - Loaded plugin lpbam (category:base,tabindex:0)
2025-04-11 08:23:38,933 [INFO] PluginManage:310 - Check plugin memorymap
2025-04-11 08:23:38,973 [INFO] PluginManage:359 - Loaded plugin memorymap (category:base,tabindex:4)
2025-04-11 08:23:38,974 [INFO] PluginManage:310 - Check plugin pinoutandconfiguration
2025-04-11 08:23:39,005 [INFO] PluginManage:359 - Loaded plugin pinoutandconfiguration (category:base,tabindex:1)
2025-04-11 08:23:39,005 [INFO] PluginManage:310 - Check plugin pinoutconfig
2025-04-11 08:23:39,096 [WARN] SupportedApi:132 - Cannot load RTOS API schema: s4s-elt-must-match.1: The content of 'definitions' must match (annotation?, (simpleType | complexType)?, (unique | key | keyref)*)). A problem was found starting at: attribute.
2025-04-11 08:23:39,288 [ERROR] LogOutputStream:75 - [STDERR_REDIRECT] [Fatal Error] :1:1: Premature end of file.
2025-04-11 08:23:39,289 [ERROR] LogOutputStream:75 - [STDERR_REDIRECT] 
2025-04-11 08:23:39,354 [INFO] PluginManage:359 - Loaded plugin pinoutconfig (category:base,tabindex:0)
2025-04-11 08:23:39,355 [INFO] PluginManage:310 - Check plugin power
2025-04-11 08:23:39,381 [INFO] PluginManage:359 - Loaded plugin power (category:power,tabindex:4)
2025-04-11 08:23:39,382 [INFO] PluginManage:310 - Check plugin projectmanager
2025-04-11 08:23:39,397 [INFO] PluginManage:359 - Loaded plugin projectmanager (category:projectmanager,tabindex:4)
2025-04-11 08:23:39,398 [INFO] PluginManage:310 - Check plugin rif
2025-04-11 08:23:39,417 [INFO] PluginManage:359 - Loaded plugin rif (category:base,tabindex:3)
2025-04-11 08:23:39,417 [INFO] PluginManage:310 - Check plugin thirdparty
2025-04-11 08:23:39,792 [INFO] PluginManage:359 - Loaded plugin thirdparty (category:base,tabindex:-1)
2025-04-11 08:23:39,792 [WARN] IntegrityCheckThread:84 - waiting for thirdparty lock release [integrity check]
2025-04-11 08:23:39,792 [INFO] PluginManage:310 - Check plugin tools
2025-04-11 08:23:39,792 [INFO] IntegrityCheckThread:86 - entering critical section [integrity check]
2025-04-11 08:23:39,794 [INFO] ThirdPartyUpdaterWithRetryManager:70 - Updater plugin not ready yet. [1/15]
2025-04-11 08:23:39,837 [INFO] PluginManage:359 - Loaded plugin tools (category:base,tabindex:7)
2025-04-11 08:23:39,837 [INFO] PluginManage:310 - Check plugin tutovideos
2025-04-11 08:23:40,037 [INFO] PluginManage:359 - Loaded plugin tutovideos (category:base,tabindex:-1)
2025-04-11 08:23:40,037 [INFO] PluginManage:310 - Check plugin updater
2025-04-11 08:23:40,056 [INFO] PluginManage:359 - Loaded plugin updater (category:base,tabindex:12)
2025-04-11 08:23:40,056 [INFO] PluginManage:310 - Check plugin userauth
2025-04-11 08:23:40,060 [INFO] UserAuth:118 - Init User Auth plugin
2025-04-11 08:23:40,061 [INFO] PluginManage:359 - Loaded plugin userauth (category:base,tabindex:14)
2025-04-11 08:23:40,062 [INFO] PluginManage:283 - PluginManage : Loaded plugins [18]
2025-04-11 08:23:40,272 [INFO] PinOutPanel:1589 - setPackage(No Configuration,No Configuration)
2025-04-11 08:23:40,298 [ERROR] LogOutputStream:75 - [STDERR_REDIRECT] [Fatal Error] :1:1: Premature end of file.
2025-04-11 08:23:40,299 [ERROR] LogOutputStream:75 - [STDERR_REDIRECT] 
2025-04-11 08:23:40,369 [INFO] CADModel:165 - CPN selected for project level
2025-04-11 08:23:40,369 [INFO] CADModel:114 - Register for checkConnection events
2025-04-11 08:23:40,401 [INFO] IPUIPlugin:80 - create IPUIPlugin
2025-04-11 08:23:40,402 [INFO] PluginManager:220 - loadIPPluginJar : add adc
2025-04-11 08:23:40,445 [INFO] IPUIPlugin:80 - create IPUIPlugin
2025-04-11 08:23:40,446 [INFO] PluginManager:220 - loadIPPluginJar : add aes
2025-04-11 08:23:40,497 [INFO] IPUIPlugin:80 - create IPUIPlugin
2025-04-11 08:23:40,497 [INFO] PluginManager:220 - loadIPPluginJar : add can
2025-04-11 08:23:40,529 [INFO] IPUIPlugin:80 - create IPUIPlugin
2025-04-11 08:23:40,529 [INFO] PluginManager:220 - loadIPPluginJar : add comp
2025-04-11 08:23:40,568 [INFO] IPUIPlugin:80 - create IPUIPlugin
2025-04-11 08:23:40,568 [INFO] PluginManager:220 - loadIPPluginJar : add cryp
2025-04-11 08:23:40,581 [INFO] IPUIPlugin:80 - create IPUIPlugin
2025-04-11 08:23:40,581 [INFO] PluginManager:220 - loadIPPluginJar : add ddr_ctrl_phy
2025-04-11 08:23:40,612 [INFO] IPUIPlugin:80 - create IPUIPlugin
2025-04-11 08:23:40,612 [INFO] PluginManager:220 - loadIPPluginJar : add dfsdm
2025-04-11 08:23:40,625 [INFO] IPUIPlugin:80 - create IPUIPlugin
2025-04-11 08:23:40,625 [INFO] PluginManager:220 - loadIPPluginJar : add dma
2025-04-11 08:23:40,673 [INFO] IPUIPlugin:80 - create IPUIPlugin
2025-04-11 08:23:40,673 [INFO] PluginManager:220 - loadIPPluginJar : add dma3
2025-04-11 08:23:40,730 [INFO] IPUIPlugin:80 - create IPUIPlugin
2025-04-11 08:23:40,730 [INFO] PluginManager:220 - loadIPPluginJar : add extmemmanager
2025-04-11 08:23:40,766 [INFO] IPUIPlugin:80 - create IPUIPlugin
2025-04-11 08:23:40,766 [INFO] PluginManager:220 - loadIPPluginJar : add fatfs
2025-04-11 08:23:40,820 [INFO] IPUIPlugin:80 - create IPUIPlugin
2025-04-11 08:23:40,820 [INFO] PluginManager:220 - loadIPPluginJar : add fmc
2025-04-11 08:23:40,847 [INFO] IPUIPlugin:80 - create IPUIPlugin
2025-04-11 08:23:40,847 [INFO] PluginManager:220 - loadIPPluginJar : add freertos
2025-04-11 08:23:40,875 [INFO] IPUIPlugin:80 - create IPUIPlugin
2025-04-11 08:23:40,876 [INFO] PluginManager:220 - loadIPPluginJar : add genericplugin
2025-04-11 08:23:41,012 [INFO] IPUIPlugin:80 - create IPUIPlugin
2025-04-11 08:23:41,013 [INFO] PluginManager:220 - loadIPPluginJar : add gfxmmu
2025-04-11 08:23:41,155 [INFO] IPUIPlugin:80 - create IPUIPlugin
2025-04-11 08:23:41,155 [INFO] PluginManager:220 - loadIPPluginJar : add gic
2025-04-11 08:23:41,173 [INFO] IPUIPlugin:80 - create IPUIPlugin
2025-04-11 08:23:41,173 [INFO] PluginManager:220 - loadIPPluginJar : add gpio
2025-04-11 08:23:41,274 [INFO] IPUIPlugin:80 - create IPUIPlugin
2025-04-11 08:23:41,275 [INFO] PluginManager:220 - loadIPPluginJar : add gtzc
2025-04-11 08:23:41,283 [ERROR] LogOutputStream:75 - [STDERR_REDIRECT] [Fatal Error] :1:1: Premature end of file.
2025-04-11 08:23:41,283 [ERROR] LogOutputStream:75 - [STDERR_REDIRECT] 
2025-04-11 08:23:41,311 [INFO] IPUIPlugin:80 - create IPUIPlugin
2025-04-11 08:23:41,312 [INFO] PluginManager:220 - loadIPPluginJar : add hash
2025-04-11 08:23:41,368 [INFO] IPUIPlugin:80 - create IPUIPlugin
2025-04-11 08:23:41,368 [INFO] PluginManager:220 - loadIPPluginJar : add i2c
2025-04-11 08:23:41,427 [INFO] IPUIPlugin:80 - create IPUIPlugin
2025-04-11 08:23:41,427 [INFO] PluginManager:220 - loadIPPluginJar : add i2s
2025-04-11 08:23:41,477 [INFO] IPUIPlugin:80 - create IPUIPlugin
2025-04-11 08:23:41,478 [INFO] PluginManager:220 - loadIPPluginJar : add i3c
2025-04-11 08:23:41,604 [INFO] IPUIPlugin:80 - create IPUIPlugin
2025-04-11 08:23:41,604 [INFO] PluginManager:220 - loadIPPluginJar : add ipddr
2025-04-11 08:23:41,698 [INFO] IPUIPlugin:80 - create IPUIPlugin
2025-04-11 08:23:41,698 [INFO] PluginManager:220 - loadIPPluginJar : add linkedlist
2025-04-11 08:23:41,735 [INFO] IPUIPlugin:80 - create IPUIPlugin
2025-04-11 08:23:41,735 [INFO] PluginManager:220 - loadIPPluginJar : add lorawan
2025-04-11 08:23:41,771 [INFO] IPUIPlugin:80 - create IPUIPlugin
2025-04-11 08:23:41,771 [INFO] PluginManager:220 - loadIPPluginJar : add ltdc
2025-04-11 08:23:41,785 [INFO] IPUIPlugin:80 - create IPUIPlugin
2025-04-11 08:23:41,785 [INFO] PluginManager:220 - loadIPPluginJar : add mdma
2025-04-11 08:23:41,798 [INFO] IPUIPlugin:80 - create IPUIPlugin
2025-04-11 08:23:41,798 [INFO] PluginManager:220 - loadIPPluginJar : add nvic
2025-04-11 08:23:41,848 [INFO] IPUIPlugin:80 - create IPUIPlugin
2025-04-11 08:23:41,848 [INFO] PluginManager:220 - loadIPPluginJar : add opamp
2025-04-11 08:23:41,916 [INFO] IPUIPlugin:80 - create IPUIPlugin
2025-04-11 08:23:41,916 [INFO] PluginManager:220 - loadIPPluginJar : add openamp
2025-04-11 08:23:42,012 [INFO] IPUIPlugin:80 - create IPUIPlugin
2025-04-11 08:23:42,012 [INFO] PluginManager:220 - loadIPPluginJar : add pdm2pcm
2025-04-11 08:23:42,029 [INFO] IPUIPlugin:80 - create IPUIPlugin
2025-04-11 08:23:42,030 [INFO] PluginManager:220 - loadIPPluginJar : add plateformsettings
2025-04-11 08:23:42,065 [INFO] IPUIPlugin:80 - create IPUIPlugin
2025-04-11 08:23:42,065 [INFO] PluginManager:220 - loadIPPluginJar : add quadspi
2025-04-11 08:23:42,108 [INFO] IPUIPlugin:80 - create IPUIPlugin
2025-04-11 08:23:42,109 [INFO] PluginManager:220 - loadIPPluginJar : add radio
2025-04-11 08:23:42,134 [INFO] IPUIPlugin:80 - create IPUIPlugin
2025-04-11 08:23:42,134 [INFO] PluginManager:220 - loadIPPluginJar : add resmgrutility
2025-04-11 08:23:42,236 [INFO] IPUIPlugin:80 - create IPUIPlugin
2025-04-11 08:23:42,236 [INFO] PluginManager:220 - loadIPPluginJar : add sai
2025-04-11 08:23:42,311 [ERROR] LogOutputStream:75 - [STDERR_REDIRECT] [Fatal Error] :1:1: Premature end of file.
2025-04-11 08:23:42,312 [ERROR] LogOutputStream:75 - [STDERR_REDIRECT] 
2025-04-11 08:23:42,324 [INFO] IPUIPlugin:80 - create IPUIPlugin
2025-04-11 08:23:42,325 [INFO] PluginManager:220 - loadIPPluginJar : add spi
2025-04-11 08:23:42,426 [INFO] IPUIPlugin:80 - create IPUIPlugin
2025-04-11 08:23:42,426 [INFO] PluginManager:220 - loadIPPluginJar : add stm32_wpan
2025-04-11 08:23:42,454 [INFO] IPUIPlugin:80 - create IPUIPlugin
2025-04-11 08:23:42,454 [INFO] PluginManager:220 - loadIPPluginJar : add tim
2025-04-11 08:23:42,526 [INFO] IPUIPlugin:80 - create IPUIPlugin
2025-04-11 08:23:42,526 [INFO] PluginManager:220 - loadIPPluginJar : add touchsensing
2025-04-11 08:23:42,551 [INFO] IPUIPlugin:80 - create IPUIPlugin
2025-04-11 08:23:42,552 [INFO] PluginManager:220 - loadIPPluginJar : add tracer_emb
2025-04-11 08:23:42,583 [INFO] IPUIPlugin:80 - create IPUIPlugin
2025-04-11 08:23:42,583 [INFO] PluginManager:220 - loadIPPluginJar : add ts
2025-04-11 08:23:42,628 [INFO] IPUIPlugin:80 - create IPUIPlugin
2025-04-11 08:23:42,628 [INFO] PluginManager:220 - loadIPPluginJar : add tsc
2025-04-11 08:23:42,669 [INFO] IPUIPlugin:80 - create IPUIPlugin
2025-04-11 08:23:42,669 [INFO] PluginManager:220 - loadIPPluginJar : add ucpd
2025-04-11 08:23:42,715 [INFO] IPUIPlugin:80 - create IPUIPlugin
2025-04-11 08:23:42,715 [INFO] PluginManager:220 - loadIPPluginJar : add usart
2025-04-11 08:23:42,770 [INFO] IPUIPlugin:80 - create IPUIPlugin
2025-04-11 08:23:42,770 [INFO] PluginManager:220 - loadIPPluginJar : add usbx
2025-04-11 08:23:42,794 [INFO] ThirdPartyUpdaterWithRetryManager:70 - Updater plugin not ready yet. [2/15]
2025-04-11 08:23:42,891 [FATAL] Updater:351 - Updater called before beeing initialized
2025-04-11 08:23:42,926 [INFO] RulesReader:64 - Compatibility file has been processed (301 Rules)
2025-04-11 08:23:42,960 [INFO] RulesReader:64 - Compatibility file has been processed (301 Rules)
2025-04-11 08:23:42,981 [INFO] CADModel:165 - CPN selected for project level
2025-04-11 08:23:42,981 [INFO] CADModel:114 - Register for checkConnection events
2025-04-11 08:23:42,982 [FATAL] Updater:351 - Updater called before beeing initialized
2025-04-11 08:23:42,982 [ERROR] CADModel:125 - Updater not yet initialized, retry later 
2025-04-11 08:23:43,128 [FATAL] Updater:351 - Updater called before beeing initialized
2025-04-11 08:23:43,130 [INFO] CADModel:165 - CPN selected for project level
2025-04-11 08:23:43,130 [INFO] CADModel:114 - Register for checkConnection events
2025-04-11 08:23:43,131 [FATAL] Updater:351 - Updater called before beeing initialized
2025-04-11 08:23:43,131 [ERROR] CADModel:125 - Updater not yet initialized, retry later 
2025-04-11 08:23:43,133 [FATAL] Updater:351 - Updater called before beeing initialized
2025-04-11 08:23:43,217 [FATAL] Updater:351 - Updater called before beeing initialized
2025-04-11 08:23:43,226 [INFO] DbMcusAds:53 - JSON generation date=Thu Mar 06 15:54:21 CET 2025 (1741272861825)
2025-04-11 08:23:43,226 [FATAL] Updater:351 - Updater called before beeing initialized
2025-04-11 08:23:43,257 [WARN] DetailPanel:346 - Failed to get advertising image, set to default
2025-04-11 08:23:43,290 [ERROR] LogOutputStream:75 - [STDERR_REDIRECT] [Fatal Error] :1:1: Premature end of file.
2025-04-11 08:23:43,291 [ERROR] LogOutputStream:75 - [STDERR_REDIRECT] 
2025-04-11 08:23:43,427 [FATAL] Updater:351 - Updater called before beeing initialized
2025-04-11 08:23:43,428 [FATAL] Updater:351 - Updater called before beeing initialized
2025-04-11 08:23:43,428 [FATAL] Updater:351 - Updater called before beeing initialized
2025-04-11 08:23:43,429 [WARN] DetailPanel:346 - Failed to get advertising image, set to default
2025-04-11 08:23:43,429 [FATAL] Updater:351 - Updater called before beeing initialized
2025-04-11 08:23:43,482 [ERROR] Updater:1198 - MainUpdater not yet initialized. External WinMGr cannot be set.
2025-04-11 08:23:43,493 [INFO] Updater:1134 - Updater Version found : 6.14.0
2025-04-11 08:23:43,518 [INFO] ApplicationProperties:184 - Using Application install path: C:\ST\STM32CubeIDE_1.17.0\STM32CubeIDE\plugins\com.st.stm32cube.common.mx_6.14.0.202502271554
2025-04-11 08:23:44,285 [ERROR] LogOutputStream:75 - [STDERR_REDIRECT] [Fatal Error] :1:1: Premature end of file.
2025-04-11 08:23:44,285 [ERROR] LogOutputStream:75 - [STDERR_REDIRECT] 
2025-04-11 08:23:45,132 [ERROR] LogOutputStream:75 - [STDERR_REDIRECT] Apr 11, 2025 8:23:45 AM java.util.prefs.WindowsPreferences <init>
2025-04-11 08:23:45,138 [ERROR] LogOutputStream:75 - [STDERR_REDIRECT] WARNING: Could not open/create prefs root node Software\JavaSoft\Prefs at root 0xffffffff80000002. Windows RegCreateKeyEx(...) returned error code 5.
2025-04-11 08:23:45,138 [ERROR] LogOutputStream:75 - [STDERR_REDIRECT] 
2025-04-11 08:23:45,288 [ERROR] LogOutputStream:75 - [STDERR_REDIRECT] [Fatal Error] :1:1: Premature end of file.
2025-04-11 08:23:45,288 [ERROR] LogOutputStream:75 - [STDERR_REDIRECT] 
2025-04-11 08:23:45,795 [FATAL] Updater:351 - Updater called before beeing initialized
2025-04-11 08:23:45,796 [ERROR] IntegrityCheckThread:130 - Cannot retrieve database content from updater: error 21
2025-04-11 08:23:45,796 [INFO] ThirdParty:978 - Integrity check success = false
2025-04-11 08:23:45,796 [INFO] IntegrityCheckThread:100 - exiting critical section [integrity check]
2025-04-11 08:23:45,796 [INFO] IntegrityCheckThread:103 - End integrity checks thread
2025-04-11 08:23:46,307 [ERROR] LogOutputStream:75 - [STDERR_REDIRECT] [Fatal Error] :1:1: Premature end of file.
2025-04-11 08:23:46,307 [ERROR] LogOutputStream:75 - [STDERR_REDIRECT] 
2025-04-11 08:23:46,635 [INFO] MainUpdater:2872 - connection check result : 10
2025-04-11 08:23:46,636 [INFO] MainUpdater:289 - Updater Check For Update Now.
2025-04-11 08:23:46,637 [INFO] MicroXplorer:498 - Change Database Version : DB.6.0.140
2025-04-11 08:23:46,688 [INFO] McuFinderGlobals:63 - Set McuFinder mode to 2 (CubeIDE integrated)
2025-04-11 08:23:46,701 [INFO] UserAuth:486 - Internet connection configuration mode: 1
2025-04-11 08:23:46,756 [INFO] JxBrowserEngine:152 - Initiate JxBrowser Engine with user profile folder
2025-04-11 08:23:46,874 [INFO] CheckServerUpdateThread:120 - End of CheckServer Thread
2025-04-11 08:23:47,309 [ERROR] LogOutputStream:75 - [STDERR_REDIRECT] [Fatal Error] :1:1: Premature end of file.
2025-04-11 08:23:47,310 [ERROR] LogOutputStream:75 - [STDERR_REDIRECT] 
2025-04-11 08:23:47,734 [INFO] WebApp:169 - Instantiating new browser for Auth
2025-04-11 08:23:48,348 [ERROR] LogOutputStream:75 - [STDERR_REDIRECT] [Fatal Error] :1:1: Premature end of file.
2025-04-11 08:23:48,348 [ERROR] LogOutputStream:75 - [STDERR_REDIRECT] 
2025-04-11 08:23:48,824 [INFO] WebApp:463 - Apply proxy settings
2025-04-11 08:23:48,825 [INFO] WebApp:548 - Chromium requires no authentication
2025-04-11 08:23:48,837 [INFO] WebApp:491 - Direct internet connection detected
2025-04-11 08:23:48,871 [INFO] WebApp:894 - Register for checkConnection events
2025-04-11 08:23:48,871 [INFO] WebApp:463 - Apply proxy settings
2025-04-11 08:23:48,871 [INFO] WebApp:548 - Chromium requires no authentication
2025-04-11 08:23:48,872 [INFO] WebApp:491 - Direct internet connection detected
2025-04-11 08:23:49,287 [ERROR] LogOutputStream:75 - [STDERR_REDIRECT] [Fatal Error] :1:1: Premature end of file.
2025-04-11 08:23:49,288 [ERROR] LogOutputStream:75 - [STDERR_REDIRECT] 
2025-04-11 08:23:49,473 [INFO] WebApp:225 - Starting web application
2025-04-11 08:23:49,474 [INFO] WebApp:593 - Web application path used C:\ST\STM32CubeIDE_1.17.0\STM32CubeIDE\plugins\com.st.stm32cube.common.mx_6.14.0.202502271554\db\plugins\mcufinder\reactClient1\index.html
2025-04-11 08:23:49,667 [INFO] UserAuth:486 - Internet connection configuration mode: 1
2025-04-11 08:23:50,184 [INFO] WebApp:191 - Connection restablished
2025-04-11 08:23:50,297 [ERROR] LogOutputStream:75 - [STDERR_REDIRECT] [Fatal Error] :1:1: Premature end of file.
2025-04-11 08:23:50,297 [ERROR] LogOutputStream:75 - [STDERR_REDIRECT] 
2025-04-11 08:23:51,336 [ERROR] LogOutputStream:75 - [STDERR_REDIRECT] [Fatal Error] :1:1: Premature end of file.
2025-04-11 08:23:51,336 [ERROR] LogOutputStream:75 - [STDERR_REDIRECT] 
2025-04-11 08:23:52,284 [ERROR] LogOutputStream:75 - [STDERR_REDIRECT] [Fatal Error] :1:1: Premature end of file.
2025-04-11 08:23:52,284 [ERROR] LogOutputStream:75 - [STDERR_REDIRECT] 
2025-04-11 08:23:53,290 [ERROR] LogOutputStream:75 - [STDERR_REDIRECT] [Fatal Error] :1:1: Premature end of file.
2025-04-11 08:23:53,290 [ERROR] LogOutputStream:75 - [STDERR_REDIRECT] 
2025-04-11 08:23:53,471 [INFO] McuFinderGlobals:63 - Set McuFinder mode to 2 (CubeIDE integrated)
2025-04-11 08:23:53,530 [INFO] MainUpdater:2872 - connection check result : 10
2025-04-11 08:23:53,545 [INFO] MainUpdater:2872 - connection check result : 10
2025-04-11 08:23:53,851 [INFO] MicroXplorer:468 - Change Database Path : 
2025-04-11 08:23:53,852 [INFO] MicroXplorer:498 - Change Database Version : DB.6.0.140
2025-04-11 08:23:53,857 [WARN] ThirdParty:871 - waiting for thirdparty lock release [close project]
2025-04-11 08:23:53,857 [INFO] ThirdParty:873 - entering critical section [close project]
2025-04-11 08:23:53,858 [INFO] ThirdParty:883 - exiting critical section [close project]
2025-04-11 08:23:53,859 [INFO] PinOutPanel:1589 - setPackage(No Configuration,No Configuration)
2025-04-11 08:23:53,862 [INFO] UtilMem:75 - Begin LoadConfig() Used Memory: 231618296 Bytes (295698432)
2025-04-11 08:23:53,863 [INFO] MicroXplorer:468 - Change Database Path : 
2025-04-11 08:23:53,863 [INFO] MicroXplorer:498 - Change Database Version : DB.6.0.140
2025-04-11 08:23:53,863 [INFO] OpenFileManager:354 - Change cursor
2025-04-11 08:23:53,874 [WARN] IntegrityCheckThread:84 - waiting for thirdparty lock release [integrity check]
2025-04-11 08:23:53,874 [INFO] IntegrityCheckThread:86 - entering critical section [integrity check]
2025-04-11 08:23:54,214 [WARN] PackLoader:240 - Cannot read IP mode file for STMicroelectronics.FP-SNS-MOTENVWB1.1.4.0
2025-04-11 08:23:54,241 [WARN] PackLoader:240 - Cannot read IP mode file for STMicroelectronics.FP-ATR-ASTRA1.2.0.2
2025-04-11 08:23:54,267 [WARN] PackLoader:240 - Cannot read IP mode file for STMicroelectronics.FP-ATR-ASTRA1.2.0.1
2025-04-11 08:23:54,289 [WARN] PackLoader:240 - Cannot read IP mode file for STMicroelectronics.X-CUBE-SMBUS.2.1.0
2025-04-11 08:23:54,300 [ERROR] LogOutputStream:75 - [STDERR_REDIRECT] [Fatal Error] :1:1: Premature end of file.
2025-04-11 08:23:54,300 [ERROR] LogOutputStream:75 - [STDERR_REDIRECT] 
2025-04-11 08:23:54,314 [WARN] PackLoader:240 - Cannot read IP mode file for STMicroelectronics.X-CUBE-WB05N.1.1.0
2025-04-11 08:23:54,361 [WARN] PackLoader:240 - Cannot read IP mode file for STMicroelectronics.X-CUBE-AZRTOS-F7.1.1.0
2025-04-11 08:23:54,415 [WARN] PackLoader:240 - Cannot read IP mode file for STMicroelectronics.X-CUBE-MEMS1.11.0.0
2025-04-11 08:23:54,503 [WARN] PackLoader:240 - Cannot read IP mode file for STMicroelectronics.FP-SNS-FLIGHT1.5.0.2
2025-04-11 08:23:54,528 [WARN] PackLoader:240 - Cannot read IP mode file for Infineon.AIROC-Wi-Fi-Bluetooth-STM32.1.7.0
2025-04-11 08:23:54,544 [WARN] PackLoader:240 - Cannot read IP mode file for STMicroelectronics.X-CUBE-DISPLAY.3.0.0
2025-04-11 08:23:54,561 [WARN] PackLoader:240 - Cannot read IP mode file for STMicroelectronics.X-CUBE-BLE1.7.0.0
2025-04-11 08:23:54,575 [WARN] PackLoader:240 - Cannot read IP mode file for STMicroelectronics.X-CUBE-NFC10.1.0.0
2025-04-11 08:23:54,592 [WARN] PackLoader:240 - Cannot read IP mode file for STMicroelectronics.X-CUBE-BLEMGR.4.0.0
2025-04-11 08:23:54,608 [WARN] PackLoader:240 - Cannot read IP mode file for emotas.I-CUBE-CANOPEN.1.3.0
2025-04-11 08:23:54,625 [WARN] PackLoader:240 - Cannot read IP mode file for STMicroelectronics.X-CUBE-BLEMGR.3.1.0
2025-04-11 08:23:54,639 [WARN] PackLoader:240 - Cannot read IP mode file for STMicroelectronics.X-CUBE-AI.10.0.0
2025-04-11 08:23:54,654 [WARN] PackLoader:240 - Cannot read IP mode file for STMicroelectronics.FP-SNS-SMARTAG2.1.2.0
2025-04-11 08:23:54,668 [WARN] PackLoader:240 - Cannot read IP mode file for STMicroelectronics.FP-SNS-FLIGHT1.5.1.0
2025-04-11 08:23:54,711 [WARN] PackLoader:240 - Cannot read IP mode file for STMicroelectronics.X-CUBE-MEMS1.11.1.0
2025-04-11 08:23:54,814 [INFO] LogOutputStream:77 - [STDOUT_REDIRECT] 1 : Invalid condition id : UX_CORESTACK_Condition cause : null
2025-04-11 08:23:54,814 [INFO] LogOutputStream:77 - [STDOUT_REDIRECT] 1 : Invalid condition id : UX_CORESTACK_Condition cause : null
2025-04-11 08:23:54,815 [INFO] LogOutputStream:77 - [STDOUT_REDIRECT] 1 : Invalid condition id : UX_CORESTACK_Condition cause : null
2025-04-11 08:23:54,815 [INFO] LogOutputStream:77 - [STDOUT_REDIRECT] 1 : Invalid condition id : UX_CORESTACK_Condition cause : null
2025-04-11 08:23:54,816 [INFO] LogOutputStream:77 - [STDOUT_REDIRECT] 1 : Invalid condition id : UX_CORESTACK_Condition cause : null
2025-04-11 08:23:54,817 [WARN] PackLoader:240 - Cannot read IP mode file for STMicroelectronics.X-CUBE-AZRTOS-WL.2.0.0
2025-04-11 08:23:54,831 [WARN] PackLoader:240 - Cannot read IP mode file for STMicroelectronics.FP-SNS-MOTENV1.5.0.0
2025-04-11 08:23:54,841 [WARN] PackLoader:240 - Cannot read IP mode file for wolfSSL.I-CUBE-wolfMQTT.1.19.0
2025-04-11 08:23:54,853 [WARN] PackLoader:240 - Cannot read IP mode file for WES.I-CUBE-Cesium.1.3.0
2025-04-11 08:23:54,864 [WARN] PackLoader:240 - Cannot read IP mode file for STMicroelectronics.X-CUBE-BLE2.3.3.0
2025-04-11 08:23:54,881 [WARN] PackLoader:240 - Cannot read IP mode file for STMicroelectronics.X-CUBE-NFC9.1.0.0
2025-04-11 08:23:54,895 [WARN] PackLoader:240 - Cannot read IP mode file for STMicroelectronics.X-CUBE-BLE1.7.1.0
2025-04-11 08:23:54,911 [WARN] PackLoader:240 - Cannot read IP mode file for STMicroelectronics.X-CUBE-TCPP.4.1.0
2025-04-11 08:23:54,934 [WARN] PackLoader:240 - Cannot read IP mode file for STMicroelectronics.X-CUBE-AZRTOS-G0.1.1.0
2025-04-11 08:23:54,948 [WARN] PackLoader:240 - Cannot read IP mode file for STMicroelectronics.X-CUBE-SAFEA1.1.2.2
2025-04-11 08:23:54,966 [WARN] PackLoader:240 - Cannot read IP mode file for STMicroelectronics.X-CUBE-NFC4.3.0.0
2025-04-11 08:23:54,982 [WARN] PackLoader:240 - Cannot read IP mode file for EmbeddedOffice.I-CUBE-FS-RTOS.1.0.1
2025-04-11 08:23:54,995 [WARN] PackLoader:240 - Cannot read IP mode file for STMicroelectronics.X-CUBE-TCPP.4.2.0
2025-04-11 08:23:55,007 [WARN] PackLoader:240 - Cannot read IP mode file for RealThread.X-CUBE-RT-Thread_Nano.4.1.1
2025-04-11 08:23:55,018 [WARN] PackLoader:240 - Cannot read IP mode file for STMicroelectronics.FP-ATR-SIGFOX1.3.2.0
2025-04-11 08:23:55,031 [WARN] ConditionMgr:438 - getConditionDescription Invalid condition id : Cortex-A Device cause : null
2025-04-11 08:23:55,055 [WARN] ConditionMgr:1044 - genDependencies : Invalid condition id : Cortex-A Device cause : null
2025-04-11 08:23:55,055 [WARN] ConditionMgr:1044 - genDependencies : Invalid condition id : Cortex-A Device cause : null
2025-04-11 08:23:55,055 [WARN] ConditionMgr:1044 - genDependencies : Invalid condition id : Cortex-A Device cause : null
2025-04-11 08:23:55,070 [WARN] PackLoader:240 - Cannot read IP mode file for STMicroelectronics.X-CUBE-EEPRMA1.5.1.0
2025-04-11 08:23:55,084 [WARN] PackLoader:240 - Cannot read IP mode file for wolfSSL.I-CUBE-wolfSSL.5.7.4
2025-04-11 08:23:55,097 [WARN] PackLoader:240 - Cannot read IP mode file for ITTIA_DB.I-CUBE-ITTIADB.8.9.0
2025-04-11 08:23:55,120 [WARN] PackLoader:240 - Cannot read IP mode file for SEGGER.I-CUBE-embOS.1.3.1
2025-04-11 08:23:55,147 [WARN] PackLoader:240 - Cannot read IP mode file for STMicroelectronics.X-CUBE-ALGOBUILD.1.4.0
2025-04-11 08:23:55,160 [WARN] PackLoader:240 - Cannot read IP mode file for STMicroelectronics.X-CUBE-AI.9.1.0
2025-04-11 08:23:55,182 [WARN] PackLoader:240 - Cannot read IP mode file for STMicroelectronics.X-CUBE-AZRTOS-F4.1.1.0
2025-04-11 08:23:55,196 [WARN] PackLoader:240 - Cannot read IP mode file for STMicroelectronics.X-CUBE-ISPU.2.1.0
2025-04-11 08:23:55,209 [WARN] PackLoader:240 - Cannot read IP mode file for STMicroelectronics.X-CUBE-FREERTOS.1.2.0
2025-04-11 08:23:55,234 [WARN] PackLoader:240 - Cannot read IP mode file for STMicroelectronics.X-CUBE-AZRTOS-L5.2.0.0
2025-04-11 08:23:55,256 [WARN] PackLoader:240 - Cannot read IP mode file for STMicroelectronics.X-CUBE-NFC6.3.1.0
2025-04-11 08:23:55,283 [WARN] PackLoader:240 - Cannot read IP mode file for STMicroelectronics.X-CUBE-DPower.1.2.0
2025-04-11 08:23:55,295 [ERROR] LogOutputStream:75 - [STDERR_REDIRECT] [Fatal Error] :1:1: Premature end of file.
2025-04-11 08:23:55,295 [ERROR] LogOutputStream:75 - [STDERR_REDIRECT] 
2025-04-11 08:23:55,299 [WARN] PackLoader:240 - Cannot read IP mode file for STMicroelectronics.X-CUBE-FREERTOS.1.3.0
2025-04-11 08:23:55,315 [WARN] PackLoader:240 - Cannot read IP mode file for STMicroelectronics.X-CUBE-NFC7.1.0.1
2025-04-11 08:23:55,328 [WARN] PackLoader:240 - Cannot read IP mode file for STMicroelectronics.X-CUBE-DPower.1.3.0
2025-04-11 08:23:55,349 [WARN] ConditionMgr:438 - getConditionDescription Invalid condition id : LAN8742 Phy interface Condition cause : null
2025-04-11 08:23:55,349 [WARN] PackLoader:240 - Cannot read IP mode file for STMicroelectronics.X-CUBE-AZRTOS-L4.2.0.0
2025-04-11 08:23:55,350 [WARN] ConditionMgr:1044 - genDependencies : Invalid condition id : LAN8742 Phy interface Condition cause : null
2025-04-11 08:23:55,350 [WARN] ConditionMgr:1044 - genDependencies : Invalid condition id : LAN8742 Phy interface Condition cause : null
2025-04-11 08:23:55,350 [WARN] ConditionMgr:1044 - genDependencies : Invalid condition id : LAN8742 Phy interface Condition cause : null
2025-04-11 08:23:55,369 [WARN] PackLoader:240 - Cannot read IP mode file for STMicroelectronics.X-CUBE-SFXS2LP1.4.0.0
2025-04-11 08:23:55,398 [WARN] PackLoader:240 - Cannot read IP mode file for STMicroelectronics.X-CUBE-AZRTOS-H7.3.3.0
2025-04-11 08:23:55,419 [WARN] PackLoader:240 - Cannot read IP mode file for STMicroelectronics.X-CUBE-IPS.3.0.0
2025-04-11 08:23:55,442 [WARN] ConditionMgr:438 - getConditionDescription Invalid condition id : UX DEVICE CLASS RTOS Condition cause : null
2025-04-11 08:23:55,442 [WARN] ConditionMgr:438 - getConditionDescription Invalid condition id : UX DEVICE CLASS RTOS Condition cause : null
2025-04-11 08:23:55,443 [WARN] PackLoader:240 - Cannot read IP mode file for STMicroelectronics.X-CUBE-AZRTOS-WB.2.0.0
2025-04-11 08:23:55,444 [WARN] ConditionMgr:1044 - genDependencies : Invalid condition id : UX DEVICE CLASS RTOS Condition cause : null
2025-04-11 08:23:55,444 [WARN] ConditionMgr:1044 - genDependencies : Invalid condition id : UX DEVICE CLASS RTOS Condition cause : null
2025-04-11 08:23:55,444 [WARN] ConditionMgr:1044 - genDependencies : Invalid condition id : UX DEVICE CLASS RTOS Condition cause : null
2025-04-11 08:23:55,444 [WARN] ConditionMgr:1044 - genDependencies : Invalid condition id : UX DEVICE CLASS RTOS Condition cause : null
2025-04-11 08:23:55,444 [WARN] ConditionMgr:1044 - genDependencies : Invalid condition id : UX DEVICE CLASS RTOS Condition cause : null
2025-04-11 08:23:55,460 [WARN] PackLoader:240 - Cannot read IP mode file for STMicroelectronics.X-CUBE-GNSS1.7.0.0
2025-04-11 08:23:55,475 [WARN] PackLoader:240 - Cannot read IP mode file for STMicroelectronics.X-CUBE-GNSS1.7.0.1
2025-04-11 08:23:55,495 [WARN] PackLoader:240 - Cannot read IP mode file for STMicroelectronics.X-CUBE-TOUCHGFX.4.25.0
2025-04-11 08:23:55,509 [WARN] PackLoader:240 - Cannot read IP mode file for STMicroelectronics.FP-SNS-STBOX1.2.0.0
2025-04-11 08:23:55,524 [WARN] PackLoader:240 - Cannot read IP mode file for STMicroelectronics.X-CUBE-SUBG2.5.0.0
2025-04-11 08:23:55,554 [WARN] PackLoader:240 - Cannot read IP mode file for STMicroelectronics.X-CUBE-AZRTOS-H7RS.1.1.0
2025-04-11 08:23:55,570 [WARN] PackLoader:240 - Cannot read IP mode file for Cesanta.I-CUBE-Mongoose.7.13.0
2025-04-11 08:23:55,594 [WARN] PackLoader:240 - Cannot read IP mode file for STMicroelectronics.X-CUBE-AZRTOS-G4.2.0.0
2025-04-11 08:23:55,610 [WARN] PackLoader:240 - Cannot read IP mode file for STMicroelectronics.X-CUBE-IPS.3.1.0
2025-04-11 08:23:55,628 [WARN] PackLoader:240 - Cannot read IP mode file for STMicroelectronics.X-CUBE-ALS.1.0.2
2025-04-11 08:23:55,640 [WARN] PackLoader:240 - Cannot read IP mode file for STMicroelectronics.X-CUBE-TOUCHGFX.4.24.2
2025-04-11 08:23:55,653 [WARN] PackLoader:240 - Cannot read IP mode file for STMicroelectronics.X-CUBE-TOUCHGFX.4.24.1
2025-04-11 08:23:55,671 [WARN] PackLoader:240 - Cannot read IP mode file for wolfSSL.I-CUBE-wolfTPM.3.4.0
2025-04-11 08:23:55,688 [WARN] PackLoader:240 - Cannot read IP mode file for portGmbH.I-Cube-SoM-uGOAL.1.1.0
2025-04-11 08:23:55,714 [WARN] PackLoader:240 - Cannot read IP mode file for STMicroelectronics.X-CUBE-AZRTOS-H7RS.1.0.0
2025-04-11 08:23:55,729 [WARN] PackLoader:240 - Cannot read IP mode file for STMicroelectronics.FP-ATR-ASTRA1.2.0.0
2025-04-11 08:23:55,747 [WARN] PackLoader:240 - Cannot read IP mode file for STMicroelectronics.X-CUBE-TOF1.3.4.2
2025-04-11 08:23:55,769 [WARN] PackLoader:240 - Cannot read IP mode file for Infineon.AIROC-Wi-Fi-Bluetooth-STM32.1.6.1
2025-04-11 08:23:55,785 [WARN] PackLoader:240 - Cannot read IP mode file for wolfSSL.I-CUBE-wolfSSH.1.4.17
2025-04-11 08:23:55,785 [INFO] ThirdParty:978 - Integrity check success = true
2025-04-11 08:23:55,785 [INFO] IntegrityCheckThread:100 - exiting critical section [integrity check]
2025-04-11 08:23:55,785 [INFO] IntegrityCheckThread:103 - End integrity checks thread
2025-04-11 08:23:55,814 [INFO] Mcu:2011 - Initializing MCU STM32F303R(D-E)Tx STM32F303RETx STM32F303RET6
2025-04-11 08:23:56,292 [ERROR] LogOutputStream:75 - [STDERR_REDIRECT] [Fatal Error] :1:1: Premature end of file.
2025-04-11 08:23:56,292 [ERROR] LogOutputStream:75 - [STDERR_REDIRECT] 
2025-04-11 08:23:57,294 [ERROR] LogOutputStream:75 - [STDERR_REDIRECT] [Fatal Error] :1:1: Premature end of file.
2025-04-11 08:23:57,295 [ERROR] LogOutputStream:75 - [STDERR_REDIRECT] 
2025-04-11 08:23:57,842 [INFO] Context:756 - Trying to add GPIOservice into a context  which must be forbidden
2025-04-11 08:23:58,267 [INFO] ImportTextPane:218 - (OptionalMessage_ERROR) Pin30 (VP_RIF_VS_RIF1) cannot be retrieved for this MCU
2025-04-11 08:23:58,280 [ERROR] LogOutputStream:75 - [STDERR_REDIRECT] [Fatal Error] :1:1: Premature end of file.
2025-04-11 08:23:58,281 [ERROR] LogOutputStream:75 - [STDERR_REDIRECT] 
2025-04-11 08:23:58,411 [INFO] RtosManager:558 - Registered RTOS mode: class=CMSIS, group=RTOS, mode=CMSIS_V1, owner=FREERTOS
2025-04-11 08:23:58,411 [INFO] RtosManager:558 - Registered RTOS mode: class=CMSIS, group=RTOS2, mode=CMSIS_V2, owner=FREERTOS
2025-04-11 08:23:58,411 [INFO] RtosManager:558 - Registered RTOS mode: class=RTOS, group=Core, mode=CMSIS_V1, owner=FREERTOS
2025-04-11 08:23:58,411 [INFO] RtosManager:558 - Registered RTOS mode: class=RTOS, group=Core, mode=CMSIS_V2, owner=FREERTOS
2025-04-11 08:23:58,411 [WARN] ModelIntegratedComponent:184 - Missing modes for component STMicroelectronics:FreeRTOS:0.0.1:STMicroelectronics:RTOS:FreeRTOS:Core:::10.2.0:
2025-04-11 08:23:58,432 [WARN] ModelIntegratedComponent:63 - No mode defined for component null
2025-04-11 08:23:58,432 [WARN] ModelIntegratedComponent:63 - No mode defined for component null
2025-04-11 08:23:58,432 [WARN] ModelIntegratedComponent:63 - No mode defined for component null
2025-04-11 08:23:58,432 [WARN] ModelIntegratedComponent:63 - No mode defined for component null
2025-04-11 08:23:58,432 [WARN] ModelIntegratedComponent:63 - No mode defined for component null
2025-04-11 08:23:58,432 [WARN] ModelIntegratedComponent:63 - No mode defined for component null
2025-04-11 08:23:58,432 [WARN] ModelIntegratedComponent:63 - No mode defined for component null
2025-04-11 08:23:58,432 [WARN] ModelIntegratedComponent:63 - No mode defined for component null
2025-04-11 08:23:58,432 [WARN] ModelIntegratedComponent:63 - No mode defined for component null
2025-04-11 08:23:58,432 [WARN] ModelIntegratedComponent:63 - No mode defined for component null
2025-04-11 08:23:58,432 [WARN] ModelIntegratedComponent:63 - No mode defined for component null
2025-04-11 08:23:58,432 [WARN] ModelIntegratedComponent:63 - No mode defined for component null
2025-04-11 08:23:58,432 [WARN] ModelIntegratedComponent:63 - No mode defined for component null
2025-04-11 08:23:58,433 [WARN] ModelIntegratedComponent:63 - No mode defined for component null
2025-04-11 08:23:58,433 [WARN] ModelIntegratedComponent:63 - No mode defined for component null
2025-04-11 08:23:58,433 [WARN] ModelIntegratedComponent:63 - No mode defined for component null
2025-04-11 08:23:58,433 [WARN] ModelIntegratedComponent:63 - No mode defined for component null
2025-04-11 08:23:58,433 [WARN] ModelIntegratedComponent:63 - No mode defined for component null
2025-04-11 08:23:58,433 [WARN] ModelIntegratedComponent:63 - No mode defined for component null
2025-04-11 08:23:58,433 [WARN] ModelIntegratedComponent:63 - No mode defined for component null
2025-04-11 08:23:58,433 [WARN] ModelIntegratedComponent:63 - No mode defined for component null
2025-04-11 08:23:58,433 [WARN] ModelIntegratedComponent:63 - No mode defined for component null
2025-04-11 08:23:58,433 [WARN] ModelIntegratedComponent:63 - No mode defined for component null
2025-04-11 08:23:58,433 [WARN] ModelIntegratedComponent:63 - No mode defined for component null
2025-04-11 08:23:58,433 [WARN] ModelIntegratedComponent:63 - No mode defined for component null
2025-04-11 08:23:58,433 [WARN] ModelIntegratedComponent:63 - No mode defined for component null
2025-04-11 08:23:58,433 [WARN] ModelIntegratedComponent:63 - No mode defined for component null
2025-04-11 08:23:58,433 [WARN] ModelIntegratedComponent:63 - No mode defined for component null
2025-04-11 08:23:58,434 [WARN] ModelIntegratedComponent:63 - No mode defined for component null
2025-04-11 08:23:58,434 [WARN] ModelIntegratedComponent:63 - No mode defined for component null
2025-04-11 08:23:58,434 [WARN] ModelIntegratedComponent:63 - No mode defined for component null
2025-04-11 08:23:58,434 [WARN] ModelIntegratedComponent:63 - No mode defined for component null
2025-04-11 08:23:58,434 [WARN] ModelIntegratedComponent:63 - No mode defined for component null
2025-04-11 08:23:58,434 [WARN] ModelIntegratedComponent:63 - No mode defined for component null
2025-04-11 08:23:58,434 [WARN] ModelIntegratedComponent:63 - No mode defined for component null
2025-04-11 08:23:58,434 [WARN] ModelPack:524 - Component already loaded: STMicroelectronics:HAL Drivers:0.0.0:STMicroelectronics:Device:STMicro_Driver:XSPI:HAL::0.0.1:HAL_XSPI
2025-04-11 08:23:58,495 [INFO] ThirdPartyModel:298 - Start build external matchings
2025-04-11 08:23:58,800 [INFO] ThirdPartyModel:316 - End build external matchings
2025-04-11 08:23:58,835 [INFO] ImportTextPane:218 - (OptionalMessage_ERROR) IP (RCC) : Invalid parameter (FamilyName)
2025-04-11 08:23:58,836 [INFO] ImportTextPane:218 - (OptionalMessage_ERROR) IP (RCC) : Invalid parameter (PLLM)
2025-04-11 08:23:58,837 [INFO] ImportTextPane:218 - (OptionalMessage_ERROR) IP (RCC) : Invalid parameter (PLLN)
2025-04-11 08:23:58,837 [INFO] ImportTextPane:218 - (OptionalMessage_ERROR) IP (RCC) : Invalid parameter (PLLP)
2025-04-11 08:23:58,837 [INFO] ImportTextPane:218 - (OptionalMessage_ERROR) IP (RCC) : Invalid parameter (PLLQ)
2025-04-11 08:23:58,837 [INFO] ImportTextPane:218 - (OptionalMessage_ERROR) IP (RCC) : Invalid parameter (RCC_PLLsource_Clock_Source_FROM_HSE)
2025-04-11 08:23:58,837 [INFO] ImportTextPane:218 - (OptionalMessage_ERROR) IP (RCC) : Parameter (USBFreq_Value) has invalid value (72000000)
2025-04-11 08:23:59,246 [INFO] ApiDb:581 - Connected to CubeFinder SQLite database (C:\Users\raj\.stmcufinder\plugins\mcufinder\mcu\cube-finder-db.db)
2025-04-11 08:23:59,284 [ERROR] LogOutputStream:75 - [STDERR_REDIRECT] [Fatal Error] :1:1: Premature end of file.
2025-04-11 08:23:59,284 [ERROR] LogOutputStream:75 - [STDERR_REDIRECT] 
2025-04-11 08:23:59,324 [INFO] ApiDb:668 - CubeFinder database Data Model version=2.1
2025-04-11 08:23:59,325 [INFO] ApiDb:669 - CubeFinder database Configuration version=3.0.39
2025-04-11 08:23:59,325 [INFO] ApiDb:670 - CubeFinder database generation date=2025-03-24 (1742811287)
2025-04-11 08:23:59,325 [INFO] ApiDb:671 - CubeFinder database FW Pack versions=[FP-ATR-ASTRA1_V2.0.0, FP-SNS-FLIGHT1_V5.0.2, FP-SNS-MOTENV1_V5.0.0, FP-SNS-MOTENVWB1_V1.4.0, FP-SNS-SMARTAG2_V1.2.0, FP-SNS-STBOX1_V2.0.0, STM32Cube_FW_C0_V1.4.0, STM32Cube_FW_F4_V1.28.1, STM32Cube_FW_F7_V1.17.2, STM32Cube_FW_G0_V1.6.2, STM32Cube_FW_G4_V1.6.1, STM32Cube_FW_H5_V1.5.0, STM32Cube_FW_H7RS_V1.2.0, STM32Cube_FW_H7_V1.12.1, STM32Cube_FW_L0_V1.12.2, STM32Cube_FW_L4_V1.18.1, STM32Cube_FW_L5_V1.5.1, STM32Cube_FW_N6_V1.1.0, STM32Cube_FW_U0_V1.2.0, STM32Cube_FW_U3_V1.1.0, STM32Cube_FW_U5_V1.7.0, STM32Cube_FW_WB0_V1.2.0, STM32Cube_FW_WBA_V1.6.0, STM32Cube_FW_WB_V1.22.0, STM32Cube_FW_WL3_V1.1.0, STM32Cube_FW_WL_V1.3.1, X-CUBE-ALGOBUILD_V1.4.0, X-CUBE-ALS_V1.0.2, X-CUBE-AZRTOS-F4_V1.1.0, X-CUBE-AZRTOS-F7_V1.1.0, X-CUBE-AZRTOS-G0_V1.1.0, X-CUBE-AZRTOS-G4_V2.0.0, X-CUBE-AZRTOS-H7RS_V1.0.0, X-CUBE-AZRTOS-H7_V3.3.0, X-CUBE-AZRTOS-L4_V2.0.0, X-CUBE-AZRTOS-L5_V2.0.0, X-CUBE-AZRTOS-WB_V2.0.0, X-CUBE-AZRTOS-WL_V2.0.0, X-CUBE-BLE1_V7.1.0, X-CUBE-BLE2_V3.3.0, X-CUBE-BLEMGR_V4.0.0, X-CUBE-EEPRMA1_V5.1.0, X-CUBE-FREERTOS_V1.3.0, X-CUBE-GNSS1_V6.0.0, X-CUBE-MEMS1_V11.1.0, X-CUBE-NFC4_V3.0.0, X-CUBE-NFC7_V1.0.1, X-CUBE-SFXS2LP1_V4.0.0, X-CUBE-SUBG2_V5.0.0, X-CUBE-TOF1_V3.4.2]
2025-04-11 08:23:59,429 [INFO] DbBoardsSqlite:226 - include board P-NUCLEO-WB55-NUCLEO as a kit item of type 'Nucleo-64'
2025-04-11 08:23:59,430 [INFO] DbBoardsSqlite:226 - include board P-NUCLEO-WB55-USBDONGLE as a kit item of type 'Nucleo USB Dongle'
2025-04-11 08:23:59,430 [INFO] DbBoardsSqlite:226 - include board STEVAL-IDP005V1 as a kit item of type 'Evaluation Board'
2025-04-11 08:23:59,431 [INFO] DbBoardsSqlite:226 - include board STEVAL-IDP005V2 as a kit item of type 'Evaluation Board'
2025-04-11 08:23:59,853 [INFO] ApiDb:240 - Found 895 in-development CPN: [B-G473E-ZEST1S, B-WB1M-WPAN1, B-WBA5M-WPAN, B-WL5M-SUBG1, NUCLEO-C031C6, NUCLEO-C051C8, NUCLEO-C071RB, NUCLEO-C092RC, NUCLEO-H503RB, NUCLEO-H533RE, NUCLEO-H563ZI, NUCLEO-H7S3L8, NUCLEO-N657X0-Q, NUCLEO-U031R8, NUCLEO-U083RC, NUCLEO-U385RG-Q, NUCLEO-U545RE-Q, NUCLEO-U5A5ZJ-Q, NUCLEO-WB05KZ, NUCLEO-WB07CC, NUCLEO-WB09KE, NUCLEO-WBA52CG, NUCLEO-WBA55CG, NUCLEO-WBA65RI, NUCLEO-WL33CC1, NUCLEO-WL33CC2, STEVAL-PROTEUS1, STEVAL-SMARTAG2, STEVAL-STWINBX1, STM320518-EVAL, STM32C0116-DK, STM32C011D6Y3TR, STM32C011D6Y6TR, STM32C011F4P3, STM32C011F4P6, STM32C011F4U3, STM32C011F4U6TR, STM32C011F6P3, STM32C011F6P6, STM32C011F6U3, STM32C011F6U6TR, STM32C011J4M3, STM32C011J4M6, STM32C011J6M3, STM32C011J6M6, STM32C0316-DK, STM32C031C4T3, STM32C031C4T6, STM32C031C4U3, STM32C031C4U6, STM32C031C6T3, STM32C031C6T6, STM32C031C6U3, STM32C031C6U6, STM32C031F4P3, STM32C031F4P6, STM32C031F6P3, STM32C031F6P6, STM32C031G4U3, STM32C031G4U6, STM32C031G6U3, STM32C031G6U6, STM32C031K4T3, STM32C031K4T6, STM32C031K4U3, STM32C031K4U6, STM32C031K6T3, STM32C031K6T6, STM32C031K6U3, STM32C031K6U6, STM32C051C6T6, STM32C051C6U6, STM32C051C8T6, STM32C051C8U6, STM32C051D8Y6TR, STM32C051F6P6, STM32C051F8P6, STM32C051G6U6, STM32C051G8U6, STM32C051K6T6, STM32C051K6U6, STM32C051K8T6, STM32C071C8T6, STM32C071C8T6N, STM32C071C8U6, STM32C071C8U6N, STM32C071CBT6, STM32C071CBT6N, STM32C071CBU6, STM32C071CBU6N, STM32C071F8P6, STM32C071F8P6N, STM32C071FBP6, STM32C071FBP6N, STM32C071FBY6TR, STM32C071G8U6, STM32C071G8U6N, STM32C071GBU6, STM32C071GBU6N, STM32C071K8T6, STM32C071K8T6N, STM32C071K8U6, STM32C071K8U6N, STM32C071KBT6, STM32C071KBT6N, STM32C071KBU6, STM32C071KBU6N, STM32C071R8T6, STM32C071R8T6N, STM32C071RBI6N, STM32C071RBT6, STM32C071RBT6N, STM32C091CBT6, STM32C091CBU6, STM32C091CCT6, STM32C091CCU6, STM32C091ECY6TR, STM32C091FBP6, STM32C091FCP6, STM32C091GBU6, STM32C091GCU6, STM32C091KBT6, STM32C091KBU6, STM32C091KCT6, STM32C091KCU6, STM32C091RBT6, STM32C091RCI6, STM32C091RCT6, STM32C092CBT6, STM32C092CBU6, STM32C092CCT6, STM32C092CCU6, STM32C092ECY6TR, STM32C092FBP6, STM32C092FCP6, STM32C092GBU6, STM32C092GCU6, STM32C092KBT6, STM32C092KBU6, STM32C092KCT6, STM32C092KCU6, STM32C092RBT6, STM32C092RCI6, STM32C092RCT6, STM32G071K8TXN, STM32G071K8UXN, STM32G081GBU6N, STM32G081KBT6N, STM32G081KBUXN, STM32G0B1CCT6N, STM32G0B1KCT6, STM32G0B1NEY6TR, STM32G0B1RCT6N, STM32G0C1CCT6, STM32G0C1CCT6N, STM32G0C1CCU6N, STM32G0C1CET6N, STM32G0C1CEU6N, STM32G0C1KCT6, STM32G0C1NEY6TR, STM32G0C1RCI6N, STM32G0C1RCT6N, STM32G0C1REI6N, STM32G0C1RET6N, STM32G0C1VCI6, STM32G0C1VEI6, STM32G411C6T3, STM32G411C6T6, STM32G411C6U3, STM32G411C6U6, STM32G411C8T3, STM32G411C8T6, STM32G411C8U3, STM32G411C8U6, STM32G411CBT3, STM32G411CBT6, STM32G411CBU3, STM32G411CBU6, STM32G411CCT3, STM32G411CCT6, STM32G411CCU3, STM32G411CCU6, STM32G411K6T3, STM32G411K6T6, STM32G411K6U3, STM32G411K6U6, STM32G411K8T3, STM32G411K8T6, STM32G411K8U3, STM32G411K8U6, STM32G411KBT3, STM32G411KBT6, STM32G411KBU3, STM32G411KBU6, STM32G411M6T3, STM32G411M6T6, STM32G411M8T3, STM32G411M8T6, STM32G411MBT3, STM32G411MBT6, STM32G411MCT3, STM32G411MCT6, STM32G411R6T3, STM32G411R6T6, STM32G411R8T3, STM32G411R8T6, STM32G411RBT3, STM32G411RBT6, STM32G411RCT3, STM32G411RCT6, STM32G414CBT3, STM32G414CBT6, STM32G414CBU3, STM32G414CBU6, STM32G414CCT3, STM32G414CCT6, STM32G414CCU3, STM32G414CCU6, STM32G414MBT3, STM32G414MBT6, STM32G414MCT3, STM32G414MCT6, STM32G414RBT3, STM32G414RBT6, STM32G414RCT3, STM32G414RCT6, STM32G414VBT3, STM32G414VBT6, STM32G414VCT3, STM32G414VCT6, STM32G431CBT3Z, STM32G431RBT3Z, STM32G471CCT6, STM32G471CCU6, STM32G471CET3, STM32G471CET6, STM32G471CEU3, STM32G471CEU6, STM32G471MCT6, STM32G471MET3, STM32G471MET6, STM32G471MEY6TR, STM32G471QCT6, STM32G471QET3, STM32G471RCT6, STM32G471RET3, STM32G471RET6, STM32G471VCH6, STM32G471VCI6, STM32G471VCT6, STM32G471VEH3, STM32G471VEH6, STM32G471VEI3, STM32G471VEI6, STM32G471VET3, STM32G471VET6, STM32G473QET3Z, STM32G473RET3Z, STM32G474CCT6, STM32G491RET3Z, STM32H503CBT6, STM32H503CBU6, STM32H503EBY6TR, STM32H503KBU6, STM32H503RBT6, STM32H523CCT6, STM32H523CCU6, STM32H523CET6, STM32H523CEU6, STM32H523HEY6TR, STM32H523RCT6, STM32H523RET6, STM32H523VCI6, STM32H523VCT6, STM32H523VEI6, STM32H523VET6, STM32H523ZCJ6, STM32H523ZCT6, STM32H523ZEJ6, STM32H523ZET6, STM32H533CET6, STM32H533CEU6, STM32H533HEY6TR, STM32H533RET6, STM32H533VEI6, STM32H533VET6, STM32H533ZEJ6, STM32H533ZET6, STM32H562AGI6, STM32H562AII6, STM32H562IGK6, STM32H562IGT6, STM32H562IIK6, STM32H562IIT6, STM32H562RGT6, STM32H562RGV6, STM32H562RIT6, STM32H562RIV6, STM32H562VGT6, STM32H562VIT6, STM32H562ZGT6, STM32H562ZIT6, STM32H563AGI6, STM32H563AII3Q, STM32H563AII6, STM32H563IGK6, STM32H563IGT6, STM32H563IIK3Q, STM32H563IIK6, STM32H563IIT3Q, STM32H563IIT6, STM32H563MIY3QTR, STM32H563RGT6, STM32H563RGV6, STM32H563RIT6, STM32H563RIV6, STM32H563VGT6, STM32H563VIT3Q, STM32H563VIT6, STM32H563ZGT6, STM32H563ZIT3Q, STM32H563ZIT6, STM32H573AII3Q, STM32H573AII6, STM32H573I-DK, STM32H573IIK3Q, STM32H573IIK6, STM32H573IIT3Q, STM32H573IIT6, STM32H573MIY3QTR, STM32H573RIT6, STM32H573RIV6, STM32H573VIT3Q, STM32H573VIT6, STM32H573ZIT3Q, STM32H573ZIT6, STM32H7R3A8I6, STM32H7R3I8K6, STM32H7R3I8T6, STM32H7R3L8H6, STM32H7R3L8H6H, STM32H7R3R8V6, STM32H7R3V8H6, STM32H7R3V8T6, STM32H7R3V8Y6TR, STM32H7R3Z8J6, STM32H7R3Z8T6, STM32H7R7A8I6, STM32H7R7I8K6, STM32H7R7I8T6, STM32H7R7L8H6, STM32H7R7L8H6H, STM32H7R7Z8J6, STM32H7S3A8I6, STM32H7S3I8K6, STM32H7S3I8T6, STM32H7S3L8H6, STM32H7S3L8H6H, STM32H7S3R8V6, STM32H7S3V8H6, STM32H7S3V8T6, STM32H7S3V8Y6TR, STM32H7S3Z8J6, STM32H7S3Z8T6, STM32H7S78-DK, STM32H7S7A8I6, STM32H7S7I8K6, STM32H7S7I8T6, STM32H7S7L8H6, STM32H7S7L8H6H, STM32H7S7Z8J6, STM32L4R5QGI6STR, STM32MP131AAE3, STM32MP131AAF3, STM32MP131AAG3, STM32MP131CAE3, STM32MP131CAF3, STM32MP131CAG3, STM32MP131DAE7, STM32MP131DAF7, STM32MP131DAG7, STM32MP131FAE7, STM32MP131FAF7, STM32MP131FAG7, STM32MP133AAE3, STM32MP133AAF3, STM32MP133AAG3, STM32MP133CAE3, STM32MP133CAF3, STM32MP133CAG3, STM32MP133DAE7, STM32MP133DAF7, STM32MP133DAG7, STM32MP133FAE7, STM32MP133FAF7, STM32MP133FAG7, STM32MP135AAE3, STM32MP135AAF3, STM32MP135AAG3, STM32MP135CAE3, STM32MP135CAF3, STM32MP135CAG3, STM32MP135DAE7, STM32MP135DAF7, STM32MP135DAG7, STM32MP135F-DK, STM32MP135FAE7, STM32MP135FAF7, STM32MP135FAF7T, STM32MP135FAF7U, STM32MP135FAG7, STM32MP231AAJ3, STM32MP231AAK3, STM32MP231AAL3, STM32MP231CAJ3, STM32MP231CAK3, STM32MP231CAL3, STM32MP231DAJ3, STM32MP231DAK3, STM32MP231DAL3, STM32MP231FAJ3, STM32MP231FAK3, STM32MP231FAL3, STM32MP233AAJ3, STM32MP233AAK3, STM32MP233AAL3, STM32MP233CAJ3, STM32MP233CAK3, STM32MP233CAL3, STM32MP233DAJ3, STM32MP233DAK3, STM32MP233DAL3, STM32MP233FAJ3, STM32MP233FAK3, STM32MP233FAL3, STM32MP235AAJ3, STM32MP235AAK3, STM32MP235AAL3, STM32MP235CAJ3, STM32MP235CAK3, STM32MP235CAL3, STM32MP235DAJ3, STM32MP235DAK3, STM32MP235DAL3, STM32MP235FAJ3, STM32MP235FAK3, STM32MP235FAL3, STM32MP251AAI3, STM32MP251AAJ3, STM32MP251AAK3, STM32MP251AAL3, STM32MP251CAI3, STM32MP251CAJ3, STM32MP251CAK3, STM32MP251CAL3, STM32MP251DAI3, STM32MP251DAJ3, STM32MP251DAK3, STM32MP251DAL3, STM32MP251FAI3, STM32MP251FAJ3, STM32MP251FAK3, STM32MP251FAL3, STM32MP253AAI3, STM32MP253AAJ3, STM32MP253AAK3, STM32MP253AAL3, STM32MP253CAI3, STM32MP253CAJ3, STM32MP253CAK3, STM32MP253CAL3, STM32MP253DAI3, STM32MP253DAJ3, STM32MP253DAK3, STM32MP253DAL3, STM32MP253FAI3, STM32MP253FAJ3, STM32MP253FAK3, STM32MP253FAL3, STM32MP255AAI3, STM32MP255AAJ3, STM32MP255AAK3, STM32MP255AAL3, STM32MP255CAI3, STM32MP255CAJ3, STM32MP255CAK3, STM32MP255CAL3, STM32MP255DAI3, STM32MP255DAJ3, STM32MP255DAK3, STM32MP255DAL3, STM32MP255FAI3, STM32MP255FAJ3, STM32MP255FAK3, STM32MP255FAL3, STM32MP257AAI3, STM32MP257AAJ3, STM32MP257AAK3, STM32MP257AAL3, STM32MP257CAI3, STM32MP257CAJ3, STM32MP257CAK3, STM32MP257CAL3, STM32MP257DAI3, STM32MP257DAJ3, STM32MP257DAK3, STM32MP257DAL3, STM32MP257F-DK, STM32MP257F-EV1, STM32MP257FAI3, STM32MP257FAJ3, STM32MP257FAK3, STM32MP257FAL3, STM32N645A0H3Q, STM32N645B0H3Q, STM32N645I0H3Q, STM32N645L0H3Q, STM32N645X0H3Q, STM32N645Z0H3Q, STM32N647A0H3Q, STM32N647B0H3Q, STM32N647I0H3Q, STM32N647L0H3Q, STM32N647X0H3Q, STM32N647Z0H3Q, STM32N655A0H3Q, STM32N655B0H3Q, STM32N655I0H3Q, STM32N655L0H3Q, STM32N655X0H3Q, STM32N655Z0H3Q, STM32N6570-DK, STM32N657A0H3Q, STM32N657B0H3Q, STM32N657I0H3Q, STM32N657L0H3Q, STM32N657X0H3Q, STM32N657Z0H3Q, STM32U031C6T6, STM32U031C6U6, STM32U031C8T6, STM32U031C8U6, STM32U031F4P6, STM32U031F6P6, STM32U031F8P6, STM32U031G6Y6TR, STM32U031G8Y6TR, STM32U031K4U6, STM32U031K6U6, STM32U031K8U6, STM32U031R6I6, STM32U031R6T6, STM32U031R8I6, STM32U031R8T6, STM32U073C8T6, STM32U073C8U6, STM32U073CBT6, STM32U073CBU6, STM32U073CCT6, STM32U073CCU6, STM32U073H8Y6TR, STM32U073HBY6TR, STM32U073HCY6TR, STM32U073K8U6, STM32U073KBU6, STM32U073KCU6, STM32U073M8I6, STM32U073M8T6, STM32U073MBI6, STM32U073MBT6, STM32U073MCI6, STM32U073MCT6, STM32U073R8I6, STM32U073R8T6, STM32U073RBI6, STM32U073RBT6, STM32U073RCI6, STM32U073RCT6, STM32U083C-DK, STM32U083CCT6, STM32U083CCU6, STM32U083HCY6TR, STM32U083KCU6, STM32U083MCI6, STM32U083MCT6, STM32U083RCI6, STM32U083RCT6, STM32U375CET6, STM32U375CET6Q, STM32U375CEU6, STM32U375CEU6Q, STM32U375CEY6QTR, STM32U375CGT6, STM32U375CGT6Q, STM32U375CGU6, STM32U375CGU6Q, STM32U375CGY6QTR, STM32U375KEU6, STM32U375KGU6, STM32U375REI6, STM32U375REI6Q, STM32U375RET6, STM32U375RET6Q, STM32U375REY6GTR, STM32U375REY6QTR, STM32U375RGI6, STM32U375RGI6Q, STM32U375RGT6, STM32U375RGT6Q, STM32U375RGY6GTR, STM32U375RGY6QTR, STM32U375VEI6, STM32U375VEI6Q, STM32U375VET6, STM32U375VET6Q, STM32U375VGI6, STM32U375VGI6Q, STM32U375VGT6, STM32U375VGT6Q, STM32U385CGT6, STM32U385CGT6Q, STM32U385CGU6, STM32U385CGU6Q, STM32U385CGY6QTR, STM32U385KGU6, STM32U385RGI6, STM32U385RGI6Q, STM32U385RGT6, STM32U385RGT6Q, STM32U385RGY6GTR, STM32U385RGY6QTR, STM32U385VGI6, STM32U385VGI6Q, STM32U385VGT6, STM32U385VGT6Q, STM32U535CBT6, STM32U535CBT6Q, STM32U535CBU6, STM32U535CBU6Q, STM32U535CCT6, STM32U535CCT6Q, STM32U535CCU6, STM32U535CCU6Q, STM32U535CET6, STM32U535CET6Q, STM32U535CEU6, STM32U535CEU6Q, STM32U535JEY6QTR, STM32U535NCY6QTR, STM32U535NEY6QTR, STM32U535RBI6, STM32U535RBI6Q, STM32U535RBT6, STM32U535RBT6Q, STM32U535RCI6, STM32U535RCI6Q, STM32U535RCT6, STM32U535RCT6Q, STM32U535REI6, STM32U535REI6Q, STM32U535RET6, STM32U535RET6Q, STM32U535VCI6, STM32U535VCI6Q, STM32U535VCT6, STM32U535VCT6Q, STM32U535VEI6, STM32U535VEI6Q, STM32U535VET6, STM32U535VET6Q, STM32U545CET6, STM32U545CET6Q, STM32U545CEU6, STM32U545CEU6Q, STM32U545JEY6QTR, STM32U545NEY6QTR, STM32U545REI6, STM32U545REI6Q, STM32U545RET6, STM32U545RET6Q, STM32U545VEI6, STM32U545VEI6Q, STM32U545VET6, STM32U545VET6Q, STM32U595AIH6, STM32U595AIH6Q, STM32U595AJH6, STM32U595AJH6Q, STM32U595QII6, STM32U595QII6Q, STM32U595QJI6, STM32U595QJI6Q, STM32U595RIT6, STM32U595RIT6Q, STM32U595RJT6, STM32U595RJT6Q, STM32U595VIT6, STM32U595VIT6Q, STM32U595VJT6, STM32U595VJT6Q, STM32U595ZIT6, STM32U595ZIT6Q, STM32U595ZIY6QTR, STM32U595ZJT6, STM32U595ZJT6Q, STM32U595ZJY6QTR, STM32U599BJY6QTR, STM32U599NIH6Q, STM32U599NJH6Q, STM32U599VIT6Q, STM32U599VJT6, STM32U599VJT6Q, STM32U599ZIT6Q, STM32U599ZIY6QTR, STM32U599ZJT6Q, STM32U599ZJY6QTR, STM32U5A5AJH6, STM32U5A5AJH6Q, STM32U5A5QII3Q , STM32U5A5QJI6, STM32U5A5QJI6Q, STM32U5A5RJT6, STM32U5A5RJT6Q, STM32U5A5VJT6, STM32U5A5VJT6Q, STM32U5A5ZJT6, STM32U5A5ZJT6Q, STM32U5A5ZJY6QTR, STM32U5A9BJY6QTR, STM32U5A9J-DK, STM32U5A9NJH6Q, STM32U5A9VJT6Q, STM32U5A9ZJT6Q, STM32U5A9ZJY6QTR, STM32U5F7VIT6, STM32U5F7VIT6Q, STM32U5F7VJT6, STM32U5F7VJT6Q, STM32U5F9BJY6QTR, STM32U5F9NJH6Q, STM32U5F9VIT6Q, STM32U5F9VJT6Q, STM32U5F9ZIJ6QTR, STM32U5F9ZIT6Q, STM32U5F9ZJJ6QTR, STM32U5F9ZJT6Q, STM32U5G7VJT6, STM32U5G7VJT6Q, STM32U5G9BJY6QTR, STM32U5G9J-DK1, STM32U5G9J-DK2, STM32U5G9NJH6Q, STM32U5G9VJT6Q, STM32U5G9ZJJ6QTR, STM32U5G9ZJT6Q, STM32WB05KZV6TR, STM32WB05KZV7TR, STM32WB05TZF6TR, STM32WB05TZF7TR, STM32WB06CCF6TR, STM32WB06CCF7TR, STM32WB06CCV6TR, STM32WB06CCV7TR, STM32WB06KCV6TR, STM32WB06KCV7TR, STM32WB07CCF6TR, STM32WB07CCF7TR, STM32WB07CCV6TR, STM32WB07CCV7TR, STM32WB07KCV6TR, STM32WB07KCV7TR, STM32WB09KEV6TR, STM32WB09KEV7TR, STM32WB09TEF6TR, STM32WB09TEF7TR, STM32WB1MMCH6, STM32WBA50KGU6, STM32WBA50KGU6TR, STM32WBA52CEU6, STM32WBA52CEU6TR, STM32WBA52CEU7, STM32WBA52CEU7TR, STM32WBA52CGU6, STM32WBA52CGU6TR, STM32WBA52CGU6U, STM32WBA52CGU7, STM32WBA52CGU7TR, STM32WBA52KEU6, STM32WBA52KEU6TR, STM32WBA52KGU6, STM32WBA52KGU6TR, STM32WBA54CEU6, STM32WBA54CEU6TR, STM32WBA54CEU7, STM32WBA54CEU7TR, STM32WBA54CGU6, STM32WBA54CGU6TR, STM32WBA54CGU7, STM32WBA54CGU7TR, STM32WBA54KEU6, STM32WBA54KEU6TR, STM32WBA54KEU7, STM32WBA54KEU7TR, STM32WBA54KGU6, STM32WBA54KGU6TR, STM32WBA54KGU7, STM32WBA54KGU7TR, STM32WBA55CEU6, STM32WBA55CEU6TR, STM32WBA55CEU7, STM32WBA55CEU7TR, STM32WBA55CGU6, STM32WBA55CGU6TR, STM32WBA55CGU6U, STM32WBA55CGU7, STM32WBA55CGU7TR, STM32WBA55G-DK1, STM32WBA55HEF6, STM32WBA55HEF7, STM32WBA55HGF6, STM32WBA55HGF7, STM32WBA55UEI6, STM32WBA55UEI6TR, STM32WBA55UEI7, STM32WBA55UEI7TR, STM32WBA55UGI6, STM32WBA55UGI6TR, STM32WBA55UGI7, STM32WBA55UGI7TR, STM32WBA5MJGH6TR, STM32WBA62CGU6, STM32WBA62CIU6, STM32WBA62MGF6, STM32WBA62MIF6, STM32WBA62PGI6, STM32WBA62PII6, STM32WBA63CGU6, STM32WBA63CGU7, STM32WBA63CIU6, STM32WBA63CIU7, STM32WBA64CGU6, STM32WBA64CGU7, STM32WBA64CIU6, STM32WBA64CIU7, STM32WBA65CGU6, STM32WBA65CGU7, STM32WBA65CIU6, STM32WBA65CIU7, STM32WBA65I-DK1, STM32WBA65MGF6, STM32WBA65MGF7, STM32WBA65MIF6, STM32WBA65MIF7, STM32WBA65PGI6, STM32WBA65PGI7, STM32WBA65PII6, STM32WBA65PII7, STM32WBA65RGV6, STM32WBA65RGV7, STM32WBA65RIV6, STM32WBA65RIV7, STM32WL30K8V6, STM32WL30KBV6, STM32WL31C8V6, STM32WL31CBV6, STM32WL31K8V6, STM32WL31KBV6, STM32WL33C8V6, STM32WL33C8V6TR, STM32WL33C8V7, STM32WL33C8V7TR, STM32WL33CBV6, STM32WL33CBV6TR, STM32WL33CBV7, STM32WL33CBV7TR, STM32WL33CCV6, STM32WL33CCV6TR, STM32WL33CCV7, STM32WL33CCV7A, STM32WL33CCV7ATR, STM32WL33CCV7TR, STM32WL33K8V6, STM32WL33K8V6TR, STM32WL33K8V7, STM32WL33K8V7TR, STM32WL33KBV6, STM32WL33KBV6TR, STM32WL33KBV7, STM32WL33KBV7TR, STM32WL33KCV6, STM32WL33KCV6TR, STM32WL33KCV7, STM32WL33KCV7TR, STM32WL5MOCH6, STM32WL5MOCH6TR]
2025-04-11 08:24:00,040 [INFO] BoardInfo:889 - No configuration file found for board P-NUCLEO-WB55
2025-04-11 08:24:00,041 [INFO] DbBoards:161 - Kit is not supported: P-NUCLEO-WB55
2025-04-11 08:24:00,046 [INFO] BoardInfo:889 - No configuration file found for board STEVAL-BFA001V1B
2025-04-11 08:24:00,047 [INFO] DbBoards:161 - Kit is not supported: STEVAL-BFA001V1B
2025-04-11 08:24:00,047 [INFO] BoardInfo:889 - No configuration file found for board STEVAL-BFA001V2B
2025-04-11 08:24:00,048 [INFO] DbBoards:161 - Kit is not supported: STEVAL-BFA001V2B
2025-04-11 08:24:00,196 [INFO] DbBoards:168 - Found 211 boards, 208 are supported
2025-04-11 08:24:00,196 [INFO] DbBoards:169 - Found 211 boards, 43 of them is supported for  Bsp
2025-04-11 08:24:00,199 [INFO] ApiDb:668 - CubeFinder database Data Model version=2.1
2025-04-11 08:24:00,199 [INFO] ApiDb:669 - CubeFinder database Configuration version=3.0.39
2025-04-11 08:24:00,199 [INFO] ApiDb:670 - CubeFinder database generation date=2025-03-24 (1742811287)
2025-04-11 08:24:00,199 [INFO] ApiDb:671 - CubeFinder database FW Pack versions=[FP-ATR-ASTRA1_V2.0.0, FP-SNS-FLIGHT1_V5.0.2, FP-SNS-MOTENV1_V5.0.0, FP-SNS-MOTENVWB1_V1.4.0, FP-SNS-SMARTAG2_V1.2.0, FP-SNS-STBOX1_V2.0.0, STM32Cube_FW_C0_V1.4.0, STM32Cube_FW_F4_V1.28.1, STM32Cube_FW_F7_V1.17.2, STM32Cube_FW_G0_V1.6.2, STM32Cube_FW_G4_V1.6.1, STM32Cube_FW_H5_V1.5.0, STM32Cube_FW_H7RS_V1.2.0, STM32Cube_FW_H7_V1.12.1, STM32Cube_FW_L0_V1.12.2, STM32Cube_FW_L4_V1.18.1, STM32Cube_FW_L5_V1.5.1, STM32Cube_FW_N6_V1.1.0, STM32Cube_FW_U0_V1.2.0, STM32Cube_FW_U3_V1.1.0, STM32Cube_FW_U5_V1.7.0, STM32Cube_FW_WB0_V1.2.0, STM32Cube_FW_WBA_V1.6.0, STM32Cube_FW_WB_V1.22.0, STM32Cube_FW_WL3_V1.1.0, STM32Cube_FW_WL_V1.3.1, X-CUBE-ALGOBUILD_V1.4.0, X-CUBE-ALS_V1.0.2, X-CUBE-AZRTOS-F4_V1.1.0, X-CUBE-AZRTOS-F7_V1.1.0, X-CUBE-AZRTOS-G0_V1.1.0, X-CUBE-AZRTOS-G4_V2.0.0, X-CUBE-AZRTOS-H7RS_V1.0.0, X-CUBE-AZRTOS-H7_V3.3.0, X-CUBE-AZRTOS-L4_V2.0.0, X-CUBE-AZRTOS-L5_V2.0.0, X-CUBE-AZRTOS-WB_V2.0.0, X-CUBE-AZRTOS-WL_V2.0.0, X-CUBE-BLE1_V7.1.0, X-CUBE-BLE2_V3.3.0, X-CUBE-BLEMGR_V4.0.0, X-CUBE-EEPRMA1_V5.1.0, X-CUBE-FREERTOS_V1.3.0, X-CUBE-GNSS1_V6.0.0, X-CUBE-MEMS1_V11.1.0, X-CUBE-NFC4_V3.0.0, X-CUBE-NFC7_V1.0.1, X-CUBE-SFXS2LP1_V4.0.0, X-CUBE-SUBG2_V5.0.0, X-CUBE-TOF1_V3.4.2]
2025-04-11 08:24:00,310 [ERROR] LogOutputStream:75 - [STDERR_REDIRECT] [Fatal Error] :1:1: Premature end of file.
2025-04-11 08:24:00,310 [ERROR] LogOutputStream:75 - [STDERR_REDIRECT] 
2025-04-11 08:24:01,273 [ERROR] LogOutputStream:75 - [STDERR_REDIRECT] [Fatal Error] :1:1: Premature end of file.
2025-04-11 08:24:01,273 [ERROR] LogOutputStream:75 - [STDERR_REDIRECT] 
2025-04-11 08:24:01,807 [INFO] ApiDb:240 - Found 895 in-development CPN: [B-G473E-ZEST1S, B-WB1M-WPAN1, B-WBA5M-WPAN, B-WL5M-SUBG1, NUCLEO-C031C6, NUCLEO-C051C8, NUCLEO-C071RB, NUCLEO-C092RC, NUCLEO-H503RB, NUCLEO-H533RE, NUCLEO-H563ZI, NUCLEO-H7S3L8, NUCLEO-N657X0-Q, NUCLEO-U031R8, NUCLEO-U083RC, NUCLEO-U385RG-Q, NUCLEO-U545RE-Q, NUCLEO-U5A5ZJ-Q, NUCLEO-WB05KZ, NUCLEO-WB07CC, NUCLEO-WB09KE, NUCLEO-WBA52CG, NUCLEO-WBA55CG, NUCLEO-WBA65RI, NUCLEO-WL33CC1, NUCLEO-WL33CC2, STEVAL-PROTEUS1, STEVAL-SMARTAG2, STEVAL-STWINBX1, STM320518-EVAL, STM32C0116-DK, STM32C011D6Y3TR, STM32C011D6Y6TR, STM32C011F4P3, STM32C011F4P6, STM32C011F4U3, STM32C011F4U6TR, STM32C011F6P3, STM32C011F6P6, STM32C011F6U3, STM32C011F6U6TR, STM32C011J4M3, STM32C011J4M6, STM32C011J6M3, STM32C011J6M6, STM32C0316-DK, STM32C031C4T3, STM32C031C4T6, STM32C031C4U3, STM32C031C4U6, STM32C031C6T3, STM32C031C6T6, STM32C031C6U3, STM32C031C6U6, STM32C031F4P3, STM32C031F4P6, STM32C031F6P3, STM32C031F6P6, STM32C031G4U3, STM32C031G4U6, STM32C031G6U3, STM32C031G6U6, STM32C031K4T3, STM32C031K4T6, STM32C031K4U3, STM32C031K4U6, STM32C031K6T3, STM32C031K6T6, STM32C031K6U3, STM32C031K6U6, STM32C051C6T6, STM32C051C6U6, STM32C051C8T6, STM32C051C8U6, STM32C051D8Y6TR, STM32C051F6P6, STM32C051F8P6, STM32C051G6U6, STM32C051G8U6, STM32C051K6T6, STM32C051K6U6, STM32C051K8T6, STM32C071C8T6, STM32C071C8T6N, STM32C071C8U6, STM32C071C8U6N, STM32C071CBT6, STM32C071CBT6N, STM32C071CBU6, STM32C071CBU6N, STM32C071F8P6, STM32C071F8P6N, STM32C071FBP6, STM32C071FBP6N, STM32C071FBY6TR, STM32C071G8U6, STM32C071G8U6N, STM32C071GBU6, STM32C071GBU6N, STM32C071K8T6, STM32C071K8T6N, STM32C071K8U6, STM32C071K8U6N, STM32C071KBT6, STM32C071KBT6N, STM32C071KBU6, STM32C071KBU6N, STM32C071R8T6, STM32C071R8T6N, STM32C071RBI6N, STM32C071RBT6, STM32C071RBT6N, STM32C091CBT6, STM32C091CBU6, STM32C091CCT6, STM32C091CCU6, STM32C091ECY6TR, STM32C091FBP6, STM32C091FCP6, STM32C091GBU6, STM32C091GCU6, STM32C091KBT6, STM32C091KBU6, STM32C091KCT6, STM32C091KCU6, STM32C091RBT6, STM32C091RCI6, STM32C091RCT6, STM32C092CBT6, STM32C092CBU6, STM32C092CCT6, STM32C092CCU6, STM32C092ECY6TR, STM32C092FBP6, STM32C092FCP6, STM32C092GBU6, STM32C092GCU6, STM32C092KBT6, STM32C092KBU6, STM32C092KCT6, STM32C092KCU6, STM32C092RBT6, STM32C092RCI6, STM32C092RCT6, STM32G071K8TXN, STM32G071K8UXN, STM32G081GBU6N, STM32G081KBT6N, STM32G081KBUXN, STM32G0B1CCT6N, STM32G0B1KCT6, STM32G0B1NEY6TR, STM32G0B1RCT6N, STM32G0C1CCT6, STM32G0C1CCT6N, STM32G0C1CCU6N, STM32G0C1CET6N, STM32G0C1CEU6N, STM32G0C1KCT6, STM32G0C1NEY6TR, STM32G0C1RCI6N, STM32G0C1RCT6N, STM32G0C1REI6N, STM32G0C1RET6N, STM32G0C1VCI6, STM32G0C1VEI6, STM32G411C6T3, STM32G411C6T6, STM32G411C6U3, STM32G411C6U6, STM32G411C8T3, STM32G411C8T6, STM32G411C8U3, STM32G411C8U6, STM32G411CBT3, STM32G411CBT6, STM32G411CBU3, STM32G411CBU6, STM32G411CCT3, STM32G411CCT6, STM32G411CCU3, STM32G411CCU6, STM32G411K6T3, STM32G411K6T6, STM32G411K6U3, STM32G411K6U6, STM32G411K8T3, STM32G411K8T6, STM32G411K8U3, STM32G411K8U6, STM32G411KBT3, STM32G411KBT6, STM32G411KBU3, STM32G411KBU6, STM32G411M6T3, STM32G411M6T6, STM32G411M8T3, STM32G411M8T6, STM32G411MBT3, STM32G411MBT6, STM32G411MCT3, STM32G411MCT6, STM32G411R6T3, STM32G411R6T6, STM32G411R8T3, STM32G411R8T6, STM32G411RBT3, STM32G411RBT6, STM32G411RCT3, STM32G411RCT6, STM32G414CBT3, STM32G414CBT6, STM32G414CBU3, STM32G414CBU6, STM32G414CCT3, STM32G414CCT6, STM32G414CCU3, STM32G414CCU6, STM32G414MBT3, STM32G414MBT6, STM32G414MCT3, STM32G414MCT6, STM32G414RBT3, STM32G414RBT6, STM32G414RCT3, STM32G414RCT6, STM32G414VBT3, STM32G414VBT6, STM32G414VCT3, STM32G414VCT6, STM32G431CBT3Z, STM32G431RBT3Z, STM32G471CCT6, STM32G471CCU6, STM32G471CET3, STM32G471CET6, STM32G471CEU3, STM32G471CEU6, STM32G471MCT6, STM32G471MET3, STM32G471MET6, STM32G471MEY6TR, STM32G471QCT6, STM32G471QET3, STM32G471RCT6, STM32G471RET3, STM32G471RET6, STM32G471VCH6, STM32G471VCI6, STM32G471VCT6, STM32G471VEH3, STM32G471VEH6, STM32G471VEI3, STM32G471VEI6, STM32G471VET3, STM32G471VET6, STM32G473QET3Z, STM32G473RET3Z, STM32G474CCT6, STM32G491RET3Z, STM32H503CBT6, STM32H503CBU6, STM32H503EBY6TR, STM32H503KBU6, STM32H503RBT6, STM32H523CCT6, STM32H523CCU6, STM32H523CET6, STM32H523CEU6, STM32H523HEY6TR, STM32H523RCT6, STM32H523RET6, STM32H523VCI6, STM32H523VCT6, STM32H523VEI6, STM32H523VET6, STM32H523ZCJ6, STM32H523ZCT6, STM32H523ZEJ6, STM32H523ZET6, STM32H533CET6, STM32H533CEU6, STM32H533HEY6TR, STM32H533RET6, STM32H533VEI6, STM32H533VET6, STM32H533ZEJ6, STM32H533ZET6, STM32H562AGI6, STM32H562AII6, STM32H562IGK6, STM32H562IGT6, STM32H562IIK6, STM32H562IIT6, STM32H562RGT6, STM32H562RGV6, STM32H562RIT6, STM32H562RIV6, STM32H562VGT6, STM32H562VIT6, STM32H562ZGT6, STM32H562ZIT6, STM32H563AGI6, STM32H563AII3Q, STM32H563AII6, STM32H563IGK6, STM32H563IGT6, STM32H563IIK3Q, STM32H563IIK6, STM32H563IIT3Q, STM32H563IIT6, STM32H563MIY3QTR, STM32H563RGT6, STM32H563RGV6, STM32H563RIT6, STM32H563RIV6, STM32H563VGT6, STM32H563VIT3Q, STM32H563VIT6, STM32H563ZGT6, STM32H563ZIT3Q, STM32H563ZIT6, STM32H573AII3Q, STM32H573AII6, STM32H573I-DK, STM32H573IIK3Q, STM32H573IIK6, STM32H573IIT3Q, STM32H573IIT6, STM32H573MIY3QTR, STM32H573RIT6, STM32H573RIV6, STM32H573VIT3Q, STM32H573VIT6, STM32H573ZIT3Q, STM32H573ZIT6, STM32H7R3A8I6, STM32H7R3I8K6, STM32H7R3I8T6, STM32H7R3L8H6, STM32H7R3L8H6H, STM32H7R3R8V6, STM32H7R3V8H6, STM32H7R3V8T6, STM32H7R3V8Y6TR, STM32H7R3Z8J6, STM32H7R3Z8T6, STM32H7R7A8I6, STM32H7R7I8K6, STM32H7R7I8T6, STM32H7R7L8H6, STM32H7R7L8H6H, STM32H7R7Z8J6, STM32H7S3A8I6, STM32H7S3I8K6, STM32H7S3I8T6, STM32H7S3L8H6, STM32H7S3L8H6H, STM32H7S3R8V6, STM32H7S3V8H6, STM32H7S3V8T6, STM32H7S3V8Y6TR, STM32H7S3Z8J6, STM32H7S3Z8T6, STM32H7S78-DK, STM32H7S7A8I6, STM32H7S7I8K6, STM32H7S7I8T6, STM32H7S7L8H6, STM32H7S7L8H6H, STM32H7S7Z8J6, STM32L4R5QGI6STR, STM32MP131AAE3, STM32MP131AAF3, STM32MP131AAG3, STM32MP131CAE3, STM32MP131CAF3, STM32MP131CAG3, STM32MP131DAE7, STM32MP131DAF7, STM32MP131DAG7, STM32MP131FAE7, STM32MP131FAF7, STM32MP131FAG7, STM32MP133AAE3, STM32MP133AAF3, STM32MP133AAG3, STM32MP133CAE3, STM32MP133CAF3, STM32MP133CAG3, STM32MP133DAE7, STM32MP133DAF7, STM32MP133DAG7, STM32MP133FAE7, STM32MP133FAF7, STM32MP133FAG7, STM32MP135AAE3, STM32MP135AAF3, STM32MP135AAG3, STM32MP135CAE3, STM32MP135CAF3, STM32MP135CAG3, STM32MP135DAE7, STM32MP135DAF7, STM32MP135DAG7, STM32MP135F-DK, STM32MP135FAE7, STM32MP135FAF7, STM32MP135FAF7T, STM32MP135FAF7U, STM32MP135FAG7, STM32MP231AAJ3, STM32MP231AAK3, STM32MP231AAL3, STM32MP231CAJ3, STM32MP231CAK3, STM32MP231CAL3, STM32MP231DAJ3, STM32MP231DAK3, STM32MP231DAL3, STM32MP231FAJ3, STM32MP231FAK3, STM32MP231FAL3, STM32MP233AAJ3, STM32MP233AAK3, STM32MP233AAL3, STM32MP233CAJ3, STM32MP233CAK3, STM32MP233CAL3, STM32MP233DAJ3, STM32MP233DAK3, STM32MP233DAL3, STM32MP233FAJ3, STM32MP233FAK3, STM32MP233FAL3, STM32MP235AAJ3, STM32MP235AAK3, STM32MP235AAL3, STM32MP235CAJ3, STM32MP235CAK3, STM32MP235CAL3, STM32MP235DAJ3, STM32MP235DAK3, STM32MP235DAL3, STM32MP235FAJ3, STM32MP235FAK3, STM32MP235FAL3, STM32MP251AAI3, STM32MP251AAJ3, STM32MP251AAK3, STM32MP251AAL3, STM32MP251CAI3, STM32MP251CAJ3, STM32MP251CAK3, STM32MP251CAL3, STM32MP251DAI3, STM32MP251DAJ3, STM32MP251DAK3, STM32MP251DAL3, STM32MP251FAI3, STM32MP251FAJ3, STM32MP251FAK3, STM32MP251FAL3, STM32MP253AAI3, STM32MP253AAJ3, STM32MP253AAK3, STM32MP253AAL3, STM32MP253CAI3, STM32MP253CAJ3, STM32MP253CAK3, STM32MP253CAL3, STM32MP253DAI3, STM32MP253DAJ3, STM32MP253DAK3, STM32MP253DAL3, STM32MP253FAI3, STM32MP253FAJ3, STM32MP253FAK3, STM32MP253FAL3, STM32MP255AAI3, STM32MP255AAJ3, STM32MP255AAK3, STM32MP255AAL3, STM32MP255CAI3, STM32MP255CAJ3, STM32MP255CAK3, STM32MP255CAL3, STM32MP255DAI3, STM32MP255DAJ3, STM32MP255DAK3, STM32MP255DAL3, STM32MP255FAI3, STM32MP255FAJ3, STM32MP255FAK3, STM32MP255FAL3, STM32MP257AAI3, STM32MP257AAJ3, STM32MP257AAK3, STM32MP257AAL3, STM32MP257CAI3, STM32MP257CAJ3, STM32MP257CAK3, STM32MP257CAL3, STM32MP257DAI3, STM32MP257DAJ3, STM32MP257DAK3, STM32MP257DAL3, STM32MP257F-DK, STM32MP257F-EV1, STM32MP257FAI3, STM32MP257FAJ3, STM32MP257FAK3, STM32MP257FAL3, STM32N645A0H3Q, STM32N645B0H3Q, STM32N645I0H3Q, STM32N645L0H3Q, STM32N645X0H3Q, STM32N645Z0H3Q, STM32N647A0H3Q, STM32N647B0H3Q, STM32N647I0H3Q, STM32N647L0H3Q, STM32N647X0H3Q, STM32N647Z0H3Q, STM32N655A0H3Q, STM32N655B0H3Q, STM32N655I0H3Q, STM32N655L0H3Q, STM32N655X0H3Q, STM32N655Z0H3Q, STM32N6570-DK, STM32N657A0H3Q, STM32N657B0H3Q, STM32N657I0H3Q, STM32N657L0H3Q, STM32N657X0H3Q, STM32N657Z0H3Q, STM32U031C6T6, STM32U031C6U6, STM32U031C8T6, STM32U031C8U6, STM32U031F4P6, STM32U031F6P6, STM32U031F8P6, STM32U031G6Y6TR, STM32U031G8Y6TR, STM32U031K4U6, STM32U031K6U6, STM32U031K8U6, STM32U031R6I6, STM32U031R6T6, STM32U031R8I6, STM32U031R8T6, STM32U073C8T6, STM32U073C8U6, STM32U073CBT6, STM32U073CBU6, STM32U073CCT6, STM32U073CCU6, STM32U073H8Y6TR, STM32U073HBY6TR, STM32U073HCY6TR, STM32U073K8U6, STM32U073KBU6, STM32U073KCU6, STM32U073M8I6, STM32U073M8T6, STM32U073MBI6, STM32U073MBT6, STM32U073MCI6, STM32U073MCT6, STM32U073R8I6, STM32U073R8T6, STM32U073RBI6, STM32U073RBT6, STM32U073RCI6, STM32U073RCT6, STM32U083C-DK, STM32U083CCT6, STM32U083CCU6, STM32U083HCY6TR, STM32U083KCU6, STM32U083MCI6, STM32U083MCT6, STM32U083RCI6, STM32U083RCT6, STM32U375CET6, STM32U375CET6Q, STM32U375CEU6, STM32U375CEU6Q, STM32U375CEY6QTR, STM32U375CGT6, STM32U375CGT6Q, STM32U375CGU6, STM32U375CGU6Q, STM32U375CGY6QTR, STM32U375KEU6, STM32U375KGU6, STM32U375REI6, STM32U375REI6Q, STM32U375RET6, STM32U375RET6Q, STM32U375REY6GTR, STM32U375REY6QTR, STM32U375RGI6, STM32U375RGI6Q, STM32U375RGT6, STM32U375RGT6Q, STM32U375RGY6GTR, STM32U375RGY6QTR, STM32U375VEI6, STM32U375VEI6Q, STM32U375VET6, STM32U375VET6Q, STM32U375VGI6, STM32U375VGI6Q, STM32U375VGT6, STM32U375VGT6Q, STM32U385CGT6, STM32U385CGT6Q, STM32U385CGU6, STM32U385CGU6Q, STM32U385CGY6QTR, STM32U385KGU6, STM32U385RGI6, STM32U385RGI6Q, STM32U385RGT6, STM32U385RGT6Q, STM32U385RGY6GTR, STM32U385RGY6QTR, STM32U385VGI6, STM32U385VGI6Q, STM32U385VGT6, STM32U385VGT6Q, STM32U535CBT6, STM32U535CBT6Q, STM32U535CBU6, STM32U535CBU6Q, STM32U535CCT6, STM32U535CCT6Q, STM32U535CCU6, STM32U535CCU6Q, STM32U535CET6, STM32U535CET6Q, STM32U535CEU6, STM32U535CEU6Q, STM32U535JEY6QTR, STM32U535NCY6QTR, STM32U535NEY6QTR, STM32U535RBI6, STM32U535RBI6Q, STM32U535RBT6, STM32U535RBT6Q, STM32U535RCI6, STM32U535RCI6Q, STM32U535RCT6, STM32U535RCT6Q, STM32U535REI6, STM32U535REI6Q, STM32U535RET6, STM32U535RET6Q, STM32U535VCI6, STM32U535VCI6Q, STM32U535VCT6, STM32U535VCT6Q, STM32U535VEI6, STM32U535VEI6Q, STM32U535VET6, STM32U535VET6Q, STM32U545CET6, STM32U545CET6Q, STM32U545CEU6, STM32U545CEU6Q, STM32U545JEY6QTR, STM32U545NEY6QTR, STM32U545REI6, STM32U545REI6Q, STM32U545RET6, STM32U545RET6Q, STM32U545VEI6, STM32U545VEI6Q, STM32U545VET6, STM32U545VET6Q, STM32U595AIH6, STM32U595AIH6Q, STM32U595AJH6, STM32U595AJH6Q, STM32U595QII6, STM32U595QII6Q, STM32U595QJI6, STM32U595QJI6Q, STM32U595RIT6, STM32U595RIT6Q, STM32U595RJT6, STM32U595RJT6Q, STM32U595VIT6, STM32U595VIT6Q, STM32U595VJT6, STM32U595VJT6Q, STM32U595ZIT6, STM32U595ZIT6Q, STM32U595ZIY6QTR, STM32U595ZJT6, STM32U595ZJT6Q, STM32U595ZJY6QTR, STM32U599BJY6QTR, STM32U599NIH6Q, STM32U599NJH6Q, STM32U599VIT6Q, STM32U599VJT6, STM32U599VJT6Q, STM32U599ZIT6Q, STM32U599ZIY6QTR, STM32U599ZJT6Q, STM32U599ZJY6QTR, STM32U5A5AJH6, STM32U5A5AJH6Q, STM32U5A5QII3Q , STM32U5A5QJI6, STM32U5A5QJI6Q, STM32U5A5RJT6, STM32U5A5RJT6Q, STM32U5A5VJT6, STM32U5A5VJT6Q, STM32U5A5ZJT6, STM32U5A5ZJT6Q, STM32U5A5ZJY6QTR, STM32U5A9BJY6QTR, STM32U5A9J-DK, STM32U5A9NJH6Q, STM32U5A9VJT6Q, STM32U5A9ZJT6Q, STM32U5A9ZJY6QTR, STM32U5F7VIT6, STM32U5F7VIT6Q, STM32U5F7VJT6, STM32U5F7VJT6Q, STM32U5F9BJY6QTR, STM32U5F9NJH6Q, STM32U5F9VIT6Q, STM32U5F9VJT6Q, STM32U5F9ZIJ6QTR, STM32U5F9ZIT6Q, STM32U5F9ZJJ6QTR, STM32U5F9ZJT6Q, STM32U5G7VJT6, STM32U5G7VJT6Q, STM32U5G9BJY6QTR, STM32U5G9J-DK1, STM32U5G9J-DK2, STM32U5G9NJH6Q, STM32U5G9VJT6Q, STM32U5G9ZJJ6QTR, STM32U5G9ZJT6Q, STM32WB05KZV6TR, STM32WB05KZV7TR, STM32WB05TZF6TR, STM32WB05TZF7TR, STM32WB06CCF6TR, STM32WB06CCF7TR, STM32WB06CCV6TR, STM32WB06CCV7TR, STM32WB06KCV6TR, STM32WB06KCV7TR, STM32WB07CCF6TR, STM32WB07CCF7TR, STM32WB07CCV6TR, STM32WB07CCV7TR, STM32WB07KCV6TR, STM32WB07KCV7TR, STM32WB09KEV6TR, STM32WB09KEV7TR, STM32WB09TEF6TR, STM32WB09TEF7TR, STM32WB1MMCH6, STM32WBA50KGU6, STM32WBA50KGU6TR, STM32WBA52CEU6, STM32WBA52CEU6TR, STM32WBA52CEU7, STM32WBA52CEU7TR, STM32WBA52CGU6, STM32WBA52CGU6TR, STM32WBA52CGU6U, STM32WBA52CGU7, STM32WBA52CGU7TR, STM32WBA52KEU6, STM32WBA52KEU6TR, STM32WBA52KGU6, STM32WBA52KGU6TR, STM32WBA54CEU6, STM32WBA54CEU6TR, STM32WBA54CEU7, STM32WBA54CEU7TR, STM32WBA54CGU6, STM32WBA54CGU6TR, STM32WBA54CGU7, STM32WBA54CGU7TR, STM32WBA54KEU6, STM32WBA54KEU6TR, STM32WBA54KEU7, STM32WBA54KEU7TR, STM32WBA54KGU6, STM32WBA54KGU6TR, STM32WBA54KGU7, STM32WBA54KGU7TR, STM32WBA55CEU6, STM32WBA55CEU6TR, STM32WBA55CEU7, STM32WBA55CEU7TR, STM32WBA55CGU6, STM32WBA55CGU6TR, STM32WBA55CGU6U, STM32WBA55CGU7, STM32WBA55CGU7TR, STM32WBA55G-DK1, STM32WBA55HEF6, STM32WBA55HEF7, STM32WBA55HGF6, STM32WBA55HGF7, STM32WBA55UEI6, STM32WBA55UEI6TR, STM32WBA55UEI7, STM32WBA55UEI7TR, STM32WBA55UGI6, STM32WBA55UGI6TR, STM32WBA55UGI7, STM32WBA55UGI7TR, STM32WBA5MJGH6TR, STM32WBA62CGU6, STM32WBA62CIU6, STM32WBA62MGF6, STM32WBA62MIF6, STM32WBA62PGI6, STM32WBA62PII6, STM32WBA63CGU6, STM32WBA63CGU7, STM32WBA63CIU6, STM32WBA63CIU7, STM32WBA64CGU6, STM32WBA64CGU7, STM32WBA64CIU6, STM32WBA64CIU7, STM32WBA65CGU6, STM32WBA65CGU7, STM32WBA65CIU6, STM32WBA65CIU7, STM32WBA65I-DK1, STM32WBA65MGF6, STM32WBA65MGF7, STM32WBA65MIF6, STM32WBA65MIF7, STM32WBA65PGI6, STM32WBA65PGI7, STM32WBA65PII6, STM32WBA65PII7, STM32WBA65RGV6, STM32WBA65RGV7, STM32WBA65RIV6, STM32WBA65RIV7, STM32WL30K8V6, STM32WL30KBV6, STM32WL31C8V6, STM32WL31CBV6, STM32WL31K8V6, STM32WL31KBV6, STM32WL33C8V6, STM32WL33C8V6TR, STM32WL33C8V7, STM32WL33C8V7TR, STM32WL33CBV6, STM32WL33CBV6TR, STM32WL33CBV7, STM32WL33CBV7TR, STM32WL33CCV6, STM32WL33CCV6TR, STM32WL33CCV7, STM32WL33CCV7A, STM32WL33CCV7ATR, STM32WL33CCV7TR, STM32WL33K8V6, STM32WL33K8V6TR, STM32WL33K8V7, STM32WL33K8V7TR, STM32WL33KBV6, STM32WL33KBV6TR, STM32WL33KBV7, STM32WL33KBV7TR, STM32WL33KCV6, STM32WL33KCV6TR, STM32WL33KCV7, STM32WL33KCV7TR, STM32WL5MOCH6, STM32WL5MOCH6TR]
2025-04-11 08:24:01,812 [INFO] DbMcus:218 - Found 4686 MCUs, 4686 are supported
2025-04-11 08:24:01,813 [INFO] ApiDb:423 - Load user favorites file C:\Users\raj/.stm32cubeide/favorites.mcus.txt: 0 item(s)
2025-04-11 08:24:01,814 [INFO] ApiDb:427 - User favorites MCUs=[]
2025-04-11 08:24:01,814 [INFO] DbMcus:224 - Set 0 / 0 favorites MCUs
2025-04-11 08:24:02,079 [INFO] ApiDb:423 - Load user favorites file C:\Users\raj/.stm32cubeide/favorites.boards.txt: 0 item(s)
2025-04-11 08:24:02,079 [INFO] ApiDb:427 - User favorites Boards=[]
2025-04-11 08:24:02,079 [INFO] DbBoards:198 - Set 0 / 0 favorites Boards
2025-04-11 08:24:02,142 [INFO] UtilMem:75 - End LoadConfig() Used Memory: 319800536 Bytes (408944640)
2025-04-11 08:24:02,278 [ERROR] LogOutputStream:75 - [STDERR_REDIRECT] [Fatal Error] :1:1: Premature end of file.
2025-04-11 08:24:02,278 [ERROR] LogOutputStream:75 - [STDERR_REDIRECT] 
2025-04-11 08:24:02,283 [WARN] ThirdParty:833 - waiting for thirdparty lock release [change project]
2025-04-11 08:24:02,284 [INFO] ThirdParty:835 - entering critical section [change project]
2025-04-11 08:24:02,284 [INFO] ThirdParty:1030 - CMSIS Pack Vendor :STMicroelectronics USBPD 4.1
2025-04-11 08:24:02,284 [INFO] ThirdParty:1030 - CMSIS Pack Vendor :STMicroelectronics X-CUBE-AZRTOS-H7 3.3.0
2025-04-11 08:24:02,284 [INFO] ThirdParty:1030 - CMSIS Pack Vendor :STMicroelectronics X-CUBE-NFC9 1.0.0
2025-04-11 08:24:02,284 [INFO] ThirdParty:1030 - CMSIS Pack Vendor :STMicroelectronics USB_HOST 2.0.0
2025-04-11 08:24:02,284 [INFO] ThirdParty:1030 - CMSIS Pack Vendor :STMicroelectronics FP-SNS-MOTENVWB1 1.4.0
2025-04-11 08:24:02,284 [INFO] ThirdParty:1030 - CMSIS Pack Vendor :STMicroelectronics X-CUBE-AZRTOS-F4 1.1.0
2025-04-11 08:24:02,284 [INFO] ThirdParty:1030 - CMSIS Pack Vendor :STMicroelectronics LIBJPEG 8.0.0
2025-04-11 08:24:02,284 [INFO] ThirdParty:1030 - CMSIS Pack Vendor :STMicroelectronics FP-ATR-ASTRA1 2.0.2
2025-04-11 08:24:02,284 [INFO] ThirdParty:1030 - CMSIS Pack Vendor :STMicroelectronics FP-ATR-ASTRA1 2.0.1
2025-04-11 08:24:02,284 [INFO] ThirdParty:1030 - CMSIS Pack Vendor :STMicroelectronics X-CUBE-BLE1 7.1.0
2025-04-11 08:24:02,284 [INFO] ThirdParty:1030 - CMSIS Pack Vendor :STMicroelectronics X-CUBE-SMBUS 2.1.0
2025-04-11 08:24:02,285 [INFO] ThirdParty:1030 - CMSIS Pack Vendor :STMicroelectronics X-CUBE-WB05N 1.1.0
2025-04-11 08:24:02,285 [INFO] ThirdParty:1030 - CMSIS Pack Vendor :STMicroelectronics USB_DEVICE 3.0.0
2025-04-11 08:24:02,285 [INFO] ThirdParty:1030 - CMSIS Pack Vendor :STMicroelectronics X-CUBE-TCPP 4.1.0
2025-04-11 08:24:02,285 [INFO] ThirdParty:1030 - CMSIS Pack Vendor :STMicroelectronics X-CUBE-ISPU 2.1.0
2025-04-11 08:24:02,285 [INFO] ThirdParty:1030 - CMSIS Pack Vendor :STMicroelectronics X-CUBE-FREERTOS 1.2.0
2025-04-11 08:24:02,285 [INFO] ThirdParty:1030 - CMSIS Pack Vendor :STMicroelectronics X-CUBE-IPS 3.0.0
2025-04-11 08:24:02,285 [INFO] ThirdParty:1030 - CMSIS Pack Vendor :STMicroelectronics X-CUBE-AZRTOS-WB 2.0.0
2025-04-11 08:24:02,285 [INFO] ThirdParty:1030 - CMSIS Pack Vendor :STMicroelectronics X-CUBE-GNSS1 7.0.0
2025-04-11 08:24:02,285 [INFO] ThirdParty:1030 - CMSIS Pack Vendor :STMicroelectronics X-CUBE-GNSS1 7.0.1
2025-04-11 08:24:02,285 [INFO] ThirdParty:1030 - CMSIS Pack Vendor :STMicroelectronics X-CUBE-AZRTOS-F7 1.1.0
2025-04-11 08:24:02,285 [INFO] ThirdParty:1030 - CMSIS Pack Vendor :STMicroelectronics X-CUBE-AZRTOS-L5 2.0.0
2025-04-11 08:24:02,285 [INFO] ThirdParty:1030 - CMSIS Pack Vendor :STMicroelectronics X-CUBE-TOUCHGFX 4.25.0
2025-04-11 08:24:02,285 [INFO] ThirdParty:1030 - CMSIS Pack Vendor :STMicroelectronics USB_DEVICE 2.0.0
2025-04-11 08:24:02,285 [INFO] ThirdParty:1030 - CMSIS Pack Vendor :STMicroelectronics X-CUBE-NFC6 3.1.0
2025-04-11 08:24:02,285 [INFO] ThirdParty:1030 - CMSIS Pack Vendor :STMicroelectronics FP-SNS-STBOX1 2.0.0
2025-04-11 08:24:02,285 [INFO] ThirdParty:1030 - CMSIS Pack Vendor :STMicroelectronics X-CUBE-MEMS1 11.0.0
2025-04-11 08:24:02,285 [INFO] ThirdParty:1030 - CMSIS Pack Vendor :STMicroelectronics FreeRTOS 0.0.1
2025-04-11 08:24:02,285 [INFO] ThirdParty:1030 - CMSIS Pack Vendor :STMicroelectronics X-CUBE-AZRTOS-G0 1.1.0
2025-04-11 08:24:02,285 [INFO] ThirdParty:1030 - CMSIS Pack Vendor :STMicroelectronics X-CUBE-SAFEA1 1.2.2
2025-04-11 08:24:02,285 [INFO] ThirdParty:1030 - CMSIS Pack Vendor :STMicroelectronics X-CUBE-NFC4 3.0.0
2025-04-11 08:24:02,285 [INFO] ThirdParty:1030 - CMSIS Pack Vendor :STMicroelectronics X-CUBE-DPower 1.2.0
2025-04-11 08:24:02,285 [INFO] ThirdParty:1030 - CMSIS Pack Vendor :STMicroelectronics X-CUBE-SUBG2 5.0.0
2025-04-11 08:24:02,285 [INFO] ThirdParty:1030 - CMSIS Pack Vendor :STMicroelectronics X-CUBE-AZRTOS-H7RS 1.1.0
2025-04-11 08:24:02,285 [INFO] ThirdParty:1030 - CMSIS Pack Vendor :STMicroelectronics STM32_WPAN 1.0.0
2025-04-11 08:24:02,285 [INFO] ThirdParty:1030 - CMSIS Pack Vendor :EmbeddedOffice I-CUBE-FS-RTOS 1.0.1
2025-04-11 08:24:02,285 [INFO] ThirdParty:1030 - CMSIS Pack Vendor :STMicroelectronics lwIP 2.0.3
2025-04-11 08:24:02,286 [INFO] ThirdParty:1030 - CMSIS Pack Vendor :STMicroelectronics FP-SNS-FLIGHT1 5.0.2
2025-04-11 08:24:02,286 [INFO] ThirdParty:1030 - CMSIS Pack Vendor :Cesanta I-CUBE-Mongoose 7.13.0
2025-04-11 08:24:02,286 [INFO] ThirdParty:1030 - CMSIS Pack Vendor :STMicroelectronics USB_HOST 1.0.0
2025-04-11 08:24:02,286 [INFO] ThirdParty:1030 - CMSIS Pack Vendor :Infineon AIROC-Wi-Fi-Bluetooth-STM32 1.7.0
2025-04-11 08:24:02,286 [INFO] ThirdParty:1030 - CMSIS Pack Vendor :STMicroelectronics X-CUBE-AZRTOS-G4 2.0.0
2025-04-11 08:24:02,286 [INFO] ThirdParty:1030 - CMSIS Pack Vendor :STMicroelectronics PDM2PCM 3.1.0
2025-04-11 08:24:02,286 [INFO] ThirdParty:1030 - CMSIS Pack Vendor :STMicroelectronics PDM2PCM 3.3.0
2025-04-11 08:24:02,286 [INFO] ThirdParty:1030 - CMSIS Pack Vendor :STMicroelectronics X-CUBE-DISPLAY 3.0.0
2025-04-11 08:24:02,286 [INFO] ThirdParty:1030 - CMSIS Pack Vendor :STMicroelectronics X-CUBE-TCPP 4.2.0
2025-04-11 08:24:02,286 [INFO] ThirdParty:1030 - CMSIS Pack Vendor :RealThread X-CUBE-RT-Thread_Nano 4.1.1
2025-04-11 08:24:02,286 [INFO] ThirdParty:1030 - CMSIS Pack Vendor :STMicroelectronics X-CUBE-BLE1 7.0.0
2025-04-11 08:24:02,286 [INFO] ThirdParty:1030 - CMSIS Pack Vendor :STMicroelectronics FP-ATR-SIGFOX1 3.2.0
2025-04-11 08:24:02,286 [INFO] ThirdParty:1030 - CMSIS Pack Vendor :STMicroelectronics X-CUBE-NFC10 1.0.0
2025-04-11 08:24:02,286 [INFO] ThirdParty:1030 - CMSIS Pack Vendor :quantropi X-CUBE-qispace-sdk-base 1.9.3
2025-04-11 08:24:02,286 [INFO] ThirdParty:1030 - CMSIS Pack Vendor :STMicroelectronics X-CUBE-BLEMGR 4.0.0
2025-04-11 08:24:02,286 [INFO] ThirdParty:1030 - CMSIS Pack Vendor :STMicroelectronics X-CUBE-EEPRMA1 5.1.0
2025-04-11 08:24:02,286 [INFO] ThirdParty:1030 - CMSIS Pack Vendor :STMicroelectronics HAL Drivers 0.0.0
2025-04-11 08:24:02,286 [INFO] ThirdParty:1030 - CMSIS Pack Vendor :STMicroelectronics MBEDTLS 2.16.2
2025-04-11 08:24:02,286 [INFO] ThirdParty:1030 - CMSIS Pack Vendor :STMicroelectronics X-CUBE-IPS 3.1.0
2025-04-11 08:24:02,286 [INFO] ThirdParty:1030 - CMSIS Pack Vendor :STMicroelectronics X-CUBE-ALS 1.0.2
2025-04-11 08:24:02,286 [INFO] ThirdParty:1030 - CMSIS Pack Vendor :emotas I-CUBE-CANOPEN 1.3.0
2025-04-11 08:24:02,286 [INFO] ThirdParty:1030 - CMSIS Pack Vendor :STMicroelectronics X-CUBE-FREERTOS 1.3.0
2025-04-11 08:24:02,286 [INFO] ThirdParty:1030 - CMSIS Pack Vendor :wolfSSL I-CUBE-wolfSSL 5.7.4
2025-04-11 08:24:02,286 [INFO] ThirdParty:1030 - CMSIS Pack Vendor :STMicroelectronics X-CUBE-NFC7 1.0.1
2025-04-11 08:24:02,286 [INFO] ThirdParty:1030 - CMSIS Pack Vendor :STMicroelectronics MBEDTLS 2.14.1
2025-04-11 08:24:02,286 [INFO] ThirdParty:1030 - CMSIS Pack Vendor :ITTIA_DB I-CUBE-ITTIADB 8.9.0
2025-04-11 08:24:02,286 [INFO] ThirdParty:1030 - CMSIS Pack Vendor :STMicroelectronics X-CUBE-TOUCHGFX 4.24.2
2025-04-11 08:24:02,286 [INFO] ThirdParty:1030 - CMSIS Pack Vendor :STMicroelectronics X-CUBE-TOUCHGFX 4.24.1
2025-04-11 08:24:02,286 [INFO] ThirdParty:1030 - CMSIS Pack Vendor :wolfSSL I-CUBE-wolfTPM 3.4.0
2025-04-11 08:24:02,286 [INFO] ThirdParty:1030 - CMSIS Pack Vendor :portGmbH I-Cube-SoM-uGOAL 1.1.0
2025-04-11 08:24:02,286 [INFO] ThirdParty:1030 - CMSIS Pack Vendor :STMicroelectronics X-CUBE-BLEMGR 3.1.0
2025-04-11 08:24:02,286 [INFO] ThirdParty:1030 - CMSIS Pack Vendor :STMicroelectronics X-CUBE-AI 10.0.0
2025-04-11 08:24:02,286 [INFO] ThirdParty:1030 - CMSIS Pack Vendor :STMicroelectronics ThreadX 1.0.0
2025-04-11 08:24:02,286 [INFO] ThirdParty:1030 - CMSIS Pack Vendor :STMicroelectronics FP-SNS-SMARTAG2 1.2.0
2025-04-11 08:24:02,286 [INFO] ThirdParty:1030 - CMSIS Pack Vendor :STMicroelectronics FP-SNS-FLIGHT1 5.1.0
2025-04-11 08:24:02,286 [INFO] ThirdParty:1030 - CMSIS Pack Vendor :STMicroelectronics X-CUBE-MEMS1 11.1.0
2025-04-11 08:24:02,286 [INFO] ThirdParty:1030 - CMSIS Pack Vendor :STMicroelectronics X-CUBE-AZRTOS-WL 2.0.0
2025-04-11 08:24:02,286 [INFO] ThirdParty:1030 - CMSIS Pack Vendor :SEGGER I-CUBE-embOS 1.3.1
2025-04-11 08:24:02,286 [INFO] ThirdParty:1030 - CMSIS Pack Vendor :STMicroelectronics X-CUBE-ALGOBUILD 1.4.0
2025-04-11 08:24:02,286 [INFO] ThirdParty:1030 - CMSIS Pack Vendor :STMicroelectronics X-CUBE-DPower 1.3.0
2025-04-11 08:24:02,286 [INFO] ThirdParty:1030 - CMSIS Pack Vendor :STMicroelectronics FP-SNS-MOTENV1 5.0.0
2025-04-11 08:24:02,286 [INFO] ThirdParty:1030 - CMSIS Pack Vendor :STMicroelectronics USB_DEVICE 1.0.0
2025-04-11 08:24:02,286 [INFO] ThirdParty:1030 - CMSIS Pack Vendor :STMicroelectronics X-CUBE-AZRTOS-H7RS 1.0.0
2025-04-11 08:24:02,286 [INFO] ThirdParty:1030 - CMSIS Pack Vendor :wolfSSL I-CUBE-wolfMQTT 1.19.0
2025-04-11 08:24:02,286 [INFO] ThirdParty:1030 - CMSIS Pack Vendor :STMicroelectronics X-CUBE-AZRTOS-L4 2.0.0
2025-04-11 08:24:02,286 [INFO] ThirdParty:1030 - CMSIS Pack Vendor :STMicroelectronics ThreadX 0.0.2
2025-04-11 08:24:02,286 [INFO] ThirdParty:1030 - CMSIS Pack Vendor :WES I-CUBE-Cesium 1.3.0
2025-04-11 08:24:02,286 [INFO] ThirdParty:1030 - CMSIS Pack Vendor :STMicroelectronics FP-ATR-ASTRA1 2.0.0
2025-04-11 08:24:02,286 [INFO] ThirdParty:1030 - CMSIS Pack Vendor :STMicroelectronics lwIP 2.1.2
2025-04-11 08:24:02,286 [INFO] ThirdParty:1030 - CMSIS Pack Vendor :STMicroelectronics X-CUBE-SFXS2LP1 4.0.0
2025-04-11 08:24:02,286 [INFO] ThirdParty:1030 - CMSIS Pack Vendor :STMicroelectronics X-CUBE-BLE2 3.3.0
2025-04-11 08:24:02,286 [INFO] ThirdParty:1030 - CMSIS Pack Vendor :STMicroelectronics X-CUBE-TOF1 3.4.2
2025-04-11 08:24:02,286 [INFO] ThirdParty:1030 - CMSIS Pack Vendor :STMicroelectronics X-CUBE-AI 9.1.0
2025-04-11 08:24:02,286 [INFO] ThirdParty:1030 - CMSIS Pack Vendor :Infineon AIROC-Wi-Fi-Bluetooth-STM32 1.6.1
2025-04-11 08:24:02,286 [INFO] ThirdParty:1030 - CMSIS Pack Vendor :STMicroelectronics PDM2PCM 3.2.0
2025-04-11 08:24:02,286 [INFO] ThirdParty:1030 - CMSIS Pack Vendor :wolfSSL I-CUBE-wolfSSH 1.4.17
2025-04-11 08:24:02,286 [INFO] ThirdParty:841 - exiting critical section [change project]
2025-04-11 08:24:02,701 [INFO] PinOutPanel:1589 - setPackage(No Configuration,No Configuration)
2025-04-11 08:24:02,703 [INFO] PinOutPanel:1589 - setPackage(STM32F303RETx,LQFP64)
2025-04-11 08:24:03,167 [INFO] UtilMem:75 - Before build in PCC Used Memory: 231162576 Bytes (408944640)
2025-04-11 08:24:03,273 [ERROR] LogOutputStream:75 - [STDERR_REDIRECT] [Fatal Error] :1:1: Premature end of file.
2025-04-11 08:24:03,275 [ERROR] LogOutputStream:75 - [STDERR_REDIRECT] 
2025-04-11 08:24:03,923 [INFO] UtilMem:75 - After build in PCC Used Memory: 297296432 Bytes (408944640)
2025-04-11 08:24:03,948 [INFO] IPUIPlugin:80 - create IPUIPlugin
2025-04-11 08:24:03,948 [INFO] IPUIPlugin:80 - create IPUIPlugin
2025-04-11 08:24:03,948 [INFO] IPUIPlugin:80 - create IPUIPlugin
2025-04-11 08:24:03,948 [INFO] IPUIPlugin:80 - create IPUIPlugin
2025-04-11 08:24:03,949 [INFO] IPUIPlugin:80 - create IPUIPlugin
2025-04-11 08:24:03,949 [INFO] IPUIPlugin:80 - create IPUIPlugin
2025-04-11 08:24:03,949 [INFO] IPUIPlugin:80 - create IPUIPlugin
2025-04-11 08:24:03,949 [INFO] IPUIPlugin:80 - create IPUIPlugin
2025-04-11 08:24:03,949 [INFO] IPUIPlugin:80 - create IPUIPlugin
2025-04-11 08:24:03,949 [INFO] IPUIPlugin:80 - create IPUIPlugin
2025-04-11 08:24:03,949 [INFO] IPUIPlugin:80 - create IPUIPlugin
2025-04-11 08:24:03,949 [INFO] IPUIPlugin:80 - create IPUIPlugin
2025-04-11 08:24:03,949 [INFO] IPUIPlugin:80 - create IPUIPlugin
2025-04-11 08:24:03,949 [INFO] IPUIPlugin:80 - create IPUIPlugin
2025-04-11 08:24:03,949 [INFO] IPUIPlugin:80 - create IPUIPlugin
2025-04-11 08:24:03,949 [INFO] IPUIPlugin:80 - create IPUIPlugin
2025-04-11 08:24:03,949 [INFO] IPUIPlugin:80 - create IPUIPlugin
2025-04-11 08:24:03,949 [INFO] IPUIPlugin:80 - create IPUIPlugin
2025-04-11 08:24:03,949 [INFO] IPUIPlugin:80 - create IPUIPlugin
2025-04-11 08:24:03,949 [INFO] IPUIPlugin:80 - create IPUIPlugin
2025-04-11 08:24:03,949 [INFO] IPUIPlugin:80 - create IPUIPlugin
2025-04-11 08:24:03,949 [INFO] IPUIPlugin:80 - create IPUIPlugin
2025-04-11 08:24:03,950 [INFO] IPUIPlugin:80 - create IPUIPlugin
2025-04-11 08:24:03,950 [INFO] IPUIPlugin:80 - create IPUIPlugin
2025-04-11 08:24:03,950 [INFO] IPUIPlugin:80 - create IPUIPlugin
2025-04-11 08:24:03,950 [INFO] IPUIPlugin:80 - create IPUIPlugin
2025-04-11 08:24:03,950 [INFO] IPUIPlugin:80 - create IPUIPlugin
2025-04-11 08:24:03,950 [INFO] IPUIPlugin:80 - create IPUIPlugin
2025-04-11 08:24:03,950 [INFO] IPUIPlugin:80 - create IPUIPlugin
2025-04-11 08:24:03,950 [INFO] IPUIPlugin:80 - create IPUIPlugin
2025-04-11 08:24:03,950 [INFO] IPUIPlugin:80 - create IPUIPlugin
2025-04-11 08:24:03,950 [INFO] IPUIPlugin:80 - create IPUIPlugin
2025-04-11 08:24:03,950 [INFO] IPUIPlugin:80 - create IPUIPlugin
2025-04-11 08:24:03,951 [INFO] IPUIPlugin:80 - create IPUIPlugin
2025-04-11 08:24:03,951 [INFO] IPUIPlugin:80 - create IPUIPlugin
2025-04-11 08:24:03,951 [INFO] IPUIPlugin:80 - create IPUIPlugin
2025-04-11 08:24:03,951 [INFO] IPUIPlugin:80 - create IPUIPlugin
2025-04-11 08:24:03,951 [INFO] IPUIPlugin:80 - create IPUIPlugin
2025-04-11 08:24:03,951 [INFO] IPUIPlugin:80 - create IPUIPlugin
2025-04-11 08:24:03,951 [INFO] IPUIPlugin:80 - create IPUIPlugin
2025-04-11 08:24:03,951 [INFO] IPUIPlugin:80 - create IPUIPlugin
2025-04-11 08:24:03,951 [INFO] IPUIPlugin:80 - create IPUIPlugin
2025-04-11 08:24:03,952 [INFO] IPUIPlugin:80 - create IPUIPlugin
2025-04-11 08:24:03,952 [INFO] IPUIPlugin:80 - create IPUIPlugin
2025-04-11 08:24:03,952 [INFO] IPUIPlugin:80 - create IPUIPlugin
2025-04-11 08:24:03,952 [INFO] IPUIPlugin:80 - create IPUIPlugin
2025-04-11 08:24:03,952 [INFO] IPUIPlugin:80 - create IPUIPlugin
2025-04-11 08:24:03,952 [INFO] IPUIPlugin:80 - create IPUIPlugin
2025-04-11 08:24:03,952 [INFO] IPUIPlugin:80 - create IPUIPlugin
2025-04-11 08:24:03,953 [INFO] IPUIPlugin:80 - create IPUIPlugin
2025-04-11 08:24:03,953 [INFO] IPUIPlugin:80 - create IPUIPlugin
2025-04-11 08:24:03,953 [INFO] IPUIPlugin:80 - create IPUIPlugin
2025-04-11 08:24:03,953 [INFO] IPUIPlugin:80 - create IPUIPlugin
2025-04-11 08:24:03,953 [INFO] IPUIPlugin:80 - create IPUIPlugin
2025-04-11 08:24:03,953 [INFO] IPUIPlugin:80 - create IPUIPlugin
2025-04-11 08:24:03,953 [INFO] IPUIPlugin:80 - create IPUIPlugin
2025-04-11 08:24:04,180 [INFO] CADModel:165 - CPN selected for project levelSTM32F303RET6
2025-04-11 08:24:04,180 [INFO] CADModel:114 - Register for checkConnection events
2025-04-11 08:24:04,236 [INFO] OpenFileManager:385 - Restore cursor
2025-04-11 08:24:04,288 [ERROR] LogOutputStream:75 - [STDERR_REDIRECT] [Fatal Error] :1:1: Premature end of file.
2025-04-11 08:24:04,288 [ERROR] LogOutputStream:75 - [STDERR_REDIRECT] 
2025-04-11 08:24:05,304 [ERROR] LogOutputStream:75 - [STDERR_REDIRECT] [Fatal Error] :1:1: Premature end of file.
2025-04-11 08:24:05,305 [ERROR] LogOutputStream:75 - [STDERR_REDIRECT] 
2025-04-11 08:24:06,293 [ERROR] LogOutputStream:75 - [STDERR_REDIRECT] [Fatal Error] :1:1: Premature end of file.
2025-04-11 08:24:06,293 [ERROR] LogOutputStream:75 - [STDERR_REDIRECT] 
2025-04-11 08:24:07,300 [ERROR] LogOutputStream:75 - [STDERR_REDIRECT] [Fatal Error] :1:1: Premature end of file.
2025-04-11 08:24:07,301 [ERROR] LogOutputStream:75 - [STDERR_REDIRECT] 
2025-04-11 08:24:08,289 [ERROR] LogOutputStream:75 - [STDERR_REDIRECT] [Fatal Error] :1:1: Premature end of file.
2025-04-11 08:24:08,290 [ERROR] LogOutputStream:75 - [STDERR_REDIRECT] 
2025-04-11 08:24:09,305 [ERROR] LogOutputStream:75 - [STDERR_REDIRECT] [Fatal Error] :1:1: Premature end of file.
2025-04-11 08:24:09,305 [ERROR] LogOutputStream:75 - [STDERR_REDIRECT] 
2025-04-11 08:24:10,278 [ERROR] LogOutputStream:75 - [STDERR_REDIRECT] [Fatal Error] :1:1: Premature end of file.
2025-04-11 08:24:10,278 [ERROR] LogOutputStream:75 - [STDERR_REDIRECT] 
2025-04-11 08:24:11,288 [ERROR] LogOutputStream:75 - [STDERR_REDIRECT] [Fatal Error] :1:1: Premature end of file.
2025-04-11 08:24:11,288 [ERROR] LogOutputStream:75 - [STDERR_REDIRECT] 
2025-04-11 08:24:12,312 [ERROR] LogOutputStream:75 - [STDERR_REDIRECT] [Fatal Error] :1:1: Premature end of file.
2025-04-11 08:24:12,312 [ERROR] LogOutputStream:75 - [STDERR_REDIRECT] 
2025-04-11 08:24:13,290 [ERROR] LogOutputStream:75 - [STDERR_REDIRECT] [Fatal Error] :1:1: Premature end of file.
2025-04-11 08:24:13,290 [ERROR] LogOutputStream:75 - [STDERR_REDIRECT] 
2025-04-11 08:24:14,333 [ERROR] LogOutputStream:75 - [STDERR_REDIRECT] [Fatal Error] :1:1: Premature end of file.
2025-04-11 08:24:14,334 [ERROR] LogOutputStream:75 - [STDERR_REDIRECT] 
2025-04-11 08:24:15,308 [ERROR] LogOutputStream:75 - [STDERR_REDIRECT] [Fatal Error] :1:1: Premature end of file.
2025-04-11 08:24:15,308 [ERROR] LogOutputStream:75 - [STDERR_REDIRECT] 
2025-04-11 08:24:16,320 [ERROR] LogOutputStream:75 - [STDERR_REDIRECT] [Fatal Error] :1:1: Premature end of file.
2025-04-11 08:24:16,321 [ERROR] LogOutputStream:75 - [STDERR_REDIRECT] 
2025-04-11 08:24:17,282 [ERROR] LogOutputStream:75 - [STDERR_REDIRECT] [Fatal Error] :1:1: Premature end of file.
2025-04-11 08:24:17,282 [ERROR] LogOutputStream:75 - [STDERR_REDIRECT] 
2025-04-11 08:24:18,281 [ERROR] LogOutputStream:75 - [STDERR_REDIRECT] [Fatal Error] :1:1: Premature end of file.
2025-04-11 08:24:18,281 [ERROR] LogOutputStream:75 - [STDERR_REDIRECT] 
2025-04-11 08:24:19,270 [ERROR] LogOutputStream:75 - [STDERR_REDIRECT] [Fatal Error] :1:1: Premature end of file.
2025-04-11 08:24:19,271 [ERROR] LogOutputStream:75 - [STDERR_REDIRECT] 
2025-04-11 08:24:20,323 [ERROR] LogOutputStream:75 - [STDERR_REDIRECT] [Fatal Error] :1:1: Premature end of file.
2025-04-11 08:24:20,323 [ERROR] LogOutputStream:75 - [STDERR_REDIRECT] 
2025-04-11 08:24:21,275 [ERROR] LogOutputStream:75 - [STDERR_REDIRECT] [Fatal Error] :1:1: Premature end of file.
2025-04-11 08:24:21,275 [ERROR] LogOutputStream:75 - [STDERR_REDIRECT] 
2025-04-11 08:24:22,302 [ERROR] LogOutputStream:75 - [STDERR_REDIRECT] [Fatal Error] :1:1: Premature end of file.
2025-04-11 08:24:22,302 [ERROR] LogOutputStream:75 - [STDERR_REDIRECT] 
2025-04-11 08:24:23,307 [ERROR] LogOutputStream:75 - [STDERR_REDIRECT] [Fatal Error] :1:1: Premature end of file.
2025-04-11 08:24:23,307 [ERROR] LogOutputStream:75 - [STDERR_REDIRECT] 
2025-04-11 08:24:24,272 [ERROR] LogOutputStream:75 - [STDERR_REDIRECT] [Fatal Error] :1:1: Premature end of file.
2025-04-11 08:24:24,272 [ERROR] LogOutputStream:75 - [STDERR_REDIRECT] 
2025-04-11 08:24:25,304 [ERROR] LogOutputStream:75 - [STDERR_REDIRECT] [Fatal Error] :1:1: Premature end of file.
2025-04-11 08:24:25,304 [ERROR] LogOutputStream:75 - [STDERR_REDIRECT] 
2025-04-11 08:24:26,296 [ERROR] LogOutputStream:75 - [STDERR_REDIRECT] [Fatal Error] :1:1: Premature end of file.
2025-04-11 08:24:26,296 [ERROR] LogOutputStream:75 - [STDERR_REDIRECT] 
2025-04-11 08:24:27,313 [ERROR] LogOutputStream:75 - [STDERR_REDIRECT] [Fatal Error] :1:1: Premature end of file.
2025-04-11 08:24:27,313 [ERROR] LogOutputStream:75 - [STDERR_REDIRECT] 
2025-04-11 08:24:28,298 [ERROR] LogOutputStream:75 - [STDERR_REDIRECT] [Fatal Error] :1:1: Premature end of file.
2025-04-11 08:24:28,299 [ERROR] LogOutputStream:75 - [STDERR_REDIRECT] 
2025-04-11 08:24:29,306 [ERROR] LogOutputStream:75 - [STDERR_REDIRECT] [Fatal Error] :1:1: Premature end of file.
2025-04-11 08:24:29,306 [ERROR] LogOutputStream:75 - [STDERR_REDIRECT] 
2025-04-11 08:24:30,305 [ERROR] LogOutputStream:75 - [STDERR_REDIRECT] [Fatal Error] :1:1: Premature end of file.
2025-04-11 08:24:30,305 [ERROR] LogOutputStream:75 - [STDERR_REDIRECT] 
2025-04-11 08:24:31,307 [ERROR] LogOutputStream:75 - [STDERR_REDIRECT] [Fatal Error] :1:1: Premature end of file.
2025-04-11 08:24:31,307 [ERROR] LogOutputStream:75 - [STDERR_REDIRECT] 
2025-04-11 08:24:32,283 [ERROR] LogOutputStream:75 - [STDERR_REDIRECT] [Fatal Error] :1:1: Premature end of file.
2025-04-11 08:24:32,284 [ERROR] LogOutputStream:75 - [STDERR_REDIRECT] 
2025-04-11 08:24:33,304 [ERROR] LogOutputStream:75 - [STDERR_REDIRECT] [Fatal Error] :1:1: Premature end of file.
2025-04-11 08:24:33,304 [ERROR] LogOutputStream:75 - [STDERR_REDIRECT] 
2025-04-11 08:24:34,295 [ERROR] LogOutputStream:75 - [STDERR_REDIRECT] [Fatal Error] :1:1: Premature end of file.
2025-04-11 08:24:34,295 [ERROR] LogOutputStream:75 - [STDERR_REDIRECT] 
2025-04-11 08:24:35,281 [ERROR] LogOutputStream:75 - [STDERR_REDIRECT] [Fatal Error] :1:1: Premature end of file.
2025-04-11 08:24:35,281 [ERROR] LogOutputStream:75 - [STDERR_REDIRECT] 
2025-04-11 08:24:36,285 [ERROR] LogOutputStream:75 - [STDERR_REDIRECT] [Fatal Error] :1:1: Premature end of file.
2025-04-11 08:24:36,286 [ERROR] LogOutputStream:75 - [STDERR_REDIRECT] 
2025-04-11 08:24:37,315 [ERROR] LogOutputStream:75 - [STDERR_REDIRECT] [Fatal Error] :1:1: Premature end of file.
2025-04-11 08:24:37,315 [ERROR] LogOutputStream:75 - [STDERR_REDIRECT] 
2025-04-11 08:24:38,308 [ERROR] LogOutputStream:75 - [STDERR_REDIRECT] [Fatal Error] :1:1: Premature end of file.
2025-04-11 08:24:38,308 [ERROR] LogOutputStream:75 - [STDERR_REDIRECT] 
2025-04-11 08:24:39,277 [ERROR] LogOutputStream:75 - [STDERR_REDIRECT] [Fatal Error] :1:1: Premature end of file.
2025-04-11 08:24:39,278 [ERROR] LogOutputStream:75 - [STDERR_REDIRECT] 
2025-04-11 08:24:40,275 [ERROR] LogOutputStream:75 - [STDERR_REDIRECT] [Fatal Error] :1:1: Premature end of file.
2025-04-11 08:24:40,275 [ERROR] LogOutputStream:75 - [STDERR_REDIRECT] 
2025-04-11 08:24:41,304 [ERROR] LogOutputStream:75 - [STDERR_REDIRECT] [Fatal Error] :1:1: Premature end of file.
2025-04-11 08:24:41,304 [ERROR] LogOutputStream:75 - [STDERR_REDIRECT] 
2025-04-11 08:24:42,286 [ERROR] LogOutputStream:75 - [STDERR_REDIRECT] [Fatal Error] :1:1: Premature end of file.
2025-04-11 08:24:42,286 [ERROR] LogOutputStream:75 - [STDERR_REDIRECT] 
2025-04-11 08:24:43,309 [ERROR] LogOutputStream:75 - [STDERR_REDIRECT] [Fatal Error] :1:1: Premature end of file.
2025-04-11 08:24:43,310 [ERROR] LogOutputStream:75 - [STDERR_REDIRECT] 
2025-04-11 08:24:44,310 [ERROR] LogOutputStream:75 - [STDERR_REDIRECT] [Fatal Error] :1:1: Premature end of file.
2025-04-11 08:24:44,311 [ERROR] LogOutputStream:75 - [STDERR_REDIRECT] 
2025-04-11 08:24:45,308 [ERROR] LogOutputStream:75 - [STDERR_REDIRECT] [Fatal Error] :1:1: Premature end of file.
2025-04-11 08:24:45,308 [ERROR] LogOutputStream:75 - [STDERR_REDIRECT] 
2025-04-11 08:24:46,307 [ERROR] LogOutputStream:75 - [STDERR_REDIRECT] [Fatal Error] :1:1: Premature end of file.
2025-04-11 08:24:46,308 [ERROR] LogOutputStream:75 - [STDERR_REDIRECT] 
2025-04-11 08:24:47,305 [ERROR] LogOutputStream:75 - [STDERR_REDIRECT] [Fatal Error] :1:1: Premature end of file.
2025-04-11 08:24:47,305 [ERROR] LogOutputStream:75 - [STDERR_REDIRECT] 
2025-04-11 08:24:48,306 [ERROR] LogOutputStream:75 - [STDERR_REDIRECT] [Fatal Error] :1:1: Premature end of file.
2025-04-11 08:24:48,306 [ERROR] LogOutputStream:75 - [STDERR_REDIRECT] 
2025-04-11 08:24:49,310 [ERROR] LogOutputStream:75 - [STDERR_REDIRECT] [Fatal Error] :1:1: Premature end of file.
2025-04-11 08:24:49,311 [ERROR] LogOutputStream:75 - [STDERR_REDIRECT] 
2025-04-11 08:24:50,305 [ERROR] LogOutputStream:75 - [STDERR_REDIRECT] [Fatal Error] :1:1: Premature end of file.
2025-04-11 08:24:50,305 [ERROR] LogOutputStream:75 - [STDERR_REDIRECT] 
2025-04-11 08:24:51,305 [ERROR] LogOutputStream:75 - [STDERR_REDIRECT] [Fatal Error] :1:1: Premature end of file.
2025-04-11 08:24:51,305 [ERROR] LogOutputStream:75 - [STDERR_REDIRECT] 
2025-04-11 08:24:52,309 [ERROR] LogOutputStream:75 - [STDERR_REDIRECT] [Fatal Error] :1:1: Premature end of file.
2025-04-11 08:24:52,310 [ERROR] LogOutputStream:75 - [STDERR_REDIRECT] 
2025-04-11 08:24:53,309 [ERROR] LogOutputStream:75 - [STDERR_REDIRECT] [Fatal Error] :1:1: Premature end of file.
2025-04-11 08:24:53,309 [ERROR] LogOutputStream:75 - [STDERR_REDIRECT] 
2025-04-11 08:24:54,312 [ERROR] LogOutputStream:75 - [STDERR_REDIRECT] [Fatal Error] :1:1: Premature end of file.
2025-04-11 08:24:54,312 [ERROR] LogOutputStream:75 - [STDERR_REDIRECT] 
2025-04-11 08:24:55,313 [ERROR] LogOutputStream:75 - [STDERR_REDIRECT] [Fatal Error] :1:1: Premature end of file.
2025-04-11 08:24:55,313 [ERROR] LogOutputStream:75 - [STDERR_REDIRECT] 
2025-04-11 08:24:56,290 [ERROR] LogOutputStream:75 - [STDERR_REDIRECT] [Fatal Error] :1:1: Premature end of file.
2025-04-11 08:24:56,291 [ERROR] LogOutputStream:75 - [STDERR_REDIRECT] 
2025-04-11 08:24:57,311 [ERROR] LogOutputStream:75 - [STDERR_REDIRECT] [Fatal Error] :1:1: Premature end of file.
2025-04-11 08:24:57,311 [ERROR] LogOutputStream:75 - [STDERR_REDIRECT] 
2025-04-11 08:24:58,305 [ERROR] LogOutputStream:75 - [STDERR_REDIRECT] [Fatal Error] :1:1: Premature end of file.
2025-04-11 08:24:58,305 [ERROR] LogOutputStream:75 - [STDERR_REDIRECT] 
2025-04-11 08:24:59,306 [ERROR] LogOutputStream:75 - [STDERR_REDIRECT] [Fatal Error] :1:1: Premature end of file.
2025-04-11 08:24:59,306 [ERROR] LogOutputStream:75 - [STDERR_REDIRECT] 
2025-04-11 08:25:00,306 [ERROR] LogOutputStream:75 - [STDERR_REDIRECT] [Fatal Error] :1:1: Premature end of file.
2025-04-11 08:25:00,307 [ERROR] LogOutputStream:75 - [STDERR_REDIRECT] 
2025-04-11 08:25:01,314 [ERROR] LogOutputStream:75 - [STDERR_REDIRECT] [Fatal Error] :1:1: Premature end of file.
2025-04-11 08:25:01,314 [ERROR] LogOutputStream:75 - [STDERR_REDIRECT] 
2025-04-11 08:25:02,313 [ERROR] LogOutputStream:75 - [STDERR_REDIRECT] [Fatal Error] :1:1: Premature end of file.
2025-04-11 08:25:02,313 [ERROR] LogOutputStream:75 - [STDERR_REDIRECT] 
2025-04-11 08:25:03,313 [ERROR] LogOutputStream:75 - [STDERR_REDIRECT] [Fatal Error] :1:1: Premature end of file.
2025-04-11 08:25:03,313 [ERROR] LogOutputStream:75 - [STDERR_REDIRECT] 
2025-04-11 08:25:04,312 [ERROR] LogOutputStream:75 - [STDERR_REDIRECT] [Fatal Error] :1:1: Premature end of file.
2025-04-11 08:25:04,312 [ERROR] LogOutputStream:75 - [STDERR_REDIRECT] 
2025-04-11 08:25:05,308 [ERROR] LogOutputStream:75 - [STDERR_REDIRECT] [Fatal Error] :1:1: Premature end of file.
2025-04-11 08:25:05,308 [ERROR] LogOutputStream:75 - [STDERR_REDIRECT] 
2025-04-11 08:25:06,309 [ERROR] LogOutputStream:75 - [STDERR_REDIRECT] [Fatal Error] :1:1: Premature end of file.
2025-04-11 08:25:06,309 [ERROR] LogOutputStream:75 - [STDERR_REDIRECT] 
2025-04-11 08:25:07,309 [ERROR] LogOutputStream:75 - [STDERR_REDIRECT] [Fatal Error] :1:1: Premature end of file.
2025-04-11 08:25:07,310 [ERROR] LogOutputStream:75 - [STDERR_REDIRECT] 
2025-04-11 08:25:08,304 [ERROR] LogOutputStream:75 - [STDERR_REDIRECT] [Fatal Error] :1:1: Premature end of file.
2025-04-11 08:25:08,304 [ERROR] LogOutputStream:75 - [STDERR_REDIRECT] 
2025-04-11 08:25:09,308 [ERROR] LogOutputStream:75 - [STDERR_REDIRECT] [Fatal Error] :1:1: Premature end of file.
2025-04-11 08:25:09,308 [ERROR] LogOutputStream:75 - [STDERR_REDIRECT] 
2025-04-11 08:25:10,311 [ERROR] LogOutputStream:75 - [STDERR_REDIRECT] [Fatal Error] :1:1: Premature end of file.
2025-04-11 08:25:10,311 [ERROR] LogOutputStream:75 - [STDERR_REDIRECT] 
2025-04-11 08:25:11,308 [ERROR] LogOutputStream:75 - [STDERR_REDIRECT] [Fatal Error] :1:1: Premature end of file.
2025-04-11 08:25:11,308 [ERROR] LogOutputStream:75 - [STDERR_REDIRECT] 
2025-04-11 08:25:12,307 [ERROR] LogOutputStream:75 - [STDERR_REDIRECT] [Fatal Error] :1:1: Premature end of file.
2025-04-11 08:25:12,307 [ERROR] LogOutputStream:75 - [STDERR_REDIRECT] 
2025-04-11 08:25:13,305 [ERROR] LogOutputStream:75 - [STDERR_REDIRECT] [Fatal Error] :1:1: Premature end of file.
2025-04-11 08:25:13,305 [ERROR] LogOutputStream:75 - [STDERR_REDIRECT] 
2025-04-11 08:25:14,302 [ERROR] LogOutputStream:75 - [STDERR_REDIRECT] [Fatal Error] :1:1: Premature end of file.
2025-04-11 08:25:14,302 [ERROR] LogOutputStream:75 - [STDERR_REDIRECT] 
2025-04-11 08:25:15,306 [ERROR] LogOutputStream:75 - [STDERR_REDIRECT] [Fatal Error] :1:1: Premature end of file.
2025-04-11 08:25:15,307 [ERROR] LogOutputStream:75 - [STDERR_REDIRECT] 
2025-04-11 08:25:16,296 [ERROR] LogOutputStream:75 - [STDERR_REDIRECT] [Fatal Error] :1:1: Premature end of file.
2025-04-11 08:25:16,296 [ERROR] LogOutputStream:75 - [STDERR_REDIRECT] 
2025-04-11 08:25:17,313 [ERROR] LogOutputStream:75 - [STDERR_REDIRECT] [Fatal Error] :1:1: Premature end of file.
2025-04-11 08:25:17,314 [ERROR] LogOutputStream:75 - [STDERR_REDIRECT] 
2025-04-11 08:25:18,298 [ERROR] LogOutputStream:75 - [STDERR_REDIRECT] [Fatal Error] :1:1: Premature end of file.
2025-04-11 08:25:18,298 [ERROR] LogOutputStream:75 - [STDERR_REDIRECT] 
2025-04-11 08:25:19,307 [ERROR] LogOutputStream:75 - [STDERR_REDIRECT] [Fatal Error] :1:1: Premature end of file.
2025-04-11 08:25:19,307 [ERROR] LogOutputStream:75 - [STDERR_REDIRECT] 
2025-04-11 08:25:20,301 [ERROR] LogOutputStream:75 - [STDERR_REDIRECT] [Fatal Error] :1:1: Premature end of file.
2025-04-11 08:25:20,301 [ERROR] LogOutputStream:75 - [STDERR_REDIRECT] 
2025-04-11 08:25:21,296 [ERROR] LogOutputStream:75 - [STDERR_REDIRECT] [Fatal Error] :1:1: Premature end of file.
2025-04-11 08:25:21,296 [ERROR] LogOutputStream:75 - [STDERR_REDIRECT] 
2025-04-11 08:25:22,303 [ERROR] LogOutputStream:75 - [STDERR_REDIRECT] [Fatal Error] :1:1: Premature end of file.
2025-04-11 08:25:22,303 [ERROR] LogOutputStream:75 - [STDERR_REDIRECT] 
2025-04-11 08:25:23,306 [ERROR] LogOutputStream:75 - [STDERR_REDIRECT] [Fatal Error] :1:1: Premature end of file.
2025-04-11 08:25:23,307 [ERROR] LogOutputStream:75 - [STDERR_REDIRECT] 
2025-04-11 08:25:24,310 [ERROR] LogOutputStream:75 - [STDERR_REDIRECT] [Fatal Error] :1:1: Premature end of file.
2025-04-11 08:25:24,310 [ERROR] LogOutputStream:75 - [STDERR_REDIRECT] 
2025-04-11 08:25:25,305 [ERROR] LogOutputStream:75 - [STDERR_REDIRECT] [Fatal Error] :1:1: Premature end of file.
2025-04-11 08:25:25,306 [ERROR] LogOutputStream:75 - [STDERR_REDIRECT] 
2025-04-11 08:25:26,313 [ERROR] LogOutputStream:75 - [STDERR_REDIRECT] [Fatal Error] :1:1: Premature end of file.
2025-04-11 08:25:26,313 [ERROR] LogOutputStream:75 - [STDERR_REDIRECT] 
2025-04-11 08:25:27,309 [ERROR] LogOutputStream:75 - [STDERR_REDIRECT] [Fatal Error] :1:1: Premature end of file.
2025-04-11 08:25:27,310 [ERROR] LogOutputStream:75 - [STDERR_REDIRECT] 
2025-04-11 08:25:28,310 [ERROR] LogOutputStream:75 - [STDERR_REDIRECT] [Fatal Error] :1:1: Premature end of file.
2025-04-11 08:25:28,311 [ERROR] LogOutputStream:75 - [STDERR_REDIRECT] 
2025-04-11 08:25:29,308 [ERROR] LogOutputStream:75 - [STDERR_REDIRECT] [Fatal Error] :1:1: Premature end of file.
2025-04-11 08:25:29,309 [ERROR] LogOutputStream:75 - [STDERR_REDIRECT] 
2025-04-11 08:25:30,297 [ERROR] LogOutputStream:75 - [STDERR_REDIRECT] [Fatal Error] :1:1: Premature end of file.
2025-04-11 08:25:30,297 [ERROR] LogOutputStream:75 - [STDERR_REDIRECT] 
2025-04-11 08:25:31,308 [ERROR] LogOutputStream:75 - [STDERR_REDIRECT] [Fatal Error] :1:1: Premature end of file.
2025-04-11 08:25:31,309 [ERROR] LogOutputStream:75 - [STDERR_REDIRECT] 
2025-04-11 08:25:32,306 [ERROR] LogOutputStream:75 - [STDERR_REDIRECT] [Fatal Error] :1:1: Premature end of file.
2025-04-11 08:25:32,306 [ERROR] LogOutputStream:75 - [STDERR_REDIRECT] 
2025-04-11 08:25:33,306 [ERROR] LogOutputStream:75 - [STDERR_REDIRECT] [Fatal Error] :1:1: Premature end of file.
2025-04-11 08:25:33,306 [ERROR] LogOutputStream:75 - [STDERR_REDIRECT] 
2025-04-11 08:25:34,307 [ERROR] LogOutputStream:75 - [STDERR_REDIRECT] [Fatal Error] :1:1: Premature end of file.
2025-04-11 08:25:34,308 [ERROR] LogOutputStream:75 - [STDERR_REDIRECT] 
2025-04-11 08:25:35,310 [ERROR] LogOutputStream:75 - [STDERR_REDIRECT] [Fatal Error] :1:1: Premature end of file.
2025-04-11 08:25:35,311 [ERROR] LogOutputStream:75 - [STDERR_REDIRECT] 
2025-04-11 08:25:36,309 [ERROR] LogOutputStream:75 - [STDERR_REDIRECT] [Fatal Error] :1:1: Premature end of file.
2025-04-11 08:25:36,309 [ERROR] LogOutputStream:75 - [STDERR_REDIRECT] 
2025-04-11 08:25:37,307 [ERROR] LogOutputStream:75 - [STDERR_REDIRECT] [Fatal Error] :1:1: Premature end of file.
2025-04-11 08:25:37,307 [ERROR] LogOutputStream:75 - [STDERR_REDIRECT] 
2025-04-11 08:25:38,314 [ERROR] LogOutputStream:75 - [STDERR_REDIRECT] [Fatal Error] :1:1: Premature end of file.
2025-04-11 08:25:38,314 [ERROR] LogOutputStream:75 - [STDERR_REDIRECT] 
2025-04-11 08:25:39,311 [ERROR] LogOutputStream:75 - [STDERR_REDIRECT] [Fatal Error] :1:1: Premature end of file.
2025-04-11 08:25:39,312 [ERROR] LogOutputStream:75 - [STDERR_REDIRECT] 
2025-04-11 08:25:40,309 [ERROR] LogOutputStream:75 - [STDERR_REDIRECT] [Fatal Error] :1:1: Premature end of file.
2025-04-11 08:25:40,309 [ERROR] LogOutputStream:75 - [STDERR_REDIRECT] 
2025-04-11 08:25:41,307 [ERROR] LogOutputStream:75 - [STDERR_REDIRECT] [Fatal Error] :1:1: Premature end of file.
2025-04-11 08:25:41,308 [ERROR] LogOutputStream:75 - [STDERR_REDIRECT] 
2025-04-11 08:25:42,308 [ERROR] LogOutputStream:75 - [STDERR_REDIRECT] [Fatal Error] :1:1: Premature end of file.
2025-04-11 08:25:42,308 [ERROR] LogOutputStream:75 - [STDERR_REDIRECT] 
2025-04-11 08:25:43,307 [ERROR] LogOutputStream:75 - [STDERR_REDIRECT] [Fatal Error] :1:1: Premature end of file.
2025-04-11 08:25:43,308 [ERROR] LogOutputStream:75 - [STDERR_REDIRECT] 
2025-04-11 08:25:44,306 [ERROR] LogOutputStream:75 - [STDERR_REDIRECT] [Fatal Error] :1:1: Premature end of file.
2025-04-11 08:25:44,306 [ERROR] LogOutputStream:75 - [STDERR_REDIRECT] 
2025-04-11 08:25:45,305 [ERROR] LogOutputStream:75 - [STDERR_REDIRECT] [Fatal Error] :1:1: Premature end of file.
2025-04-11 08:25:45,305 [ERROR] LogOutputStream:75 - [STDERR_REDIRECT] 
2025-04-11 08:25:46,310 [ERROR] LogOutputStream:75 - [STDERR_REDIRECT] [Fatal Error] :1:1: Premature end of file.
2025-04-11 08:25:46,310 [ERROR] LogOutputStream:75 - [STDERR_REDIRECT] 
2025-04-11 08:25:47,307 [ERROR] LogOutputStream:75 - [STDERR_REDIRECT] [Fatal Error] :1:1: Premature end of file.
2025-04-11 08:25:47,308 [ERROR] LogOutputStream:75 - [STDERR_REDIRECT] 
2025-04-11 08:25:48,310 [ERROR] LogOutputStream:75 - [STDERR_REDIRECT] [Fatal Error] :1:1: Premature end of file.
2025-04-11 08:25:48,311 [ERROR] LogOutputStream:75 - [STDERR_REDIRECT] 
2025-04-11 08:25:49,306 [ERROR] LogOutputStream:75 - [STDERR_REDIRECT] [Fatal Error] :1:1: Premature end of file.
2025-04-11 08:25:49,306 [ERROR] LogOutputStream:75 - [STDERR_REDIRECT] 
2025-04-11 08:25:50,309 [ERROR] LogOutputStream:75 - [STDERR_REDIRECT] [Fatal Error] :1:1: Premature end of file.
2025-04-11 08:25:50,309 [ERROR] LogOutputStream:75 - [STDERR_REDIRECT] 
2025-04-11 08:25:51,309 [ERROR] LogOutputStream:75 - [STDERR_REDIRECT] [Fatal Error] :1:1: Premature end of file.
2025-04-11 08:25:51,309 [ERROR] LogOutputStream:75 - [STDERR_REDIRECT] 
2025-04-11 08:25:52,311 [ERROR] LogOutputStream:75 - [STDERR_REDIRECT] [Fatal Error] :1:1: Premature end of file.
2025-04-11 08:25:52,311 [ERROR] LogOutputStream:75 - [STDERR_REDIRECT] 
2025-04-11 08:25:53,306 [ERROR] LogOutputStream:75 - [STDERR_REDIRECT] [Fatal Error] :1:1: Premature end of file.
2025-04-11 08:25:53,306 [ERROR] LogOutputStream:75 - [STDERR_REDIRECT] 
2025-04-11 08:25:54,303 [ERROR] LogOutputStream:75 - [STDERR_REDIRECT] [Fatal Error] :1:1: Premature end of file.
2025-04-11 08:25:54,303 [ERROR] LogOutputStream:75 - [STDERR_REDIRECT] 
2025-04-11 08:25:55,306 [ERROR] LogOutputStream:75 - [STDERR_REDIRECT] [Fatal Error] :1:1: Premature end of file.
2025-04-11 08:25:55,306 [ERROR] LogOutputStream:75 - [STDERR_REDIRECT] 
2025-04-11 08:25:56,299 [ERROR] LogOutputStream:75 - [STDERR_REDIRECT] [Fatal Error] :1:1: Premature end of file.
2025-04-11 08:25:56,299 [ERROR] LogOutputStream:75 - [STDERR_REDIRECT] 
2025-04-11 08:25:57,308 [ERROR] LogOutputStream:75 - [STDERR_REDIRECT] [Fatal Error] :1:1: Premature end of file.
2025-04-11 08:25:57,308 [ERROR] LogOutputStream:75 - [STDERR_REDIRECT] 
2025-04-11 08:25:58,312 [ERROR] LogOutputStream:75 - [STDERR_REDIRECT] [Fatal Error] :1:1: Premature end of file.
2025-04-11 08:25:58,312 [ERROR] LogOutputStream:75 - [STDERR_REDIRECT] 
2025-04-11 08:25:59,309 [ERROR] LogOutputStream:75 - [STDERR_REDIRECT] [Fatal Error] :1:1: Premature end of file.
2025-04-11 08:25:59,309 [ERROR] LogOutputStream:75 - [STDERR_REDIRECT] 
2025-04-11 08:26:00,308 [ERROR] LogOutputStream:75 - [STDERR_REDIRECT] [Fatal Error] :1:1: Premature end of file.
2025-04-11 08:26:00,308 [ERROR] LogOutputStream:75 - [STDERR_REDIRECT] 
2025-04-11 08:26:01,303 [ERROR] LogOutputStream:75 - [STDERR_REDIRECT] [Fatal Error] :1:1: Premature end of file.
2025-04-11 08:26:01,304 [ERROR] LogOutputStream:75 - [STDERR_REDIRECT] 
2025-04-11 08:26:02,310 [ERROR] LogOutputStream:75 - [STDERR_REDIRECT] [Fatal Error] :1:1: Premature end of file.
2025-04-11 08:26:02,311 [ERROR] LogOutputStream:75 - [STDERR_REDIRECT] 
2025-04-11 08:26:03,309 [ERROR] LogOutputStream:75 - [STDERR_REDIRECT] [Fatal Error] :1:1: Premature end of file.
2025-04-11 08:26:03,309 [ERROR] LogOutputStream:75 - [STDERR_REDIRECT] 
2025-04-11 08:26:04,309 [ERROR] LogOutputStream:75 - [STDERR_REDIRECT] [Fatal Error] :1:1: Premature end of file.
2025-04-11 08:26:04,309 [ERROR] LogOutputStream:75 - [STDERR_REDIRECT] 
2025-04-11 08:26:05,303 [ERROR] LogOutputStream:75 - [STDERR_REDIRECT] [Fatal Error] :1:1: Premature end of file.
2025-04-11 08:26:05,303 [ERROR] LogOutputStream:75 - [STDERR_REDIRECT] 
2025-04-11 08:26:06,344 [ERROR] LogOutputStream:75 - [STDERR_REDIRECT] [Fatal Error] :1:1: Premature end of file.
2025-04-11 08:26:06,345 [ERROR] LogOutputStream:75 - [STDERR_REDIRECT] 
2025-04-11 08:26:07,306 [ERROR] LogOutputStream:75 - [STDERR_REDIRECT] [Fatal Error] :1:1: Premature end of file.
2025-04-11 08:26:07,306 [ERROR] LogOutputStream:75 - [STDERR_REDIRECT] 
2025-04-11 08:26:08,314 [ERROR] LogOutputStream:75 - [STDERR_REDIRECT] [Fatal Error] :1:1: Premature end of file.
2025-04-11 08:26:08,314 [ERROR] LogOutputStream:75 - [STDERR_REDIRECT] 
2025-04-11 08:26:09,307 [ERROR] LogOutputStream:75 - [STDERR_REDIRECT] [Fatal Error] :1:1: Premature end of file.
2025-04-11 08:26:09,307 [ERROR] LogOutputStream:75 - [STDERR_REDIRECT] 
2025-04-11 08:26:10,309 [ERROR] LogOutputStream:75 - [STDERR_REDIRECT] [Fatal Error] :1:1: Premature end of file.
2025-04-11 08:26:10,309 [ERROR] LogOutputStream:75 - [STDERR_REDIRECT] 
2025-04-11 08:26:11,305 [ERROR] LogOutputStream:75 - [STDERR_REDIRECT] [Fatal Error] :1:1: Premature end of file.
2025-04-11 08:26:11,305 [ERROR] LogOutputStream:75 - [STDERR_REDIRECT] 
2025-04-11 08:26:12,308 [ERROR] LogOutputStream:75 - [STDERR_REDIRECT] [Fatal Error] :1:1: Premature end of file.
2025-04-11 08:26:12,308 [ERROR] LogOutputStream:75 - [STDERR_REDIRECT] 
2025-04-11 08:26:13,309 [ERROR] LogOutputStream:75 - [STDERR_REDIRECT] [Fatal Error] :1:1: Premature end of file.
2025-04-11 08:26:13,309 [ERROR] LogOutputStream:75 - [STDERR_REDIRECT] 
2025-04-11 08:26:14,319 [ERROR] LogOutputStream:75 - [STDERR_REDIRECT] [Fatal Error] :1:1: Premature end of file.
2025-04-11 08:26:14,320 [ERROR] LogOutputStream:75 - [STDERR_REDIRECT] 
2025-04-11 08:26:15,306 [ERROR] LogOutputStream:75 - [STDERR_REDIRECT] [Fatal Error] :1:1: Premature end of file.
2025-04-11 08:26:15,306 [ERROR] LogOutputStream:75 - [STDERR_REDIRECT] 
2025-04-11 08:26:16,290 [ERROR] LogOutputStream:75 - [STDERR_REDIRECT] [Fatal Error] :1:1: Premature end of file.
2025-04-11 08:26:16,290 [ERROR] LogOutputStream:75 - [STDERR_REDIRECT] 
2025-04-11 08:26:17,290 [ERROR] LogOutputStream:75 - [STDERR_REDIRECT] [Fatal Error] :1:1: Premature end of file.
2025-04-11 08:26:17,291 [ERROR] LogOutputStream:75 - [STDERR_REDIRECT] 
2025-04-11 08:26:18,310 [ERROR] LogOutputStream:75 - [STDERR_REDIRECT] [Fatal Error] :1:1: Premature end of file.
2025-04-11 08:26:18,310 [ERROR] LogOutputStream:75 - [STDERR_REDIRECT] 
2025-04-11 08:26:19,309 [ERROR] LogOutputStream:75 - [STDERR_REDIRECT] [Fatal Error] :1:1: Premature end of file.
2025-04-11 08:26:19,309 [ERROR] LogOutputStream:75 - [STDERR_REDIRECT] 
2025-04-11 08:26:20,314 [ERROR] LogOutputStream:75 - [STDERR_REDIRECT] [Fatal Error] :1:1: Premature end of file.
2025-04-11 08:26:20,314 [ERROR] LogOutputStream:75 - [STDERR_REDIRECT] 
2025-04-11 08:26:21,312 [ERROR] LogOutputStream:75 - [STDERR_REDIRECT] [Fatal Error] :1:1: Premature end of file.
2025-04-11 08:26:21,313 [ERROR] LogOutputStream:75 - [STDERR_REDIRECT] 
2025-04-11 08:26:22,315 [ERROR] LogOutputStream:75 - [STDERR_REDIRECT] [Fatal Error] :1:1: Premature end of file.
2025-04-11 08:26:22,315 [ERROR] LogOutputStream:75 - [STDERR_REDIRECT] 
2025-04-11 08:26:23,306 [ERROR] LogOutputStream:75 - [STDERR_REDIRECT] [Fatal Error] :1:1: Premature end of file.
2025-04-11 08:26:23,306 [ERROR] LogOutputStream:75 - [STDERR_REDIRECT] 
2025-04-11 08:26:24,313 [ERROR] LogOutputStream:75 - [STDERR_REDIRECT] [Fatal Error] :1:1: Premature end of file.
2025-04-11 08:26:24,314 [ERROR] LogOutputStream:75 - [STDERR_REDIRECT] 
2025-04-11 08:26:25,304 [ERROR] LogOutputStream:75 - [STDERR_REDIRECT] [Fatal Error] :1:1: Premature end of file.
2025-04-11 08:26:25,305 [ERROR] LogOutputStream:75 - [STDERR_REDIRECT] 
2025-04-11 08:26:26,308 [ERROR] LogOutputStream:75 - [STDERR_REDIRECT] [Fatal Error] :1:1: Premature end of file.
2025-04-11 08:26:26,309 [ERROR] LogOutputStream:75 - [STDERR_REDIRECT] 
2025-04-11 08:26:27,304 [ERROR] LogOutputStream:75 - [STDERR_REDIRECT] [Fatal Error] :1:1: Premature end of file.
2025-04-11 08:26:27,305 [ERROR] LogOutputStream:75 - [STDERR_REDIRECT] 
2025-04-11 08:26:28,307 [ERROR] LogOutputStream:75 - [STDERR_REDIRECT] [Fatal Error] :1:1: Premature end of file.
2025-04-11 08:26:28,307 [ERROR] LogOutputStream:75 - [STDERR_REDIRECT] 
2025-04-11 08:26:29,317 [ERROR] LogOutputStream:75 - [STDERR_REDIRECT] [Fatal Error] :1:1: Premature end of file.
2025-04-11 08:26:29,317 [ERROR] LogOutputStream:75 - [STDERR_REDIRECT] 
2025-04-11 08:26:30,308 [ERROR] LogOutputStream:75 - [STDERR_REDIRECT] [Fatal Error] :1:1: Premature end of file.
2025-04-11 08:26:30,309 [ERROR] LogOutputStream:75 - [STDERR_REDIRECT] 
2025-04-11 08:26:31,301 [ERROR] LogOutputStream:75 - [STDERR_REDIRECT] [Fatal Error] :1:1: Premature end of file.
2025-04-11 08:26:31,302 [ERROR] LogOutputStream:75 - [STDERR_REDIRECT] 
2025-04-11 08:26:32,305 [ERROR] LogOutputStream:75 - [STDERR_REDIRECT] [Fatal Error] :1:1: Premature end of file.
2025-04-11 08:26:32,305 [ERROR] LogOutputStream:75 - [STDERR_REDIRECT] 
2025-04-11 08:26:33,307 [ERROR] LogOutputStream:75 - [STDERR_REDIRECT] [Fatal Error] :1:1: Premature end of file.
2025-04-11 08:26:33,307 [ERROR] LogOutputStream:75 - [STDERR_REDIRECT] 
2025-04-11 08:26:34,305 [ERROR] LogOutputStream:75 - [STDERR_REDIRECT] [Fatal Error] :1:1: Premature end of file.
2025-04-11 08:26:34,305 [ERROR] LogOutputStream:75 - [STDERR_REDIRECT] 
2025-04-11 08:26:35,321 [ERROR] LogOutputStream:75 - [STDERR_REDIRECT] [Fatal Error] :1:1: Premature end of file.
2025-04-11 08:26:35,321 [ERROR] LogOutputStream:75 - [STDERR_REDIRECT] 
2025-04-11 08:26:36,310 [ERROR] LogOutputStream:75 - [STDERR_REDIRECT] [Fatal Error] :1:1: Premature end of file.
2025-04-11 08:26:36,311 [ERROR] LogOutputStream:75 - [STDERR_REDIRECT] 
2025-04-11 08:26:37,313 [ERROR] LogOutputStream:75 - [STDERR_REDIRECT] [Fatal Error] :1:1: Premature end of file.
2025-04-11 08:26:37,314 [ERROR] LogOutputStream:75 - [STDERR_REDIRECT] 
2025-04-11 08:26:38,308 [ERROR] LogOutputStream:75 - [STDERR_REDIRECT] [Fatal Error] :1:1: Premature end of file.
2025-04-11 08:26:38,309 [ERROR] LogOutputStream:75 - [STDERR_REDIRECT] 
2025-04-11 08:26:39,310 [ERROR] LogOutputStream:75 - [STDERR_REDIRECT] [Fatal Error] :1:1: Premature end of file.
2025-04-11 08:26:39,310 [ERROR] LogOutputStream:75 - [STDERR_REDIRECT] 
2025-04-11 08:26:40,306 [ERROR] LogOutputStream:75 - [STDERR_REDIRECT] [Fatal Error] :1:1: Premature end of file.
2025-04-11 08:26:40,306 [ERROR] LogOutputStream:75 - [STDERR_REDIRECT] 
2025-04-11 08:26:41,306 [ERROR] LogOutputStream:75 - [STDERR_REDIRECT] [Fatal Error] :1:1: Premature end of file.
2025-04-11 08:26:41,307 [ERROR] LogOutputStream:75 - [STDERR_REDIRECT] 
2025-04-11 08:26:42,306 [ERROR] LogOutputStream:75 - [STDERR_REDIRECT] [Fatal Error] :1:1: Premature end of file.
2025-04-11 08:26:42,306 [ERROR] LogOutputStream:75 - [STDERR_REDIRECT] 
2025-04-11 08:26:43,305 [ERROR] LogOutputStream:75 - [STDERR_REDIRECT] [Fatal Error] :1:1: Premature end of file.
2025-04-11 08:26:43,306 [ERROR] LogOutputStream:75 - [STDERR_REDIRECT] 
2025-04-11 08:26:44,314 [ERROR] LogOutputStream:75 - [STDERR_REDIRECT] [Fatal Error] :1:1: Premature end of file.
2025-04-11 08:26:44,314 [ERROR] LogOutputStream:75 - [STDERR_REDIRECT] 
2025-04-11 08:26:45,314 [ERROR] LogOutputStream:75 - [STDERR_REDIRECT] [Fatal Error] :1:1: Premature end of file.
2025-04-11 08:26:45,314 [ERROR] LogOutputStream:75 - [STDERR_REDIRECT] 
2025-04-11 08:26:46,306 [ERROR] LogOutputStream:75 - [STDERR_REDIRECT] [Fatal Error] :1:1: Premature end of file.
2025-04-11 08:26:46,307 [ERROR] LogOutputStream:75 - [STDERR_REDIRECT] 
2025-04-11 08:26:47,309 [ERROR] LogOutputStream:75 - [STDERR_REDIRECT] [Fatal Error] :1:1: Premature end of file.
2025-04-11 08:26:47,309 [ERROR] LogOutputStream:75 - [STDERR_REDIRECT] 
2025-04-11 08:26:48,310 [ERROR] LogOutputStream:75 - [STDERR_REDIRECT] [Fatal Error] :1:1: Premature end of file.
2025-04-11 08:26:48,311 [ERROR] LogOutputStream:75 - [STDERR_REDIRECT] 
2025-04-11 08:26:49,309 [ERROR] LogOutputStream:75 - [STDERR_REDIRECT] [Fatal Error] :1:1: Premature end of file.
2025-04-11 08:26:49,309 [ERROR] LogOutputStream:75 - [STDERR_REDIRECT] 
2025-04-11 08:26:50,313 [ERROR] LogOutputStream:75 - [STDERR_REDIRECT] [Fatal Error] :1:1: Premature end of file.
2025-04-11 08:26:50,314 [ERROR] LogOutputStream:75 - [STDERR_REDIRECT] 
2025-04-11 08:26:51,308 [ERROR] LogOutputStream:75 - [STDERR_REDIRECT] [Fatal Error] :1:1: Premature end of file.
2025-04-11 08:26:51,308 [ERROR] LogOutputStream:75 - [STDERR_REDIRECT] 
2025-04-11 08:26:52,302 [ERROR] LogOutputStream:75 - [STDERR_REDIRECT] [Fatal Error] :1:1: Premature end of file.
2025-04-11 08:26:52,302 [ERROR] LogOutputStream:75 - [STDERR_REDIRECT] 
2025-04-11 08:26:53,309 [ERROR] LogOutputStream:75 - [STDERR_REDIRECT] [Fatal Error] :1:1: Premature end of file.
2025-04-11 08:26:53,309 [ERROR] LogOutputStream:75 - [STDERR_REDIRECT] 
2025-04-11 08:26:54,311 [ERROR] LogOutputStream:75 - [STDERR_REDIRECT] [Fatal Error] :1:1: Premature end of file.
2025-04-11 08:26:54,311 [ERROR] LogOutputStream:75 - [STDERR_REDIRECT] 
2025-04-11 08:26:55,315 [ERROR] LogOutputStream:75 - [STDERR_REDIRECT] [Fatal Error] :1:1: Premature end of file.
2025-04-11 08:26:55,316 [ERROR] LogOutputStream:75 - [STDERR_REDIRECT] 
2025-04-11 08:26:56,304 [ERROR] LogOutputStream:75 - [STDERR_REDIRECT] [Fatal Error] :1:1: Premature end of file.
2025-04-11 08:26:56,304 [ERROR] LogOutputStream:75 - [STDERR_REDIRECT] 
2025-04-11 08:26:57,313 [ERROR] LogOutputStream:75 - [STDERR_REDIRECT] [Fatal Error] :1:1: Premature end of file.
2025-04-11 08:26:57,313 [ERROR] LogOutputStream:75 - [STDERR_REDIRECT] 
2025-04-11 08:26:58,306 [ERROR] LogOutputStream:75 - [STDERR_REDIRECT] [Fatal Error] :1:1: Premature end of file.
2025-04-11 08:26:58,307 [ERROR] LogOutputStream:75 - [STDERR_REDIRECT] 
2025-04-11 08:26:59,304 [ERROR] LogOutputStream:75 - [STDERR_REDIRECT] [Fatal Error] :1:1: Premature end of file.
2025-04-11 08:26:59,304 [ERROR] LogOutputStream:75 - [STDERR_REDIRECT] 
2025-04-11 08:27:00,311 [ERROR] LogOutputStream:75 - [STDERR_REDIRECT] [Fatal Error] :1:1: Premature end of file.
2025-04-11 08:27:00,311 [ERROR] LogOutputStream:75 - [STDERR_REDIRECT] 
2025-04-11 08:27:01,309 [ERROR] LogOutputStream:75 - [STDERR_REDIRECT] [Fatal Error] :1:1: Premature end of file.
2025-04-11 08:27:01,309 [ERROR] LogOutputStream:75 - [STDERR_REDIRECT] 
2025-04-11 08:27:02,308 [ERROR] LogOutputStream:75 - [STDERR_REDIRECT] [Fatal Error] :1:1: Premature end of file.
2025-04-11 08:27:02,308 [ERROR] LogOutputStream:75 - [STDERR_REDIRECT] 
2025-04-11 08:27:03,305 [ERROR] LogOutputStream:75 - [STDERR_REDIRECT] [Fatal Error] :1:1: Premature end of file.
2025-04-11 08:27:03,306 [ERROR] LogOutputStream:75 - [STDERR_REDIRECT] 
2025-04-11 08:27:04,314 [ERROR] LogOutputStream:75 - [STDERR_REDIRECT] [Fatal Error] :1:1: Premature end of file.
2025-04-11 08:27:04,315 [ERROR] LogOutputStream:75 - [STDERR_REDIRECT] 
2025-04-11 08:27:05,311 [ERROR] LogOutputStream:75 - [STDERR_REDIRECT] [Fatal Error] :1:1: Premature end of file.
2025-04-11 08:27:05,311 [ERROR] LogOutputStream:75 - [STDERR_REDIRECT] 
2025-04-11 08:27:06,309 [ERROR] LogOutputStream:75 - [STDERR_REDIRECT] [Fatal Error] :1:1: Premature end of file.
2025-04-11 08:27:06,310 [ERROR] LogOutputStream:75 - [STDERR_REDIRECT] 
2025-04-11 08:27:07,307 [ERROR] LogOutputStream:75 - [STDERR_REDIRECT] [Fatal Error] :1:1: Premature end of file.
2025-04-11 08:27:07,308 [ERROR] LogOutputStream:75 - [STDERR_REDIRECT] 
2025-04-11 08:27:08,307 [ERROR] LogOutputStream:75 - [STDERR_REDIRECT] [Fatal Error] :1:1: Premature end of file.
2025-04-11 08:27:08,307 [ERROR] LogOutputStream:75 - [STDERR_REDIRECT] 
2025-04-11 08:27:09,298 [ERROR] LogOutputStream:75 - [STDERR_REDIRECT] [Fatal Error] :1:1: Premature end of file.
2025-04-11 08:27:09,298 [ERROR] LogOutputStream:75 - [STDERR_REDIRECT] 
2025-04-11 08:27:10,308 [ERROR] LogOutputStream:75 - [STDERR_REDIRECT] [Fatal Error] :1:1: Premature end of file.
2025-04-11 08:27:10,308 [ERROR] LogOutputStream:75 - [STDERR_REDIRECT] 
2025-04-11 08:27:11,308 [ERROR] LogOutputStream:75 - [STDERR_REDIRECT] [Fatal Error] :1:1: Premature end of file.
2025-04-11 08:27:11,309 [ERROR] LogOutputStream:75 - [STDERR_REDIRECT] 
2025-04-11 08:27:12,308 [ERROR] LogOutputStream:75 - [STDERR_REDIRECT] [Fatal Error] :1:1: Premature end of file.
2025-04-11 08:27:12,309 [ERROR] LogOutputStream:75 - [STDERR_REDIRECT] 
2025-04-11 08:27:13,312 [ERROR] LogOutputStream:75 - [STDERR_REDIRECT] [Fatal Error] :1:1: Premature end of file.
2025-04-11 08:27:13,312 [ERROR] LogOutputStream:75 - [STDERR_REDIRECT] 
2025-04-11 08:27:14,288 [ERROR] LogOutputStream:75 - [STDERR_REDIRECT] [Fatal Error] :1:1: Premature end of file.
2025-04-11 08:27:14,288 [ERROR] LogOutputStream:75 - [STDERR_REDIRECT] 
2025-04-11 08:27:15,305 [ERROR] LogOutputStream:75 - [STDERR_REDIRECT] [Fatal Error] :1:1: Premature end of file.
2025-04-11 08:27:15,306 [ERROR] LogOutputStream:75 - [STDERR_REDIRECT] 
2025-04-11 08:27:16,306 [ERROR] LogOutputStream:75 - [STDERR_REDIRECT] [Fatal Error] :1:1: Premature end of file.
2025-04-11 08:27:16,307 [ERROR] LogOutputStream:75 - [STDERR_REDIRECT] 
2025-04-11 08:27:17,311 [ERROR] LogOutputStream:75 - [STDERR_REDIRECT] [Fatal Error] :1:1: Premature end of file.
2025-04-11 08:27:17,311 [ERROR] LogOutputStream:75 - [STDERR_REDIRECT] 
2025-04-11 08:27:18,309 [ERROR] LogOutputStream:75 - [STDERR_REDIRECT] [Fatal Error] :1:1: Premature end of file.
2025-04-11 08:27:18,309 [ERROR] LogOutputStream:75 - [STDERR_REDIRECT] 
2025-04-11 08:27:19,307 [ERROR] LogOutputStream:75 - [STDERR_REDIRECT] [Fatal Error] :1:1: Premature end of file.
2025-04-11 08:27:19,307 [ERROR] LogOutputStream:75 - [STDERR_REDIRECT] 
2025-04-11 08:27:20,309 [ERROR] LogOutputStream:75 - [STDERR_REDIRECT] [Fatal Error] :1:1: Premature end of file.
2025-04-11 08:27:20,310 [ERROR] LogOutputStream:75 - [STDERR_REDIRECT] 
2025-04-11 08:27:21,314 [ERROR] LogOutputStream:75 - [STDERR_REDIRECT] [Fatal Error] :1:1: Premature end of file.
2025-04-11 08:27:21,314 [ERROR] LogOutputStream:75 - [STDERR_REDIRECT] 
2025-04-11 08:27:22,293 [ERROR] LogOutputStream:75 - [STDERR_REDIRECT] [Fatal Error] :1:1: Premature end of file.
2025-04-11 08:27:22,293 [ERROR] LogOutputStream:75 - [STDERR_REDIRECT] 
2025-04-11 08:27:23,311 [ERROR] LogOutputStream:75 - [STDERR_REDIRECT] [Fatal Error] :1:1: Premature end of file.
2025-04-11 08:27:23,311 [ERROR] LogOutputStream:75 - [STDERR_REDIRECT] 
2025-04-11 08:27:24,316 [ERROR] LogOutputStream:75 - [STDERR_REDIRECT] [Fatal Error] :1:1: Premature end of file.
2025-04-11 08:27:24,316 [ERROR] LogOutputStream:75 - [STDERR_REDIRECT] 
2025-04-11 08:27:25,275 [ERROR] LogOutputStream:75 - [STDERR_REDIRECT] [Fatal Error] :1:1: Premature end of file.
2025-04-11 08:27:25,275 [ERROR] LogOutputStream:75 - [STDERR_REDIRECT] 
2025-04-11 08:27:26,291 [ERROR] LogOutputStream:75 - [STDERR_REDIRECT] [Fatal Error] :1:1: Premature end of file.
2025-04-11 08:27:26,291 [ERROR] LogOutputStream:75 - [STDERR_REDIRECT] 
2025-04-11 08:27:27,285 [ERROR] LogOutputStream:75 - [STDERR_REDIRECT] [Fatal Error] :1:1: Premature end of file.
2025-04-11 08:27:27,286 [ERROR] LogOutputStream:75 - [STDERR_REDIRECT] 
2025-04-11 08:27:28,309 [ERROR] LogOutputStream:75 - [STDERR_REDIRECT] [Fatal Error] :1:1: Premature end of file.
2025-04-11 08:27:28,309 [ERROR] LogOutputStream:75 - [STDERR_REDIRECT] 
2025-04-11 08:27:29,282 [ERROR] LogOutputStream:75 - [STDERR_REDIRECT] [Fatal Error] :1:1: Premature end of file.
2025-04-11 08:27:29,282 [ERROR] LogOutputStream:75 - [STDERR_REDIRECT] 
2025-04-11 08:27:30,302 [ERROR] LogOutputStream:75 - [STDERR_REDIRECT] [Fatal Error] :1:1: Premature end of file.
2025-04-11 08:27:30,302 [ERROR] LogOutputStream:75 - [STDERR_REDIRECT] 
2025-04-11 08:27:31,315 [ERROR] LogOutputStream:75 - [STDERR_REDIRECT] [Fatal Error] :1:1: Premature end of file.
2025-04-11 08:27:31,315 [ERROR] LogOutputStream:75 - [STDERR_REDIRECT] 
2025-04-11 08:27:32,298 [ERROR] LogOutputStream:75 - [STDERR_REDIRECT] [Fatal Error] :1:1: Premature end of file.
2025-04-11 08:27:32,298 [ERROR] LogOutputStream:75 - [STDERR_REDIRECT] 
2025-04-11 08:27:33,312 [ERROR] LogOutputStream:75 - [STDERR_REDIRECT] [Fatal Error] :1:1: Premature end of file.
2025-04-11 08:27:33,313 [ERROR] LogOutputStream:75 - [STDERR_REDIRECT] 
2025-04-11 08:27:34,313 [ERROR] LogOutputStream:75 - [STDERR_REDIRECT] [Fatal Error] :1:1: Premature end of file.
2025-04-11 08:27:34,313 [ERROR] LogOutputStream:75 - [STDERR_REDIRECT] 
2025-04-11 08:27:35,298 [ERROR] LogOutputStream:75 - [STDERR_REDIRECT] [Fatal Error] :1:1: Premature end of file.
2025-04-11 08:27:35,298 [ERROR] LogOutputStream:75 - [STDERR_REDIRECT] 
2025-04-11 08:27:36,304 [ERROR] LogOutputStream:75 - [STDERR_REDIRECT] [Fatal Error] :1:1: Premature end of file.
2025-04-11 08:27:36,304 [ERROR] LogOutputStream:75 - [STDERR_REDIRECT] 
2025-04-11 08:27:37,301 [ERROR] LogOutputStream:75 - [STDERR_REDIRECT] [Fatal Error] :1:1: Premature end of file.
2025-04-11 08:27:37,301 [ERROR] LogOutputStream:75 - [STDERR_REDIRECT] 
2025-04-11 08:27:38,306 [ERROR] LogOutputStream:75 - [STDERR_REDIRECT] [Fatal Error] :1:1: Premature end of file.
2025-04-11 08:27:38,306 [ERROR] LogOutputStream:75 - [STDERR_REDIRECT] 
2025-04-11 08:27:39,316 [ERROR] LogOutputStream:75 - [STDERR_REDIRECT] [Fatal Error] :1:1: Premature end of file.
2025-04-11 08:27:39,317 [ERROR] LogOutputStream:75 - [STDERR_REDIRECT] 
2025-04-11 08:27:40,304 [ERROR] LogOutputStream:75 - [STDERR_REDIRECT] [Fatal Error] :1:1: Premature end of file.
2025-04-11 08:27:40,304 [ERROR] LogOutputStream:75 - [STDERR_REDIRECT] 
2025-04-11 08:27:41,308 [ERROR] LogOutputStream:75 - [STDERR_REDIRECT] [Fatal Error] :1:1: Premature end of file.
2025-04-11 08:27:41,309 [ERROR] LogOutputStream:75 - [STDERR_REDIRECT] 
2025-04-11 08:27:42,288 [ERROR] LogOutputStream:75 - [STDERR_REDIRECT] [Fatal Error] :1:1: Premature end of file.
2025-04-11 08:27:42,288 [ERROR] LogOutputStream:75 - [STDERR_REDIRECT] 
2025-04-11 08:27:43,309 [ERROR] LogOutputStream:75 - [STDERR_REDIRECT] [Fatal Error] :1:1: Premature end of file.
2025-04-11 08:27:43,310 [ERROR] LogOutputStream:75 - [STDERR_REDIRECT] 
2025-04-11 08:27:44,312 [ERROR] LogOutputStream:75 - [STDERR_REDIRECT] [Fatal Error] :1:1: Premature end of file.
2025-04-11 08:27:44,313 [ERROR] LogOutputStream:75 - [STDERR_REDIRECT] 
2025-04-11 08:27:45,308 [ERROR] LogOutputStream:75 - [STDERR_REDIRECT] [Fatal Error] :1:1: Premature end of file.
2025-04-11 08:27:45,309 [ERROR] LogOutputStream:75 - [STDERR_REDIRECT] 
2025-04-11 08:27:46,305 [ERROR] LogOutputStream:75 - [STDERR_REDIRECT] [Fatal Error] :1:1: Premature end of file.
2025-04-11 08:27:46,306 [ERROR] LogOutputStream:75 - [STDERR_REDIRECT] 
2025-04-11 08:27:47,308 [ERROR] LogOutputStream:75 - [STDERR_REDIRECT] [Fatal Error] :1:1: Premature end of file.
2025-04-11 08:27:47,308 [ERROR] LogOutputStream:75 - [STDERR_REDIRECT] 
2025-04-11 08:27:48,303 [ERROR] LogOutputStream:75 - [STDERR_REDIRECT] [Fatal Error] :1:1: Premature end of file.
2025-04-11 08:27:48,303 [ERROR] LogOutputStream:75 - [STDERR_REDIRECT] 
2025-04-11 08:27:49,314 [ERROR] LogOutputStream:75 - [STDERR_REDIRECT] [Fatal Error] :1:1: Premature end of file.
2025-04-11 08:27:49,315 [ERROR] LogOutputStream:75 - [STDERR_REDIRECT] 
2025-04-11 08:27:50,302 [ERROR] LogOutputStream:75 - [STDERR_REDIRECT] [Fatal Error] :1:1: Premature end of file.
2025-04-11 08:27:50,302 [ERROR] LogOutputStream:75 - [STDERR_REDIRECT] 
2025-04-11 08:27:51,312 [ERROR] LogOutputStream:75 - [STDERR_REDIRECT] [Fatal Error] :1:1: Premature end of file.
2025-04-11 08:27:51,312 [ERROR] LogOutputStream:75 - [STDERR_REDIRECT] 
2025-04-11 08:27:52,301 [ERROR] LogOutputStream:75 - [STDERR_REDIRECT] [Fatal Error] :1:1: Premature end of file.
2025-04-11 08:27:52,301 [ERROR] LogOutputStream:75 - [STDERR_REDIRECT] 
2025-04-11 08:27:53,305 [ERROR] LogOutputStream:75 - [STDERR_REDIRECT] [Fatal Error] :1:1: Premature end of file.
2025-04-11 08:27:53,305 [ERROR] LogOutputStream:75 - [STDERR_REDIRECT] 
2025-04-11 08:27:54,310 [ERROR] LogOutputStream:75 - [STDERR_REDIRECT] [Fatal Error] :1:1: Premature end of file.
2025-04-11 08:27:54,311 [ERROR] LogOutputStream:75 - [STDERR_REDIRECT] 
2025-04-11 08:27:55,296 [ERROR] LogOutputStream:75 - [STDERR_REDIRECT] [Fatal Error] :1:1: Premature end of file.
2025-04-11 08:27:55,296 [ERROR] LogOutputStream:75 - [STDERR_REDIRECT] 
2025-04-11 08:27:56,311 [ERROR] LogOutputStream:75 - [STDERR_REDIRECT] [Fatal Error] :1:1: Premature end of file.
2025-04-11 08:27:56,311 [ERROR] LogOutputStream:75 - [STDERR_REDIRECT] 
2025-04-11 08:27:57,310 [ERROR] LogOutputStream:75 - [STDERR_REDIRECT] [Fatal Error] :1:1: Premature end of file.
2025-04-11 08:27:57,310 [ERROR] LogOutputStream:75 - [STDERR_REDIRECT] 
2025-04-11 08:27:58,309 [ERROR] LogOutputStream:75 - [STDERR_REDIRECT] [Fatal Error] :1:1: Premature end of file.
2025-04-11 08:27:58,310 [ERROR] LogOutputStream:75 - [STDERR_REDIRECT] 
2025-04-11 08:27:59,311 [ERROR] LogOutputStream:75 - [STDERR_REDIRECT] [Fatal Error] :1:1: Premature end of file.
2025-04-11 08:27:59,311 [ERROR] LogOutputStream:75 - [STDERR_REDIRECT] 
2025-04-11 08:28:00,322 [ERROR] LogOutputStream:75 - [STDERR_REDIRECT] [Fatal Error] :1:1: Premature end of file.
2025-04-11 08:28:00,322 [ERROR] LogOutputStream:75 - [STDERR_REDIRECT] 
2025-04-11 08:28:01,311 [ERROR] LogOutputStream:75 - [STDERR_REDIRECT] [Fatal Error] :1:1: Premature end of file.
2025-04-11 08:28:01,311 [ERROR] LogOutputStream:75 - [STDERR_REDIRECT] 
2025-04-11 08:28:02,318 [ERROR] LogOutputStream:75 - [STDERR_REDIRECT] [Fatal Error] :1:1: Premature end of file.
2025-04-11 08:28:02,319 [ERROR] LogOutputStream:75 - [STDERR_REDIRECT] 
2025-04-11 08:28:03,304 [ERROR] LogOutputStream:75 - [STDERR_REDIRECT] [Fatal Error] :1:1: Premature end of file.
2025-04-11 08:28:03,304 [ERROR] LogOutputStream:75 - [STDERR_REDIRECT] 
2025-04-11 08:28:04,305 [ERROR] LogOutputStream:75 - [STDERR_REDIRECT] [Fatal Error] :1:1: Premature end of file.
2025-04-11 08:28:04,305 [ERROR] LogOutputStream:75 - [STDERR_REDIRECT] 
2025-04-11 08:28:05,307 [ERROR] LogOutputStream:75 - [STDERR_REDIRECT] [Fatal Error] :1:1: Premature end of file.
2025-04-11 08:28:05,308 [ERROR] LogOutputStream:75 - [STDERR_REDIRECT] 
2025-04-11 08:28:06,309 [ERROR] LogOutputStream:75 - [STDERR_REDIRECT] [Fatal Error] :1:1: Premature end of file.
2025-04-11 08:28:06,309 [ERROR] LogOutputStream:75 - [STDERR_REDIRECT] 
2025-04-11 08:28:07,308 [ERROR] LogOutputStream:75 - [STDERR_REDIRECT] [Fatal Error] :1:1: Premature end of file.
2025-04-11 08:28:07,308 [ERROR] LogOutputStream:75 - [STDERR_REDIRECT] 
2025-04-11 08:28:08,310 [ERROR] LogOutputStream:75 - [STDERR_REDIRECT] [Fatal Error] :1:1: Premature end of file.
2025-04-11 08:28:08,310 [ERROR] LogOutputStream:75 - [STDERR_REDIRECT] 
2025-04-11 08:28:09,303 [ERROR] LogOutputStream:75 - [STDERR_REDIRECT] [Fatal Error] :1:1: Premature end of file.
2025-04-11 08:28:09,303 [ERROR] LogOutputStream:75 - [STDERR_REDIRECT] 
2025-04-11 08:28:10,311 [ERROR] LogOutputStream:75 - [STDERR_REDIRECT] [Fatal Error] :1:1: Premature end of file.
2025-04-11 08:28:10,312 [ERROR] LogOutputStream:75 - [STDERR_REDIRECT] 
2025-04-11 08:28:11,314 [ERROR] LogOutputStream:75 - [STDERR_REDIRECT] [Fatal Error] :1:1: Premature end of file.
2025-04-11 08:28:11,315 [ERROR] LogOutputStream:75 - [STDERR_REDIRECT] 
2025-04-11 08:28:12,312 [ERROR] LogOutputStream:75 - [STDERR_REDIRECT] [Fatal Error] :1:1: Premature end of file.
2025-04-11 08:28:12,312 [ERROR] LogOutputStream:75 - [STDERR_REDIRECT] 
2025-04-11 08:28:13,307 [ERROR] LogOutputStream:75 - [STDERR_REDIRECT] [Fatal Error] :1:1: Premature end of file.
2025-04-11 08:28:13,307 [ERROR] LogOutputStream:75 - [STDERR_REDIRECT] 
2025-04-11 08:28:14,290 [ERROR] LogOutputStream:75 - [STDERR_REDIRECT] [Fatal Error] :1:1: Premature end of file.
2025-04-11 08:28:14,290 [ERROR] LogOutputStream:75 - [STDERR_REDIRECT] 
2025-04-11 08:28:15,302 [ERROR] LogOutputStream:75 - [STDERR_REDIRECT] [Fatal Error] :1:1: Premature end of file.
2025-04-11 08:28:15,302 [ERROR] LogOutputStream:75 - [STDERR_REDIRECT] 
2025-04-11 08:28:16,304 [ERROR] LogOutputStream:75 - [STDERR_REDIRECT] [Fatal Error] :1:1: Premature end of file.
2025-04-11 08:28:16,305 [ERROR] LogOutputStream:75 - [STDERR_REDIRECT] 
2025-04-11 08:28:17,302 [ERROR] LogOutputStream:75 - [STDERR_REDIRECT] [Fatal Error] :1:1: Premature end of file.
2025-04-11 08:28:17,303 [ERROR] LogOutputStream:75 - [STDERR_REDIRECT] 
2025-04-11 08:28:18,316 [ERROR] LogOutputStream:75 - [STDERR_REDIRECT] [Fatal Error] :1:1: Premature end of file.
2025-04-11 08:28:18,316 [ERROR] LogOutputStream:75 - [STDERR_REDIRECT] 
2025-04-11 08:28:19,307 [ERROR] LogOutputStream:75 - [STDERR_REDIRECT] [Fatal Error] :1:1: Premature end of file.
2025-04-11 08:28:19,307 [ERROR] LogOutputStream:75 - [STDERR_REDIRECT] 
2025-04-11 08:28:20,308 [ERROR] LogOutputStream:75 - [STDERR_REDIRECT] [Fatal Error] :1:1: Premature end of file.
2025-04-11 08:28:20,308 [ERROR] LogOutputStream:75 - [STDERR_REDIRECT] 
2025-04-11 08:28:21,308 [ERROR] LogOutputStream:75 - [STDERR_REDIRECT] [Fatal Error] :1:1: Premature end of file.
2025-04-11 08:28:21,308 [ERROR] LogOutputStream:75 - [STDERR_REDIRECT] 
2025-04-11 08:28:22,305 [ERROR] LogOutputStream:75 - [STDERR_REDIRECT] [Fatal Error] :1:1: Premature end of file.
2025-04-11 08:28:22,306 [ERROR] LogOutputStream:75 - [STDERR_REDIRECT] 
2025-04-11 08:28:23,297 [ERROR] LogOutputStream:75 - [STDERR_REDIRECT] [Fatal Error] :1:1: Premature end of file.
2025-04-11 08:28:23,297 [ERROR] LogOutputStream:75 - [STDERR_REDIRECT] 
2025-04-11 08:28:24,308 [ERROR] LogOutputStream:75 - [STDERR_REDIRECT] [Fatal Error] :1:1: Premature end of file.
2025-04-11 08:28:24,308 [ERROR] LogOutputStream:75 - [STDERR_REDIRECT] 
2025-04-11 08:28:25,304 [ERROR] LogOutputStream:75 - [STDERR_REDIRECT] [Fatal Error] :1:1: Premature end of file.
2025-04-11 08:28:25,304 [ERROR] LogOutputStream:75 - [STDERR_REDIRECT] 
2025-04-11 08:28:26,311 [ERROR] LogOutputStream:75 - [STDERR_REDIRECT] [Fatal Error] :1:1: Premature end of file.
2025-04-11 08:28:26,312 [ERROR] LogOutputStream:75 - [STDERR_REDIRECT] 
2025-04-11 08:28:27,279 [ERROR] LogOutputStream:75 - [STDERR_REDIRECT] [Fatal Error] :1:1: Premature end of file.
2025-04-11 08:28:27,279 [ERROR] LogOutputStream:75 - [STDERR_REDIRECT] 
2025-04-11 08:28:28,311 [ERROR] LogOutputStream:75 - [STDERR_REDIRECT] [Fatal Error] :1:1: Premature end of file.
2025-04-11 08:28:28,312 [ERROR] LogOutputStream:75 - [STDERR_REDIRECT] 
2025-04-11 08:28:29,306 [ERROR] LogOutputStream:75 - [STDERR_REDIRECT] [Fatal Error] :1:1: Premature end of file.
2025-04-11 08:28:29,306 [ERROR] LogOutputStream:75 - [STDERR_REDIRECT] 
2025-04-11 08:28:30,307 [ERROR] LogOutputStream:75 - [STDERR_REDIRECT] [Fatal Error] :1:1: Premature end of file.
2025-04-11 08:28:30,307 [ERROR] LogOutputStream:75 - [STDERR_REDIRECT] 
2025-04-11 08:28:31,305 [ERROR] LogOutputStream:75 - [STDERR_REDIRECT] [Fatal Error] :1:1: Premature end of file.
2025-04-11 08:28:31,305 [ERROR] LogOutputStream:75 - [STDERR_REDIRECT] 
2025-04-11 08:28:32,309 [ERROR] LogOutputStream:75 - [STDERR_REDIRECT] [Fatal Error] :1:1: Premature end of file.
2025-04-11 08:28:32,309 [ERROR] LogOutputStream:75 - [STDERR_REDIRECT] 
2025-04-11 08:28:33,306 [ERROR] LogOutputStream:75 - [STDERR_REDIRECT] [Fatal Error] :1:1: Premature end of file.
2025-04-11 08:28:33,307 [ERROR] LogOutputStream:75 - [STDERR_REDIRECT] 
2025-04-11 08:28:34,305 [ERROR] LogOutputStream:75 - [STDERR_REDIRECT] [Fatal Error] :1:1: Premature end of file.
2025-04-11 08:28:34,305 [ERROR] LogOutputStream:75 - [STDERR_REDIRECT] 
2025-04-11 08:28:35,298 [ERROR] LogOutputStream:75 - [STDERR_REDIRECT] [Fatal Error] :1:1: Premature end of file.
2025-04-11 08:28:35,298 [ERROR] LogOutputStream:75 - [STDERR_REDIRECT] 
2025-04-11 08:28:36,322 [ERROR] LogOutputStream:75 - [STDERR_REDIRECT] [Fatal Error] :1:1: Premature end of file.
2025-04-11 08:28:36,322 [ERROR] LogOutputStream:75 - [STDERR_REDIRECT] 
2025-04-11 08:28:37,313 [ERROR] LogOutputStream:75 - [STDERR_REDIRECT] [Fatal Error] :1:1: Premature end of file.
2025-04-11 08:28:37,314 [ERROR] LogOutputStream:75 - [STDERR_REDIRECT] 
2025-04-11 08:28:38,306 [ERROR] LogOutputStream:75 - [STDERR_REDIRECT] [Fatal Error] :1:1: Premature end of file.
2025-04-11 08:28:38,307 [ERROR] LogOutputStream:75 - [STDERR_REDIRECT] 
2025-04-11 08:28:39,308 [ERROR] LogOutputStream:75 - [STDERR_REDIRECT] [Fatal Error] :1:1: Premature end of file.
2025-04-11 08:28:39,309 [ERROR] LogOutputStream:75 - [STDERR_REDIRECT] 
2025-04-11 08:28:40,308 [ERROR] LogOutputStream:75 - [STDERR_REDIRECT] [Fatal Error] :1:1: Premature end of file.
2025-04-11 08:28:40,309 [ERROR] LogOutputStream:75 - [STDERR_REDIRECT] 
2025-04-11 08:28:41,309 [ERROR] LogOutputStream:75 - [STDERR_REDIRECT] [Fatal Error] :1:1: Premature end of file.
2025-04-11 08:28:41,309 [ERROR] LogOutputStream:75 - [STDERR_REDIRECT] 
2025-04-11 08:28:42,309 [ERROR] LogOutputStream:75 - [STDERR_REDIRECT] [Fatal Error] :1:1: Premature end of file.
2025-04-11 08:28:42,309 [ERROR] LogOutputStream:75 - [STDERR_REDIRECT] 
2025-04-11 08:28:43,313 [ERROR] LogOutputStream:75 - [STDERR_REDIRECT] [Fatal Error] :1:1: Premature end of file.
2025-04-11 08:28:43,314 [ERROR] LogOutputStream:75 - [STDERR_REDIRECT] 
2025-04-11 08:28:44,304 [ERROR] LogOutputStream:75 - [STDERR_REDIRECT] [Fatal Error] :1:1: Premature end of file.
2025-04-11 08:28:44,304 [ERROR] LogOutputStream:75 - [STDERR_REDIRECT] 
2025-04-11 08:28:45,306 [ERROR] LogOutputStream:75 - [STDERR_REDIRECT] [Fatal Error] :1:1: Premature end of file.
2025-04-11 08:28:45,306 [ERROR] LogOutputStream:75 - [STDERR_REDIRECT] 
2025-04-11 08:28:46,308 [ERROR] LogOutputStream:75 - [STDERR_REDIRECT] [Fatal Error] :1:1: Premature end of file.
2025-04-11 08:28:46,308 [ERROR] LogOutputStream:75 - [STDERR_REDIRECT] 
2025-04-11 08:28:47,309 [ERROR] LogOutputStream:75 - [STDERR_REDIRECT] [Fatal Error] :1:1: Premature end of file.
2025-04-11 08:28:47,310 [ERROR] LogOutputStream:75 - [STDERR_REDIRECT] 
2025-04-11 08:28:48,313 [ERROR] LogOutputStream:75 - [STDERR_REDIRECT] [Fatal Error] :1:1: Premature end of file.
2025-04-11 08:28:48,315 [ERROR] LogOutputStream:75 - [STDERR_REDIRECT] 
2025-04-11 08:28:49,306 [ERROR] LogOutputStream:75 - [STDERR_REDIRECT] [Fatal Error] :1:1: Premature end of file.
2025-04-11 08:28:49,307 [ERROR] LogOutputStream:75 - [STDERR_REDIRECT] 
2025-04-11 08:28:50,310 [ERROR] LogOutputStream:75 - [STDERR_REDIRECT] [Fatal Error] :1:1: Premature end of file.
2025-04-11 08:28:50,310 [ERROR] LogOutputStream:75 - [STDERR_REDIRECT] 
2025-04-11 08:28:51,308 [ERROR] LogOutputStream:75 - [STDERR_REDIRECT] [Fatal Error] :1:1: Premature end of file.
2025-04-11 08:28:51,308 [ERROR] LogOutputStream:75 - [STDERR_REDIRECT] 
2025-04-11 08:28:52,305 [ERROR] LogOutputStream:75 - [STDERR_REDIRECT] [Fatal Error] :1:1: Premature end of file.
2025-04-11 08:28:52,306 [ERROR] LogOutputStream:75 - [STDERR_REDIRECT] 
2025-04-11 08:28:53,306 [ERROR] LogOutputStream:75 - [STDERR_REDIRECT] [Fatal Error] :1:1: Premature end of file.
2025-04-11 08:28:53,307 [ERROR] LogOutputStream:75 - [STDERR_REDIRECT] 
2025-04-11 08:28:54,297 [ERROR] LogOutputStream:75 - [STDERR_REDIRECT] [Fatal Error] :1:1: Premature end of file.
2025-04-11 08:28:54,297 [ERROR] LogOutputStream:75 - [STDERR_REDIRECT] 
2025-04-11 08:28:55,308 [ERROR] LogOutputStream:75 - [STDERR_REDIRECT] [Fatal Error] :1:1: Premature end of file.
2025-04-11 08:28:55,308 [ERROR] LogOutputStream:75 - [STDERR_REDIRECT] 
2025-04-11 08:28:56,308 [ERROR] LogOutputStream:75 - [STDERR_REDIRECT] [Fatal Error] :1:1: Premature end of file.
2025-04-11 08:28:56,308 [ERROR] LogOutputStream:75 - [STDERR_REDIRECT] 
2025-04-11 08:28:57,299 [ERROR] LogOutputStream:75 - [STDERR_REDIRECT] [Fatal Error] :1:1: Premature end of file.
2025-04-11 08:28:57,299 [ERROR] LogOutputStream:75 - [STDERR_REDIRECT] 
2025-04-11 08:28:58,284 [ERROR] LogOutputStream:75 - [STDERR_REDIRECT] [Fatal Error] :1:1: Premature end of file.
2025-04-11 08:28:58,284 [ERROR] LogOutputStream:75 - [STDERR_REDIRECT] 
2025-04-11 08:28:59,310 [ERROR] LogOutputStream:75 - [STDERR_REDIRECT] [Fatal Error] :1:1: Premature end of file.
2025-04-11 08:28:59,310 [ERROR] LogOutputStream:75 - [STDERR_REDIRECT] 
2025-04-11 08:29:00,307 [ERROR] LogOutputStream:75 - [STDERR_REDIRECT] [Fatal Error] :1:1: Premature end of file.
2025-04-11 08:29:00,307 [ERROR] LogOutputStream:75 - [STDERR_REDIRECT] 
2025-04-11 08:29:01,308 [ERROR] LogOutputStream:75 - [STDERR_REDIRECT] [Fatal Error] :1:1: Premature end of file.
2025-04-11 08:29:01,308 [ERROR] LogOutputStream:75 - [STDERR_REDIRECT] 
2025-04-11 08:29:02,310 [ERROR] LogOutputStream:75 - [STDERR_REDIRECT] [Fatal Error] :1:1: Premature end of file.
2025-04-11 08:29:02,310 [ERROR] LogOutputStream:75 - [STDERR_REDIRECT] 
2025-04-11 08:29:03,309 [ERROR] LogOutputStream:75 - [STDERR_REDIRECT] [Fatal Error] :1:1: Premature end of file.
2025-04-11 08:29:03,310 [ERROR] LogOutputStream:75 - [STDERR_REDIRECT] 
2025-04-11 08:29:04,308 [ERROR] LogOutputStream:75 - [STDERR_REDIRECT] [Fatal Error] :1:1: Premature end of file.
2025-04-11 08:29:04,308 [ERROR] LogOutputStream:75 - [STDERR_REDIRECT] 
2025-04-11 08:29:05,312 [ERROR] LogOutputStream:75 - [STDERR_REDIRECT] [Fatal Error] :1:1: Premature end of file.
2025-04-11 08:29:05,312 [ERROR] LogOutputStream:75 - [STDERR_REDIRECT] 
2025-04-11 08:29:06,311 [ERROR] LogOutputStream:75 - [STDERR_REDIRECT] [Fatal Error] :1:1: Premature end of file.
2025-04-11 08:29:06,311 [ERROR] LogOutputStream:75 - [STDERR_REDIRECT] 
2025-04-11 08:29:07,310 [ERROR] LogOutputStream:75 - [STDERR_REDIRECT] [Fatal Error] :1:1: Premature end of file.
2025-04-11 08:29:07,310 [ERROR] LogOutputStream:75 - [STDERR_REDIRECT] 
2025-04-11 08:29:08,304 [ERROR] LogOutputStream:75 - [STDERR_REDIRECT] [Fatal Error] :1:1: Premature end of file.
2025-04-11 08:29:08,304 [ERROR] LogOutputStream:75 - [STDERR_REDIRECT] 
2025-04-11 08:29:09,307 [ERROR] LogOutputStream:75 - [STDERR_REDIRECT] [Fatal Error] :1:1: Premature end of file.
2025-04-11 08:29:09,307 [ERROR] LogOutputStream:75 - [STDERR_REDIRECT] 
2025-04-11 08:29:10,304 [ERROR] LogOutputStream:75 - [STDERR_REDIRECT] [Fatal Error] :1:1: Premature end of file.
2025-04-11 08:29:10,304 [ERROR] LogOutputStream:75 - [STDERR_REDIRECT] 
2025-04-11 08:29:10,703 [INFO] UtilMem:75 - End SaveConfig() Used Memory: 660056656 Bytes (1073741824)
2025-04-11 08:29:10,822 [INFO] UtilMem:75 - End SaveConfig() Used Memory: 683594576 Bytes (1073741824)
2025-04-11 08:29:11,095 [INFO] UtilMem:75 - End SaveConfig() Used Memory: 708238160 Bytes (1073741824)
2025-04-11 08:29:11,295 [ERROR] LogOutputStream:75 - [STDERR_REDIRECT] [Fatal Error] :1:1: Premature end of file.
2025-04-11 08:29:11,295 [ERROR] LogOutputStream:75 - [STDERR_REDIRECT] 
2025-04-11 08:29:11,524 [INFO] BlockDiagram:2775 - set Specific Code input for plugin: SPI
2025-04-11 08:29:11,524 [INFO] BlockDiagram:2775 - set Specific Code input for plugin: ADC
2025-04-11 08:29:11,525 [INFO] BlockDiagram:2775 - set Specific Code input for plugin: SYS
2025-04-11 08:29:11,525 [INFO] BlockDiagram:2775 - set Specific Code input for plugin: ADC
2025-04-11 08:29:11,525 [INFO] BlockDiagram:2775 - set Specific Code input for plugin: RCC
2025-04-11 08:29:11,525 [INFO] BlockDiagram:2775 - set Specific Code input for plugin: I2C
2025-04-11 08:29:11,525 [INFO] BlockDiagram:2775 - set Specific Code input for plugin: NVIC
2025-04-11 08:29:11,525 [INFO] BlockDiagram:2775 - set Specific Code input for plugin: USART
2025-04-11 08:29:11,526 [INFO] BlockDiagram:2775 - set Specific Code input for plugin: GPIO
2025-04-11 08:29:11,528 [INFO] CodeGenerator:882 - code generatio: config db path: C:\ST\STM32CubeIDE_1.17.0\STM32CubeIDE\plugins\com.st.stm32cube.common.mx_6.14.0.202502271554\\db\
2025-04-11 08:29:11,749 [INFO] CodeEngine:263 - oldGeneratedFile, C:\Users\raj\Project\Project\Test\Aqua_M60\2025_02_20_Fast_AquaM60_test\MXTmpFiles\license.tmp_save
2025-04-11 08:29:12,134 [INFO] CodeEngine:287 - Generated code: C:\Users\raj\Project\Project\Test\Aqua_M60\2025_02_20_Fast_AquaM60_test\MXTmpFiles\license.tmp
2025-04-11 08:29:12,293 [ERROR] LogOutputStream:75 - [STDERR_REDIRECT] [Fatal Error] :1:1: Premature end of file.
2025-04-11 08:29:12,293 [ERROR] LogOutputStream:75 - [STDERR_REDIRECT] 
2025-04-11 08:29:12,296 [INFO] CodeEngine:263 - oldGeneratedFile, C:\Users\raj\Project\Project\Test\Aqua_M60\2025_02_20_Fast_AquaM60_test\MXTmpFiles\gpio.tmp_save
2025-04-11 08:29:12,421 [INFO] CodeEngine:287 - Generated code: C:\Users\raj\Project\Project\Test\Aqua_M60\2025_02_20_Fast_AquaM60_test\MXTmpFiles\gpio.tmp
2025-04-11 08:29:12,872 [INFO] CodeEngine:263 - oldGeneratedFile, C:\Users\raj\Project\Project\Test\Aqua_M60\2025_02_20_Fast_AquaM60_test\Core\Src\stm32f3xx_it.c_save
2025-04-11 08:29:13,016 [INFO] CodeEngine:287 - Generated code: C:\Users\raj\Project\Project\Test\Aqua_M60\2025_02_20_Fast_AquaM60_test\Core\Src\stm32f3xx_it.c
2025-04-11 08:29:13,045 [INFO] CodeEngine:263 - oldGeneratedFile, C:\Users\raj\Project\Project\Test\Aqua_M60\2025_02_20_Fast_AquaM60_test\Core\Inc\stm32f3xx_it.h_save
2025-04-11 08:29:13,117 [INFO] CodeEngine:287 - Generated code: C:\Users\raj\Project\Project\Test\Aqua_M60\2025_02_20_Fast_AquaM60_test\Core\Inc\stm32f3xx_it.h
2025-04-11 08:29:13,154 [INFO] CodeEngine:263 - oldGeneratedFile, C:\Users\raj\Project\Project\Test\Aqua_M60\2025_02_20_Fast_AquaM60_test\Core\Src\stm32f3xx_hal_msp.c_save
2025-04-11 08:29:13,279 [ERROR] LogOutputStream:75 - [STDERR_REDIRECT] [Fatal Error] :1:1: Premature end of file.
2025-04-11 08:29:13,279 [ERROR] LogOutputStream:75 - [STDERR_REDIRECT] 
2025-04-11 08:29:13,283 [INFO] CodeEngine:287 - Generated code: C:\Users\raj\Project\Project\Test\Aqua_M60\2025_02_20_Fast_AquaM60_test\Core\Src\stm32f3xx_hal_msp.c
2025-04-11 08:29:13,298 [INFO] CodeEngine:263 - oldGeneratedFile, C:\Users\raj\Project\Project\Test\Aqua_M60\2025_02_20_Fast_AquaM60_test\MXTmpFiles\system.tmp_save
2025-04-11 08:29:13,358 [INFO] CodeEngine:287 - Generated code: C:\Users\raj\Project\Project\Test\Aqua_M60\2025_02_20_Fast_AquaM60_test\MXTmpFiles\system.tmp
2025-04-11 08:29:13,387 [INFO] CodeEngine:319 - oldGeneratedFile, C:\Users\raj\Project\Project\Test\Aqua_M60\2025_02_20_Fast_AquaM60_test\Core\Inc\stm32f3xx_hal_conf.h_save
2025-04-11 08:29:13,491 [INFO] CodeEngine:343 - Generated code: C:\Users\raj\Project\Project\Test\Aqua_M60\2025_02_20_Fast_AquaM60_test\Core\Inc\stm32f3xx_hal_conf.h
2025-04-11 08:29:13,531 [INFO] ApiDbMcu:508 - Load IP Config File for ADC1
2025-04-11 08:29:13,532 [INFO] ApiDbMcu:508 - Load IP Config File for ADC2
2025-04-11 08:29:13,535 [INFO] ApiDbMcu:508 - Load IP Config File for I2C2
2025-04-11 08:29:13,538 [INFO] ApiDbMcu:508 - Load IP Config File for SPI2
2025-04-11 08:29:13,541 [INFO] ApiDbMcu:508 - Load IP Config File for USART2
2025-04-11 08:29:13,546 [INFO] ApiDbMcu:508 - Load IP Config File for RCC
2025-04-11 08:29:13,586 [INFO] CodeEngine:263 - oldGeneratedFile, C:\Users\raj\Project\Project\Test\Aqua_M60\2025_02_20_Fast_AquaM60_test\Core\Inc\main.h_save
2025-04-11 08:29:13,689 [INFO] CodeEngine:287 - Generated code: C:\Users\raj\Project\Project\Test\Aqua_M60\2025_02_20_Fast_AquaM60_test\Core\Inc\main.h
2025-04-11 08:29:13,720 [INFO] CodeEngine:263 - oldGeneratedFile, C:\Users\raj\Project\Project\Test\Aqua_M60\2025_02_20_Fast_AquaM60_test\Core\Src\main.c_save
2025-04-11 08:29:13,904 [INFO] CodeEngine:287 - Generated code: C:\Users\raj\Project\Project\Test\Aqua_M60\2025_02_20_Fast_AquaM60_test\Core\Src\main.c
2025-04-11 08:29:14,288 [ERROR] LogOutputStream:75 - [STDERR_REDIRECT] [Fatal Error] :1:1: Premature end of file.
2025-04-11 08:29:14,288 [ERROR] LogOutputStream:75 - [STDERR_REDIRECT] 
2025-04-11 08:29:14,442 [INFO] ProjectBuilder:3324 - Time for Copy HAL[1] : 306mS.
2025-04-11 08:29:14,449 [INFO] ProjectBuilder:4912 - Project Generator version: 4.6.0-B36
2025-04-11 08:29:14,513 [INFO] ConfigFileManager:1590 - The Die is : DIE446
2025-04-11 08:29:14,534 [INFO] ApiDbMcu:508 - Load IP Config File for FATFS
2025-04-11 08:29:14,549 [INFO] ApiDbMcu:508 - Load IP Config File for FREERTOS
2025-04-11 08:29:14,566 [INFO] ApiDbMcu:508 - Load IP Config File for TOUCHSENSING
2025-04-11 08:29:14,583 [INFO] ApiDbMcu:508 - Load IP Config File for USB_DEVICE
2025-04-11 08:29:15,297 [ERROR] LogOutputStream:75 - [STDERR_REDIRECT] [Fatal Error] :1:1: Premature end of file.
2025-04-11 08:29:15,297 [ERROR] LogOutputStream:75 - [STDERR_REDIRECT] 
2025-04-11 08:29:15,340 [INFO] LogOutputStream:77 - [STDOUT_REDIRECT] 
2025-04-11 08:29:16,293 [ERROR] LogOutputStream:75 - [STDERR_REDIRECT] [Fatal Error] :1:1: Premature end of file.
2025-04-11 08:29:16,293 [ERROR] LogOutputStream:75 - [STDERR_REDIRECT] 
2025-04-11 08:29:17,083 [INFO] ProjectBuilder:5191 - Time for Generating toolchain IDE Files: 2634mS.
2025-04-11 08:29:17,084 [INFO] ProjectBuilder:3181 - Time for Copy CMSIS : 1mS.
2025-04-11 08:29:17,085 [INFO] ProjectBuilder:3181 - Time for Copy CMSIS : 0mS.
2025-04-11 08:29:17,291 [ERROR] LogOutputStream:75 - [STDERR_REDIRECT] [Fatal Error] :1:1: Premature end of file.
2025-04-11 08:29:17,292 [ERROR] LogOutputStream:75 - [STDERR_REDIRECT] 
2025-04-11 08:29:18,283 [ERROR] LogOutputStream:75 - [STDERR_REDIRECT] [Fatal Error] :1:1: Premature end of file.
2025-04-11 08:29:18,283 [ERROR] LogOutputStream:75 - [STDERR_REDIRECT] 
2025-04-11 08:29:19,311 [ERROR] LogOutputStream:75 - [STDERR_REDIRECT] [Fatal Error] :1:1: Premature end of file.
2025-04-11 08:29:19,311 [ERROR] LogOutputStream:75 - [STDERR_REDIRECT] 
2025-04-11 08:29:20,276 [ERROR] LogOutputStream:75 - [STDERR_REDIRECT] [Fatal Error] :1:1: Premature end of file.
2025-04-11 08:29:20,277 [ERROR] LogOutputStream:75 - [STDERR_REDIRECT] 
2025-04-11 08:29:21,307 [ERROR] LogOutputStream:75 - [STDERR_REDIRECT] [Fatal Error] :1:1: Premature end of file.
2025-04-11 08:29:21,308 [ERROR] LogOutputStream:75 - [STDERR_REDIRECT] 
2025-04-11 08:29:22,316 [ERROR] LogOutputStream:75 - [STDERR_REDIRECT] [Fatal Error] :1:1: Premature end of file.
2025-04-11 08:29:22,316 [ERROR] LogOutputStream:75 - [STDERR_REDIRECT] 
2025-04-11 08:29:23,313 [ERROR] LogOutputStream:75 - [STDERR_REDIRECT] [Fatal Error] :1:1: Premature end of file.
2025-04-11 08:29:23,313 [ERROR] LogOutputStream:75 - [STDERR_REDIRECT] 
2025-04-11 08:29:24,306 [ERROR] LogOutputStream:75 - [STDERR_REDIRECT] [Fatal Error] :1:1: Premature end of file.
2025-04-11 08:29:24,306 [ERROR] LogOutputStream:75 - [STDERR_REDIRECT] 
2025-04-11 08:29:25,300 [ERROR] LogOutputStream:75 - [STDERR_REDIRECT] [Fatal Error] :1:1: Premature end of file.
2025-04-11 08:29:25,301 [ERROR] LogOutputStream:75 - [STDERR_REDIRECT] 
2025-04-11 08:29:26,307 [ERROR] LogOutputStream:75 - [STDERR_REDIRECT] [Fatal Error] :1:1: Premature end of file.
2025-04-11 08:29:26,308 [ERROR] LogOutputStream:75 - [STDERR_REDIRECT] 
2025-04-11 08:29:27,310 [ERROR] LogOutputStream:75 - [STDERR_REDIRECT] [Fatal Error] :1:1: Premature end of file.
2025-04-11 08:29:27,310 [ERROR] LogOutputStream:75 - [STDERR_REDIRECT] 
2025-04-11 08:29:28,309 [ERROR] LogOutputStream:75 - [STDERR_REDIRECT] [Fatal Error] :1:1: Premature end of file.
2025-04-11 08:29:28,310 [ERROR] LogOutputStream:75 - [STDERR_REDIRECT] 
2025-04-11 08:29:29,310 [ERROR] LogOutputStream:75 - [STDERR_REDIRECT] [Fatal Error] :1:1: Premature end of file.
2025-04-11 08:29:29,310 [ERROR] LogOutputStream:75 - [STDERR_REDIRECT] 
2025-04-11 08:29:30,314 [ERROR] LogOutputStream:75 - [STDERR_REDIRECT] [Fatal Error] :1:1: Premature end of file.
2025-04-11 08:29:30,315 [ERROR] LogOutputStream:75 - [STDERR_REDIRECT] 
2025-04-11 08:29:31,307 [ERROR] LogOutputStream:75 - [STDERR_REDIRECT] [Fatal Error] :1:1: Premature end of file.
2025-04-11 08:29:31,308 [ERROR] LogOutputStream:75 - [STDERR_REDIRECT] 
2025-04-11 08:29:32,303 [ERROR] LogOutputStream:75 - [STDERR_REDIRECT] [Fatal Error] :1:1: Premature end of file.
2025-04-11 08:29:32,304 [ERROR] LogOutputStream:75 - [STDERR_REDIRECT] 
2025-04-11 08:29:33,304 [ERROR] LogOutputStream:75 - [STDERR_REDIRECT] [Fatal Error] :1:1: Premature end of file.
2025-04-11 08:29:33,304 [ERROR] LogOutputStream:75 - [STDERR_REDIRECT] 
2025-04-11 08:29:34,309 [ERROR] LogOutputStream:75 - [STDERR_REDIRECT] [Fatal Error] :1:1: Premature end of file.
2025-04-11 08:29:34,309 [ERROR] LogOutputStream:75 - [STDERR_REDIRECT] 
2025-04-11 08:29:35,297 [ERROR] LogOutputStream:75 - [STDERR_REDIRECT] [Fatal Error] :1:1: Premature end of file.
2025-04-11 08:29:35,298 [ERROR] LogOutputStream:75 - [STDERR_REDIRECT] 
2025-04-11 08:29:36,316 [ERROR] LogOutputStream:75 - [STDERR_REDIRECT] [Fatal Error] :1:1: Premature end of file.
2025-04-11 08:29:36,316 [ERROR] LogOutputStream:75 - [STDERR_REDIRECT] 
2025-04-11 08:29:37,319 [ERROR] LogOutputStream:75 - [STDERR_REDIRECT] [Fatal Error] :1:1: Premature end of file.
2025-04-11 08:29:37,320 [ERROR] LogOutputStream:75 - [STDERR_REDIRECT] 
2025-04-11 08:29:38,309 [ERROR] LogOutputStream:75 - [STDERR_REDIRECT] [Fatal Error] :1:1: Premature end of file.
2025-04-11 08:29:38,310 [ERROR] LogOutputStream:75 - [STDERR_REDIRECT] 
2025-04-11 08:29:39,314 [ERROR] LogOutputStream:75 - [STDERR_REDIRECT] [Fatal Error] :1:1: Premature end of file.
2025-04-11 08:29:39,314 [ERROR] LogOutputStream:75 - [STDERR_REDIRECT] 
2025-04-11 08:29:40,305 [ERROR] LogOutputStream:75 - [STDERR_REDIRECT] [Fatal Error] :1:1: Premature end of file.
2025-04-11 08:29:40,306 [ERROR] LogOutputStream:75 - [STDERR_REDIRECT] 
2025-04-11 08:29:41,308 [ERROR] LogOutputStream:75 - [STDERR_REDIRECT] [Fatal Error] :1:1: Premature end of file.
2025-04-11 08:29:41,308 [ERROR] LogOutputStream:75 - [STDERR_REDIRECT] 
2025-04-11 08:29:42,308 [ERROR] LogOutputStream:75 - [STDERR_REDIRECT] [Fatal Error] :1:1: Premature end of file.
2025-04-11 08:29:42,308 [ERROR] LogOutputStream:75 - [STDERR_REDIRECT] 
2025-04-11 08:29:43,305 [ERROR] LogOutputStream:75 - [STDERR_REDIRECT] [Fatal Error] :1:1: Premature end of file.
2025-04-11 08:29:43,305 [ERROR] LogOutputStream:75 - [STDERR_REDIRECT] 
2025-04-11 08:29:44,311 [ERROR] LogOutputStream:75 - [STDERR_REDIRECT] [Fatal Error] :1:1: Premature end of file.
2025-04-11 08:29:44,311 [ERROR] LogOutputStream:75 - [STDERR_REDIRECT] 
2025-04-11 08:29:45,329 [ERROR] LogOutputStream:75 - [STDERR_REDIRECT] [Fatal Error] :1:1: Premature end of file.
2025-04-11 08:29:45,329 [ERROR] LogOutputStream:75 - [STDERR_REDIRECT] 
2025-04-11 08:29:46,309 [ERROR] LogOutputStream:75 - [STDERR_REDIRECT] [Fatal Error] :1:1: Premature end of file.
2025-04-11 08:29:46,309 [ERROR] LogOutputStream:75 - [STDERR_REDIRECT] 
2025-04-11 08:29:47,307 [ERROR] LogOutputStream:75 - [STDERR_REDIRECT] [Fatal Error] :1:1: Premature end of file.
2025-04-11 08:29:47,307 [ERROR] LogOutputStream:75 - [STDERR_REDIRECT] 
2025-04-11 08:29:48,301 [ERROR] LogOutputStream:75 - [STDERR_REDIRECT] [Fatal Error] :1:1: Premature end of file.
2025-04-11 08:29:48,301 [ERROR] LogOutputStream:75 - [STDERR_REDIRECT] 
2025-04-11 08:29:49,295 [ERROR] LogOutputStream:75 - [STDERR_REDIRECT] [Fatal Error] :1:1: Premature end of file.
2025-04-11 08:29:49,295 [ERROR] LogOutputStream:75 - [STDERR_REDIRECT] 
2025-04-11 08:29:50,305 [ERROR] LogOutputStream:75 - [STDERR_REDIRECT] [Fatal Error] :1:1: Premature end of file.
2025-04-11 08:29:50,306 [ERROR] LogOutputStream:75 - [STDERR_REDIRECT] 
2025-04-11 08:29:51,307 [ERROR] LogOutputStream:75 - [STDERR_REDIRECT] [Fatal Error] :1:1: Premature end of file.
2025-04-11 08:29:51,307 [ERROR] LogOutputStream:75 - [STDERR_REDIRECT] 
2025-04-11 08:29:52,310 [ERROR] LogOutputStream:75 - [STDERR_REDIRECT] [Fatal Error] :1:1: Premature end of file.
2025-04-11 08:29:52,310 [ERROR] LogOutputStream:75 - [STDERR_REDIRECT] 
2025-04-11 08:29:53,302 [ERROR] LogOutputStream:75 - [STDERR_REDIRECT] [Fatal Error] :1:1: Premature end of file.
2025-04-11 08:29:53,302 [ERROR] LogOutputStream:75 - [STDERR_REDIRECT] 
2025-04-11 08:29:54,304 [ERROR] LogOutputStream:75 - [STDERR_REDIRECT] [Fatal Error] :1:1: Premature end of file.
2025-04-11 08:29:54,305 [ERROR] LogOutputStream:75 - [STDERR_REDIRECT] 
2025-04-11 08:29:55,304 [ERROR] LogOutputStream:75 - [STDERR_REDIRECT] [Fatal Error] :1:1: Premature end of file.
2025-04-11 08:29:55,305 [ERROR] LogOutputStream:75 - [STDERR_REDIRECT] 
2025-04-11 08:29:56,310 [ERROR] LogOutputStream:75 - [STDERR_REDIRECT] [Fatal Error] :1:1: Premature end of file.
2025-04-11 08:29:56,310 [ERROR] LogOutputStream:75 - [STDERR_REDIRECT] 
2025-04-11 08:29:57,310 [ERROR] LogOutputStream:75 - [STDERR_REDIRECT] [Fatal Error] :1:1: Premature end of file.
2025-04-11 08:29:57,310 [ERROR] LogOutputStream:75 - [STDERR_REDIRECT] 
2025-04-11 08:29:58,309 [ERROR] LogOutputStream:75 - [STDERR_REDIRECT] [Fatal Error] :1:1: Premature end of file.
2025-04-11 08:29:58,309 [ERROR] LogOutputStream:75 - [STDERR_REDIRECT] 
2025-04-11 08:29:59,315 [ERROR] LogOutputStream:75 - [STDERR_REDIRECT] [Fatal Error] :1:1: Premature end of file.
2025-04-11 08:29:59,315 [ERROR] LogOutputStream:75 - [STDERR_REDIRECT] 
2025-04-11 08:30:00,307 [ERROR] LogOutputStream:75 - [STDERR_REDIRECT] [Fatal Error] :1:1: Premature end of file.
2025-04-11 08:30:00,307 [ERROR] LogOutputStream:75 - [STDERR_REDIRECT] 
2025-04-11 08:30:01,304 [ERROR] LogOutputStream:75 - [STDERR_REDIRECT] [Fatal Error] :1:1: Premature end of file.
2025-04-11 08:30:01,305 [ERROR] LogOutputStream:75 - [STDERR_REDIRECT] 
2025-04-11 08:30:01,625 [ERROR] LogOutputStream:75 - [STDERR_REDIRECT] 
