2025-03-02 14:55:25,480 [INFO] Activator:176 - 


2025-03-02 14:55:25,485 [INFO] Activator:177 - !SESSION log4j initialized
2025-03-02 14:55:30,139 [INFO] LogOutputStream:77 - [STDOUT_REDIRECT] 
2025-03-02 14:55:32,405 [INFO] ApplicationProperties:184 - Using Application install path: C:\ST\STM32CubeIDE_1.17.0\STM32CubeIDE\plugins\com.st.stm32cube.common.mx_6.13.0.202411220809
2025-03-02 14:55:32,419 [INFO] DbMcusXml:78 - Set database path to: C:\ST\STM32CubeIDE_1.17.0\STM32CubeIDE\plugins\com.st.stm32cube.common.mx_6.13.0.202411220809\\db\/mcu/
2025-03-02 14:55:32,420 [INFO] ApiDb:274 - Set plugin database path to: C:\ST\STM32CubeIDE_1.17.0\STM32CubeIDE\plugins\com.st.stm32cube.common.mx_6.13.0.202411220809\\db\/plugins/boardmanager/
2025-03-02 14:55:32,421 [WARN] ApiDb:259 - Overriding images path with different value:  => C:\ST\STM32CubeIDE_1.17.0\STM32CubeIDE\plugins\com.st.stm32cube.common.mx_6.13.0.202411220809\\db\/plugins/mcufinder/images/
2025-03-02 14:55:32,428 [INFO] ApiDb:250 - Set database path to: C:\Users\raj\.stmcufinder\plugins\mcufinder//mcu/
2025-03-02 14:55:32,429 [INFO] DbMcusAds:125 - Set database path to: C:\Users\raj\.stmcufinder\plugins\mcufinder//mcu/
2025-03-02 14:55:32,432 [INFO] CrossReferenceDbSqlite:203 - Set database path to: C:\Users\raj\.stmcufinder\plugins\mcufinder//mcu/cs/
2025-03-02 14:55:32,560 [INFO] RulesReader:64 - Compatibility file has been processed (297 Rules)
2025-03-02 14:55:32,642 [INFO] DbMcusXml:78 - Set database path to: C:\ST\STM32CubeIDE_1.17.0\STM32CubeIDE\plugins\com.st.stm32cube.common.mx_6.13.0.202411220809\\db\/mcu/
2025-03-02 14:55:32,642 [INFO] ApiDb:274 - Set plugin database path to: C:\ST\STM32CubeIDE_1.17.0\STM32CubeIDE\plugins\com.st.stm32cube.common.mx_6.13.0.202411220809\\db\/plugins/boardmanager/
2025-03-02 14:55:32,642 [INFO] ApiDb:261 - Set plugin images path to: C:\ST\STM32CubeIDE_1.17.0\STM32CubeIDE\plugins\com.st.stm32cube.common.mx_6.13.0.202411220809\\db\/plugins/mcufinder/images/
2025-03-02 14:55:32,642 [WARN] DbFile:41 - Overriding database path with different value: C:\Users\raj\.stmcufinder\plugins\mcufinder/ => C:\Users\raj\.stmcufinder\plugins\mcufinder
2025-03-02 14:55:32,642 [INFO] ApiDb:250 - Set database path to: C:\Users\raj\.stmcufinder\plugins\mcufinder//mcu/
2025-03-02 14:55:32,642 [WARN] DbFile:41 - Overriding database path with different value: C:\Users\raj\.stmcufinder\plugins\mcufinder/ => C:\Users\raj\.stmcufinder\plugins\mcufinder
2025-03-02 14:55:32,642 [INFO] DbMcusAds:125 - Set database path to: C:\Users\raj\.stmcufinder\plugins\mcufinder//mcu/
2025-03-02 14:55:32,642 [WARN] DbFile:41 - Overriding database path with different value: C:\Users\raj\.stmcufinder\plugins\mcufinder/ => C:\Users\raj\.stmcufinder\plugins\mcufinder
2025-03-02 14:55:32,642 [WARN] DbFile:41 - Overriding database path with different value: C:\Users\raj\.stmcufinder\plugins\mcufinder/ => C:\Users\raj\.stmcufinder\plugins\mcufinder
2025-03-02 14:55:32,642 [INFO] CrossReferenceDbSqlite:203 - Set database path to: C:\Users\raj\.stmcufinder\plugins\mcufinder//mcu/cs/
2025-03-02 14:55:32,716 [INFO] MainPanel:272 - HeapMemory: 268435456
2025-03-02 14:55:32,904 [INFO] DbMcusXml:78 - Set database path to: C:\ST\STM32CubeIDE_1.17.0\STM32CubeIDE\plugins\com.st.stm32cube.common.mx_6.13.0.202411220809\\db\/mcu/
2025-03-02 14:55:32,904 [INFO] ApiDb:274 - Set plugin database path to: C:\ST\STM32CubeIDE_1.17.0\STM32CubeIDE\plugins\com.st.stm32cube.common.mx_6.13.0.202411220809\\db\/plugins/boardmanager/
2025-03-02 14:55:32,904 [INFO] ApiDb:261 - Set plugin images path to: C:\ST\STM32CubeIDE_1.17.0\STM32CubeIDE\plugins\com.st.stm32cube.common.mx_6.13.0.202411220809\\db\/plugins/mcufinder/images/
2025-03-02 14:55:32,905 [WARN] DbFile:41 - Overriding database path with different value: C:\Users\raj\.stmcufinder\plugins\mcufinder/ => C:\Users\raj\.stmcufinder\plugins\mcufinder
2025-03-02 14:55:32,905 [INFO] ApiDb:250 - Set database path to: C:\Users\raj\.stmcufinder\plugins\mcufinder//mcu/
2025-03-02 14:55:32,905 [WARN] DbFile:41 - Overriding database path with different value: C:\Users\raj\.stmcufinder\plugins\mcufinder/ => C:\Users\raj\.stmcufinder\plugins\mcufinder
2025-03-02 14:55:32,905 [INFO] DbMcusAds:125 - Set database path to: C:\Users\raj\.stmcufinder\plugins\mcufinder//mcu/
2025-03-02 14:55:32,905 [WARN] DbFile:41 - Overriding database path with different value: C:\Users\raj\.stmcufinder\plugins\mcufinder/ => C:\Users\raj\.stmcufinder\plugins\mcufinder
2025-03-02 14:55:32,905 [WARN] DbFile:41 - Overriding database path with different value: C:\Users\raj\.stmcufinder\plugins\mcufinder/ => C:\Users\raj\.stmcufinder\plugins\mcufinder
2025-03-02 14:55:32,905 [INFO] CrossReferenceDbSqlite:203 - Set database path to: C:\Users\raj\.stmcufinder\plugins\mcufinder//mcu/cs/
2025-03-02 14:55:32,927 [INFO] ApplicationProperties:184 - Using Application install path: C:\ST\STM32CubeIDE_1.17.0\STM32CubeIDE\plugins\com.st.stm32cube.common.mx_6.13.0.202411220809
2025-03-02 14:55:32,928 [INFO] PluginManage:196 - Search for loadable plugins [exclusion list=, ]
2025-03-02 14:55:32,930 [INFO] PluginManage:310 - Check plugin analytics
2025-03-02 14:55:33,135 [INFO] AnalyticsPlugin:253 - Accepted Software Licenses: 
2025-03-02 14:55:33,135 [INFO] AnalyticsPlugin:255 - Accepted CMSIS Pack Licenses: 
2025-03-02 14:55:33,135 [INFO] AnalyticsPlugin:257 - Accepted Firmware Licenses: FW.L4.1.18.0
2025-03-02 14:55:33,140 [INFO] PluginManage:359 - Loaded plugin analytics (category:tool,tabindex:-1)
2025-03-02 14:55:33,140 [INFO] PluginManage:310 - Check plugin cadmodel
2025-03-02 14:55:33,158 [INFO] CADModel:105 - Init CAD model plugin
2025-03-02 14:55:33,158 [INFO] PluginManage:359 - Loaded plugin cadmodel (category:power,tabindex:5)
2025-03-02 14:55:33,158 [INFO] PluginManage:310 - Check plugin clock
2025-03-02 14:55:33,180 [INFO] PluginManage:359 - Loaded plugin clock (category:base,tabindex:2)
2025-03-02 14:55:33,180 [INFO] PluginManage:310 - Check plugin ddr
2025-03-02 14:55:33,183 [INFO] PluginManage:359 - Loaded plugin ddr (category:tool,tabindex:6)
2025-03-02 14:55:33,183 [INFO] PluginManage:310 - Check plugin filemanager
2025-03-02 14:55:33,313 [INFO] PluginManage:359 - Loaded plugin filemanager (category:base,tabindex:10)
2025-03-02 14:55:33,313 [INFO] PluginManage:310 - Check plugin ipmanager
2025-03-02 14:55:33,321 [INFO] PluginManage:359 - Loaded plugin ipmanager (category:base,tabindex:5)
2025-03-02 14:55:33,321 [INFO] PluginManage:310 - Check plugin lpbam
2025-03-02 14:55:33,343 [INFO] PluginManage:359 - Loaded plugin lpbam (category:base,tabindex:0)
2025-03-02 14:55:33,343 [INFO] PluginManage:310 - Check plugin memorymap
2025-03-02 14:55:33,369 [INFO] PluginManage:359 - Loaded plugin memorymap (category:base,tabindex:4)
2025-03-02 14:55:33,369 [INFO] PluginManage:310 - Check plugin pinoutandconfiguration
2025-03-02 14:55:33,385 [INFO] PluginManage:359 - Loaded plugin pinoutandconfiguration (category:base,tabindex:1)
2025-03-02 14:55:33,385 [INFO] PluginManage:310 - Check plugin pinoutconfig
2025-03-02 14:55:33,504 [WARN] SupportedApi:132 - Cannot load RTOS API schema: s4s-elt-must-match.1: The content of 'definitions' must match (annotation?, (simpleType | complexType)?, (unique | key | keyref)*)). A problem was found starting at: attribute.
2025-03-02 14:55:33,667 [INFO] PluginManage:359 - Loaded plugin pinoutconfig (category:base,tabindex:0)
2025-03-02 14:55:33,667 [INFO] PluginManage:310 - Check plugin power
2025-03-02 14:55:33,681 [INFO] PluginManage:359 - Loaded plugin power (category:power,tabindex:4)
2025-03-02 14:55:33,681 [INFO] PluginManage:310 - Check plugin projectmanager
2025-03-02 14:55:33,697 [INFO] PluginManage:359 - Loaded plugin projectmanager (category:projectmanager,tabindex:4)
2025-03-02 14:55:33,697 [INFO] PluginManage:310 - Check plugin rif
2025-03-02 14:55:33,711 [INFO] PluginManage:359 - Loaded plugin rif (category:base,tabindex:3)
2025-03-02 14:55:33,711 [INFO] PluginManage:310 - Check plugin thirdparty
2025-03-02 14:55:34,006 [INFO] PluginManage:359 - Loaded plugin thirdparty (category:base,tabindex:-1)
2025-03-02 14:55:34,006 [INFO] PluginManage:310 - Check plugin tools
2025-03-02 14:55:34,004 [WARN] IntegrityCheckThread:84 - waiting for thirdparty lock release [integrity check]
2025-03-02 14:55:34,006 [INFO] IntegrityCheckThread:86 - entering critical section [integrity check]
2025-03-02 14:55:34,006 [INFO] ThirdPartyUpdaterWithRetryManager:70 - Updater plugin not ready yet. [1/15]
2025-03-02 14:55:34,040 [INFO] PluginManage:359 - Loaded plugin tools (category:base,tabindex:7)
2025-03-02 14:55:34,041 [INFO] PluginManage:310 - Check plugin tutovideos
2025-03-02 14:55:34,238 [INFO] PluginManage:359 - Loaded plugin tutovideos (category:base,tabindex:-1)
2025-03-02 14:55:34,238 [INFO] PluginManage:310 - Check plugin updater
2025-03-02 14:55:34,263 [INFO] PluginManage:359 - Loaded plugin updater (category:base,tabindex:12)
2025-03-02 14:55:34,263 [INFO] PluginManage:310 - Check plugin userauth
2025-03-02 14:55:34,268 [INFO] UserAuth:118 - Init User Auth plugin
2025-03-02 14:55:34,268 [INFO] PluginManage:359 - Loaded plugin userauth (category:base,tabindex:14)
2025-03-02 14:55:34,270 [INFO] PluginManage:283 - PluginManage : Loaded plugins [18]
2025-03-02 14:55:34,475 [INFO] PinOutPanel:1589 - setPackage(No Configuration,No Configuration)
2025-03-02 14:55:34,536 [INFO] CADModel:165 - CPN selected for project level
2025-03-02 14:55:34,536 [INFO] CADModel:114 - Register for checkConnection events
2025-03-02 14:55:34,552 [INFO] IPUIPlugin:80 - create IPUIPlugin
2025-03-02 14:55:34,552 [INFO] PluginManager:220 - loadIPPluginJar : add adc
2025-03-02 14:55:34,600 [INFO] IPUIPlugin:80 - create IPUIPlugin
2025-03-02 14:55:34,600 [INFO] PluginManager:220 - loadIPPluginJar : add aes
2025-03-02 14:55:34,636 [INFO] IPUIPlugin:80 - create IPUIPlugin
2025-03-02 14:55:34,636 [INFO] PluginManager:220 - loadIPPluginJar : add can
2025-03-02 14:55:34,669 [INFO] IPUIPlugin:80 - create IPUIPlugin
2025-03-02 14:55:34,669 [INFO] PluginManager:220 - loadIPPluginJar : add comp
2025-03-02 14:55:34,706 [INFO] IPUIPlugin:80 - create IPUIPlugin
2025-03-02 14:55:34,706 [INFO] PluginManager:220 - loadIPPluginJar : add cryp
2025-03-02 14:55:34,721 [INFO] IPUIPlugin:80 - create IPUIPlugin
2025-03-02 14:55:34,721 [INFO] PluginManager:220 - loadIPPluginJar : add ddr_ctrl_phy
2025-03-02 14:55:34,758 [INFO] IPUIPlugin:80 - create IPUIPlugin
2025-03-02 14:55:34,758 [INFO] PluginManager:220 - loadIPPluginJar : add dfsdm
2025-03-02 14:55:34,773 [INFO] IPUIPlugin:80 - create IPUIPlugin
2025-03-02 14:55:34,773 [INFO] PluginManager:220 - loadIPPluginJar : add dma
2025-03-02 14:55:34,821 [INFO] IPUIPlugin:80 - create IPUIPlugin
2025-03-02 14:55:34,821 [INFO] PluginManager:220 - loadIPPluginJar : add dma3
2025-03-02 14:55:34,875 [INFO] IPUIPlugin:80 - create IPUIPlugin
2025-03-02 14:55:34,875 [INFO] PluginManager:220 - loadIPPluginJar : add extmemmanager
2025-03-02 14:55:34,893 [INFO] IPUIPlugin:80 - create IPUIPlugin
2025-03-02 14:55:34,893 [INFO] PluginManager:220 - loadIPPluginJar : add fatfs
2025-03-02 14:55:34,944 [INFO] IPUIPlugin:80 - create IPUIPlugin
2025-03-02 14:55:34,946 [INFO] PluginManager:220 - loadIPPluginJar : add fmc
2025-03-02 14:55:34,961 [INFO] IPUIPlugin:80 - create IPUIPlugin
2025-03-02 14:55:34,961 [INFO] PluginManager:220 - loadIPPluginJar : add freertos
2025-03-02 14:55:34,996 [INFO] IPUIPlugin:80 - create IPUIPlugin
2025-03-02 14:55:34,996 [INFO] PluginManager:220 - loadIPPluginJar : add genericplugin
2025-03-02 14:55:35,082 [INFO] IPUIPlugin:80 - create IPUIPlugin
2025-03-02 14:55:35,082 [INFO] PluginManager:220 - loadIPPluginJar : add gfxmmu
2025-03-02 14:55:35,187 [INFO] IPUIPlugin:80 - create IPUIPlugin
2025-03-02 14:55:35,188 [INFO] PluginManager:220 - loadIPPluginJar : add gic
2025-03-02 14:55:35,199 [INFO] IPUIPlugin:80 - create IPUIPlugin
2025-03-02 14:55:35,199 [INFO] PluginManager:220 - loadIPPluginJar : add gpio
2025-03-02 14:55:35,270 [INFO] IPUIPlugin:80 - create IPUIPlugin
2025-03-02 14:55:35,270 [INFO] PluginManager:220 - loadIPPluginJar : add gtzc
2025-03-02 14:55:35,314 [INFO] IPUIPlugin:80 - create IPUIPlugin
2025-03-02 14:55:35,314 [INFO] PluginManager:220 - loadIPPluginJar : add hash
2025-03-02 14:55:35,372 [INFO] IPUIPlugin:80 - create IPUIPlugin
2025-03-02 14:55:35,372 [INFO] PluginManager:220 - loadIPPluginJar : add i2c
2025-03-02 14:55:35,414 [INFO] IPUIPlugin:80 - create IPUIPlugin
2025-03-02 14:55:35,414 [INFO] PluginManager:220 - loadIPPluginJar : add i2s
2025-03-02 14:55:35,464 [INFO] IPUIPlugin:80 - create IPUIPlugin
2025-03-02 14:55:35,464 [INFO] PluginManager:220 - loadIPPluginJar : add i3c
2025-03-02 14:55:35,554 [INFO] IPUIPlugin:80 - create IPUIPlugin
2025-03-02 14:55:35,554 [INFO] PluginManager:220 - loadIPPluginJar : add ipddr
2025-03-02 14:55:35,650 [INFO] IPUIPlugin:80 - create IPUIPlugin
2025-03-02 14:55:35,650 [INFO] PluginManager:220 - loadIPPluginJar : add linkedlist
2025-03-02 14:55:35,692 [INFO] IPUIPlugin:80 - create IPUIPlugin
2025-03-02 14:55:35,692 [INFO] PluginManager:220 - loadIPPluginJar : add lorawan
2025-03-02 14:55:35,733 [INFO] IPUIPlugin:80 - create IPUIPlugin
2025-03-02 14:55:35,733 [INFO] PluginManager:220 - loadIPPluginJar : add ltdc
2025-03-02 14:55:35,748 [INFO] IPUIPlugin:80 - create IPUIPlugin
2025-03-02 14:55:35,748 [INFO] PluginManager:220 - loadIPPluginJar : add mdma
2025-03-02 14:55:35,761 [INFO] IPUIPlugin:80 - create IPUIPlugin
2025-03-02 14:55:35,761 [INFO] PluginManager:220 - loadIPPluginJar : add nvic
2025-03-02 14:55:35,793 [INFO] IPUIPlugin:80 - create IPUIPlugin
2025-03-02 14:55:35,793 [INFO] PluginManager:220 - loadIPPluginJar : add opamp
2025-03-02 14:55:35,839 [INFO] IPUIPlugin:80 - create IPUIPlugin
2025-03-02 14:55:35,839 [INFO] PluginManager:220 - loadIPPluginJar : add openamp
2025-03-02 14:55:35,874 [INFO] IPUIPlugin:80 - create IPUIPlugin
2025-03-02 14:55:35,876 [INFO] PluginManager:220 - loadIPPluginJar : add pdm2pcm
2025-03-02 14:55:35,888 [INFO] IPUIPlugin:80 - create IPUIPlugin
2025-03-02 14:55:35,891 [INFO] PluginManager:220 - loadIPPluginJar : add plateformsettings
2025-03-02 14:55:35,923 [INFO] IPUIPlugin:80 - create IPUIPlugin
2025-03-02 14:55:35,923 [INFO] PluginManager:220 - loadIPPluginJar : add quadspi
2025-03-02 14:55:35,958 [INFO] IPUIPlugin:80 - create IPUIPlugin
2025-03-02 14:55:35,959 [INFO] PluginManager:220 - loadIPPluginJar : add radio
2025-03-02 14:55:35,974 [INFO] IPUIPlugin:80 - create IPUIPlugin
2025-03-02 14:55:35,974 [INFO] PluginManager:220 - loadIPPluginJar : add resmgrutility
2025-03-02 14:55:36,014 [INFO] IPUIPlugin:80 - create IPUIPlugin
2025-03-02 14:55:36,014 [INFO] PluginManager:220 - loadIPPluginJar : add sai
2025-03-02 14:55:36,057 [INFO] IPUIPlugin:80 - create IPUIPlugin
2025-03-02 14:55:36,057 [INFO] PluginManager:220 - loadIPPluginJar : add spi
2025-03-02 14:55:36,121 [INFO] IPUIPlugin:80 - create IPUIPlugin
2025-03-02 14:55:36,123 [INFO] PluginManager:220 - loadIPPluginJar : add stm32_wpan
2025-03-02 14:55:36,155 [INFO] IPUIPlugin:80 - create IPUIPlugin
2025-03-02 14:55:36,155 [INFO] PluginManager:220 - loadIPPluginJar : add tim
2025-03-02 14:55:36,222 [INFO] IPUIPlugin:80 - create IPUIPlugin
2025-03-02 14:55:36,224 [INFO] PluginManager:220 - loadIPPluginJar : add touchsensing
2025-03-02 14:55:36,257 [INFO] IPUIPlugin:80 - create IPUIPlugin
2025-03-02 14:55:36,257 [INFO] PluginManager:220 - loadIPPluginJar : add tracer_emb
2025-03-02 14:55:36,283 [INFO] IPUIPlugin:80 - create IPUIPlugin
2025-03-02 14:55:36,283 [INFO] PluginManager:220 - loadIPPluginJar : add ts
2025-03-02 14:55:36,304 [INFO] IPUIPlugin:80 - create IPUIPlugin
2025-03-02 14:55:36,304 [INFO] PluginManager:220 - loadIPPluginJar : add tsc
2025-03-02 14:55:36,323 [INFO] IPUIPlugin:80 - create IPUIPlugin
2025-03-02 14:55:36,323 [INFO] PluginManager:220 - loadIPPluginJar : add ucpd
2025-03-02 14:55:36,371 [INFO] IPUIPlugin:80 - create IPUIPlugin
2025-03-02 14:55:36,371 [INFO] PluginManager:220 - loadIPPluginJar : add usart
2025-03-02 14:55:36,405 [INFO] IPUIPlugin:80 - create IPUIPlugin
2025-03-02 14:55:36,405 [INFO] PluginManager:220 - loadIPPluginJar : add usbx
2025-03-02 14:55:36,553 [FATAL] Updater:351 - Updater called before beeing initialized
2025-03-02 14:55:36,599 [INFO] RulesReader:64 - Compatibility file has been processed (297 Rules)
2025-03-02 14:55:36,611 [INFO] RulesReader:64 - Compatibility file has been processed (297 Rules)
2025-03-02 14:55:36,622 [INFO] CADModel:165 - CPN selected for project level
2025-03-02 14:55:36,622 [INFO] CADModel:114 - Register for checkConnection events
2025-03-02 14:55:36,622 [FATAL] Updater:351 - Updater called before beeing initialized
2025-03-02 14:55:36,622 [ERROR] CADModel:125 - Updater not yet initialized, retry later 
2025-03-02 14:55:36,753 [FATAL] Updater:351 - Updater called before beeing initialized
2025-03-02 14:55:36,757 [INFO] CADModel:165 - CPN selected for project level
2025-03-02 14:55:36,757 [INFO] CADModel:114 - Register for checkConnection events
2025-03-02 14:55:36,757 [FATAL] Updater:351 - Updater called before beeing initialized
2025-03-02 14:55:36,757 [ERROR] CADModel:125 - Updater not yet initialized, retry later 
2025-03-02 14:55:36,757 [FATAL] Updater:351 - Updater called before beeing initialized
2025-03-02 14:55:36,848 [FATAL] Updater:351 - Updater called before beeing initialized
2025-03-02 14:55:36,852 [INFO] DbMcusAds:53 - JSON generation date=Tue Dec 17 17:01:15 CET 2024 (1734451275143)
2025-03-02 14:55:36,852 [FATAL] Updater:351 - Updater called before beeing initialized
2025-03-02 14:55:36,884 [WARN] DetailPanel:346 - Failed to get advertising image, set to default
2025-03-02 14:55:37,011 [INFO] ThirdPartyUpdaterWithRetryManager:70 - Updater plugin not ready yet. [2/15]
2025-03-02 14:55:37,027 [FATAL] Updater:351 - Updater called before beeing initialized
2025-03-02 14:55:37,033 [FATAL] Updater:351 - Updater called before beeing initialized
2025-03-02 14:55:37,033 [FATAL] Updater:351 - Updater called before beeing initialized
2025-03-02 14:55:37,033 [WARN] DetailPanel:346 - Failed to get advertising image, set to default
2025-03-02 14:55:37,035 [FATAL] Updater:351 - Updater called before beeing initialized
2025-03-02 14:55:37,080 [ERROR] Updater:1198 - MainUpdater not yet initialized. External WinMGr cannot be set.
2025-03-02 14:55:37,080 [INFO] Updater:1134 - Updater Version found : 6.13.0
2025-03-02 14:55:37,115 [INFO] ApplicationProperties:184 - Using Application install path: C:\ST\STM32CubeIDE_1.17.0\STM32CubeIDE\plugins\com.st.stm32cube.common.mx_6.13.0.202411220809
2025-03-02 14:55:38,740 [ERROR] LogOutputStream:75 - [STDERR_REDIRECT] Mar 02, 2025 2:55:38 PM java.util.prefs.WindowsPreferences <init>
2025-03-02 14:55:38,744 [ERROR] LogOutputStream:75 - [STDERR_REDIRECT] WARNING: Could not open/create prefs root node Software\JavaSoft\Prefs at root 0xffffffff80000002. Windows RegCreateKeyEx(...) returned error code 5.
2025-03-02 14:55:38,744 [ERROR] LogOutputStream:75 - [STDERR_REDIRECT] 
2025-03-02 14:55:39,118 [INFO] MainUpdater:2872 - connection check result : 10
2025-03-02 14:55:39,118 [INFO] MainUpdater:3566 - Updater definition file requires update
2025-03-02 14:55:39,120 [INFO] MainUpdater:289 - Updater Check For Update Now.
2025-03-02 14:55:39,120 [INFO] MicroXplorer:498 - Change Database Version : DB.6.0.130
2025-03-02 14:55:39,144 [INFO] McuFinderGlobals:63 - Set McuFinder mode to 2 (CubeIDE integrated)
2025-03-02 14:55:39,144 [INFO] UserAuth:486 - Internet connection configuration mode: 1
2025-03-02 14:55:39,202 [INFO] JxBrowserEngine:152 - Initiate JxBrowser Engine with user profile folder
2025-03-02 14:55:39,241 [INFO] ServerAccessManage:473 - Download File updaters.zip
2025-03-02 14:55:39,369 [INFO] FileExtend:240 - Unzip File : updaters.zip
2025-03-02 14:55:39,372 [INFO] FileExtend:255 - Standard Zip Deflate
2025-03-02 14:55:40,012 [WARN] MainUpdater:1193 - Updater busy. Cannot search thirdparties
2025-03-02 14:55:40,012 [INFO] ThirdPartyUpdaterWithRetryManager:96 - Updater plugin is busy. [1/15]
2025-03-02 14:55:40,237 [INFO] ServerAccessManage:473 - Download File PacksControlFlags.xml
2025-03-02 14:55:40,366 [INFO] ServerAccessManage:473 - Download File cubemx.pidx
2025-03-02 14:55:40,773 [INFO] ServerAccessManage:473 - Download File STMicroelectronics.FP-ATR-ASTRA1.pdsc
2025-03-02 14:55:41,036 [INFO] WebApp:168 - Instantiating new browser for Auth
2025-03-02 14:55:42,385 [INFO] WebApp:449 - Apply proxy settings
2025-03-02 14:55:42,387 [INFO] WebApp:534 - Chromium requires no authentication
2025-03-02 14:55:42,404 [INFO] WebApp:477 - Direct internet connection detected
2025-03-02 14:55:42,451 [INFO] WebApp:880 - Register for checkConnection events
2025-03-02 14:55:42,452 [INFO] WebApp:449 - Apply proxy settings
2025-03-02 14:55:42,452 [INFO] WebApp:534 - Chromium requires no authentication
2025-03-02 14:55:42,452 [INFO] WebApp:477 - Direct internet connection detected
2025-03-02 14:55:42,640 [INFO] WebApp:187 - Connection restablished
2025-03-02 14:55:42,965 [INFO] WebApp:221 - Starting web application
2025-03-02 14:55:42,965 [INFO] WebApp:579 - Web application path used C:\ST\STM32CubeIDE_1.17.0\STM32CubeIDE\plugins\com.st.stm32cube.common.mx_6.13.0.202411220809\db\plugins\mcufinder\reactClient1\index.html
2025-03-02 14:55:43,011 [WARN] PackLoader:240 - Cannot read IP mode file for STMicroelectronics.FP-ATR-ASTRA1.2.0.2
2025-03-02 14:55:43,014 [INFO] PopulateThirdPartyThread:66 - Ending populate Thread
2025-03-02 14:55:43,015 [WARN] MainUpdater:1193 - Updater busy. Cannot search thirdparties
2025-03-02 14:55:43,015 [INFO] ThirdPartyUpdaterWithRetryManager:96 - Updater plugin is busy. [2/15]
2025-03-02 14:55:43,016 [INFO] ThirdParty:1030 - CMSIS Pack Vendor :STMicroelectronics FP-ATR-ASTRA1 2.0.2
2025-03-02 14:55:43,016 [INFO] LoadServerUpdatesThread:375 - End of LoadServerUpdate Thread
2025-03-02 14:55:43,132 [INFO] UserAuth:486 - Internet connection configuration mode: 1
2025-03-02 14:55:43,133 [INFO] CheckServerUpdateThread:120 - End of CheckServer Thread
2025-03-02 14:55:43,337 [ERROR] LogOutputStream:75 - [STDERR_REDIRECT] [Fatal Error] :1:1: Premature end of file.
2025-03-02 14:55:43,339 [ERROR] LogOutputStream:75 - [STDERR_REDIRECT] 
2025-03-02 14:55:44,275 [ERROR] LogOutputStream:75 - [STDERR_REDIRECT] [Fatal Error] :1:1: Premature end of file.
2025-03-02 14:55:44,275 [ERROR] LogOutputStream:75 - [STDERR_REDIRECT] 
2025-03-02 14:55:45,275 [ERROR] LogOutputStream:75 - [STDERR_REDIRECT] [Fatal Error] :1:1: Premature end of file.
2025-03-02 14:55:45,275 [ERROR] LogOutputStream:75 - [STDERR_REDIRECT] 
2025-03-02 14:55:46,219 [WARN] PackLoader:240 - Cannot read IP mode file for STMicroelectronics.FP-SNS-MOTENVWB1.1.4.0
2025-03-02 14:55:46,224 [WARN] PackLoader:240 - Cannot read IP mode file for STMicroelectronics.FP-ATR-ASTRA1.2.0.2
2025-03-02 14:55:46,235 [WARN] PackLoader:240 - Cannot read IP mode file for STMicroelectronics.FP-ATR-ASTRA1.2.0.1
2025-03-02 14:55:46,261 [WARN] PackLoader:240 - Cannot read IP mode file for STMicroelectronics.X-CUBE-SMBUS.2.1.0
2025-03-02 14:55:46,278 [ERROR] LogOutputStream:75 - [STDERR_REDIRECT] [Fatal Error] :1:1: Premature end of file.
2025-03-02 14:55:46,279 [ERROR] LogOutputStream:75 - [STDERR_REDIRECT] 
2025-03-02 14:55:46,292 [WARN] PackLoader:240 - Cannot read IP mode file for STMicroelectronics.X-CUBE-WB05N.1.1.0
2025-03-02 14:55:46,323 [WARN] PackLoader:240 - Cannot read IP mode file for STMicroelectronics.X-CUBE-AZRTOS-F7.1.1.0
2025-03-02 14:55:46,374 [WARN] PackLoader:240 - Cannot read IP mode file for STMicroelectronics.X-CUBE-MEMS1.11.0.0
2025-03-02 14:55:46,472 [WARN] PackLoader:240 - Cannot read IP mode file for STMicroelectronics.FP-SNS-FLIGHT1.5.0.2
2025-03-02 14:55:46,496 [WARN] PackLoader:240 - Cannot read IP mode file for Infineon.AIROC-Wi-Fi-Bluetooth-STM32.1.7.0
2025-03-02 14:55:46,514 [WARN] PackLoader:240 - Cannot read IP mode file for STMicroelectronics.X-CUBE-DISPLAY.3.0.0
2025-03-02 14:55:46,532 [WARN] PackLoader:240 - Cannot read IP mode file for STMicroelectronics.X-CUBE-BLE1.7.0.0
2025-03-02 14:55:46,550 [WARN] PackLoader:240 - Cannot read IP mode file for STMicroelectronics.X-CUBE-NFC10.1.0.0
2025-03-02 14:55:46,569 [WARN] PackLoader:240 - Cannot read IP mode file for STMicroelectronics.X-CUBE-BLEMGR.4.0.0
2025-03-02 14:55:46,585 [WARN] PackLoader:240 - Cannot read IP mode file for emotas.I-CUBE-CANOPEN.1.3.0
2025-03-02 14:55:46,605 [WARN] PackLoader:240 - Cannot read IP mode file for STMicroelectronics.X-CUBE-BLEMGR.3.1.0
2025-03-02 14:55:46,621 [WARN] PackLoader:240 - Cannot read IP mode file for STMicroelectronics.X-CUBE-AI.10.0.0
2025-03-02 14:55:46,634 [WARN] PackLoader:240 - Cannot read IP mode file for STMicroelectronics.FP-SNS-SMARTAG2.1.2.0
2025-03-02 14:55:46,672 [WARN] PackLoader:240 - Cannot read IP mode file for STMicroelectronics.X-CUBE-MEMS1.11.1.0
2025-03-02 14:55:46,751 [INFO] LogOutputStream:77 - [STDOUT_REDIRECT] 1 : Invalid condition id : UX_CORESTACK_Condition cause : null
2025-03-02 14:55:46,752 [INFO] LogOutputStream:77 - [STDOUT_REDIRECT] 1 : Invalid condition id : UX_CORESTACK_Condition cause : null
2025-03-02 14:55:46,752 [INFO] LogOutputStream:77 - [STDOUT_REDIRECT] 1 : Invalid condition id : UX_CORESTACK_Condition cause : null
2025-03-02 14:55:46,753 [INFO] LogOutputStream:77 - [STDOUT_REDIRECT] 1 : Invalid condition id : UX_CORESTACK_Condition cause : null
2025-03-02 14:55:46,753 [INFO] LogOutputStream:77 - [STDOUT_REDIRECT] 1 : Invalid condition id : UX_CORESTACK_Condition cause : null
2025-03-02 14:55:46,755 [WARN] PackLoader:240 - Cannot read IP mode file for STMicroelectronics.X-CUBE-AZRTOS-WL.2.0.0
2025-03-02 14:55:46,770 [WARN] PackLoader:240 - Cannot read IP mode file for STMicroelectronics.FP-SNS-MOTENV1.5.0.0
2025-03-02 14:55:46,777 [WARN] PackLoader:240 - Cannot read IP mode file for wolfSSL.I-CUBE-wolfMQTT.1.19.0
2025-03-02 14:55:46,793 [WARN] PackLoader:240 - Cannot read IP mode file for WES.I-CUBE-Cesium.1.3.0
2025-03-02 14:55:46,808 [WARN] PackLoader:240 - Cannot read IP mode file for STMicroelectronics.X-CUBE-BLE2.3.3.0
2025-03-02 14:55:46,824 [WARN] PackLoader:240 - Cannot read IP mode file for STMicroelectronics.X-CUBE-NFC9.1.0.0
2025-03-02 14:55:46,837 [WARN] PackLoader:240 - Cannot read IP mode file for STMicroelectronics.X-CUBE-TCPP.4.1.0
2025-03-02 14:55:46,873 [WARN] PackLoader:240 - Cannot read IP mode file for STMicroelectronics.X-CUBE-AZRTOS-G0.1.1.0
2025-03-02 14:55:46,893 [WARN] PackLoader:240 - Cannot read IP mode file for STMicroelectronics.X-CUBE-SAFEA1.1.2.2
2025-03-02 14:55:46,911 [WARN] PackLoader:240 - Cannot read IP mode file for STMicroelectronics.X-CUBE-NFC4.3.0.0
2025-03-02 14:55:46,930 [WARN] PackLoader:240 - Cannot read IP mode file for EmbeddedOffice.I-CUBE-FS-RTOS.1.0.1
2025-03-02 14:55:46,946 [WARN] PackLoader:240 - Cannot read IP mode file for STMicroelectronics.X-CUBE-TCPP.4.2.0
2025-03-02 14:55:46,961 [WARN] PackLoader:240 - Cannot read IP mode file for RealThread.X-CUBE-RT-Thread_Nano.4.1.1
2025-03-02 14:55:46,968 [WARN] PackLoader:240 - Cannot read IP mode file for STMicroelectronics.FP-ATR-SIGFOX1.3.2.0
2025-03-02 14:55:46,973 [WARN] ConditionMgr:438 - getConditionDescription Invalid condition id : Cortex-A Device cause : null
2025-03-02 14:55:47,003 [WARN] ConditionMgr:1044 - genDependencies : Invalid condition id : Cortex-A Device cause : null
2025-03-02 14:55:47,004 [WARN] ConditionMgr:1044 - genDependencies : Invalid condition id : Cortex-A Device cause : null
2025-03-02 14:55:47,004 [WARN] ConditionMgr:1044 - genDependencies : Invalid condition id : Cortex-A Device cause : null
2025-03-02 14:55:47,022 [WARN] PackLoader:240 - Cannot read IP mode file for STMicroelectronics.X-CUBE-EEPRMA1.5.1.0
2025-03-02 14:55:47,041 [WARN] PackLoader:240 - Cannot read IP mode file for wolfSSL.I-CUBE-wolfSSL.5.7.4
2025-03-02 14:55:47,058 [WARN] PackLoader:240 - Cannot read IP mode file for ITTIA_DB.I-CUBE-ITTIADB.8.9.0
2025-03-02 14:55:47,089 [WARN] PackLoader:240 - Cannot read IP mode file for SEGGER.I-CUBE-embOS.1.3.1
2025-03-02 14:55:47,115 [WARN] PackLoader:240 - Cannot read IP mode file for STMicroelectronics.X-CUBE-ALGOBUILD.1.4.0
2025-03-02 14:55:47,129 [WARN] PackLoader:240 - Cannot read IP mode file for STMicroelectronics.X-CUBE-AI.9.1.0
2025-03-02 14:55:47,153 [WARN] PackLoader:240 - Cannot read IP mode file for STMicroelectronics.X-CUBE-AZRTOS-F4.1.1.0
2025-03-02 14:55:47,165 [WARN] PackLoader:240 - Cannot read IP mode file for STMicroelectronics.X-CUBE-ISPU.2.1.0
2025-03-02 14:55:47,179 [WARN] PackLoader:240 - Cannot read IP mode file for STMicroelectronics.X-CUBE-FREERTOS.1.2.0
2025-03-02 14:55:47,203 [WARN] PackLoader:240 - Cannot read IP mode file for STMicroelectronics.X-CUBE-AZRTOS-L5.2.0.0
2025-03-02 14:55:47,225 [WARN] PackLoader:240 - Cannot read IP mode file for STMicroelectronics.X-CUBE-NFC6.3.1.0
2025-03-02 14:55:47,245 [WARN] PackLoader:240 - Cannot read IP mode file for STMicroelectronics.X-CUBE-DPower.1.2.0
2025-03-02 14:55:47,257 [ERROR] LogOutputStream:75 - [STDERR_REDIRECT] [Fatal Error] :1:1: Premature end of file.
2025-03-02 14:55:47,258 [ERROR] LogOutputStream:75 - [STDERR_REDIRECT] 
2025-03-02 14:55:47,262 [WARN] PackLoader:240 - Cannot read IP mode file for STMicroelectronics.X-CUBE-FREERTOS.1.3.0
2025-03-02 14:55:47,275 [WARN] PackLoader:240 - Cannot read IP mode file for STMicroelectronics.X-CUBE-NFC7.1.0.1
2025-03-02 14:55:47,316 [WARN] ConditionMgr:438 - getConditionDescription Invalid condition id : LAN8742 Phy interface Condition cause : null
2025-03-02 14:55:47,317 [WARN] PackLoader:240 - Cannot read IP mode file for STMicroelectronics.X-CUBE-AZRTOS-L4.2.0.0
2025-03-02 14:55:47,318 [WARN] ConditionMgr:1044 - genDependencies : Invalid condition id : LAN8742 Phy interface Condition cause : null
2025-03-02 14:55:47,318 [WARN] ConditionMgr:1044 - genDependencies : Invalid condition id : LAN8742 Phy interface Condition cause : null
2025-03-02 14:55:47,319 [WARN] ConditionMgr:1044 - genDependencies : Invalid condition id : LAN8742 Phy interface Condition cause : null
2025-03-02 14:55:47,349 [WARN] PackLoader:240 - Cannot read IP mode file for STMicroelectronics.X-CUBE-SFXS2LP1.4.0.0
2025-03-02 14:55:47,395 [WARN] PackLoader:240 - Cannot read IP mode file for STMicroelectronics.X-CUBE-AZRTOS-H7.3.3.0
2025-03-02 14:55:47,416 [WARN] PackLoader:240 - Cannot read IP mode file for STMicroelectronics.X-CUBE-IPS.3.0.0
2025-03-02 14:55:47,436 [WARN] ConditionMgr:438 - getConditionDescription Invalid condition id : UX DEVICE CLASS RTOS Condition cause : null
2025-03-02 14:55:47,436 [WARN] ConditionMgr:438 - getConditionDescription Invalid condition id : UX DEVICE CLASS RTOS Condition cause : null
2025-03-02 14:55:47,437 [WARN] PackLoader:240 - Cannot read IP mode file for STMicroelectronics.X-CUBE-AZRTOS-WB.2.0.0
2025-03-02 14:55:47,438 [WARN] ConditionMgr:1044 - genDependencies : Invalid condition id : UX DEVICE CLASS RTOS Condition cause : null
2025-03-02 14:55:47,438 [WARN] ConditionMgr:1044 - genDependencies : Invalid condition id : UX DEVICE CLASS RTOS Condition cause : null
2025-03-02 14:55:47,438 [WARN] ConditionMgr:1044 - genDependencies : Invalid condition id : UX DEVICE CLASS RTOS Condition cause : null
2025-03-02 14:55:47,438 [WARN] ConditionMgr:1044 - genDependencies : Invalid condition id : UX DEVICE CLASS RTOS Condition cause : null
2025-03-02 14:55:47,438 [WARN] ConditionMgr:1044 - genDependencies : Invalid condition id : UX DEVICE CLASS RTOS Condition cause : null
2025-03-02 14:55:47,455 [WARN] PackLoader:240 - Cannot read IP mode file for STMicroelectronics.X-CUBE-GNSS1.7.0.0
2025-03-02 14:55:47,468 [WARN] PackLoader:240 - Cannot read IP mode file for STMicroelectronics.X-CUBE-GNSS1.7.0.1
2025-03-02 14:55:47,482 [WARN] PackLoader:240 - Cannot read IP mode file for STMicroelectronics.FP-SNS-STBOX1.2.0.0
2025-03-02 14:55:47,502 [WARN] PackLoader:240 - Cannot read IP mode file for STMicroelectronics.X-CUBE-SUBG2.5.0.0
2025-03-02 14:55:47,508 [WARN] PackLoader:240 - Cannot read IP mode file for Cesanta.I-CUBE-Mongoose.7.13.0
2025-03-02 14:55:47,527 [WARN] PackLoader:240 - Cannot read IP mode file for STMicroelectronics.X-CUBE-AZRTOS-G4.2.0.0
2025-03-02 14:55:47,543 [WARN] PackLoader:240 - Cannot read IP mode file for STMicroelectronics.X-CUBE-IPS.3.1.0
2025-03-02 14:55:47,562 [WARN] PackLoader:240 - Cannot read IP mode file for STMicroelectronics.X-CUBE-ALS.1.0.2
2025-03-02 14:55:47,576 [WARN] PackLoader:240 - Cannot read IP mode file for STMicroelectronics.X-CUBE-TOUCHGFX.4.24.2
2025-03-02 14:55:47,598 [WARN] PackLoader:240 - Cannot read IP mode file for STMicroelectronics.X-CUBE-TOUCHGFX.4.24.1
2025-03-02 14:55:47,607 [WARN] PackLoader:240 - Cannot read IP mode file for wolfSSL.I-CUBE-wolfTPM.3.4.0
2025-03-02 14:55:47,628 [WARN] PackLoader:240 - Cannot read IP mode file for portGmbH.I-Cube-SoM-uGOAL.1.1.0
2025-03-02 14:55:47,665 [WARN] PackLoader:240 - Cannot read IP mode file for STMicroelectronics.X-CUBE-AZRTOS-H7RS.1.0.0
2025-03-02 14:55:47,682 [WARN] PackLoader:240 - Cannot read IP mode file for STMicroelectronics.FP-ATR-ASTRA1.2.0.0
2025-03-02 14:55:47,704 [WARN] PackLoader:240 - Cannot read IP mode file for STMicroelectronics.X-CUBE-TOF1.3.4.2
2025-03-02 14:55:47,729 [WARN] PackLoader:240 - Cannot read IP mode file for Infineon.AIROC-Wi-Fi-Bluetooth-STM32.1.6.1
2025-03-02 14:55:47,737 [WARN] PackLoader:240 - Cannot read IP mode file for wolfSSL.I-CUBE-wolfSSH.1.4.17
2025-03-02 14:55:47,738 [INFO] ThirdParty:978 - Integrity check success = true
2025-03-02 14:55:47,738 [INFO] IntegrityCheckThread:100 - exiting critical section [integrity check]
2025-03-02 14:55:47,738 [INFO] IntegrityCheckThread:103 - End integrity checks thread
2025-03-02 14:55:48,270 [ERROR] LogOutputStream:75 - [STDERR_REDIRECT] [Fatal Error] :1:1: Premature end of file.
2025-03-02 14:55:48,271 [ERROR] LogOutputStream:75 - [STDERR_REDIRECT] 
2025-03-02 14:55:49,275 [ERROR] LogOutputStream:75 - [STDERR_REDIRECT] [Fatal Error] :1:1: Premature end of file.
2025-03-02 14:55:49,276 [ERROR] LogOutputStream:75 - [STDERR_REDIRECT] 
2025-03-02 14:55:50,275 [ERROR] LogOutputStream:75 - [STDERR_REDIRECT] [Fatal Error] :1:1: Premature end of file.
2025-03-02 14:55:50,276 [ERROR] LogOutputStream:75 - [STDERR_REDIRECT] 
2025-03-02 14:55:51,273 [ERROR] LogOutputStream:75 - [STDERR_REDIRECT] [Fatal Error] :1:1: Premature end of file.
2025-03-02 14:55:51,274 [ERROR] LogOutputStream:75 - [STDERR_REDIRECT] 
2025-03-02 14:55:52,271 [ERROR] LogOutputStream:75 - [STDERR_REDIRECT] [Fatal Error] :1:1: Premature end of file.
2025-03-02 14:55:52,271 [ERROR] LogOutputStream:75 - [STDERR_REDIRECT] 
2025-03-02 14:55:53,268 [ERROR] LogOutputStream:75 - [STDERR_REDIRECT] [Fatal Error] :1:1: Premature end of file.
2025-03-02 14:55:53,269 [ERROR] LogOutputStream:75 - [STDERR_REDIRECT] 
2025-03-02 14:55:54,252 [ERROR] LogOutputStream:75 - [STDERR_REDIRECT] [Fatal Error] :1:1: Premature end of file.
2025-03-02 14:55:54,252 [ERROR] LogOutputStream:75 - [STDERR_REDIRECT] 
2025-03-02 14:55:55,277 [ERROR] LogOutputStream:75 - [STDERR_REDIRECT] [Fatal Error] :1:1: Premature end of file.
2025-03-02 14:55:55,277 [ERROR] LogOutputStream:75 - [STDERR_REDIRECT] 
2025-03-02 14:55:56,265 [ERROR] LogOutputStream:75 - [STDERR_REDIRECT] [Fatal Error] :1:1: Premature end of file.
2025-03-02 14:55:56,265 [ERROR] LogOutputStream:75 - [STDERR_REDIRECT] 
2025-03-02 14:55:57,266 [ERROR] LogOutputStream:75 - [STDERR_REDIRECT] [Fatal Error] :1:1: Premature end of file.
2025-03-02 14:55:57,267 [ERROR] LogOutputStream:75 - [STDERR_REDIRECT] 
2025-03-02 14:55:58,252 [ERROR] LogOutputStream:75 - [STDERR_REDIRECT] [Fatal Error] :1:1: Premature end of file.
2025-03-02 14:55:58,252 [ERROR] LogOutputStream:75 - [STDERR_REDIRECT] 
2025-03-02 14:55:59,271 [ERROR] LogOutputStream:75 - [STDERR_REDIRECT] [Fatal Error] :1:1: Premature end of file.
2025-03-02 14:55:59,272 [ERROR] LogOutputStream:75 - [STDERR_REDIRECT] 
2025-03-02 14:56:00,250 [ERROR] LogOutputStream:75 - [STDERR_REDIRECT] [Fatal Error] :1:1: Premature end of file.
2025-03-02 14:56:00,250 [ERROR] LogOutputStream:75 - [STDERR_REDIRECT] 
2025-03-02 14:56:01,250 [ERROR] LogOutputStream:75 - [STDERR_REDIRECT] [Fatal Error] :1:1: Premature end of file.
2025-03-02 14:56:01,250 [ERROR] LogOutputStream:75 - [STDERR_REDIRECT] 
2025-03-02 14:56:02,268 [ERROR] LogOutputStream:75 - [STDERR_REDIRECT] [Fatal Error] :1:1: Premature end of file.
2025-03-02 14:56:02,268 [ERROR] LogOutputStream:75 - [STDERR_REDIRECT] 
2025-03-02 14:56:03,269 [ERROR] LogOutputStream:75 - [STDERR_REDIRECT] [Fatal Error] :1:1: Premature end of file.
2025-03-02 14:56:03,270 [ERROR] LogOutputStream:75 - [STDERR_REDIRECT] 
2025-03-02 14:56:04,255 [ERROR] LogOutputStream:75 - [STDERR_REDIRECT] [Fatal Error] :1:1: Premature end of file.
2025-03-02 14:56:04,255 [ERROR] LogOutputStream:75 - [STDERR_REDIRECT] 
2025-03-02 14:56:05,267 [ERROR] LogOutputStream:75 - [STDERR_REDIRECT] [Fatal Error] :1:1: Premature end of file.
2025-03-02 14:56:05,267 [ERROR] LogOutputStream:75 - [STDERR_REDIRECT] 
2025-03-02 14:56:06,248 [ERROR] LogOutputStream:75 - [STDERR_REDIRECT] [Fatal Error] :1:1: Premature end of file.
2025-03-02 14:56:06,248 [ERROR] LogOutputStream:75 - [STDERR_REDIRECT] 
2025-03-02 14:56:07,259 [ERROR] LogOutputStream:75 - [STDERR_REDIRECT] [Fatal Error] :1:1: Premature end of file.
2025-03-02 14:56:07,259 [ERROR] LogOutputStream:75 - [STDERR_REDIRECT] 
2025-03-02 14:56:08,247 [ERROR] LogOutputStream:75 - [STDERR_REDIRECT] [Fatal Error] :1:1: Premature end of file.
2025-03-02 14:56:08,248 [ERROR] LogOutputStream:75 - [STDERR_REDIRECT] 
2025-03-02 14:56:09,238 [ERROR] LogOutputStream:75 - [STDERR_REDIRECT] [Fatal Error] :1:1: Premature end of file.
2025-03-02 14:56:09,238 [ERROR] LogOutputStream:75 - [STDERR_REDIRECT] 
2025-03-02 14:56:10,243 [ERROR] LogOutputStream:75 - [STDERR_REDIRECT] [Fatal Error] :1:1: Premature end of file.
2025-03-02 14:56:10,244 [ERROR] LogOutputStream:75 - [STDERR_REDIRECT] 
2025-03-02 14:56:11,250 [ERROR] LogOutputStream:75 - [STDERR_REDIRECT] [Fatal Error] :1:1: Premature end of file.
2025-03-02 14:56:11,250 [ERROR] LogOutputStream:75 - [STDERR_REDIRECT] 
2025-03-02 14:56:12,261 [ERROR] LogOutputStream:75 - [STDERR_REDIRECT] [Fatal Error] :1:1: Premature end of file.
2025-03-02 14:56:12,261 [ERROR] LogOutputStream:75 - [STDERR_REDIRECT] 
2025-03-02 14:56:13,242 [ERROR] LogOutputStream:75 - [STDERR_REDIRECT] [Fatal Error] :1:1: Premature end of file.
2025-03-02 14:56:13,242 [ERROR] LogOutputStream:75 - [STDERR_REDIRECT] 
2025-03-02 14:56:14,264 [ERROR] LogOutputStream:75 - [STDERR_REDIRECT] [Fatal Error] :1:1: Premature end of file.
2025-03-02 14:56:14,264 [ERROR] LogOutputStream:75 - [STDERR_REDIRECT] 
2025-03-02 14:56:15,256 [ERROR] LogOutputStream:75 - [STDERR_REDIRECT] [Fatal Error] :1:1: Premature end of file.
2025-03-02 14:56:15,256 [ERROR] LogOutputStream:75 - [STDERR_REDIRECT] 
2025-03-02 14:56:16,248 [ERROR] LogOutputStream:75 - [STDERR_REDIRECT] [Fatal Error] :1:1: Premature end of file.
2025-03-02 14:56:16,248 [ERROR] LogOutputStream:75 - [STDERR_REDIRECT] 
2025-03-02 14:56:17,251 [ERROR] LogOutputStream:75 - [STDERR_REDIRECT] [Fatal Error] :1:1: Premature end of file.
2025-03-02 14:56:17,251 [ERROR] LogOutputStream:75 - [STDERR_REDIRECT] 
2025-03-02 14:56:18,232 [ERROR] LogOutputStream:75 - [STDERR_REDIRECT] [Fatal Error] :1:1: Premature end of file.
2025-03-02 14:56:18,232 [ERROR] LogOutputStream:75 - [STDERR_REDIRECT] 
2025-03-02 14:56:19,255 [ERROR] LogOutputStream:75 - [STDERR_REDIRECT] [Fatal Error] :1:1: Premature end of file.
2025-03-02 14:56:19,255 [ERROR] LogOutputStream:75 - [STDERR_REDIRECT] 
2025-03-02 14:56:20,252 [ERROR] LogOutputStream:75 - [STDERR_REDIRECT] [Fatal Error] :1:1: Premature end of file.
2025-03-02 14:56:20,252 [ERROR] LogOutputStream:75 - [STDERR_REDIRECT] 
2025-03-02 14:56:21,251 [ERROR] LogOutputStream:75 - [STDERR_REDIRECT] [Fatal Error] :1:1: Premature end of file.
2025-03-02 14:56:21,251 [ERROR] LogOutputStream:75 - [STDERR_REDIRECT] 
2025-03-02 14:56:22,245 [ERROR] LogOutputStream:75 - [STDERR_REDIRECT] [Fatal Error] :1:1: Premature end of file.
2025-03-02 14:56:22,245 [ERROR] LogOutputStream:75 - [STDERR_REDIRECT] 
2025-03-02 14:56:23,272 [ERROR] LogOutputStream:75 - [STDERR_REDIRECT] [Fatal Error] :1:1: Premature end of file.
2025-03-02 14:56:23,272 [ERROR] LogOutputStream:75 - [STDERR_REDIRECT] 
2025-03-02 14:56:24,241 [ERROR] LogOutputStream:75 - [STDERR_REDIRECT] [Fatal Error] :1:1: Premature end of file.
2025-03-02 14:56:24,241 [ERROR] LogOutputStream:75 - [STDERR_REDIRECT] 
2025-03-02 14:56:25,242 [ERROR] LogOutputStream:75 - [STDERR_REDIRECT] [Fatal Error] :1:1: Premature end of file.
2025-03-02 14:56:25,242 [ERROR] LogOutputStream:75 - [STDERR_REDIRECT] 
2025-03-02 14:56:26,248 [ERROR] LogOutputStream:75 - [STDERR_REDIRECT] [Fatal Error] :1:1: Premature end of file.
2025-03-02 14:56:26,248 [ERROR] LogOutputStream:75 - [STDERR_REDIRECT] 
2025-03-02 14:56:27,275 [ERROR] LogOutputStream:75 - [STDERR_REDIRECT] [Fatal Error] :1:1: Premature end of file.
2025-03-02 14:56:27,275 [ERROR] LogOutputStream:75 - [STDERR_REDIRECT] 
2025-03-02 14:56:28,272 [ERROR] LogOutputStream:75 - [STDERR_REDIRECT] [Fatal Error] :1:1: Premature end of file.
2025-03-02 14:56:28,272 [ERROR] LogOutputStream:75 - [STDERR_REDIRECT] 
2025-03-02 14:56:29,291 [ERROR] LogOutputStream:75 - [STDERR_REDIRECT] [Fatal Error] :1:1: Premature end of file.
2025-03-02 14:56:29,291 [ERROR] LogOutputStream:75 - [STDERR_REDIRECT] 
2025-03-02 14:56:30,278 [ERROR] LogOutputStream:75 - [STDERR_REDIRECT] [Fatal Error] :1:1: Premature end of file.
2025-03-02 14:56:30,278 [ERROR] LogOutputStream:75 - [STDERR_REDIRECT] 
2025-03-02 14:56:31,326 [ERROR] LogOutputStream:75 - [STDERR_REDIRECT] [Fatal Error] :1:1: Premature end of file.
2025-03-02 14:56:31,327 [ERROR] LogOutputStream:75 - [STDERR_REDIRECT] 
2025-03-02 14:56:32,243 [ERROR] LogOutputStream:75 - [STDERR_REDIRECT] [Fatal Error] :1:1: Premature end of file.
2025-03-02 14:56:32,243 [ERROR] LogOutputStream:75 - [STDERR_REDIRECT] 
2025-03-02 14:56:33,242 [ERROR] LogOutputStream:75 - [STDERR_REDIRECT] [Fatal Error] :1:1: Premature end of file.
2025-03-02 14:56:33,242 [ERROR] LogOutputStream:75 - [STDERR_REDIRECT] 
2025-03-02 14:56:34,268 [ERROR] LogOutputStream:75 - [STDERR_REDIRECT] [Fatal Error] :1:1: Premature end of file.
2025-03-02 14:56:34,268 [ERROR] LogOutputStream:75 - [STDERR_REDIRECT] 
2025-03-02 14:56:35,272 [ERROR] LogOutputStream:75 - [STDERR_REDIRECT] [Fatal Error] :1:1: Premature end of file.
2025-03-02 14:56:35,273 [ERROR] LogOutputStream:75 - [STDERR_REDIRECT] 
2025-03-02 14:56:36,255 [ERROR] LogOutputStream:75 - [STDERR_REDIRECT] [Fatal Error] :1:1: Premature end of file.
2025-03-02 14:56:36,256 [ERROR] LogOutputStream:75 - [STDERR_REDIRECT] 
2025-03-02 14:56:37,269 [ERROR] LogOutputStream:75 - [STDERR_REDIRECT] [Fatal Error] :1:1: Premature end of file.
2025-03-02 14:56:37,269 [ERROR] LogOutputStream:75 - [STDERR_REDIRECT] 
2025-03-02 14:56:38,271 [ERROR] LogOutputStream:75 - [STDERR_REDIRECT] [Fatal Error] :1:1: Premature end of file.
2025-03-02 14:56:38,271 [ERROR] LogOutputStream:75 - [STDERR_REDIRECT] 
2025-03-02 14:56:39,271 [ERROR] LogOutputStream:75 - [STDERR_REDIRECT] [Fatal Error] :1:1: Premature end of file.
2025-03-02 14:56:39,271 [ERROR] LogOutputStream:75 - [STDERR_REDIRECT] 
2025-03-02 14:56:40,242 [ERROR] LogOutputStream:75 - [STDERR_REDIRECT] [Fatal Error] :1:1: Premature end of file.
2025-03-02 14:56:40,243 [ERROR] LogOutputStream:75 - [STDERR_REDIRECT] 
2025-03-02 14:56:41,238 [ERROR] LogOutputStream:75 - [STDERR_REDIRECT] [Fatal Error] :1:1: Premature end of file.
2025-03-02 14:56:41,238 [ERROR] LogOutputStream:75 - [STDERR_REDIRECT] 
2025-03-02 14:56:42,248 [ERROR] LogOutputStream:75 - [STDERR_REDIRECT] [Fatal Error] :1:1: Premature end of file.
2025-03-02 14:56:42,248 [ERROR] LogOutputStream:75 - [STDERR_REDIRECT] 
2025-03-02 14:56:43,239 [ERROR] LogOutputStream:75 - [STDERR_REDIRECT] [Fatal Error] :1:1: Premature end of file.
2025-03-02 14:56:43,239 [ERROR] LogOutputStream:75 - [STDERR_REDIRECT] 
2025-03-02 14:56:44,253 [ERROR] LogOutputStream:75 - [STDERR_REDIRECT] [Fatal Error] :1:1: Premature end of file.
2025-03-02 14:56:44,253 [ERROR] LogOutputStream:75 - [STDERR_REDIRECT] 
2025-03-02 14:56:45,251 [ERROR] LogOutputStream:75 - [STDERR_REDIRECT] [Fatal Error] :1:1: Premature end of file.
2025-03-02 14:56:45,251 [ERROR] LogOutputStream:75 - [STDERR_REDIRECT] 
2025-03-02 14:56:46,237 [ERROR] LogOutputStream:75 - [STDERR_REDIRECT] [Fatal Error] :1:1: Premature end of file.
2025-03-02 14:56:46,237 [ERROR] LogOutputStream:75 - [STDERR_REDIRECT] 
2025-03-02 14:56:47,260 [ERROR] LogOutputStream:75 - [STDERR_REDIRECT] [Fatal Error] :1:1: Premature end of file.
2025-03-02 14:56:47,260 [ERROR] LogOutputStream:75 - [STDERR_REDIRECT] 
2025-03-02 14:56:48,265 [ERROR] LogOutputStream:75 - [STDERR_REDIRECT] [Fatal Error] :1:1: Premature end of file.
2025-03-02 14:56:48,265 [ERROR] LogOutputStream:75 - [STDERR_REDIRECT] 
2025-03-02 14:56:49,260 [ERROR] LogOutputStream:75 - [STDERR_REDIRECT] [Fatal Error] :1:1: Premature end of file.
2025-03-02 14:56:49,260 [ERROR] LogOutputStream:75 - [STDERR_REDIRECT] 
2025-03-02 14:56:50,259 [ERROR] LogOutputStream:75 - [STDERR_REDIRECT] [Fatal Error] :1:1: Premature end of file.
2025-03-02 14:56:50,259 [ERROR] LogOutputStream:75 - [STDERR_REDIRECT] 
2025-03-02 14:56:51,254 [ERROR] LogOutputStream:75 - [STDERR_REDIRECT] [Fatal Error] :1:1: Premature end of file.
2025-03-02 14:56:51,254 [ERROR] LogOutputStream:75 - [STDERR_REDIRECT] 
2025-03-02 14:56:52,270 [ERROR] LogOutputStream:75 - [STDERR_REDIRECT] [Fatal Error] :1:1: Premature end of file.
2025-03-02 14:56:52,270 [ERROR] LogOutputStream:75 - [STDERR_REDIRECT] 
2025-03-02 14:56:53,249 [ERROR] LogOutputStream:75 - [STDERR_REDIRECT] [Fatal Error] :1:1: Premature end of file.
2025-03-02 14:56:53,249 [ERROR] LogOutputStream:75 - [STDERR_REDIRECT] 
2025-03-02 14:56:54,281 [ERROR] LogOutputStream:75 - [STDERR_REDIRECT] [Fatal Error] :1:1: Premature end of file.
2025-03-02 14:56:54,283 [ERROR] LogOutputStream:75 - [STDERR_REDIRECT] 
2025-03-02 14:56:55,253 [ERROR] LogOutputStream:75 - [STDERR_REDIRECT] [Fatal Error] :1:1: Premature end of file.
2025-03-02 14:56:55,253 [ERROR] LogOutputStream:75 - [STDERR_REDIRECT] 
2025-03-02 14:56:56,250 [ERROR] LogOutputStream:75 - [STDERR_REDIRECT] [Fatal Error] :1:1: Premature end of file.
2025-03-02 14:56:56,250 [ERROR] LogOutputStream:75 - [STDERR_REDIRECT] 
2025-03-02 14:56:57,270 [ERROR] LogOutputStream:75 - [STDERR_REDIRECT] [Fatal Error] :1:1: Premature end of file.
2025-03-02 14:56:57,270 [ERROR] LogOutputStream:75 - [STDERR_REDIRECT] 
2025-03-02 14:56:58,251 [ERROR] LogOutputStream:75 - [STDERR_REDIRECT] [Fatal Error] :1:1: Premature end of file.
2025-03-02 14:56:58,251 [ERROR] LogOutputStream:75 - [STDERR_REDIRECT] 
2025-03-02 14:56:59,251 [ERROR] LogOutputStream:75 - [STDERR_REDIRECT] [Fatal Error] :1:1: Premature end of file.
2025-03-02 14:56:59,251 [ERROR] LogOutputStream:75 - [STDERR_REDIRECT] 
2025-03-02 14:57:00,273 [ERROR] LogOutputStream:75 - [STDERR_REDIRECT] [Fatal Error] :1:1: Premature end of file.
2025-03-02 14:57:00,276 [ERROR] LogOutputStream:75 - [STDERR_REDIRECT] 
2025-03-02 14:57:01,253 [ERROR] LogOutputStream:75 - [STDERR_REDIRECT] [Fatal Error] :1:1: Premature end of file.
2025-03-02 14:57:01,253 [ERROR] LogOutputStream:75 - [STDERR_REDIRECT] 
2025-03-02 14:57:02,251 [ERROR] LogOutputStream:75 - [STDERR_REDIRECT] [Fatal Error] :1:1: Premature end of file.
2025-03-02 14:57:02,251 [ERROR] LogOutputStream:75 - [STDERR_REDIRECT] 
2025-03-02 14:57:03,231 [ERROR] LogOutputStream:75 - [STDERR_REDIRECT] [Fatal Error] :1:1: Premature end of file.
2025-03-02 14:57:03,231 [ERROR] LogOutputStream:75 - [STDERR_REDIRECT] 
2025-03-02 14:57:04,269 [ERROR] LogOutputStream:75 - [STDERR_REDIRECT] [Fatal Error] :1:1: Premature end of file.
2025-03-02 14:57:04,269 [ERROR] LogOutputStream:75 - [STDERR_REDIRECT] 
2025-03-02 14:57:05,248 [ERROR] LogOutputStream:75 - [STDERR_REDIRECT] [Fatal Error] :1:1: Premature end of file.
2025-03-02 14:57:05,248 [ERROR] LogOutputStream:75 - [STDERR_REDIRECT] 
2025-03-02 14:57:06,276 [ERROR] LogOutputStream:75 - [STDERR_REDIRECT] [Fatal Error] :1:1: Premature end of file.
2025-03-02 14:57:06,276 [ERROR] LogOutputStream:75 - [STDERR_REDIRECT] 
2025-03-02 14:57:07,258 [ERROR] LogOutputStream:75 - [STDERR_REDIRECT] [Fatal Error] :1:1: Premature end of file.
2025-03-02 14:57:07,258 [ERROR] LogOutputStream:75 - [STDERR_REDIRECT] 
2025-03-02 14:57:08,235 [ERROR] LogOutputStream:75 - [STDERR_REDIRECT] [Fatal Error] :1:1: Premature end of file.
2025-03-02 14:57:08,235 [ERROR] LogOutputStream:75 - [STDERR_REDIRECT] 
2025-03-02 14:57:09,259 [ERROR] LogOutputStream:75 - [STDERR_REDIRECT] [Fatal Error] :1:1: Premature end of file.
2025-03-02 14:57:09,259 [ERROR] LogOutputStream:75 - [STDERR_REDIRECT] 
2025-03-02 14:57:10,249 [ERROR] LogOutputStream:75 - [STDERR_REDIRECT] [Fatal Error] :1:1: Premature end of file.
2025-03-02 14:57:10,249 [ERROR] LogOutputStream:75 - [STDERR_REDIRECT] 
2025-03-02 14:57:11,252 [ERROR] LogOutputStream:75 - [STDERR_REDIRECT] [Fatal Error] :1:1: Premature end of file.
2025-03-02 14:57:11,252 [ERROR] LogOutputStream:75 - [STDERR_REDIRECT] 
2025-03-02 14:57:12,253 [ERROR] LogOutputStream:75 - [STDERR_REDIRECT] [Fatal Error] :1:1: Premature end of file.
2025-03-02 14:57:12,253 [ERROR] LogOutputStream:75 - [STDERR_REDIRECT] 
2025-03-02 14:57:13,247 [ERROR] LogOutputStream:75 - [STDERR_REDIRECT] [Fatal Error] :1:1: Premature end of file.
2025-03-02 14:57:13,247 [ERROR] LogOutputStream:75 - [STDERR_REDIRECT] 
2025-03-02 14:57:14,248 [ERROR] LogOutputStream:75 - [STDERR_REDIRECT] [Fatal Error] :1:1: Premature end of file.
2025-03-02 14:57:14,248 [ERROR] LogOutputStream:75 - [STDERR_REDIRECT] 
2025-03-02 14:57:15,248 [ERROR] LogOutputStream:75 - [STDERR_REDIRECT] [Fatal Error] :1:1: Premature end of file.
2025-03-02 14:57:15,248 [ERROR] LogOutputStream:75 - [STDERR_REDIRECT] 
2025-03-02 14:57:16,248 [ERROR] LogOutputStream:75 - [STDERR_REDIRECT] [Fatal Error] :1:1: Premature end of file.
2025-03-02 14:57:16,248 [ERROR] LogOutputStream:75 - [STDERR_REDIRECT] 
2025-03-02 14:57:17,247 [ERROR] LogOutputStream:75 - [STDERR_REDIRECT] [Fatal Error] :1:1: Premature end of file.
2025-03-02 14:57:17,247 [ERROR] LogOutputStream:75 - [STDERR_REDIRECT] 
2025-03-02 14:57:18,257 [ERROR] LogOutputStream:75 - [STDERR_REDIRECT] [Fatal Error] :1:1: Premature end of file.
2025-03-02 14:57:18,257 [ERROR] LogOutputStream:75 - [STDERR_REDIRECT] 
2025-03-02 14:57:19,248 [ERROR] LogOutputStream:75 - [STDERR_REDIRECT] [Fatal Error] :1:1: Premature end of file.
2025-03-02 14:57:19,248 [ERROR] LogOutputStream:75 - [STDERR_REDIRECT] 
2025-03-02 14:57:20,266 [ERROR] LogOutputStream:75 - [STDERR_REDIRECT] [Fatal Error] :1:1: Premature end of file.
2025-03-02 14:57:20,266 [ERROR] LogOutputStream:75 - [STDERR_REDIRECT] 
2025-03-02 14:57:21,263 [ERROR] LogOutputStream:75 - [STDERR_REDIRECT] [Fatal Error] :1:1: Premature end of file.
2025-03-02 14:57:21,263 [ERROR] LogOutputStream:75 - [STDERR_REDIRECT] 
2025-03-02 14:57:22,266 [ERROR] LogOutputStream:75 - [STDERR_REDIRECT] [Fatal Error] :1:1: Premature end of file.
2025-03-02 14:57:22,266 [ERROR] LogOutputStream:75 - [STDERR_REDIRECT] 
2025-03-02 14:57:23,253 [ERROR] LogOutputStream:75 - [STDERR_REDIRECT] [Fatal Error] :1:1: Premature end of file.
2025-03-02 14:57:23,253 [ERROR] LogOutputStream:75 - [STDERR_REDIRECT] 
2025-03-02 14:57:24,264 [ERROR] LogOutputStream:75 - [STDERR_REDIRECT] [Fatal Error] :1:1: Premature end of file.
2025-03-02 14:57:24,264 [ERROR] LogOutputStream:75 - [STDERR_REDIRECT] 
2025-03-02 14:57:25,265 [ERROR] LogOutputStream:75 - [STDERR_REDIRECT] [Fatal Error] :1:1: Premature end of file.
2025-03-02 14:57:25,265 [ERROR] LogOutputStream:75 - [STDERR_REDIRECT] 
2025-03-02 14:57:26,264 [ERROR] LogOutputStream:75 - [STDERR_REDIRECT] [Fatal Error] :1:1: Premature end of file.
2025-03-02 14:57:26,264 [ERROR] LogOutputStream:75 - [STDERR_REDIRECT] 
2025-03-02 14:57:27,256 [ERROR] LogOutputStream:75 - [STDERR_REDIRECT] [Fatal Error] :1:1: Premature end of file.
2025-03-02 14:57:27,256 [ERROR] LogOutputStream:75 - [STDERR_REDIRECT] 
2025-03-02 14:57:28,253 [ERROR] LogOutputStream:75 - [STDERR_REDIRECT] [Fatal Error] :1:1: Premature end of file.
2025-03-02 14:57:28,253 [ERROR] LogOutputStream:75 - [STDERR_REDIRECT] 
2025-03-02 14:57:29,237 [ERROR] LogOutputStream:75 - [STDERR_REDIRECT] [Fatal Error] :1:1: Premature end of file.
2025-03-02 14:57:29,237 [ERROR] LogOutputStream:75 - [STDERR_REDIRECT] 
2025-03-02 14:57:30,283 [ERROR] LogOutputStream:75 - [STDERR_REDIRECT] [Fatal Error] :1:1: Premature end of file.
2025-03-02 14:57:30,283 [ERROR] LogOutputStream:75 - [STDERR_REDIRECT] 
2025-03-02 14:57:31,240 [ERROR] LogOutputStream:75 - [STDERR_REDIRECT] [Fatal Error] :1:1: Premature end of file.
2025-03-02 14:57:31,240 [ERROR] LogOutputStream:75 - [STDERR_REDIRECT] 
2025-03-02 14:57:32,263 [ERROR] LogOutputStream:75 - [STDERR_REDIRECT] [Fatal Error] :1:1: Premature end of file.
2025-03-02 14:57:32,263 [ERROR] LogOutputStream:75 - [STDERR_REDIRECT] 
2025-03-02 14:57:33,262 [ERROR] LogOutputStream:75 - [STDERR_REDIRECT] [Fatal Error] :1:1: Premature end of file.
2025-03-02 14:57:33,262 [ERROR] LogOutputStream:75 - [STDERR_REDIRECT] 
2025-03-02 14:57:34,260 [ERROR] LogOutputStream:75 - [STDERR_REDIRECT] [Fatal Error] :1:1: Premature end of file.
2025-03-02 14:57:34,260 [ERROR] LogOutputStream:75 - [STDERR_REDIRECT] 
2025-03-02 14:57:35,264 [ERROR] LogOutputStream:75 - [STDERR_REDIRECT] [Fatal Error] :1:1: Premature end of file.
2025-03-02 14:57:35,264 [ERROR] LogOutputStream:75 - [STDERR_REDIRECT] 
2025-03-02 14:57:36,252 [ERROR] LogOutputStream:75 - [STDERR_REDIRECT] [Fatal Error] :1:1: Premature end of file.
2025-03-02 14:57:36,252 [ERROR] LogOutputStream:75 - [STDERR_REDIRECT] 
2025-03-02 14:57:37,268 [ERROR] LogOutputStream:75 - [STDERR_REDIRECT] [Fatal Error] :1:1: Premature end of file.
2025-03-02 14:57:37,268 [ERROR] LogOutputStream:75 - [STDERR_REDIRECT] 
2025-03-02 14:57:38,276 [ERROR] LogOutputStream:75 - [STDERR_REDIRECT] [Fatal Error] :1:1: Premature end of file.
2025-03-02 14:57:38,276 [ERROR] LogOutputStream:75 - [STDERR_REDIRECT] 
2025-03-02 14:57:39,254 [ERROR] LogOutputStream:75 - [STDERR_REDIRECT] [Fatal Error] :1:1: Premature end of file.
2025-03-02 14:57:39,254 [ERROR] LogOutputStream:75 - [STDERR_REDIRECT] 
2025-03-02 14:57:40,280 [ERROR] LogOutputStream:75 - [STDERR_REDIRECT] [Fatal Error] :1:1: Premature end of file.
2025-03-02 14:57:40,280 [ERROR] LogOutputStream:75 - [STDERR_REDIRECT] 
2025-03-02 14:57:41,262 [ERROR] LogOutputStream:75 - [STDERR_REDIRECT] [Fatal Error] :1:1: Premature end of file.
2025-03-02 14:57:41,262 [ERROR] LogOutputStream:75 - [STDERR_REDIRECT] 
2025-03-02 14:57:42,242 [ERROR] LogOutputStream:75 - [STDERR_REDIRECT] [Fatal Error] :1:1: Premature end of file.
2025-03-02 14:57:42,242 [ERROR] LogOutputStream:75 - [STDERR_REDIRECT] 
2025-03-02 14:57:43,266 [ERROR] LogOutputStream:75 - [STDERR_REDIRECT] [Fatal Error] :1:1: Premature end of file.
2025-03-02 14:57:43,266 [ERROR] LogOutputStream:75 - [STDERR_REDIRECT] 
2025-03-02 14:57:44,251 [ERROR] LogOutputStream:75 - [STDERR_REDIRECT] [Fatal Error] :1:1: Premature end of file.
2025-03-02 14:57:44,251 [ERROR] LogOutputStream:75 - [STDERR_REDIRECT] 
2025-03-02 14:57:45,270 [ERROR] LogOutputStream:75 - [STDERR_REDIRECT] [Fatal Error] :1:1: Premature end of file.
2025-03-02 14:57:45,270 [ERROR] LogOutputStream:75 - [STDERR_REDIRECT] 
2025-03-02 14:57:46,249 [ERROR] LogOutputStream:75 - [STDERR_REDIRECT] [Fatal Error] :1:1: Premature end of file.
2025-03-02 14:57:46,249 [ERROR] LogOutputStream:75 - [STDERR_REDIRECT] 
2025-03-02 14:57:47,266 [ERROR] LogOutputStream:75 - [STDERR_REDIRECT] [Fatal Error] :1:1: Premature end of file.
2025-03-02 14:57:47,266 [ERROR] LogOutputStream:75 - [STDERR_REDIRECT] 
2025-03-02 14:57:48,273 [ERROR] LogOutputStream:75 - [STDERR_REDIRECT] [Fatal Error] :1:1: Premature end of file.
2025-03-02 14:57:48,273 [ERROR] LogOutputStream:75 - [STDERR_REDIRECT] 
2025-03-02 14:57:49,263 [ERROR] LogOutputStream:75 - [STDERR_REDIRECT] [Fatal Error] :1:1: Premature end of file.
2025-03-02 14:57:49,263 [ERROR] LogOutputStream:75 - [STDERR_REDIRECT] 
2025-03-02 14:57:50,239 [ERROR] LogOutputStream:75 - [STDERR_REDIRECT] [Fatal Error] :1:1: Premature end of file.
2025-03-02 14:57:50,239 [ERROR] LogOutputStream:75 - [STDERR_REDIRECT] 
2025-03-02 14:57:51,274 [ERROR] LogOutputStream:75 - [STDERR_REDIRECT] [Fatal Error] :1:1: Premature end of file.
2025-03-02 14:57:51,274 [ERROR] LogOutputStream:75 - [STDERR_REDIRECT] 
2025-03-02 14:57:52,271 [ERROR] LogOutputStream:75 - [STDERR_REDIRECT] [Fatal Error] :1:1: Premature end of file.
2025-03-02 14:57:52,271 [ERROR] LogOutputStream:75 - [STDERR_REDIRECT] 
2025-03-02 14:57:53,262 [ERROR] LogOutputStream:75 - [STDERR_REDIRECT] [Fatal Error] :1:1: Premature end of file.
2025-03-02 14:57:53,262 [ERROR] LogOutputStream:75 - [STDERR_REDIRECT] 
2025-03-02 14:57:54,250 [ERROR] LogOutputStream:75 - [STDERR_REDIRECT] [Fatal Error] :1:1: Premature end of file.
2025-03-02 14:57:54,250 [ERROR] LogOutputStream:75 - [STDERR_REDIRECT] 
2025-03-02 14:57:55,268 [ERROR] LogOutputStream:75 - [STDERR_REDIRECT] [Fatal Error] :1:1: Premature end of file.
2025-03-02 14:57:55,268 [ERROR] LogOutputStream:75 - [STDERR_REDIRECT] 
2025-03-02 14:57:56,252 [ERROR] LogOutputStream:75 - [STDERR_REDIRECT] [Fatal Error] :1:1: Premature end of file.
2025-03-02 14:57:56,252 [ERROR] LogOutputStream:75 - [STDERR_REDIRECT] 
2025-03-02 14:57:57,265 [ERROR] LogOutputStream:75 - [STDERR_REDIRECT] [Fatal Error] :1:1: Premature end of file.
2025-03-02 14:57:57,265 [ERROR] LogOutputStream:75 - [STDERR_REDIRECT] 
2025-03-02 14:57:58,265 [ERROR] LogOutputStream:75 - [STDERR_REDIRECT] [Fatal Error] :1:1: Premature end of file.
2025-03-02 14:57:58,265 [ERROR] LogOutputStream:75 - [STDERR_REDIRECT] 
2025-03-02 14:57:59,265 [ERROR] LogOutputStream:75 - [STDERR_REDIRECT] [Fatal Error] :1:1: Premature end of file.
2025-03-02 14:57:59,266 [ERROR] LogOutputStream:75 - [STDERR_REDIRECT] 
2025-03-02 14:58:00,260 [ERROR] LogOutputStream:75 - [STDERR_REDIRECT] [Fatal Error] :1:1: Premature end of file.
2025-03-02 14:58:00,260 [ERROR] LogOutputStream:75 - [STDERR_REDIRECT] 
2025-03-02 14:58:01,268 [ERROR] LogOutputStream:75 - [STDERR_REDIRECT] [Fatal Error] :1:1: Premature end of file.
2025-03-02 14:58:01,268 [ERROR] LogOutputStream:75 - [STDERR_REDIRECT] 
2025-03-02 14:58:02,269 [ERROR] LogOutputStream:75 - [STDERR_REDIRECT] [Fatal Error] :1:1: Premature end of file.
2025-03-02 14:58:02,269 [ERROR] LogOutputStream:75 - [STDERR_REDIRECT] 
2025-03-02 14:58:03,261 [ERROR] LogOutputStream:75 - [STDERR_REDIRECT] [Fatal Error] :1:1: Premature end of file.
2025-03-02 14:58:03,261 [ERROR] LogOutputStream:75 - [STDERR_REDIRECT] 
2025-03-02 14:58:04,269 [ERROR] LogOutputStream:75 - [STDERR_REDIRECT] [Fatal Error] :1:1: Premature end of file.
2025-03-02 14:58:04,269 [ERROR] LogOutputStream:75 - [STDERR_REDIRECT] 
2025-03-02 14:58:05,270 [ERROR] LogOutputStream:75 - [STDERR_REDIRECT] [Fatal Error] :1:1: Premature end of file.
2025-03-02 14:58:05,270 [ERROR] LogOutputStream:75 - [STDERR_REDIRECT] 
2025-03-02 14:58:06,240 [ERROR] LogOutputStream:75 - [STDERR_REDIRECT] [Fatal Error] :1:1: Premature end of file.
2025-03-02 14:58:06,240 [ERROR] LogOutputStream:75 - [STDERR_REDIRECT] 
2025-03-02 14:58:07,256 [ERROR] LogOutputStream:75 - [STDERR_REDIRECT] [Fatal Error] :1:1: Premature end of file.
2025-03-02 14:58:07,256 [ERROR] LogOutputStream:75 - [STDERR_REDIRECT] 
2025-03-02 14:58:08,263 [ERROR] LogOutputStream:75 - [STDERR_REDIRECT] [Fatal Error] :1:1: Premature end of file.
2025-03-02 14:58:08,263 [ERROR] LogOutputStream:75 - [STDERR_REDIRECT] 
2025-03-02 14:58:09,269 [ERROR] LogOutputStream:75 - [STDERR_REDIRECT] [Fatal Error] :1:1: Premature end of file.
2025-03-02 14:58:09,269 [ERROR] LogOutputStream:75 - [STDERR_REDIRECT] 
2025-03-02 14:58:10,266 [ERROR] LogOutputStream:75 - [STDERR_REDIRECT] [Fatal Error] :1:1: Premature end of file.
2025-03-02 14:58:10,266 [ERROR] LogOutputStream:75 - [STDERR_REDIRECT] 
2025-03-02 14:58:11,271 [ERROR] LogOutputStream:75 - [STDERR_REDIRECT] [Fatal Error] :1:1: Premature end of file.
2025-03-02 14:58:11,271 [ERROR] LogOutputStream:75 - [STDERR_REDIRECT] 
2025-03-02 14:58:12,269 [ERROR] LogOutputStream:75 - [STDERR_REDIRECT] [Fatal Error] :1:1: Premature end of file.
2025-03-02 14:58:12,285 [ERROR] LogOutputStream:75 - [STDERR_REDIRECT] 
2025-03-02 14:58:13,270 [ERROR] LogOutputStream:75 - [STDERR_REDIRECT] [Fatal Error] :1:1: Premature end of file.
2025-03-02 14:58:13,270 [ERROR] LogOutputStream:75 - [STDERR_REDIRECT] 
2025-03-02 14:58:14,271 [ERROR] LogOutputStream:75 - [STDERR_REDIRECT] [Fatal Error] :1:1: Premature end of file.
2025-03-02 14:58:14,271 [ERROR] LogOutputStream:75 - [STDERR_REDIRECT] 
2025-03-02 14:58:15,272 [ERROR] LogOutputStream:75 - [STDERR_REDIRECT] [Fatal Error] :1:1: Premature end of file.
2025-03-02 14:58:15,272 [ERROR] LogOutputStream:75 - [STDERR_REDIRECT] 
2025-03-02 14:58:16,278 [ERROR] LogOutputStream:75 - [STDERR_REDIRECT] [Fatal Error] :1:1: Premature end of file.
2025-03-02 14:58:16,278 [ERROR] LogOutputStream:75 - [STDERR_REDIRECT] 
2025-03-02 14:58:17,283 [ERROR] LogOutputStream:75 - [STDERR_REDIRECT] [Fatal Error] :1:1: Premature end of file.
2025-03-02 14:58:17,283 [ERROR] LogOutputStream:75 - [STDERR_REDIRECT] 
2025-03-02 14:58:18,274 [ERROR] LogOutputStream:75 - [STDERR_REDIRECT] [Fatal Error] :1:1: Premature end of file.
2025-03-02 14:58:18,274 [ERROR] LogOutputStream:75 - [STDERR_REDIRECT] 
2025-03-02 14:58:19,277 [ERROR] LogOutputStream:75 - [STDERR_REDIRECT] [Fatal Error] :1:1: Premature end of file.
2025-03-02 14:58:19,277 [ERROR] LogOutputStream:75 - [STDERR_REDIRECT] 
2025-03-02 14:58:20,280 [ERROR] LogOutputStream:75 - [STDERR_REDIRECT] [Fatal Error] :1:1: Premature end of file.
2025-03-02 14:58:20,280 [ERROR] LogOutputStream:75 - [STDERR_REDIRECT] 
2025-03-02 14:58:21,273 [ERROR] LogOutputStream:75 - [STDERR_REDIRECT] [Fatal Error] :1:1: Premature end of file.
2025-03-02 14:58:21,273 [ERROR] LogOutputStream:75 - [STDERR_REDIRECT] 
2025-03-02 14:58:22,280 [ERROR] LogOutputStream:75 - [STDERR_REDIRECT] [Fatal Error] :1:1: Premature end of file.
2025-03-02 14:58:22,280 [ERROR] LogOutputStream:75 - [STDERR_REDIRECT] 
2025-03-02 14:58:23,276 [ERROR] LogOutputStream:75 - [STDERR_REDIRECT] [Fatal Error] :1:1: Premature end of file.
2025-03-02 14:58:23,276 [ERROR] LogOutputStream:75 - [STDERR_REDIRECT] 
2025-03-02 14:58:24,272 [ERROR] LogOutputStream:75 - [STDERR_REDIRECT] [Fatal Error] :1:1: Premature end of file.
2025-03-02 14:58:24,272 [ERROR] LogOutputStream:75 - [STDERR_REDIRECT] 
2025-03-02 14:58:25,275 [ERROR] LogOutputStream:75 - [STDERR_REDIRECT] [Fatal Error] :1:1: Premature end of file.
2025-03-02 14:58:25,275 [ERROR] LogOutputStream:75 - [STDERR_REDIRECT] 
2025-03-02 14:58:26,278 [ERROR] LogOutputStream:75 - [STDERR_REDIRECT] [Fatal Error] :1:1: Premature end of file.
2025-03-02 14:58:26,278 [ERROR] LogOutputStream:75 - [STDERR_REDIRECT] 
2025-03-02 14:58:27,279 [ERROR] LogOutputStream:75 - [STDERR_REDIRECT] [Fatal Error] :1:1: Premature end of file.
2025-03-02 14:58:27,279 [ERROR] LogOutputStream:75 - [STDERR_REDIRECT] 
2025-03-02 14:58:28,263 [ERROR] LogOutputStream:75 - [STDERR_REDIRECT] [Fatal Error] :1:1: Premature end of file.
2025-03-02 14:58:28,263 [ERROR] LogOutputStream:75 - [STDERR_REDIRECT] 
2025-03-02 14:58:29,287 [ERROR] LogOutputStream:75 - [STDERR_REDIRECT] [Fatal Error] :1:1: Premature end of file.
2025-03-02 14:58:29,287 [ERROR] LogOutputStream:75 - [STDERR_REDIRECT] 
2025-03-02 14:58:30,289 [ERROR] LogOutputStream:75 - [STDERR_REDIRECT] [Fatal Error] :1:1: Premature end of file.
2025-03-02 14:58:30,289 [ERROR] LogOutputStream:75 - [STDERR_REDIRECT] 
2025-03-02 14:58:31,284 [ERROR] LogOutputStream:75 - [STDERR_REDIRECT] [Fatal Error] :1:1: Premature end of file.
2025-03-02 14:58:31,284 [ERROR] LogOutputStream:75 - [STDERR_REDIRECT] 
2025-03-02 14:58:32,286 [ERROR] LogOutputStream:75 - [STDERR_REDIRECT] [Fatal Error] :1:1: Premature end of file.
2025-03-02 14:58:32,286 [ERROR] LogOutputStream:75 - [STDERR_REDIRECT] 
2025-03-02 14:58:33,273 [ERROR] LogOutputStream:75 - [STDERR_REDIRECT] [Fatal Error] :1:1: Premature end of file.
2025-03-02 14:58:33,273 [ERROR] LogOutputStream:75 - [STDERR_REDIRECT] 
2025-03-02 14:58:34,272 [ERROR] LogOutputStream:75 - [STDERR_REDIRECT] [Fatal Error] :1:1: Premature end of file.
2025-03-02 14:58:34,272 [ERROR] LogOutputStream:75 - [STDERR_REDIRECT] 
2025-03-02 14:58:35,275 [ERROR] LogOutputStream:75 - [STDERR_REDIRECT] [Fatal Error] :1:1: Premature end of file.
2025-03-02 14:58:35,275 [ERROR] LogOutputStream:75 - [STDERR_REDIRECT] 
2025-03-02 14:58:36,264 [ERROR] LogOutputStream:75 - [STDERR_REDIRECT] [Fatal Error] :1:1: Premature end of file.
2025-03-02 14:58:36,264 [ERROR] LogOutputStream:75 - [STDERR_REDIRECT] 
2025-03-02 14:58:37,270 [ERROR] LogOutputStream:75 - [STDERR_REDIRECT] [Fatal Error] :1:1: Premature end of file.
2025-03-02 14:58:37,270 [ERROR] LogOutputStream:75 - [STDERR_REDIRECT] 
2025-03-02 14:58:38,264 [ERROR] LogOutputStream:75 - [STDERR_REDIRECT] [Fatal Error] :1:1: Premature end of file.
2025-03-02 14:58:38,264 [ERROR] LogOutputStream:75 - [STDERR_REDIRECT] 
2025-03-02 14:58:39,262 [ERROR] LogOutputStream:75 - [STDERR_REDIRECT] [Fatal Error] :1:1: Premature end of file.
2025-03-02 14:58:39,262 [ERROR] LogOutputStream:75 - [STDERR_REDIRECT] 
2025-03-02 14:58:40,270 [ERROR] LogOutputStream:75 - [STDERR_REDIRECT] [Fatal Error] :1:1: Premature end of file.
2025-03-02 14:58:40,270 [ERROR] LogOutputStream:75 - [STDERR_REDIRECT] 
2025-03-02 14:58:41,276 [ERROR] LogOutputStream:75 - [STDERR_REDIRECT] [Fatal Error] :1:1: Premature end of file.
2025-03-02 14:58:41,276 [ERROR] LogOutputStream:75 - [STDERR_REDIRECT] 
2025-03-02 14:58:42,265 [ERROR] LogOutputStream:75 - [STDERR_REDIRECT] [Fatal Error] :1:1: Premature end of file.
2025-03-02 14:58:42,265 [ERROR] LogOutputStream:75 - [STDERR_REDIRECT] 
2025-03-02 14:58:43,265 [ERROR] LogOutputStream:75 - [STDERR_REDIRECT] [Fatal Error] :1:1: Premature end of file.
2025-03-02 14:58:43,265 [ERROR] LogOutputStream:75 - [STDERR_REDIRECT] 
2025-03-02 14:58:44,271 [ERROR] LogOutputStream:75 - [STDERR_REDIRECT] [Fatal Error] :1:1: Premature end of file.
2025-03-02 14:58:44,271 [ERROR] LogOutputStream:75 - [STDERR_REDIRECT] 
2025-03-02 14:58:45,268 [ERROR] LogOutputStream:75 - [STDERR_REDIRECT] [Fatal Error] :1:1: Premature end of file.
2025-03-02 14:58:45,271 [ERROR] LogOutputStream:75 - [STDERR_REDIRECT] 
2025-03-02 14:58:46,254 [ERROR] LogOutputStream:75 - [STDERR_REDIRECT] [Fatal Error] :1:1: Premature end of file.
2025-03-02 14:58:46,254 [ERROR] LogOutputStream:75 - [STDERR_REDIRECT] 
2025-03-02 14:58:47,253 [ERROR] LogOutputStream:75 - [STDERR_REDIRECT] [Fatal Error] :1:1: Premature end of file.
2025-03-02 14:58:47,253 [ERROR] LogOutputStream:75 - [STDERR_REDIRECT] 
2025-03-02 14:58:48,254 [ERROR] LogOutputStream:75 - [STDERR_REDIRECT] [Fatal Error] :1:1: Premature end of file.
2025-03-02 14:58:48,254 [ERROR] LogOutputStream:75 - [STDERR_REDIRECT] 
2025-03-02 14:58:49,270 [ERROR] LogOutputStream:75 - [STDERR_REDIRECT] [Fatal Error] :1:1: Premature end of file.
2025-03-02 14:58:49,270 [ERROR] LogOutputStream:75 - [STDERR_REDIRECT] 
2025-03-02 14:58:50,237 [ERROR] LogOutputStream:75 - [STDERR_REDIRECT] [Fatal Error] :1:1: Premature end of file.
2025-03-02 14:58:50,237 [ERROR] LogOutputStream:75 - [STDERR_REDIRECT] 
2025-03-02 14:58:51,261 [ERROR] LogOutputStream:75 - [STDERR_REDIRECT] [Fatal Error] :1:1: Premature end of file.
2025-03-02 14:58:51,261 [ERROR] LogOutputStream:75 - [STDERR_REDIRECT] 
2025-03-02 14:58:52,265 [ERROR] LogOutputStream:75 - [STDERR_REDIRECT] [Fatal Error] :1:1: Premature end of file.
2025-03-02 14:58:52,265 [ERROR] LogOutputStream:75 - [STDERR_REDIRECT] 
2025-03-02 14:58:53,248 [ERROR] LogOutputStream:75 - [STDERR_REDIRECT] [Fatal Error] :1:1: Premature end of file.
2025-03-02 14:58:53,248 [ERROR] LogOutputStream:75 - [STDERR_REDIRECT] 
2025-03-02 14:58:54,262 [ERROR] LogOutputStream:75 - [STDERR_REDIRECT] [Fatal Error] :1:1: Premature end of file.
2025-03-02 14:58:54,262 [ERROR] LogOutputStream:75 - [STDERR_REDIRECT] 
2025-03-02 14:58:55,264 [ERROR] LogOutputStream:75 - [STDERR_REDIRECT] [Fatal Error] :1:1: Premature end of file.
2025-03-02 14:58:55,264 [ERROR] LogOutputStream:75 - [STDERR_REDIRECT] 
2025-03-02 14:58:56,248 [ERROR] LogOutputStream:75 - [STDERR_REDIRECT] [Fatal Error] :1:1: Premature end of file.
2025-03-02 14:58:56,248 [ERROR] LogOutputStream:75 - [STDERR_REDIRECT] 
2025-03-02 14:58:57,264 [ERROR] LogOutputStream:75 - [STDERR_REDIRECT] [Fatal Error] :1:1: Premature end of file.
2025-03-02 14:58:57,264 [ERROR] LogOutputStream:75 - [STDERR_REDIRECT] 
2025-03-02 14:58:58,265 [ERROR] LogOutputStream:75 - [STDERR_REDIRECT] [Fatal Error] :1:1: Premature end of file.
2025-03-02 14:58:58,265 [ERROR] LogOutputStream:75 - [STDERR_REDIRECT] 
2025-03-02 14:58:59,264 [ERROR] LogOutputStream:75 - [STDERR_REDIRECT] [Fatal Error] :1:1: Premature end of file.
2025-03-02 14:58:59,264 [ERROR] LogOutputStream:75 - [STDERR_REDIRECT] 
2025-03-02 14:59:00,265 [ERROR] LogOutputStream:75 - [STDERR_REDIRECT] [Fatal Error] :1:1: Premature end of file.
2025-03-02 14:59:00,265 [ERROR] LogOutputStream:75 - [STDERR_REDIRECT] 
2025-03-02 14:59:01,251 [ERROR] LogOutputStream:75 - [STDERR_REDIRECT] [Fatal Error] :1:1: Premature end of file.
2025-03-02 14:59:01,251 [ERROR] LogOutputStream:75 - [STDERR_REDIRECT] 
2025-03-02 14:59:02,249 [ERROR] LogOutputStream:75 - [STDERR_REDIRECT] [Fatal Error] :1:1: Premature end of file.
2025-03-02 14:59:02,249 [ERROR] LogOutputStream:75 - [STDERR_REDIRECT] 
2025-03-02 14:59:03,258 [ERROR] LogOutputStream:75 - [STDERR_REDIRECT] [Fatal Error] :1:1: Premature end of file.
2025-03-02 14:59:03,263 [ERROR] LogOutputStream:75 - [STDERR_REDIRECT] 
2025-03-02 14:59:04,254 [ERROR] LogOutputStream:75 - [STDERR_REDIRECT] [Fatal Error] :1:1: Premature end of file.
2025-03-02 14:59:04,254 [ERROR] LogOutputStream:75 - [STDERR_REDIRECT] 
2025-03-02 14:59:05,276 [ERROR] LogOutputStream:75 - [STDERR_REDIRECT] [Fatal Error] :1:1: Premature end of file.
2025-03-02 14:59:05,276 [ERROR] LogOutputStream:75 - [STDERR_REDIRECT] 
2025-03-02 14:59:06,270 [ERROR] LogOutputStream:75 - [STDERR_REDIRECT] [Fatal Error] :1:1: Premature end of file.
2025-03-02 14:59:06,270 [ERROR] LogOutputStream:75 - [STDERR_REDIRECT] 
2025-03-02 14:59:07,248 [ERROR] LogOutputStream:75 - [STDERR_REDIRECT] [Fatal Error] :1:1: Premature end of file.
2025-03-02 14:59:07,248 [ERROR] LogOutputStream:75 - [STDERR_REDIRECT] 
2025-03-02 14:59:08,274 [ERROR] LogOutputStream:75 - [STDERR_REDIRECT] [Fatal Error] :1:1: Premature end of file.
2025-03-02 14:59:08,274 [ERROR] LogOutputStream:75 - [STDERR_REDIRECT] 
2025-03-02 14:59:09,262 [ERROR] LogOutputStream:75 - [STDERR_REDIRECT] [Fatal Error] :1:1: Premature end of file.
2025-03-02 14:59:09,262 [ERROR] LogOutputStream:75 - [STDERR_REDIRECT] 
2025-03-02 14:59:10,269 [ERROR] LogOutputStream:75 - [STDERR_REDIRECT] [Fatal Error] :1:1: Premature end of file.
2025-03-02 14:59:10,269 [ERROR] LogOutputStream:75 - [STDERR_REDIRECT] 
2025-03-02 14:59:11,259 [ERROR] LogOutputStream:75 - [STDERR_REDIRECT] [Fatal Error] :1:1: Premature end of file.
2025-03-02 14:59:11,259 [ERROR] LogOutputStream:75 - [STDERR_REDIRECT] 
2025-03-02 14:59:12,275 [ERROR] LogOutputStream:75 - [STDERR_REDIRECT] [Fatal Error] :1:1: Premature end of file.
2025-03-02 14:59:12,275 [ERROR] LogOutputStream:75 - [STDERR_REDIRECT] 
2025-03-02 14:59:13,269 [ERROR] LogOutputStream:75 - [STDERR_REDIRECT] [Fatal Error] :1:1: Premature end of file.
2025-03-02 14:59:13,269 [ERROR] LogOutputStream:75 - [STDERR_REDIRECT] 
2025-03-02 14:59:14,275 [ERROR] LogOutputStream:75 - [STDERR_REDIRECT] [Fatal Error] :1:1: Premature end of file.
2025-03-02 14:59:14,275 [ERROR] LogOutputStream:75 - [STDERR_REDIRECT] 
2025-03-02 14:59:15,271 [ERROR] LogOutputStream:75 - [STDERR_REDIRECT] [Fatal Error] :1:1: Premature end of file.
2025-03-02 14:59:15,271 [ERROR] LogOutputStream:75 - [STDERR_REDIRECT] 
2025-03-02 14:59:16,274 [ERROR] LogOutputStream:75 - [STDERR_REDIRECT] [Fatal Error] :1:1: Premature end of file.
2025-03-02 14:59:16,274 [ERROR] LogOutputStream:75 - [STDERR_REDIRECT] 
2025-03-02 14:59:17,269 [ERROR] LogOutputStream:75 - [STDERR_REDIRECT] [Fatal Error] :1:1: Premature end of file.
2025-03-02 14:59:17,269 [ERROR] LogOutputStream:75 - [STDERR_REDIRECT] 
2025-03-02 14:59:18,280 [ERROR] LogOutputStream:75 - [STDERR_REDIRECT] [Fatal Error] :1:1: Premature end of file.
2025-03-02 14:59:18,280 [ERROR] LogOutputStream:75 - [STDERR_REDIRECT] 
2025-03-02 14:59:19,278 [ERROR] LogOutputStream:75 - [STDERR_REDIRECT] [Fatal Error] :1:1: Premature end of file.
2025-03-02 14:59:19,278 [ERROR] LogOutputStream:75 - [STDERR_REDIRECT] 
2025-03-02 14:59:20,270 [ERROR] LogOutputStream:75 - [STDERR_REDIRECT] [Fatal Error] :1:1: Premature end of file.
2025-03-02 14:59:20,270 [ERROR] LogOutputStream:75 - [STDERR_REDIRECT] 
2025-03-02 14:59:21,283 [ERROR] LogOutputStream:75 - [STDERR_REDIRECT] [Fatal Error] :1:1: Premature end of file.
2025-03-02 14:59:21,284 [ERROR] LogOutputStream:75 - [STDERR_REDIRECT] 
2025-03-02 14:59:22,255 [ERROR] LogOutputStream:75 - [STDERR_REDIRECT] [Fatal Error] :1:1: Premature end of file.
2025-03-02 14:59:22,255 [ERROR] LogOutputStream:75 - [STDERR_REDIRECT] 
2025-03-02 14:59:23,264 [ERROR] LogOutputStream:75 - [STDERR_REDIRECT] [Fatal Error] :1:1: Premature end of file.
2025-03-02 14:59:23,271 [ERROR] LogOutputStream:75 - [STDERR_REDIRECT] 
2025-03-02 14:59:24,271 [ERROR] LogOutputStream:75 - [STDERR_REDIRECT] [Fatal Error] :1:1: Premature end of file.
2025-03-02 14:59:24,271 [ERROR] LogOutputStream:75 - [STDERR_REDIRECT] 
2025-03-02 14:59:25,266 [ERROR] LogOutputStream:75 - [STDERR_REDIRECT] [Fatal Error] :1:1: Premature end of file.
2025-03-02 14:59:25,266 [ERROR] LogOutputStream:75 - [STDERR_REDIRECT] 
2025-03-02 14:59:26,279 [ERROR] LogOutputStream:75 - [STDERR_REDIRECT] [Fatal Error] :1:1: Premature end of file.
2025-03-02 14:59:26,279 [ERROR] LogOutputStream:75 - [STDERR_REDIRECT] 
2025-03-02 14:59:27,264 [ERROR] LogOutputStream:75 - [STDERR_REDIRECT] [Fatal Error] :1:1: Premature end of file.
2025-03-02 14:59:27,274 [ERROR] LogOutputStream:75 - [STDERR_REDIRECT] 
2025-03-02 14:59:28,267 [ERROR] LogOutputStream:75 - [STDERR_REDIRECT] [Fatal Error] :1:1: Premature end of file.
2025-03-02 14:59:28,267 [ERROR] LogOutputStream:75 - [STDERR_REDIRECT] 
2025-03-02 14:59:29,268 [ERROR] LogOutputStream:75 - [STDERR_REDIRECT] [Fatal Error] :1:1: Premature end of file.
2025-03-02 14:59:29,268 [ERROR] LogOutputStream:75 - [STDERR_REDIRECT] 
2025-03-02 14:59:30,286 [ERROR] LogOutputStream:75 - [STDERR_REDIRECT] [Fatal Error] :1:1: Premature end of file.
2025-03-02 14:59:30,286 [ERROR] LogOutputStream:75 - [STDERR_REDIRECT] 
2025-03-02 14:59:31,267 [ERROR] LogOutputStream:75 - [STDERR_REDIRECT] [Fatal Error] :1:1: Premature end of file.
2025-03-02 14:59:31,267 [ERROR] LogOutputStream:75 - [STDERR_REDIRECT] 
2025-03-02 14:59:32,274 [ERROR] LogOutputStream:75 - [STDERR_REDIRECT] [Fatal Error] :1:1: Premature end of file.
2025-03-02 14:59:32,274 [ERROR] LogOutputStream:75 - [STDERR_REDIRECT] 
2025-03-02 14:59:33,241 [ERROR] LogOutputStream:75 - [STDERR_REDIRECT] [Fatal Error] :1:1: Premature end of file.
2025-03-02 14:59:33,241 [ERROR] LogOutputStream:75 - [STDERR_REDIRECT] 
2025-03-02 14:59:34,249 [ERROR] LogOutputStream:75 - [STDERR_REDIRECT] [Fatal Error] :1:1: Premature end of file.
2025-03-02 14:59:34,249 [ERROR] LogOutputStream:75 - [STDERR_REDIRECT] 
2025-03-02 14:59:35,237 [ERROR] LogOutputStream:75 - [STDERR_REDIRECT] [Fatal Error] :1:1: Premature end of file.
2025-03-02 14:59:35,237 [ERROR] LogOutputStream:75 - [STDERR_REDIRECT] 
2025-03-02 14:59:36,277 [ERROR] LogOutputStream:75 - [STDERR_REDIRECT] [Fatal Error] :1:1: Premature end of file.
2025-03-02 14:59:36,277 [ERROR] LogOutputStream:75 - [STDERR_REDIRECT] 
2025-03-02 14:59:37,268 [ERROR] LogOutputStream:75 - [STDERR_REDIRECT] [Fatal Error] :1:1: Premature end of file.
2025-03-02 14:59:37,268 [ERROR] LogOutputStream:75 - [STDERR_REDIRECT] 
2025-03-02 14:59:38,271 [ERROR] LogOutputStream:75 - [STDERR_REDIRECT] [Fatal Error] :1:1: Premature end of file.
2025-03-02 14:59:38,271 [ERROR] LogOutputStream:75 - [STDERR_REDIRECT] 
2025-03-02 14:59:39,273 [ERROR] LogOutputStream:75 - [STDERR_REDIRECT] [Fatal Error] :1:1: Premature end of file.
2025-03-02 14:59:39,273 [ERROR] LogOutputStream:75 - [STDERR_REDIRECT] 
2025-03-02 14:59:40,275 [ERROR] LogOutputStream:75 - [STDERR_REDIRECT] [Fatal Error] :1:1: Premature end of file.
2025-03-02 14:59:40,275 [ERROR] LogOutputStream:75 - [STDERR_REDIRECT] 
2025-03-02 14:59:41,270 [ERROR] LogOutputStream:75 - [STDERR_REDIRECT] [Fatal Error] :1:1: Premature end of file.
2025-03-02 14:59:41,270 [ERROR] LogOutputStream:75 - [STDERR_REDIRECT] 
2025-03-02 14:59:42,269 [ERROR] LogOutputStream:75 - [STDERR_REDIRECT] [Fatal Error] :1:1: Premature end of file.
2025-03-02 14:59:42,269 [ERROR] LogOutputStream:75 - [STDERR_REDIRECT] 
2025-03-02 14:59:43,272 [ERROR] LogOutputStream:75 - [STDERR_REDIRECT] [Fatal Error] :1:1: Premature end of file.
2025-03-02 14:59:43,272 [ERROR] LogOutputStream:75 - [STDERR_REDIRECT] 
2025-03-02 14:59:44,270 [ERROR] LogOutputStream:75 - [STDERR_REDIRECT] [Fatal Error] :1:1: Premature end of file.
2025-03-02 14:59:44,270 [ERROR] LogOutputStream:75 - [STDERR_REDIRECT] 
2025-03-02 14:59:45,271 [ERROR] LogOutputStream:75 - [STDERR_REDIRECT] [Fatal Error] :1:1: Premature end of file.
2025-03-02 14:59:45,271 [ERROR] LogOutputStream:75 - [STDERR_REDIRECT] 
2025-03-02 14:59:46,270 [ERROR] LogOutputStream:75 - [STDERR_REDIRECT] [Fatal Error] :1:1: Premature end of file.
2025-03-02 14:59:46,270 [ERROR] LogOutputStream:75 - [STDERR_REDIRECT] 
2025-03-02 14:59:47,270 [ERROR] LogOutputStream:75 - [STDERR_REDIRECT] [Fatal Error] :1:1: Premature end of file.
2025-03-02 14:59:47,271 [ERROR] LogOutputStream:75 - [STDERR_REDIRECT] 
2025-03-02 14:59:48,274 [ERROR] LogOutputStream:75 - [STDERR_REDIRECT] [Fatal Error] :1:1: Premature end of file.
2025-03-02 14:59:48,274 [ERROR] LogOutputStream:75 - [STDERR_REDIRECT] 
2025-03-02 14:59:49,265 [ERROR] LogOutputStream:75 - [STDERR_REDIRECT] [Fatal Error] :1:1: Premature end of file.
2025-03-02 14:59:49,265 [ERROR] LogOutputStream:75 - [STDERR_REDIRECT] 
2025-03-02 14:59:50,258 [ERROR] LogOutputStream:75 - [STDERR_REDIRECT] [Fatal Error] :1:1: Premature end of file.
2025-03-02 14:59:50,258 [ERROR] LogOutputStream:75 - [STDERR_REDIRECT] 
2025-03-02 14:59:51,246 [ERROR] LogOutputStream:75 - [STDERR_REDIRECT] [Fatal Error] :1:1: Premature end of file.
2025-03-02 14:59:51,247 [ERROR] LogOutputStream:75 - [STDERR_REDIRECT] 
2025-03-02 14:59:52,274 [ERROR] LogOutputStream:75 - [STDERR_REDIRECT] [Fatal Error] :1:1: Premature end of file.
2025-03-02 14:59:52,274 [ERROR] LogOutputStream:75 - [STDERR_REDIRECT] 
2025-03-02 14:59:53,271 [ERROR] LogOutputStream:75 - [STDERR_REDIRECT] [Fatal Error] :1:1: Premature end of file.
2025-03-02 14:59:53,272 [ERROR] LogOutputStream:75 - [STDERR_REDIRECT] 
2025-03-02 14:59:54,268 [ERROR] LogOutputStream:75 - [STDERR_REDIRECT] [Fatal Error] :1:1: Premature end of file.
2025-03-02 14:59:54,269 [ERROR] LogOutputStream:75 - [STDERR_REDIRECT] 
2025-03-02 14:59:55,260 [ERROR] LogOutputStream:75 - [STDERR_REDIRECT] [Fatal Error] :1:1: Premature end of file.
2025-03-02 14:59:55,261 [ERROR] LogOutputStream:75 - [STDERR_REDIRECT] 
2025-03-02 14:59:56,275 [ERROR] LogOutputStream:75 - [STDERR_REDIRECT] [Fatal Error] :1:1: Premature end of file.
2025-03-02 14:59:56,276 [ERROR] LogOutputStream:75 - [STDERR_REDIRECT] 
2025-03-02 14:59:57,256 [ERROR] LogOutputStream:75 - [STDERR_REDIRECT] [Fatal Error] :1:1: Premature end of file.
2025-03-02 14:59:57,256 [ERROR] LogOutputStream:75 - [STDERR_REDIRECT] 
2025-03-02 14:59:58,281 [ERROR] LogOutputStream:75 - [STDERR_REDIRECT] [Fatal Error] :1:1: Premature end of file.
2025-03-02 14:59:58,282 [ERROR] LogOutputStream:75 - [STDERR_REDIRECT] 
2025-03-02 14:59:59,274 [ERROR] LogOutputStream:75 - [STDERR_REDIRECT] [Fatal Error] :1:1: Premature end of file.
2025-03-02 14:59:59,275 [ERROR] LogOutputStream:75 - [STDERR_REDIRECT] 
2025-03-02 15:00:00,255 [ERROR] LogOutputStream:75 - [STDERR_REDIRECT] [Fatal Error] :1:1: Premature end of file.
2025-03-02 15:00:00,255 [ERROR] LogOutputStream:75 - [STDERR_REDIRECT] 
2025-03-02 15:00:01,266 [ERROR] LogOutputStream:75 - [STDERR_REDIRECT] [Fatal Error] :1:1: Premature end of file.
2025-03-02 15:00:01,266 [ERROR] LogOutputStream:75 - [STDERR_REDIRECT] 
2025-03-02 15:00:02,269 [ERROR] LogOutputStream:75 - [STDERR_REDIRECT] [Fatal Error] :1:1: Premature end of file.
2025-03-02 15:00:02,270 [ERROR] LogOutputStream:75 - [STDERR_REDIRECT] 
2025-03-02 15:00:03,274 [ERROR] LogOutputStream:75 - [STDERR_REDIRECT] [Fatal Error] :1:1: Premature end of file.
2025-03-02 15:00:03,274 [ERROR] LogOutputStream:75 - [STDERR_REDIRECT] 
2025-03-02 15:00:04,271 [ERROR] LogOutputStream:75 - [STDERR_REDIRECT] [Fatal Error] :1:1: Premature end of file.
2025-03-02 15:00:04,271 [ERROR] LogOutputStream:75 - [STDERR_REDIRECT] 
2025-03-02 15:00:05,257 [ERROR] LogOutputStream:75 - [STDERR_REDIRECT] [Fatal Error] :1:1: Premature end of file.
2025-03-02 15:00:05,257 [ERROR] LogOutputStream:75 - [STDERR_REDIRECT] 
2025-03-02 15:00:06,270 [ERROR] LogOutputStream:75 - [STDERR_REDIRECT] [Fatal Error] :1:1: Premature end of file.
2025-03-02 15:00:06,270 [ERROR] LogOutputStream:75 - [STDERR_REDIRECT] 
2025-03-02 15:00:07,275 [ERROR] LogOutputStream:75 - [STDERR_REDIRECT] [Fatal Error] :1:1: Premature end of file.
2025-03-02 15:00:07,275 [ERROR] LogOutputStream:75 - [STDERR_REDIRECT] 
2025-03-02 15:00:08,271 [ERROR] LogOutputStream:75 - [STDERR_REDIRECT] [Fatal Error] :1:1: Premature end of file.
2025-03-02 15:00:08,271 [ERROR] LogOutputStream:75 - [STDERR_REDIRECT] 
2025-03-02 15:00:09,248 [ERROR] LogOutputStream:75 - [STDERR_REDIRECT] [Fatal Error] :1:1: Premature end of file.
2025-03-02 15:00:09,248 [ERROR] LogOutputStream:75 - [STDERR_REDIRECT] 
2025-03-02 15:00:10,271 [ERROR] LogOutputStream:75 - [STDERR_REDIRECT] [Fatal Error] :1:1: Premature end of file.
2025-03-02 15:00:10,272 [ERROR] LogOutputStream:75 - [STDERR_REDIRECT] 
2025-03-02 15:00:11,270 [ERROR] LogOutputStream:75 - [STDERR_REDIRECT] [Fatal Error] :1:1: Premature end of file.
2025-03-02 15:00:11,270 [ERROR] LogOutputStream:75 - [STDERR_REDIRECT] 
2025-03-02 15:00:12,268 [ERROR] LogOutputStream:75 - [STDERR_REDIRECT] [Fatal Error] :1:1: Premature end of file.
2025-03-02 15:00:12,269 [ERROR] LogOutputStream:75 - [STDERR_REDIRECT] 
2025-03-02 15:00:13,276 [ERROR] LogOutputStream:75 - [STDERR_REDIRECT] [Fatal Error] :1:1: Premature end of file.
2025-03-02 15:00:13,276 [ERROR] LogOutputStream:75 - [STDERR_REDIRECT] 
2025-03-02 15:00:14,269 [ERROR] LogOutputStream:75 - [STDERR_REDIRECT] [Fatal Error] :1:1: Premature end of file.
2025-03-02 15:00:14,269 [ERROR] LogOutputStream:75 - [STDERR_REDIRECT] 
2025-03-02 15:00:15,270 [ERROR] LogOutputStream:75 - [STDERR_REDIRECT] [Fatal Error] :1:1: Premature end of file.
2025-03-02 15:00:15,271 [ERROR] LogOutputStream:75 - [STDERR_REDIRECT] 
2025-03-02 15:00:16,268 [ERROR] LogOutputStream:75 - [STDERR_REDIRECT] [Fatal Error] :1:1: Premature end of file.
2025-03-02 15:00:16,268 [ERROR] LogOutputStream:75 - [STDERR_REDIRECT] 
2025-03-02 15:00:17,269 [ERROR] LogOutputStream:75 - [STDERR_REDIRECT] [Fatal Error] :1:1: Premature end of file.
2025-03-02 15:00:17,270 [ERROR] LogOutputStream:75 - [STDERR_REDIRECT] 
2025-03-02 15:00:18,270 [ERROR] LogOutputStream:75 - [STDERR_REDIRECT] [Fatal Error] :1:1: Premature end of file.
2025-03-02 15:00:18,271 [ERROR] LogOutputStream:75 - [STDERR_REDIRECT] 
2025-03-02 15:00:19,274 [ERROR] LogOutputStream:75 - [STDERR_REDIRECT] [Fatal Error] :1:1: Premature end of file.
2025-03-02 15:00:19,274 [ERROR] LogOutputStream:75 - [STDERR_REDIRECT] 
2025-03-02 15:00:20,269 [ERROR] LogOutputStream:75 - [STDERR_REDIRECT] [Fatal Error] :1:1: Premature end of file.
2025-03-02 15:00:20,269 [ERROR] LogOutputStream:75 - [STDERR_REDIRECT] 
2025-03-02 15:00:21,269 [ERROR] LogOutputStream:75 - [STDERR_REDIRECT] [Fatal Error] :1:1: Premature end of file.
2025-03-02 15:00:21,269 [ERROR] LogOutputStream:75 - [STDERR_REDIRECT] 
2025-03-02 15:00:22,271 [ERROR] LogOutputStream:75 - [STDERR_REDIRECT] [Fatal Error] :1:1: Premature end of file.
2025-03-02 15:00:22,271 [ERROR] LogOutputStream:75 - [STDERR_REDIRECT] 
2025-03-02 15:00:23,268 [ERROR] LogOutputStream:75 - [STDERR_REDIRECT] [Fatal Error] :1:1: Premature end of file.
2025-03-02 15:00:23,269 [ERROR] LogOutputStream:75 - [STDERR_REDIRECT] 
2025-03-02 15:00:24,254 [ERROR] LogOutputStream:75 - [STDERR_REDIRECT] [Fatal Error] :1:1: Premature end of file.
2025-03-02 15:00:24,254 [ERROR] LogOutputStream:75 - [STDERR_REDIRECT] 
2025-03-02 15:00:25,257 [ERROR] LogOutputStream:75 - [STDERR_REDIRECT] [Fatal Error] :1:1: Premature end of file.
2025-03-02 15:00:25,257 [ERROR] LogOutputStream:75 - [STDERR_REDIRECT] 
2025-03-02 15:00:26,266 [ERROR] LogOutputStream:75 - [STDERR_REDIRECT] [Fatal Error] :1:1: Premature end of file.
2025-03-02 15:00:26,266 [ERROR] LogOutputStream:75 - [STDERR_REDIRECT] 
2025-03-02 15:00:27,266 [ERROR] LogOutputStream:75 - [STDERR_REDIRECT] [Fatal Error] :1:1: Premature end of file.
2025-03-02 15:00:27,266 [ERROR] LogOutputStream:75 - [STDERR_REDIRECT] 
2025-03-02 15:00:28,281 [ERROR] LogOutputStream:75 - [STDERR_REDIRECT] [Fatal Error] :1:1: Premature end of file.
2025-03-02 15:00:28,281 [ERROR] LogOutputStream:75 - [STDERR_REDIRECT] 
2025-03-02 15:00:29,276 [ERROR] LogOutputStream:75 - [STDERR_REDIRECT] [Fatal Error] :1:1: Premature end of file.
2025-03-02 15:00:29,276 [ERROR] LogOutputStream:75 - [STDERR_REDIRECT] 
2025-03-02 15:00:30,282 [ERROR] LogOutputStream:75 - [STDERR_REDIRECT] [Fatal Error] :1:1: Premature end of file.
2025-03-02 15:00:30,282 [ERROR] LogOutputStream:75 - [STDERR_REDIRECT] 
2025-03-02 15:00:31,268 [ERROR] LogOutputStream:75 - [STDERR_REDIRECT] [Fatal Error] :1:1: Premature end of file.
2025-03-02 15:00:31,270 [ERROR] LogOutputStream:75 - [STDERR_REDIRECT] 
2025-03-02 15:00:32,281 [ERROR] LogOutputStream:75 - [STDERR_REDIRECT] [Fatal Error] :1:1: Premature end of file.
2025-03-02 15:00:32,281 [ERROR] LogOutputStream:75 - [STDERR_REDIRECT] 
2025-03-02 15:00:33,276 [ERROR] LogOutputStream:75 - [STDERR_REDIRECT] [Fatal Error] :1:1: Premature end of file.
2025-03-02 15:00:33,276 [ERROR] LogOutputStream:75 - [STDERR_REDIRECT] 
2025-03-02 15:00:34,266 [ERROR] LogOutputStream:75 - [STDERR_REDIRECT] [Fatal Error] :1:1: Premature end of file.
2025-03-02 15:00:34,266 [ERROR] LogOutputStream:75 - [STDERR_REDIRECT] 
2025-03-02 15:00:35,253 [ERROR] LogOutputStream:75 - [STDERR_REDIRECT] [Fatal Error] :1:1: Premature end of file.
2025-03-02 15:00:35,253 [ERROR] LogOutputStream:75 - [STDERR_REDIRECT] 
2025-03-02 15:00:36,279 [ERROR] LogOutputStream:75 - [STDERR_REDIRECT] [Fatal Error] :1:1: Premature end of file.
2025-03-02 15:00:36,279 [ERROR] LogOutputStream:75 - [STDERR_REDIRECT] 
2025-03-02 15:00:37,250 [ERROR] LogOutputStream:75 - [STDERR_REDIRECT] [Fatal Error] :1:1: Premature end of file.
2025-03-02 15:00:37,250 [ERROR] LogOutputStream:75 - [STDERR_REDIRECT] 
2025-03-02 15:00:38,247 [ERROR] LogOutputStream:75 - [STDERR_REDIRECT] [Fatal Error] :1:1: Premature end of file.
2025-03-02 15:00:38,247 [ERROR] LogOutputStream:75 - [STDERR_REDIRECT] 
2025-03-02 15:00:39,266 [ERROR] LogOutputStream:75 - [STDERR_REDIRECT] [Fatal Error] :1:1: Premature end of file.
2025-03-02 15:00:39,266 [ERROR] LogOutputStream:75 - [STDERR_REDIRECT] 
2025-03-02 15:00:40,250 [ERROR] LogOutputStream:75 - [STDERR_REDIRECT] [Fatal Error] :1:1: Premature end of file.
2025-03-02 15:00:40,250 [ERROR] LogOutputStream:75 - [STDERR_REDIRECT] 
2025-03-02 15:00:41,266 [ERROR] LogOutputStream:75 - [STDERR_REDIRECT] [Fatal Error] :1:1: Premature end of file.
2025-03-02 15:00:41,266 [ERROR] LogOutputStream:75 - [STDERR_REDIRECT] 
2025-03-02 15:00:42,261 [ERROR] LogOutputStream:75 - [STDERR_REDIRECT] [Fatal Error] :1:1: Premature end of file.
2025-03-02 15:00:42,261 [ERROR] LogOutputStream:75 - [STDERR_REDIRECT] 
2025-03-02 15:00:43,270 [ERROR] LogOutputStream:75 - [STDERR_REDIRECT] [Fatal Error] :1:1: Premature end of file.
2025-03-02 15:00:43,276 [ERROR] LogOutputStream:75 - [STDERR_REDIRECT] 
2025-03-02 15:00:44,251 [ERROR] LogOutputStream:75 - [STDERR_REDIRECT] [Fatal Error] :1:1: Premature end of file.
2025-03-02 15:00:44,251 [ERROR] LogOutputStream:75 - [STDERR_REDIRECT] 
2025-03-02 15:00:45,263 [ERROR] LogOutputStream:75 - [STDERR_REDIRECT] [Fatal Error] :1:1: Premature end of file.
2025-03-02 15:00:45,263 [ERROR] LogOutputStream:75 - [STDERR_REDIRECT] 
2025-03-02 15:00:46,261 [ERROR] LogOutputStream:75 - [STDERR_REDIRECT] [Fatal Error] :1:1: Premature end of file.
2025-03-02 15:00:46,261 [ERROR] LogOutputStream:75 - [STDERR_REDIRECT] 
2025-03-02 15:00:47,263 [ERROR] LogOutputStream:75 - [STDERR_REDIRECT] [Fatal Error] :1:1: Premature end of file.
2025-03-02 15:00:47,263 [ERROR] LogOutputStream:75 - [STDERR_REDIRECT] 
2025-03-02 15:00:48,254 [ERROR] LogOutputStream:75 - [STDERR_REDIRECT] [Fatal Error] :1:1: Premature end of file.
2025-03-02 15:00:48,254 [ERROR] LogOutputStream:75 - [STDERR_REDIRECT] 
2025-03-02 15:00:49,273 [ERROR] LogOutputStream:75 - [STDERR_REDIRECT] [Fatal Error] :1:1: Premature end of file.
2025-03-02 15:00:49,273 [ERROR] LogOutputStream:75 - [STDERR_REDIRECT] 
2025-03-02 15:00:50,286 [ERROR] LogOutputStream:75 - [STDERR_REDIRECT] [Fatal Error] :1:1: Premature end of file.
2025-03-02 15:00:50,286 [ERROR] LogOutputStream:75 - [STDERR_REDIRECT] 
2025-03-02 15:00:51,269 [ERROR] LogOutputStream:75 - [STDERR_REDIRECT] [Fatal Error] :1:1: Premature end of file.
2025-03-02 15:00:51,271 [ERROR] LogOutputStream:75 - [STDERR_REDIRECT] 
2025-03-02 15:00:52,267 [ERROR] LogOutputStream:75 - [STDERR_REDIRECT] [Fatal Error] :1:1: Premature end of file.
2025-03-02 15:00:52,267 [ERROR] LogOutputStream:75 - [STDERR_REDIRECT] 
2025-03-02 15:00:53,267 [ERROR] LogOutputStream:75 - [STDERR_REDIRECT] [Fatal Error] :1:1: Premature end of file.
2025-03-02 15:00:53,267 [ERROR] LogOutputStream:75 - [STDERR_REDIRECT] 
2025-03-02 15:00:54,260 [ERROR] LogOutputStream:75 - [STDERR_REDIRECT] [Fatal Error] :1:1: Premature end of file.
2025-03-02 15:00:54,260 [ERROR] LogOutputStream:75 - [STDERR_REDIRECT] 
2025-03-02 15:00:55,253 [ERROR] LogOutputStream:75 - [STDERR_REDIRECT] [Fatal Error] :1:1: Premature end of file.
2025-03-02 15:00:55,253 [ERROR] LogOutputStream:75 - [STDERR_REDIRECT] 
2025-03-02 15:00:56,261 [ERROR] LogOutputStream:75 - [STDERR_REDIRECT] [Fatal Error] :1:1: Premature end of file.
2025-03-02 15:00:56,261 [ERROR] LogOutputStream:75 - [STDERR_REDIRECT] 
2025-03-02 15:00:57,261 [ERROR] LogOutputStream:75 - [STDERR_REDIRECT] [Fatal Error] :1:1: Premature end of file.
2025-03-02 15:00:57,261 [ERROR] LogOutputStream:75 - [STDERR_REDIRECT] 
2025-03-02 15:00:58,256 [ERROR] LogOutputStream:75 - [STDERR_REDIRECT] [Fatal Error] :1:1: Premature end of file.
2025-03-02 15:00:58,256 [ERROR] LogOutputStream:75 - [STDERR_REDIRECT] 
2025-03-02 15:00:59,269 [ERROR] LogOutputStream:75 - [STDERR_REDIRECT] [Fatal Error] :1:1: Premature end of file.
2025-03-02 15:00:59,271 [ERROR] LogOutputStream:75 - [STDERR_REDIRECT] 
2025-03-02 15:01:00,254 [ERROR] LogOutputStream:75 - [STDERR_REDIRECT] [Fatal Error] :1:1: Premature end of file.
2025-03-02 15:01:00,254 [ERROR] LogOutputStream:75 - [STDERR_REDIRECT] 
2025-03-02 15:01:01,282 [ERROR] LogOutputStream:75 - [STDERR_REDIRECT] [Fatal Error] :1:1: Premature end of file.
2025-03-02 15:01:01,282 [ERROR] LogOutputStream:75 - [STDERR_REDIRECT] 
2025-03-02 15:01:02,254 [ERROR] LogOutputStream:75 - [STDERR_REDIRECT] [Fatal Error] :1:1: Premature end of file.
2025-03-02 15:01:02,254 [ERROR] LogOutputStream:75 - [STDERR_REDIRECT] 
2025-03-02 15:01:03,275 [ERROR] LogOutputStream:75 - [STDERR_REDIRECT] [Fatal Error] :1:1: Premature end of file.
2025-03-02 15:01:03,275 [ERROR] LogOutputStream:75 - [STDERR_REDIRECT] 
2025-03-02 15:01:04,278 [ERROR] LogOutputStream:75 - [STDERR_REDIRECT] [Fatal Error] :1:1: Premature end of file.
2025-03-02 15:01:04,278 [ERROR] LogOutputStream:75 - [STDERR_REDIRECT] 
2025-03-02 15:01:05,273 [ERROR] LogOutputStream:75 - [STDERR_REDIRECT] [Fatal Error] :1:1: Premature end of file.
2025-03-02 15:01:05,281 [ERROR] LogOutputStream:75 - [STDERR_REDIRECT] 
2025-03-02 15:01:06,266 [ERROR] LogOutputStream:75 - [STDERR_REDIRECT] [Fatal Error] :1:1: Premature end of file.
2025-03-02 15:01:06,266 [ERROR] LogOutputStream:75 - [STDERR_REDIRECT] 
2025-03-02 15:01:07,267 [ERROR] LogOutputStream:75 - [STDERR_REDIRECT] [Fatal Error] :1:1: Premature end of file.
2025-03-02 15:01:07,267 [ERROR] LogOutputStream:75 - [STDERR_REDIRECT] 
2025-03-02 15:01:08,293 [ERROR] LogOutputStream:75 - [STDERR_REDIRECT] [Fatal Error] :1:1: Premature end of file.
2025-03-02 15:01:08,293 [ERROR] LogOutputStream:75 - [STDERR_REDIRECT] 
2025-03-02 15:01:09,253 [ERROR] LogOutputStream:75 - [STDERR_REDIRECT] [Fatal Error] :1:1: Premature end of file.
2025-03-02 15:01:09,253 [ERROR] LogOutputStream:75 - [STDERR_REDIRECT] 
2025-03-02 15:01:10,250 [ERROR] LogOutputStream:75 - [STDERR_REDIRECT] [Fatal Error] :1:1: Premature end of file.
2025-03-02 15:01:10,250 [ERROR] LogOutputStream:75 - [STDERR_REDIRECT] 
2025-03-02 15:01:11,273 [ERROR] LogOutputStream:75 - [STDERR_REDIRECT] [Fatal Error] :1:1: Premature end of file.
2025-03-02 15:01:11,273 [ERROR] LogOutputStream:75 - [STDERR_REDIRECT] 
2025-03-02 15:01:12,265 [ERROR] LogOutputStream:75 - [STDERR_REDIRECT] [Fatal Error] :1:1: Premature end of file.
2025-03-02 15:01:12,265 [ERROR] LogOutputStream:75 - [STDERR_REDIRECT] 
2025-03-02 15:01:13,267 [ERROR] LogOutputStream:75 - [STDERR_REDIRECT] [Fatal Error] :1:1: Premature end of file.
2025-03-02 15:01:13,267 [ERROR] LogOutputStream:75 - [STDERR_REDIRECT] 
2025-03-02 15:01:14,286 [ERROR] LogOutputStream:75 - [STDERR_REDIRECT] [Fatal Error] :1:1: Premature end of file.
2025-03-02 15:01:14,286 [ERROR] LogOutputStream:75 - [STDERR_REDIRECT] 
2025-03-02 15:01:15,252 [ERROR] LogOutputStream:75 - [STDERR_REDIRECT] [Fatal Error] :1:1: Premature end of file.
2025-03-02 15:01:15,252 [ERROR] LogOutputStream:75 - [STDERR_REDIRECT] 
2025-03-02 15:01:16,261 [ERROR] LogOutputStream:75 - [STDERR_REDIRECT] [Fatal Error] :1:1: Premature end of file.
2025-03-02 15:01:16,261 [ERROR] LogOutputStream:75 - [STDERR_REDIRECT] 
2025-03-02 15:01:17,255 [ERROR] LogOutputStream:75 - [STDERR_REDIRECT] [Fatal Error] :1:1: Premature end of file.
2025-03-02 15:01:17,255 [ERROR] LogOutputStream:75 - [STDERR_REDIRECT] 
2025-03-02 15:01:18,250 [ERROR] LogOutputStream:75 - [STDERR_REDIRECT] [Fatal Error] :1:1: Premature end of file.
2025-03-02 15:01:18,250 [ERROR] LogOutputStream:75 - [STDERR_REDIRECT] 
2025-03-02 15:01:19,278 [ERROR] LogOutputStream:75 - [STDERR_REDIRECT] [Fatal Error] :1:1: Premature end of file.
2025-03-02 15:01:19,278 [ERROR] LogOutputStream:75 - [STDERR_REDIRECT] 
2025-03-02 15:01:20,277 [ERROR] LogOutputStream:75 - [STDERR_REDIRECT] [Fatal Error] :1:1: Premature end of file.
2025-03-02 15:01:20,279 [ERROR] LogOutputStream:75 - [STDERR_REDIRECT] 
2025-03-02 15:01:21,279 [ERROR] LogOutputStream:75 - [STDERR_REDIRECT] [Fatal Error] :1:1: Premature end of file.
2025-03-02 15:01:21,279 [ERROR] LogOutputStream:75 - [STDERR_REDIRECT] 
2025-03-02 15:01:22,277 [ERROR] LogOutputStream:75 - [STDERR_REDIRECT] [Fatal Error] :1:1: Premature end of file.
2025-03-02 15:01:22,277 [ERROR] LogOutputStream:75 - [STDERR_REDIRECT] 
2025-03-02 15:01:23,270 [ERROR] LogOutputStream:75 - [STDERR_REDIRECT] [Fatal Error] :1:1: Premature end of file.
2025-03-02 15:01:23,270 [ERROR] LogOutputStream:75 - [STDERR_REDIRECT] 
2025-03-02 15:01:24,274 [ERROR] LogOutputStream:75 - [STDERR_REDIRECT] [Fatal Error] :1:1: Premature end of file.
2025-03-02 15:01:24,274 [ERROR] LogOutputStream:75 - [STDERR_REDIRECT] 
2025-03-02 15:01:25,253 [ERROR] LogOutputStream:75 - [STDERR_REDIRECT] [Fatal Error] :1:1: Premature end of file.
2025-03-02 15:01:25,253 [ERROR] LogOutputStream:75 - [STDERR_REDIRECT] 
2025-03-02 15:01:26,253 [ERROR] LogOutputStream:75 - [STDERR_REDIRECT] [Fatal Error] :1:1: Premature end of file.
2025-03-02 15:01:26,253 [ERROR] LogOutputStream:75 - [STDERR_REDIRECT] 
2025-03-02 15:01:27,249 [ERROR] LogOutputStream:75 - [STDERR_REDIRECT] [Fatal Error] :1:1: Premature end of file.
2025-03-02 15:01:27,251 [ERROR] LogOutputStream:75 - [STDERR_REDIRECT] 
2025-03-02 15:01:28,257 [ERROR] LogOutputStream:75 - [STDERR_REDIRECT] [Fatal Error] :1:1: Premature end of file.
2025-03-02 15:01:28,257 [ERROR] LogOutputStream:75 - [STDERR_REDIRECT] 
2025-03-02 15:01:29,255 [ERROR] LogOutputStream:75 - [STDERR_REDIRECT] [Fatal Error] :1:1: Premature end of file.
2025-03-02 15:01:29,255 [ERROR] LogOutputStream:75 - [STDERR_REDIRECT] 
2025-03-02 15:01:30,274 [ERROR] LogOutputStream:75 - [STDERR_REDIRECT] [Fatal Error] :1:1: Premature end of file.
2025-03-02 15:01:30,274 [ERROR] LogOutputStream:75 - [STDERR_REDIRECT] 
2025-03-02 15:01:31,275 [ERROR] LogOutputStream:75 - [STDERR_REDIRECT] [Fatal Error] :1:1: Premature end of file.
2025-03-02 15:01:31,275 [ERROR] LogOutputStream:75 - [STDERR_REDIRECT] 
2025-03-02 15:01:32,256 [ERROR] LogOutputStream:75 - [STDERR_REDIRECT] [Fatal Error] :1:1: Premature end of file.
2025-03-02 15:01:32,256 [ERROR] LogOutputStream:75 - [STDERR_REDIRECT] 
2025-03-02 15:01:33,286 [ERROR] LogOutputStream:75 - [STDERR_REDIRECT] [Fatal Error] :1:1: Premature end of file.
2025-03-02 15:01:33,286 [ERROR] LogOutputStream:75 - [STDERR_REDIRECT] 
2025-03-02 15:01:34,275 [ERROR] LogOutputStream:75 - [STDERR_REDIRECT] [Fatal Error] :1:1: Premature end of file.
2025-03-02 15:01:34,275 [ERROR] LogOutputStream:75 - [STDERR_REDIRECT] 
2025-03-02 15:01:35,250 [ERROR] LogOutputStream:75 - [STDERR_REDIRECT] [Fatal Error] :1:1: Premature end of file.
2025-03-02 15:01:35,251 [ERROR] LogOutputStream:75 - [STDERR_REDIRECT] 
2025-03-02 15:01:36,278 [ERROR] LogOutputStream:75 - [STDERR_REDIRECT] [Fatal Error] :1:1: Premature end of file.
2025-03-02 15:01:36,278 [ERROR] LogOutputStream:75 - [STDERR_REDIRECT] 
2025-03-02 15:01:37,274 [ERROR] LogOutputStream:75 - [STDERR_REDIRECT] [Fatal Error] :1:1: Premature end of file.
2025-03-02 15:01:37,274 [ERROR] LogOutputStream:75 - [STDERR_REDIRECT] 
2025-03-02 15:01:38,276 [ERROR] LogOutputStream:75 - [STDERR_REDIRECT] [Fatal Error] :1:1: Premature end of file.
2025-03-02 15:01:38,276 [ERROR] LogOutputStream:75 - [STDERR_REDIRECT] 
2025-03-02 15:01:39,259 [ERROR] LogOutputStream:75 - [STDERR_REDIRECT] [Fatal Error] :1:1: Premature end of file.
2025-03-02 15:01:39,259 [ERROR] LogOutputStream:75 - [STDERR_REDIRECT] 
2025-03-02 15:01:40,274 [ERROR] LogOutputStream:75 - [STDERR_REDIRECT] [Fatal Error] :1:1: Premature end of file.
2025-03-02 15:01:40,274 [ERROR] LogOutputStream:75 - [STDERR_REDIRECT] 
2025-03-02 15:01:41,275 [ERROR] LogOutputStream:75 - [STDERR_REDIRECT] [Fatal Error] :1:1: Premature end of file.
2025-03-02 15:01:41,275 [ERROR] LogOutputStream:75 - [STDERR_REDIRECT] 
2025-03-02 15:01:42,266 [ERROR] LogOutputStream:75 - [STDERR_REDIRECT] [Fatal Error] :1:1: Premature end of file.
2025-03-02 15:01:42,266 [ERROR] LogOutputStream:75 - [STDERR_REDIRECT] 
2025-03-02 15:01:43,265 [ERROR] LogOutputStream:75 - [STDERR_REDIRECT] [Fatal Error] :1:1: Premature end of file.
2025-03-02 15:01:43,265 [ERROR] LogOutputStream:75 - [STDERR_REDIRECT] 
2025-03-02 15:01:44,268 [ERROR] LogOutputStream:75 - [STDERR_REDIRECT] [Fatal Error] :1:1: Premature end of file.
2025-03-02 15:01:44,268 [ERROR] LogOutputStream:75 - [STDERR_REDIRECT] 
2025-03-02 15:01:45,262 [ERROR] LogOutputStream:75 - [STDERR_REDIRECT] [Fatal Error] :1:1: Premature end of file.
2025-03-02 15:01:45,262 [ERROR] LogOutputStream:75 - [STDERR_REDIRECT] 
2025-03-02 15:01:46,271 [ERROR] LogOutputStream:75 - [STDERR_REDIRECT] [Fatal Error] :1:1: Premature end of file.
2025-03-02 15:01:46,271 [ERROR] LogOutputStream:75 - [STDERR_REDIRECT] 
2025-03-02 15:01:47,262 [ERROR] LogOutputStream:75 - [STDERR_REDIRECT] [Fatal Error] :1:1: Premature end of file.
2025-03-02 15:01:47,262 [ERROR] LogOutputStream:75 - [STDERR_REDIRECT] 
2025-03-02 15:01:48,289 [ERROR] LogOutputStream:75 - [STDERR_REDIRECT] [Fatal Error] :1:1: Premature end of file.
2025-03-02 15:01:48,289 [ERROR] LogOutputStream:75 - [STDERR_REDIRECT] 
2025-03-02 15:01:49,271 [ERROR] LogOutputStream:75 - [STDERR_REDIRECT] [Fatal Error] :1:1: Premature end of file.
2025-03-02 15:01:49,271 [ERROR] LogOutputStream:75 - [STDERR_REDIRECT] 
2025-03-02 15:01:50,252 [ERROR] LogOutputStream:75 - [STDERR_REDIRECT] [Fatal Error] :1:1: Premature end of file.
2025-03-02 15:01:50,252 [ERROR] LogOutputStream:75 - [STDERR_REDIRECT] 
2025-03-02 15:01:51,243 [ERROR] LogOutputStream:75 - [STDERR_REDIRECT] [Fatal Error] :1:1: Premature end of file.
2025-03-02 15:01:51,243 [ERROR] LogOutputStream:75 - [STDERR_REDIRECT] 
2025-03-02 15:01:52,254 [ERROR] LogOutputStream:75 - [STDERR_REDIRECT] [Fatal Error] :1:1: Premature end of file.
2025-03-02 15:01:52,254 [ERROR] LogOutputStream:75 - [STDERR_REDIRECT] 
2025-03-02 15:01:53,279 [ERROR] LogOutputStream:75 - [STDERR_REDIRECT] [Fatal Error] :1:1: Premature end of file.
2025-03-02 15:01:53,279 [ERROR] LogOutputStream:75 - [STDERR_REDIRECT] 
2025-03-02 15:01:54,250 [ERROR] LogOutputStream:75 - [STDERR_REDIRECT] [Fatal Error] :1:1: Premature end of file.
2025-03-02 15:01:54,250 [ERROR] LogOutputStream:75 - [STDERR_REDIRECT] 
2025-03-02 15:01:55,257 [ERROR] LogOutputStream:75 - [STDERR_REDIRECT] [Fatal Error] :1:1: Premature end of file.
2025-03-02 15:01:55,257 [ERROR] LogOutputStream:75 - [STDERR_REDIRECT] 
2025-03-02 15:01:56,284 [ERROR] LogOutputStream:75 - [STDERR_REDIRECT] [Fatal Error] :1:1: Premature end of file.
2025-03-02 15:01:56,284 [ERROR] LogOutputStream:75 - [STDERR_REDIRECT] 
2025-03-02 15:01:57,300 [ERROR] LogOutputStream:75 - [STDERR_REDIRECT] [Fatal Error] :1:1: Premature end of file.
2025-03-02 15:01:57,300 [ERROR] LogOutputStream:75 - [STDERR_REDIRECT] 
2025-03-02 15:01:58,265 [ERROR] LogOutputStream:75 - [STDERR_REDIRECT] [Fatal Error] :1:1: Premature end of file.
2025-03-02 15:01:58,265 [ERROR] LogOutputStream:75 - [STDERR_REDIRECT] 
2025-03-02 15:01:59,273 [ERROR] LogOutputStream:75 - [STDERR_REDIRECT] [Fatal Error] :1:1: Premature end of file.
2025-03-02 15:01:59,273 [ERROR] LogOutputStream:75 - [STDERR_REDIRECT] 
2025-03-02 15:02:00,284 [ERROR] LogOutputStream:75 - [STDERR_REDIRECT] [Fatal Error] :1:1: Premature end of file.
2025-03-02 15:02:00,284 [ERROR] LogOutputStream:75 - [STDERR_REDIRECT] 
2025-03-02 15:02:01,271 [ERROR] LogOutputStream:75 - [STDERR_REDIRECT] [Fatal Error] :1:1: Premature end of file.
2025-03-02 15:02:01,271 [ERROR] LogOutputStream:75 - [STDERR_REDIRECT] 
2025-03-02 15:02:02,255 [ERROR] LogOutputStream:75 - [STDERR_REDIRECT] [Fatal Error] :1:1: Premature end of file.
2025-03-02 15:02:02,255 [ERROR] LogOutputStream:75 - [STDERR_REDIRECT] 
2025-03-02 15:02:03,287 [ERROR] LogOutputStream:75 - [STDERR_REDIRECT] [Fatal Error] :1:1: Premature end of file.
2025-03-02 15:02:03,287 [ERROR] LogOutputStream:75 - [STDERR_REDIRECT] 
2025-03-02 15:02:04,290 [ERROR] LogOutputStream:75 - [STDERR_REDIRECT] [Fatal Error] :1:1: Premature end of file.
2025-03-02 15:02:04,290 [ERROR] LogOutputStream:75 - [STDERR_REDIRECT] 
2025-03-02 15:02:05,298 [ERROR] LogOutputStream:75 - [STDERR_REDIRECT] [Fatal Error] :1:1: Premature end of file.
2025-03-02 15:02:05,298 [ERROR] LogOutputStream:75 - [STDERR_REDIRECT] 
2025-03-02 15:02:06,286 [ERROR] LogOutputStream:75 - [STDERR_REDIRECT] [Fatal Error] :1:1: Premature end of file.
2025-03-02 15:02:06,286 [ERROR] LogOutputStream:75 - [STDERR_REDIRECT] 
2025-03-02 15:02:07,283 [ERROR] LogOutputStream:75 - [STDERR_REDIRECT] [Fatal Error] :1:1: Premature end of file.
2025-03-02 15:02:07,283 [ERROR] LogOutputStream:75 - [STDERR_REDIRECT] 
2025-03-02 15:02:08,276 [ERROR] LogOutputStream:75 - [STDERR_REDIRECT] [Fatal Error] :1:1: Premature end of file.
2025-03-02 15:02:08,276 [ERROR] LogOutputStream:75 - [STDERR_REDIRECT] 
2025-03-02 15:02:09,277 [ERROR] LogOutputStream:75 - [STDERR_REDIRECT] [Fatal Error] :1:1: Premature end of file.
2025-03-02 15:02:09,277 [ERROR] LogOutputStream:75 - [STDERR_REDIRECT] 
2025-03-02 15:02:10,283 [ERROR] LogOutputStream:75 - [STDERR_REDIRECT] [Fatal Error] :1:1: Premature end of file.
2025-03-02 15:02:10,283 [ERROR] LogOutputStream:75 - [STDERR_REDIRECT] 
2025-03-02 15:02:11,271 [ERROR] LogOutputStream:75 - [STDERR_REDIRECT] [Fatal Error] :1:1: Premature end of file.
2025-03-02 15:02:11,271 [ERROR] LogOutputStream:75 - [STDERR_REDIRECT] 
2025-03-02 15:02:12,285 [ERROR] LogOutputStream:75 - [STDERR_REDIRECT] [Fatal Error] :1:1: Premature end of file.
2025-03-02 15:02:12,285 [ERROR] LogOutputStream:75 - [STDERR_REDIRECT] 
2025-03-02 15:02:13,285 [ERROR] LogOutputStream:75 - [STDERR_REDIRECT] [Fatal Error] :1:1: Premature end of file.
2025-03-02 15:02:13,285 [ERROR] LogOutputStream:75 - [STDERR_REDIRECT] 
2025-03-02 15:02:14,287 [ERROR] LogOutputStream:75 - [STDERR_REDIRECT] [Fatal Error] :1:1: Premature end of file.
2025-03-02 15:02:14,287 [ERROR] LogOutputStream:75 - [STDERR_REDIRECT] 
2025-03-02 15:02:15,289 [ERROR] LogOutputStream:75 - [STDERR_REDIRECT] [Fatal Error] :1:1: Premature end of file.
2025-03-02 15:02:15,289 [ERROR] LogOutputStream:75 - [STDERR_REDIRECT] 
2025-03-02 15:02:16,276 [ERROR] LogOutputStream:75 - [STDERR_REDIRECT] [Fatal Error] :1:1: Premature end of file.
2025-03-02 15:02:16,278 [ERROR] LogOutputStream:75 - [STDERR_REDIRECT] 
2025-03-02 15:02:17,275 [ERROR] LogOutputStream:75 - [STDERR_REDIRECT] [Fatal Error] :1:1: Premature end of file.
2025-03-02 15:02:17,275 [ERROR] LogOutputStream:75 - [STDERR_REDIRECT] 
2025-03-02 15:02:18,279 [ERROR] LogOutputStream:75 - [STDERR_REDIRECT] [Fatal Error] :1:1: Premature end of file.
2025-03-02 15:02:18,279 [ERROR] LogOutputStream:75 - [STDERR_REDIRECT] 
2025-03-02 15:02:19,280 [ERROR] LogOutputStream:75 - [STDERR_REDIRECT] [Fatal Error] :1:1: Premature end of file.
2025-03-02 15:02:19,280 [ERROR] LogOutputStream:75 - [STDERR_REDIRECT] 
2025-03-02 15:02:20,299 [ERROR] LogOutputStream:75 - [STDERR_REDIRECT] [Fatal Error] :1:1: Premature end of file.
2025-03-02 15:02:20,299 [ERROR] LogOutputStream:75 - [STDERR_REDIRECT] 
2025-03-02 15:02:21,284 [ERROR] LogOutputStream:75 - [STDERR_REDIRECT] [Fatal Error] :1:1: Premature end of file.
2025-03-02 15:02:21,284 [ERROR] LogOutputStream:75 - [STDERR_REDIRECT] 
2025-03-02 15:02:22,276 [ERROR] LogOutputStream:75 - [STDERR_REDIRECT] [Fatal Error] :1:1: Premature end of file.
2025-03-02 15:02:22,276 [ERROR] LogOutputStream:75 - [STDERR_REDIRECT] 
2025-03-02 15:02:23,252 [ERROR] LogOutputStream:75 - [STDERR_REDIRECT] [Fatal Error] :1:1: Premature end of file.
2025-03-02 15:02:23,252 [ERROR] LogOutputStream:75 - [STDERR_REDIRECT] 
2025-03-02 15:02:24,281 [ERROR] LogOutputStream:75 - [STDERR_REDIRECT] [Fatal Error] :1:1: Premature end of file.
2025-03-02 15:02:24,281 [ERROR] LogOutputStream:75 - [STDERR_REDIRECT] 
2025-03-02 15:02:25,274 [ERROR] LogOutputStream:75 - [STDERR_REDIRECT] [Fatal Error] :1:1: Premature end of file.
2025-03-02 15:02:25,274 [ERROR] LogOutputStream:75 - [STDERR_REDIRECT] 
2025-03-02 15:02:26,288 [ERROR] LogOutputStream:75 - [STDERR_REDIRECT] [Fatal Error] :1:1: Premature end of file.
2025-03-02 15:02:26,288 [ERROR] LogOutputStream:75 - [STDERR_REDIRECT] 
2025-03-02 15:02:27,304 [ERROR] LogOutputStream:75 - [STDERR_REDIRECT] [Fatal Error] :1:1: Premature end of file.
2025-03-02 15:02:27,304 [ERROR] LogOutputStream:75 - [STDERR_REDIRECT] 
2025-03-02 15:02:28,283 [ERROR] LogOutputStream:75 - [STDERR_REDIRECT] [Fatal Error] :1:1: Premature end of file.
2025-03-02 15:02:28,283 [ERROR] LogOutputStream:75 - [STDERR_REDIRECT] 
2025-03-02 15:02:29,282 [ERROR] LogOutputStream:75 - [STDERR_REDIRECT] [Fatal Error] :1:1: Premature end of file.
2025-03-02 15:02:29,282 [ERROR] LogOutputStream:75 - [STDERR_REDIRECT] 
2025-03-02 15:02:30,286 [ERROR] LogOutputStream:75 - [STDERR_REDIRECT] [Fatal Error] :1:1: Premature end of file.
2025-03-02 15:02:30,286 [ERROR] LogOutputStream:75 - [STDERR_REDIRECT] 
2025-03-02 15:02:31,284 [ERROR] LogOutputStream:75 - [STDERR_REDIRECT] [Fatal Error] :1:1: Premature end of file.
2025-03-02 15:02:31,284 [ERROR] LogOutputStream:75 - [STDERR_REDIRECT] 
2025-03-02 15:02:32,295 [ERROR] LogOutputStream:75 - [STDERR_REDIRECT] [Fatal Error] :1:1: Premature end of file.
2025-03-02 15:02:32,295 [ERROR] LogOutputStream:75 - [STDERR_REDIRECT] 
2025-03-02 15:02:33,283 [ERROR] LogOutputStream:75 - [STDERR_REDIRECT] [Fatal Error] :1:1: Premature end of file.
2025-03-02 15:02:33,283 [ERROR] LogOutputStream:75 - [STDERR_REDIRECT] 
2025-03-02 15:02:34,284 [ERROR] LogOutputStream:75 - [STDERR_REDIRECT] [Fatal Error] :1:1: Premature end of file.
2025-03-02 15:02:34,284 [ERROR] LogOutputStream:75 - [STDERR_REDIRECT] 
2025-03-02 15:02:35,284 [ERROR] LogOutputStream:75 - [STDERR_REDIRECT] [Fatal Error] :1:1: Premature end of file.
2025-03-02 15:02:35,284 [ERROR] LogOutputStream:75 - [STDERR_REDIRECT] 
2025-03-02 15:02:36,281 [ERROR] LogOutputStream:75 - [STDERR_REDIRECT] [Fatal Error] :1:1: Premature end of file.
2025-03-02 15:02:36,281 [ERROR] LogOutputStream:75 - [STDERR_REDIRECT] 
2025-03-02 15:02:37,263 [ERROR] LogOutputStream:75 - [STDERR_REDIRECT] [Fatal Error] :1:1: Premature end of file.
2025-03-02 15:02:37,263 [ERROR] LogOutputStream:75 - [STDERR_REDIRECT] 
2025-03-02 15:02:38,285 [ERROR] LogOutputStream:75 - [STDERR_REDIRECT] [Fatal Error] :1:1: Premature end of file.
2025-03-02 15:02:38,285 [ERROR] LogOutputStream:75 - [STDERR_REDIRECT] 
2025-03-02 15:02:39,288 [ERROR] LogOutputStream:75 - [STDERR_REDIRECT] [Fatal Error] :1:1: Premature end of file.
2025-03-02 15:02:39,288 [ERROR] LogOutputStream:75 - [STDERR_REDIRECT] 
2025-03-02 15:02:40,275 [ERROR] LogOutputStream:75 - [STDERR_REDIRECT] [Fatal Error] :1:1: Premature end of file.
2025-03-02 15:02:40,275 [ERROR] LogOutputStream:75 - [STDERR_REDIRECT] 
2025-03-02 15:02:41,283 [ERROR] LogOutputStream:75 - [STDERR_REDIRECT] [Fatal Error] :1:1: Premature end of file.
2025-03-02 15:02:41,283 [ERROR] LogOutputStream:75 - [STDERR_REDIRECT] 
2025-03-02 15:02:42,281 [ERROR] LogOutputStream:75 - [STDERR_REDIRECT] [Fatal Error] :1:1: Premature end of file.
2025-03-02 15:02:42,281 [ERROR] LogOutputStream:75 - [STDERR_REDIRECT] 
2025-03-02 15:02:43,283 [ERROR] LogOutputStream:75 - [STDERR_REDIRECT] [Fatal Error] :1:1: Premature end of file.
2025-03-02 15:02:43,283 [ERROR] LogOutputStream:75 - [STDERR_REDIRECT] 
2025-03-02 15:02:44,280 [ERROR] LogOutputStream:75 - [STDERR_REDIRECT] [Fatal Error] :1:1: Premature end of file.
2025-03-02 15:02:44,284 [ERROR] LogOutputStream:75 - [STDERR_REDIRECT] 
2025-03-02 15:02:45,268 [ERROR] LogOutputStream:75 - [STDERR_REDIRECT] [Fatal Error] :1:1: Premature end of file.
2025-03-02 15:02:45,268 [ERROR] LogOutputStream:75 - [STDERR_REDIRECT] 
2025-03-02 15:02:46,267 [ERROR] LogOutputStream:75 - [STDERR_REDIRECT] [Fatal Error] :1:1: Premature end of file.
2025-03-02 15:02:46,267 [ERROR] LogOutputStream:75 - [STDERR_REDIRECT] 
2025-03-02 15:02:47,252 [ERROR] LogOutputStream:75 - [STDERR_REDIRECT] [Fatal Error] :1:1: Premature end of file.
2025-03-02 15:02:47,252 [ERROR] LogOutputStream:75 - [STDERR_REDIRECT] 
2025-03-02 15:02:48,278 [ERROR] LogOutputStream:75 - [STDERR_REDIRECT] [Fatal Error] :1:1: Premature end of file.
2025-03-02 15:02:48,278 [ERROR] LogOutputStream:75 - [STDERR_REDIRECT] 
2025-03-02 15:02:49,271 [ERROR] LogOutputStream:75 - [STDERR_REDIRECT] [Fatal Error] :1:1: Premature end of file.
2025-03-02 15:02:49,271 [ERROR] LogOutputStream:75 - [STDERR_REDIRECT] 
2025-03-02 15:02:50,271 [ERROR] LogOutputStream:75 - [STDERR_REDIRECT] [Fatal Error] :1:1: Premature end of file.
2025-03-02 15:02:50,273 [ERROR] LogOutputStream:75 - [STDERR_REDIRECT] 
2025-03-02 15:02:51,253 [ERROR] LogOutputStream:75 - [STDERR_REDIRECT] [Fatal Error] :1:1: Premature end of file.
2025-03-02 15:02:51,253 [ERROR] LogOutputStream:75 - [STDERR_REDIRECT] 
2025-03-02 15:02:52,268 [ERROR] LogOutputStream:75 - [STDERR_REDIRECT] [Fatal Error] :1:1: Premature end of file.
2025-03-02 15:02:52,268 [ERROR] LogOutputStream:75 - [STDERR_REDIRECT] 
2025-03-02 15:02:53,268 [ERROR] LogOutputStream:75 - [STDERR_REDIRECT] [Fatal Error] :1:1: Premature end of file.
2025-03-02 15:02:53,268 [ERROR] LogOutputStream:75 - [STDERR_REDIRECT] 
2025-03-02 15:02:54,269 [ERROR] LogOutputStream:75 - [STDERR_REDIRECT] [Fatal Error] :1:1: Premature end of file.
2025-03-02 15:02:54,269 [ERROR] LogOutputStream:75 - [STDERR_REDIRECT] 
2025-03-02 15:02:55,279 [ERROR] LogOutputStream:75 - [STDERR_REDIRECT] [Fatal Error] :1:1: Premature end of file.
2025-03-02 15:02:55,279 [ERROR] LogOutputStream:75 - [STDERR_REDIRECT] 
2025-03-02 15:02:56,267 [ERROR] LogOutputStream:75 - [STDERR_REDIRECT] [Fatal Error] :1:1: Premature end of file.
2025-03-02 15:02:56,267 [ERROR] LogOutputStream:75 - [STDERR_REDIRECT] 
2025-03-02 15:02:57,271 [ERROR] LogOutputStream:75 - [STDERR_REDIRECT] [Fatal Error] :1:1: Premature end of file.
2025-03-02 15:02:57,271 [ERROR] LogOutputStream:75 - [STDERR_REDIRECT] 
2025-03-02 15:02:58,267 [ERROR] LogOutputStream:75 - [STDERR_REDIRECT] [Fatal Error] :1:1: Premature end of file.
2025-03-02 15:02:58,267 [ERROR] LogOutputStream:75 - [STDERR_REDIRECT] 
2025-03-02 15:02:59,272 [ERROR] LogOutputStream:75 - [STDERR_REDIRECT] [Fatal Error] :1:1: Premature end of file.
2025-03-02 15:02:59,272 [ERROR] LogOutputStream:75 - [STDERR_REDIRECT] 
2025-03-02 15:03:00,271 [ERROR] LogOutputStream:75 - [STDERR_REDIRECT] [Fatal Error] :1:1: Premature end of file.
2025-03-02 15:03:00,271 [ERROR] LogOutputStream:75 - [STDERR_REDIRECT] 
2025-03-02 15:03:01,274 [ERROR] LogOutputStream:75 - [STDERR_REDIRECT] [Fatal Error] :1:1: Premature end of file.
2025-03-02 15:03:01,274 [ERROR] LogOutputStream:75 - [STDERR_REDIRECT] 
2025-03-02 15:03:02,268 [ERROR] LogOutputStream:75 - [STDERR_REDIRECT] [Fatal Error] :1:1: Premature end of file.
2025-03-02 15:03:02,268 [ERROR] LogOutputStream:75 - [STDERR_REDIRECT] 
2025-03-02 15:03:03,288 [ERROR] LogOutputStream:75 - [STDERR_REDIRECT] [Fatal Error] :1:1: Premature end of file.
2025-03-02 15:03:03,288 [ERROR] LogOutputStream:75 - [STDERR_REDIRECT] 
2025-03-02 15:03:04,270 [ERROR] LogOutputStream:75 - [STDERR_REDIRECT] [Fatal Error] :1:1: Premature end of file.
2025-03-02 15:03:04,270 [ERROR] LogOutputStream:75 - [STDERR_REDIRECT] 
2025-03-02 15:03:05,279 [ERROR] LogOutputStream:75 - [STDERR_REDIRECT] [Fatal Error] :1:1: Premature end of file.
2025-03-02 15:03:05,279 [ERROR] LogOutputStream:75 - [STDERR_REDIRECT] 
2025-03-02 15:03:06,263 [ERROR] LogOutputStream:75 - [STDERR_REDIRECT] [Fatal Error] :1:1: Premature end of file.
2025-03-02 15:03:06,269 [ERROR] LogOutputStream:75 - [STDERR_REDIRECT] 
2025-03-02 15:03:07,247 [ERROR] LogOutputStream:75 - [STDERR_REDIRECT] [Fatal Error] :1:1: Premature end of file.
2025-03-02 15:03:07,247 [ERROR] LogOutputStream:75 - [STDERR_REDIRECT] 
2025-03-02 15:03:08,270 [ERROR] LogOutputStream:75 - [STDERR_REDIRECT] [Fatal Error] :1:1: Premature end of file.
2025-03-02 15:03:08,270 [ERROR] LogOutputStream:75 - [STDERR_REDIRECT] 
2025-03-02 15:03:09,269 [ERROR] LogOutputStream:75 - [STDERR_REDIRECT] [Fatal Error] :1:1: Premature end of file.
2025-03-02 15:03:09,269 [ERROR] LogOutputStream:75 - [STDERR_REDIRECT] 
2025-03-02 15:03:10,272 [ERROR] LogOutputStream:75 - [STDERR_REDIRECT] [Fatal Error] :1:1: Premature end of file.
2025-03-02 15:03:10,272 [ERROR] LogOutputStream:75 - [STDERR_REDIRECT] 
2025-03-02 15:03:11,270 [ERROR] LogOutputStream:75 - [STDERR_REDIRECT] [Fatal Error] :1:1: Premature end of file.
2025-03-02 15:03:11,270 [ERROR] LogOutputStream:75 - [STDERR_REDIRECT] 
2025-03-02 15:03:12,279 [ERROR] LogOutputStream:75 - [STDERR_REDIRECT] [Fatal Error] :1:1: Premature end of file.
2025-03-02 15:03:12,279 [ERROR] LogOutputStream:75 - [STDERR_REDIRECT] 
2025-03-02 15:03:13,273 [ERROR] LogOutputStream:75 - [STDERR_REDIRECT] [Fatal Error] :1:1: Premature end of file.
2025-03-02 15:03:13,273 [ERROR] LogOutputStream:75 - [STDERR_REDIRECT] 
2025-03-02 15:03:14,268 [ERROR] LogOutputStream:75 - [STDERR_REDIRECT] [Fatal Error] :1:1: Premature end of file.
2025-03-02 15:03:14,268 [ERROR] LogOutputStream:75 - [STDERR_REDIRECT] 
2025-03-02 15:03:15,269 [ERROR] LogOutputStream:75 - [STDERR_REDIRECT] [Fatal Error] :1:1: Premature end of file.
2025-03-02 15:03:15,269 [ERROR] LogOutputStream:75 - [STDERR_REDIRECT] 
2025-03-02 15:03:16,270 [ERROR] LogOutputStream:75 - [STDERR_REDIRECT] [Fatal Error] :1:1: Premature end of file.
2025-03-02 15:03:16,270 [ERROR] LogOutputStream:75 - [STDERR_REDIRECT] 
2025-03-02 15:03:17,284 [ERROR] LogOutputStream:75 - [STDERR_REDIRECT] [Fatal Error] :1:1: Premature end of file.
2025-03-02 15:03:17,284 [ERROR] LogOutputStream:75 - [STDERR_REDIRECT] 
2025-03-02 15:03:18,272 [ERROR] LogOutputStream:75 - [STDERR_REDIRECT] [Fatal Error] :1:1: Premature end of file.
2025-03-02 15:03:18,272 [ERROR] LogOutputStream:75 - [STDERR_REDIRECT] 
2025-03-02 15:03:19,271 [ERROR] LogOutputStream:75 - [STDERR_REDIRECT] [Fatal Error] :1:1: Premature end of file.
2025-03-02 15:03:19,271 [ERROR] LogOutputStream:75 - [STDERR_REDIRECT] 
2025-03-02 15:03:20,271 [ERROR] LogOutputStream:75 - [STDERR_REDIRECT] [Fatal Error] :1:1: Premature end of file.
2025-03-02 15:03:20,271 [ERROR] LogOutputStream:75 - [STDERR_REDIRECT] 
2025-03-02 15:03:21,275 [ERROR] LogOutputStream:75 - [STDERR_REDIRECT] [Fatal Error] :1:1: Premature end of file.
2025-03-02 15:03:21,275 [ERROR] LogOutputStream:75 - [STDERR_REDIRECT] 
2025-03-02 15:03:22,274 [ERROR] LogOutputStream:75 - [STDERR_REDIRECT] [Fatal Error] :1:1: Premature end of file.
2025-03-02 15:03:22,274 [ERROR] LogOutputStream:75 - [STDERR_REDIRECT] 
2025-03-02 15:03:23,276 [ERROR] LogOutputStream:75 - [STDERR_REDIRECT] [Fatal Error] :1:1: Premature end of file.
2025-03-02 15:03:23,276 [ERROR] LogOutputStream:75 - [STDERR_REDIRECT] 
2025-03-02 15:03:24,269 [ERROR] LogOutputStream:75 - [STDERR_REDIRECT] [Fatal Error] :1:1: Premature end of file.
2025-03-02 15:03:24,269 [ERROR] LogOutputStream:75 - [STDERR_REDIRECT] 
2025-03-02 15:03:25,271 [ERROR] LogOutputStream:75 - [STDERR_REDIRECT] [Fatal Error] :1:1: Premature end of file.
2025-03-02 15:03:25,271 [ERROR] LogOutputStream:75 - [STDERR_REDIRECT] 
2025-03-02 15:03:26,269 [ERROR] LogOutputStream:75 - [STDERR_REDIRECT] [Fatal Error] :1:1: Premature end of file.
2025-03-02 15:03:26,269 [ERROR] LogOutputStream:75 - [STDERR_REDIRECT] 
2025-03-02 15:03:27,268 [ERROR] LogOutputStream:75 - [STDERR_REDIRECT] [Fatal Error] :1:1: Premature end of file.
2025-03-02 15:03:27,268 [ERROR] LogOutputStream:75 - [STDERR_REDIRECT] 
2025-03-02 15:03:28,269 [ERROR] LogOutputStream:75 - [STDERR_REDIRECT] [Fatal Error] :1:1: Premature end of file.
2025-03-02 15:03:28,269 [ERROR] LogOutputStream:75 - [STDERR_REDIRECT] 
2025-03-02 15:03:29,267 [ERROR] LogOutputStream:75 - [STDERR_REDIRECT] [Fatal Error] :1:1: Premature end of file.
2025-03-02 15:03:29,267 [ERROR] LogOutputStream:75 - [STDERR_REDIRECT] 
2025-03-02 15:03:30,280 [ERROR] LogOutputStream:75 - [STDERR_REDIRECT] [Fatal Error] :1:1: Premature end of file.
2025-03-02 15:03:30,280 [ERROR] LogOutputStream:75 - [STDERR_REDIRECT] 
2025-03-02 15:03:31,289 [ERROR] LogOutputStream:75 - [STDERR_REDIRECT] [Fatal Error] :1:1: Premature end of file.
2025-03-02 15:03:31,289 [ERROR] LogOutputStream:75 - [STDERR_REDIRECT] 
2025-03-02 15:03:32,271 [ERROR] LogOutputStream:75 - [STDERR_REDIRECT] [Fatal Error] :1:1: Premature end of file.
2025-03-02 15:03:32,271 [ERROR] LogOutputStream:75 - [STDERR_REDIRECT] 
2025-03-02 15:03:33,270 [ERROR] LogOutputStream:75 - [STDERR_REDIRECT] [Fatal Error] :1:1: Premature end of file.
2025-03-02 15:03:33,270 [ERROR] LogOutputStream:75 - [STDERR_REDIRECT] 
2025-03-02 15:03:34,277 [ERROR] LogOutputStream:75 - [STDERR_REDIRECT] [Fatal Error] :1:1: Premature end of file.
2025-03-02 15:03:34,277 [ERROR] LogOutputStream:75 - [STDERR_REDIRECT] 
2025-03-02 15:03:35,252 [ERROR] LogOutputStream:75 - [STDERR_REDIRECT] [Fatal Error] :1:1: Premature end of file.
2025-03-02 15:03:35,268 [ERROR] LogOutputStream:75 - [STDERR_REDIRECT] 
2025-03-02 15:03:36,268 [ERROR] LogOutputStream:75 - [STDERR_REDIRECT] [Fatal Error] :1:1: Premature end of file.
2025-03-02 15:03:36,268 [ERROR] LogOutputStream:75 - [STDERR_REDIRECT] 
2025-03-02 15:03:37,271 [ERROR] LogOutputStream:75 - [STDERR_REDIRECT] [Fatal Error] :1:1: Premature end of file.
2025-03-02 15:03:37,271 [ERROR] LogOutputStream:75 - [STDERR_REDIRECT] 
2025-03-02 15:03:38,260 [ERROR] LogOutputStream:75 - [STDERR_REDIRECT] [Fatal Error] :1:1: Premature end of file.
2025-03-02 15:03:38,260 [ERROR] LogOutputStream:75 - [STDERR_REDIRECT] 
2025-03-02 15:03:39,272 [ERROR] LogOutputStream:75 - [STDERR_REDIRECT] [Fatal Error] :1:1: Premature end of file.
2025-03-02 15:03:39,272 [ERROR] LogOutputStream:75 - [STDERR_REDIRECT] 
2025-03-02 15:03:40,271 [ERROR] LogOutputStream:75 - [STDERR_REDIRECT] [Fatal Error] :1:1: Premature end of file.
2025-03-02 15:03:40,271 [ERROR] LogOutputStream:75 - [STDERR_REDIRECT] 
2025-03-02 15:03:41,270 [ERROR] LogOutputStream:75 - [STDERR_REDIRECT] [Fatal Error] :1:1: Premature end of file.
2025-03-02 15:03:41,270 [ERROR] LogOutputStream:75 - [STDERR_REDIRECT] 
2025-03-02 15:03:42,268 [ERROR] LogOutputStream:75 - [STDERR_REDIRECT] [Fatal Error] :1:1: Premature end of file.
2025-03-02 15:03:42,268 [ERROR] LogOutputStream:75 - [STDERR_REDIRECT] 
2025-03-02 15:03:43,286 [ERROR] LogOutputStream:75 - [STDERR_REDIRECT] [Fatal Error] :1:1: Premature end of file.
2025-03-02 15:03:43,286 [ERROR] LogOutputStream:75 - [STDERR_REDIRECT] 
2025-03-02 15:03:44,267 [ERROR] LogOutputStream:75 - [STDERR_REDIRECT] [Fatal Error] :1:1: Premature end of file.
2025-03-02 15:03:44,267 [ERROR] LogOutputStream:75 - [STDERR_REDIRECT] 
2025-03-02 15:03:45,268 [ERROR] LogOutputStream:75 - [STDERR_REDIRECT] [Fatal Error] :1:1: Premature end of file.
2025-03-02 15:03:45,268 [ERROR] LogOutputStream:75 - [STDERR_REDIRECT] 
2025-03-02 15:03:46,268 [ERROR] LogOutputStream:75 - [STDERR_REDIRECT] [Fatal Error] :1:1: Premature end of file.
2025-03-02 15:03:46,268 [ERROR] LogOutputStream:75 - [STDERR_REDIRECT] 
2025-03-02 15:03:47,274 [ERROR] LogOutputStream:75 - [STDERR_REDIRECT] [Fatal Error] :1:1: Premature end of file.
2025-03-02 15:03:47,274 [ERROR] LogOutputStream:75 - [STDERR_REDIRECT] 
2025-03-02 15:03:48,275 [ERROR] LogOutputStream:75 - [STDERR_REDIRECT] [Fatal Error] :1:1: Premature end of file.
2025-03-02 15:03:48,275 [ERROR] LogOutputStream:75 - [STDERR_REDIRECT] 
2025-03-02 15:03:49,278 [ERROR] LogOutputStream:75 - [STDERR_REDIRECT] [Fatal Error] :1:1: Premature end of file.
2025-03-02 15:03:49,278 [ERROR] LogOutputStream:75 - [STDERR_REDIRECT] 
2025-03-02 15:03:50,272 [ERROR] LogOutputStream:75 - [STDERR_REDIRECT] [Fatal Error] :1:1: Premature end of file.
2025-03-02 15:03:50,272 [ERROR] LogOutputStream:75 - [STDERR_REDIRECT] 
2025-03-02 15:03:51,272 [ERROR] LogOutputStream:75 - [STDERR_REDIRECT] [Fatal Error] :1:1: Premature end of file.
2025-03-02 15:03:51,272 [ERROR] LogOutputStream:75 - [STDERR_REDIRECT] 
2025-03-02 15:03:52,269 [ERROR] LogOutputStream:75 - [STDERR_REDIRECT] [Fatal Error] :1:1: Premature end of file.
2025-03-02 15:03:52,269 [ERROR] LogOutputStream:75 - [STDERR_REDIRECT] 
2025-03-02 15:03:53,268 [ERROR] LogOutputStream:75 - [STDERR_REDIRECT] [Fatal Error] :1:1: Premature end of file.
2025-03-02 15:03:53,268 [ERROR] LogOutputStream:75 - [STDERR_REDIRECT] 
2025-03-02 15:03:54,283 [ERROR] LogOutputStream:75 - [STDERR_REDIRECT] [Fatal Error] :1:1: Premature end of file.
2025-03-02 15:03:54,287 [ERROR] LogOutputStream:75 - [STDERR_REDIRECT] 
2025-03-02 15:03:55,254 [ERROR] LogOutputStream:75 - [STDERR_REDIRECT] [Fatal Error] :1:1: Premature end of file.
2025-03-02 15:03:55,269 [ERROR] LogOutputStream:75 - [STDERR_REDIRECT] 
2025-03-02 15:03:56,276 [ERROR] LogOutputStream:75 - [STDERR_REDIRECT] [Fatal Error] :1:1: Premature end of file.
2025-03-02 15:03:56,276 [ERROR] LogOutputStream:75 - [STDERR_REDIRECT] 
2025-03-02 15:03:57,269 [ERROR] LogOutputStream:75 - [STDERR_REDIRECT] [Fatal Error] :1:1: Premature end of file.
2025-03-02 15:03:57,269 [ERROR] LogOutputStream:75 - [STDERR_REDIRECT] 
2025-03-02 15:03:58,273 [ERROR] LogOutputStream:75 - [STDERR_REDIRECT] [Fatal Error] :1:1: Premature end of file.
2025-03-02 15:03:58,273 [ERROR] LogOutputStream:75 - [STDERR_REDIRECT] 
2025-03-02 15:03:59,269 [ERROR] LogOutputStream:75 - [STDERR_REDIRECT] [Fatal Error] :1:1: Premature end of file.
2025-03-02 15:03:59,269 [ERROR] LogOutputStream:75 - [STDERR_REDIRECT] 
2025-03-02 15:04:00,239 [ERROR] LogOutputStream:75 - [STDERR_REDIRECT] [Fatal Error] :1:1: Premature end of file.
2025-03-02 15:04:00,239 [ERROR] LogOutputStream:75 - [STDERR_REDIRECT] 
2025-03-02 15:04:01,285 [ERROR] LogOutputStream:75 - [STDERR_REDIRECT] [Fatal Error] :1:1: Premature end of file.
2025-03-02 15:04:01,285 [ERROR] LogOutputStream:75 - [STDERR_REDIRECT] 
2025-03-02 15:04:02,278 [ERROR] LogOutputStream:75 - [STDERR_REDIRECT] [Fatal Error] :1:1: Premature end of file.
2025-03-02 15:04:02,278 [ERROR] LogOutputStream:75 - [STDERR_REDIRECT] 
2025-03-02 15:04:03,269 [ERROR] LogOutputStream:75 - [STDERR_REDIRECT] [Fatal Error] :1:1: Premature end of file.
2025-03-02 15:04:03,269 [ERROR] LogOutputStream:75 - [STDERR_REDIRECT] 
2025-03-02 15:04:04,267 [ERROR] LogOutputStream:75 - [STDERR_REDIRECT] [Fatal Error] :1:1: Premature end of file.
2025-03-02 15:04:04,267 [ERROR] LogOutputStream:75 - [STDERR_REDIRECT] 
2025-03-02 15:04:05,270 [ERROR] LogOutputStream:75 - [STDERR_REDIRECT] [Fatal Error] :1:1: Premature end of file.
2025-03-02 15:04:05,285 [ERROR] LogOutputStream:75 - [STDERR_REDIRECT] 
2025-03-02 15:04:06,271 [ERROR] LogOutputStream:75 - [STDERR_REDIRECT] [Fatal Error] :1:1: Premature end of file.
2025-03-02 15:04:06,271 [ERROR] LogOutputStream:75 - [STDERR_REDIRECT] 
2025-03-02 15:04:07,269 [ERROR] LogOutputStream:75 - [STDERR_REDIRECT] [Fatal Error] :1:1: Premature end of file.
2025-03-02 15:04:07,269 [ERROR] LogOutputStream:75 - [STDERR_REDIRECT] 
2025-03-02 15:04:08,268 [ERROR] LogOutputStream:75 - [STDERR_REDIRECT] [Fatal Error] :1:1: Premature end of file.
2025-03-02 15:04:08,268 [ERROR] LogOutputStream:75 - [STDERR_REDIRECT] 
2025-03-02 15:04:09,271 [ERROR] LogOutputStream:75 - [STDERR_REDIRECT] [Fatal Error] :1:1: Premature end of file.
2025-03-02 15:04:09,271 [ERROR] LogOutputStream:75 - [STDERR_REDIRECT] 
2025-03-02 15:04:10,269 [ERROR] LogOutputStream:75 - [STDERR_REDIRECT] [Fatal Error] :1:1: Premature end of file.
2025-03-02 15:04:10,269 [ERROR] LogOutputStream:75 - [STDERR_REDIRECT] 
2025-03-02 15:04:11,272 [ERROR] LogOutputStream:75 - [STDERR_REDIRECT] [Fatal Error] :1:1: Premature end of file.
2025-03-02 15:04:11,272 [ERROR] LogOutputStream:75 - [STDERR_REDIRECT] 
2025-03-02 15:04:12,270 [ERROR] LogOutputStream:75 - [STDERR_REDIRECT] [Fatal Error] :1:1: Premature end of file.
2025-03-02 15:04:12,270 [ERROR] LogOutputStream:75 - [STDERR_REDIRECT] 
2025-03-02 15:04:13,286 [ERROR] LogOutputStream:75 - [STDERR_REDIRECT] [Fatal Error] :1:1: Premature end of file.
2025-03-02 15:04:13,286 [ERROR] LogOutputStream:75 - [STDERR_REDIRECT] 
2025-03-02 15:04:14,285 [ERROR] LogOutputStream:75 - [STDERR_REDIRECT] [Fatal Error] :1:1: Premature end of file.
2025-03-02 15:04:14,285 [ERROR] LogOutputStream:75 - [STDERR_REDIRECT] 
2025-03-02 15:04:15,269 [ERROR] LogOutputStream:75 - [STDERR_REDIRECT] [Fatal Error] :1:1: Premature end of file.
2025-03-02 15:04:15,269 [ERROR] LogOutputStream:75 - [STDERR_REDIRECT] 
2025-03-02 15:04:16,270 [ERROR] LogOutputStream:75 - [STDERR_REDIRECT] [Fatal Error] :1:1: Premature end of file.
2025-03-02 15:04:16,270 [ERROR] LogOutputStream:75 - [STDERR_REDIRECT] 
2025-03-02 15:04:17,285 [ERROR] LogOutputStream:75 - [STDERR_REDIRECT] [Fatal Error] :1:1: Premature end of file.
2025-03-02 15:04:17,285 [ERROR] LogOutputStream:75 - [STDERR_REDIRECT] 
2025-03-02 15:04:18,271 [ERROR] LogOutputStream:75 - [STDERR_REDIRECT] [Fatal Error] :1:1: Premature end of file.
2025-03-02 15:04:18,271 [ERROR] LogOutputStream:75 - [STDERR_REDIRECT] 
2025-03-02 15:04:19,269 [ERROR] LogOutputStream:75 - [STDERR_REDIRECT] [Fatal Error] :1:1: Premature end of file.
2025-03-02 15:04:19,269 [ERROR] LogOutputStream:75 - [STDERR_REDIRECT] 
2025-03-02 15:04:20,269 [ERROR] LogOutputStream:75 - [STDERR_REDIRECT] [Fatal Error] :1:1: Premature end of file.
2025-03-02 15:04:20,269 [ERROR] LogOutputStream:75 - [STDERR_REDIRECT] 
2025-03-02 15:04:21,269 [ERROR] LogOutputStream:75 - [STDERR_REDIRECT] [Fatal Error] :1:1: Premature end of file.
2025-03-02 15:04:21,269 [ERROR] LogOutputStream:75 - [STDERR_REDIRECT] 
2025-03-02 15:04:22,271 [ERROR] LogOutputStream:75 - [STDERR_REDIRECT] [Fatal Error] :1:1: Premature end of file.
2025-03-02 15:04:22,271 [ERROR] LogOutputStream:75 - [STDERR_REDIRECT] 
2025-03-02 15:04:23,278 [ERROR] LogOutputStream:75 - [STDERR_REDIRECT] [Fatal Error] :1:1: Premature end of file.
2025-03-02 15:04:23,278 [ERROR] LogOutputStream:75 - [STDERR_REDIRECT] 
2025-03-02 15:04:24,256 [ERROR] LogOutputStream:75 - [STDERR_REDIRECT] [Fatal Error] :1:1: Premature end of file.
2025-03-02 15:04:24,256 [ERROR] LogOutputStream:75 - [STDERR_REDIRECT] 
2025-03-02 15:04:25,269 [ERROR] LogOutputStream:75 - [STDERR_REDIRECT] [Fatal Error] :1:1: Premature end of file.
2025-03-02 15:04:25,269 [ERROR] LogOutputStream:75 - [STDERR_REDIRECT] 
2025-03-02 15:04:26,264 [ERROR] LogOutputStream:75 - [STDERR_REDIRECT] [Fatal Error] :1:1: Premature end of file.
2025-03-02 15:04:26,264 [ERROR] LogOutputStream:75 - [STDERR_REDIRECT] 
2025-03-02 15:04:27,249 [ERROR] LogOutputStream:75 - [STDERR_REDIRECT] [Fatal Error] :1:1: Premature end of file.
2025-03-02 15:04:27,250 [ERROR] LogOutputStream:75 - [STDERR_REDIRECT] 
2025-03-02 15:04:28,264 [ERROR] LogOutputStream:75 - [STDERR_REDIRECT] [Fatal Error] :1:1: Premature end of file.
2025-03-02 15:04:28,264 [ERROR] LogOutputStream:75 - [STDERR_REDIRECT] 
2025-03-02 15:04:29,264 [ERROR] LogOutputStream:75 - [STDERR_REDIRECT] [Fatal Error] :1:1: Premature end of file.
2025-03-02 15:04:29,264 [ERROR] LogOutputStream:75 - [STDERR_REDIRECT] 
2025-03-02 15:04:30,273 [ERROR] LogOutputStream:75 - [STDERR_REDIRECT] [Fatal Error] :1:1: Premature end of file.
2025-03-02 15:04:30,273 [ERROR] LogOutputStream:75 - [STDERR_REDIRECT] 
2025-03-02 15:04:31,286 [ERROR] LogOutputStream:75 - [STDERR_REDIRECT] [Fatal Error] :1:1: Premature end of file.
2025-03-02 15:04:31,286 [ERROR] LogOutputStream:75 - [STDERR_REDIRECT] 
2025-03-02 15:04:32,257 [ERROR] LogOutputStream:75 - [STDERR_REDIRECT] [Fatal Error] :1:1: Premature end of file.
2025-03-02 15:04:32,257 [ERROR] LogOutputStream:75 - [STDERR_REDIRECT] 
2025-03-02 15:04:33,247 [ERROR] LogOutputStream:75 - [STDERR_REDIRECT] [Fatal Error] :1:1: Premature end of file.
2025-03-02 15:04:33,247 [ERROR] LogOutputStream:75 - [STDERR_REDIRECT] 
2025-03-02 15:04:34,273 [ERROR] LogOutputStream:75 - [STDERR_REDIRECT] [Fatal Error] :1:1: Premature end of file.
2025-03-02 15:04:34,274 [ERROR] LogOutputStream:75 - [STDERR_REDIRECT] 
2025-03-02 15:04:35,278 [ERROR] LogOutputStream:75 - [STDERR_REDIRECT] [Fatal Error] :1:1: Premature end of file.
2025-03-02 15:04:35,278 [ERROR] LogOutputStream:75 - [STDERR_REDIRECT] 
2025-03-02 15:04:36,263 [ERROR] LogOutputStream:75 - [STDERR_REDIRECT] [Fatal Error] :1:1: Premature end of file.
2025-03-02 15:04:36,263 [ERROR] LogOutputStream:75 - [STDERR_REDIRECT] 
2025-03-02 15:04:37,266 [ERROR] LogOutputStream:75 - [STDERR_REDIRECT] [Fatal Error] :1:1: Premature end of file.
2025-03-02 15:04:37,266 [ERROR] LogOutputStream:75 - [STDERR_REDIRECT] 
2025-03-02 15:04:38,272 [ERROR] LogOutputStream:75 - [STDERR_REDIRECT] [Fatal Error] :1:1: Premature end of file.
2025-03-02 15:04:38,272 [ERROR] LogOutputStream:75 - [STDERR_REDIRECT] 
2025-03-02 15:04:39,272 [ERROR] LogOutputStream:75 - [STDERR_REDIRECT] [Fatal Error] :1:1: Premature end of file.
2025-03-02 15:04:39,272 [ERROR] LogOutputStream:75 - [STDERR_REDIRECT] 
2025-03-02 15:04:40,272 [ERROR] LogOutputStream:75 - [STDERR_REDIRECT] [Fatal Error] :1:1: Premature end of file.
2025-03-02 15:04:40,272 [ERROR] LogOutputStream:75 - [STDERR_REDIRECT] 
2025-03-02 15:04:41,263 [ERROR] LogOutputStream:75 - [STDERR_REDIRECT] [Fatal Error] :1:1: Premature end of file.
2025-03-02 15:04:41,264 [ERROR] LogOutputStream:75 - [STDERR_REDIRECT] 
2025-03-02 15:04:42,264 [ERROR] LogOutputStream:75 - [STDERR_REDIRECT] [Fatal Error] :1:1: Premature end of file.
2025-03-02 15:04:42,265 [ERROR] LogOutputStream:75 - [STDERR_REDIRECT] 
2025-03-02 15:04:43,260 [ERROR] LogOutputStream:75 - [STDERR_REDIRECT] [Fatal Error] :1:1: Premature end of file.
2025-03-02 15:04:43,260 [ERROR] LogOutputStream:75 - [STDERR_REDIRECT] 
2025-03-02 15:04:44,274 [ERROR] LogOutputStream:75 - [STDERR_REDIRECT] [Fatal Error] :1:1: Premature end of file.
2025-03-02 15:04:44,274 [ERROR] LogOutputStream:75 - [STDERR_REDIRECT] 
2025-03-02 15:04:45,259 [ERROR] LogOutputStream:75 - [STDERR_REDIRECT] [Fatal Error] :1:1: Premature end of file.
2025-03-02 15:04:45,260 [ERROR] LogOutputStream:75 - [STDERR_REDIRECT] 
2025-03-02 15:04:46,248 [ERROR] LogOutputStream:75 - [STDERR_REDIRECT] [Fatal Error] :1:1: Premature end of file.
2025-03-02 15:04:46,249 [ERROR] LogOutputStream:75 - [STDERR_REDIRECT] 
2025-03-02 15:04:47,246 [ERROR] LogOutputStream:75 - [STDERR_REDIRECT] [Fatal Error] :1:1: Premature end of file.
2025-03-02 15:04:47,246 [ERROR] LogOutputStream:75 - [STDERR_REDIRECT] 
2025-03-02 15:04:48,259 [ERROR] LogOutputStream:75 - [STDERR_REDIRECT] [Fatal Error] :1:1: Premature end of file.
2025-03-02 15:04:48,260 [ERROR] LogOutputStream:75 - [STDERR_REDIRECT] 
2025-03-02 15:04:49,262 [ERROR] LogOutputStream:75 - [STDERR_REDIRECT] [Fatal Error] :1:1: Premature end of file.
2025-03-02 15:04:49,262 [ERROR] LogOutputStream:75 - [STDERR_REDIRECT] 
2025-03-02 15:04:50,255 [ERROR] LogOutputStream:75 - [STDERR_REDIRECT] [Fatal Error] :1:1: Premature end of file.
2025-03-02 15:04:50,255 [ERROR] LogOutputStream:75 - [STDERR_REDIRECT] 
2025-03-02 15:04:51,267 [ERROR] LogOutputStream:75 - [STDERR_REDIRECT] [Fatal Error] :1:1: Premature end of file.
2025-03-02 15:04:51,267 [ERROR] LogOutputStream:75 - [STDERR_REDIRECT] 
2025-03-02 15:04:52,263 [ERROR] LogOutputStream:75 - [STDERR_REDIRECT] [Fatal Error] :1:1: Premature end of file.
2025-03-02 15:04:52,263 [ERROR] LogOutputStream:75 - [STDERR_REDIRECT] 
2025-03-02 15:04:53,259 [ERROR] LogOutputStream:75 - [STDERR_REDIRECT] [Fatal Error] :1:1: Premature end of file.
2025-03-02 15:04:53,260 [ERROR] LogOutputStream:75 - [STDERR_REDIRECT] 
2025-03-02 15:04:54,266 [ERROR] LogOutputStream:75 - [STDERR_REDIRECT] [Fatal Error] :1:1: Premature end of file.
2025-03-02 15:04:54,267 [ERROR] LogOutputStream:75 - [STDERR_REDIRECT] 
2025-03-02 15:04:55,273 [ERROR] LogOutputStream:75 - [STDERR_REDIRECT] [Fatal Error] :1:1: Premature end of file.
2025-03-02 15:04:55,273 [ERROR] LogOutputStream:75 - [STDERR_REDIRECT] 
2025-03-02 15:04:56,239 [ERROR] LogOutputStream:75 - [STDERR_REDIRECT] [Fatal Error] :1:1: Premature end of file.
2025-03-02 15:04:56,239 [ERROR] LogOutputStream:75 - [STDERR_REDIRECT] 
2025-03-02 15:04:57,259 [ERROR] LogOutputStream:75 - [STDERR_REDIRECT] [Fatal Error] :1:1: Premature end of file.
2025-03-02 15:04:57,260 [ERROR] LogOutputStream:75 - [STDERR_REDIRECT] 
2025-03-02 15:04:58,240 [ERROR] LogOutputStream:75 - [STDERR_REDIRECT] [Fatal Error] :1:1: Premature end of file.
2025-03-02 15:04:58,240 [ERROR] LogOutputStream:75 - [STDERR_REDIRECT] 
2025-03-02 15:04:59,269 [ERROR] LogOutputStream:75 - [STDERR_REDIRECT] [Fatal Error] :1:1: Premature end of file.
2025-03-02 15:04:59,269 [ERROR] LogOutputStream:75 - [STDERR_REDIRECT] 
2025-03-02 15:05:00,269 [ERROR] LogOutputStream:75 - [STDERR_REDIRECT] [Fatal Error] :1:1: Premature end of file.
2025-03-02 15:05:00,269 [ERROR] LogOutputStream:75 - [STDERR_REDIRECT] 
2025-03-02 15:05:01,273 [ERROR] LogOutputStream:75 - [STDERR_REDIRECT] [Fatal Error] :1:1: Premature end of file.
2025-03-02 15:05:01,273 [ERROR] LogOutputStream:75 - [STDERR_REDIRECT] 
2025-03-02 15:05:02,271 [ERROR] LogOutputStream:75 - [STDERR_REDIRECT] [Fatal Error] :1:1: Premature end of file.
2025-03-02 15:05:02,271 [ERROR] LogOutputStream:75 - [STDERR_REDIRECT] 
2025-03-02 15:05:03,273 [ERROR] LogOutputStream:75 - [STDERR_REDIRECT] [Fatal Error] :1:1: Premature end of file.
2025-03-02 15:05:03,273 [ERROR] LogOutputStream:75 - [STDERR_REDIRECT] 
2025-03-02 15:05:04,266 [ERROR] LogOutputStream:75 - [STDERR_REDIRECT] [Fatal Error] :1:1: Premature end of file.
2025-03-02 15:05:04,267 [ERROR] LogOutputStream:75 - [STDERR_REDIRECT] 
2025-03-02 15:05:05,268 [ERROR] LogOutputStream:75 - [STDERR_REDIRECT] [Fatal Error] :1:1: Premature end of file.
2025-03-02 15:05:05,268 [ERROR] LogOutputStream:75 - [STDERR_REDIRECT] 
2025-03-02 15:05:06,269 [ERROR] LogOutputStream:75 - [STDERR_REDIRECT] [Fatal Error] :1:1: Premature end of file.
2025-03-02 15:05:06,270 [ERROR] LogOutputStream:75 - [STDERR_REDIRECT] 
2025-03-02 15:05:07,271 [ERROR] LogOutputStream:75 - [STDERR_REDIRECT] [Fatal Error] :1:1: Premature end of file.
2025-03-02 15:05:07,272 [ERROR] LogOutputStream:75 - [STDERR_REDIRECT] 
2025-03-02 15:05:08,271 [ERROR] LogOutputStream:75 - [STDERR_REDIRECT] [Fatal Error] :1:1: Premature end of file.
2025-03-02 15:05:08,271 [ERROR] LogOutputStream:75 - [STDERR_REDIRECT] 
2025-03-02 15:05:09,269 [ERROR] LogOutputStream:75 - [STDERR_REDIRECT] [Fatal Error] :1:1: Premature end of file.
2025-03-02 15:05:09,270 [ERROR] LogOutputStream:75 - [STDERR_REDIRECT] 
2025-03-02 15:05:10,272 [ERROR] LogOutputStream:75 - [STDERR_REDIRECT] [Fatal Error] :1:1: Premature end of file.
2025-03-02 15:05:10,272 [ERROR] LogOutputStream:75 - [STDERR_REDIRECT] 
2025-03-02 15:05:11,270 [ERROR] LogOutputStream:75 - [STDERR_REDIRECT] [Fatal Error] :1:1: Premature end of file.
2025-03-02 15:05:11,271 [ERROR] LogOutputStream:75 - [STDERR_REDIRECT] 
2025-03-02 15:05:12,270 [ERROR] LogOutputStream:75 - [STDERR_REDIRECT] [Fatal Error] :1:1: Premature end of file.
2025-03-02 15:05:12,271 [ERROR] LogOutputStream:75 - [STDERR_REDIRECT] 
2025-03-02 15:05:13,268 [ERROR] LogOutputStream:75 - [STDERR_REDIRECT] [Fatal Error] :1:1: Premature end of file.
2025-03-02 15:05:13,268 [ERROR] LogOutputStream:75 - [STDERR_REDIRECT] 
2025-03-02 15:05:14,269 [ERROR] LogOutputStream:75 - [STDERR_REDIRECT] [Fatal Error] :1:1: Premature end of file.
2025-03-02 15:05:14,269 [ERROR] LogOutputStream:75 - [STDERR_REDIRECT] 
2025-03-02 15:05:15,272 [ERROR] LogOutputStream:75 - [STDERR_REDIRECT] [Fatal Error] :1:1: Premature end of file.
2025-03-02 15:05:15,272 [ERROR] LogOutputStream:75 - [STDERR_REDIRECT] 
2025-03-02 15:05:16,267 [ERROR] LogOutputStream:75 - [STDERR_REDIRECT] [Fatal Error] :1:1: Premature end of file.
2025-03-02 15:05:16,268 [ERROR] LogOutputStream:75 - [STDERR_REDIRECT] 
2025-03-02 15:05:17,269 [ERROR] LogOutputStream:75 - [STDERR_REDIRECT] [Fatal Error] :1:1: Premature end of file.
2025-03-02 15:05:17,269 [ERROR] LogOutputStream:75 - [STDERR_REDIRECT] 
2025-03-02 15:05:18,269 [ERROR] LogOutputStream:75 - [STDERR_REDIRECT] [Fatal Error] :1:1: Premature end of file.
2025-03-02 15:05:18,269 [ERROR] LogOutputStream:75 - [STDERR_REDIRECT] 
2025-03-02 15:05:19,273 [ERROR] LogOutputStream:75 - [STDERR_REDIRECT] [Fatal Error] :1:1: Premature end of file.
2025-03-02 15:05:19,273 [ERROR] LogOutputStream:75 - [STDERR_REDIRECT] 
2025-03-02 15:05:20,269 [ERROR] LogOutputStream:75 - [STDERR_REDIRECT] [Fatal Error] :1:1: Premature end of file.
2025-03-02 15:05:20,270 [ERROR] LogOutputStream:75 - [STDERR_REDIRECT] 
2025-03-02 15:05:21,269 [ERROR] LogOutputStream:75 - [STDERR_REDIRECT] [Fatal Error] :1:1: Premature end of file.
2025-03-02 15:05:21,269 [ERROR] LogOutputStream:75 - [STDERR_REDIRECT] 
2025-03-02 15:05:22,269 [ERROR] LogOutputStream:75 - [STDERR_REDIRECT] [Fatal Error] :1:1: Premature end of file.
2025-03-02 15:05:22,269 [ERROR] LogOutputStream:75 - [STDERR_REDIRECT] 
2025-03-02 15:05:23,269 [ERROR] LogOutputStream:75 - [STDERR_REDIRECT] [Fatal Error] :1:1: Premature end of file.
2025-03-02 15:05:23,269 [ERROR] LogOutputStream:75 - [STDERR_REDIRECT] 
2025-03-02 15:05:24,272 [ERROR] LogOutputStream:75 - [STDERR_REDIRECT] [Fatal Error] :1:1: Premature end of file.
2025-03-02 15:05:24,272 [ERROR] LogOutputStream:75 - [STDERR_REDIRECT] 
2025-03-02 15:05:25,274 [ERROR] LogOutputStream:75 - [STDERR_REDIRECT] [Fatal Error] :1:1: Premature end of file.
2025-03-02 15:05:25,274 [ERROR] LogOutputStream:75 - [STDERR_REDIRECT] 
2025-03-02 15:05:26,269 [ERROR] LogOutputStream:75 - [STDERR_REDIRECT] [Fatal Error] :1:1: Premature end of file.
2025-03-02 15:05:26,270 [ERROR] LogOutputStream:75 - [STDERR_REDIRECT] 
2025-03-02 15:05:27,270 [ERROR] LogOutputStream:75 - [STDERR_REDIRECT] [Fatal Error] :1:1: Premature end of file.
2025-03-02 15:05:27,272 [ERROR] LogOutputStream:75 - [STDERR_REDIRECT] 
2025-03-02 15:05:28,268 [ERROR] LogOutputStream:75 - [STDERR_REDIRECT] [Fatal Error] :1:1: Premature end of file.
2025-03-02 15:05:28,268 [ERROR] LogOutputStream:75 - [STDERR_REDIRECT] 
2025-03-02 15:05:29,265 [ERROR] LogOutputStream:75 - [STDERR_REDIRECT] [Fatal Error] :1:1: Premature end of file.
2025-03-02 15:05:29,265 [ERROR] LogOutputStream:75 - [STDERR_REDIRECT] 
2025-03-02 15:05:30,265 [ERROR] LogOutputStream:75 - [STDERR_REDIRECT] [Fatal Error] :1:1: Premature end of file.
2025-03-02 15:05:30,265 [ERROR] LogOutputStream:75 - [STDERR_REDIRECT] 
2025-03-02 15:05:31,254 [ERROR] LogOutputStream:75 - [STDERR_REDIRECT] [Fatal Error] :1:1: Premature end of file.
2025-03-02 15:05:31,254 [ERROR] LogOutputStream:75 - [STDERR_REDIRECT] 
2025-03-02 15:05:32,260 [ERROR] LogOutputStream:75 - [STDERR_REDIRECT] [Fatal Error] :1:1: Premature end of file.
2025-03-02 15:05:32,260 [ERROR] LogOutputStream:75 - [STDERR_REDIRECT] 
2025-03-02 15:05:33,265 [ERROR] LogOutputStream:75 - [STDERR_REDIRECT] [Fatal Error] :1:1: Premature end of file.
2025-03-02 15:05:33,265 [ERROR] LogOutputStream:75 - [STDERR_REDIRECT] 
2025-03-02 15:05:34,264 [ERROR] LogOutputStream:75 - [STDERR_REDIRECT] [Fatal Error] :1:1: Premature end of file.
2025-03-02 15:05:34,264 [ERROR] LogOutputStream:75 - [STDERR_REDIRECT] 
2025-03-02 15:05:35,253 [ERROR] LogOutputStream:75 - [STDERR_REDIRECT] [Fatal Error] :1:1: Premature end of file.
2025-03-02 15:05:35,253 [ERROR] LogOutputStream:75 - [STDERR_REDIRECT] 
2025-03-02 15:05:36,258 [ERROR] LogOutputStream:75 - [STDERR_REDIRECT] [Fatal Error] :1:1: Premature end of file.
2025-03-02 15:05:36,258 [ERROR] LogOutputStream:75 - [STDERR_REDIRECT] 
2025-03-02 15:05:37,254 [ERROR] LogOutputStream:75 - [STDERR_REDIRECT] [Fatal Error] :1:1: Premature end of file.
2025-03-02 15:05:37,254 [ERROR] LogOutputStream:75 - [STDERR_REDIRECT] 
2025-03-02 15:05:38,278 [ERROR] LogOutputStream:75 - [STDERR_REDIRECT] [Fatal Error] :1:1: Premature end of file.
2025-03-02 15:05:38,278 [ERROR] LogOutputStream:75 - [STDERR_REDIRECT] 
2025-03-02 15:05:39,271 [ERROR] LogOutputStream:75 - [STDERR_REDIRECT] [Fatal Error] :1:1: Premature end of file.
2025-03-02 15:05:39,271 [ERROR] LogOutputStream:75 - [STDERR_REDIRECT] 
2025-03-02 15:05:40,270 [ERROR] LogOutputStream:75 - [STDERR_REDIRECT] [Fatal Error] :1:1: Premature end of file.
2025-03-02 15:05:40,270 [ERROR] LogOutputStream:75 - [STDERR_REDIRECT] 
2025-03-02 15:05:41,277 [ERROR] LogOutputStream:75 - [STDERR_REDIRECT] [Fatal Error] :1:1: Premature end of file.
2025-03-02 15:05:41,277 [ERROR] LogOutputStream:75 - [STDERR_REDIRECT] 
2025-03-02 15:05:42,254 [ERROR] LogOutputStream:75 - [STDERR_REDIRECT] [Fatal Error] :1:1: Premature end of file.
2025-03-02 15:05:42,254 [ERROR] LogOutputStream:75 - [STDERR_REDIRECT] 
2025-03-02 15:05:43,254 [ERROR] LogOutputStream:75 - [STDERR_REDIRECT] [Fatal Error] :1:1: Premature end of file.
2025-03-02 15:05:43,254 [ERROR] LogOutputStream:75 - [STDERR_REDIRECT] 
2025-03-02 15:05:44,266 [ERROR] LogOutputStream:75 - [STDERR_REDIRECT] [Fatal Error] :1:1: Premature end of file.
2025-03-02 15:05:44,266 [ERROR] LogOutputStream:75 - [STDERR_REDIRECT] 
2025-03-02 15:05:45,260 [ERROR] LogOutputStream:75 - [STDERR_REDIRECT] [Fatal Error] :1:1: Premature end of file.
2025-03-02 15:05:45,260 [ERROR] LogOutputStream:75 - [STDERR_REDIRECT] 
2025-03-02 15:05:46,280 [ERROR] LogOutputStream:75 - [STDERR_REDIRECT] [Fatal Error] :1:1: Premature end of file.
2025-03-02 15:05:46,280 [ERROR] LogOutputStream:75 - [STDERR_REDIRECT] 
2025-03-02 15:05:47,261 [ERROR] LogOutputStream:75 - [STDERR_REDIRECT] [Fatal Error] :1:1: Premature end of file.
2025-03-02 15:05:47,261 [ERROR] LogOutputStream:75 - [STDERR_REDIRECT] 
2025-03-02 15:05:48,254 [ERROR] LogOutputStream:75 - [STDERR_REDIRECT] [Fatal Error] :1:1: Premature end of file.
2025-03-02 15:05:48,254 [ERROR] LogOutputStream:75 - [STDERR_REDIRECT] 
2025-03-02 15:05:49,261 [ERROR] LogOutputStream:75 - [STDERR_REDIRECT] [Fatal Error] :1:1: Premature end of file.
2025-03-02 15:05:49,263 [ERROR] LogOutputStream:75 - [STDERR_REDIRECT] 
2025-03-02 15:05:50,254 [ERROR] LogOutputStream:75 - [STDERR_REDIRECT] [Fatal Error] :1:1: Premature end of file.
2025-03-02 15:05:50,254 [ERROR] LogOutputStream:75 - [STDERR_REDIRECT] 
2025-03-02 15:05:51,255 [ERROR] LogOutputStream:75 - [STDERR_REDIRECT] [Fatal Error] :1:1: Premature end of file.
2025-03-02 15:05:51,255 [ERROR] LogOutputStream:75 - [STDERR_REDIRECT] 
2025-03-02 15:05:52,264 [ERROR] LogOutputStream:75 - [STDERR_REDIRECT] [Fatal Error] :1:1: Premature end of file.
2025-03-02 15:05:52,264 [ERROR] LogOutputStream:75 - [STDERR_REDIRECT] 
2025-03-02 15:05:53,268 [ERROR] LogOutputStream:75 - [STDERR_REDIRECT] [Fatal Error] :1:1: Premature end of file.
2025-03-02 15:05:53,268 [ERROR] LogOutputStream:75 - [STDERR_REDIRECT] 
2025-03-02 15:05:54,268 [ERROR] LogOutputStream:75 - [STDERR_REDIRECT] [Fatal Error] :1:1: Premature end of file.
2025-03-02 15:05:54,268 [ERROR] LogOutputStream:75 - [STDERR_REDIRECT] 
2025-03-02 15:05:55,263 [ERROR] LogOutputStream:75 - [STDERR_REDIRECT] [Fatal Error] :1:1: Premature end of file.
2025-03-02 15:05:55,263 [ERROR] LogOutputStream:75 - [STDERR_REDIRECT] 
2025-03-02 15:05:56,270 [ERROR] LogOutputStream:75 - [STDERR_REDIRECT] [Fatal Error] :1:1: Premature end of file.
2025-03-02 15:05:56,270 [ERROR] LogOutputStream:75 - [STDERR_REDIRECT] 
2025-03-02 15:05:57,264 [ERROR] LogOutputStream:75 - [STDERR_REDIRECT] [Fatal Error] :1:1: Premature end of file.
2025-03-02 15:05:57,264 [ERROR] LogOutputStream:75 - [STDERR_REDIRECT] 
2025-03-02 15:05:58,281 [ERROR] LogOutputStream:75 - [STDERR_REDIRECT] [Fatal Error] :1:1: Premature end of file.
2025-03-02 15:05:58,281 [ERROR] LogOutputStream:75 - [STDERR_REDIRECT] 
2025-03-02 15:05:59,270 [ERROR] LogOutputStream:75 - [STDERR_REDIRECT] [Fatal Error] :1:1: Premature end of file.
2025-03-02 15:05:59,270 [ERROR] LogOutputStream:75 - [STDERR_REDIRECT] 
2025-03-02 15:06:00,287 [ERROR] LogOutputStream:75 - [STDERR_REDIRECT] [Fatal Error] :1:1: Premature end of file.
2025-03-02 15:06:00,293 [ERROR] LogOutputStream:75 - [STDERR_REDIRECT] 
2025-03-02 15:06:01,280 [ERROR] LogOutputStream:75 - [STDERR_REDIRECT] [Fatal Error] :1:1: Premature end of file.
2025-03-02 15:06:01,280 [ERROR] LogOutputStream:75 - [STDERR_REDIRECT] 
2025-03-02 15:06:02,263 [ERROR] LogOutputStream:75 - [STDERR_REDIRECT] [Fatal Error] :1:1: Premature end of file.
2025-03-02 15:06:02,263 [ERROR] LogOutputStream:75 - [STDERR_REDIRECT] 
2025-03-02 15:06:03,271 [ERROR] LogOutputStream:75 - [STDERR_REDIRECT] [Fatal Error] :1:1: Premature end of file.
2025-03-02 15:06:03,287 [ERROR] LogOutputStream:75 - [STDERR_REDIRECT] 
2025-03-02 15:06:04,271 [ERROR] LogOutputStream:75 - [STDERR_REDIRECT] [Fatal Error] :1:1: Premature end of file.
2025-03-02 15:06:04,271 [ERROR] LogOutputStream:75 - [STDERR_REDIRECT] 
2025-03-02 15:06:05,275 [ERROR] LogOutputStream:75 - [STDERR_REDIRECT] [Fatal Error] :1:1: Premature end of file.
2025-03-02 15:06:05,275 [ERROR] LogOutputStream:75 - [STDERR_REDIRECT] 
2025-03-02 15:06:06,254 [ERROR] LogOutputStream:75 - [STDERR_REDIRECT] [Fatal Error] :1:1: Premature end of file.
2025-03-02 15:06:06,254 [ERROR] LogOutputStream:75 - [STDERR_REDIRECT] 
2025-03-02 15:06:07,289 [ERROR] LogOutputStream:75 - [STDERR_REDIRECT] [Fatal Error] :1:1: Premature end of file.
2025-03-02 15:06:07,289 [ERROR] LogOutputStream:75 - [STDERR_REDIRECT] 
2025-03-02 15:06:08,279 [ERROR] LogOutputStream:75 - [STDERR_REDIRECT] [Fatal Error] :1:1: Premature end of file.
2025-03-02 15:06:08,279 [ERROR] LogOutputStream:75 - [STDERR_REDIRECT] 
2025-03-02 15:06:09,286 [ERROR] LogOutputStream:75 - [STDERR_REDIRECT] [Fatal Error] :1:1: Premature end of file.
2025-03-02 15:06:09,286 [ERROR] LogOutputStream:75 - [STDERR_REDIRECT] 
2025-03-02 15:06:10,267 [ERROR] LogOutputStream:75 - [STDERR_REDIRECT] [Fatal Error] :1:1: Premature end of file.
2025-03-02 15:06:10,267 [ERROR] LogOutputStream:75 - [STDERR_REDIRECT] 
2025-03-02 15:06:11,282 [ERROR] LogOutputStream:75 - [STDERR_REDIRECT] [Fatal Error] :1:1: Premature end of file.
2025-03-02 15:06:11,282 [ERROR] LogOutputStream:75 - [STDERR_REDIRECT] 
2025-03-02 15:06:12,250 [ERROR] LogOutputStream:75 - [STDERR_REDIRECT] [Fatal Error] :1:1: Premature end of file.
2025-03-02 15:06:12,250 [ERROR] LogOutputStream:75 - [STDERR_REDIRECT] 
2025-03-02 15:06:13,256 [ERROR] LogOutputStream:75 - [STDERR_REDIRECT] [Fatal Error] :1:1: Premature end of file.
2025-03-02 15:06:13,256 [ERROR] LogOutputStream:75 - [STDERR_REDIRECT] 
2025-03-02 15:06:14,239 [ERROR] LogOutputStream:75 - [STDERR_REDIRECT] [Fatal Error] :1:1: Premature end of file.
2025-03-02 15:06:14,239 [ERROR] LogOutputStream:75 - [STDERR_REDIRECT] 
2025-03-02 15:06:15,255 [ERROR] LogOutputStream:75 - [STDERR_REDIRECT] [Fatal Error] :1:1: Premature end of file.
2025-03-02 15:06:15,255 [ERROR] LogOutputStream:75 - [STDERR_REDIRECT] 
2025-03-02 15:06:16,246 [ERROR] LogOutputStream:75 - [STDERR_REDIRECT] [Fatal Error] :1:1: Premature end of file.
2025-03-02 15:06:16,246 [ERROR] LogOutputStream:75 - [STDERR_REDIRECT] 
2025-03-02 15:06:17,238 [ERROR] LogOutputStream:75 - [STDERR_REDIRECT] [Fatal Error] :1:1: Premature end of file.
2025-03-02 15:06:17,238 [ERROR] LogOutputStream:75 - [STDERR_REDIRECT] 
2025-03-02 15:06:18,242 [ERROR] LogOutputStream:75 - [STDERR_REDIRECT] [Fatal Error] :1:1: Premature end of file.
2025-03-02 15:06:18,242 [ERROR] LogOutputStream:75 - [STDERR_REDIRECT] 
2025-03-02 15:06:19,266 [ERROR] LogOutputStream:75 - [STDERR_REDIRECT] [Fatal Error] :1:1: Premature end of file.
2025-03-02 15:06:19,266 [ERROR] LogOutputStream:75 - [STDERR_REDIRECT] 
2025-03-02 15:06:20,248 [ERROR] LogOutputStream:75 - [STDERR_REDIRECT] [Fatal Error] :1:1: Premature end of file.
2025-03-02 15:06:20,248 [ERROR] LogOutputStream:75 - [STDERR_REDIRECT] 
2025-03-02 15:06:21,269 [ERROR] LogOutputStream:75 - [STDERR_REDIRECT] [Fatal Error] :1:1: Premature end of file.
2025-03-02 15:06:21,269 [ERROR] LogOutputStream:75 - [STDERR_REDIRECT] 
2025-03-02 15:06:22,272 [ERROR] LogOutputStream:75 - [STDERR_REDIRECT] [Fatal Error] :1:1: Premature end of file.
2025-03-02 15:06:22,272 [ERROR] LogOutputStream:75 - [STDERR_REDIRECT] 
2025-03-02 15:06:23,272 [ERROR] LogOutputStream:75 - [STDERR_REDIRECT] [Fatal Error] :1:1: Premature end of file.
2025-03-02 15:06:23,272 [ERROR] LogOutputStream:75 - [STDERR_REDIRECT] 
2025-03-02 15:06:24,276 [ERROR] LogOutputStream:75 - [STDERR_REDIRECT] [Fatal Error] :1:1: Premature end of file.
2025-03-02 15:06:24,283 [ERROR] LogOutputStream:75 - [STDERR_REDIRECT] 
2025-03-02 15:06:25,267 [ERROR] LogOutputStream:75 - [STDERR_REDIRECT] [Fatal Error] :1:1: Premature end of file.
2025-03-02 15:06:25,270 [ERROR] LogOutputStream:75 - [STDERR_REDIRECT] 
2025-03-02 15:06:26,282 [ERROR] LogOutputStream:75 - [STDERR_REDIRECT] [Fatal Error] :1:1: Premature end of file.
2025-03-02 15:06:26,282 [ERROR] LogOutputStream:75 - [STDERR_REDIRECT] 
2025-03-02 15:06:27,269 [ERROR] LogOutputStream:75 - [STDERR_REDIRECT] [Fatal Error] :1:1: Premature end of file.
2025-03-02 15:06:27,269 [ERROR] LogOutputStream:75 - [STDERR_REDIRECT] 
2025-03-02 15:06:28,278 [ERROR] LogOutputStream:75 - [STDERR_REDIRECT] [Fatal Error] :1:1: Premature end of file.
2025-03-02 15:06:28,278 [ERROR] LogOutputStream:75 - [STDERR_REDIRECT] 
2025-03-02 15:06:29,278 [ERROR] LogOutputStream:75 - [STDERR_REDIRECT] [Fatal Error] :1:1: Premature end of file.
2025-03-02 15:06:29,278 [ERROR] LogOutputStream:75 - [STDERR_REDIRECT] 
2025-03-02 15:06:30,271 [ERROR] LogOutputStream:75 - [STDERR_REDIRECT] [Fatal Error] :1:1: Premature end of file.
2025-03-02 15:06:30,274 [ERROR] LogOutputStream:75 - [STDERR_REDIRECT] 
2025-03-02 15:06:31,270 [ERROR] LogOutputStream:75 - [STDERR_REDIRECT] [Fatal Error] :1:1: Premature end of file.
2025-03-02 15:06:31,270 [ERROR] LogOutputStream:75 - [STDERR_REDIRECT] 
2025-03-02 15:06:32,277 [ERROR] LogOutputStream:75 - [STDERR_REDIRECT] [Fatal Error] :1:1: Premature end of file.
2025-03-02 15:06:32,277 [ERROR] LogOutputStream:75 - [STDERR_REDIRECT] 
2025-03-02 15:06:33,269 [ERROR] LogOutputStream:75 - [STDERR_REDIRECT] [Fatal Error] :1:1: Premature end of file.
2025-03-02 15:06:33,269 [ERROR] LogOutputStream:75 - [STDERR_REDIRECT] 
2025-03-02 15:06:34,280 [ERROR] LogOutputStream:75 - [STDERR_REDIRECT] [Fatal Error] :1:1: Premature end of file.
2025-03-02 15:06:34,280 [ERROR] LogOutputStream:75 - [STDERR_REDIRECT] 
2025-03-02 15:06:35,281 [ERROR] LogOutputStream:75 - [STDERR_REDIRECT] [Fatal Error] :1:1: Premature end of file.
2025-03-02 15:06:35,281 [ERROR] LogOutputStream:75 - [STDERR_REDIRECT] 
2025-03-02 15:06:36,271 [ERROR] LogOutputStream:75 - [STDERR_REDIRECT] [Fatal Error] :1:1: Premature end of file.
2025-03-02 15:06:36,271 [ERROR] LogOutputStream:75 - [STDERR_REDIRECT] 
2025-03-02 15:06:37,272 [ERROR] LogOutputStream:75 - [STDERR_REDIRECT] [Fatal Error] :1:1: Premature end of file.
2025-03-02 15:06:37,272 [ERROR] LogOutputStream:75 - [STDERR_REDIRECT] 
2025-03-02 15:06:38,268 [ERROR] LogOutputStream:75 - [STDERR_REDIRECT] [Fatal Error] :1:1: Premature end of file.
2025-03-02 15:06:38,268 [ERROR] LogOutputStream:75 - [STDERR_REDIRECT] 
2025-03-02 15:06:39,254 [ERROR] LogOutputStream:75 - [STDERR_REDIRECT] [Fatal Error] :1:1: Premature end of file.
2025-03-02 15:06:39,254 [ERROR] LogOutputStream:75 - [STDERR_REDIRECT] 
2025-03-02 15:06:40,268 [ERROR] LogOutputStream:75 - [STDERR_REDIRECT] [Fatal Error] :1:1: Premature end of file.
2025-03-02 15:06:40,268 [ERROR] LogOutputStream:75 - [STDERR_REDIRECT] 
2025-03-02 15:06:41,274 [ERROR] LogOutputStream:75 - [STDERR_REDIRECT] [Fatal Error] :1:1: Premature end of file.
2025-03-02 15:06:41,274 [ERROR] LogOutputStream:75 - [STDERR_REDIRECT] 
2025-03-02 15:06:42,272 [ERROR] LogOutputStream:75 - [STDERR_REDIRECT] [Fatal Error] :1:1: Premature end of file.
2025-03-02 15:06:42,272 [ERROR] LogOutputStream:75 - [STDERR_REDIRECT] 
2025-03-02 15:06:43,256 [ERROR] LogOutputStream:75 - [STDERR_REDIRECT] [Fatal Error] :1:1: Premature end of file.
2025-03-02 15:06:43,256 [ERROR] LogOutputStream:75 - [STDERR_REDIRECT] 
2025-03-02 15:06:44,254 [ERROR] LogOutputStream:75 - [STDERR_REDIRECT] [Fatal Error] :1:1: Premature end of file.
2025-03-02 15:06:44,254 [ERROR] LogOutputStream:75 - [STDERR_REDIRECT] 
2025-03-02 15:06:45,271 [ERROR] LogOutputStream:75 - [STDERR_REDIRECT] [Fatal Error] :1:1: Premature end of file.
2025-03-02 15:06:45,271 [ERROR] LogOutputStream:75 - [STDERR_REDIRECT] 
2025-03-02 15:06:46,283 [ERROR] LogOutputStream:75 - [STDERR_REDIRECT] [Fatal Error] :1:1: Premature end of file.
2025-03-02 15:06:46,283 [ERROR] LogOutputStream:75 - [STDERR_REDIRECT] 
2025-03-02 15:06:47,274 [ERROR] LogOutputStream:75 - [STDERR_REDIRECT] [Fatal Error] :1:1: Premature end of file.
2025-03-02 15:06:47,274 [ERROR] LogOutputStream:75 - [STDERR_REDIRECT] 
2025-03-02 15:06:48,269 [ERROR] LogOutputStream:75 - [STDERR_REDIRECT] [Fatal Error] :1:1: Premature end of file.
2025-03-02 15:06:48,269 [ERROR] LogOutputStream:75 - [STDERR_REDIRECT] 
2025-03-02 15:06:49,272 [ERROR] LogOutputStream:75 - [STDERR_REDIRECT] [Fatal Error] :1:1: Premature end of file.
2025-03-02 15:06:49,272 [ERROR] LogOutputStream:75 - [STDERR_REDIRECT] 
2025-03-02 15:06:50,275 [ERROR] LogOutputStream:75 - [STDERR_REDIRECT] [Fatal Error] :1:1: Premature end of file.
2025-03-02 15:06:50,275 [ERROR] LogOutputStream:75 - [STDERR_REDIRECT] 
2025-03-02 15:06:51,275 [ERROR] LogOutputStream:75 - [STDERR_REDIRECT] [Fatal Error] :1:1: Premature end of file.
2025-03-02 15:06:51,275 [ERROR] LogOutputStream:75 - [STDERR_REDIRECT] 
2025-03-02 15:06:52,262 [ERROR] LogOutputStream:75 - [STDERR_REDIRECT] [Fatal Error] :1:1: Premature end of file.
2025-03-02 15:06:52,262 [ERROR] LogOutputStream:75 - [STDERR_REDIRECT] 
2025-03-02 15:06:53,276 [ERROR] LogOutputStream:75 - [STDERR_REDIRECT] [Fatal Error] :1:1: Premature end of file.
2025-03-02 15:06:53,276 [ERROR] LogOutputStream:75 - [STDERR_REDIRECT] 
2025-03-02 15:06:54,271 [ERROR] LogOutputStream:75 - [STDERR_REDIRECT] [Fatal Error] :1:1: Premature end of file.
2025-03-02 15:06:54,271 [ERROR] LogOutputStream:75 - [STDERR_REDIRECT] 
2025-03-02 15:06:55,253 [ERROR] LogOutputStream:75 - [STDERR_REDIRECT] [Fatal Error] :1:1: Premature end of file.
2025-03-02 15:06:55,253 [ERROR] LogOutputStream:75 - [STDERR_REDIRECT] 
2025-03-02 15:06:56,283 [ERROR] LogOutputStream:75 - [STDERR_REDIRECT] [Fatal Error] :1:1: Premature end of file.
2025-03-02 15:06:56,283 [ERROR] LogOutputStream:75 - [STDERR_REDIRECT] 
2025-03-02 15:06:57,268 [ERROR] LogOutputStream:75 - [STDERR_REDIRECT] [Fatal Error] :1:1: Premature end of file.
2025-03-02 15:06:57,268 [ERROR] LogOutputStream:75 - [STDERR_REDIRECT] 
2025-03-02 15:06:58,273 [ERROR] LogOutputStream:75 - [STDERR_REDIRECT] [Fatal Error] :1:1: Premature end of file.
2025-03-02 15:06:58,273 [ERROR] LogOutputStream:75 - [STDERR_REDIRECT] 
2025-03-02 15:06:59,272 [ERROR] LogOutputStream:75 - [STDERR_REDIRECT] [Fatal Error] :1:1: Premature end of file.
2025-03-02 15:06:59,272 [ERROR] LogOutputStream:75 - [STDERR_REDIRECT] 
2025-03-02 15:07:00,271 [ERROR] LogOutputStream:75 - [STDERR_REDIRECT] [Fatal Error] :1:1: Premature end of file.
2025-03-02 15:07:00,271 [ERROR] LogOutputStream:75 - [STDERR_REDIRECT] 
2025-03-02 15:07:01,273 [ERROR] LogOutputStream:75 - [STDERR_REDIRECT] [Fatal Error] :1:1: Premature end of file.
2025-03-02 15:07:01,273 [ERROR] LogOutputStream:75 - [STDERR_REDIRECT] 
2025-03-02 15:07:02,272 [ERROR] LogOutputStream:75 - [STDERR_REDIRECT] [Fatal Error] :1:1: Premature end of file.
2025-03-02 15:07:02,272 [ERROR] LogOutputStream:75 - [STDERR_REDIRECT] 
2025-03-02 15:07:03,273 [ERROR] LogOutputStream:75 - [STDERR_REDIRECT] [Fatal Error] :1:1: Premature end of file.
2025-03-02 15:07:03,273 [ERROR] LogOutputStream:75 - [STDERR_REDIRECT] 
2025-03-02 15:07:04,272 [ERROR] LogOutputStream:75 - [STDERR_REDIRECT] [Fatal Error] :1:1: Premature end of file.
2025-03-02 15:07:04,272 [ERROR] LogOutputStream:75 - [STDERR_REDIRECT] 
2025-03-02 15:07:05,271 [ERROR] LogOutputStream:75 - [STDERR_REDIRECT] [Fatal Error] :1:1: Premature end of file.
2025-03-02 15:07:05,276 [ERROR] LogOutputStream:75 - [STDERR_REDIRECT] 
2025-03-02 15:07:06,270 [ERROR] LogOutputStream:75 - [STDERR_REDIRECT] [Fatal Error] :1:1: Premature end of file.
2025-03-02 15:07:06,270 [ERROR] LogOutputStream:75 - [STDERR_REDIRECT] 
2025-03-02 15:07:07,282 [ERROR] LogOutputStream:75 - [STDERR_REDIRECT] [Fatal Error] :1:1: Premature end of file.
2025-03-02 15:07:07,282 [ERROR] LogOutputStream:75 - [STDERR_REDIRECT] 
2025-03-02 15:07:08,266 [ERROR] LogOutputStream:75 - [STDERR_REDIRECT] [Fatal Error] :1:1: Premature end of file.
2025-03-02 15:07:08,266 [ERROR] LogOutputStream:75 - [STDERR_REDIRECT] 
2025-03-02 15:07:09,272 [ERROR] LogOutputStream:75 - [STDERR_REDIRECT] [Fatal Error] :1:1: Premature end of file.
2025-03-02 15:07:09,272 [ERROR] LogOutputStream:75 - [STDERR_REDIRECT] 
2025-03-02 15:07:10,269 [ERROR] LogOutputStream:75 - [STDERR_REDIRECT] [Fatal Error] :1:1: Premature end of file.
2025-03-02 15:07:10,269 [ERROR] LogOutputStream:75 - [STDERR_REDIRECT] 
2025-03-02 15:07:11,258 [ERROR] LogOutputStream:75 - [STDERR_REDIRECT] [Fatal Error] :1:1: Premature end of file.
2025-03-02 15:07:11,258 [ERROR] LogOutputStream:75 - [STDERR_REDIRECT] 
2025-03-02 15:07:12,269 [ERROR] LogOutputStream:75 - [STDERR_REDIRECT] [Fatal Error] :1:1: Premature end of file.
2025-03-02 15:07:12,269 [ERROR] LogOutputStream:75 - [STDERR_REDIRECT] 
2025-03-02 15:07:13,274 [ERROR] LogOutputStream:75 - [STDERR_REDIRECT] [Fatal Error] :1:1: Premature end of file.
2025-03-02 15:07:13,274 [ERROR] LogOutputStream:75 - [STDERR_REDIRECT] 
2025-03-02 15:07:14,272 [ERROR] LogOutputStream:75 - [STDERR_REDIRECT] [Fatal Error] :1:1: Premature end of file.
2025-03-02 15:07:14,272 [ERROR] LogOutputStream:75 - [STDERR_REDIRECT] 
2025-03-02 15:07:15,271 [ERROR] LogOutputStream:75 - [STDERR_REDIRECT] [Fatal Error] :1:1: Premature end of file.
2025-03-02 15:07:15,271 [ERROR] LogOutputStream:75 - [STDERR_REDIRECT] 
2025-03-02 15:07:16,271 [ERROR] LogOutputStream:75 - [STDERR_REDIRECT] [Fatal Error] :1:1: Premature end of file.
2025-03-02 15:07:16,271 [ERROR] LogOutputStream:75 - [STDERR_REDIRECT] 
2025-03-02 15:07:17,271 [ERROR] LogOutputStream:75 - [STDERR_REDIRECT] [Fatal Error] :1:1: Premature end of file.
2025-03-02 15:07:17,271 [ERROR] LogOutputStream:75 - [STDERR_REDIRECT] 
2025-03-02 15:07:18,273 [ERROR] LogOutputStream:75 - [STDERR_REDIRECT] [Fatal Error] :1:1: Premature end of file.
2025-03-02 15:07:18,273 [ERROR] LogOutputStream:75 - [STDERR_REDIRECT] 
2025-03-02 15:07:19,270 [ERROR] LogOutputStream:75 - [STDERR_REDIRECT] [Fatal Error] :1:1: Premature end of file.
2025-03-02 15:07:19,270 [ERROR] LogOutputStream:75 - [STDERR_REDIRECT] 
2025-03-02 15:07:20,283 [ERROR] LogOutputStream:75 - [STDERR_REDIRECT] [Fatal Error] :1:1: Premature end of file.
2025-03-02 15:07:20,283 [ERROR] LogOutputStream:75 - [STDERR_REDIRECT] 
2025-03-02 15:07:21,273 [ERROR] LogOutputStream:75 - [STDERR_REDIRECT] [Fatal Error] :1:1: Premature end of file.
2025-03-02 15:07:21,273 [ERROR] LogOutputStream:75 - [STDERR_REDIRECT] 
2025-03-02 15:07:22,271 [ERROR] LogOutputStream:75 - [STDERR_REDIRECT] [Fatal Error] :1:1: Premature end of file.
2025-03-02 15:07:22,271 [ERROR] LogOutputStream:75 - [STDERR_REDIRECT] 
2025-03-02 15:07:23,271 [ERROR] LogOutputStream:75 - [STDERR_REDIRECT] [Fatal Error] :1:1: Premature end of file.
2025-03-02 15:07:23,271 [ERROR] LogOutputStream:75 - [STDERR_REDIRECT] 
2025-03-02 15:07:24,239 [ERROR] LogOutputStream:75 - [STDERR_REDIRECT] [Fatal Error] :1:1: Premature end of file.
2025-03-02 15:07:24,239 [ERROR] LogOutputStream:75 - [STDERR_REDIRECT] 
2025-03-02 15:07:25,270 [ERROR] LogOutputStream:75 - [STDERR_REDIRECT] [Fatal Error] :1:1: Premature end of file.
2025-03-02 15:07:25,270 [ERROR] LogOutputStream:75 - [STDERR_REDIRECT] 
2025-03-02 15:07:26,250 [ERROR] LogOutputStream:75 - [STDERR_REDIRECT] [Fatal Error] :1:1: Premature end of file.
2025-03-02 15:07:26,250 [ERROR] LogOutputStream:75 - [STDERR_REDIRECT] 
2025-03-02 15:07:27,288 [ERROR] LogOutputStream:75 - [STDERR_REDIRECT] [Fatal Error] :1:1: Premature end of file.
2025-03-02 15:07:27,288 [ERROR] LogOutputStream:75 - [STDERR_REDIRECT] 
2025-03-02 15:07:28,273 [ERROR] LogOutputStream:75 - [STDERR_REDIRECT] [Fatal Error] :1:1: Premature end of file.
2025-03-02 15:07:28,273 [ERROR] LogOutputStream:75 - [STDERR_REDIRECT] 
2025-03-02 15:07:29,273 [ERROR] LogOutputStream:75 - [STDERR_REDIRECT] [Fatal Error] :1:1: Premature end of file.
2025-03-02 15:07:29,273 [ERROR] LogOutputStream:75 - [STDERR_REDIRECT] 
2025-03-02 15:07:30,274 [ERROR] LogOutputStream:75 - [STDERR_REDIRECT] [Fatal Error] :1:1: Premature end of file.
2025-03-02 15:07:30,274 [ERROR] LogOutputStream:75 - [STDERR_REDIRECT] 
2025-03-02 15:07:31,273 [ERROR] LogOutputStream:75 - [STDERR_REDIRECT] [Fatal Error] :1:1: Premature end of file.
2025-03-02 15:07:31,273 [ERROR] LogOutputStream:75 - [STDERR_REDIRECT] 
2025-03-02 15:07:32,274 [ERROR] LogOutputStream:75 - [STDERR_REDIRECT] [Fatal Error] :1:1: Premature end of file.
2025-03-02 15:07:32,274 [ERROR] LogOutputStream:75 - [STDERR_REDIRECT] 
2025-03-02 15:07:33,267 [ERROR] LogOutputStream:75 - [STDERR_REDIRECT] [Fatal Error] :1:1: Premature end of file.
2025-03-02 15:07:33,267 [ERROR] LogOutputStream:75 - [STDERR_REDIRECT] 
2025-03-02 15:07:34,254 [ERROR] LogOutputStream:75 - [STDERR_REDIRECT] [Fatal Error] :1:1: Premature end of file.
2025-03-02 15:07:34,254 [ERROR] LogOutputStream:75 - [STDERR_REDIRECT] 
2025-03-02 15:07:35,286 [ERROR] LogOutputStream:75 - [STDERR_REDIRECT] [Fatal Error] :1:1: Premature end of file.
2025-03-02 15:07:35,286 [ERROR] LogOutputStream:75 - [STDERR_REDIRECT] 
2025-03-02 15:07:36,271 [ERROR] LogOutputStream:75 - [STDERR_REDIRECT] [Fatal Error] :1:1: Premature end of file.
2025-03-02 15:07:36,271 [ERROR] LogOutputStream:75 - [STDERR_REDIRECT] 
2025-03-02 15:07:37,271 [ERROR] LogOutputStream:75 - [STDERR_REDIRECT] [Fatal Error] :1:1: Premature end of file.
2025-03-02 15:07:37,271 [ERROR] LogOutputStream:75 - [STDERR_REDIRECT] 
2025-03-02 15:07:38,268 [ERROR] LogOutputStream:75 - [STDERR_REDIRECT] [Fatal Error] :1:1: Premature end of file.
2025-03-02 15:07:38,268 [ERROR] LogOutputStream:75 - [STDERR_REDIRECT] 
2025-03-02 15:07:39,272 [ERROR] LogOutputStream:75 - [STDERR_REDIRECT] [Fatal Error] :1:1: Premature end of file.
2025-03-02 15:07:39,272 [ERROR] LogOutputStream:75 - [STDERR_REDIRECT] 
2025-03-02 15:07:40,271 [ERROR] LogOutputStream:75 - [STDERR_REDIRECT] [Fatal Error] :1:1: Premature end of file.
2025-03-02 15:07:40,271 [ERROR] LogOutputStream:75 - [STDERR_REDIRECT] 
2025-03-02 15:07:41,271 [ERROR] LogOutputStream:75 - [STDERR_REDIRECT] [Fatal Error] :1:1: Premature end of file.
2025-03-02 15:07:41,271 [ERROR] LogOutputStream:75 - [STDERR_REDIRECT] 
2025-03-02 15:07:42,274 [ERROR] LogOutputStream:75 - [STDERR_REDIRECT] [Fatal Error] :1:1: Premature end of file.
2025-03-02 15:07:42,274 [ERROR] LogOutputStream:75 - [STDERR_REDIRECT] 
2025-03-02 15:07:43,271 [ERROR] LogOutputStream:75 - [STDERR_REDIRECT] [Fatal Error] :1:1: Premature end of file.
2025-03-02 15:07:43,271 [ERROR] LogOutputStream:75 - [STDERR_REDIRECT] 
2025-03-02 15:07:44,271 [ERROR] LogOutputStream:75 - [STDERR_REDIRECT] [Fatal Error] :1:1: Premature end of file.
2025-03-02 15:07:44,271 [ERROR] LogOutputStream:75 - [STDERR_REDIRECT] 
2025-03-02 15:07:45,269 [ERROR] LogOutputStream:75 - [STDERR_REDIRECT] [Fatal Error] :1:1: Premature end of file.
2025-03-02 15:07:45,269 [ERROR] LogOutputStream:75 - [STDERR_REDIRECT] 
2025-03-02 15:07:46,269 [ERROR] LogOutputStream:75 - [STDERR_REDIRECT] [Fatal Error] :1:1: Premature end of file.
2025-03-02 15:07:46,269 [ERROR] LogOutputStream:75 - [STDERR_REDIRECT] 
2025-03-02 15:07:47,271 [ERROR] LogOutputStream:75 - [STDERR_REDIRECT] [Fatal Error] :1:1: Premature end of file.
2025-03-02 15:07:47,271 [ERROR] LogOutputStream:75 - [STDERR_REDIRECT] 
2025-03-02 15:07:48,273 [ERROR] LogOutputStream:75 - [STDERR_REDIRECT] [Fatal Error] :1:1: Premature end of file.
2025-03-02 15:07:48,273 [ERROR] LogOutputStream:75 - [STDERR_REDIRECT] 
2025-03-02 15:07:49,271 [ERROR] LogOutputStream:75 - [STDERR_REDIRECT] [Fatal Error] :1:1: Premature end of file.
2025-03-02 15:07:49,271 [ERROR] LogOutputStream:75 - [STDERR_REDIRECT] 
2025-03-02 15:07:50,258 [ERROR] LogOutputStream:75 - [STDERR_REDIRECT] [Fatal Error] :1:1: Premature end of file.
2025-03-02 15:07:50,258 [ERROR] LogOutputStream:75 - [STDERR_REDIRECT] 
2025-03-02 15:07:51,273 [ERROR] LogOutputStream:75 - [STDERR_REDIRECT] [Fatal Error] :1:1: Premature end of file.
2025-03-02 15:07:51,273 [ERROR] LogOutputStream:75 - [STDERR_REDIRECT] 
2025-03-02 15:07:52,258 [ERROR] LogOutputStream:75 - [STDERR_REDIRECT] [Fatal Error] :1:1: Premature end of file.
2025-03-02 15:07:52,258 [ERROR] LogOutputStream:75 - [STDERR_REDIRECT] 
2025-03-02 15:07:53,273 [ERROR] LogOutputStream:75 - [STDERR_REDIRECT] [Fatal Error] :1:1: Premature end of file.
2025-03-02 15:07:53,273 [ERROR] LogOutputStream:75 - [STDERR_REDIRECT] 
2025-03-02 15:07:54,272 [ERROR] LogOutputStream:75 - [STDERR_REDIRECT] [Fatal Error] :1:1: Premature end of file.
2025-03-02 15:07:54,272 [ERROR] LogOutputStream:75 - [STDERR_REDIRECT] 
2025-03-02 15:07:55,269 [ERROR] LogOutputStream:75 - [STDERR_REDIRECT] [Fatal Error] :1:1: Premature end of file.
2025-03-02 15:07:55,269 [ERROR] LogOutputStream:75 - [STDERR_REDIRECT] 
2025-03-02 15:07:56,270 [ERROR] LogOutputStream:75 - [STDERR_REDIRECT] [Fatal Error] :1:1: Premature end of file.
2025-03-02 15:07:56,270 [ERROR] LogOutputStream:75 - [STDERR_REDIRECT] 
2025-03-02 15:07:57,272 [ERROR] LogOutputStream:75 - [STDERR_REDIRECT] [Fatal Error] :1:1: Premature end of file.
2025-03-02 15:07:57,272 [ERROR] LogOutputStream:75 - [STDERR_REDIRECT] 
2025-03-02 15:07:58,270 [ERROR] LogOutputStream:75 - [STDERR_REDIRECT] [Fatal Error] :1:1: Premature end of file.
2025-03-02 15:07:58,270 [ERROR] LogOutputStream:75 - [STDERR_REDIRECT] 
2025-03-02 15:07:59,270 [ERROR] LogOutputStream:75 - [STDERR_REDIRECT] [Fatal Error] :1:1: Premature end of file.
2025-03-02 15:07:59,270 [ERROR] LogOutputStream:75 - [STDERR_REDIRECT] 
2025-03-02 15:08:00,267 [ERROR] LogOutputStream:75 - [STDERR_REDIRECT] [Fatal Error] :1:1: Premature end of file.
2025-03-02 15:08:00,269 [ERROR] LogOutputStream:75 - [STDERR_REDIRECT] 
2025-03-02 15:08:01,269 [ERROR] LogOutputStream:75 - [STDERR_REDIRECT] [Fatal Error] :1:1: Premature end of file.
2025-03-02 15:08:01,269 [ERROR] LogOutputStream:75 - [STDERR_REDIRECT] 
2025-03-02 15:08:02,274 [ERROR] LogOutputStream:75 - [STDERR_REDIRECT] [Fatal Error] :1:1: Premature end of file.
2025-03-02 15:08:02,279 [ERROR] LogOutputStream:75 - [STDERR_REDIRECT] 
2025-03-02 15:08:03,269 [ERROR] LogOutputStream:75 - [STDERR_REDIRECT] [Fatal Error] :1:1: Premature end of file.
2025-03-02 15:08:03,269 [ERROR] LogOutputStream:75 - [STDERR_REDIRECT] 
2025-03-02 15:08:04,269 [ERROR] LogOutputStream:75 - [STDERR_REDIRECT] [Fatal Error] :1:1: Premature end of file.
2025-03-02 15:08:04,269 [ERROR] LogOutputStream:75 - [STDERR_REDIRECT] 
2025-03-02 15:08:05,271 [ERROR] LogOutputStream:75 - [STDERR_REDIRECT] [Fatal Error] :1:1: Premature end of file.
2025-03-02 15:08:05,271 [ERROR] LogOutputStream:75 - [STDERR_REDIRECT] 
2025-03-02 15:08:06,268 [ERROR] LogOutputStream:75 - [STDERR_REDIRECT] [Fatal Error] :1:1: Premature end of file.
2025-03-02 15:08:06,268 [ERROR] LogOutputStream:75 - [STDERR_REDIRECT] 
2025-03-02 15:08:07,274 [ERROR] LogOutputStream:75 - [STDERR_REDIRECT] [Fatal Error] :1:1: Premature end of file.
2025-03-02 15:08:07,274 [ERROR] LogOutputStream:75 - [STDERR_REDIRECT] 
2025-03-02 15:08:08,254 [ERROR] LogOutputStream:75 - [STDERR_REDIRECT] [Fatal Error] :1:1: Premature end of file.
2025-03-02 15:08:08,254 [ERROR] LogOutputStream:75 - [STDERR_REDIRECT] 
2025-03-02 15:08:09,269 [ERROR] LogOutputStream:75 - [STDERR_REDIRECT] [Fatal Error] :1:1: Premature end of file.
2025-03-02 15:08:09,269 [ERROR] LogOutputStream:75 - [STDERR_REDIRECT] 
2025-03-02 15:08:10,269 [ERROR] LogOutputStream:75 - [STDERR_REDIRECT] [Fatal Error] :1:1: Premature end of file.
2025-03-02 15:08:10,269 [ERROR] LogOutputStream:75 - [STDERR_REDIRECT] 
2025-03-02 15:08:11,274 [ERROR] LogOutputStream:75 - [STDERR_REDIRECT] [Fatal Error] :1:1: Premature end of file.
2025-03-02 15:08:11,274 [ERROR] LogOutputStream:75 - [STDERR_REDIRECT] 
2025-03-02 15:08:12,273 [ERROR] LogOutputStream:75 - [STDERR_REDIRECT] [Fatal Error] :1:1: Premature end of file.
2025-03-02 15:08:12,273 [ERROR] LogOutputStream:75 - [STDERR_REDIRECT] 
2025-03-02 15:08:13,270 [ERROR] LogOutputStream:75 - [STDERR_REDIRECT] [Fatal Error] :1:1: Premature end of file.
2025-03-02 15:08:13,270 [ERROR] LogOutputStream:75 - [STDERR_REDIRECT] 
2025-03-02 15:08:14,281 [ERROR] LogOutputStream:75 - [STDERR_REDIRECT] [Fatal Error] :1:1: Premature end of file.
2025-03-02 15:08:14,281 [ERROR] LogOutputStream:75 - [STDERR_REDIRECT] 
2025-03-02 15:08:15,258 [ERROR] LogOutputStream:75 - [STDERR_REDIRECT] [Fatal Error] :1:1: Premature end of file.
2025-03-02 15:08:15,258 [ERROR] LogOutputStream:75 - [STDERR_REDIRECT] 
2025-03-02 15:08:16,271 [ERROR] LogOutputStream:75 - [STDERR_REDIRECT] [Fatal Error] :1:1: Premature end of file.
2025-03-02 15:08:16,271 [ERROR] LogOutputStream:75 - [STDERR_REDIRECT] 
2025-03-02 15:08:17,271 [ERROR] LogOutputStream:75 - [STDERR_REDIRECT] [Fatal Error] :1:1: Premature end of file.
2025-03-02 15:08:17,271 [ERROR] LogOutputStream:75 - [STDERR_REDIRECT] 
2025-03-02 15:08:18,273 [ERROR] LogOutputStream:75 - [STDERR_REDIRECT] [Fatal Error] :1:1: Premature end of file.
2025-03-02 15:08:18,273 [ERROR] LogOutputStream:75 - [STDERR_REDIRECT] 
2025-03-02 15:08:19,271 [ERROR] LogOutputStream:75 - [STDERR_REDIRECT] [Fatal Error] :1:1: Premature end of file.
2025-03-02 15:08:19,271 [ERROR] LogOutputStream:75 - [STDERR_REDIRECT] 
2025-03-02 15:08:20,272 [ERROR] LogOutputStream:75 - [STDERR_REDIRECT] [Fatal Error] :1:1: Premature end of file.
2025-03-02 15:08:20,272 [ERROR] LogOutputStream:75 - [STDERR_REDIRECT] 
2025-03-02 15:08:21,256 [ERROR] LogOutputStream:75 - [STDERR_REDIRECT] [Fatal Error] :1:1: Premature end of file.
2025-03-02 15:08:21,256 [ERROR] LogOutputStream:75 - [STDERR_REDIRECT] 
2025-03-02 15:08:22,270 [ERROR] LogOutputStream:75 - [STDERR_REDIRECT] [Fatal Error] :1:1: Premature end of file.
2025-03-02 15:08:22,270 [ERROR] LogOutputStream:75 - [STDERR_REDIRECT] 
2025-03-02 15:08:23,277 [ERROR] LogOutputStream:75 - [STDERR_REDIRECT] [Fatal Error] :1:1: Premature end of file.
2025-03-02 15:08:23,277 [ERROR] LogOutputStream:75 - [STDERR_REDIRECT] 
2025-03-02 15:08:24,272 [ERROR] LogOutputStream:75 - [STDERR_REDIRECT] [Fatal Error] :1:1: Premature end of file.
2025-03-02 15:08:24,272 [ERROR] LogOutputStream:75 - [STDERR_REDIRECT] 
2025-03-02 15:08:25,252 [ERROR] LogOutputStream:75 - [STDERR_REDIRECT] [Fatal Error] :1:1: Premature end of file.
2025-03-02 15:08:25,252 [ERROR] LogOutputStream:75 - [STDERR_REDIRECT] 
2025-03-02 15:08:26,264 [ERROR] LogOutputStream:75 - [STDERR_REDIRECT] [Fatal Error] :1:1: Premature end of file.
2025-03-02 15:08:26,264 [ERROR] LogOutputStream:75 - [STDERR_REDIRECT] 
2025-03-02 15:08:27,274 [ERROR] LogOutputStream:75 - [STDERR_REDIRECT] [Fatal Error] :1:1: Premature end of file.
2025-03-02 15:08:27,276 [ERROR] LogOutputStream:75 - [STDERR_REDIRECT] 
2025-03-02 15:08:28,271 [ERROR] LogOutputStream:75 - [STDERR_REDIRECT] [Fatal Error] :1:1: Premature end of file.
2025-03-02 15:08:28,271 [ERROR] LogOutputStream:75 - [STDERR_REDIRECT] 
2025-03-02 15:08:29,269 [ERROR] LogOutputStream:75 - [STDERR_REDIRECT] [Fatal Error] :1:1: Premature end of file.
2025-03-02 15:08:29,269 [ERROR] LogOutputStream:75 - [STDERR_REDIRECT] 
2025-03-02 15:08:30,257 [ERROR] LogOutputStream:75 - [STDERR_REDIRECT] [Fatal Error] :1:1: Premature end of file.
2025-03-02 15:08:30,257 [ERROR] LogOutputStream:75 - [STDERR_REDIRECT] 
2025-03-02 15:08:31,272 [ERROR] LogOutputStream:75 - [STDERR_REDIRECT] [Fatal Error] :1:1: Premature end of file.
2025-03-02 15:08:31,272 [ERROR] LogOutputStream:75 - [STDERR_REDIRECT] 
2025-03-02 15:08:32,270 [ERROR] LogOutputStream:75 - [STDERR_REDIRECT] [Fatal Error] :1:1: Premature end of file.
2025-03-02 15:08:32,270 [ERROR] LogOutputStream:75 - [STDERR_REDIRECT] 
2025-03-02 15:08:33,282 [ERROR] LogOutputStream:75 - [STDERR_REDIRECT] [Fatal Error] :1:1: Premature end of file.
2025-03-02 15:08:33,282 [ERROR] LogOutputStream:75 - [STDERR_REDIRECT] 
2025-03-02 15:08:34,270 [ERROR] LogOutputStream:75 - [STDERR_REDIRECT] [Fatal Error] :1:1: Premature end of file.
2025-03-02 15:08:34,270 [ERROR] LogOutputStream:75 - [STDERR_REDIRECT] 
2025-03-02 15:08:35,268 [ERROR] LogOutputStream:75 - [STDERR_REDIRECT] [Fatal Error] :1:1: Premature end of file.
2025-03-02 15:08:35,268 [ERROR] LogOutputStream:75 - [STDERR_REDIRECT] 
2025-03-02 15:08:36,275 [ERROR] LogOutputStream:75 - [STDERR_REDIRECT] [Fatal Error] :1:1: Premature end of file.
2025-03-02 15:08:36,277 [ERROR] LogOutputStream:75 - [STDERR_REDIRECT] 
2025-03-02 15:08:37,269 [ERROR] LogOutputStream:75 - [STDERR_REDIRECT] [Fatal Error] :1:1: Premature end of file.
2025-03-02 15:08:37,269 [ERROR] LogOutputStream:75 - [STDERR_REDIRECT] 
2025-03-02 15:08:38,276 [ERROR] LogOutputStream:75 - [STDERR_REDIRECT] [Fatal Error] :1:1: Premature end of file.
2025-03-02 15:08:38,276 [ERROR] LogOutputStream:75 - [STDERR_REDIRECT] 
2025-03-02 15:08:39,272 [ERROR] LogOutputStream:75 - [STDERR_REDIRECT] [Fatal Error] :1:1: Premature end of file.
2025-03-02 15:08:39,272 [ERROR] LogOutputStream:75 - [STDERR_REDIRECT] 
2025-03-02 15:08:40,274 [ERROR] LogOutputStream:75 - [STDERR_REDIRECT] [Fatal Error] :1:1: Premature end of file.
2025-03-02 15:08:40,274 [ERROR] LogOutputStream:75 - [STDERR_REDIRECT] 
2025-03-02 15:08:41,273 [ERROR] LogOutputStream:75 - [STDERR_REDIRECT] [Fatal Error] :1:1: Premature end of file.
2025-03-02 15:08:41,273 [ERROR] LogOutputStream:75 - [STDERR_REDIRECT] 
2025-03-02 15:08:42,269 [ERROR] LogOutputStream:75 - [STDERR_REDIRECT] [Fatal Error] :1:1: Premature end of file.
2025-03-02 15:08:42,269 [ERROR] LogOutputStream:75 - [STDERR_REDIRECT] 
2025-03-02 15:08:43,274 [ERROR] LogOutputStream:75 - [STDERR_REDIRECT] [Fatal Error] :1:1: Premature end of file.
2025-03-02 15:08:43,274 [ERROR] LogOutputStream:75 - [STDERR_REDIRECT] 
2025-03-02 15:08:44,272 [ERROR] LogOutputStream:75 - [STDERR_REDIRECT] [Fatal Error] :1:1: Premature end of file.
2025-03-02 15:08:44,272 [ERROR] LogOutputStream:75 - [STDERR_REDIRECT] 
2025-03-02 15:08:45,276 [ERROR] LogOutputStream:75 - [STDERR_REDIRECT] [Fatal Error] :1:1: Premature end of file.
2025-03-02 15:08:45,276 [ERROR] LogOutputStream:75 - [STDERR_REDIRECT] 
2025-03-02 15:08:46,278 [ERROR] LogOutputStream:75 - [STDERR_REDIRECT] [Fatal Error] :1:1: Premature end of file.
2025-03-02 15:08:46,278 [ERROR] LogOutputStream:75 - [STDERR_REDIRECT] 
2025-03-02 15:08:47,271 [ERROR] LogOutputStream:75 - [STDERR_REDIRECT] [Fatal Error] :1:1: Premature end of file.
2025-03-02 15:08:47,271 [ERROR] LogOutputStream:75 - [STDERR_REDIRECT] 
2025-03-02 15:08:48,278 [ERROR] LogOutputStream:75 - [STDERR_REDIRECT] [Fatal Error] :1:1: Premature end of file.
2025-03-02 15:08:48,278 [ERROR] LogOutputStream:75 - [STDERR_REDIRECT] 
2025-03-02 15:08:49,274 [ERROR] LogOutputStream:75 - [STDERR_REDIRECT] [Fatal Error] :1:1: Premature end of file.
2025-03-02 15:08:49,274 [ERROR] LogOutputStream:75 - [STDERR_REDIRECT] 
2025-03-02 15:08:50,272 [ERROR] LogOutputStream:75 - [STDERR_REDIRECT] [Fatal Error] :1:1: Premature end of file.
2025-03-02 15:08:50,272 [ERROR] LogOutputStream:75 - [STDERR_REDIRECT] 
2025-03-02 15:08:51,271 [ERROR] LogOutputStream:75 - [STDERR_REDIRECT] [Fatal Error] :1:1: Premature end of file.
2025-03-02 15:08:51,271 [ERROR] LogOutputStream:75 - [STDERR_REDIRECT] 
2025-03-02 15:08:52,272 [ERROR] LogOutputStream:75 - [STDERR_REDIRECT] [Fatal Error] :1:1: Premature end of file.
2025-03-02 15:08:52,272 [ERROR] LogOutputStream:75 - [STDERR_REDIRECT] 
2025-03-02 15:08:53,257 [ERROR] LogOutputStream:75 - [STDERR_REDIRECT] [Fatal Error] :1:1: Premature end of file.
2025-03-02 15:08:53,257 [ERROR] LogOutputStream:75 - [STDERR_REDIRECT] 
2025-03-02 15:08:54,268 [ERROR] LogOutputStream:75 - [STDERR_REDIRECT] [Fatal Error] :1:1: Premature end of file.
2025-03-02 15:08:54,268 [ERROR] LogOutputStream:75 - [STDERR_REDIRECT] 
2025-03-02 15:08:55,265 [ERROR] LogOutputStream:75 - [STDERR_REDIRECT] [Fatal Error] :1:1: Premature end of file.
2025-03-02 15:08:55,265 [ERROR] LogOutputStream:75 - [STDERR_REDIRECT] 
2025-03-02 15:08:56,273 [ERROR] LogOutputStream:75 - [STDERR_REDIRECT] [Fatal Error] :1:1: Premature end of file.
2025-03-02 15:08:56,273 [ERROR] LogOutputStream:75 - [STDERR_REDIRECT] 
2025-03-02 15:08:57,270 [ERROR] LogOutputStream:75 - [STDERR_REDIRECT] [Fatal Error] :1:1: Premature end of file.
2025-03-02 15:08:57,270 [ERROR] LogOutputStream:75 - [STDERR_REDIRECT] 
2025-03-02 15:08:58,268 [ERROR] LogOutputStream:75 - [STDERR_REDIRECT] [Fatal Error] :1:1: Premature end of file.
2025-03-02 15:08:58,268 [ERROR] LogOutputStream:75 - [STDERR_REDIRECT] 
2025-03-02 15:08:59,271 [ERROR] LogOutputStream:75 - [STDERR_REDIRECT] [Fatal Error] :1:1: Premature end of file.
2025-03-02 15:08:59,271 [ERROR] LogOutputStream:75 - [STDERR_REDIRECT] 
2025-03-02 15:09:00,271 [ERROR] LogOutputStream:75 - [STDERR_REDIRECT] [Fatal Error] :1:1: Premature end of file.
2025-03-02 15:09:00,271 [ERROR] LogOutputStream:75 - [STDERR_REDIRECT] 
2025-03-02 15:09:01,268 [ERROR] LogOutputStream:75 - [STDERR_REDIRECT] [Fatal Error] :1:1: Premature end of file.
2025-03-02 15:09:01,268 [ERROR] LogOutputStream:75 - [STDERR_REDIRECT] 
2025-03-02 15:09:02,271 [ERROR] LogOutputStream:75 - [STDERR_REDIRECT] [Fatal Error] :1:1: Premature end of file.
2025-03-02 15:09:02,271 [ERROR] LogOutputStream:75 - [STDERR_REDIRECT] 
2025-03-02 15:09:03,269 [ERROR] LogOutputStream:75 - [STDERR_REDIRECT] [Fatal Error] :1:1: Premature end of file.
2025-03-02 15:09:03,269 [ERROR] LogOutputStream:75 - [STDERR_REDIRECT] 
2025-03-02 15:09:04,270 [ERROR] LogOutputStream:75 - [STDERR_REDIRECT] [Fatal Error] :1:1: Premature end of file.
2025-03-02 15:09:04,270 [ERROR] LogOutputStream:75 - [STDERR_REDIRECT] 
2025-03-02 15:09:05,282 [ERROR] LogOutputStream:75 - [STDERR_REDIRECT] [Fatal Error] :1:1: Premature end of file.
2025-03-02 15:09:05,282 [ERROR] LogOutputStream:75 - [STDERR_REDIRECT] 
2025-03-02 15:09:06,272 [ERROR] LogOutputStream:75 - [STDERR_REDIRECT] [Fatal Error] :1:1: Premature end of file.
2025-03-02 15:09:06,272 [ERROR] LogOutputStream:75 - [STDERR_REDIRECT] 
2025-03-02 15:09:07,274 [ERROR] LogOutputStream:75 - [STDERR_REDIRECT] [Fatal Error] :1:1: Premature end of file.
2025-03-02 15:09:07,274 [ERROR] LogOutputStream:75 - [STDERR_REDIRECT] 
2025-03-02 15:09:08,279 [ERROR] LogOutputStream:75 - [STDERR_REDIRECT] [Fatal Error] :1:1: Premature end of file.
2025-03-02 15:09:08,279 [ERROR] LogOutputStream:75 - [STDERR_REDIRECT] 
2025-03-02 15:09:09,273 [ERROR] LogOutputStream:75 - [STDERR_REDIRECT] [Fatal Error] :1:1: Premature end of file.
2025-03-02 15:09:09,273 [ERROR] LogOutputStream:75 - [STDERR_REDIRECT] 
2025-03-02 15:09:10,274 [ERROR] LogOutputStream:75 - [STDERR_REDIRECT] [Fatal Error] :1:1: Premature end of file.
2025-03-02 15:09:10,274 [ERROR] LogOutputStream:75 - [STDERR_REDIRECT] 
2025-03-02 15:09:11,274 [ERROR] LogOutputStream:75 - [STDERR_REDIRECT] [Fatal Error] :1:1: Premature end of file.
2025-03-02 15:09:11,274 [ERROR] LogOutputStream:75 - [STDERR_REDIRECT] 
2025-03-02 15:09:12,272 [ERROR] LogOutputStream:75 - [STDERR_REDIRECT] [Fatal Error] :1:1: Premature end of file.
2025-03-02 15:09:12,272 [ERROR] LogOutputStream:75 - [STDERR_REDIRECT] 
2025-03-02 15:09:13,276 [ERROR] LogOutputStream:75 - [STDERR_REDIRECT] [Fatal Error] :1:1: Premature end of file.
2025-03-02 15:09:13,276 [ERROR] LogOutputStream:75 - [STDERR_REDIRECT] 
2025-03-02 15:09:14,272 [ERROR] LogOutputStream:75 - [STDERR_REDIRECT] [Fatal Error] :1:1: Premature end of file.
2025-03-02 15:09:14,272 [ERROR] LogOutputStream:75 - [STDERR_REDIRECT] 
2025-03-02 15:09:15,257 [ERROR] LogOutputStream:75 - [STDERR_REDIRECT] [Fatal Error] :1:1: Premature end of file.
2025-03-02 15:09:15,273 [ERROR] LogOutputStream:75 - [STDERR_REDIRECT] 
2025-03-02 15:09:16,273 [ERROR] LogOutputStream:75 - [STDERR_REDIRECT] [Fatal Error] :1:1: Premature end of file.
2025-03-02 15:09:16,273 [ERROR] LogOutputStream:75 - [STDERR_REDIRECT] 
2025-03-02 15:09:17,269 [ERROR] LogOutputStream:75 - [STDERR_REDIRECT] [Fatal Error] :1:1: Premature end of file.
2025-03-02 15:09:17,269 [ERROR] LogOutputStream:75 - [STDERR_REDIRECT] 
2025-03-02 15:09:18,271 [ERROR] LogOutputStream:75 - [STDERR_REDIRECT] [Fatal Error] :1:1: Premature end of file.
2025-03-02 15:09:18,271 [ERROR] LogOutputStream:75 - [STDERR_REDIRECT] 
2025-03-02 15:09:19,273 [ERROR] LogOutputStream:75 - [STDERR_REDIRECT] [Fatal Error] :1:1: Premature end of file.
2025-03-02 15:09:19,273 [ERROR] LogOutputStream:75 - [STDERR_REDIRECT] 
2025-03-02 15:09:20,268 [ERROR] LogOutputStream:75 - [STDERR_REDIRECT] [Fatal Error] :1:1: Premature end of file.
2025-03-02 15:09:20,268 [ERROR] LogOutputStream:75 - [STDERR_REDIRECT] 
2025-03-02 15:09:21,269 [ERROR] LogOutputStream:75 - [STDERR_REDIRECT] [Fatal Error] :1:1: Premature end of file.
2025-03-02 15:09:21,269 [ERROR] LogOutputStream:75 - [STDERR_REDIRECT] 
2025-03-02 15:09:22,269 [ERROR] LogOutputStream:75 - [STDERR_REDIRECT] [Fatal Error] :1:1: Premature end of file.
2025-03-02 15:09:22,269 [ERROR] LogOutputStream:75 - [STDERR_REDIRECT] 
2025-03-02 15:09:23,257 [ERROR] LogOutputStream:75 - [STDERR_REDIRECT] [Fatal Error] :1:1: Premature end of file.
2025-03-02 15:09:23,272 [ERROR] LogOutputStream:75 - [STDERR_REDIRECT] 
2025-03-02 15:09:24,259 [ERROR] LogOutputStream:75 - [STDERR_REDIRECT] [Fatal Error] :1:1: Premature end of file.
2025-03-02 15:09:24,259 [ERROR] LogOutputStream:75 - [STDERR_REDIRECT] 
2025-03-02 15:09:25,272 [ERROR] LogOutputStream:75 - [STDERR_REDIRECT] [Fatal Error] :1:1: Premature end of file.
2025-03-02 15:09:25,273 [ERROR] LogOutputStream:75 - [STDERR_REDIRECT] 
2025-03-02 15:09:26,274 [ERROR] LogOutputStream:75 - [STDERR_REDIRECT] [Fatal Error] :1:1: Premature end of file.
2025-03-02 15:09:26,274 [ERROR] LogOutputStream:75 - [STDERR_REDIRECT] 
2025-03-02 15:09:27,271 [ERROR] LogOutputStream:75 - [STDERR_REDIRECT] [Fatal Error] :1:1: Premature end of file.
2025-03-02 15:09:27,271 [ERROR] LogOutputStream:75 - [STDERR_REDIRECT] 
2025-03-02 15:09:28,274 [ERROR] LogOutputStream:75 - [STDERR_REDIRECT] [Fatal Error] :1:1: Premature end of file.
2025-03-02 15:09:28,274 [ERROR] LogOutputStream:75 - [STDERR_REDIRECT] 
2025-03-02 15:09:29,272 [ERROR] LogOutputStream:75 - [STDERR_REDIRECT] [Fatal Error] :1:1: Premature end of file.
2025-03-02 15:09:29,272 [ERROR] LogOutputStream:75 - [STDERR_REDIRECT] 
2025-03-02 15:09:30,272 [ERROR] LogOutputStream:75 - [STDERR_REDIRECT] [Fatal Error] :1:1: Premature end of file.
2025-03-02 15:09:30,272 [ERROR] LogOutputStream:75 - [STDERR_REDIRECT] 
2025-03-02 15:09:31,270 [ERROR] LogOutputStream:75 - [STDERR_REDIRECT] [Fatal Error] :1:1: Premature end of file.
2025-03-02 15:09:31,270 [ERROR] LogOutputStream:75 - [STDERR_REDIRECT] 
2025-03-02 15:09:32,275 [ERROR] LogOutputStream:75 - [STDERR_REDIRECT] [Fatal Error] :1:1: Premature end of file.
2025-03-02 15:09:32,275 [ERROR] LogOutputStream:75 - [STDERR_REDIRECT] 
2025-03-02 15:09:33,271 [ERROR] LogOutputStream:75 - [STDERR_REDIRECT] [Fatal Error] :1:1: Premature end of file.
2025-03-02 15:09:33,271 [ERROR] LogOutputStream:75 - [STDERR_REDIRECT] 
2025-03-02 15:09:34,272 [ERROR] LogOutputStream:75 - [STDERR_REDIRECT] [Fatal Error] :1:1: Premature end of file.
2025-03-02 15:09:34,272 [ERROR] LogOutputStream:75 - [STDERR_REDIRECT] 
2025-03-02 15:09:35,267 [ERROR] LogOutputStream:75 - [STDERR_REDIRECT] [Fatal Error] :1:1: Premature end of file.
2025-03-02 15:09:35,267 [ERROR] LogOutputStream:75 - [STDERR_REDIRECT] 
2025-03-02 15:09:36,271 [ERROR] LogOutputStream:75 - [STDERR_REDIRECT] [Fatal Error] :1:1: Premature end of file.
2025-03-02 15:09:36,271 [ERROR] LogOutputStream:75 - [STDERR_REDIRECT] 
2025-03-02 15:09:37,271 [ERROR] LogOutputStream:75 - [STDERR_REDIRECT] [Fatal Error] :1:1: Premature end of file.
2025-03-02 15:09:37,271 [ERROR] LogOutputStream:75 - [STDERR_REDIRECT] 
2025-03-02 15:09:38,270 [ERROR] LogOutputStream:75 - [STDERR_REDIRECT] [Fatal Error] :1:1: Premature end of file.
2025-03-02 15:09:38,270 [ERROR] LogOutputStream:75 - [STDERR_REDIRECT] 
2025-03-02 15:09:39,267 [ERROR] LogOutputStream:75 - [STDERR_REDIRECT] [Fatal Error] :1:1: Premature end of file.
2025-03-02 15:09:39,268 [ERROR] LogOutputStream:75 - [STDERR_REDIRECT] 
2025-03-02 15:09:40,268 [ERROR] LogOutputStream:75 - [STDERR_REDIRECT] [Fatal Error] :1:1: Premature end of file.
2025-03-02 15:09:40,268 [ERROR] LogOutputStream:75 - [STDERR_REDIRECT] 
2025-03-02 15:09:41,271 [ERROR] LogOutputStream:75 - [STDERR_REDIRECT] [Fatal Error] :1:1: Premature end of file.
2025-03-02 15:09:41,272 [ERROR] LogOutputStream:75 - [STDERR_REDIRECT] 
2025-03-02 15:09:42,271 [ERROR] LogOutputStream:75 - [STDERR_REDIRECT] [Fatal Error] :1:1: Premature end of file.
2025-03-02 15:09:42,271 [ERROR] LogOutputStream:75 - [STDERR_REDIRECT] 
2025-03-02 15:09:43,268 [ERROR] LogOutputStream:75 - [STDERR_REDIRECT] [Fatal Error] :1:1: Premature end of file.
2025-03-02 15:09:43,268 [ERROR] LogOutputStream:75 - [STDERR_REDIRECT] 
2025-03-02 15:09:44,269 [ERROR] LogOutputStream:75 - [STDERR_REDIRECT] [Fatal Error] :1:1: Premature end of file.
2025-03-02 15:09:44,270 [ERROR] LogOutputStream:75 - [STDERR_REDIRECT] 
2025-03-02 15:09:45,273 [ERROR] LogOutputStream:75 - [STDERR_REDIRECT] [Fatal Error] :1:1: Premature end of file.
2025-03-02 15:09:45,273 [ERROR] LogOutputStream:75 - [STDERR_REDIRECT] 
2025-03-02 15:09:46,277 [ERROR] LogOutputStream:75 - [STDERR_REDIRECT] [Fatal Error] :1:1: Premature end of file.
2025-03-02 15:09:46,277 [ERROR] LogOutputStream:75 - [STDERR_REDIRECT] 
2025-03-02 15:09:47,247 [ERROR] LogOutputStream:75 - [STDERR_REDIRECT] [Fatal Error] :1:1: Premature end of file.
2025-03-02 15:09:47,248 [ERROR] LogOutputStream:75 - [STDERR_REDIRECT] 
2025-03-02 15:09:48,249 [ERROR] LogOutputStream:75 - [STDERR_REDIRECT] [Fatal Error] :1:1: Premature end of file.
2025-03-02 15:09:48,250 [ERROR] LogOutputStream:75 - [STDERR_REDIRECT] 
2025-03-02 15:09:49,273 [ERROR] LogOutputStream:75 - [STDERR_REDIRECT] [Fatal Error] :1:1: Premature end of file.
2025-03-02 15:09:49,273 [ERROR] LogOutputStream:75 - [STDERR_REDIRECT] 
2025-03-02 15:09:50,271 [ERROR] LogOutputStream:75 - [STDERR_REDIRECT] [Fatal Error] :1:1: Premature end of file.
2025-03-02 15:09:50,271 [ERROR] LogOutputStream:75 - [STDERR_REDIRECT] 
2025-03-02 15:09:51,253 [ERROR] LogOutputStream:75 - [STDERR_REDIRECT] [Fatal Error] :1:1: Premature end of file.
2025-03-02 15:09:51,253 [ERROR] LogOutputStream:75 - [STDERR_REDIRECT] 
2025-03-02 15:09:52,258 [ERROR] LogOutputStream:75 - [STDERR_REDIRECT] [Fatal Error] :1:1: Premature end of file.
2025-03-02 15:09:52,258 [ERROR] LogOutputStream:75 - [STDERR_REDIRECT] 
2025-03-02 15:09:53,272 [ERROR] LogOutputStream:75 - [STDERR_REDIRECT] [Fatal Error] :1:1: Premature end of file.
2025-03-02 15:09:53,272 [ERROR] LogOutputStream:75 - [STDERR_REDIRECT] 
2025-03-02 15:09:54,252 [ERROR] LogOutputStream:75 - [STDERR_REDIRECT] [Fatal Error] :1:1: Premature end of file.
2025-03-02 15:09:54,253 [ERROR] LogOutputStream:75 - [STDERR_REDIRECT] 
2025-03-02 15:09:55,269 [ERROR] LogOutputStream:75 - [STDERR_REDIRECT] [Fatal Error] :1:1: Premature end of file.
2025-03-02 15:09:55,269 [ERROR] LogOutputStream:75 - [STDERR_REDIRECT] 
2025-03-02 15:09:56,250 [ERROR] LogOutputStream:75 - [STDERR_REDIRECT] [Fatal Error] :1:1: Premature end of file.
2025-03-02 15:09:56,250 [ERROR] LogOutputStream:75 - [STDERR_REDIRECT] 
2025-03-02 15:09:57,269 [ERROR] LogOutputStream:75 - [STDERR_REDIRECT] [Fatal Error] :1:1: Premature end of file.
2025-03-02 15:09:57,269 [ERROR] LogOutputStream:75 - [STDERR_REDIRECT] 
2025-03-02 15:09:58,272 [ERROR] LogOutputStream:75 - [STDERR_REDIRECT] [Fatal Error] :1:1: Premature end of file.
2025-03-02 15:09:58,272 [ERROR] LogOutputStream:75 - [STDERR_REDIRECT] 
2025-03-02 15:09:59,254 [ERROR] LogOutputStream:75 - [STDERR_REDIRECT] [Fatal Error] :1:1: Premature end of file.
2025-03-02 15:09:59,256 [ERROR] LogOutputStream:75 - [STDERR_REDIRECT] 
2025-03-02 15:10:00,283 [ERROR] LogOutputStream:75 - [STDERR_REDIRECT] [Fatal Error] :1:1: Premature end of file.
2025-03-02 15:10:00,283 [ERROR] LogOutputStream:75 - [STDERR_REDIRECT] 
2025-03-02 15:10:01,261 [ERROR] LogOutputStream:75 - [STDERR_REDIRECT] [Fatal Error] :1:1: Premature end of file.
2025-03-02 15:10:01,261 [ERROR] LogOutputStream:75 - [STDERR_REDIRECT] 
2025-03-02 15:10:02,252 [ERROR] LogOutputStream:75 - [STDERR_REDIRECT] [Fatal Error] :1:1: Premature end of file.
2025-03-02 15:10:02,252 [ERROR] LogOutputStream:75 - [STDERR_REDIRECT] 
2025-03-02 15:10:03,260 [ERROR] LogOutputStream:75 - [STDERR_REDIRECT] [Fatal Error] :1:1: Premature end of file.
2025-03-02 15:10:03,260 [ERROR] LogOutputStream:75 - [STDERR_REDIRECT] 
2025-03-02 15:10:04,272 [ERROR] LogOutputStream:75 - [STDERR_REDIRECT] [Fatal Error] :1:1: Premature end of file.
2025-03-02 15:10:04,272 [ERROR] LogOutputStream:75 - [STDERR_REDIRECT] 
2025-03-02 15:10:05,297 [ERROR] LogOutputStream:75 - [STDERR_REDIRECT] [Fatal Error] :1:1: Premature end of file.
2025-03-02 15:10:05,298 [ERROR] LogOutputStream:75 - [STDERR_REDIRECT] 
2025-03-02 15:10:06,270 [ERROR] LogOutputStream:75 - [STDERR_REDIRECT] [Fatal Error] :1:1: Premature end of file.
2025-03-02 15:10:06,270 [ERROR] LogOutputStream:75 - [STDERR_REDIRECT] 
2025-03-02 15:10:07,270 [ERROR] LogOutputStream:75 - [STDERR_REDIRECT] [Fatal Error] :1:1: Premature end of file.
2025-03-02 15:10:07,270 [ERROR] LogOutputStream:75 - [STDERR_REDIRECT] 
2025-03-02 15:10:08,264 [ERROR] LogOutputStream:75 - [STDERR_REDIRECT] [Fatal Error] :1:1: Premature end of file.
2025-03-02 15:10:08,264 [ERROR] LogOutputStream:75 - [STDERR_REDIRECT] 
2025-03-02 15:10:09,273 [ERROR] LogOutputStream:75 - [STDERR_REDIRECT] [Fatal Error] :1:1: Premature end of file.
2025-03-02 15:10:09,273 [ERROR] LogOutputStream:75 - [STDERR_REDIRECT] 
2025-03-02 15:10:10,271 [ERROR] LogOutputStream:75 - [STDERR_REDIRECT] [Fatal Error] :1:1: Premature end of file.
2025-03-02 15:10:10,271 [ERROR] LogOutputStream:75 - [STDERR_REDIRECT] 
2025-03-02 15:10:11,269 [ERROR] LogOutputStream:75 - [STDERR_REDIRECT] [Fatal Error] :1:1: Premature end of file.
2025-03-02 15:10:11,269 [ERROR] LogOutputStream:75 - [STDERR_REDIRECT] 
2025-03-02 15:10:12,277 [ERROR] LogOutputStream:75 - [STDERR_REDIRECT] [Fatal Error] :1:1: Premature end of file.
2025-03-02 15:10:12,278 [ERROR] LogOutputStream:75 - [STDERR_REDIRECT] 
2025-03-02 15:10:13,272 [ERROR] LogOutputStream:75 - [STDERR_REDIRECT] [Fatal Error] :1:1: Premature end of file.
2025-03-02 15:10:13,272 [ERROR] LogOutputStream:75 - [STDERR_REDIRECT] 
2025-03-02 15:10:14,265 [ERROR] LogOutputStream:75 - [STDERR_REDIRECT] [Fatal Error] :1:1: Premature end of file.
2025-03-02 15:10:14,265 [ERROR] LogOutputStream:75 - [STDERR_REDIRECT] 
2025-03-02 15:10:15,252 [ERROR] LogOutputStream:75 - [STDERR_REDIRECT] [Fatal Error] :1:1: Premature end of file.
2025-03-02 15:10:15,252 [ERROR] LogOutputStream:75 - [STDERR_REDIRECT] 
2025-03-02 15:10:16,253 [ERROR] LogOutputStream:75 - [STDERR_REDIRECT] [Fatal Error] :1:1: Premature end of file.
2025-03-02 15:10:16,253 [ERROR] LogOutputStream:75 - [STDERR_REDIRECT] 
2025-03-02 15:10:17,263 [ERROR] LogOutputStream:75 - [STDERR_REDIRECT] [Fatal Error] :1:1: Premature end of file.
2025-03-02 15:10:17,263 [ERROR] LogOutputStream:75 - [STDERR_REDIRECT] 
2025-03-02 15:10:18,275 [ERROR] LogOutputStream:75 - [STDERR_REDIRECT] [Fatal Error] :1:1: Premature end of file.
2025-03-02 15:10:18,275 [ERROR] LogOutputStream:75 - [STDERR_REDIRECT] 
2025-03-02 15:10:19,272 [ERROR] LogOutputStream:75 - [STDERR_REDIRECT] [Fatal Error] :1:1: Premature end of file.
2025-03-02 15:10:19,272 [ERROR] LogOutputStream:75 - [STDERR_REDIRECT] 
2025-03-02 15:10:20,269 [ERROR] LogOutputStream:75 - [STDERR_REDIRECT] [Fatal Error] :1:1: Premature end of file.
2025-03-02 15:10:20,269 [ERROR] LogOutputStream:75 - [STDERR_REDIRECT] 
2025-03-02 15:10:21,279 [ERROR] LogOutputStream:75 - [STDERR_REDIRECT] [Fatal Error] :1:1: Premature end of file.
2025-03-02 15:10:21,279 [ERROR] LogOutputStream:75 - [STDERR_REDIRECT] 
2025-03-02 15:10:22,257 [ERROR] LogOutputStream:75 - [STDERR_REDIRECT] [Fatal Error] :1:1: Premature end of file.
2025-03-02 15:10:22,257 [ERROR] LogOutputStream:75 - [STDERR_REDIRECT] 
2025-03-02 15:10:23,272 [ERROR] LogOutputStream:75 - [STDERR_REDIRECT] [Fatal Error] :1:1: Premature end of file.
2025-03-02 15:10:23,273 [ERROR] LogOutputStream:75 - [STDERR_REDIRECT] 
2025-03-02 15:10:24,253 [ERROR] LogOutputStream:75 - [STDERR_REDIRECT] [Fatal Error] :1:1: Premature end of file.
2025-03-02 15:10:24,253 [ERROR] LogOutputStream:75 - [STDERR_REDIRECT] 
2025-03-02 15:10:25,272 [ERROR] LogOutputStream:75 - [STDERR_REDIRECT] [Fatal Error] :1:1: Premature end of file.
2025-03-02 15:10:25,272 [ERROR] LogOutputStream:75 - [STDERR_REDIRECT] 
2025-03-02 15:10:26,254 [ERROR] LogOutputStream:75 - [STDERR_REDIRECT] [Fatal Error] :1:1: Premature end of file.
2025-03-02 15:10:26,254 [ERROR] LogOutputStream:75 - [STDERR_REDIRECT] 
2025-03-02 15:10:27,275 [ERROR] LogOutputStream:75 - [STDERR_REDIRECT] [Fatal Error] :1:1: Premature end of file.
2025-03-02 15:10:27,276 [ERROR] LogOutputStream:75 - [STDERR_REDIRECT] 
2025-03-02 15:10:28,237 [ERROR] LogOutputStream:75 - [STDERR_REDIRECT] [Fatal Error] :1:1: Premature end of file.
2025-03-02 15:10:28,237 [ERROR] LogOutputStream:75 - [STDERR_REDIRECT] 
2025-03-02 15:10:29,257 [ERROR] LogOutputStream:75 - [STDERR_REDIRECT] [Fatal Error] :1:1: Premature end of file.
2025-03-02 15:10:29,258 [ERROR] LogOutputStream:75 - [STDERR_REDIRECT] 
2025-03-02 15:10:30,275 [ERROR] LogOutputStream:75 - [STDERR_REDIRECT] [Fatal Error] :1:1: Premature end of file.
2025-03-02 15:10:30,276 [ERROR] LogOutputStream:75 - [STDERR_REDIRECT] 
2025-03-02 15:10:31,262 [ERROR] LogOutputStream:75 - [STDERR_REDIRECT] [Fatal Error] :1:1: Premature end of file.
2025-03-02 15:10:31,262 [ERROR] LogOutputStream:75 - [STDERR_REDIRECT] 
2025-03-02 15:10:32,284 [ERROR] LogOutputStream:75 - [STDERR_REDIRECT] [Fatal Error] :1:1: Premature end of file.
2025-03-02 15:10:32,284 [ERROR] LogOutputStream:75 - [STDERR_REDIRECT] 
2025-03-02 15:10:33,273 [ERROR] LogOutputStream:75 - [STDERR_REDIRECT] [Fatal Error] :1:1: Premature end of file.
2025-03-02 15:10:33,273 [ERROR] LogOutputStream:75 - [STDERR_REDIRECT] 
2025-03-02 15:10:34,242 [ERROR] LogOutputStream:75 - [STDERR_REDIRECT] [Fatal Error] :1:1: Premature end of file.
2025-03-02 15:10:34,251 [ERROR] LogOutputStream:75 - [STDERR_REDIRECT] 
2025-03-02 15:10:35,243 [ERROR] LogOutputStream:75 - [STDERR_REDIRECT] [Fatal Error] :1:1: Premature end of file.
2025-03-02 15:10:35,243 [ERROR] LogOutputStream:75 - [STDERR_REDIRECT] 
2025-03-02 15:10:36,245 [ERROR] LogOutputStream:75 - [STDERR_REDIRECT] [Fatal Error] :1:1: Premature end of file.
2025-03-02 15:10:36,245 [ERROR] LogOutputStream:75 - [STDERR_REDIRECT] 
2025-03-02 15:10:37,251 [ERROR] LogOutputStream:75 - [STDERR_REDIRECT] [Fatal Error] :1:1: Premature end of file.
2025-03-02 15:10:37,251 [ERROR] LogOutputStream:75 - [STDERR_REDIRECT] 
2025-03-02 15:10:38,245 [ERROR] LogOutputStream:75 - [STDERR_REDIRECT] [Fatal Error] :1:1: Premature end of file.
2025-03-02 15:10:38,245 [ERROR] LogOutputStream:75 - [STDERR_REDIRECT] 
2025-03-02 15:10:39,243 [ERROR] LogOutputStream:75 - [STDERR_REDIRECT] [Fatal Error] :1:1: Premature end of file.
2025-03-02 15:10:39,243 [ERROR] LogOutputStream:75 - [STDERR_REDIRECT] 
2025-03-02 15:10:40,240 [ERROR] LogOutputStream:75 - [STDERR_REDIRECT] [Fatal Error] :1:1: Premature end of file.
2025-03-02 15:10:40,240 [ERROR] LogOutputStream:75 - [STDERR_REDIRECT] 
2025-03-02 15:10:41,239 [ERROR] LogOutputStream:75 - [STDERR_REDIRECT] [Fatal Error] :1:1: Premature end of file.
2025-03-02 15:10:41,239 [ERROR] LogOutputStream:75 - [STDERR_REDIRECT] 
2025-03-02 15:10:42,259 [ERROR] LogOutputStream:75 - [STDERR_REDIRECT] [Fatal Error] :1:1: Premature end of file.
2025-03-02 15:10:42,259 [ERROR] LogOutputStream:75 - [STDERR_REDIRECT] 
2025-03-02 15:10:43,239 [ERROR] LogOutputStream:75 - [STDERR_REDIRECT] [Fatal Error] :1:1: Premature end of file.
2025-03-02 15:10:43,239 [ERROR] LogOutputStream:75 - [STDERR_REDIRECT] 
2025-03-02 15:10:44,263 [ERROR] LogOutputStream:75 - [STDERR_REDIRECT] [Fatal Error] :1:1: Premature end of file.
2025-03-02 15:10:44,263 [ERROR] LogOutputStream:75 - [STDERR_REDIRECT] 
2025-03-02 15:10:45,267 [ERROR] LogOutputStream:75 - [STDERR_REDIRECT] [Fatal Error] :1:1: Premature end of file.
2025-03-02 15:10:45,267 [ERROR] LogOutputStream:75 - [STDERR_REDIRECT] 
2025-03-02 15:10:46,272 [ERROR] LogOutputStream:75 - [STDERR_REDIRECT] [Fatal Error] :1:1: Premature end of file.
2025-03-02 15:10:46,272 [ERROR] LogOutputStream:75 - [STDERR_REDIRECT] 
2025-03-02 15:10:47,274 [ERROR] LogOutputStream:75 - [STDERR_REDIRECT] [Fatal Error] :1:1: Premature end of file.
2025-03-02 15:10:47,274 [ERROR] LogOutputStream:75 - [STDERR_REDIRECT] 
2025-03-02 15:10:48,275 [ERROR] LogOutputStream:75 - [STDERR_REDIRECT] [Fatal Error] :1:1: Premature end of file.
2025-03-02 15:10:48,275 [ERROR] LogOutputStream:75 - [STDERR_REDIRECT] 
2025-03-02 15:10:49,266 [ERROR] LogOutputStream:75 - [STDERR_REDIRECT] [Fatal Error] :1:1: Premature end of file.
2025-03-02 15:10:49,266 [ERROR] LogOutputStream:75 - [STDERR_REDIRECT] 
2025-03-02 15:10:50,239 [ERROR] LogOutputStream:75 - [STDERR_REDIRECT] [Fatal Error] :1:1: Premature end of file.
2025-03-02 15:10:50,239 [ERROR] LogOutputStream:75 - [STDERR_REDIRECT] 
2025-03-02 15:10:51,249 [ERROR] LogOutputStream:75 - [STDERR_REDIRECT] [Fatal Error] :1:1: Premature end of file.
2025-03-02 15:10:51,249 [ERROR] LogOutputStream:75 - [STDERR_REDIRECT] 
2025-03-02 15:10:52,240 [ERROR] LogOutputStream:75 - [STDERR_REDIRECT] [Fatal Error] :1:1: Premature end of file.
2025-03-02 15:10:52,240 [ERROR] LogOutputStream:75 - [STDERR_REDIRECT] 
2025-03-02 15:10:53,286 [ERROR] LogOutputStream:75 - [STDERR_REDIRECT] [Fatal Error] :1:1: Premature end of file.
2025-03-02 15:10:53,286 [ERROR] LogOutputStream:75 - [STDERR_REDIRECT] 
2025-03-02 15:10:54,273 [ERROR] LogOutputStream:75 - [STDERR_REDIRECT] [Fatal Error] :1:1: Premature end of file.
2025-03-02 15:10:54,273 [ERROR] LogOutputStream:75 - [STDERR_REDIRECT] 
2025-03-02 15:10:55,275 [ERROR] LogOutputStream:75 - [STDERR_REDIRECT] [Fatal Error] :1:1: Premature end of file.
2025-03-02 15:10:55,275 [ERROR] LogOutputStream:75 - [STDERR_REDIRECT] 
2025-03-02 15:10:56,239 [ERROR] LogOutputStream:75 - [STDERR_REDIRECT] [Fatal Error] :1:1: Premature end of file.
2025-03-02 15:10:56,239 [ERROR] LogOutputStream:75 - [STDERR_REDIRECT] 
2025-03-02 15:10:57,277 [ERROR] LogOutputStream:75 - [STDERR_REDIRECT] [Fatal Error] :1:1: Premature end of file.
2025-03-02 15:10:57,277 [ERROR] LogOutputStream:75 - [STDERR_REDIRECT] 
2025-03-02 15:10:58,308 [ERROR] LogOutputStream:75 - [STDERR_REDIRECT] [Fatal Error] :1:1: Premature end of file.
2025-03-02 15:10:58,310 [ERROR] LogOutputStream:75 - [STDERR_REDIRECT] 
2025-03-02 15:10:59,250 [ERROR] LogOutputStream:75 - [STDERR_REDIRECT] [Fatal Error] :1:1: Premature end of file.
2025-03-02 15:10:59,250 [ERROR] LogOutputStream:75 - [STDERR_REDIRECT] 
2025-03-02 15:11:00,249 [ERROR] LogOutputStream:75 - [STDERR_REDIRECT] [Fatal Error] :1:1: Premature end of file.
2025-03-02 15:11:00,249 [ERROR] LogOutputStream:75 - [STDERR_REDIRECT] 
2025-03-02 15:11:01,265 [ERROR] LogOutputStream:75 - [STDERR_REDIRECT] [Fatal Error] :1:1: Premature end of file.
2025-03-02 15:11:01,265 [ERROR] LogOutputStream:75 - [STDERR_REDIRECT] 
2025-03-02 15:11:02,246 [ERROR] LogOutputStream:75 - [STDERR_REDIRECT] [Fatal Error] :1:1: Premature end of file.
2025-03-02 15:11:02,246 [ERROR] LogOutputStream:75 - [STDERR_REDIRECT] 
2025-03-02 15:11:03,251 [ERROR] LogOutputStream:75 - [STDERR_REDIRECT] [Fatal Error] :1:1: Premature end of file.
2025-03-02 15:11:03,251 [ERROR] LogOutputStream:75 - [STDERR_REDIRECT] 
2025-03-02 15:11:04,254 [ERROR] LogOutputStream:75 - [STDERR_REDIRECT] [Fatal Error] :1:1: Premature end of file.
2025-03-02 15:11:04,254 [ERROR] LogOutputStream:75 - [STDERR_REDIRECT] 
2025-03-02 15:11:05,254 [ERROR] LogOutputStream:75 - [STDERR_REDIRECT] [Fatal Error] :1:1: Premature end of file.
2025-03-02 15:11:05,254 [ERROR] LogOutputStream:75 - [STDERR_REDIRECT] 
2025-03-02 15:11:06,244 [ERROR] LogOutputStream:75 - [STDERR_REDIRECT] [Fatal Error] :1:1: Premature end of file.
2025-03-02 15:11:06,244 [ERROR] LogOutputStream:75 - [STDERR_REDIRECT] 
2025-03-02 15:11:07,243 [ERROR] LogOutputStream:75 - [STDERR_REDIRECT] [Fatal Error] :1:1: Premature end of file.
2025-03-02 15:11:07,243 [ERROR] LogOutputStream:75 - [STDERR_REDIRECT] 
2025-03-02 15:11:08,258 [ERROR] LogOutputStream:75 - [STDERR_REDIRECT] [Fatal Error] :1:1: Premature end of file.
2025-03-02 15:11:08,258 [ERROR] LogOutputStream:75 - [STDERR_REDIRECT] 
2025-03-02 15:11:09,249 [ERROR] LogOutputStream:75 - [STDERR_REDIRECT] [Fatal Error] :1:1: Premature end of file.
2025-03-02 15:11:09,249 [ERROR] LogOutputStream:75 - [STDERR_REDIRECT] 
2025-03-02 15:11:10,271 [ERROR] LogOutputStream:75 - [STDERR_REDIRECT] [Fatal Error] :1:1: Premature end of file.
2025-03-02 15:11:10,272 [ERROR] LogOutputStream:75 - [STDERR_REDIRECT] 
2025-03-02 15:11:11,267 [ERROR] LogOutputStream:75 - [STDERR_REDIRECT] [Fatal Error] :1:1: Premature end of file.
2025-03-02 15:11:11,267 [ERROR] LogOutputStream:75 - [STDERR_REDIRECT] 
2025-03-02 15:11:12,279 [ERROR] LogOutputStream:75 - [STDERR_REDIRECT] [Fatal Error] :1:1: Premature end of file.
2025-03-02 15:11:12,279 [ERROR] LogOutputStream:75 - [STDERR_REDIRECT] 
2025-03-02 15:11:13,251 [ERROR] LogOutputStream:75 - [STDERR_REDIRECT] [Fatal Error] :1:1: Premature end of file.
2025-03-02 15:11:13,251 [ERROR] LogOutputStream:75 - [STDERR_REDIRECT] 
2025-03-02 15:11:14,251 [ERROR] LogOutputStream:75 - [STDERR_REDIRECT] [Fatal Error] :1:1: Premature end of file.
2025-03-02 15:11:14,251 [ERROR] LogOutputStream:75 - [STDERR_REDIRECT] 
2025-03-02 15:11:15,252 [ERROR] LogOutputStream:75 - [STDERR_REDIRECT] [Fatal Error] :1:1: Premature end of file.
2025-03-02 15:11:15,252 [ERROR] LogOutputStream:75 - [STDERR_REDIRECT] 
2025-03-02 15:11:16,253 [ERROR] LogOutputStream:75 - [STDERR_REDIRECT] [Fatal Error] :1:1: Premature end of file.
2025-03-02 15:11:16,253 [ERROR] LogOutputStream:75 - [STDERR_REDIRECT] 
2025-03-02 15:11:17,252 [ERROR] LogOutputStream:75 - [STDERR_REDIRECT] [Fatal Error] :1:1: Premature end of file.
2025-03-02 15:11:17,252 [ERROR] LogOutputStream:75 - [STDERR_REDIRECT] 
2025-03-02 15:11:18,256 [ERROR] LogOutputStream:75 - [STDERR_REDIRECT] [Fatal Error] :1:1: Premature end of file.
2025-03-02 15:11:18,256 [ERROR] LogOutputStream:75 - [STDERR_REDIRECT] 
2025-03-02 15:11:19,245 [ERROR] LogOutputStream:75 - [STDERR_REDIRECT] [Fatal Error] :1:1: Premature end of file.
2025-03-02 15:11:19,245 [ERROR] LogOutputStream:75 - [STDERR_REDIRECT] 
2025-03-02 15:11:20,255 [ERROR] LogOutputStream:75 - [STDERR_REDIRECT] [Fatal Error] :1:1: Premature end of file.
2025-03-02 15:11:20,255 [ERROR] LogOutputStream:75 - [STDERR_REDIRECT] 
2025-03-02 15:11:21,249 [ERROR] LogOutputStream:75 - [STDERR_REDIRECT] [Fatal Error] :1:1: Premature end of file.
2025-03-02 15:11:21,249 [ERROR] LogOutputStream:75 - [STDERR_REDIRECT] 
2025-03-02 15:11:22,269 [ERROR] LogOutputStream:75 - [STDERR_REDIRECT] [Fatal Error] :1:1: Premature end of file.
2025-03-02 15:11:22,269 [ERROR] LogOutputStream:75 - [STDERR_REDIRECT] 
2025-03-02 15:11:23,281 [ERROR] LogOutputStream:75 - [STDERR_REDIRECT] [Fatal Error] :1:1: Premature end of file.
2025-03-02 15:11:23,281 [ERROR] LogOutputStream:75 - [STDERR_REDIRECT] 
2025-03-02 15:11:24,270 [ERROR] LogOutputStream:75 - [STDERR_REDIRECT] [Fatal Error] :1:1: Premature end of file.
2025-03-02 15:11:24,270 [ERROR] LogOutputStream:75 - [STDERR_REDIRECT] 
2025-03-02 15:11:25,260 [ERROR] LogOutputStream:75 - [STDERR_REDIRECT] [Fatal Error] :1:1: Premature end of file.
2025-03-02 15:11:25,261 [ERROR] LogOutputStream:75 - [STDERR_REDIRECT] 
2025-03-02 15:11:26,250 [ERROR] LogOutputStream:75 - [STDERR_REDIRECT] [Fatal Error] :1:1: Premature end of file.
2025-03-02 15:11:26,251 [ERROR] LogOutputStream:75 - [STDERR_REDIRECT] 
2025-03-02 15:11:27,246 [ERROR] LogOutputStream:75 - [STDERR_REDIRECT] [Fatal Error] :1:1: Premature end of file.
2025-03-02 15:11:27,246 [ERROR] LogOutputStream:75 - [STDERR_REDIRECT] 
2025-03-02 15:11:28,243 [ERROR] LogOutputStream:75 - [STDERR_REDIRECT] [Fatal Error] :1:1: Premature end of file.
2025-03-02 15:11:28,243 [ERROR] LogOutputStream:75 - [STDERR_REDIRECT] 
2025-03-02 15:11:29,247 [ERROR] LogOutputStream:75 - [STDERR_REDIRECT] [Fatal Error] :1:1: Premature end of file.
2025-03-02 15:11:29,247 [ERROR] LogOutputStream:75 - [STDERR_REDIRECT] 
2025-03-02 15:11:30,268 [ERROR] LogOutputStream:75 - [STDERR_REDIRECT] [Fatal Error] :1:1: Premature end of file.
2025-03-02 15:11:30,268 [ERROR] LogOutputStream:75 - [STDERR_REDIRECT] 
2025-03-02 15:11:31,268 [ERROR] LogOutputStream:75 - [STDERR_REDIRECT] [Fatal Error] :1:1: Premature end of file.
2025-03-02 15:11:31,268 [ERROR] LogOutputStream:75 - [STDERR_REDIRECT] 
2025-03-02 15:11:32,264 [ERROR] LogOutputStream:75 - [STDERR_REDIRECT] [Fatal Error] :1:1: Premature end of file.
2025-03-02 15:11:32,264 [ERROR] LogOutputStream:75 - [STDERR_REDIRECT] 
2025-03-02 15:11:33,254 [ERROR] LogOutputStream:75 - [STDERR_REDIRECT] [Fatal Error] :1:1: Premature end of file.
2025-03-02 15:11:33,254 [ERROR] LogOutputStream:75 - [STDERR_REDIRECT] 
2025-03-02 15:11:34,252 [ERROR] LogOutputStream:75 - [STDERR_REDIRECT] [Fatal Error] :1:1: Premature end of file.
2025-03-02 15:11:34,252 [ERROR] LogOutputStream:75 - [STDERR_REDIRECT] 
2025-03-02 15:11:35,268 [ERROR] LogOutputStream:75 - [STDERR_REDIRECT] [Fatal Error] :1:1: Premature end of file.
2025-03-02 15:11:35,268 [ERROR] LogOutputStream:75 - [STDERR_REDIRECT] 
2025-03-02 15:11:36,257 [ERROR] LogOutputStream:75 - [STDERR_REDIRECT] [Fatal Error] :1:1: Premature end of file.
2025-03-02 15:11:36,257 [ERROR] LogOutputStream:75 - [STDERR_REDIRECT] 
2025-03-02 15:11:37,267 [ERROR] LogOutputStream:75 - [STDERR_REDIRECT] [Fatal Error] :1:1: Premature end of file.
2025-03-02 15:11:37,267 [ERROR] LogOutputStream:75 - [STDERR_REDIRECT] 
2025-03-02 15:11:38,266 [ERROR] LogOutputStream:75 - [STDERR_REDIRECT] [Fatal Error] :1:1: Premature end of file.
2025-03-02 15:11:38,266 [ERROR] LogOutputStream:75 - [STDERR_REDIRECT] 
2025-03-02 15:11:39,277 [ERROR] LogOutputStream:75 - [STDERR_REDIRECT] [Fatal Error] :1:1: Premature end of file.
2025-03-02 15:11:39,277 [ERROR] LogOutputStream:75 - [STDERR_REDIRECT] 
2025-03-02 15:11:40,270 [ERROR] LogOutputStream:75 - [STDERR_REDIRECT] [Fatal Error] :1:1: Premature end of file.
2025-03-02 15:11:40,270 [ERROR] LogOutputStream:75 - [STDERR_REDIRECT] 
2025-03-02 15:11:41,283 [ERROR] LogOutputStream:75 - [STDERR_REDIRECT] [Fatal Error] :1:1: Premature end of file.
2025-03-02 15:11:41,283 [ERROR] LogOutputStream:75 - [STDERR_REDIRECT] 
2025-03-02 15:11:42,277 [ERROR] LogOutputStream:75 - [STDERR_REDIRECT] [Fatal Error] :1:1: Premature end of file.
2025-03-02 15:11:42,277 [ERROR] LogOutputStream:75 - [STDERR_REDIRECT] 
2025-03-02 15:11:43,273 [ERROR] LogOutputStream:75 - [STDERR_REDIRECT] [Fatal Error] :1:1: Premature end of file.
2025-03-02 15:11:43,274 [ERROR] LogOutputStream:75 - [STDERR_REDIRECT] 
2025-03-02 15:11:44,248 [ERROR] LogOutputStream:75 - [STDERR_REDIRECT] [Fatal Error] :1:1: Premature end of file.
2025-03-02 15:11:44,248 [ERROR] LogOutputStream:75 - [STDERR_REDIRECT] 
2025-03-02 15:11:45,261 [ERROR] LogOutputStream:75 - [STDERR_REDIRECT] [Fatal Error] :1:1: Premature end of file.
2025-03-02 15:11:45,261 [ERROR] LogOutputStream:75 - [STDERR_REDIRECT] 
2025-03-02 15:11:46,266 [ERROR] LogOutputStream:75 - [STDERR_REDIRECT] [Fatal Error] :1:1: Premature end of file.
2025-03-02 15:11:46,269 [ERROR] LogOutputStream:75 - [STDERR_REDIRECT] 
2025-03-02 15:11:47,269 [ERROR] LogOutputStream:75 - [STDERR_REDIRECT] [Fatal Error] :1:1: Premature end of file.
2025-03-02 15:11:47,269 [ERROR] LogOutputStream:75 - [STDERR_REDIRECT] 
2025-03-02 15:11:48,251 [ERROR] LogOutputStream:75 - [STDERR_REDIRECT] [Fatal Error] :1:1: Premature end of file.
2025-03-02 15:11:48,251 [ERROR] LogOutputStream:75 - [STDERR_REDIRECT] 
2025-03-02 15:11:49,261 [ERROR] LogOutputStream:75 - [STDERR_REDIRECT] [Fatal Error] :1:1: Premature end of file.
2025-03-02 15:11:49,261 [ERROR] LogOutputStream:75 - [STDERR_REDIRECT] 
2025-03-02 15:11:50,259 [ERROR] LogOutputStream:75 - [STDERR_REDIRECT] [Fatal Error] :1:1: Premature end of file.
2025-03-02 15:11:50,259 [ERROR] LogOutputStream:75 - [STDERR_REDIRECT] 
2025-03-02 15:11:51,262 [ERROR] LogOutputStream:75 - [STDERR_REDIRECT] [Fatal Error] :1:1: Premature end of file.
2025-03-02 15:11:51,262 [ERROR] LogOutputStream:75 - [STDERR_REDIRECT] 
2025-03-02 15:11:52,251 [ERROR] LogOutputStream:75 - [STDERR_REDIRECT] [Fatal Error] :1:1: Premature end of file.
2025-03-02 15:11:52,251 [ERROR] LogOutputStream:75 - [STDERR_REDIRECT] 
2025-03-02 15:11:53,266 [ERROR] LogOutputStream:75 - [STDERR_REDIRECT] [Fatal Error] :1:1: Premature end of file.
2025-03-02 15:11:53,266 [ERROR] LogOutputStream:75 - [STDERR_REDIRECT] 
2025-03-02 15:11:54,255 [ERROR] LogOutputStream:75 - [STDERR_REDIRECT] [Fatal Error] :1:1: Premature end of file.
2025-03-02 15:11:54,255 [ERROR] LogOutputStream:75 - [STDERR_REDIRECT] 
2025-03-02 15:11:55,264 [ERROR] LogOutputStream:75 - [STDERR_REDIRECT] [Fatal Error] :1:1: Premature end of file.
2025-03-02 15:11:55,264 [ERROR] LogOutputStream:75 - [STDERR_REDIRECT] 
2025-03-02 15:11:56,267 [ERROR] LogOutputStream:75 - [STDERR_REDIRECT] [Fatal Error] :1:1: Premature end of file.
2025-03-02 15:11:56,267 [ERROR] LogOutputStream:75 - [STDERR_REDIRECT] 
2025-03-02 15:11:57,252 [ERROR] LogOutputStream:75 - [STDERR_REDIRECT] [Fatal Error] :1:1: Premature end of file.
2025-03-02 15:11:57,252 [ERROR] LogOutputStream:75 - [STDERR_REDIRECT] 
2025-03-02 15:11:58,257 [ERROR] LogOutputStream:75 - [STDERR_REDIRECT] [Fatal Error] :1:1: Premature end of file.
2025-03-02 15:11:58,257 [ERROR] LogOutputStream:75 - [STDERR_REDIRECT] 
2025-03-02 15:11:59,264 [ERROR] LogOutputStream:75 - [STDERR_REDIRECT] [Fatal Error] :1:1: Premature end of file.
2025-03-02 15:11:59,265 [ERROR] LogOutputStream:75 - [STDERR_REDIRECT] 
2025-03-02 15:12:00,270 [ERROR] LogOutputStream:75 - [STDERR_REDIRECT] [Fatal Error] :1:1: Premature end of file.
2025-03-02 15:12:00,270 [ERROR] LogOutputStream:75 - [STDERR_REDIRECT] 
2025-03-02 15:12:01,254 [ERROR] LogOutputStream:75 - [STDERR_REDIRECT] [Fatal Error] :1:1: Premature end of file.
2025-03-02 15:12:01,254 [ERROR] LogOutputStream:75 - [STDERR_REDIRECT] 
2025-03-02 15:12:02,260 [ERROR] LogOutputStream:75 - [STDERR_REDIRECT] [Fatal Error] :1:1: Premature end of file.
2025-03-02 15:12:02,260 [ERROR] LogOutputStream:75 - [STDERR_REDIRECT] 
2025-03-02 15:12:03,260 [ERROR] LogOutputStream:75 - [STDERR_REDIRECT] [Fatal Error] :1:1: Premature end of file.
2025-03-02 15:12:03,260 [ERROR] LogOutputStream:75 - [STDERR_REDIRECT] 
2025-03-02 15:12:04,267 [ERROR] LogOutputStream:75 - [STDERR_REDIRECT] [Fatal Error] :1:1: Premature end of file.
2025-03-02 15:12:04,267 [ERROR] LogOutputStream:75 - [STDERR_REDIRECT] 
2025-03-02 15:12:05,271 [ERROR] LogOutputStream:75 - [STDERR_REDIRECT] [Fatal Error] :1:1: Premature end of file.
2025-03-02 15:12:05,271 [ERROR] LogOutputStream:75 - [STDERR_REDIRECT] 
2025-03-02 15:12:06,263 [ERROR] LogOutputStream:75 - [STDERR_REDIRECT] [Fatal Error] :1:1: Premature end of file.
2025-03-02 15:12:06,263 [ERROR] LogOutputStream:75 - [STDERR_REDIRECT] 
2025-03-02 15:12:07,262 [ERROR] LogOutputStream:75 - [STDERR_REDIRECT] [Fatal Error] :1:1: Premature end of file.
2025-03-02 15:12:07,262 [ERROR] LogOutputStream:75 - [STDERR_REDIRECT] 
2025-03-02 15:12:08,272 [ERROR] LogOutputStream:75 - [STDERR_REDIRECT] [Fatal Error] :1:1: Premature end of file.
2025-03-02 15:12:08,272 [ERROR] LogOutputStream:75 - [STDERR_REDIRECT] 
2025-03-02 15:12:09,263 [ERROR] LogOutputStream:75 - [STDERR_REDIRECT] [Fatal Error] :1:1: Premature end of file.
2025-03-02 15:12:09,263 [ERROR] LogOutputStream:75 - [STDERR_REDIRECT] 
2025-03-02 15:12:10,278 [ERROR] LogOutputStream:75 - [STDERR_REDIRECT] [Fatal Error] :1:1: Premature end of file.
2025-03-02 15:12:10,278 [ERROR] LogOutputStream:75 - [STDERR_REDIRECT] 
2025-03-02 15:12:11,262 [ERROR] LogOutputStream:75 - [STDERR_REDIRECT] [Fatal Error] :1:1: Premature end of file.
2025-03-02 15:12:11,262 [ERROR] LogOutputStream:75 - [STDERR_REDIRECT] 
2025-03-02 15:12:12,248 [ERROR] LogOutputStream:75 - [STDERR_REDIRECT] [Fatal Error] :1:1: Premature end of file.
2025-03-02 15:12:12,248 [ERROR] LogOutputStream:75 - [STDERR_REDIRECT] 
2025-03-02 15:12:13,255 [ERROR] LogOutputStream:75 - [STDERR_REDIRECT] [Fatal Error] :1:1: Premature end of file.
2025-03-02 15:12:13,255 [ERROR] LogOutputStream:75 - [STDERR_REDIRECT] 
2025-03-02 15:12:14,268 [ERROR] LogOutputStream:75 - [STDERR_REDIRECT] [Fatal Error] :1:1: Premature end of file.
2025-03-02 15:12:14,268 [ERROR] LogOutputStream:75 - [STDERR_REDIRECT] 
2025-03-02 15:12:15,270 [ERROR] LogOutputStream:75 - [STDERR_REDIRECT] [Fatal Error] :1:1: Premature end of file.
2025-03-02 15:12:15,270 [ERROR] LogOutputStream:75 - [STDERR_REDIRECT] 
2025-03-02 15:12:16,263 [ERROR] LogOutputStream:75 - [STDERR_REDIRECT] [Fatal Error] :1:1: Premature end of file.
2025-03-02 15:12:16,263 [ERROR] LogOutputStream:75 - [STDERR_REDIRECT] 
2025-03-02 15:12:17,267 [ERROR] LogOutputStream:75 - [STDERR_REDIRECT] [Fatal Error] :1:1: Premature end of file.
2025-03-02 15:12:17,268 [ERROR] LogOutputStream:75 - [STDERR_REDIRECT] 
2025-03-02 15:12:18,253 [ERROR] LogOutputStream:75 - [STDERR_REDIRECT] [Fatal Error] :1:1: Premature end of file.
2025-03-02 15:12:18,253 [ERROR] LogOutputStream:75 - [STDERR_REDIRECT] 
2025-03-02 15:12:19,295 [ERROR] LogOutputStream:75 - [STDERR_REDIRECT] [Fatal Error] :1:1: Premature end of file.
2025-03-02 15:12:19,296 [ERROR] LogOutputStream:75 - [STDERR_REDIRECT] 
2025-03-02 15:12:20,270 [ERROR] LogOutputStream:75 - [STDERR_REDIRECT] [Fatal Error] :1:1: Premature end of file.
2025-03-02 15:12:20,270 [ERROR] LogOutputStream:75 - [STDERR_REDIRECT] 
2025-03-02 15:12:21,245 [ERROR] LogOutputStream:75 - [STDERR_REDIRECT] [Fatal Error] :1:1: Premature end of file.
2025-03-02 15:12:21,245 [ERROR] LogOutputStream:75 - [STDERR_REDIRECT] 
2025-03-02 15:12:22,279 [ERROR] LogOutputStream:75 - [STDERR_REDIRECT] [Fatal Error] :1:1: Premature end of file.
2025-03-02 15:12:22,280 [ERROR] LogOutputStream:75 - [STDERR_REDIRECT] 
2025-03-02 15:12:23,262 [ERROR] LogOutputStream:75 - [STDERR_REDIRECT] [Fatal Error] :1:1: Premature end of file.
2025-03-02 15:12:23,262 [ERROR] LogOutputStream:75 - [STDERR_REDIRECT] 
2025-03-02 15:12:24,269 [ERROR] LogOutputStream:75 - [STDERR_REDIRECT] [Fatal Error] :1:1: Premature end of file.
2025-03-02 15:12:24,269 [ERROR] LogOutputStream:75 - [STDERR_REDIRECT] 
2025-03-02 15:12:25,273 [ERROR] LogOutputStream:75 - [STDERR_REDIRECT] [Fatal Error] :1:1: Premature end of file.
2025-03-02 15:12:25,273 [ERROR] LogOutputStream:75 - [STDERR_REDIRECT] 
2025-03-02 15:12:26,263 [ERROR] LogOutputStream:75 - [STDERR_REDIRECT] [Fatal Error] :1:1: Premature end of file.
2025-03-02 15:12:26,263 [ERROR] LogOutputStream:75 - [STDERR_REDIRECT] 
2025-03-02 15:12:27,267 [ERROR] LogOutputStream:75 - [STDERR_REDIRECT] [Fatal Error] :1:1: Premature end of file.
2025-03-02 15:12:27,267 [ERROR] LogOutputStream:75 - [STDERR_REDIRECT] 
2025-03-02 15:12:28,257 [ERROR] LogOutputStream:75 - [STDERR_REDIRECT] [Fatal Error] :1:1: Premature end of file.
2025-03-02 15:12:28,257 [ERROR] LogOutputStream:75 - [STDERR_REDIRECT] 
2025-03-02 15:12:29,277 [ERROR] LogOutputStream:75 - [STDERR_REDIRECT] [Fatal Error] :1:1: Premature end of file.
2025-03-02 15:12:29,278 [ERROR] LogOutputStream:75 - [STDERR_REDIRECT] 
2025-03-02 15:12:30,266 [ERROR] LogOutputStream:75 - [STDERR_REDIRECT] [Fatal Error] :1:1: Premature end of file.
2025-03-02 15:12:30,266 [ERROR] LogOutputStream:75 - [STDERR_REDIRECT] 
2025-03-02 15:12:31,266 [ERROR] LogOutputStream:75 - [STDERR_REDIRECT] [Fatal Error] :1:1: Premature end of file.
2025-03-02 15:12:31,266 [ERROR] LogOutputStream:75 - [STDERR_REDIRECT] 
2025-03-02 15:12:32,274 [ERROR] LogOutputStream:75 - [STDERR_REDIRECT] [Fatal Error] :1:1: Premature end of file.
2025-03-02 15:12:32,275 [ERROR] LogOutputStream:75 - [STDERR_REDIRECT] 
2025-03-02 15:12:33,243 [ERROR] LogOutputStream:75 - [STDERR_REDIRECT] [Fatal Error] :1:1: Premature end of file.
2025-03-02 15:12:33,243 [ERROR] LogOutputStream:75 - [STDERR_REDIRECT] 
2025-03-02 15:12:34,272 [ERROR] LogOutputStream:75 - [STDERR_REDIRECT] [Fatal Error] :1:1: Premature end of file.
2025-03-02 15:12:34,272 [ERROR] LogOutputStream:75 - [STDERR_REDIRECT] 
2025-03-02 15:12:35,250 [ERROR] LogOutputStream:75 - [STDERR_REDIRECT] [Fatal Error] :1:1: Premature end of file.
2025-03-02 15:12:35,250 [ERROR] LogOutputStream:75 - [STDERR_REDIRECT] 
2025-03-02 15:12:36,254 [ERROR] LogOutputStream:75 - [STDERR_REDIRECT] [Fatal Error] :1:1: Premature end of file.
2025-03-02 15:12:36,254 [ERROR] LogOutputStream:75 - [STDERR_REDIRECT] 
2025-03-02 15:12:37,266 [ERROR] LogOutputStream:75 - [STDERR_REDIRECT] [Fatal Error] :1:1: Premature end of file.
2025-03-02 15:12:37,266 [ERROR] LogOutputStream:75 - [STDERR_REDIRECT] 
2025-03-02 15:12:38,246 [ERROR] LogOutputStream:75 - [STDERR_REDIRECT] [Fatal Error] :1:1: Premature end of file.
2025-03-02 15:12:38,246 [ERROR] LogOutputStream:75 - [STDERR_REDIRECT] 
2025-03-02 15:12:39,295 [ERROR] LogOutputStream:75 - [STDERR_REDIRECT] [Fatal Error] :1:1: Premature end of file.
2025-03-02 15:12:39,295 [ERROR] LogOutputStream:75 - [STDERR_REDIRECT] 
2025-03-02 15:12:40,345 [ERROR] LogOutputStream:75 - [STDERR_REDIRECT] [Fatal Error] :1:1: Premature end of file.
2025-03-02 15:12:40,345 [ERROR] LogOutputStream:75 - [STDERR_REDIRECT] 
2025-03-02 15:12:41,340 [ERROR] LogOutputStream:75 - [STDERR_REDIRECT] [Fatal Error] :1:1: Premature end of file.
2025-03-02 15:12:41,341 [ERROR] LogOutputStream:75 - [STDERR_REDIRECT] 
2025-03-02 15:12:42,292 [ERROR] LogOutputStream:75 - [STDERR_REDIRECT] [Fatal Error] :1:1: Premature end of file.
2025-03-02 15:12:42,293 [ERROR] LogOutputStream:75 - [STDERR_REDIRECT] 
2025-03-02 15:12:43,264 [ERROR] LogOutputStream:75 - [STDERR_REDIRECT] [Fatal Error] :1:1: Premature end of file.
2025-03-02 15:12:43,264 [ERROR] LogOutputStream:75 - [STDERR_REDIRECT] 
2025-03-02 15:12:44,251 [ERROR] LogOutputStream:75 - [STDERR_REDIRECT] [Fatal Error] :1:1: Premature end of file.
2025-03-02 15:12:44,251 [ERROR] LogOutputStream:75 - [STDERR_REDIRECT] 
2025-03-02 15:12:45,252 [ERROR] LogOutputStream:75 - [STDERR_REDIRECT] [Fatal Error] :1:1: Premature end of file.
2025-03-02 15:12:45,252 [ERROR] LogOutputStream:75 - [STDERR_REDIRECT] 
2025-03-02 15:12:46,269 [ERROR] LogOutputStream:75 - [STDERR_REDIRECT] [Fatal Error] :1:1: Premature end of file.
2025-03-02 15:12:46,270 [ERROR] LogOutputStream:75 - [STDERR_REDIRECT] 
2025-03-02 15:12:47,411 [ERROR] LogOutputStream:75 - [STDERR_REDIRECT] [Fatal Error] :1:1: Premature end of file.
2025-03-02 15:12:47,411 [ERROR] LogOutputStream:75 - [STDERR_REDIRECT] 
2025-03-02 15:12:48,261 [ERROR] LogOutputStream:75 - [STDERR_REDIRECT] [Fatal Error] :1:1: Premature end of file.
2025-03-02 15:12:48,261 [ERROR] LogOutputStream:75 - [STDERR_REDIRECT] 
2025-03-02 15:12:49,246 [ERROR] LogOutputStream:75 - [STDERR_REDIRECT] [Fatal Error] :1:1: Premature end of file.
2025-03-02 15:12:49,246 [ERROR] LogOutputStream:75 - [STDERR_REDIRECT] 
2025-03-02 15:12:50,253 [ERROR] LogOutputStream:75 - [STDERR_REDIRECT] [Fatal Error] :1:1: Premature end of file.
2025-03-02 15:12:50,253 [ERROR] LogOutputStream:75 - [STDERR_REDIRECT] 
2025-03-02 15:12:51,271 [ERROR] LogOutputStream:75 - [STDERR_REDIRECT] [Fatal Error] :1:1: Premature end of file.
2025-03-02 15:12:51,271 [ERROR] LogOutputStream:75 - [STDERR_REDIRECT] 
2025-03-02 15:12:52,263 [ERROR] LogOutputStream:75 - [STDERR_REDIRECT] [Fatal Error] :1:1: Premature end of file.
2025-03-02 15:12:52,263 [ERROR] LogOutputStream:75 - [STDERR_REDIRECT] 
2025-03-02 15:12:53,261 [ERROR] LogOutputStream:75 - [STDERR_REDIRECT] [Fatal Error] :1:1: Premature end of file.
2025-03-02 15:12:53,262 [ERROR] LogOutputStream:75 - [STDERR_REDIRECT] 
2025-03-02 15:12:54,273 [ERROR] LogOutputStream:75 - [STDERR_REDIRECT] [Fatal Error] :1:1: Premature end of file.
2025-03-02 15:12:54,273 [ERROR] LogOutputStream:75 - [STDERR_REDIRECT] 
2025-03-02 15:12:55,252 [ERROR] LogOutputStream:75 - [STDERR_REDIRECT] [Fatal Error] :1:1: Premature end of file.
2025-03-02 15:12:55,252 [ERROR] LogOutputStream:75 - [STDERR_REDIRECT] 
2025-03-02 15:12:56,261 [ERROR] LogOutputStream:75 - [STDERR_REDIRECT] [Fatal Error] :1:1: Premature end of file.
2025-03-02 15:12:56,261 [ERROR] LogOutputStream:75 - [STDERR_REDIRECT] 
2025-03-02 15:12:57,252 [ERROR] LogOutputStream:75 - [STDERR_REDIRECT] [Fatal Error] :1:1: Premature end of file.
2025-03-02 15:12:57,252 [ERROR] LogOutputStream:75 - [STDERR_REDIRECT] 
2025-03-02 15:12:58,262 [ERROR] LogOutputStream:75 - [STDERR_REDIRECT] [Fatal Error] :1:1: Premature end of file.
2025-03-02 15:12:58,262 [ERROR] LogOutputStream:75 - [STDERR_REDIRECT] 
2025-03-02 15:12:59,266 [ERROR] LogOutputStream:75 - [STDERR_REDIRECT] [Fatal Error] :1:1: Premature end of file.
2025-03-02 15:12:59,266 [ERROR] LogOutputStream:75 - [STDERR_REDIRECT] 
2025-03-02 15:13:00,260 [ERROR] LogOutputStream:75 - [STDERR_REDIRECT] [Fatal Error] :1:1: Premature end of file.
2025-03-02 15:13:00,260 [ERROR] LogOutputStream:75 - [STDERR_REDIRECT] 
2025-03-02 15:13:01,254 [ERROR] LogOutputStream:75 - [STDERR_REDIRECT] [Fatal Error] :1:1: Premature end of file.
2025-03-02 15:13:01,254 [ERROR] LogOutputStream:75 - [STDERR_REDIRECT] 
2025-03-02 15:13:02,262 [ERROR] LogOutputStream:75 - [STDERR_REDIRECT] [Fatal Error] :1:1: Premature end of file.
2025-03-02 15:13:02,262 [ERROR] LogOutputStream:75 - [STDERR_REDIRECT] 
2025-03-02 15:13:03,269 [ERROR] LogOutputStream:75 - [STDERR_REDIRECT] [Fatal Error] :1:1: Premature end of file.
2025-03-02 15:13:03,269 [ERROR] LogOutputStream:75 - [STDERR_REDIRECT] 
2025-03-02 15:13:04,262 [ERROR] LogOutputStream:75 - [STDERR_REDIRECT] [Fatal Error] :1:1: Premature end of file.
2025-03-02 15:13:04,262 [ERROR] LogOutputStream:75 - [STDERR_REDIRECT] 
2025-03-02 15:13:05,257 [ERROR] LogOutputStream:75 - [STDERR_REDIRECT] [Fatal Error] :1:1: Premature end of file.
2025-03-02 15:13:05,257 [ERROR] LogOutputStream:75 - [STDERR_REDIRECT] 
2025-03-02 15:13:06,266 [ERROR] LogOutputStream:75 - [STDERR_REDIRECT] [Fatal Error] :1:1: Premature end of file.
2025-03-02 15:13:06,266 [ERROR] LogOutputStream:75 - [STDERR_REDIRECT] 
2025-03-02 15:13:07,252 [ERROR] LogOutputStream:75 - [STDERR_REDIRECT] [Fatal Error] :1:1: Premature end of file.
2025-03-02 15:13:07,252 [ERROR] LogOutputStream:75 - [STDERR_REDIRECT] 
2025-03-02 15:13:08,246 [ERROR] LogOutputStream:75 - [STDERR_REDIRECT] [Fatal Error] :1:1: Premature end of file.
2025-03-02 15:13:08,246 [ERROR] LogOutputStream:75 - [STDERR_REDIRECT] 
2025-03-02 15:13:09,271 [ERROR] LogOutputStream:75 - [STDERR_REDIRECT] [Fatal Error] :1:1: Premature end of file.
2025-03-02 15:13:09,271 [ERROR] LogOutputStream:75 - [STDERR_REDIRECT] 
2025-03-02 15:13:10,262 [ERROR] LogOutputStream:75 - [STDERR_REDIRECT] [Fatal Error] :1:1: Premature end of file.
2025-03-02 15:13:10,262 [ERROR] LogOutputStream:75 - [STDERR_REDIRECT] 
2025-03-02 15:13:11,252 [ERROR] LogOutputStream:75 - [STDERR_REDIRECT] [Fatal Error] :1:1: Premature end of file.
2025-03-02 15:13:11,252 [ERROR] LogOutputStream:75 - [STDERR_REDIRECT] 
2025-03-02 15:13:12,264 [ERROR] LogOutputStream:75 - [STDERR_REDIRECT] [Fatal Error] :1:1: Premature end of file.
2025-03-02 15:13:12,265 [ERROR] LogOutputStream:75 - [STDERR_REDIRECT] 
2025-03-02 15:13:13,273 [ERROR] LogOutputStream:75 - [STDERR_REDIRECT] [Fatal Error] :1:1: Premature end of file.
2025-03-02 15:13:13,273 [ERROR] LogOutputStream:75 - [STDERR_REDIRECT] 
2025-03-02 15:13:14,271 [ERROR] LogOutputStream:75 - [STDERR_REDIRECT] [Fatal Error] :1:1: Premature end of file.
2025-03-02 15:13:14,271 [ERROR] LogOutputStream:75 - [STDERR_REDIRECT] 
2025-03-02 15:13:15,263 [ERROR] LogOutputStream:75 - [STDERR_REDIRECT] [Fatal Error] :1:1: Premature end of file.
2025-03-02 15:13:15,263 [ERROR] LogOutputStream:75 - [STDERR_REDIRECT] 
2025-03-02 15:13:16,268 [ERROR] LogOutputStream:75 - [STDERR_REDIRECT] [Fatal Error] :1:1: Premature end of file.
2025-03-02 15:13:16,268 [ERROR] LogOutputStream:75 - [STDERR_REDIRECT] 
2025-03-02 15:13:17,274 [ERROR] LogOutputStream:75 - [STDERR_REDIRECT] [Fatal Error] :1:1: Premature end of file.
2025-03-02 15:13:17,274 [ERROR] LogOutputStream:75 - [STDERR_REDIRECT] 
2025-03-02 15:13:18,272 [ERROR] LogOutputStream:75 - [STDERR_REDIRECT] [Fatal Error] :1:1: Premature end of file.
2025-03-02 15:13:18,272 [ERROR] LogOutputStream:75 - [STDERR_REDIRECT] 
2025-03-02 15:13:19,277 [ERROR] LogOutputStream:75 - [STDERR_REDIRECT] [Fatal Error] :1:1: Premature end of file.
2025-03-02 15:13:19,277 [ERROR] LogOutputStream:75 - [STDERR_REDIRECT] 
2025-03-02 15:13:20,256 [ERROR] LogOutputStream:75 - [STDERR_REDIRECT] [Fatal Error] :1:1: Premature end of file.
2025-03-02 15:13:20,256 [ERROR] LogOutputStream:75 - [STDERR_REDIRECT] 
2025-03-02 15:13:21,273 [ERROR] LogOutputStream:75 - [STDERR_REDIRECT] [Fatal Error] :1:1: Premature end of file.
2025-03-02 15:13:21,273 [ERROR] LogOutputStream:75 - [STDERR_REDIRECT] 
2025-03-02 15:13:22,270 [ERROR] LogOutputStream:75 - [STDERR_REDIRECT] [Fatal Error] :1:1: Premature end of file.
2025-03-02 15:13:22,271 [ERROR] LogOutputStream:75 - [STDERR_REDIRECT] 
2025-03-02 15:13:23,275 [ERROR] LogOutputStream:75 - [STDERR_REDIRECT] [Fatal Error] :1:1: Premature end of file.
2025-03-02 15:13:23,275 [ERROR] LogOutputStream:75 - [STDERR_REDIRECT] 
2025-03-02 15:13:24,273 [ERROR] LogOutputStream:75 - [STDERR_REDIRECT] [Fatal Error] :1:1: Premature end of file.
2025-03-02 15:13:24,273 [ERROR] LogOutputStream:75 - [STDERR_REDIRECT] 
2025-03-02 15:13:25,277 [ERROR] LogOutputStream:75 - [STDERR_REDIRECT] [Fatal Error] :1:1: Premature end of file.
2025-03-02 15:13:25,277 [ERROR] LogOutputStream:75 - [STDERR_REDIRECT] 
2025-03-02 15:13:26,280 [ERROR] LogOutputStream:75 - [STDERR_REDIRECT] [Fatal Error] :1:1: Premature end of file.
2025-03-02 15:13:26,280 [ERROR] LogOutputStream:75 - [STDERR_REDIRECT] 
2025-03-02 15:13:27,261 [ERROR] LogOutputStream:75 - [STDERR_REDIRECT] [Fatal Error] :1:1: Premature end of file.
2025-03-02 15:13:27,262 [ERROR] LogOutputStream:75 - [STDERR_REDIRECT] 
2025-03-02 15:13:28,268 [ERROR] LogOutputStream:75 - [STDERR_REDIRECT] [Fatal Error] :1:1: Premature end of file.
2025-03-02 15:13:28,268 [ERROR] LogOutputStream:75 - [STDERR_REDIRECT] 
2025-03-02 15:13:29,280 [ERROR] LogOutputStream:75 - [STDERR_REDIRECT] [Fatal Error] :1:1: Premature end of file.
2025-03-02 15:13:29,280 [ERROR] LogOutputStream:75 - [STDERR_REDIRECT] 
2025-03-02 15:13:30,273 [ERROR] LogOutputStream:75 - [STDERR_REDIRECT] [Fatal Error] :1:1: Premature end of file.
2025-03-02 15:13:30,273 [ERROR] LogOutputStream:75 - [STDERR_REDIRECT] 
2025-03-02 15:13:31,268 [ERROR] LogOutputStream:75 - [STDERR_REDIRECT] [Fatal Error] :1:1: Premature end of file.
2025-03-02 15:13:31,268 [ERROR] LogOutputStream:75 - [STDERR_REDIRECT] 
2025-03-02 15:13:32,271 [ERROR] LogOutputStream:75 - [STDERR_REDIRECT] [Fatal Error] :1:1: Premature end of file.
2025-03-02 15:13:32,271 [ERROR] LogOutputStream:75 - [STDERR_REDIRECT] 
2025-03-02 15:13:33,301 [ERROR] LogOutputStream:75 - [STDERR_REDIRECT] [Fatal Error] :1:1: Premature end of file.
2025-03-02 15:13:33,301 [ERROR] LogOutputStream:75 - [STDERR_REDIRECT] 
2025-03-02 15:13:34,266 [ERROR] LogOutputStream:75 - [STDERR_REDIRECT] [Fatal Error] :1:1: Premature end of file.
2025-03-02 15:13:34,266 [ERROR] LogOutputStream:75 - [STDERR_REDIRECT] 
2025-03-02 15:13:35,236 [ERROR] LogOutputStream:75 - [STDERR_REDIRECT] [Fatal Error] :1:1: Premature end of file.
2025-03-02 15:13:35,236 [ERROR] LogOutputStream:75 - [STDERR_REDIRECT] 
2025-03-02 15:13:36,242 [ERROR] LogOutputStream:75 - [STDERR_REDIRECT] [Fatal Error] :1:1: Premature end of file.
2025-03-02 15:13:36,242 [ERROR] LogOutputStream:75 - [STDERR_REDIRECT] 
2025-03-02 15:13:37,532 [ERROR] LogOutputStream:75 - [STDERR_REDIRECT] [Fatal Error] :1:1: Premature end of file.
2025-03-02 15:13:37,532 [ERROR] LogOutputStream:75 - [STDERR_REDIRECT] 
2025-03-02 15:13:38,325 [ERROR] LogOutputStream:75 - [STDERR_REDIRECT] [Fatal Error] :1:1: Premature end of file.
2025-03-02 15:13:38,325 [ERROR] LogOutputStream:75 - [STDERR_REDIRECT] 
2025-03-02 15:13:39,452 [ERROR] LogOutputStream:75 - [STDERR_REDIRECT] [Fatal Error] :1:1: Premature end of file.
2025-03-02 15:13:39,452 [ERROR] LogOutputStream:75 - [STDERR_REDIRECT] 
2025-03-02 15:13:40,303 [ERROR] LogOutputStream:75 - [STDERR_REDIRECT] [Fatal Error] :1:1: Premature end of file.
2025-03-02 15:13:40,303 [ERROR] LogOutputStream:75 - [STDERR_REDIRECT] 
2025-03-02 15:13:41,710 [ERROR] LogOutputStream:75 - [STDERR_REDIRECT] [Fatal Error] :1:1: Premature end of file.
2025-03-02 15:13:41,710 [ERROR] LogOutputStream:75 - [STDERR_REDIRECT] 
2025-03-02 15:13:42,450 [ERROR] LogOutputStream:75 - [STDERR_REDIRECT] [Fatal Error] :1:1: Premature end of file.
2025-03-02 15:13:42,450 [ERROR] LogOutputStream:75 - [STDERR_REDIRECT] 
2025-03-02 15:13:43,294 [ERROR] LogOutputStream:75 - [STDERR_REDIRECT] [Fatal Error] :1:1: Premature end of file.
2025-03-02 15:13:43,295 [ERROR] LogOutputStream:75 - [STDERR_REDIRECT] 
2025-03-02 15:13:44,362 [ERROR] LogOutputStream:75 - [STDERR_REDIRECT] [Fatal Error] :1:1: Premature end of file.
2025-03-02 15:13:44,362 [ERROR] LogOutputStream:75 - [STDERR_REDIRECT] 
2025-03-02 15:13:45,686 [ERROR] LogOutputStream:75 - [STDERR_REDIRECT] [Fatal Error] :1:1: Premature end of file.
2025-03-02 15:13:45,687 [ERROR] LogOutputStream:75 - [STDERR_REDIRECT] 
2025-03-02 15:13:46,290 [ERROR] LogOutputStream:75 - [STDERR_REDIRECT] [Fatal Error] :1:1: Premature end of file.
2025-03-02 15:13:46,290 [ERROR] LogOutputStream:75 - [STDERR_REDIRECT] 
2025-03-02 15:13:47,319 [ERROR] LogOutputStream:75 - [STDERR_REDIRECT] [Fatal Error] :1:1: Premature end of file.
2025-03-02 15:13:47,319 [ERROR] LogOutputStream:75 - [STDERR_REDIRECT] 
2025-03-02 15:13:48,317 [ERROR] LogOutputStream:75 - [STDERR_REDIRECT] [Fatal Error] :1:1: Premature end of file.
2025-03-02 15:13:48,317 [ERROR] LogOutputStream:75 - [STDERR_REDIRECT] 
2025-03-02 15:13:49,275 [ERROR] LogOutputStream:75 - [STDERR_REDIRECT] [Fatal Error] :1:1: Premature end of file.
2025-03-02 15:13:49,275 [ERROR] LogOutputStream:75 - [STDERR_REDIRECT] 
2025-03-02 15:13:51,348 [ERROR] LogOutputStream:75 - [STDERR_REDIRECT] [Fatal Error] :1:1: Premature end of file.
2025-03-02 15:13:51,348 [ERROR] LogOutputStream:75 - [STDERR_REDIRECT] 
2025-03-02 15:13:51,879 [ERROR] LogOutputStream:75 - [STDERR_REDIRECT] [Fatal Error] :1:1: Premature end of file.
2025-03-02 15:13:51,879 [ERROR] LogOutputStream:75 - [STDERR_REDIRECT] 
2025-03-02 15:13:53,130 [ERROR] LogOutputStream:75 - [STDERR_REDIRECT] [Fatal Error] :1:1: Premature end of file.
2025-03-02 15:13:53,130 [ERROR] LogOutputStream:75 - [STDERR_REDIRECT] 
2025-03-02 15:13:53,238 [ERROR] LogOutputStream:75 - [STDERR_REDIRECT] [Fatal Error] :1:1: Premature end of file.
2025-03-02 15:13:53,238 [ERROR] LogOutputStream:75 - [STDERR_REDIRECT] 
2025-03-02 15:13:54,246 [ERROR] LogOutputStream:75 - [STDERR_REDIRECT] [Fatal Error] :1:1: Premature end of file.
2025-03-02 15:13:54,246 [ERROR] LogOutputStream:75 - [STDERR_REDIRECT] 
2025-03-02 15:13:55,258 [ERROR] LogOutputStream:75 - [STDERR_REDIRECT] [Fatal Error] :1:1: Premature end of file.
2025-03-02 15:13:55,258 [ERROR] LogOutputStream:75 - [STDERR_REDIRECT] 
2025-03-02 15:13:56,273 [ERROR] LogOutputStream:75 - [STDERR_REDIRECT] [Fatal Error] :1:1: Premature end of file.
2025-03-02 15:13:56,273 [ERROR] LogOutputStream:75 - [STDERR_REDIRECT] 
2025-03-02 15:13:57,263 [ERROR] LogOutputStream:75 - [STDERR_REDIRECT] [Fatal Error] :1:1: Premature end of file.
2025-03-02 15:13:57,263 [ERROR] LogOutputStream:75 - [STDERR_REDIRECT] 
2025-03-02 15:13:58,270 [ERROR] LogOutputStream:75 - [STDERR_REDIRECT] [Fatal Error] :1:1: Premature end of file.
2025-03-02 15:13:58,270 [ERROR] LogOutputStream:75 - [STDERR_REDIRECT] 
2025-03-02 15:13:59,265 [ERROR] LogOutputStream:75 - [STDERR_REDIRECT] [Fatal Error] :1:1: Premature end of file.
2025-03-02 15:13:59,265 [ERROR] LogOutputStream:75 - [STDERR_REDIRECT] 
2025-03-02 15:14:00,244 [ERROR] LogOutputStream:75 - [STDERR_REDIRECT] [Fatal Error] :1:1: Premature end of file.
2025-03-02 15:14:00,244 [ERROR] LogOutputStream:75 - [STDERR_REDIRECT] 
2025-03-02 15:14:01,274 [ERROR] LogOutputStream:75 - [STDERR_REDIRECT] [Fatal Error] :1:1: Premature end of file.
2025-03-02 15:14:01,274 [ERROR] LogOutputStream:75 - [STDERR_REDIRECT] 
2025-03-02 15:14:02,256 [ERROR] LogOutputStream:75 - [STDERR_REDIRECT] [Fatal Error] :1:1: Premature end of file.
2025-03-02 15:14:02,256 [ERROR] LogOutputStream:75 - [STDERR_REDIRECT] 
2025-03-02 15:14:03,255 [ERROR] LogOutputStream:75 - [STDERR_REDIRECT] [Fatal Error] :1:1: Premature end of file.
2025-03-02 15:14:03,256 [ERROR] LogOutputStream:75 - [STDERR_REDIRECT] 
2025-03-02 15:14:04,264 [ERROR] LogOutputStream:75 - [STDERR_REDIRECT] [Fatal Error] :1:1: Premature end of file.
2025-03-02 15:14:04,264 [ERROR] LogOutputStream:75 - [STDERR_REDIRECT] 
2025-03-02 15:14:05,267 [ERROR] LogOutputStream:75 - [STDERR_REDIRECT] [Fatal Error] :1:1: Premature end of file.
2025-03-02 15:14:05,267 [ERROR] LogOutputStream:75 - [STDERR_REDIRECT] 
2025-03-02 15:14:06,261 [ERROR] LogOutputStream:75 - [STDERR_REDIRECT] [Fatal Error] :1:1: Premature end of file.
2025-03-02 15:14:06,261 [ERROR] LogOutputStream:75 - [STDERR_REDIRECT] 
2025-03-02 15:14:07,263 [ERROR] LogOutputStream:75 - [STDERR_REDIRECT] [Fatal Error] :1:1: Premature end of file.
2025-03-02 15:14:07,263 [ERROR] LogOutputStream:75 - [STDERR_REDIRECT] 
2025-03-02 15:14:08,265 [ERROR] LogOutputStream:75 - [STDERR_REDIRECT] [Fatal Error] :1:1: Premature end of file.
2025-03-02 15:14:08,265 [ERROR] LogOutputStream:75 - [STDERR_REDIRECT] 
2025-03-02 15:14:09,258 [ERROR] LogOutputStream:75 - [STDERR_REDIRECT] [Fatal Error] :1:1: Premature end of file.
2025-03-02 15:14:09,258 [ERROR] LogOutputStream:75 - [STDERR_REDIRECT] 
2025-03-02 15:14:10,257 [ERROR] LogOutputStream:75 - [STDERR_REDIRECT] [Fatal Error] :1:1: Premature end of file.
2025-03-02 15:14:10,257 [ERROR] LogOutputStream:75 - [STDERR_REDIRECT] 
2025-03-02 15:14:11,249 [ERROR] LogOutputStream:75 - [STDERR_REDIRECT] [Fatal Error] :1:1: Premature end of file.
2025-03-02 15:14:11,249 [ERROR] LogOutputStream:75 - [STDERR_REDIRECT] 
2025-03-02 15:14:12,258 [ERROR] LogOutputStream:75 - [STDERR_REDIRECT] [Fatal Error] :1:1: Premature end of file.
2025-03-02 15:14:12,258 [ERROR] LogOutputStream:75 - [STDERR_REDIRECT] 
2025-03-02 15:14:13,256 [ERROR] LogOutputStream:75 - [STDERR_REDIRECT] [Fatal Error] :1:1: Premature end of file.
2025-03-02 15:14:13,256 [ERROR] LogOutputStream:75 - [STDERR_REDIRECT] 
2025-03-02 15:14:14,260 [ERROR] LogOutputStream:75 - [STDERR_REDIRECT] [Fatal Error] :1:1: Premature end of file.
2025-03-02 15:14:14,260 [ERROR] LogOutputStream:75 - [STDERR_REDIRECT] 
2025-03-02 15:14:15,270 [ERROR] LogOutputStream:75 - [STDERR_REDIRECT] [Fatal Error] :1:1: Premature end of file.
2025-03-02 15:14:15,270 [ERROR] LogOutputStream:75 - [STDERR_REDIRECT] 
2025-03-02 15:14:16,255 [ERROR] LogOutputStream:75 - [STDERR_REDIRECT] [Fatal Error] :1:1: Premature end of file.
2025-03-02 15:14:16,255 [ERROR] LogOutputStream:75 - [STDERR_REDIRECT] 
2025-03-02 15:14:17,240 [ERROR] LogOutputStream:75 - [STDERR_REDIRECT] [Fatal Error] :1:1: Premature end of file.
2025-03-02 15:14:17,240 [ERROR] LogOutputStream:75 - [STDERR_REDIRECT] 
2025-03-02 15:14:18,240 [ERROR] LogOutputStream:75 - [STDERR_REDIRECT] [Fatal Error] :1:1: Premature end of file.
2025-03-02 15:14:18,240 [ERROR] LogOutputStream:75 - [STDERR_REDIRECT] 
2025-03-02 15:14:19,240 [ERROR] LogOutputStream:75 - [STDERR_REDIRECT] [Fatal Error] :1:1: Premature end of file.
2025-03-02 15:14:19,240 [ERROR] LogOutputStream:75 - [STDERR_REDIRECT] 
2025-03-02 15:14:20,244 [ERROR] LogOutputStream:75 - [STDERR_REDIRECT] [Fatal Error] :1:1: Premature end of file.
2025-03-02 15:14:20,244 [ERROR] LogOutputStream:75 - [STDERR_REDIRECT] 
2025-03-02 15:14:21,520 [ERROR] LogOutputStream:75 - [STDERR_REDIRECT] [Fatal Error] :1:1: Premature end of file.
2025-03-02 15:14:21,520 [ERROR] LogOutputStream:75 - [STDERR_REDIRECT] 
2025-03-02 15:14:22,372 [ERROR] LogOutputStream:75 - [STDERR_REDIRECT] [Fatal Error] :1:1: Premature end of file.
2025-03-02 15:14:22,372 [ERROR] LogOutputStream:75 - [STDERR_REDIRECT] 
2025-03-02 15:14:23,237 [ERROR] LogOutputStream:75 - [STDERR_REDIRECT] [Fatal Error] :1:1: Premature end of file.
2025-03-02 15:14:23,237 [ERROR] LogOutputStream:75 - [STDERR_REDIRECT] 
2025-03-02 15:14:24,273 [ERROR] LogOutputStream:75 - [STDERR_REDIRECT] [Fatal Error] :1:1: Premature end of file.
2025-03-02 15:14:24,273 [ERROR] LogOutputStream:75 - [STDERR_REDIRECT] 
2025-03-02 15:14:25,268 [ERROR] LogOutputStream:75 - [STDERR_REDIRECT] [Fatal Error] :1:1: Premature end of file.
2025-03-02 15:14:25,268 [ERROR] LogOutputStream:75 - [STDERR_REDIRECT] 
2025-03-02 15:14:26,255 [ERROR] LogOutputStream:75 - [STDERR_REDIRECT] [Fatal Error] :1:1: Premature end of file.
2025-03-02 15:14:26,256 [ERROR] LogOutputStream:75 - [STDERR_REDIRECT] 
2025-03-02 15:14:27,252 [ERROR] LogOutputStream:75 - [STDERR_REDIRECT] [Fatal Error] :1:1: Premature end of file.
2025-03-02 15:14:27,253 [ERROR] LogOutputStream:75 - [STDERR_REDIRECT] 
2025-03-02 15:14:28,260 [ERROR] LogOutputStream:75 - [STDERR_REDIRECT] [Fatal Error] :1:1: Premature end of file.
2025-03-02 15:14:28,260 [ERROR] LogOutputStream:75 - [STDERR_REDIRECT] 
2025-03-02 15:14:29,258 [ERROR] LogOutputStream:75 - [STDERR_REDIRECT] [Fatal Error] :1:1: Premature end of file.
2025-03-02 15:14:29,258 [ERROR] LogOutputStream:75 - [STDERR_REDIRECT] 
2025-03-02 15:14:30,260 [ERROR] LogOutputStream:75 - [STDERR_REDIRECT] [Fatal Error] :1:1: Premature end of file.
2025-03-02 15:14:30,260 [ERROR] LogOutputStream:75 - [STDERR_REDIRECT] 
2025-03-02 15:14:31,246 [ERROR] LogOutputStream:75 - [STDERR_REDIRECT] [Fatal Error] :1:1: Premature end of file.
2025-03-02 15:14:31,246 [ERROR] LogOutputStream:75 - [STDERR_REDIRECT] 
2025-03-02 15:14:32,246 [ERROR] LogOutputStream:75 - [STDERR_REDIRECT] [Fatal Error] :1:1: Premature end of file.
2025-03-02 15:14:32,246 [ERROR] LogOutputStream:75 - [STDERR_REDIRECT] 
2025-03-02 15:14:33,254 [ERROR] LogOutputStream:75 - [STDERR_REDIRECT] [Fatal Error] :1:1: Premature end of file.
2025-03-02 15:14:33,254 [ERROR] LogOutputStream:75 - [STDERR_REDIRECT] 
2025-03-02 15:14:34,238 [ERROR] LogOutputStream:75 - [STDERR_REDIRECT] [Fatal Error] :1:1: Premature end of file.
2025-03-02 15:14:34,238 [ERROR] LogOutputStream:75 - [STDERR_REDIRECT] 
2025-03-02 15:14:35,266 [ERROR] LogOutputStream:75 - [STDERR_REDIRECT] [Fatal Error] :1:1: Premature end of file.
2025-03-02 15:14:35,266 [ERROR] LogOutputStream:75 - [STDERR_REDIRECT] 
2025-03-02 15:14:36,249 [ERROR] LogOutputStream:75 - [STDERR_REDIRECT] [Fatal Error] :1:1: Premature end of file.
2025-03-02 15:14:36,249 [ERROR] LogOutputStream:75 - [STDERR_REDIRECT] 
2025-03-02 15:14:37,245 [ERROR] LogOutputStream:75 - [STDERR_REDIRECT] [Fatal Error] :1:1: Premature end of file.
2025-03-02 15:14:37,245 [ERROR] LogOutputStream:75 - [STDERR_REDIRECT] 
2025-03-02 15:14:38,244 [ERROR] LogOutputStream:75 - [STDERR_REDIRECT] [Fatal Error] :1:1: Premature end of file.
2025-03-02 15:14:38,244 [ERROR] LogOutputStream:75 - [STDERR_REDIRECT] 
2025-03-02 15:14:39,255 [ERROR] LogOutputStream:75 - [STDERR_REDIRECT] [Fatal Error] :1:1: Premature end of file.
2025-03-02 15:14:39,256 [ERROR] LogOutputStream:75 - [STDERR_REDIRECT] 
2025-03-02 15:14:40,245 [ERROR] LogOutputStream:75 - [STDERR_REDIRECT] [Fatal Error] :1:1: Premature end of file.
2025-03-02 15:14:40,245 [ERROR] LogOutputStream:75 - [STDERR_REDIRECT] 
2025-03-02 15:14:41,254 [ERROR] LogOutputStream:75 - [STDERR_REDIRECT] [Fatal Error] :1:1: Premature end of file.
2025-03-02 15:14:41,254 [ERROR] LogOutputStream:75 - [STDERR_REDIRECT] 
2025-03-02 15:14:42,241 [ERROR] LogOutputStream:75 - [STDERR_REDIRECT] [Fatal Error] :1:1: Premature end of file.
2025-03-02 15:14:42,241 [ERROR] LogOutputStream:75 - [STDERR_REDIRECT] 
2025-03-02 15:14:43,242 [ERROR] LogOutputStream:75 - [STDERR_REDIRECT] [Fatal Error] :1:1: Premature end of file.
2025-03-02 15:14:43,242 [ERROR] LogOutputStream:75 - [STDERR_REDIRECT] 
2025-03-02 15:14:44,241 [ERROR] LogOutputStream:75 - [STDERR_REDIRECT] [Fatal Error] :1:1: Premature end of file.
2025-03-02 15:14:44,241 [ERROR] LogOutputStream:75 - [STDERR_REDIRECT] 
2025-03-02 15:14:45,240 [ERROR] LogOutputStream:75 - [STDERR_REDIRECT] [Fatal Error] :1:1: Premature end of file.
2025-03-02 15:14:45,240 [ERROR] LogOutputStream:75 - [STDERR_REDIRECT] 
2025-03-02 15:14:46,240 [ERROR] LogOutputStream:75 - [STDERR_REDIRECT] [Fatal Error] :1:1: Premature end of file.
2025-03-02 15:14:46,241 [ERROR] LogOutputStream:75 - [STDERR_REDIRECT] 
2025-03-02 15:14:47,239 [ERROR] LogOutputStream:75 - [STDERR_REDIRECT] [Fatal Error] :1:1: Premature end of file.
2025-03-02 15:14:47,240 [ERROR] LogOutputStream:75 - [STDERR_REDIRECT] 
2025-03-02 15:14:48,241 [ERROR] LogOutputStream:75 - [STDERR_REDIRECT] [Fatal Error] :1:1: Premature end of file.
2025-03-02 15:14:48,241 [ERROR] LogOutputStream:75 - [STDERR_REDIRECT] 
2025-03-02 15:14:49,238 [ERROR] LogOutputStream:75 - [STDERR_REDIRECT] [Fatal Error] :1:1: Premature end of file.
2025-03-02 15:14:49,238 [ERROR] LogOutputStream:75 - [STDERR_REDIRECT] 
2025-03-02 15:14:50,242 [ERROR] LogOutputStream:75 - [STDERR_REDIRECT] [Fatal Error] :1:1: Premature end of file.
2025-03-02 15:14:50,242 [ERROR] LogOutputStream:75 - [STDERR_REDIRECT] 
2025-03-02 15:14:51,241 [ERROR] LogOutputStream:75 - [STDERR_REDIRECT] [Fatal Error] :1:1: Premature end of file.
2025-03-02 15:14:51,241 [ERROR] LogOutputStream:75 - [STDERR_REDIRECT] 
2025-03-02 15:14:52,242 [ERROR] LogOutputStream:75 - [STDERR_REDIRECT] [Fatal Error] :1:1: Premature end of file.
2025-03-02 15:14:52,242 [ERROR] LogOutputStream:75 - [STDERR_REDIRECT] 
2025-03-02 15:14:53,237 [ERROR] LogOutputStream:75 - [STDERR_REDIRECT] [Fatal Error] :1:1: Premature end of file.
2025-03-02 15:14:53,237 [ERROR] LogOutputStream:75 - [STDERR_REDIRECT] 
2025-03-02 15:14:54,240 [ERROR] LogOutputStream:75 - [STDERR_REDIRECT] [Fatal Error] :1:1: Premature end of file.
2025-03-02 15:14:54,241 [ERROR] LogOutputStream:75 - [STDERR_REDIRECT] 
2025-03-02 15:14:55,240 [ERROR] LogOutputStream:75 - [STDERR_REDIRECT] [Fatal Error] :1:1: Premature end of file.
2025-03-02 15:14:55,241 [ERROR] LogOutputStream:75 - [STDERR_REDIRECT] 
2025-03-02 15:14:56,247 [ERROR] LogOutputStream:75 - [STDERR_REDIRECT] [Fatal Error] :1:1: Premature end of file.
2025-03-02 15:14:56,247 [ERROR] LogOutputStream:75 - [STDERR_REDIRECT] 
2025-03-02 15:14:57,240 [ERROR] LogOutputStream:75 - [STDERR_REDIRECT] [Fatal Error] :1:1: Premature end of file.
2025-03-02 15:14:57,240 [ERROR] LogOutputStream:75 - [STDERR_REDIRECT] 
2025-03-02 15:14:58,240 [ERROR] LogOutputStream:75 - [STDERR_REDIRECT] [Fatal Error] :1:1: Premature end of file.
2025-03-02 15:14:58,240 [ERROR] LogOutputStream:75 - [STDERR_REDIRECT] 
2025-03-02 15:14:59,229 [ERROR] LogOutputStream:75 - [STDERR_REDIRECT] [Fatal Error] :1:1: Premature end of file.
2025-03-02 15:14:59,229 [ERROR] LogOutputStream:75 - [STDERR_REDIRECT] 
2025-03-02 15:15:00,251 [ERROR] LogOutputStream:75 - [STDERR_REDIRECT] [Fatal Error] :1:1: Premature end of file.
2025-03-02 15:15:00,251 [ERROR] LogOutputStream:75 - [STDERR_REDIRECT] 
2025-03-02 15:15:01,241 [ERROR] LogOutputStream:75 - [STDERR_REDIRECT] [Fatal Error] :1:1: Premature end of file.
2025-03-02 15:15:01,241 [ERROR] LogOutputStream:75 - [STDERR_REDIRECT] 
2025-03-02 15:15:02,242 [ERROR] LogOutputStream:75 - [STDERR_REDIRECT] [Fatal Error] :1:1: Premature end of file.
2025-03-02 15:15:02,242 [ERROR] LogOutputStream:75 - [STDERR_REDIRECT] 
2025-03-02 15:15:03,241 [ERROR] LogOutputStream:75 - [STDERR_REDIRECT] [Fatal Error] :1:1: Premature end of file.
2025-03-02 15:15:03,241 [ERROR] LogOutputStream:75 - [STDERR_REDIRECT] 
2025-03-02 15:15:04,251 [ERROR] LogOutputStream:75 - [STDERR_REDIRECT] [Fatal Error] :1:1: Premature end of file.
2025-03-02 15:15:04,251 [ERROR] LogOutputStream:75 - [STDERR_REDIRECT] 
2025-03-02 15:15:05,244 [ERROR] LogOutputStream:75 - [STDERR_REDIRECT] [Fatal Error] :1:1: Premature end of file.
2025-03-02 15:15:05,244 [ERROR] LogOutputStream:75 - [STDERR_REDIRECT] 
2025-03-02 15:15:06,245 [ERROR] LogOutputStream:75 - [STDERR_REDIRECT] [Fatal Error] :1:1: Premature end of file.
2025-03-02 15:15:06,245 [ERROR] LogOutputStream:75 - [STDERR_REDIRECT] 
2025-03-02 15:15:07,245 [ERROR] LogOutputStream:75 - [STDERR_REDIRECT] [Fatal Error] :1:1: Premature end of file.
2025-03-02 15:15:07,245 [ERROR] LogOutputStream:75 - [STDERR_REDIRECT] 
2025-03-02 15:15:08,242 [ERROR] LogOutputStream:75 - [STDERR_REDIRECT] [Fatal Error] :1:1: Premature end of file.
2025-03-02 15:15:08,242 [ERROR] LogOutputStream:75 - [STDERR_REDIRECT] 
2025-03-02 15:15:09,243 [ERROR] LogOutputStream:75 - [STDERR_REDIRECT] [Fatal Error] :1:1: Premature end of file.
2025-03-02 15:15:09,244 [ERROR] LogOutputStream:75 - [STDERR_REDIRECT] 
2025-03-02 15:15:10,241 [ERROR] LogOutputStream:75 - [STDERR_REDIRECT] [Fatal Error] :1:1: Premature end of file.
2025-03-02 15:15:10,242 [ERROR] LogOutputStream:75 - [STDERR_REDIRECT] 
2025-03-02 15:15:11,239 [ERROR] LogOutputStream:75 - [STDERR_REDIRECT] [Fatal Error] :1:1: Premature end of file.
2025-03-02 15:15:11,239 [ERROR] LogOutputStream:75 - [STDERR_REDIRECT] 
2025-03-02 15:15:12,241 [ERROR] LogOutputStream:75 - [STDERR_REDIRECT] [Fatal Error] :1:1: Premature end of file.
2025-03-02 15:15:12,241 [ERROR] LogOutputStream:75 - [STDERR_REDIRECT] 
2025-03-02 15:15:13,241 [ERROR] LogOutputStream:75 - [STDERR_REDIRECT] [Fatal Error] :1:1: Premature end of file.
2025-03-02 15:15:13,241 [ERROR] LogOutputStream:75 - [STDERR_REDIRECT] 
2025-03-02 15:15:14,241 [ERROR] LogOutputStream:75 - [STDERR_REDIRECT] [Fatal Error] :1:1: Premature end of file.
2025-03-02 15:15:14,241 [ERROR] LogOutputStream:75 - [STDERR_REDIRECT] 
2025-03-02 15:15:15,240 [ERROR] LogOutputStream:75 - [STDERR_REDIRECT] [Fatal Error] :1:1: Premature end of file.
2025-03-02 15:15:15,240 [ERROR] LogOutputStream:75 - [STDERR_REDIRECT] 
2025-03-02 15:15:16,240 [ERROR] LogOutputStream:75 - [STDERR_REDIRECT] [Fatal Error] :1:1: Premature end of file.
2025-03-02 15:15:16,240 [ERROR] LogOutputStream:75 - [STDERR_REDIRECT] 
2025-03-02 15:15:17,245 [ERROR] LogOutputStream:75 - [STDERR_REDIRECT] [Fatal Error] :1:1: Premature end of file.
2025-03-02 15:15:17,245 [ERROR] LogOutputStream:75 - [STDERR_REDIRECT] 
2025-03-02 15:15:18,242 [ERROR] LogOutputStream:75 - [STDERR_REDIRECT] [Fatal Error] :1:1: Premature end of file.
2025-03-02 15:15:18,242 [ERROR] LogOutputStream:75 - [STDERR_REDIRECT] 
2025-03-02 15:15:19,241 [ERROR] LogOutputStream:75 - [STDERR_REDIRECT] [Fatal Error] :1:1: Premature end of file.
2025-03-02 15:15:19,241 [ERROR] LogOutputStream:75 - [STDERR_REDIRECT] 
2025-03-02 15:15:20,241 [ERROR] LogOutputStream:75 - [STDERR_REDIRECT] [Fatal Error] :1:1: Premature end of file.
2025-03-02 15:15:20,241 [ERROR] LogOutputStream:75 - [STDERR_REDIRECT] 
2025-03-02 15:15:21,240 [ERROR] LogOutputStream:75 - [STDERR_REDIRECT] [Fatal Error] :1:1: Premature end of file.
2025-03-02 15:15:21,240 [ERROR] LogOutputStream:75 - [STDERR_REDIRECT] 
2025-03-02 15:15:22,242 [ERROR] LogOutputStream:75 - [STDERR_REDIRECT] [Fatal Error] :1:1: Premature end of file.
2025-03-02 15:15:22,242 [ERROR] LogOutputStream:75 - [STDERR_REDIRECT] 
2025-03-02 15:15:23,242 [ERROR] LogOutputStream:75 - [STDERR_REDIRECT] [Fatal Error] :1:1: Premature end of file.
2025-03-02 15:15:23,242 [ERROR] LogOutputStream:75 - [STDERR_REDIRECT] 
2025-03-02 15:15:24,251 [ERROR] LogOutputStream:75 - [STDERR_REDIRECT] [Fatal Error] :1:1: Premature end of file.
2025-03-02 15:15:24,251 [ERROR] LogOutputStream:75 - [STDERR_REDIRECT] 
2025-03-02 15:15:25,244 [ERROR] LogOutputStream:75 - [STDERR_REDIRECT] [Fatal Error] :1:1: Premature end of file.
2025-03-02 15:15:25,244 [ERROR] LogOutputStream:75 - [STDERR_REDIRECT] 
2025-03-02 15:15:26,248 [ERROR] LogOutputStream:75 - [STDERR_REDIRECT] [Fatal Error] :1:1: Premature end of file.
2025-03-02 15:15:26,248 [ERROR] LogOutputStream:75 - [STDERR_REDIRECT] 
2025-03-02 15:15:27,241 [ERROR] LogOutputStream:75 - [STDERR_REDIRECT] [Fatal Error] :1:1: Premature end of file.
2025-03-02 15:15:27,241 [ERROR] LogOutputStream:75 - [STDERR_REDIRECT] 
2025-03-02 15:15:28,240 [ERROR] LogOutputStream:75 - [STDERR_REDIRECT] [Fatal Error] :1:1: Premature end of file.
2025-03-02 15:15:28,240 [ERROR] LogOutputStream:75 - [STDERR_REDIRECT] 
2025-03-02 15:15:29,242 [ERROR] LogOutputStream:75 - [STDERR_REDIRECT] [Fatal Error] :1:1: Premature end of file.
2025-03-02 15:15:29,242 [ERROR] LogOutputStream:75 - [STDERR_REDIRECT] 
2025-03-02 15:15:30,240 [ERROR] LogOutputStream:75 - [STDERR_REDIRECT] [Fatal Error] :1:1: Premature end of file.
2025-03-02 15:15:30,240 [ERROR] LogOutputStream:75 - [STDERR_REDIRECT] 
2025-03-02 15:15:31,251 [ERROR] LogOutputStream:75 - [STDERR_REDIRECT] [Fatal Error] :1:1: Premature end of file.
2025-03-02 15:15:31,251 [ERROR] LogOutputStream:75 - [STDERR_REDIRECT] 
2025-03-02 15:15:32,239 [ERROR] LogOutputStream:75 - [STDERR_REDIRECT] [Fatal Error] :1:1: Premature end of file.
2025-03-02 15:15:32,239 [ERROR] LogOutputStream:75 - [STDERR_REDIRECT] 
2025-03-02 15:15:33,257 [ERROR] LogOutputStream:75 - [STDERR_REDIRECT] [Fatal Error] :1:1: Premature end of file.
2025-03-02 15:15:33,258 [ERROR] LogOutputStream:75 - [STDERR_REDIRECT] 
2025-03-02 15:15:34,247 [ERROR] LogOutputStream:75 - [STDERR_REDIRECT] [Fatal Error] :1:1: Premature end of file.
2025-03-02 15:15:34,247 [ERROR] LogOutputStream:75 - [STDERR_REDIRECT] 
2025-03-02 15:15:35,244 [ERROR] LogOutputStream:75 - [STDERR_REDIRECT] [Fatal Error] :1:1: Premature end of file.
2025-03-02 15:15:35,244 [ERROR] LogOutputStream:75 - [STDERR_REDIRECT] 
2025-03-02 15:15:36,250 [ERROR] LogOutputStream:75 - [STDERR_REDIRECT] [Fatal Error] :1:1: Premature end of file.
2025-03-02 15:15:36,250 [ERROR] LogOutputStream:75 - [STDERR_REDIRECT] 
2025-03-02 15:15:37,263 [ERROR] LogOutputStream:75 - [STDERR_REDIRECT] [Fatal Error] :1:1: Premature end of file.
2025-03-02 15:15:37,263 [ERROR] LogOutputStream:75 - [STDERR_REDIRECT] 
2025-03-02 15:15:38,240 [ERROR] LogOutputStream:75 - [STDERR_REDIRECT] [Fatal Error] :1:1: Premature end of file.
2025-03-02 15:15:38,240 [ERROR] LogOutputStream:75 - [STDERR_REDIRECT] 
2025-03-02 15:15:39,234 [ERROR] LogOutputStream:75 - [STDERR_REDIRECT] [Fatal Error] :1:1: Premature end of file.
2025-03-02 15:15:39,234 [ERROR] LogOutputStream:75 - [STDERR_REDIRECT] 
2025-03-02 15:15:40,243 [ERROR] LogOutputStream:75 - [STDERR_REDIRECT] [Fatal Error] :1:1: Premature end of file.
2025-03-02 15:15:40,244 [ERROR] LogOutputStream:75 - [STDERR_REDIRECT] 
2025-03-02 15:15:41,246 [ERROR] LogOutputStream:75 - [STDERR_REDIRECT] [Fatal Error] :1:1: Premature end of file.
2025-03-02 15:15:41,246 [ERROR] LogOutputStream:75 - [STDERR_REDIRECT] 
2025-03-02 15:15:42,259 [ERROR] LogOutputStream:75 - [STDERR_REDIRECT] [Fatal Error] :1:1: Premature end of file.
2025-03-02 15:15:42,259 [ERROR] LogOutputStream:75 - [STDERR_REDIRECT] 
2025-03-02 15:15:43,245 [ERROR] LogOutputStream:75 - [STDERR_REDIRECT] [Fatal Error] :1:1: Premature end of file.
2025-03-02 15:15:43,245 [ERROR] LogOutputStream:75 - [STDERR_REDIRECT] 
2025-03-02 15:15:44,253 [ERROR] LogOutputStream:75 - [STDERR_REDIRECT] [Fatal Error] :1:1: Premature end of file.
2025-03-02 15:15:44,253 [ERROR] LogOutputStream:75 - [STDERR_REDIRECT] 
2025-03-02 15:15:45,246 [ERROR] LogOutputStream:75 - [STDERR_REDIRECT] [Fatal Error] :1:1: Premature end of file.
2025-03-02 15:15:45,246 [ERROR] LogOutputStream:75 - [STDERR_REDIRECT] 
2025-03-02 15:15:46,241 [ERROR] LogOutputStream:75 - [STDERR_REDIRECT] [Fatal Error] :1:1: Premature end of file.
2025-03-02 15:15:46,241 [ERROR] LogOutputStream:75 - [STDERR_REDIRECT] 
2025-03-02 15:15:47,242 [ERROR] LogOutputStream:75 - [STDERR_REDIRECT] [Fatal Error] :1:1: Premature end of file.
2025-03-02 15:15:47,242 [ERROR] LogOutputStream:75 - [STDERR_REDIRECT] 
2025-03-02 15:15:48,238 [ERROR] LogOutputStream:75 - [STDERR_REDIRECT] [Fatal Error] :1:1: Premature end of file.
2025-03-02 15:15:48,238 [ERROR] LogOutputStream:75 - [STDERR_REDIRECT] 
2025-03-02 15:15:49,236 [ERROR] LogOutputStream:75 - [STDERR_REDIRECT] [Fatal Error] :1:1: Premature end of file.
2025-03-02 15:15:49,236 [ERROR] LogOutputStream:75 - [STDERR_REDIRECT] 
2025-03-02 15:15:50,247 [ERROR] LogOutputStream:75 - [STDERR_REDIRECT] [Fatal Error] :1:1: Premature end of file.
2025-03-02 15:15:50,247 [ERROR] LogOutputStream:75 - [STDERR_REDIRECT] 
2025-03-02 15:15:51,244 [ERROR] LogOutputStream:75 - [STDERR_REDIRECT] [Fatal Error] :1:1: Premature end of file.
2025-03-02 15:15:51,244 [ERROR] LogOutputStream:75 - [STDERR_REDIRECT] 
2025-03-02 15:15:52,263 [ERROR] LogOutputStream:75 - [STDERR_REDIRECT] [Fatal Error] :1:1: Premature end of file.
2025-03-02 15:15:52,264 [ERROR] LogOutputStream:75 - [STDERR_REDIRECT] 
2025-03-02 15:15:53,238 [ERROR] LogOutputStream:75 - [STDERR_REDIRECT] [Fatal Error] :1:1: Premature end of file.
2025-03-02 15:15:53,244 [ERROR] LogOutputStream:75 - [STDERR_REDIRECT] 
2025-03-02 15:15:54,246 [ERROR] LogOutputStream:75 - [STDERR_REDIRECT] [Fatal Error] :1:1: Premature end of file.
2025-03-02 15:15:54,246 [ERROR] LogOutputStream:75 - [STDERR_REDIRECT] 
2025-03-02 15:15:55,255 [ERROR] LogOutputStream:75 - [STDERR_REDIRECT] [Fatal Error] :1:1: Premature end of file.
2025-03-02 15:15:55,255 [ERROR] LogOutputStream:75 - [STDERR_REDIRECT] 
2025-03-02 15:15:56,239 [ERROR] LogOutputStream:75 - [STDERR_REDIRECT] [Fatal Error] :1:1: Premature end of file.
2025-03-02 15:15:56,239 [ERROR] LogOutputStream:75 - [STDERR_REDIRECT] 
2025-03-02 15:15:57,239 [ERROR] LogOutputStream:75 - [STDERR_REDIRECT] [Fatal Error] :1:1: Premature end of file.
2025-03-02 15:15:57,239 [ERROR] LogOutputStream:75 - [STDERR_REDIRECT] 
2025-03-02 15:15:58,247 [ERROR] LogOutputStream:75 - [STDERR_REDIRECT] [Fatal Error] :1:1: Premature end of file.
2025-03-02 15:15:58,247 [ERROR] LogOutputStream:75 - [STDERR_REDIRECT] 
2025-03-02 15:15:59,241 [ERROR] LogOutputStream:75 - [STDERR_REDIRECT] [Fatal Error] :1:1: Premature end of file.
2025-03-02 15:15:59,241 [ERROR] LogOutputStream:75 - [STDERR_REDIRECT] 
2025-03-02 15:16:00,244 [ERROR] LogOutputStream:75 - [STDERR_REDIRECT] [Fatal Error] :1:1: Premature end of file.
2025-03-02 15:16:00,245 [ERROR] LogOutputStream:75 - [STDERR_REDIRECT] 
2025-03-02 15:16:01,242 [ERROR] LogOutputStream:75 - [STDERR_REDIRECT] [Fatal Error] :1:1: Premature end of file.
2025-03-02 15:16:01,242 [ERROR] LogOutputStream:75 - [STDERR_REDIRECT] 
2025-03-02 15:16:02,237 [ERROR] LogOutputStream:75 - [STDERR_REDIRECT] [Fatal Error] :1:1: Premature end of file.
2025-03-02 15:16:02,237 [ERROR] LogOutputStream:75 - [STDERR_REDIRECT] 
2025-03-02 15:16:03,245 [ERROR] LogOutputStream:75 - [STDERR_REDIRECT] [Fatal Error] :1:1: Premature end of file.
2025-03-02 15:16:03,245 [ERROR] LogOutputStream:75 - [STDERR_REDIRECT] 
2025-03-02 15:16:04,244 [ERROR] LogOutputStream:75 - [STDERR_REDIRECT] [Fatal Error] :1:1: Premature end of file.
2025-03-02 15:16:04,244 [ERROR] LogOutputStream:75 - [STDERR_REDIRECT] 
2025-03-02 15:16:05,239 [ERROR] LogOutputStream:75 - [STDERR_REDIRECT] [Fatal Error] :1:1: Premature end of file.
2025-03-02 15:16:05,239 [ERROR] LogOutputStream:75 - [STDERR_REDIRECT] 
2025-03-02 15:16:06,243 [ERROR] LogOutputStream:75 - [STDERR_REDIRECT] [Fatal Error] :1:1: Premature end of file.
2025-03-02 15:16:06,243 [ERROR] LogOutputStream:75 - [STDERR_REDIRECT] 
2025-03-02 15:16:07,248 [ERROR] LogOutputStream:75 - [STDERR_REDIRECT] [Fatal Error] :1:1: Premature end of file.
2025-03-02 15:16:07,248 [ERROR] LogOutputStream:75 - [STDERR_REDIRECT] 
2025-03-02 15:16:08,236 [ERROR] LogOutputStream:75 - [STDERR_REDIRECT] [Fatal Error] :1:1: Premature end of file.
2025-03-02 15:16:08,236 [ERROR] LogOutputStream:75 - [STDERR_REDIRECT] 
2025-03-02 15:16:09,245 [ERROR] LogOutputStream:75 - [STDERR_REDIRECT] [Fatal Error] :1:1: Premature end of file.
2025-03-02 15:16:09,245 [ERROR] LogOutputStream:75 - [STDERR_REDIRECT] 
2025-03-02 15:16:10,248 [ERROR] LogOutputStream:75 - [STDERR_REDIRECT] [Fatal Error] :1:1: Premature end of file.
2025-03-02 15:16:10,248 [ERROR] LogOutputStream:75 - [STDERR_REDIRECT] 
2025-03-02 15:16:11,243 [ERROR] LogOutputStream:75 - [STDERR_REDIRECT] [Fatal Error] :1:1: Premature end of file.
2025-03-02 15:16:11,243 [ERROR] LogOutputStream:75 - [STDERR_REDIRECT] 
2025-03-02 15:16:12,242 [ERROR] LogOutputStream:75 - [STDERR_REDIRECT] [Fatal Error] :1:1: Premature end of file.
2025-03-02 15:16:12,242 [ERROR] LogOutputStream:75 - [STDERR_REDIRECT] 
2025-03-02 15:16:13,242 [ERROR] LogOutputStream:75 - [STDERR_REDIRECT] [Fatal Error] :1:1: Premature end of file.
2025-03-02 15:16:13,242 [ERROR] LogOutputStream:75 - [STDERR_REDIRECT] 
2025-03-02 15:16:14,240 [ERROR] LogOutputStream:75 - [STDERR_REDIRECT] [Fatal Error] :1:1: Premature end of file.
2025-03-02 15:16:14,240 [ERROR] LogOutputStream:75 - [STDERR_REDIRECT] 
2025-03-02 15:16:15,236 [ERROR] LogOutputStream:75 - [STDERR_REDIRECT] [Fatal Error] :1:1: Premature end of file.
2025-03-02 15:16:15,236 [ERROR] LogOutputStream:75 - [STDERR_REDIRECT] 
2025-03-02 15:16:16,246 [ERROR] LogOutputStream:75 - [STDERR_REDIRECT] [Fatal Error] :1:1: Premature end of file.
2025-03-02 15:16:16,246 [ERROR] LogOutputStream:75 - [STDERR_REDIRECT] 
2025-03-02 15:16:17,239 [ERROR] LogOutputStream:75 - [STDERR_REDIRECT] [Fatal Error] :1:1: Premature end of file.
2025-03-02 15:16:17,240 [ERROR] LogOutputStream:75 - [STDERR_REDIRECT] 
2025-03-02 15:16:18,242 [ERROR] LogOutputStream:75 - [STDERR_REDIRECT] [Fatal Error] :1:1: Premature end of file.
2025-03-02 15:16:18,242 [ERROR] LogOutputStream:75 - [STDERR_REDIRECT] 
2025-03-02 15:16:19,241 [ERROR] LogOutputStream:75 - [STDERR_REDIRECT] [Fatal Error] :1:1: Premature end of file.
2025-03-02 15:16:19,241 [ERROR] LogOutputStream:75 - [STDERR_REDIRECT] 
2025-03-02 15:16:20,239 [ERROR] LogOutputStream:75 - [STDERR_REDIRECT] [Fatal Error] :1:1: Premature end of file.
2025-03-02 15:16:20,239 [ERROR] LogOutputStream:75 - [STDERR_REDIRECT] 
2025-03-02 15:16:21,239 [ERROR] LogOutputStream:75 - [STDERR_REDIRECT] [Fatal Error] :1:1: Premature end of file.
2025-03-02 15:16:21,239 [ERROR] LogOutputStream:75 - [STDERR_REDIRECT] 
2025-03-02 15:16:22,245 [ERROR] LogOutputStream:75 - [STDERR_REDIRECT] [Fatal Error] :1:1: Premature end of file.
2025-03-02 15:16:22,245 [ERROR] LogOutputStream:75 - [STDERR_REDIRECT] 
2025-03-02 15:16:23,242 [ERROR] LogOutputStream:75 - [STDERR_REDIRECT] [Fatal Error] :1:1: Premature end of file.
2025-03-02 15:16:23,242 [ERROR] LogOutputStream:75 - [STDERR_REDIRECT] 
2025-03-02 15:16:24,242 [ERROR] LogOutputStream:75 - [STDERR_REDIRECT] [Fatal Error] :1:1: Premature end of file.
2025-03-02 15:16:24,242 [ERROR] LogOutputStream:75 - [STDERR_REDIRECT] 
2025-03-02 15:16:25,240 [ERROR] LogOutputStream:75 - [STDERR_REDIRECT] [Fatal Error] :1:1: Premature end of file.
2025-03-02 15:16:25,240 [ERROR] LogOutputStream:75 - [STDERR_REDIRECT] 
2025-03-02 15:16:26,241 [ERROR] LogOutputStream:75 - [STDERR_REDIRECT] [Fatal Error] :1:1: Premature end of file.
2025-03-02 15:16:26,241 [ERROR] LogOutputStream:75 - [STDERR_REDIRECT] 
2025-03-02 15:16:27,242 [ERROR] LogOutputStream:75 - [STDERR_REDIRECT] [Fatal Error] :1:1: Premature end of file.
2025-03-02 15:16:27,242 [ERROR] LogOutputStream:75 - [STDERR_REDIRECT] 
2025-03-02 15:16:28,240 [ERROR] LogOutputStream:75 - [STDERR_REDIRECT] [Fatal Error] :1:1: Premature end of file.
2025-03-02 15:16:28,240 [ERROR] LogOutputStream:75 - [STDERR_REDIRECT] 
2025-03-02 15:16:29,240 [ERROR] LogOutputStream:75 - [STDERR_REDIRECT] [Fatal Error] :1:1: Premature end of file.
2025-03-02 15:16:29,240 [ERROR] LogOutputStream:75 - [STDERR_REDIRECT] 
2025-03-02 15:16:30,240 [ERROR] LogOutputStream:75 - [STDERR_REDIRECT] [Fatal Error] :1:1: Premature end of file.
2025-03-02 15:16:30,240 [ERROR] LogOutputStream:75 - [STDERR_REDIRECT] 
2025-03-02 15:16:31,262 [ERROR] LogOutputStream:75 - [STDERR_REDIRECT] [Fatal Error] :1:1: Premature end of file.
2025-03-02 15:16:31,262 [ERROR] LogOutputStream:75 - [STDERR_REDIRECT] 
2025-03-02 15:16:32,245 [ERROR] LogOutputStream:75 - [STDERR_REDIRECT] [Fatal Error] :1:1: Premature end of file.
2025-03-02 15:16:32,245 [ERROR] LogOutputStream:75 - [STDERR_REDIRECT] 
2025-03-02 15:16:33,243 [ERROR] LogOutputStream:75 - [STDERR_REDIRECT] [Fatal Error] :1:1: Premature end of file.
2025-03-02 15:16:33,243 [ERROR] LogOutputStream:75 - [STDERR_REDIRECT] 
2025-03-02 15:16:34,264 [ERROR] LogOutputStream:75 - [STDERR_REDIRECT] [Fatal Error] :1:1: Premature end of file.
2025-03-02 15:16:34,264 [ERROR] LogOutputStream:75 - [STDERR_REDIRECT] 
2025-03-02 15:16:35,259 [ERROR] LogOutputStream:75 - [STDERR_REDIRECT] [Fatal Error] :1:1: Premature end of file.
2025-03-02 15:16:35,259 [ERROR] LogOutputStream:75 - [STDERR_REDIRECT] 
2025-03-02 15:16:36,240 [ERROR] LogOutputStream:75 - [STDERR_REDIRECT] [Fatal Error] :1:1: Premature end of file.
2025-03-02 15:16:36,240 [ERROR] LogOutputStream:75 - [STDERR_REDIRECT] 
2025-03-02 15:16:37,246 [ERROR] LogOutputStream:75 - [STDERR_REDIRECT] [Fatal Error] :1:1: Premature end of file.
2025-03-02 15:16:37,246 [ERROR] LogOutputStream:75 - [STDERR_REDIRECT] 
2025-03-02 15:16:38,248 [ERROR] LogOutputStream:75 - [STDERR_REDIRECT] [Fatal Error] :1:1: Premature end of file.
2025-03-02 15:16:38,248 [ERROR] LogOutputStream:75 - [STDERR_REDIRECT] 
2025-03-02 15:16:39,245 [ERROR] LogOutputStream:75 - [STDERR_REDIRECT] [Fatal Error] :1:1: Premature end of file.
2025-03-02 15:16:39,245 [ERROR] LogOutputStream:75 - [STDERR_REDIRECT] 
2025-03-02 15:16:40,258 [ERROR] LogOutputStream:75 - [STDERR_REDIRECT] [Fatal Error] :1:1: Premature end of file.
2025-03-02 15:16:40,258 [ERROR] LogOutputStream:75 - [STDERR_REDIRECT] 
2025-03-02 15:16:41,240 [ERROR] LogOutputStream:75 - [STDERR_REDIRECT] [Fatal Error] :1:1: Premature end of file.
2025-03-02 15:16:41,240 [ERROR] LogOutputStream:75 - [STDERR_REDIRECT] 
2025-03-02 15:16:42,255 [ERROR] LogOutputStream:75 - [STDERR_REDIRECT] [Fatal Error] :1:1: Premature end of file.
2025-03-02 15:16:42,255 [ERROR] LogOutputStream:75 - [STDERR_REDIRECT] 
2025-03-02 15:16:43,251 [ERROR] LogOutputStream:75 - [STDERR_REDIRECT] [Fatal Error] :1:1: Premature end of file.
2025-03-02 15:16:43,251 [ERROR] LogOutputStream:75 - [STDERR_REDIRECT] 
2025-03-02 15:16:44,254 [ERROR] LogOutputStream:75 - [STDERR_REDIRECT] [Fatal Error] :1:1: Premature end of file.
2025-03-02 15:16:44,254 [ERROR] LogOutputStream:75 - [STDERR_REDIRECT] 
2025-03-02 15:16:45,265 [ERROR] LogOutputStream:75 - [STDERR_REDIRECT] [Fatal Error] :1:1: Premature end of file.
2025-03-02 15:16:45,265 [ERROR] LogOutputStream:75 - [STDERR_REDIRECT] 
2025-03-02 15:16:46,236 [ERROR] LogOutputStream:75 - [STDERR_REDIRECT] [Fatal Error] :1:1: Premature end of file.
2025-03-02 15:16:46,236 [ERROR] LogOutputStream:75 - [STDERR_REDIRECT] 
2025-03-02 15:16:47,249 [ERROR] LogOutputStream:75 - [STDERR_REDIRECT] [Fatal Error] :1:1: Premature end of file.
2025-03-02 15:16:47,249 [ERROR] LogOutputStream:75 - [STDERR_REDIRECT] 
2025-03-02 15:16:48,257 [ERROR] LogOutputStream:75 - [STDERR_REDIRECT] [Fatal Error] :1:1: Premature end of file.
2025-03-02 15:16:48,257 [ERROR] LogOutputStream:75 - [STDERR_REDIRECT] 
2025-03-02 15:16:49,267 [ERROR] LogOutputStream:75 - [STDERR_REDIRECT] [Fatal Error] :1:1: Premature end of file.
2025-03-02 15:16:49,267 [ERROR] LogOutputStream:75 - [STDERR_REDIRECT] 
2025-03-02 15:16:50,250 [ERROR] LogOutputStream:75 - [STDERR_REDIRECT] [Fatal Error] :1:1: Premature end of file.
2025-03-02 15:16:50,250 [ERROR] LogOutputStream:75 - [STDERR_REDIRECT] 
2025-03-02 15:16:51,258 [ERROR] LogOutputStream:75 - [STDERR_REDIRECT] [Fatal Error] :1:1: Premature end of file.
2025-03-02 15:16:51,258 [ERROR] LogOutputStream:75 - [STDERR_REDIRECT] 
2025-03-02 15:16:52,254 [ERROR] LogOutputStream:75 - [STDERR_REDIRECT] [Fatal Error] :1:1: Premature end of file.
2025-03-02 15:16:52,254 [ERROR] LogOutputStream:75 - [STDERR_REDIRECT] 
2025-03-02 15:16:53,252 [ERROR] LogOutputStream:75 - [STDERR_REDIRECT] [Fatal Error] :1:1: Premature end of file.
2025-03-02 15:16:53,252 [ERROR] LogOutputStream:75 - [STDERR_REDIRECT] 
2025-03-02 15:16:54,246 [ERROR] LogOutputStream:75 - [STDERR_REDIRECT] [Fatal Error] :1:1: Premature end of file.
2025-03-02 15:16:54,246 [ERROR] LogOutputStream:75 - [STDERR_REDIRECT] 
2025-03-02 15:16:55,239 [ERROR] LogOutputStream:75 - [STDERR_REDIRECT] [Fatal Error] :1:1: Premature end of file.
2025-03-02 15:16:55,239 [ERROR] LogOutputStream:75 - [STDERR_REDIRECT] 
2025-03-02 15:16:56,255 [ERROR] LogOutputStream:75 - [STDERR_REDIRECT] [Fatal Error] :1:1: Premature end of file.
2025-03-02 15:16:56,255 [ERROR] LogOutputStream:75 - [STDERR_REDIRECT] 
2025-03-02 15:16:57,238 [ERROR] LogOutputStream:75 - [STDERR_REDIRECT] [Fatal Error] :1:1: Premature end of file.
2025-03-02 15:16:57,238 [ERROR] LogOutputStream:75 - [STDERR_REDIRECT] 
2025-03-02 15:16:58,248 [ERROR] LogOutputStream:75 - [STDERR_REDIRECT] [Fatal Error] :1:1: Premature end of file.
2025-03-02 15:16:58,249 [ERROR] LogOutputStream:75 - [STDERR_REDIRECT] 
2025-03-02 15:16:59,245 [ERROR] LogOutputStream:75 - [STDERR_REDIRECT] [Fatal Error] :1:1: Premature end of file.
2025-03-02 15:16:59,246 [ERROR] LogOutputStream:75 - [STDERR_REDIRECT] 
2025-03-02 15:17:00,241 [ERROR] LogOutputStream:75 - [STDERR_REDIRECT] [Fatal Error] :1:1: Premature end of file.
2025-03-02 15:17:00,241 [ERROR] LogOutputStream:75 - [STDERR_REDIRECT] 
2025-03-02 15:17:01,249 [ERROR] LogOutputStream:75 - [STDERR_REDIRECT] [Fatal Error] :1:1: Premature end of file.
2025-03-02 15:17:01,249 [ERROR] LogOutputStream:75 - [STDERR_REDIRECT] 
2025-03-02 15:17:02,246 [ERROR] LogOutputStream:75 - [STDERR_REDIRECT] [Fatal Error] :1:1: Premature end of file.
2025-03-02 15:17:02,246 [ERROR] LogOutputStream:75 - [STDERR_REDIRECT] 
2025-03-02 15:17:03,258 [ERROR] LogOutputStream:75 - [STDERR_REDIRECT] [Fatal Error] :1:1: Premature end of file.
2025-03-02 15:17:03,258 [ERROR] LogOutputStream:75 - [STDERR_REDIRECT] 
2025-03-02 15:17:04,258 [ERROR] LogOutputStream:75 - [STDERR_REDIRECT] [Fatal Error] :1:1: Premature end of file.
2025-03-02 15:17:04,259 [ERROR] LogOutputStream:75 - [STDERR_REDIRECT] 
2025-03-02 15:17:05,252 [ERROR] LogOutputStream:75 - [STDERR_REDIRECT] [Fatal Error] :1:1: Premature end of file.
2025-03-02 15:17:05,252 [ERROR] LogOutputStream:75 - [STDERR_REDIRECT] 
2025-03-02 15:17:06,250 [ERROR] LogOutputStream:75 - [STDERR_REDIRECT] [Fatal Error] :1:1: Premature end of file.
2025-03-02 15:17:06,250 [ERROR] LogOutputStream:75 - [STDERR_REDIRECT] 
2025-03-02 15:17:07,255 [ERROR] LogOutputStream:75 - [STDERR_REDIRECT] [Fatal Error] :1:1: Premature end of file.
2025-03-02 15:17:07,255 [ERROR] LogOutputStream:75 - [STDERR_REDIRECT] 
2025-03-02 15:17:08,245 [ERROR] LogOutputStream:75 - [STDERR_REDIRECT] [Fatal Error] :1:1: Premature end of file.
2025-03-02 15:17:08,245 [ERROR] LogOutputStream:75 - [STDERR_REDIRECT] 
2025-03-02 15:17:09,255 [ERROR] LogOutputStream:75 - [STDERR_REDIRECT] [Fatal Error] :1:1: Premature end of file.
2025-03-02 15:17:09,255 [ERROR] LogOutputStream:75 - [STDERR_REDIRECT] 
2025-03-02 15:17:10,268 [ERROR] LogOutputStream:75 - [STDERR_REDIRECT] [Fatal Error] :1:1: Premature end of file.
2025-03-02 15:17:10,268 [ERROR] LogOutputStream:75 - [STDERR_REDIRECT] 
2025-03-02 15:17:11,249 [ERROR] LogOutputStream:75 - [STDERR_REDIRECT] [Fatal Error] :1:1: Premature end of file.
2025-03-02 15:17:11,249 [ERROR] LogOutputStream:75 - [STDERR_REDIRECT] 
2025-03-02 15:17:12,250 [ERROR] LogOutputStream:75 - [STDERR_REDIRECT] [Fatal Error] :1:1: Premature end of file.
2025-03-02 15:17:12,250 [ERROR] LogOutputStream:75 - [STDERR_REDIRECT] 
2025-03-02 15:17:13,241 [ERROR] LogOutputStream:75 - [STDERR_REDIRECT] [Fatal Error] :1:1: Premature end of file.
2025-03-02 15:17:13,241 [ERROR] LogOutputStream:75 - [STDERR_REDIRECT] 
2025-03-02 15:17:14,269 [ERROR] LogOutputStream:75 - [STDERR_REDIRECT] [Fatal Error] :1:1: Premature end of file.
2025-03-02 15:17:14,269 [ERROR] LogOutputStream:75 - [STDERR_REDIRECT] 
2025-03-02 15:17:15,274 [ERROR] LogOutputStream:75 - [STDERR_REDIRECT] [Fatal Error] :1:1: Premature end of file.
2025-03-02 15:17:15,275 [ERROR] LogOutputStream:75 - [STDERR_REDIRECT] 
2025-03-02 15:17:16,281 [ERROR] LogOutputStream:75 - [STDERR_REDIRECT] [Fatal Error] :1:1: Premature end of file.
2025-03-02 15:17:16,281 [ERROR] LogOutputStream:75 - [STDERR_REDIRECT] 
2025-03-02 15:17:17,272 [ERROR] LogOutputStream:75 - [STDERR_REDIRECT] [Fatal Error] :1:1: Premature end of file.
2025-03-02 15:17:17,272 [ERROR] LogOutputStream:75 - [STDERR_REDIRECT] 
2025-03-02 15:17:18,276 [ERROR] LogOutputStream:75 - [STDERR_REDIRECT] [Fatal Error] :1:1: Premature end of file.
2025-03-02 15:17:18,276 [ERROR] LogOutputStream:75 - [STDERR_REDIRECT] 
2025-03-02 15:17:19,274 [ERROR] LogOutputStream:75 - [STDERR_REDIRECT] [Fatal Error] :1:1: Premature end of file.
2025-03-02 15:17:19,274 [ERROR] LogOutputStream:75 - [STDERR_REDIRECT] 
2025-03-02 15:17:20,268 [ERROR] LogOutputStream:75 - [STDERR_REDIRECT] [Fatal Error] :1:1: Premature end of file.
2025-03-02 15:17:20,269 [ERROR] LogOutputStream:75 - [STDERR_REDIRECT] 
2025-03-02 15:17:21,281 [ERROR] LogOutputStream:75 - [STDERR_REDIRECT] [Fatal Error] :1:1: Premature end of file.
2025-03-02 15:17:21,281 [ERROR] LogOutputStream:75 - [STDERR_REDIRECT] 
2025-03-02 15:17:22,281 [ERROR] LogOutputStream:75 - [STDERR_REDIRECT] [Fatal Error] :1:1: Premature end of file.
2025-03-02 15:17:22,282 [ERROR] LogOutputStream:75 - [STDERR_REDIRECT] 
2025-03-02 15:17:23,272 [ERROR] LogOutputStream:75 - [STDERR_REDIRECT] [Fatal Error] :1:1: Premature end of file.
2025-03-02 15:17:23,272 [ERROR] LogOutputStream:75 - [STDERR_REDIRECT] 
2025-03-02 15:17:24,248 [ERROR] LogOutputStream:75 - [STDERR_REDIRECT] [Fatal Error] :1:1: Premature end of file.
2025-03-02 15:17:24,248 [ERROR] LogOutputStream:75 - [STDERR_REDIRECT] 
2025-03-02 15:17:25,243 [ERROR] LogOutputStream:75 - [STDERR_REDIRECT] [Fatal Error] :1:1: Premature end of file.
2025-03-02 15:17:25,243 [ERROR] LogOutputStream:75 - [STDERR_REDIRECT] 
2025-03-02 15:17:26,243 [ERROR] LogOutputStream:75 - [STDERR_REDIRECT] [Fatal Error] :1:1: Premature end of file.
2025-03-02 15:17:26,243 [ERROR] LogOutputStream:75 - [STDERR_REDIRECT] 
2025-03-02 15:17:27,241 [ERROR] LogOutputStream:75 - [STDERR_REDIRECT] [Fatal Error] :1:1: Premature end of file.
2025-03-02 15:17:27,241 [ERROR] LogOutputStream:75 - [STDERR_REDIRECT] 
2025-03-02 15:17:28,238 [ERROR] LogOutputStream:75 - [STDERR_REDIRECT] [Fatal Error] :1:1: Premature end of file.
2025-03-02 15:17:28,238 [ERROR] LogOutputStream:75 - [STDERR_REDIRECT] 
2025-03-02 15:17:29,249 [ERROR] LogOutputStream:75 - [STDERR_REDIRECT] [Fatal Error] :1:1: Premature end of file.
2025-03-02 15:17:29,250 [ERROR] LogOutputStream:75 - [STDERR_REDIRECT] 
2025-03-02 15:17:30,240 [ERROR] LogOutputStream:75 - [STDERR_REDIRECT] [Fatal Error] :1:1: Premature end of file.
2025-03-02 15:17:30,240 [ERROR] LogOutputStream:75 - [STDERR_REDIRECT] 
2025-03-02 15:17:31,253 [ERROR] LogOutputStream:75 - [STDERR_REDIRECT] [Fatal Error] :1:1: Premature end of file.
2025-03-02 15:17:31,253 [ERROR] LogOutputStream:75 - [STDERR_REDIRECT] 
2025-03-02 15:17:32,253 [ERROR] LogOutputStream:75 - [STDERR_REDIRECT] [Fatal Error] :1:1: Premature end of file.
2025-03-02 15:17:32,254 [ERROR] LogOutputStream:75 - [STDERR_REDIRECT] 
2025-03-02 15:17:33,249 [ERROR] LogOutputStream:75 - [STDERR_REDIRECT] [Fatal Error] :1:1: Premature end of file.
2025-03-02 15:17:33,249 [ERROR] LogOutputStream:75 - [STDERR_REDIRECT] 
2025-03-02 15:17:34,243 [ERROR] LogOutputStream:75 - [STDERR_REDIRECT] [Fatal Error] :1:1: Premature end of file.
2025-03-02 15:17:34,243 [ERROR] LogOutputStream:75 - [STDERR_REDIRECT] 
2025-03-02 15:17:35,240 [ERROR] LogOutputStream:75 - [STDERR_REDIRECT] [Fatal Error] :1:1: Premature end of file.
2025-03-02 15:17:35,240 [ERROR] LogOutputStream:75 - [STDERR_REDIRECT] 
2025-03-02 15:17:36,242 [ERROR] LogOutputStream:75 - [STDERR_REDIRECT] [Fatal Error] :1:1: Premature end of file.
2025-03-02 15:17:36,242 [ERROR] LogOutputStream:75 - [STDERR_REDIRECT] 
2025-03-02 15:17:37,244 [ERROR] LogOutputStream:75 - [STDERR_REDIRECT] [Fatal Error] :1:1: Premature end of file.
2025-03-02 15:17:37,244 [ERROR] LogOutputStream:75 - [STDERR_REDIRECT] 
2025-03-02 15:17:38,255 [ERROR] LogOutputStream:75 - [STDERR_REDIRECT] [Fatal Error] :1:1: Premature end of file.
2025-03-02 15:17:38,255 [ERROR] LogOutputStream:75 - [STDERR_REDIRECT] 
2025-03-02 15:17:39,253 [ERROR] LogOutputStream:75 - [STDERR_REDIRECT] [Fatal Error] :1:1: Premature end of file.
2025-03-02 15:17:39,253 [ERROR] LogOutputStream:75 - [STDERR_REDIRECT] 
2025-03-02 15:17:40,251 [ERROR] LogOutputStream:75 - [STDERR_REDIRECT] [Fatal Error] :1:1: Premature end of file.
2025-03-02 15:17:40,251 [ERROR] LogOutputStream:75 - [STDERR_REDIRECT] 
2025-03-02 15:17:41,252 [ERROR] LogOutputStream:75 - [STDERR_REDIRECT] [Fatal Error] :1:1: Premature end of file.
2025-03-02 15:17:41,252 [ERROR] LogOutputStream:75 - [STDERR_REDIRECT] 
2025-03-02 15:17:42,238 [ERROR] LogOutputStream:75 - [STDERR_REDIRECT] [Fatal Error] :1:1: Premature end of file.
2025-03-02 15:17:42,238 [ERROR] LogOutputStream:75 - [STDERR_REDIRECT] 
2025-03-02 15:17:43,246 [ERROR] LogOutputStream:75 - [STDERR_REDIRECT] [Fatal Error] :1:1: Premature end of file.
2025-03-02 15:17:43,246 [ERROR] LogOutputStream:75 - [STDERR_REDIRECT] 
2025-03-02 15:17:44,252 [ERROR] LogOutputStream:75 - [STDERR_REDIRECT] [Fatal Error] :1:1: Premature end of file.
2025-03-02 15:17:44,253 [ERROR] LogOutputStream:75 - [STDERR_REDIRECT] 
2025-03-02 15:17:45,253 [ERROR] LogOutputStream:75 - [STDERR_REDIRECT] [Fatal Error] :1:1: Premature end of file.
2025-03-02 15:17:45,253 [ERROR] LogOutputStream:75 - [STDERR_REDIRECT] 
2025-03-02 15:17:46,275 [ERROR] LogOutputStream:75 - [STDERR_REDIRECT] [Fatal Error] :1:1: Premature end of file.
2025-03-02 15:17:46,275 [ERROR] LogOutputStream:75 - [STDERR_REDIRECT] 
2025-03-02 15:17:47,278 [ERROR] LogOutputStream:75 - [STDERR_REDIRECT] [Fatal Error] :1:1: Premature end of file.
2025-03-02 15:17:47,279 [ERROR] LogOutputStream:75 - [STDERR_REDIRECT] 
2025-03-02 15:17:48,270 [ERROR] LogOutputStream:75 - [STDERR_REDIRECT] [Fatal Error] :1:1: Premature end of file.
2025-03-02 15:17:48,270 [ERROR] LogOutputStream:75 - [STDERR_REDIRECT] 
2025-03-02 15:17:49,266 [ERROR] LogOutputStream:75 - [STDERR_REDIRECT] [Fatal Error] :1:1: Premature end of file.
2025-03-02 15:17:49,271 [ERROR] LogOutputStream:75 - [STDERR_REDIRECT] 
2025-03-02 15:17:50,272 [ERROR] LogOutputStream:75 - [STDERR_REDIRECT] [Fatal Error] :1:1: Premature end of file.
2025-03-02 15:17:50,272 [ERROR] LogOutputStream:75 - [STDERR_REDIRECT] 
2025-03-02 15:17:51,267 [ERROR] LogOutputStream:75 - [STDERR_REDIRECT] [Fatal Error] :1:1: Premature end of file.
2025-03-02 15:17:51,267 [ERROR] LogOutputStream:75 - [STDERR_REDIRECT] 
2025-03-02 15:17:52,280 [ERROR] LogOutputStream:75 - [STDERR_REDIRECT] [Fatal Error] :1:1: Premature end of file.
2025-03-02 15:17:52,280 [ERROR] LogOutputStream:75 - [STDERR_REDIRECT] 
2025-03-02 15:17:53,270 [ERROR] LogOutputStream:75 - [STDERR_REDIRECT] [Fatal Error] :1:1: Premature end of file.
2025-03-02 15:17:53,270 [ERROR] LogOutputStream:75 - [STDERR_REDIRECT] 
2025-03-02 15:17:54,269 [ERROR] LogOutputStream:75 - [STDERR_REDIRECT] [Fatal Error] :1:1: Premature end of file.
2025-03-02 15:17:54,269 [ERROR] LogOutputStream:75 - [STDERR_REDIRECT] 
2025-03-02 15:17:55,275 [ERROR] LogOutputStream:75 - [STDERR_REDIRECT] [Fatal Error] :1:1: Premature end of file.
2025-03-02 15:17:55,275 [ERROR] LogOutputStream:75 - [STDERR_REDIRECT] 
2025-03-02 15:17:56,271 [ERROR] LogOutputStream:75 - [STDERR_REDIRECT] [Fatal Error] :1:1: Premature end of file.
2025-03-02 15:17:56,271 [ERROR] LogOutputStream:75 - [STDERR_REDIRECT] 
2025-03-02 15:17:57,268 [ERROR] LogOutputStream:75 - [STDERR_REDIRECT] [Fatal Error] :1:1: Premature end of file.
2025-03-02 15:17:57,268 [ERROR] LogOutputStream:75 - [STDERR_REDIRECT] 
2025-03-02 15:17:58,269 [ERROR] LogOutputStream:75 - [STDERR_REDIRECT] [Fatal Error] :1:1: Premature end of file.
2025-03-02 15:17:58,273 [ERROR] LogOutputStream:75 - [STDERR_REDIRECT] 
2025-03-02 15:17:59,269 [ERROR] LogOutputStream:75 - [STDERR_REDIRECT] [Fatal Error] :1:1: Premature end of file.
2025-03-02 15:17:59,269 [ERROR] LogOutputStream:75 - [STDERR_REDIRECT] 
2025-03-02 15:18:00,262 [ERROR] LogOutputStream:75 - [STDERR_REDIRECT] [Fatal Error] :1:1: Premature end of file.
2025-03-02 15:18:00,262 [ERROR] LogOutputStream:75 - [STDERR_REDIRECT] 
2025-03-02 15:18:01,270 [ERROR] LogOutputStream:75 - [STDERR_REDIRECT] [Fatal Error] :1:1: Premature end of file.
2025-03-02 15:18:01,270 [ERROR] LogOutputStream:75 - [STDERR_REDIRECT] 
2025-03-02 15:18:02,276 [ERROR] LogOutputStream:75 - [STDERR_REDIRECT] [Fatal Error] :1:1: Premature end of file.
2025-03-02 15:18:02,276 [ERROR] LogOutputStream:75 - [STDERR_REDIRECT] 
2025-03-02 15:18:03,261 [ERROR] LogOutputStream:75 - [STDERR_REDIRECT] [Fatal Error] :1:1: Premature end of file.
2025-03-02 15:18:03,261 [ERROR] LogOutputStream:75 - [STDERR_REDIRECT] 
2025-03-02 15:18:04,263 [ERROR] LogOutputStream:75 - [STDERR_REDIRECT] [Fatal Error] :1:1: Premature end of file.
2025-03-02 15:18:04,263 [ERROR] LogOutputStream:75 - [STDERR_REDIRECT] 
2025-03-02 15:18:05,267 [ERROR] LogOutputStream:75 - [STDERR_REDIRECT] [Fatal Error] :1:1: Premature end of file.
2025-03-02 15:18:05,267 [ERROR] LogOutputStream:75 - [STDERR_REDIRECT] 
2025-03-02 15:18:06,277 [ERROR] LogOutputStream:75 - [STDERR_REDIRECT] [Fatal Error] :1:1: Premature end of file.
2025-03-02 15:18:06,277 [ERROR] LogOutputStream:75 - [STDERR_REDIRECT] 
2025-03-02 15:18:07,271 [ERROR] LogOutputStream:75 - [STDERR_REDIRECT] [Fatal Error] :1:1: Premature end of file.
2025-03-02 15:18:07,271 [ERROR] LogOutputStream:75 - [STDERR_REDIRECT] 
2025-03-02 15:18:08,276 [ERROR] LogOutputStream:75 - [STDERR_REDIRECT] [Fatal Error] :1:1: Premature end of file.
2025-03-02 15:18:08,276 [ERROR] LogOutputStream:75 - [STDERR_REDIRECT] 
2025-03-02 15:18:09,267 [ERROR] LogOutputStream:75 - [STDERR_REDIRECT] [Fatal Error] :1:1: Premature end of file.
2025-03-02 15:18:09,267 [ERROR] LogOutputStream:75 - [STDERR_REDIRECT] 
2025-03-02 15:18:10,274 [ERROR] LogOutputStream:75 - [STDERR_REDIRECT] [Fatal Error] :1:1: Premature end of file.
2025-03-02 15:18:10,274 [ERROR] LogOutputStream:75 - [STDERR_REDIRECT] 
2025-03-02 15:18:11,273 [ERROR] LogOutputStream:75 - [STDERR_REDIRECT] [Fatal Error] :1:1: Premature end of file.
2025-03-02 15:18:11,273 [ERROR] LogOutputStream:75 - [STDERR_REDIRECT] 
2025-03-02 15:18:12,274 [ERROR] LogOutputStream:75 - [STDERR_REDIRECT] [Fatal Error] :1:1: Premature end of file.
2025-03-02 15:18:12,274 [ERROR] LogOutputStream:75 - [STDERR_REDIRECT] 
2025-03-02 15:18:13,268 [ERROR] LogOutputStream:75 - [STDERR_REDIRECT] [Fatal Error] :1:1: Premature end of file.
2025-03-02 15:18:13,268 [ERROR] LogOutputStream:75 - [STDERR_REDIRECT] 
2025-03-02 15:18:14,276 [ERROR] LogOutputStream:75 - [STDERR_REDIRECT] [Fatal Error] :1:1: Premature end of file.
2025-03-02 15:18:14,276 [ERROR] LogOutputStream:75 - [STDERR_REDIRECT] 
2025-03-02 15:18:15,273 [ERROR] LogOutputStream:75 - [STDERR_REDIRECT] [Fatal Error] :1:1: Premature end of file.
2025-03-02 15:18:15,273 [ERROR] LogOutputStream:75 - [STDERR_REDIRECT] 
2025-03-02 15:18:16,264 [ERROR] LogOutputStream:75 - [STDERR_REDIRECT] [Fatal Error] :1:1: Premature end of file.
2025-03-02 15:18:16,264 [ERROR] LogOutputStream:75 - [STDERR_REDIRECT] 
2025-03-02 15:18:17,273 [ERROR] LogOutputStream:75 - [STDERR_REDIRECT] [Fatal Error] :1:1: Premature end of file.
2025-03-02 15:18:17,273 [ERROR] LogOutputStream:75 - [STDERR_REDIRECT] 
2025-03-02 15:18:18,269 [ERROR] LogOutputStream:75 - [STDERR_REDIRECT] [Fatal Error] :1:1: Premature end of file.
2025-03-02 15:18:18,269 [ERROR] LogOutputStream:75 - [STDERR_REDIRECT] 
2025-03-02 15:18:19,272 [ERROR] LogOutputStream:75 - [STDERR_REDIRECT] [Fatal Error] :1:1: Premature end of file.
2025-03-02 15:18:19,272 [ERROR] LogOutputStream:75 - [STDERR_REDIRECT] 
2025-03-02 15:18:20,270 [ERROR] LogOutputStream:75 - [STDERR_REDIRECT] [Fatal Error] :1:1: Premature end of file.
2025-03-02 15:18:20,270 [ERROR] LogOutputStream:75 - [STDERR_REDIRECT] 
2025-03-02 15:18:21,269 [ERROR] LogOutputStream:75 - [STDERR_REDIRECT] [Fatal Error] :1:1: Premature end of file.
2025-03-02 15:18:21,269 [ERROR] LogOutputStream:75 - [STDERR_REDIRECT] 
2025-03-02 15:18:22,278 [ERROR] LogOutputStream:75 - [STDERR_REDIRECT] [Fatal Error] :1:1: Premature end of file.
2025-03-02 15:18:22,278 [ERROR] LogOutputStream:75 - [STDERR_REDIRECT] 
2025-03-02 15:18:23,273 [ERROR] LogOutputStream:75 - [STDERR_REDIRECT] [Fatal Error] :1:1: Premature end of file.
2025-03-02 15:18:23,273 [ERROR] LogOutputStream:75 - [STDERR_REDIRECT] 
2025-03-02 15:18:24,262 [ERROR] LogOutputStream:75 - [STDERR_REDIRECT] [Fatal Error] :1:1: Premature end of file.
2025-03-02 15:18:24,262 [ERROR] LogOutputStream:75 - [STDERR_REDIRECT] 
2025-03-02 15:18:25,284 [ERROR] LogOutputStream:75 - [STDERR_REDIRECT] [Fatal Error] :1:1: Premature end of file.
2025-03-02 15:18:25,284 [ERROR] LogOutputStream:75 - [STDERR_REDIRECT] 
2025-03-02 15:18:26,269 [ERROR] LogOutputStream:75 - [STDERR_REDIRECT] [Fatal Error] :1:1: Premature end of file.
2025-03-02 15:18:26,269 [ERROR] LogOutputStream:75 - [STDERR_REDIRECT] 
2025-03-02 15:18:27,272 [ERROR] LogOutputStream:75 - [STDERR_REDIRECT] [Fatal Error] :1:1: Premature end of file.
2025-03-02 15:18:27,272 [ERROR] LogOutputStream:75 - [STDERR_REDIRECT] 
2025-03-02 15:18:28,270 [ERROR] LogOutputStream:75 - [STDERR_REDIRECT] [Fatal Error] :1:1: Premature end of file.
2025-03-02 15:18:28,270 [ERROR] LogOutputStream:75 - [STDERR_REDIRECT] 
2025-03-02 15:18:29,268 [ERROR] LogOutputStream:75 - [STDERR_REDIRECT] [Fatal Error] :1:1: Premature end of file.
2025-03-02 15:18:29,268 [ERROR] LogOutputStream:75 - [STDERR_REDIRECT] 
2025-03-02 15:18:30,282 [ERROR] LogOutputStream:75 - [STDERR_REDIRECT] [Fatal Error] :1:1: Premature end of file.
2025-03-02 15:18:30,282 [ERROR] LogOutputStream:75 - [STDERR_REDIRECT] 
2025-03-02 15:18:31,270 [ERROR] LogOutputStream:75 - [STDERR_REDIRECT] [Fatal Error] :1:1: Premature end of file.
2025-03-02 15:18:31,270 [ERROR] LogOutputStream:75 - [STDERR_REDIRECT] 
2025-03-02 15:18:32,277 [ERROR] LogOutputStream:75 - [STDERR_REDIRECT] [Fatal Error] :1:1: Premature end of file.
2025-03-02 15:18:32,277 [ERROR] LogOutputStream:75 - [STDERR_REDIRECT] 
2025-03-02 15:18:33,276 [ERROR] LogOutputStream:75 - [STDERR_REDIRECT] [Fatal Error] :1:1: Premature end of file.
2025-03-02 15:18:33,276 [ERROR] LogOutputStream:75 - [STDERR_REDIRECT] 
2025-03-02 15:18:34,269 [ERROR] LogOutputStream:75 - [STDERR_REDIRECT] [Fatal Error] :1:1: Premature end of file.
2025-03-02 15:18:34,269 [ERROR] LogOutputStream:75 - [STDERR_REDIRECT] 
2025-03-02 15:18:35,270 [ERROR] LogOutputStream:75 - [STDERR_REDIRECT] [Fatal Error] :1:1: Premature end of file.
2025-03-02 15:18:35,270 [ERROR] LogOutputStream:75 - [STDERR_REDIRECT] 
2025-03-02 15:18:36,269 [ERROR] LogOutputStream:75 - [STDERR_REDIRECT] [Fatal Error] :1:1: Premature end of file.
2025-03-02 15:18:36,269 [ERROR] LogOutputStream:75 - [STDERR_REDIRECT] 
2025-03-02 15:18:37,277 [ERROR] LogOutputStream:75 - [STDERR_REDIRECT] [Fatal Error] :1:1: Premature end of file.
2025-03-02 15:18:37,277 [ERROR] LogOutputStream:75 - [STDERR_REDIRECT] 
2025-03-02 15:18:38,262 [ERROR] LogOutputStream:75 - [STDERR_REDIRECT] [Fatal Error] :1:1: Premature end of file.
2025-03-02 15:18:38,262 [ERROR] LogOutputStream:75 - [STDERR_REDIRECT] 
2025-03-02 15:18:39,282 [ERROR] LogOutputStream:75 - [STDERR_REDIRECT] [Fatal Error] :1:1: Premature end of file.
2025-03-02 15:18:39,282 [ERROR] LogOutputStream:75 - [STDERR_REDIRECT] 
2025-03-02 15:18:40,275 [ERROR] LogOutputStream:75 - [STDERR_REDIRECT] [Fatal Error] :1:1: Premature end of file.
2025-03-02 15:18:40,275 [ERROR] LogOutputStream:75 - [STDERR_REDIRECT] 
2025-03-02 15:18:41,269 [ERROR] LogOutputStream:75 - [STDERR_REDIRECT] [Fatal Error] :1:1: Premature end of file.
2025-03-02 15:18:41,269 [ERROR] LogOutputStream:75 - [STDERR_REDIRECT] 
2025-03-02 15:18:42,271 [ERROR] LogOutputStream:75 - [STDERR_REDIRECT] [Fatal Error] :1:1: Premature end of file.
2025-03-02 15:18:42,271 [ERROR] LogOutputStream:75 - [STDERR_REDIRECT] 
2025-03-02 15:18:43,261 [ERROR] LogOutputStream:75 - [STDERR_REDIRECT] [Fatal Error] :1:1: Premature end of file.
2025-03-02 15:18:43,261 [ERROR] LogOutputStream:75 - [STDERR_REDIRECT] 
2025-03-02 15:18:44,272 [ERROR] LogOutputStream:75 - [STDERR_REDIRECT] [Fatal Error] :1:1: Premature end of file.
2025-03-02 15:18:44,272 [ERROR] LogOutputStream:75 - [STDERR_REDIRECT] 
2025-03-02 15:18:45,271 [ERROR] LogOutputStream:75 - [STDERR_REDIRECT] [Fatal Error] :1:1: Premature end of file.
2025-03-02 15:18:45,276 [ERROR] LogOutputStream:75 - [STDERR_REDIRECT] 
2025-03-02 15:18:46,270 [ERROR] LogOutputStream:75 - [STDERR_REDIRECT] [Fatal Error] :1:1: Premature end of file.
2025-03-02 15:18:46,270 [ERROR] LogOutputStream:75 - [STDERR_REDIRECT] 
2025-03-02 15:18:47,272 [ERROR] LogOutputStream:75 - [STDERR_REDIRECT] [Fatal Error] :1:1: Premature end of file.
2025-03-02 15:18:47,272 [ERROR] LogOutputStream:75 - [STDERR_REDIRECT] 
2025-03-02 15:18:48,268 [ERROR] LogOutputStream:75 - [STDERR_REDIRECT] [Fatal Error] :1:1: Premature end of file.
2025-03-02 15:18:48,268 [ERROR] LogOutputStream:75 - [STDERR_REDIRECT] 
2025-03-02 15:18:49,272 [ERROR] LogOutputStream:75 - [STDERR_REDIRECT] [Fatal Error] :1:1: Premature end of file.
2025-03-02 15:18:49,272 [ERROR] LogOutputStream:75 - [STDERR_REDIRECT] 
2025-03-02 15:18:50,274 [ERROR] LogOutputStream:75 - [STDERR_REDIRECT] [Fatal Error] :1:1: Premature end of file.
2025-03-02 15:18:50,274 [ERROR] LogOutputStream:75 - [STDERR_REDIRECT] 
2025-03-02 15:18:51,274 [ERROR] LogOutputStream:75 - [STDERR_REDIRECT] [Fatal Error] :1:1: Premature end of file.
2025-03-02 15:18:51,274 [ERROR] LogOutputStream:75 - [STDERR_REDIRECT] 
2025-03-02 15:18:52,277 [ERROR] LogOutputStream:75 - [STDERR_REDIRECT] [Fatal Error] :1:1: Premature end of file.
2025-03-02 15:18:52,277 [ERROR] LogOutputStream:75 - [STDERR_REDIRECT] 
2025-03-02 15:18:53,270 [ERROR] LogOutputStream:75 - [STDERR_REDIRECT] [Fatal Error] :1:1: Premature end of file.
2025-03-02 15:18:53,270 [ERROR] LogOutputStream:75 - [STDERR_REDIRECT] 
2025-03-02 15:18:54,274 [ERROR] LogOutputStream:75 - [STDERR_REDIRECT] [Fatal Error] :1:1: Premature end of file.
2025-03-02 15:18:54,274 [ERROR] LogOutputStream:75 - [STDERR_REDIRECT] 
2025-03-02 15:18:55,269 [ERROR] LogOutputStream:75 - [STDERR_REDIRECT] [Fatal Error] :1:1: Premature end of file.
2025-03-02 15:18:55,269 [ERROR] LogOutputStream:75 - [STDERR_REDIRECT] 
2025-03-02 15:18:56,270 [ERROR] LogOutputStream:75 - [STDERR_REDIRECT] [Fatal Error] :1:1: Premature end of file.
2025-03-02 15:18:56,270 [ERROR] LogOutputStream:75 - [STDERR_REDIRECT] 
2025-03-02 15:18:57,268 [ERROR] LogOutputStream:75 - [STDERR_REDIRECT] [Fatal Error] :1:1: Premature end of file.
2025-03-02 15:18:57,268 [ERROR] LogOutputStream:75 - [STDERR_REDIRECT] 
2025-03-02 15:18:58,272 [ERROR] LogOutputStream:75 - [STDERR_REDIRECT] [Fatal Error] :1:1: Premature end of file.
2025-03-02 15:18:58,272 [ERROR] LogOutputStream:75 - [STDERR_REDIRECT] 
2025-03-02 15:18:59,269 [ERROR] LogOutputStream:75 - [STDERR_REDIRECT] [Fatal Error] :1:1: Premature end of file.
2025-03-02 15:18:59,269 [ERROR] LogOutputStream:75 - [STDERR_REDIRECT] 
2025-03-02 15:19:00,263 [ERROR] LogOutputStream:75 - [STDERR_REDIRECT] [Fatal Error] :1:1: Premature end of file.
2025-03-02 15:19:00,263 [ERROR] LogOutputStream:75 - [STDERR_REDIRECT] 
2025-03-02 15:19:01,268 [ERROR] LogOutputStream:75 - [STDERR_REDIRECT] [Fatal Error] :1:1: Premature end of file.
2025-03-02 15:19:01,268 [ERROR] LogOutputStream:75 - [STDERR_REDIRECT] 
2025-03-02 15:19:02,278 [ERROR] LogOutputStream:75 - [STDERR_REDIRECT] [Fatal Error] :1:1: Premature end of file.
2025-03-02 15:19:02,278 [ERROR] LogOutputStream:75 - [STDERR_REDIRECT] 
2025-03-02 15:19:03,261 [ERROR] LogOutputStream:75 - [STDERR_REDIRECT] [Fatal Error] :1:1: Premature end of file.
2025-03-02 15:19:03,261 [ERROR] LogOutputStream:75 - [STDERR_REDIRECT] 
2025-03-02 15:19:04,268 [ERROR] LogOutputStream:75 - [STDERR_REDIRECT] [Fatal Error] :1:1: Premature end of file.
2025-03-02 15:19:04,268 [ERROR] LogOutputStream:75 - [STDERR_REDIRECT] 
2025-03-02 15:19:05,274 [ERROR] LogOutputStream:75 - [STDERR_REDIRECT] [Fatal Error] :1:1: Premature end of file.
2025-03-02 15:19:05,274 [ERROR] LogOutputStream:75 - [STDERR_REDIRECT] 
2025-03-02 15:19:06,271 [ERROR] LogOutputStream:75 - [STDERR_REDIRECT] [Fatal Error] :1:1: Premature end of file.
2025-03-02 15:19:06,271 [ERROR] LogOutputStream:75 - [STDERR_REDIRECT] 
2025-03-02 15:19:07,270 [ERROR] LogOutputStream:75 - [STDERR_REDIRECT] [Fatal Error] :1:1: Premature end of file.
2025-03-02 15:19:07,270 [ERROR] LogOutputStream:75 - [STDERR_REDIRECT] 
2025-03-02 15:19:08,252 [ERROR] LogOutputStream:75 - [STDERR_REDIRECT] [Fatal Error] :1:1: Premature end of file.
2025-03-02 15:19:08,252 [ERROR] LogOutputStream:75 - [STDERR_REDIRECT] 
2025-03-02 15:19:09,245 [ERROR] LogOutputStream:75 - [STDERR_REDIRECT] [Fatal Error] :1:1: Premature end of file.
2025-03-02 15:19:09,245 [ERROR] LogOutputStream:75 - [STDERR_REDIRECT] 
2025-03-02 15:19:10,283 [ERROR] LogOutputStream:75 - [STDERR_REDIRECT] [Fatal Error] :1:1: Premature end of file.
2025-03-02 15:19:10,283 [ERROR] LogOutputStream:75 - [STDERR_REDIRECT] 
2025-03-02 15:19:11,273 [ERROR] LogOutputStream:75 - [STDERR_REDIRECT] [Fatal Error] :1:1: Premature end of file.
2025-03-02 15:19:11,273 [ERROR] LogOutputStream:75 - [STDERR_REDIRECT] 
2025-03-02 15:19:12,270 [ERROR] LogOutputStream:75 - [STDERR_REDIRECT] [Fatal Error] :1:1: Premature end of file.
2025-03-02 15:19:12,270 [ERROR] LogOutputStream:75 - [STDERR_REDIRECT] 
2025-03-02 15:19:13,279 [ERROR] LogOutputStream:75 - [STDERR_REDIRECT] [Fatal Error] :1:1: Premature end of file.
2025-03-02 15:19:13,279 [ERROR] LogOutputStream:75 - [STDERR_REDIRECT] 
2025-03-02 15:19:14,272 [ERROR] LogOutputStream:75 - [STDERR_REDIRECT] [Fatal Error] :1:1: Premature end of file.
2025-03-02 15:19:14,272 [ERROR] LogOutputStream:75 - [STDERR_REDIRECT] 
2025-03-02 15:19:15,269 [ERROR] LogOutputStream:75 - [STDERR_REDIRECT] [Fatal Error] :1:1: Premature end of file.
2025-03-02 15:19:15,271 [ERROR] LogOutputStream:75 - [STDERR_REDIRECT] 
2025-03-02 15:19:16,272 [ERROR] LogOutputStream:75 - [STDERR_REDIRECT] [Fatal Error] :1:1: Premature end of file.
2025-03-02 15:19:16,272 [ERROR] LogOutputStream:75 - [STDERR_REDIRECT] 
2025-03-02 15:19:17,270 [ERROR] LogOutputStream:75 - [STDERR_REDIRECT] [Fatal Error] :1:1: Premature end of file.
2025-03-02 15:19:17,270 [ERROR] LogOutputStream:75 - [STDERR_REDIRECT] 
2025-03-02 15:19:18,281 [ERROR] LogOutputStream:75 - [STDERR_REDIRECT] [Fatal Error] :1:1: Premature end of file.
2025-03-02 15:19:18,281 [ERROR] LogOutputStream:75 - [STDERR_REDIRECT] 
2025-03-02 15:19:19,272 [ERROR] LogOutputStream:75 - [STDERR_REDIRECT] [Fatal Error] :1:1: Premature end of file.
2025-03-02 15:19:19,272 [ERROR] LogOutputStream:75 - [STDERR_REDIRECT] 
2025-03-02 15:19:20,262 [ERROR] LogOutputStream:75 - [STDERR_REDIRECT] [Fatal Error] :1:1: Premature end of file.
2025-03-02 15:19:20,262 [ERROR] LogOutputStream:75 - [STDERR_REDIRECT] 
2025-03-02 15:19:21,275 [ERROR] LogOutputStream:75 - [STDERR_REDIRECT] [Fatal Error] :1:1: Premature end of file.
2025-03-02 15:19:21,275 [ERROR] LogOutputStream:75 - [STDERR_REDIRECT] 
2025-03-02 15:19:22,269 [ERROR] LogOutputStream:75 - [STDERR_REDIRECT] [Fatal Error] :1:1: Premature end of file.
2025-03-02 15:19:22,269 [ERROR] LogOutputStream:75 - [STDERR_REDIRECT] 
2025-03-02 15:19:23,272 [ERROR] LogOutputStream:75 - [STDERR_REDIRECT] [Fatal Error] :1:1: Premature end of file.
2025-03-02 15:19:23,272 [ERROR] LogOutputStream:75 - [STDERR_REDIRECT] 
2025-03-02 15:19:24,279 [ERROR] LogOutputStream:75 - [STDERR_REDIRECT] [Fatal Error] :1:1: Premature end of file.
2025-03-02 15:19:24,279 [ERROR] LogOutputStream:75 - [STDERR_REDIRECT] 
2025-03-02 15:19:25,272 [ERROR] LogOutputStream:75 - [STDERR_REDIRECT] [Fatal Error] :1:1: Premature end of file.
2025-03-02 15:19:25,272 [ERROR] LogOutputStream:75 - [STDERR_REDIRECT] 
2025-03-02 15:19:26,270 [ERROR] LogOutputStream:75 - [STDERR_REDIRECT] [Fatal Error] :1:1: Premature end of file.
2025-03-02 15:19:26,270 [ERROR] LogOutputStream:75 - [STDERR_REDIRECT] 
2025-03-02 15:19:27,262 [ERROR] LogOutputStream:75 - [STDERR_REDIRECT] [Fatal Error] :1:1: Premature end of file.
2025-03-02 15:19:27,262 [ERROR] LogOutputStream:75 - [STDERR_REDIRECT] 
2025-03-02 15:19:28,282 [ERROR] LogOutputStream:75 - [STDERR_REDIRECT] [Fatal Error] :1:1: Premature end of file.
2025-03-02 15:19:28,282 [ERROR] LogOutputStream:75 - [STDERR_REDIRECT] 
2025-03-02 15:19:29,270 [ERROR] LogOutputStream:75 - [STDERR_REDIRECT] [Fatal Error] :1:1: Premature end of file.
2025-03-02 15:19:29,270 [ERROR] LogOutputStream:75 - [STDERR_REDIRECT] 
2025-03-02 15:19:30,270 [ERROR] LogOutputStream:75 - [STDERR_REDIRECT] [Fatal Error] :1:1: Premature end of file.
2025-03-02 15:19:30,270 [ERROR] LogOutputStream:75 - [STDERR_REDIRECT] 
2025-03-02 15:19:31,278 [ERROR] LogOutputStream:75 - [STDERR_REDIRECT] [Fatal Error] :1:1: Premature end of file.
2025-03-02 15:19:31,278 [ERROR] LogOutputStream:75 - [STDERR_REDIRECT] 
2025-03-02 15:19:32,278 [ERROR] LogOutputStream:75 - [STDERR_REDIRECT] [Fatal Error] :1:1: Premature end of file.
2025-03-02 15:19:32,278 [ERROR] LogOutputStream:75 - [STDERR_REDIRECT] 
2025-03-02 15:19:33,268 [ERROR] LogOutputStream:75 - [STDERR_REDIRECT] [Fatal Error] :1:1: Premature end of file.
2025-03-02 15:19:33,268 [ERROR] LogOutputStream:75 - [STDERR_REDIRECT] 
2025-03-02 15:19:34,277 [ERROR] LogOutputStream:75 - [STDERR_REDIRECT] [Fatal Error] :1:1: Premature end of file.
2025-03-02 15:19:34,277 [ERROR] LogOutputStream:75 - [STDERR_REDIRECT] 
2025-03-02 15:19:35,269 [ERROR] LogOutputStream:75 - [STDERR_REDIRECT] [Fatal Error] :1:1: Premature end of file.
2025-03-02 15:19:35,269 [ERROR] LogOutputStream:75 - [STDERR_REDIRECT] 
2025-03-02 15:19:36,262 [ERROR] LogOutputStream:75 - [STDERR_REDIRECT] [Fatal Error] :1:1: Premature end of file.
2025-03-02 15:19:36,262 [ERROR] LogOutputStream:75 - [STDERR_REDIRECT] 
2025-03-02 15:19:37,262 [ERROR] LogOutputStream:75 - [STDERR_REDIRECT] [Fatal Error] :1:1: Premature end of file.
2025-03-02 15:19:37,262 [ERROR] LogOutputStream:75 - [STDERR_REDIRECT] 
2025-03-02 15:19:38,272 [ERROR] LogOutputStream:75 - [STDERR_REDIRECT] [Fatal Error] :1:1: Premature end of file.
2025-03-02 15:19:38,272 [ERROR] LogOutputStream:75 - [STDERR_REDIRECT] 
2025-03-02 15:19:39,261 [ERROR] LogOutputStream:75 - [STDERR_REDIRECT] [Fatal Error] :1:1: Premature end of file.
2025-03-02 15:19:39,261 [ERROR] LogOutputStream:75 - [STDERR_REDIRECT] 
2025-03-02 15:19:40,273 [ERROR] LogOutputStream:75 - [STDERR_REDIRECT] [Fatal Error] :1:1: Premature end of file.
2025-03-02 15:19:40,273 [ERROR] LogOutputStream:75 - [STDERR_REDIRECT] 
2025-03-02 15:19:41,276 [ERROR] LogOutputStream:75 - [STDERR_REDIRECT] [Fatal Error] :1:1: Premature end of file.
2025-03-02 15:19:41,276 [ERROR] LogOutputStream:75 - [STDERR_REDIRECT] 
2025-03-02 15:19:42,276 [ERROR] LogOutputStream:75 - [STDERR_REDIRECT] [Fatal Error] :1:1: Premature end of file.
2025-03-02 15:19:42,276 [ERROR] LogOutputStream:75 - [STDERR_REDIRECT] 
2025-03-02 15:19:43,269 [ERROR] LogOutputStream:75 - [STDERR_REDIRECT] [Fatal Error] :1:1: Premature end of file.
2025-03-02 15:19:43,269 [ERROR] LogOutputStream:75 - [STDERR_REDIRECT] 
2025-03-02 15:19:44,267 [ERROR] LogOutputStream:75 - [STDERR_REDIRECT] [Fatal Error] :1:1: Premature end of file.
2025-03-02 15:19:44,272 [ERROR] LogOutputStream:75 - [STDERR_REDIRECT] 
2025-03-02 15:19:45,288 [ERROR] LogOutputStream:75 - [STDERR_REDIRECT] [Fatal Error] :1:1: Premature end of file.
2025-03-02 15:19:45,288 [ERROR] LogOutputStream:75 - [STDERR_REDIRECT] 
2025-03-02 15:19:46,269 [ERROR] LogOutputStream:75 - [STDERR_REDIRECT] [Fatal Error] :1:1: Premature end of file.
2025-03-02 15:19:46,269 [ERROR] LogOutputStream:75 - [STDERR_REDIRECT] 
2025-03-02 15:19:47,264 [ERROR] LogOutputStream:75 - [STDERR_REDIRECT] [Fatal Error] :1:1: Premature end of file.
2025-03-02 15:19:47,264 [ERROR] LogOutputStream:75 - [STDERR_REDIRECT] 
2025-03-02 15:19:48,269 [ERROR] LogOutputStream:75 - [STDERR_REDIRECT] [Fatal Error] :1:1: Premature end of file.
2025-03-02 15:19:48,269 [ERROR] LogOutputStream:75 - [STDERR_REDIRECT] 
2025-03-02 15:19:49,268 [ERROR] LogOutputStream:75 - [STDERR_REDIRECT] [Fatal Error] :1:1: Premature end of file.
2025-03-02 15:19:49,268 [ERROR] LogOutputStream:75 - [STDERR_REDIRECT] 
2025-03-02 15:19:50,273 [ERROR] LogOutputStream:75 - [STDERR_REDIRECT] [Fatal Error] :1:1: Premature end of file.
2025-03-02 15:19:50,273 [ERROR] LogOutputStream:75 - [STDERR_REDIRECT] 
2025-03-02 15:19:51,274 [ERROR] LogOutputStream:75 - [STDERR_REDIRECT] [Fatal Error] :1:1: Premature end of file.
2025-03-02 15:19:51,274 [ERROR] LogOutputStream:75 - [STDERR_REDIRECT] 
2025-03-02 15:19:52,274 [ERROR] LogOutputStream:75 - [STDERR_REDIRECT] [Fatal Error] :1:1: Premature end of file.
2025-03-02 15:19:52,274 [ERROR] LogOutputStream:75 - [STDERR_REDIRECT] 
2025-03-02 15:19:53,271 [ERROR] LogOutputStream:75 - [STDERR_REDIRECT] [Fatal Error] :1:1: Premature end of file.
2025-03-02 15:19:53,272 [ERROR] LogOutputStream:75 - [STDERR_REDIRECT] 
2025-03-02 15:19:54,271 [ERROR] LogOutputStream:75 - [STDERR_REDIRECT] [Fatal Error] :1:1: Premature end of file.
2025-03-02 15:19:54,272 [ERROR] LogOutputStream:75 - [STDERR_REDIRECT] 
2025-03-02 15:19:55,271 [ERROR] LogOutputStream:75 - [STDERR_REDIRECT] [Fatal Error] :1:1: Premature end of file.
2025-03-02 15:19:55,271 [ERROR] LogOutputStream:75 - [STDERR_REDIRECT] 
2025-03-02 15:19:56,272 [ERROR] LogOutputStream:75 - [STDERR_REDIRECT] [Fatal Error] :1:1: Premature end of file.
2025-03-02 15:19:56,272 [ERROR] LogOutputStream:75 - [STDERR_REDIRECT] 
2025-03-02 15:19:57,270 [ERROR] LogOutputStream:75 - [STDERR_REDIRECT] [Fatal Error] :1:1: Premature end of file.
2025-03-02 15:19:57,270 [ERROR] LogOutputStream:75 - [STDERR_REDIRECT] 
2025-03-02 15:19:58,266 [ERROR] LogOutputStream:75 - [STDERR_REDIRECT] [Fatal Error] :1:1: Premature end of file.
2025-03-02 15:19:58,267 [ERROR] LogOutputStream:75 - [STDERR_REDIRECT] 
2025-03-02 15:19:59,268 [ERROR] LogOutputStream:75 - [STDERR_REDIRECT] [Fatal Error] :1:1: Premature end of file.
2025-03-02 15:19:59,268 [ERROR] LogOutputStream:75 - [STDERR_REDIRECT] 
2025-03-02 15:20:00,273 [ERROR] LogOutputStream:75 - [STDERR_REDIRECT] [Fatal Error] :1:1: Premature end of file.
2025-03-02 15:20:00,273 [ERROR] LogOutputStream:75 - [STDERR_REDIRECT] 
2025-03-02 15:20:01,270 [ERROR] LogOutputStream:75 - [STDERR_REDIRECT] [Fatal Error] :1:1: Premature end of file.
2025-03-02 15:20:01,270 [ERROR] LogOutputStream:75 - [STDERR_REDIRECT] 
2025-03-02 15:20:02,271 [ERROR] LogOutputStream:75 - [STDERR_REDIRECT] [Fatal Error] :1:1: Premature end of file.
2025-03-02 15:20:02,271 [ERROR] LogOutputStream:75 - [STDERR_REDIRECT] 
2025-03-02 15:20:03,271 [ERROR] LogOutputStream:75 - [STDERR_REDIRECT] [Fatal Error] :1:1: Premature end of file.
2025-03-02 15:20:03,271 [ERROR] LogOutputStream:75 - [STDERR_REDIRECT] 
2025-03-02 15:20:04,270 [ERROR] LogOutputStream:75 - [STDERR_REDIRECT] [Fatal Error] :1:1: Premature end of file.
2025-03-02 15:20:04,270 [ERROR] LogOutputStream:75 - [STDERR_REDIRECT] 
2025-03-02 15:20:05,269 [ERROR] LogOutputStream:75 - [STDERR_REDIRECT] [Fatal Error] :1:1: Premature end of file.
2025-03-02 15:20:05,269 [ERROR] LogOutputStream:75 - [STDERR_REDIRECT] 
2025-03-02 15:20:06,268 [ERROR] LogOutputStream:75 - [STDERR_REDIRECT] [Fatal Error] :1:1: Premature end of file.
2025-03-02 15:20:06,269 [ERROR] LogOutputStream:75 - [STDERR_REDIRECT] 
2025-03-02 15:20:07,259 [ERROR] LogOutputStream:75 - [STDERR_REDIRECT] [Fatal Error] :1:1: Premature end of file.
2025-03-02 15:20:07,259 [ERROR] LogOutputStream:75 - [STDERR_REDIRECT] 
2025-03-02 15:20:08,270 [ERROR] LogOutputStream:75 - [STDERR_REDIRECT] [Fatal Error] :1:1: Premature end of file.
2025-03-02 15:20:08,271 [ERROR] LogOutputStream:75 - [STDERR_REDIRECT] 
2025-03-02 15:20:09,270 [ERROR] LogOutputStream:75 - [STDERR_REDIRECT] [Fatal Error] :1:1: Premature end of file.
2025-03-02 15:20:09,270 [ERROR] LogOutputStream:75 - [STDERR_REDIRECT] 
2025-03-02 15:20:10,273 [ERROR] LogOutputStream:75 - [STDERR_REDIRECT] [Fatal Error] :1:1: Premature end of file.
2025-03-02 15:20:10,273 [ERROR] LogOutputStream:75 - [STDERR_REDIRECT] 
2025-03-02 15:20:11,271 [ERROR] LogOutputStream:75 - [STDERR_REDIRECT] [Fatal Error] :1:1: Premature end of file.
2025-03-02 15:20:11,271 [ERROR] LogOutputStream:75 - [STDERR_REDIRECT] 
2025-03-02 15:20:12,271 [ERROR] LogOutputStream:75 - [STDERR_REDIRECT] [Fatal Error] :1:1: Premature end of file.
2025-03-02 15:20:12,271 [ERROR] LogOutputStream:75 - [STDERR_REDIRECT] 
2025-03-02 15:20:13,272 [ERROR] LogOutputStream:75 - [STDERR_REDIRECT] [Fatal Error] :1:1: Premature end of file.
2025-03-02 15:20:13,272 [ERROR] LogOutputStream:75 - [STDERR_REDIRECT] 
2025-03-02 15:20:14,270 [ERROR] LogOutputStream:75 - [STDERR_REDIRECT] [Fatal Error] :1:1: Premature end of file.
2025-03-02 15:20:14,270 [ERROR] LogOutputStream:75 - [STDERR_REDIRECT] 
2025-03-02 15:20:15,272 [ERROR] LogOutputStream:75 - [STDERR_REDIRECT] [Fatal Error] :1:1: Premature end of file.
2025-03-02 15:20:15,272 [ERROR] LogOutputStream:75 - [STDERR_REDIRECT] 
2025-03-02 15:20:16,274 [ERROR] LogOutputStream:75 - [STDERR_REDIRECT] [Fatal Error] :1:1: Premature end of file.
2025-03-02 15:20:16,274 [ERROR] LogOutputStream:75 - [STDERR_REDIRECT] 
2025-03-02 15:20:17,270 [ERROR] LogOutputStream:75 - [STDERR_REDIRECT] [Fatal Error] :1:1: Premature end of file.
2025-03-02 15:20:17,271 [ERROR] LogOutputStream:75 - [STDERR_REDIRECT] 
2025-03-02 15:20:18,271 [ERROR] LogOutputStream:75 - [STDERR_REDIRECT] [Fatal Error] :1:1: Premature end of file.
2025-03-02 15:20:18,271 [ERROR] LogOutputStream:75 - [STDERR_REDIRECT] 
2025-03-02 15:20:19,267 [ERROR] LogOutputStream:75 - [STDERR_REDIRECT] [Fatal Error] :1:1: Premature end of file.
2025-03-02 15:20:19,267 [ERROR] LogOutputStream:75 - [STDERR_REDIRECT] 
2025-03-02 15:20:20,273 [ERROR] LogOutputStream:75 - [STDERR_REDIRECT] [Fatal Error] :1:1: Premature end of file.
2025-03-02 15:20:20,273 [ERROR] LogOutputStream:75 - [STDERR_REDIRECT] 
2025-03-02 15:20:21,272 [ERROR] LogOutputStream:75 - [STDERR_REDIRECT] [Fatal Error] :1:1: Premature end of file.
2025-03-02 15:20:21,272 [ERROR] LogOutputStream:75 - [STDERR_REDIRECT] 
2025-03-02 15:20:22,271 [ERROR] LogOutputStream:75 - [STDERR_REDIRECT] [Fatal Error] :1:1: Premature end of file.
2025-03-02 15:20:22,272 [ERROR] LogOutputStream:75 - [STDERR_REDIRECT] 
2025-03-02 15:20:23,271 [ERROR] LogOutputStream:75 - [STDERR_REDIRECT] [Fatal Error] :1:1: Premature end of file.
2025-03-02 15:20:23,271 [ERROR] LogOutputStream:75 - [STDERR_REDIRECT] 
2025-03-02 15:20:24,268 [ERROR] LogOutputStream:75 - [STDERR_REDIRECT] [Fatal Error] :1:1: Premature end of file.
2025-03-02 15:20:24,272 [ERROR] LogOutputStream:75 - [STDERR_REDIRECT] 
2025-03-02 15:20:25,268 [ERROR] LogOutputStream:75 - [STDERR_REDIRECT] [Fatal Error] :1:1: Premature end of file.
2025-03-02 15:20:25,268 [ERROR] LogOutputStream:75 - [STDERR_REDIRECT] 
2025-03-02 15:20:26,272 [ERROR] LogOutputStream:75 - [STDERR_REDIRECT] [Fatal Error] :1:1: Premature end of file.
2025-03-02 15:20:26,272 [ERROR] LogOutputStream:75 - [STDERR_REDIRECT] 
2025-03-02 15:20:27,263 [ERROR] LogOutputStream:75 - [STDERR_REDIRECT] [Fatal Error] :1:1: Premature end of file.
2025-03-02 15:20:27,263 [ERROR] LogOutputStream:75 - [STDERR_REDIRECT] 
2025-03-02 15:20:28,286 [ERROR] LogOutputStream:75 - [STDERR_REDIRECT] [Fatal Error] :1:1: Premature end of file.
2025-03-02 15:20:28,286 [ERROR] LogOutputStream:75 - [STDERR_REDIRECT] 
2025-03-02 15:20:29,269 [ERROR] LogOutputStream:75 - [STDERR_REDIRECT] [Fatal Error] :1:1: Premature end of file.
2025-03-02 15:20:29,269 [ERROR] LogOutputStream:75 - [STDERR_REDIRECT] 
2025-03-02 15:20:30,273 [ERROR] LogOutputStream:75 - [STDERR_REDIRECT] [Fatal Error] :1:1: Premature end of file.
2025-03-02 15:20:30,273 [ERROR] LogOutputStream:75 - [STDERR_REDIRECT] 
2025-03-02 15:20:31,268 [ERROR] LogOutputStream:75 - [STDERR_REDIRECT] [Fatal Error] :1:1: Premature end of file.
2025-03-02 15:20:31,268 [ERROR] LogOutputStream:75 - [STDERR_REDIRECT] 
2025-03-02 15:20:32,272 [ERROR] LogOutputStream:75 - [STDERR_REDIRECT] [Fatal Error] :1:1: Premature end of file.
2025-03-02 15:20:32,272 [ERROR] LogOutputStream:75 - [STDERR_REDIRECT] 
2025-03-02 15:20:33,272 [ERROR] LogOutputStream:75 - [STDERR_REDIRECT] [Fatal Error] :1:1: Premature end of file.
2025-03-02 15:20:33,272 [ERROR] LogOutputStream:75 - [STDERR_REDIRECT] 
2025-03-02 15:20:34,275 [ERROR] LogOutputStream:75 - [STDERR_REDIRECT] [Fatal Error] :1:1: Premature end of file.
2025-03-02 15:20:34,275 [ERROR] LogOutputStream:75 - [STDERR_REDIRECT] 
2025-03-02 15:20:35,262 [ERROR] LogOutputStream:75 - [STDERR_REDIRECT] [Fatal Error] :1:1: Premature end of file.
2025-03-02 15:20:35,262 [ERROR] LogOutputStream:75 - [STDERR_REDIRECT] 
2025-03-02 15:20:36,269 [ERROR] LogOutputStream:75 - [STDERR_REDIRECT] [Fatal Error] :1:1: Premature end of file.
2025-03-02 15:20:36,269 [ERROR] LogOutputStream:75 - [STDERR_REDIRECT] 
2025-03-02 15:20:37,271 [ERROR] LogOutputStream:75 - [STDERR_REDIRECT] [Fatal Error] :1:1: Premature end of file.
2025-03-02 15:20:37,271 [ERROR] LogOutputStream:75 - [STDERR_REDIRECT] 
2025-03-02 15:20:38,271 [ERROR] LogOutputStream:75 - [STDERR_REDIRECT] [Fatal Error] :1:1: Premature end of file.
2025-03-02 15:20:38,271 [ERROR] LogOutputStream:75 - [STDERR_REDIRECT] 
2025-03-02 15:20:39,269 [ERROR] LogOutputStream:75 - [STDERR_REDIRECT] [Fatal Error] :1:1: Premature end of file.
2025-03-02 15:20:39,269 [ERROR] LogOutputStream:75 - [STDERR_REDIRECT] 
2025-03-02 15:20:40,269 [ERROR] LogOutputStream:75 - [STDERR_REDIRECT] [Fatal Error] :1:1: Premature end of file.
2025-03-02 15:20:40,269 [ERROR] LogOutputStream:75 - [STDERR_REDIRECT] 
2025-03-02 15:20:41,271 [ERROR] LogOutputStream:75 - [STDERR_REDIRECT] [Fatal Error] :1:1: Premature end of file.
2025-03-02 15:20:41,271 [ERROR] LogOutputStream:75 - [STDERR_REDIRECT] 
2025-03-02 15:20:42,267 [ERROR] LogOutputStream:75 - [STDERR_REDIRECT] [Fatal Error] :1:1: Premature end of file.
2025-03-02 15:20:42,267 [ERROR] LogOutputStream:75 - [STDERR_REDIRECT] 
2025-03-02 15:20:43,269 [ERROR] LogOutputStream:75 - [STDERR_REDIRECT] [Fatal Error] :1:1: Premature end of file.
2025-03-02 15:20:43,269 [ERROR] LogOutputStream:75 - [STDERR_REDIRECT] 
2025-03-02 15:20:44,273 [ERROR] LogOutputStream:75 - [STDERR_REDIRECT] [Fatal Error] :1:1: Premature end of file.
2025-03-02 15:20:44,273 [ERROR] LogOutputStream:75 - [STDERR_REDIRECT] 
2025-03-02 15:20:45,276 [ERROR] LogOutputStream:75 - [STDERR_REDIRECT] [Fatal Error] :1:1: Premature end of file.
2025-03-02 15:20:45,276 [ERROR] LogOutputStream:75 - [STDERR_REDIRECT] 
2025-03-02 15:20:46,272 [ERROR] LogOutputStream:75 - [STDERR_REDIRECT] [Fatal Error] :1:1: Premature end of file.
2025-03-02 15:20:46,272 [ERROR] LogOutputStream:75 - [STDERR_REDIRECT] 
2025-03-02 15:20:47,269 [ERROR] LogOutputStream:75 - [STDERR_REDIRECT] [Fatal Error] :1:1: Premature end of file.
2025-03-02 15:20:47,269 [ERROR] LogOutputStream:75 - [STDERR_REDIRECT] 
2025-03-02 15:20:48,270 [ERROR] LogOutputStream:75 - [STDERR_REDIRECT] [Fatal Error] :1:1: Premature end of file.
2025-03-02 15:20:48,270 [ERROR] LogOutputStream:75 - [STDERR_REDIRECT] 
2025-03-02 15:20:49,267 [ERROR] LogOutputStream:75 - [STDERR_REDIRECT] [Fatal Error] :1:1: Premature end of file.
2025-03-02 15:20:49,267 [ERROR] LogOutputStream:75 - [STDERR_REDIRECT] 
2025-03-02 15:20:50,251 [ERROR] LogOutputStream:75 - [STDERR_REDIRECT] [Fatal Error] :1:1: Premature end of file.
2025-03-02 15:20:50,267 [ERROR] LogOutputStream:75 - [STDERR_REDIRECT] 
2025-03-02 15:20:51,269 [ERROR] LogOutputStream:75 - [STDERR_REDIRECT] [Fatal Error] :1:1: Premature end of file.
2025-03-02 15:20:51,269 [ERROR] LogOutputStream:75 - [STDERR_REDIRECT] 
2025-03-02 15:20:52,270 [ERROR] LogOutputStream:75 - [STDERR_REDIRECT] [Fatal Error] :1:1: Premature end of file.
2025-03-02 15:20:52,270 [ERROR] LogOutputStream:75 - [STDERR_REDIRECT] 
2025-03-02 15:20:53,275 [ERROR] LogOutputStream:75 - [STDERR_REDIRECT] [Fatal Error] :1:1: Premature end of file.
2025-03-02 15:20:53,275 [ERROR] LogOutputStream:75 - [STDERR_REDIRECT] 
2025-03-02 15:20:54,279 [ERROR] LogOutputStream:75 - [STDERR_REDIRECT] [Fatal Error] :1:1: Premature end of file.
2025-03-02 15:20:54,279 [ERROR] LogOutputStream:75 - [STDERR_REDIRECT] 
2025-03-02 15:20:55,275 [ERROR] LogOutputStream:75 - [STDERR_REDIRECT] [Fatal Error] :1:1: Premature end of file.
2025-03-02 15:20:55,275 [ERROR] LogOutputStream:75 - [STDERR_REDIRECT] 
2025-03-02 15:20:56,269 [ERROR] LogOutputStream:75 - [STDERR_REDIRECT] [Fatal Error] :1:1: Premature end of file.
2025-03-02 15:20:56,269 [ERROR] LogOutputStream:75 - [STDERR_REDIRECT] 
2025-03-02 15:20:57,271 [ERROR] LogOutputStream:75 - [STDERR_REDIRECT] [Fatal Error] :1:1: Premature end of file.
2025-03-02 15:20:57,271 [ERROR] LogOutputStream:75 - [STDERR_REDIRECT] 
2025-03-02 15:20:58,280 [ERROR] LogOutputStream:75 - [STDERR_REDIRECT] [Fatal Error] :1:1: Premature end of file.
2025-03-02 15:20:58,280 [ERROR] LogOutputStream:75 - [STDERR_REDIRECT] 
2025-03-02 15:20:59,276 [ERROR] LogOutputStream:75 - [STDERR_REDIRECT] [Fatal Error] :1:1: Premature end of file.
2025-03-02 15:20:59,276 [ERROR] LogOutputStream:75 - [STDERR_REDIRECT] 
2025-03-02 15:21:00,271 [ERROR] LogOutputStream:75 - [STDERR_REDIRECT] [Fatal Error] :1:1: Premature end of file.
2025-03-02 15:21:00,271 [ERROR] LogOutputStream:75 - [STDERR_REDIRECT] 
2025-03-02 15:21:01,271 [ERROR] LogOutputStream:75 - [STDERR_REDIRECT] [Fatal Error] :1:1: Premature end of file.
2025-03-02 15:21:01,271 [ERROR] LogOutputStream:75 - [STDERR_REDIRECT] 
2025-03-02 15:21:02,272 [ERROR] LogOutputStream:75 - [STDERR_REDIRECT] [Fatal Error] :1:1: Premature end of file.
2025-03-02 15:21:02,272 [ERROR] LogOutputStream:75 - [STDERR_REDIRECT] 
2025-03-02 15:21:03,269 [ERROR] LogOutputStream:75 - [STDERR_REDIRECT] [Fatal Error] :1:1: Premature end of file.
2025-03-02 15:21:03,269 [ERROR] LogOutputStream:75 - [STDERR_REDIRECT] 
2025-03-02 15:21:04,268 [ERROR] LogOutputStream:75 - [STDERR_REDIRECT] [Fatal Error] :1:1: Premature end of file.
2025-03-02 15:21:04,268 [ERROR] LogOutputStream:75 - [STDERR_REDIRECT] 
2025-03-02 15:21:05,266 [ERROR] LogOutputStream:75 - [STDERR_REDIRECT] [Fatal Error] :1:1: Premature end of file.
2025-03-02 15:21:05,266 [ERROR] LogOutputStream:75 - [STDERR_REDIRECT] 
2025-03-02 15:21:06,273 [ERROR] LogOutputStream:75 - [STDERR_REDIRECT] [Fatal Error] :1:1: Premature end of file.
2025-03-02 15:21:06,273 [ERROR] LogOutputStream:75 - [STDERR_REDIRECT] 
2025-03-02 15:21:07,269 [ERROR] LogOutputStream:75 - [STDERR_REDIRECT] [Fatal Error] :1:1: Premature end of file.
2025-03-02 15:21:07,269 [ERROR] LogOutputStream:75 - [STDERR_REDIRECT] 
2025-03-02 15:21:08,273 [ERROR] LogOutputStream:75 - [STDERR_REDIRECT] [Fatal Error] :1:1: Premature end of file.
2025-03-02 15:21:08,273 [ERROR] LogOutputStream:75 - [STDERR_REDIRECT] 
2025-03-02 15:21:09,269 [ERROR] LogOutputStream:75 - [STDERR_REDIRECT] [Fatal Error] :1:1: Premature end of file.
2025-03-02 15:21:09,269 [ERROR] LogOutputStream:75 - [STDERR_REDIRECT] 
2025-03-02 15:21:10,264 [ERROR] LogOutputStream:75 - [STDERR_REDIRECT] [Fatal Error] :1:1: Premature end of file.
2025-03-02 15:21:10,264 [ERROR] LogOutputStream:75 - [STDERR_REDIRECT] 
2025-03-02 15:21:11,268 [ERROR] LogOutputStream:75 - [STDERR_REDIRECT] [Fatal Error] :1:1: Premature end of file.
2025-03-02 15:21:11,268 [ERROR] LogOutputStream:75 - [STDERR_REDIRECT] 
2025-03-02 15:21:12,268 [ERROR] LogOutputStream:75 - [STDERR_REDIRECT] [Fatal Error] :1:1: Premature end of file.
2025-03-02 15:21:12,268 [ERROR] LogOutputStream:75 - [STDERR_REDIRECT] 
2025-03-02 15:21:13,274 [ERROR] LogOutputStream:75 - [STDERR_REDIRECT] [Fatal Error] :1:1: Premature end of file.
2025-03-02 15:21:13,274 [ERROR] LogOutputStream:75 - [STDERR_REDIRECT] 
2025-03-02 15:21:14,263 [ERROR] LogOutputStream:75 - [STDERR_REDIRECT] [Fatal Error] :1:1: Premature end of file.
2025-03-02 15:21:14,263 [ERROR] LogOutputStream:75 - [STDERR_REDIRECT] 
2025-03-02 15:21:15,277 [ERROR] LogOutputStream:75 - [STDERR_REDIRECT] [Fatal Error] :1:1: Premature end of file.
2025-03-02 15:21:15,277 [ERROR] LogOutputStream:75 - [STDERR_REDIRECT] 
2025-03-02 15:21:16,279 [ERROR] LogOutputStream:75 - [STDERR_REDIRECT] [Fatal Error] :1:1: Premature end of file.
2025-03-02 15:21:16,279 [ERROR] LogOutputStream:75 - [STDERR_REDIRECT] 
2025-03-02 15:21:17,272 [ERROR] LogOutputStream:75 - [STDERR_REDIRECT] [Fatal Error] :1:1: Premature end of file.
2025-03-02 15:21:17,272 [ERROR] LogOutputStream:75 - [STDERR_REDIRECT] 
2025-03-02 15:21:18,263 [ERROR] LogOutputStream:75 - [STDERR_REDIRECT] [Fatal Error] :1:1: Premature end of file.
2025-03-02 15:21:18,263 [ERROR] LogOutputStream:75 - [STDERR_REDIRECT] 
2025-03-02 15:21:19,265 [ERROR] LogOutputStream:75 - [STDERR_REDIRECT] [Fatal Error] :1:1: Premature end of file.
2025-03-02 15:21:19,265 [ERROR] LogOutputStream:75 - [STDERR_REDIRECT] 
2025-03-02 15:21:20,266 [ERROR] LogOutputStream:75 - [STDERR_REDIRECT] [Fatal Error] :1:1: Premature end of file.
2025-03-02 15:21:20,266 [ERROR] LogOutputStream:75 - [STDERR_REDIRECT] 
2025-03-02 15:21:21,273 [ERROR] LogOutputStream:75 - [STDERR_REDIRECT] [Fatal Error] :1:1: Premature end of file.
2025-03-02 15:21:21,273 [ERROR] LogOutputStream:75 - [STDERR_REDIRECT] 
2025-03-02 15:21:22,258 [ERROR] LogOutputStream:75 - [STDERR_REDIRECT] [Fatal Error] :1:1: Premature end of file.
2025-03-02 15:21:22,274 [ERROR] LogOutputStream:75 - [STDERR_REDIRECT] 
2025-03-02 15:21:23,263 [ERROR] LogOutputStream:75 - [STDERR_REDIRECT] [Fatal Error] :1:1: Premature end of file.
2025-03-02 15:21:23,263 [ERROR] LogOutputStream:75 - [STDERR_REDIRECT] 
2025-03-02 15:21:24,275 [ERROR] LogOutputStream:75 - [STDERR_REDIRECT] [Fatal Error] :1:1: Premature end of file.
2025-03-02 15:21:24,275 [ERROR] LogOutputStream:75 - [STDERR_REDIRECT] 
2025-03-02 15:21:25,266 [ERROR] LogOutputStream:75 - [STDERR_REDIRECT] [Fatal Error] :1:1: Premature end of file.
2025-03-02 15:21:25,266 [ERROR] LogOutputStream:75 - [STDERR_REDIRECT] 
2025-03-02 15:21:26,281 [ERROR] LogOutputStream:75 - [STDERR_REDIRECT] [Fatal Error] :1:1: Premature end of file.
2025-03-02 15:21:26,281 [ERROR] LogOutputStream:75 - [STDERR_REDIRECT] 
2025-03-02 15:21:26,897 [ERROR] LogOutputStream:75 - [STDERR_REDIRECT] 
2025-03-02 15:21:26,899 [ERROR] LogOutputStream:75 - [STDERR_REDIRECT] 
2025-03-02 15:21:48,763 [INFO] Activator:176 - 


2025-03-02 15:21:48,765 [INFO] Activator:177 - !SESSION log4j initialized
2025-03-02 15:21:52,846 [ERROR] LogOutputStream:75 - [STDERR_REDIRECT] [Fatal Error] :1:1: Premature end of file.
2025-03-02 15:21:52,846 [ERROR] LogOutputStream:75 - [STDERR_REDIRECT] 
2025-03-02 15:21:53,833 [ERROR] LogOutputStream:75 - [STDERR_REDIRECT] [Fatal Error] :1:1: Premature end of file.
2025-03-02 15:21:53,836 [ERROR] LogOutputStream:75 - [STDERR_REDIRECT] 
2025-03-02 15:21:54,802 [ERROR] LogOutputStream:75 - [STDERR_REDIRECT] [Fatal Error] :1:1: Premature end of file.
2025-03-02 15:21:54,802 [ERROR] LogOutputStream:75 - [STDERR_REDIRECT] 
2025-03-02 15:21:55,196 [INFO] LogOutputStream:77 - [STDOUT_REDIRECT] 
2025-03-02 15:21:55,803 [ERROR] LogOutputStream:75 - [STDERR_REDIRECT] [Fatal Error] :1:1: Premature end of file.
2025-03-02 15:21:55,803 [ERROR] LogOutputStream:75 - [STDERR_REDIRECT] 
2025-03-02 15:21:56,751 [INFO] ApplicationProperties:184 - Using Application install path: C:\ST\STM32CubeIDE_1.17.0\STM32CubeIDE\plugins\com.st.stm32cube.common.mx_6.14.0.202502271554
2025-03-02 15:21:56,780 [INFO] DbMcusXml:78 - Set database path to: C:\ST\STM32CubeIDE_1.17.0\STM32CubeIDE\plugins\com.st.stm32cube.common.mx_6.14.0.202502271554\\db\/mcu/
2025-03-02 15:21:56,780 [INFO] ApiDb:274 - Set plugin database path to: C:\ST\STM32CubeIDE_1.17.0\STM32CubeIDE\plugins\com.st.stm32cube.common.mx_6.14.0.202502271554\\db\/plugins/boardmanager/
2025-03-02 15:21:56,780 [WARN] ApiDb:259 - Overriding images path with different value:  => C:\ST\STM32CubeIDE_1.17.0\STM32CubeIDE\plugins\com.st.stm32cube.common.mx_6.14.0.202502271554\\db\/plugins/mcufinder/images/
2025-03-02 15:21:56,808 [ERROR] LogOutputStream:75 - [STDERR_REDIRECT] [Fatal Error] :1:1: Premature end of file.
2025-03-02 15:21:56,808 [ERROR] LogOutputStream:75 - [STDERR_REDIRECT] 
2025-03-02 15:21:57,805 [ERROR] LogOutputStream:75 - [STDERR_REDIRECT] [Fatal Error] :1:1: Premature end of file.
2025-03-02 15:21:57,807 [ERROR] LogOutputStream:75 - [STDERR_REDIRECT] 
2025-03-02 15:21:58,871 [ERROR] LogOutputStream:75 - [STDERR_REDIRECT] [Fatal Error] :1:1: Premature end of file.
2025-03-02 15:21:58,875 [ERROR] LogOutputStream:75 - [STDERR_REDIRECT] 
2025-03-02 15:21:59,807 [ERROR] LogOutputStream:75 - [STDERR_REDIRECT] [Fatal Error] :1:1: Premature end of file.
2025-03-02 15:21:59,807 [ERROR] LogOutputStream:75 - [STDERR_REDIRECT] 
2025-03-02 15:21:59,935 [INFO] ApiDb:250 - Set database path to: C:\Users\raj\.stmcufinder\plugins\mcufinder//mcu/
2025-03-02 15:21:59,937 [INFO] DbMcusAds:125 - Set database path to: C:\Users\raj\.stmcufinder\plugins\mcufinder//mcu/
2025-03-02 15:21:59,941 [INFO] CrossReferenceDbSqlite:203 - Set database path to: C:\Users\raj\.stmcufinder\plugins\mcufinder//mcu/cs/
2025-03-02 15:22:00,189 [INFO] RulesReader:64 - Compatibility file has been processed (301 Rules)
2025-03-02 15:22:00,359 [INFO] DbMcusXml:78 - Set database path to: C:\ST\STM32CubeIDE_1.17.0\STM32CubeIDE\plugins\com.st.stm32cube.common.mx_6.14.0.202502271554\\db\/mcu/
2025-03-02 15:22:00,359 [INFO] ApiDb:274 - Set plugin database path to: C:\ST\STM32CubeIDE_1.17.0\STM32CubeIDE\plugins\com.st.stm32cube.common.mx_6.14.0.202502271554\\db\/plugins/boardmanager/
2025-03-02 15:22:00,359 [INFO] ApiDb:261 - Set plugin images path to: C:\ST\STM32CubeIDE_1.17.0\STM32CubeIDE\plugins\com.st.stm32cube.common.mx_6.14.0.202502271554\\db\/plugins/mcufinder/images/
2025-03-02 15:22:00,359 [WARN] DbFile:41 - Overriding database path with different value: C:\Users\raj\.stmcufinder\plugins\mcufinder/ => C:\Users\raj\.stmcufinder\plugins\mcufinder
2025-03-02 15:22:00,361 [INFO] ApiDb:250 - Set database path to: C:\Users\raj\.stmcufinder\plugins\mcufinder//mcu/
2025-03-02 15:22:00,361 [WARN] DbFile:41 - Overriding database path with different value: C:\Users\raj\.stmcufinder\plugins\mcufinder/ => C:\Users\raj\.stmcufinder\plugins\mcufinder
2025-03-02 15:22:00,361 [INFO] DbMcusAds:125 - Set database path to: C:\Users\raj\.stmcufinder\plugins\mcufinder//mcu/
2025-03-02 15:22:00,361 [WARN] DbFile:41 - Overriding database path with different value: C:\Users\raj\.stmcufinder\plugins\mcufinder/ => C:\Users\raj\.stmcufinder\plugins\mcufinder
2025-03-02 15:22:00,361 [WARN] DbFile:41 - Overriding database path with different value: C:\Users\raj\.stmcufinder\plugins\mcufinder/ => C:\Users\raj\.stmcufinder\plugins\mcufinder
2025-03-02 15:22:00,361 [INFO] CrossReferenceDbSqlite:203 - Set database path to: C:\Users\raj\.stmcufinder\plugins\mcufinder//mcu/cs/
2025-03-02 15:22:00,512 [INFO] MainPanel:272 - HeapMemory: 268435456
2025-03-02 15:22:00,788 [INFO] DbMcusXml:78 - Set database path to: C:\ST\STM32CubeIDE_1.17.0\STM32CubeIDE\plugins\com.st.stm32cube.common.mx_6.14.0.202502271554\\db\/mcu/
2025-03-02 15:22:00,788 [INFO] ApiDb:274 - Set plugin database path to: C:\ST\STM32CubeIDE_1.17.0\STM32CubeIDE\plugins\com.st.stm32cube.common.mx_6.14.0.202502271554\\db\/plugins/boardmanager/
2025-03-02 15:22:00,788 [INFO] ApiDb:261 - Set plugin images path to: C:\ST\STM32CubeIDE_1.17.0\STM32CubeIDE\plugins\com.st.stm32cube.common.mx_6.14.0.202502271554\\db\/plugins/mcufinder/images/
2025-03-02 15:22:00,790 [WARN] DbFile:41 - Overriding database path with different value: C:\Users\raj\.stmcufinder\plugins\mcufinder/ => C:\Users\raj\.stmcufinder\plugins\mcufinder
2025-03-02 15:22:00,790 [INFO] ApiDb:250 - Set database path to: C:\Users\raj\.stmcufinder\plugins\mcufinder//mcu/
2025-03-02 15:22:00,790 [WARN] DbFile:41 - Overriding database path with different value: C:\Users\raj\.stmcufinder\plugins\mcufinder/ => C:\Users\raj\.stmcufinder\plugins\mcufinder
2025-03-02 15:22:00,792 [INFO] DbMcusAds:125 - Set database path to: C:\Users\raj\.stmcufinder\plugins\mcufinder//mcu/
2025-03-02 15:22:00,792 [WARN] DbFile:41 - Overriding database path with different value: C:\Users\raj\.stmcufinder\plugins\mcufinder/ => C:\Users\raj\.stmcufinder\plugins\mcufinder
2025-03-02 15:22:00,792 [WARN] DbFile:41 - Overriding database path with different value: C:\Users\raj\.stmcufinder\plugins\mcufinder/ => C:\Users\raj\.stmcufinder\plugins\mcufinder
2025-03-02 15:22:00,792 [INFO] CrossReferenceDbSqlite:203 - Set database path to: C:\Users\raj\.stmcufinder\plugins\mcufinder//mcu/cs/
2025-03-02 15:22:00,814 [ERROR] LogOutputStream:75 - [STDERR_REDIRECT] [Fatal Error] :1:1: Premature end of file.
2025-03-02 15:22:00,814 [ERROR] LogOutputStream:75 - [STDERR_REDIRECT] 
2025-03-02 15:22:00,832 [INFO] ApplicationProperties:184 - Using Application install path: C:\ST\STM32CubeIDE_1.17.0\STM32CubeIDE\plugins\com.st.stm32cube.common.mx_6.14.0.202502271554
2025-03-02 15:22:00,841 [INFO] PluginManage:196 - Search for loadable plugins [exclusion list=, ]
2025-03-02 15:22:00,841 [INFO] PluginManage:310 - Check plugin analytics
2025-03-02 15:22:01,278 [INFO] AnalyticsPlugin:253 - Accepted Software Licenses: 
2025-03-02 15:22:01,278 [INFO] AnalyticsPlugin:255 - Accepted CMSIS Pack Licenses: 
2025-03-02 15:22:01,283 [INFO] AnalyticsPlugin:257 - Accepted Firmware Licenses: FW.L4.1.18.0
2025-03-02 15:22:01,290 [INFO] PluginManage:359 - Loaded plugin analytics (category:tool,tabindex:-1)
2025-03-02 15:22:01,290 [INFO] PluginManage:310 - Check plugin cadmodel
2025-03-02 15:22:01,301 [INFO] CADModel:105 - Init CAD model plugin
2025-03-02 15:22:01,301 [INFO] PluginManage:359 - Loaded plugin cadmodel (category:power,tabindex:5)
2025-03-02 15:22:01,301 [INFO] PluginManage:310 - Check plugin clock
2025-03-02 15:22:01,326 [INFO] PluginManage:359 - Loaded plugin clock (category:base,tabindex:2)
2025-03-02 15:22:01,326 [INFO] PluginManage:310 - Check plugin ddr
2025-03-02 15:22:01,335 [INFO] PluginManage:359 - Loaded plugin ddr (category:tool,tabindex:6)
2025-03-02 15:22:01,335 [INFO] PluginManage:310 - Check plugin filemanager
2025-03-02 15:22:01,582 [INFO] PluginManage:359 - Loaded plugin filemanager (category:base,tabindex:10)
2025-03-02 15:22:01,582 [INFO] PluginManage:310 - Check plugin ipmanager
2025-03-02 15:22:01,599 [INFO] PluginManage:359 - Loaded plugin ipmanager (category:base,tabindex:5)
2025-03-02 15:22:01,600 [INFO] PluginManage:310 - Check plugin lpbam
2025-03-02 15:22:01,614 [INFO] PluginManage:359 - Loaded plugin lpbam (category:base,tabindex:0)
2025-03-02 15:22:01,615 [INFO] PluginManage:310 - Check plugin memorymap
2025-03-02 15:22:01,646 [INFO] PluginManage:359 - Loaded plugin memorymap (category:base,tabindex:4)
2025-03-02 15:22:01,646 [INFO] PluginManage:310 - Check plugin pinoutandconfiguration
2025-03-02 15:22:01,678 [INFO] PluginManage:359 - Loaded plugin pinoutandconfiguration (category:base,tabindex:1)
2025-03-02 15:22:01,678 [INFO] PluginManage:310 - Check plugin pinoutconfig
2025-03-02 15:22:01,813 [ERROR] LogOutputStream:75 - [STDERR_REDIRECT] [Fatal Error] :1:1: Premature end of file.
2025-03-02 15:22:01,813 [ERROR] LogOutputStream:75 - [STDERR_REDIRECT] 
2025-03-02 15:22:01,815 [WARN] SupportedApi:132 - Cannot load RTOS API schema: s4s-elt-must-match.1: The content of 'definitions' must match (annotation?, (simpleType | complexType)?, (unique | key | keyref)*)). A problem was found starting at: attribute.
2025-03-02 15:22:02,106 [INFO] PluginManage:359 - Loaded plugin pinoutconfig (category:base,tabindex:0)
2025-03-02 15:22:02,106 [INFO] PluginManage:310 - Check plugin power
2025-03-02 15:22:02,233 [INFO] PluginManage:359 - Loaded plugin power (category:power,tabindex:4)
2025-03-02 15:22:02,233 [INFO] PluginManage:310 - Check plugin projectmanager
2025-03-02 15:22:02,248 [INFO] PluginManage:359 - Loaded plugin projectmanager (category:projectmanager,tabindex:4)
2025-03-02 15:22:02,248 [INFO] PluginManage:310 - Check plugin rif
2025-03-02 15:22:02,328 [INFO] PluginManage:359 - Loaded plugin rif (category:base,tabindex:3)
2025-03-02 15:22:02,328 [INFO] PluginManage:310 - Check plugin thirdparty
2025-03-02 15:22:02,803 [ERROR] LogOutputStream:75 - [STDERR_REDIRECT] [Fatal Error] :1:1: Premature end of file.
2025-03-02 15:22:02,803 [ERROR] LogOutputStream:75 - [STDERR_REDIRECT] 
2025-03-02 15:22:02,911 [INFO] PluginManage:359 - Loaded plugin thirdparty (category:base,tabindex:-1)
2025-03-02 15:22:02,911 [WARN] IntegrityCheckThread:84 - waiting for thirdparty lock release [integrity check]
2025-03-02 15:22:02,911 [INFO] PluginManage:310 - Check plugin tools
2025-03-02 15:22:02,911 [INFO] IntegrityCheckThread:86 - entering critical section [integrity check]
2025-03-02 15:22:02,913 [INFO] ThirdPartyUpdaterWithRetryManager:70 - Updater plugin not ready yet. [1/15]
2025-03-02 15:22:02,919 [INFO] PluginManage:359 - Loaded plugin tools (category:base,tabindex:7)
2025-03-02 15:22:02,919 [INFO] PluginManage:310 - Check plugin tutovideos
2025-03-02 15:22:03,268 [INFO] PluginManage:359 - Loaded plugin tutovideos (category:base,tabindex:-1)
2025-03-02 15:22:03,268 [INFO] PluginManage:310 - Check plugin updater
2025-03-02 15:22:03,333 [INFO] PluginManage:359 - Loaded plugin updater (category:base,tabindex:12)
2025-03-02 15:22:03,333 [INFO] PluginManage:310 - Check plugin userauth
2025-03-02 15:22:03,349 [INFO] UserAuth:118 - Init User Auth plugin
2025-03-02 15:22:03,351 [INFO] PluginManage:359 - Loaded plugin userauth (category:base,tabindex:14)
2025-03-02 15:22:03,353 [INFO] PluginManage:283 - PluginManage : Loaded plugins [18]
2025-03-02 15:22:03,847 [ERROR] LogOutputStream:75 - [STDERR_REDIRECT] [Fatal Error] :1:1: Premature end of file.
2025-03-02 15:22:03,848 [ERROR] LogOutputStream:75 - [STDERR_REDIRECT] 
2025-03-02 15:22:03,961 [INFO] PinOutPanel:1589 - setPackage(No Configuration,No Configuration)
2025-03-02 15:22:04,325 [INFO] CADModel:165 - CPN selected for project level
2025-03-02 15:22:04,325 [INFO] CADModel:114 - Register for checkConnection events
2025-03-02 15:22:04,340 [INFO] IPUIPlugin:80 - create IPUIPlugin
2025-03-02 15:22:04,340 [INFO] PluginManager:220 - loadIPPluginJar : add adc
2025-03-02 15:22:04,387 [INFO] IPUIPlugin:80 - create IPUIPlugin
2025-03-02 15:22:04,387 [INFO] PluginManager:220 - loadIPPluginJar : add aes
2025-03-02 15:22:04,387 [INFO] IPUIPlugin:80 - create IPUIPlugin
2025-03-02 15:22:04,404 [INFO] PluginManager:220 - loadIPPluginJar : add can
2025-03-02 15:22:04,404 [INFO] IPUIPlugin:80 - create IPUIPlugin
2025-03-02 15:22:04,404 [INFO] PluginManager:220 - loadIPPluginJar : add comp
2025-03-02 15:22:04,404 [INFO] IPUIPlugin:80 - create IPUIPlugin
2025-03-02 15:22:04,404 [INFO] PluginManager:220 - loadIPPluginJar : add cryp
2025-03-02 15:22:04,404 [INFO] IPUIPlugin:80 - create IPUIPlugin
2025-03-02 15:22:04,404 [INFO] PluginManager:220 - loadIPPluginJar : add ddr_ctrl_phy
2025-03-02 15:22:04,404 [INFO] IPUIPlugin:80 - create IPUIPlugin
2025-03-02 15:22:04,404 [INFO] PluginManager:220 - loadIPPluginJar : add dfsdm
2025-03-02 15:22:04,404 [INFO] IPUIPlugin:80 - create IPUIPlugin
2025-03-02 15:22:04,404 [INFO] PluginManager:220 - loadIPPluginJar : add dma
2025-03-02 15:22:04,419 [INFO] IPUIPlugin:80 - create IPUIPlugin
2025-03-02 15:22:04,419 [INFO] PluginManager:220 - loadIPPluginJar : add dma3
2025-03-02 15:22:04,419 [INFO] IPUIPlugin:80 - create IPUIPlugin
2025-03-02 15:22:04,419 [INFO] PluginManager:220 - loadIPPluginJar : add extmemmanager
2025-03-02 15:22:04,419 [INFO] IPUIPlugin:80 - create IPUIPlugin
2025-03-02 15:22:04,419 [INFO] PluginManager:220 - loadIPPluginJar : add fatfs
2025-03-02 15:22:04,419 [INFO] IPUIPlugin:80 - create IPUIPlugin
2025-03-02 15:22:04,419 [INFO] PluginManager:220 - loadIPPluginJar : add fmc
2025-03-02 15:22:04,435 [INFO] IPUIPlugin:80 - create IPUIPlugin
2025-03-02 15:22:04,435 [INFO] PluginManager:220 - loadIPPluginJar : add freertos
2025-03-02 15:22:04,435 [INFO] IPUIPlugin:80 - create IPUIPlugin
2025-03-02 15:22:04,435 [INFO] PluginManager:220 - loadIPPluginJar : add genericplugin
2025-03-02 15:22:04,435 [INFO] IPUIPlugin:80 - create IPUIPlugin
2025-03-02 15:22:04,435 [INFO] PluginManager:220 - loadIPPluginJar : add gfxmmu
2025-03-02 15:22:04,546 [INFO] IPUIPlugin:80 - create IPUIPlugin
2025-03-02 15:22:04,546 [INFO] PluginManager:220 - loadIPPluginJar : add gic
2025-03-02 15:22:04,546 [INFO] IPUIPlugin:80 - create IPUIPlugin
2025-03-02 15:22:04,546 [INFO] PluginManager:220 - loadIPPluginJar : add gpio
2025-03-02 15:22:04,546 [INFO] IPUIPlugin:80 - create IPUIPlugin
2025-03-02 15:22:04,546 [INFO] PluginManager:220 - loadIPPluginJar : add gtzc
2025-03-02 15:22:04,546 [INFO] IPUIPlugin:80 - create IPUIPlugin
2025-03-02 15:22:04,546 [INFO] PluginManager:220 - loadIPPluginJar : add hash
2025-03-02 15:22:04,561 [INFO] IPUIPlugin:80 - create IPUIPlugin
2025-03-02 15:22:04,561 [INFO] PluginManager:220 - loadIPPluginJar : add i2c
2025-03-02 15:22:04,561 [INFO] IPUIPlugin:80 - create IPUIPlugin
2025-03-02 15:22:04,561 [INFO] PluginManager:220 - loadIPPluginJar : add i2s
2025-03-02 15:22:04,561 [INFO] IPUIPlugin:80 - create IPUIPlugin
2025-03-02 15:22:04,561 [INFO] PluginManager:220 - loadIPPluginJar : add i3c
2025-03-02 15:22:04,561 [INFO] IPUIPlugin:80 - create IPUIPlugin
2025-03-02 15:22:04,561 [INFO] PluginManager:220 - loadIPPluginJar : add ipddr
2025-03-02 15:22:04,672 [INFO] IPUIPlugin:80 - create IPUIPlugin
2025-03-02 15:22:04,672 [INFO] PluginManager:220 - loadIPPluginJar : add linkedlist
2025-03-02 15:22:04,672 [INFO] IPUIPlugin:80 - create IPUIPlugin
2025-03-02 15:22:04,672 [INFO] PluginManager:220 - loadIPPluginJar : add lorawan
2025-03-02 15:22:04,672 [INFO] IPUIPlugin:80 - create IPUIPlugin
2025-03-02 15:22:04,672 [INFO] PluginManager:220 - loadIPPluginJar : add ltdc
2025-03-02 15:22:04,736 [INFO] IPUIPlugin:80 - create IPUIPlugin
2025-03-02 15:22:04,736 [INFO] PluginManager:220 - loadIPPluginJar : add mdma
2025-03-02 15:22:04,736 [INFO] IPUIPlugin:80 - create IPUIPlugin
2025-03-02 15:22:04,736 [INFO] PluginManager:220 - loadIPPluginJar : add nvic
2025-03-02 15:22:04,736 [INFO] IPUIPlugin:80 - create IPUIPlugin
2025-03-02 15:22:04,736 [INFO] PluginManager:220 - loadIPPluginJar : add opamp
2025-03-02 15:22:04,736 [INFO] IPUIPlugin:80 - create IPUIPlugin
2025-03-02 15:22:04,736 [INFO] PluginManager:220 - loadIPPluginJar : add openamp
2025-03-02 15:22:04,736 [INFO] IPUIPlugin:80 - create IPUIPlugin
2025-03-02 15:22:04,736 [INFO] PluginManager:220 - loadIPPluginJar : add pdm2pcm
2025-03-02 15:22:04,751 [INFO] IPUIPlugin:80 - create IPUIPlugin
2025-03-02 15:22:04,751 [INFO] PluginManager:220 - loadIPPluginJar : add plateformsettings
2025-03-02 15:22:04,751 [INFO] IPUIPlugin:80 - create IPUIPlugin
2025-03-02 15:22:04,751 [INFO] PluginManager:220 - loadIPPluginJar : add quadspi
2025-03-02 15:22:04,751 [INFO] IPUIPlugin:80 - create IPUIPlugin
2025-03-02 15:22:04,751 [INFO] PluginManager:220 - loadIPPluginJar : add radio
2025-03-02 15:22:04,751 [INFO] IPUIPlugin:80 - create IPUIPlugin
2025-03-02 15:22:04,751 [INFO] PluginManager:220 - loadIPPluginJar : add resmgrutility
2025-03-02 15:22:04,751 [INFO] IPUIPlugin:80 - create IPUIPlugin
2025-03-02 15:22:04,751 [INFO] PluginManager:220 - loadIPPluginJar : add sai
2025-03-02 15:22:04,751 [INFO] IPUIPlugin:80 - create IPUIPlugin
2025-03-02 15:22:04,751 [INFO] PluginManager:220 - loadIPPluginJar : add spi
2025-03-02 15:22:04,767 [INFO] IPUIPlugin:80 - create IPUIPlugin
2025-03-02 15:22:04,767 [INFO] PluginManager:220 - loadIPPluginJar : add stm32_wpan
2025-03-02 15:22:04,767 [INFO] IPUIPlugin:80 - create IPUIPlugin
2025-03-02 15:22:04,767 [INFO] PluginManager:220 - loadIPPluginJar : add tim
2025-03-02 15:22:04,767 [INFO] IPUIPlugin:80 - create IPUIPlugin
2025-03-02 15:22:04,767 [INFO] PluginManager:220 - loadIPPluginJar : add touchsensing
2025-03-02 15:22:04,783 [INFO] IPUIPlugin:80 - create IPUIPlugin
2025-03-02 15:22:04,783 [INFO] PluginManager:220 - loadIPPluginJar : add tracer_emb
2025-03-02 15:22:04,783 [INFO] IPUIPlugin:80 - create IPUIPlugin
2025-03-02 15:22:04,783 [INFO] PluginManager:220 - loadIPPluginJar : add ts
2025-03-02 15:22:04,783 [INFO] IPUIPlugin:80 - create IPUIPlugin
2025-03-02 15:22:04,783 [INFO] PluginManager:220 - loadIPPluginJar : add tsc
2025-03-02 15:22:04,783 [INFO] IPUIPlugin:80 - create IPUIPlugin
2025-03-02 15:22:04,783 [INFO] PluginManager:220 - loadIPPluginJar : add ucpd
2025-03-02 15:22:04,783 [INFO] IPUIPlugin:80 - create IPUIPlugin
2025-03-02 15:22:04,783 [INFO] PluginManager:220 - loadIPPluginJar : add usart
2025-03-02 15:22:04,783 [INFO] IPUIPlugin:80 - create IPUIPlugin
2025-03-02 15:22:04,783 [INFO] PluginManager:220 - loadIPPluginJar : add usbx
2025-03-02 15:22:04,831 [ERROR] LogOutputStream:75 - [STDERR_REDIRECT] [Fatal Error] :1:1: Premature end of file.
2025-03-02 15:22:04,831 [ERROR] LogOutputStream:75 - [STDERR_REDIRECT] 
2025-03-02 15:22:05,042 [FATAL] Updater:351 - Updater called before beeing initialized
2025-03-02 15:22:05,110 [INFO] RulesReader:64 - Compatibility file has been processed (301 Rules)
2025-03-02 15:22:05,187 [INFO] RulesReader:64 - Compatibility file has been processed (301 Rules)
2025-03-02 15:22:05,213 [INFO] CADModel:165 - CPN selected for project level
2025-03-02 15:22:05,215 [INFO] CADModel:114 - Register for checkConnection events
2025-03-02 15:22:05,215 [FATAL] Updater:351 - Updater called before beeing initialized
2025-03-02 15:22:05,215 [ERROR] CADModel:125 - Updater not yet initialized, retry later 
2025-03-02 15:22:05,407 [FATAL] Updater:351 - Updater called before beeing initialized
2025-03-02 15:22:05,420 [INFO] CADModel:165 - CPN selected for project level
2025-03-02 15:22:05,420 [INFO] CADModel:114 - Register for checkConnection events
2025-03-02 15:22:05,420 [FATAL] Updater:351 - Updater called before beeing initialized
2025-03-02 15:22:05,420 [ERROR] CADModel:125 - Updater not yet initialized, retry later 
2025-03-02 15:22:05,420 [FATAL] Updater:351 - Updater called before beeing initialized
2025-03-02 15:22:05,708 [FATAL] Updater:351 - Updater called before beeing initialized
2025-03-02 15:22:05,708 [INFO] DbMcusAds:53 - JSON generation date=Thu Sep 30 08:55:09 CEST 2021 (1632984909247)
2025-03-02 15:22:05,723 [FATAL] Updater:351 - Updater called before beeing initialized
2025-03-02 15:22:05,754 [WARN] DetailPanel:346 - Failed to get advertising image, set to default
2025-03-02 15:22:05,796 [ERROR] LogOutputStream:75 - [STDERR_REDIRECT] [Fatal Error] :1:1: Premature end of file.
2025-03-02 15:22:05,796 [ERROR] LogOutputStream:75 - [STDERR_REDIRECT] 
2025-03-02 15:22:05,914 [INFO] ThirdPartyUpdaterWithRetryManager:70 - Updater plugin not ready yet. [2/15]
2025-03-02 15:22:06,185 [FATAL] Updater:351 - Updater called before beeing initialized
2025-03-02 15:22:06,185 [FATAL] Updater:351 - Updater called before beeing initialized
2025-03-02 15:22:06,185 [FATAL] Updater:351 - Updater called before beeing initialized
2025-03-02 15:22:06,185 [WARN] DetailPanel:346 - Failed to get advertising image, set to default
2025-03-02 15:22:06,185 [FATAL] Updater:351 - Updater called before beeing initialized
2025-03-02 15:22:06,264 [ERROR] Updater:1198 - MainUpdater not yet initialized. External WinMGr cannot be set.
2025-03-02 15:22:06,264 [INFO] Updater:1134 - Updater Version found : 6.14.0
2025-03-02 15:22:06,280 [INFO] ApplicationProperties:184 - Using Application install path: C:\ST\STM32CubeIDE_1.17.0\STM32CubeIDE\plugins\com.st.stm32cube.common.mx_6.14.0.202502271554
2025-03-02 15:22:06,830 [ERROR] LogOutputStream:75 - [STDERR_REDIRECT] [Fatal Error] :1:1: Premature end of file.
2025-03-02 15:22:06,830 [ERROR] LogOutputStream:75 - [STDERR_REDIRECT] 
2025-03-02 15:22:07,816 [ERROR] LogOutputStream:75 - [STDERR_REDIRECT] [Fatal Error] :1:1: Premature end of file.
2025-03-02 15:22:07,816 [ERROR] LogOutputStream:75 - [STDERR_REDIRECT] 
2025-03-02 15:22:07,929 [ERROR] LogOutputStream:75 - [STDERR_REDIRECT] Mar 02, 2025 3:22:07 PM java.util.prefs.WindowsPreferences <init>
2025-03-02 15:22:07,929 [ERROR] LogOutputStream:75 - [STDERR_REDIRECT] WARNING: Could not open/create prefs root node Software\JavaSoft\Prefs at root 0xffffffff80000002. Windows RegCreateKeyEx(...) returned error code 5.
2025-03-02 15:22:07,929 [ERROR] LogOutputStream:75 - [STDERR_REDIRECT] 
2025-03-02 15:22:08,008 [INFO] MainUpdater:525 - Copy updater definitions from MX database
2025-03-02 15:22:08,315 [INFO] MainUpdater:2872 - connection check result : 10
2025-03-02 15:22:08,315 [INFO] MainUpdater:3566 - Updater definition file requires update
2025-03-02 15:22:08,315 [INFO] MainUpdater:289 - Updater Check For Update Now.
2025-03-02 15:22:08,315 [INFO] MicroXplorer:498 - Change Database Version : DB.6.0.140
2025-03-02 15:22:08,332 [INFO] McuFinderGlobals:63 - Set McuFinder mode to 2 (CubeIDE integrated)
2025-03-02 15:22:08,358 [INFO] UserAuth:486 - Internet connection configuration mode: 1
2025-03-02 15:22:08,374 [INFO] JxBrowserEngine:152 - Initiate JxBrowser Engine with user profile folder
2025-03-02 15:22:08,422 [INFO] ServerAccessManage:473 - Download File updaters.zip
2025-03-02 15:22:08,708 [INFO] FileExtend:242 - Unzip File : updaters.zip
2025-03-02 15:22:08,708 [INFO] FileExtend:257 - Standard Zip Deflate
2025-03-02 15:22:08,872 [ERROR] LogOutputStream:75 - [STDERR_REDIRECT] [Fatal Error] :1:1: Premature end of file.
2025-03-02 15:22:08,872 [ERROR] LogOutputStream:75 - [STDERR_REDIRECT] 
2025-03-02 15:22:08,917 [WARN] MainUpdater:1193 - Updater busy. Cannot search thirdparties
2025-03-02 15:22:08,917 [INFO] ThirdPartyUpdaterWithRetryManager:96 - Updater plugin is busy. [1/15]
2025-03-02 15:22:09,852 [ERROR] LogOutputStream:75 - [STDERR_REDIRECT] [Fatal Error] :1:1: Premature end of file.
2025-03-02 15:22:09,852 [ERROR] LogOutputStream:75 - [STDERR_REDIRECT] 
2025-03-02 15:22:10,266 [INFO] ServerAccessManage:473 - Download File PacksControlFlags.xml
2025-03-02 15:22:10,432 [INFO] ServerAccessManage:473 - Download File cubemx.pidx
2025-03-02 15:22:10,652 [INFO] LoadServerUpdatesThread:375 - End of LoadServerUpdate Thread
2025-03-02 15:22:10,799 [ERROR] LogOutputStream:75 - [STDERR_REDIRECT] [Fatal Error] :1:1: Premature end of file.
2025-03-02 15:22:10,799 [ERROR] LogOutputStream:75 - [STDERR_REDIRECT] 
2025-03-02 15:22:10,898 [INFO] CheckServerUpdateThread:120 - End of CheckServer Thread
2025-03-02 15:22:11,800 [ERROR] LogOutputStream:75 - [STDERR_REDIRECT] [Fatal Error] :1:1: Premature end of file.
2025-03-02 15:22:11,800 [ERROR] LogOutputStream:75 - [STDERR_REDIRECT] 
2025-03-02 15:22:12,155 [WARN] PackLoader:240 - Cannot read IP mode file for STMicroelectronics.FP-SNS-MOTENVWB1.1.4.0
2025-03-02 15:22:12,177 [WARN] PackLoader:240 - Cannot read IP mode file for STMicroelectronics.FP-ATR-ASTRA1.2.0.2
2025-03-02 15:22:12,193 [WARN] PackLoader:240 - Cannot read IP mode file for STMicroelectronics.FP-ATR-ASTRA1.2.0.1
2025-03-02 15:22:12,214 [WARN] PackLoader:240 - Cannot read IP mode file for STMicroelectronics.X-CUBE-SMBUS.2.1.0
2025-03-02 15:22:12,249 [WARN] PackLoader:240 - Cannot read IP mode file for STMicroelectronics.X-CUBE-WB05N.1.1.0
2025-03-02 15:22:12,324 [WARN] PackLoader:240 - Cannot read IP mode file for STMicroelectronics.X-CUBE-AZRTOS-F7.1.1.0
2025-03-02 15:22:12,463 [WARN] PackLoader:240 - Cannot read IP mode file for STMicroelectronics.X-CUBE-MEMS1.11.0.0
2025-03-02 15:22:12,732 [WARN] PackLoader:240 - Cannot read IP mode file for STMicroelectronics.FP-SNS-FLIGHT1.5.0.2
2025-03-02 15:22:12,819 [WARN] PackLoader:240 - Cannot read IP mode file for Infineon.AIROC-Wi-Fi-Bluetooth-STM32.1.7.0
2025-03-02 15:22:12,821 [ERROR] LogOutputStream:75 - [STDERR_REDIRECT] [Fatal Error] :1:1: Premature end of file.
2025-03-02 15:22:12,821 [ERROR] LogOutputStream:75 - [STDERR_REDIRECT] 
2025-03-02 15:22:13,001 [WARN] PackLoader:240 - Cannot read IP mode file for STMicroelectronics.X-CUBE-DISPLAY.3.0.0
2025-03-02 15:22:13,058 [WARN] PackLoader:240 - Cannot read IP mode file for STMicroelectronics.X-CUBE-BLE1.7.0.0
2025-03-02 15:22:13,080 [WARN] PackLoader:240 - Cannot read IP mode file for STMicroelectronics.X-CUBE-NFC10.1.0.0
2025-03-02 15:22:13,112 [WARN] PackLoader:240 - Cannot read IP mode file for STMicroelectronics.X-CUBE-BLEMGR.4.0.0
2025-03-02 15:22:13,127 [WARN] PackLoader:240 - Cannot read IP mode file for emotas.I-CUBE-CANOPEN.1.3.0
2025-03-02 15:22:13,160 [WARN] PackLoader:240 - Cannot read IP mode file for STMicroelectronics.X-CUBE-BLEMGR.3.1.0
2025-03-02 15:22:13,191 [WARN] PackLoader:240 - Cannot read IP mode file for STMicroelectronics.X-CUBE-AI.10.0.0
2025-03-02 15:22:13,207 [WARN] PackLoader:240 - Cannot read IP mode file for STMicroelectronics.FP-SNS-SMARTAG2.1.2.0
2025-03-02 15:22:13,271 [WARN] PackLoader:240 - Cannot read IP mode file for STMicroelectronics.X-CUBE-MEMS1.11.1.0
2025-03-02 15:22:13,399 [INFO] LogOutputStream:77 - [STDOUT_REDIRECT] 1 : Invalid condition id : UX_CORESTACK_Condition cause : null
2025-03-02 15:22:13,399 [INFO] LogOutputStream:77 - [STDOUT_REDIRECT] 1 : Invalid condition id : UX_CORESTACK_Condition cause : null
2025-03-02 15:22:13,399 [INFO] LogOutputStream:77 - [STDOUT_REDIRECT] 1 : Invalid condition id : UX_CORESTACK_Condition cause : null
2025-03-02 15:22:13,415 [INFO] LogOutputStream:77 - [STDOUT_REDIRECT] 1 : Invalid condition id : UX_CORESTACK_Condition cause : null
2025-03-02 15:22:13,415 [INFO] LogOutputStream:77 - [STDOUT_REDIRECT] 1 : Invalid condition id : UX_CORESTACK_Condition cause : null
2025-03-02 15:22:13,415 [WARN] PackLoader:240 - Cannot read IP mode file for STMicroelectronics.X-CUBE-AZRTOS-WL.2.0.0
2025-03-02 15:22:13,447 [WARN] PackLoader:240 - Cannot read IP mode file for STMicroelectronics.FP-SNS-MOTENV1.5.0.0
2025-03-02 15:22:13,484 [WARN] PackLoader:240 - Cannot read IP mode file for wolfSSL.I-CUBE-wolfMQTT.1.19.0
2025-03-02 15:22:13,526 [WARN] PackLoader:240 - Cannot read IP mode file for WES.I-CUBE-Cesium.1.3.0
2025-03-02 15:22:13,571 [WARN] PackLoader:240 - Cannot read IP mode file for STMicroelectronics.X-CUBE-BLE2.3.3.0
2025-03-02 15:22:13,589 [WARN] PackLoader:240 - Cannot read IP mode file for STMicroelectronics.X-CUBE-NFC9.1.0.0
2025-03-02 15:22:13,605 [WARN] PackLoader:240 - Cannot read IP mode file for STMicroelectronics.X-CUBE-TCPP.4.1.0
2025-03-02 15:22:13,731 [WARN] PackLoader:240 - Cannot read IP mode file for STMicroelectronics.X-CUBE-AZRTOS-G0.1.1.0
2025-03-02 15:22:13,794 [WARN] PackLoader:240 - Cannot read IP mode file for STMicroelectronics.X-CUBE-SAFEA1.1.2.2
2025-03-02 15:22:13,841 [ERROR] LogOutputStream:75 - [STDERR_REDIRECT] [Fatal Error] :1:1: Premature end of file.
2025-03-02 15:22:13,841 [ERROR] LogOutputStream:75 - [STDERR_REDIRECT] 
2025-03-02 15:22:13,856 [WARN] PackLoader:240 - Cannot read IP mode file for STMicroelectronics.X-CUBE-NFC4.3.0.0
2025-03-02 15:22:13,904 [WARN] PackLoader:240 - Cannot read IP mode file for EmbeddedOffice.I-CUBE-FS-RTOS.1.0.1
2025-03-02 15:22:13,983 [WARN] PackLoader:240 - Cannot read IP mode file for STMicroelectronics.X-CUBE-TCPP.4.2.0
2025-03-02 15:22:14,014 [WARN] PackLoader:240 - Cannot read IP mode file for RealThread.X-CUBE-RT-Thread_Nano.4.1.1
2025-03-02 15:22:14,030 [WARN] PackLoader:240 - Cannot read IP mode file for STMicroelectronics.FP-ATR-SIGFOX1.3.2.0
2025-03-02 15:22:14,078 [WARN] ConditionMgr:438 - getConditionDescription Invalid condition id : Cortex-A Device cause : null
2025-03-02 15:22:14,141 [WARN] ConditionMgr:1044 - genDependencies : Invalid condition id : Cortex-A Device cause : null
2025-03-02 15:22:14,141 [WARN] ConditionMgr:1044 - genDependencies : Invalid condition id : Cortex-A Device cause : null
2025-03-02 15:22:14,141 [WARN] ConditionMgr:1044 - genDependencies : Invalid condition id : Cortex-A Device cause : null
2025-03-02 15:22:14,173 [WARN] PackLoader:240 - Cannot read IP mode file for STMicroelectronics.X-CUBE-EEPRMA1.5.1.0
2025-03-02 15:22:14,189 [WARN] PackLoader:240 - Cannot read IP mode file for wolfSSL.I-CUBE-wolfSSL.5.7.4
2025-03-02 15:22:14,220 [WARN] PackLoader:240 - Cannot read IP mode file for ITTIA_DB.I-CUBE-ITTIADB.8.9.0
2025-03-02 15:22:14,272 [WARN] PackLoader:240 - Cannot read IP mode file for SEGGER.I-CUBE-embOS.1.3.1
2025-03-02 15:22:14,314 [WARN] PackLoader:240 - Cannot read IP mode file for STMicroelectronics.X-CUBE-ALGOBUILD.1.4.0
2025-03-02 15:22:14,335 [WARN] PackLoader:240 - Cannot read IP mode file for STMicroelectronics.X-CUBE-AI.9.1.0
2025-03-02 15:22:14,365 [WARN] PackLoader:240 - Cannot read IP mode file for STMicroelectronics.X-CUBE-AZRTOS-F4.1.1.0
2025-03-02 15:22:14,385 [WARN] PackLoader:240 - Cannot read IP mode file for STMicroelectronics.X-CUBE-ISPU.2.1.0
2025-03-02 15:22:14,399 [WARN] PackLoader:240 - Cannot read IP mode file for STMicroelectronics.X-CUBE-FREERTOS.1.2.0
2025-03-02 15:22:14,429 [WARN] PackLoader:240 - Cannot read IP mode file for STMicroelectronics.X-CUBE-AZRTOS-L5.2.0.0
2025-03-02 15:22:14,447 [WARN] PackLoader:240 - Cannot read IP mode file for STMicroelectronics.X-CUBE-NFC6.3.1.0
2025-03-02 15:22:14,458 [WARN] PackLoader:240 - Cannot read IP mode file for STMicroelectronics.X-CUBE-DPower.1.2.0
2025-03-02 15:22:14,474 [WARN] PackLoader:240 - Cannot read IP mode file for STMicroelectronics.X-CUBE-FREERTOS.1.3.0
2025-03-02 15:22:14,490 [WARN] PackLoader:240 - Cannot read IP mode file for STMicroelectronics.X-CUBE-NFC7.1.0.1
2025-03-02 15:22:14,540 [WARN] ConditionMgr:438 - getConditionDescription Invalid condition id : LAN8742 Phy interface Condition cause : null
2025-03-02 15:22:14,540 [WARN] PackLoader:240 - Cannot read IP mode file for STMicroelectronics.X-CUBE-AZRTOS-L4.2.0.0
2025-03-02 15:22:14,542 [WARN] ConditionMgr:1044 - genDependencies : Invalid condition id : LAN8742 Phy interface Condition cause : null
2025-03-02 15:22:14,542 [WARN] ConditionMgr:1044 - genDependencies : Invalid condition id : LAN8742 Phy interface Condition cause : null
2025-03-02 15:22:14,544 [WARN] ConditionMgr:1044 - genDependencies : Invalid condition id : LAN8742 Phy interface Condition cause : null
2025-03-02 15:22:14,558 [WARN] PackLoader:240 - Cannot read IP mode file for STMicroelectronics.X-CUBE-SFXS2LP1.4.0.0
2025-03-02 15:22:14,601 [WARN] PackLoader:240 - Cannot read IP mode file for STMicroelectronics.X-CUBE-AZRTOS-H7.3.3.0
2025-03-02 15:22:14,633 [WARN] PackLoader:240 - Cannot read IP mode file for STMicroelectronics.X-CUBE-IPS.3.0.0
2025-03-02 15:22:14,690 [WARN] ConditionMgr:438 - getConditionDescription Invalid condition id : UX DEVICE CLASS RTOS Condition cause : null
2025-03-02 15:22:14,690 [WARN] ConditionMgr:438 - getConditionDescription Invalid condition id : UX DEVICE CLASS RTOS Condition cause : null
2025-03-02 15:22:14,702 [WARN] PackLoader:240 - Cannot read IP mode file for STMicroelectronics.X-CUBE-AZRTOS-WB.2.0.0
2025-03-02 15:22:14,702 [WARN] ConditionMgr:1044 - genDependencies : Invalid condition id : UX DEVICE CLASS RTOS Condition cause : null
2025-03-02 15:22:14,704 [WARN] ConditionMgr:1044 - genDependencies : Invalid condition id : UX DEVICE CLASS RTOS Condition cause : null
2025-03-02 15:22:14,708 [WARN] ConditionMgr:1044 - genDependencies : Invalid condition id : UX DEVICE CLASS RTOS Condition cause : null
2025-03-02 15:22:14,708 [WARN] ConditionMgr:1044 - genDependencies : Invalid condition id : UX DEVICE CLASS RTOS Condition cause : null
2025-03-02 15:22:14,708 [WARN] ConditionMgr:1044 - genDependencies : Invalid condition id : UX DEVICE CLASS RTOS Condition cause : null
2025-03-02 15:22:14,735 [WARN] PackLoader:240 - Cannot read IP mode file for STMicroelectronics.X-CUBE-GNSS1.7.0.0
2025-03-02 15:22:14,759 [WARN] PackLoader:240 - Cannot read IP mode file for STMicroelectronics.X-CUBE-GNSS1.7.0.1
2025-03-02 15:22:14,790 [WARN] PackLoader:240 - Cannot read IP mode file for STMicroelectronics.FP-SNS-STBOX1.2.0.0
2025-03-02 15:22:14,806 [ERROR] LogOutputStream:75 - [STDERR_REDIRECT] [Fatal Error] :1:1: Premature end of file.
2025-03-02 15:22:14,806 [ERROR] LogOutputStream:75 - [STDERR_REDIRECT] 
2025-03-02 15:22:14,816 [WARN] PackLoader:240 - Cannot read IP mode file for STMicroelectronics.X-CUBE-SUBG2.5.0.0
2025-03-02 15:22:14,840 [WARN] PackLoader:240 - Cannot read IP mode file for Cesanta.I-CUBE-Mongoose.7.13.0
2025-03-02 15:22:14,890 [WARN] PackLoader:240 - Cannot read IP mode file for STMicroelectronics.X-CUBE-AZRTOS-G4.2.0.0
2025-03-02 15:22:14,941 [WARN] PackLoader:240 - Cannot read IP mode file for STMicroelectronics.X-CUBE-IPS.3.1.0
2025-03-02 15:22:14,971 [WARN] PackLoader:240 - Cannot read IP mode file for STMicroelectronics.X-CUBE-ALS.1.0.2
2025-03-02 15:22:15,012 [WARN] PackLoader:240 - Cannot read IP mode file for STMicroelectronics.X-CUBE-TOUCHGFX.4.24.2
2025-03-02 15:22:15,044 [WARN] PackLoader:240 - Cannot read IP mode file for STMicroelectronics.X-CUBE-TOUCHGFX.4.24.1
2025-03-02 15:22:15,076 [WARN] PackLoader:240 - Cannot read IP mode file for wolfSSL.I-CUBE-wolfTPM.3.4.0
2025-03-02 15:22:15,123 [WARN] PackLoader:240 - Cannot read IP mode file for portGmbH.I-Cube-SoM-uGOAL.1.1.0
2025-03-02 15:22:15,171 [WARN] PackLoader:240 - Cannot read IP mode file for STMicroelectronics.X-CUBE-AZRTOS-H7RS.1.0.0
2025-03-02 15:22:15,202 [WARN] PackLoader:240 - Cannot read IP mode file for STMicroelectronics.FP-ATR-ASTRA1.2.0.0
2025-03-02 15:22:15,235 [INFO] WebApp:169 - Instantiating new browser for Auth
2025-03-02 15:22:15,250 [WARN] PackLoader:240 - Cannot read IP mode file for STMicroelectronics.X-CUBE-TOF1.3.4.2
2025-03-02 15:22:15,440 [WARN] PackLoader:240 - Cannot read IP mode file for Infineon.AIROC-Wi-Fi-Bluetooth-STM32.1.6.1
2025-03-02 15:22:15,474 [WARN] PackLoader:240 - Cannot read IP mode file for wolfSSL.I-CUBE-wolfSSH.1.4.17
2025-03-02 15:22:15,474 [INFO] ThirdParty:978 - Integrity check success = true
2025-03-02 15:22:15,474 [INFO] IntegrityCheckThread:100 - exiting critical section [integrity check]
2025-03-02 15:22:15,474 [INFO] IntegrityCheckThread:103 - End integrity checks thread
2025-03-02 15:22:15,809 [ERROR] LogOutputStream:75 - [STDERR_REDIRECT] [Fatal Error] :1:1: Premature end of file.
2025-03-02 15:22:15,809 [ERROR] LogOutputStream:75 - [STDERR_REDIRECT] 
2025-03-02 15:22:16,511 [INFO] WebApp:463 - Apply proxy settings
2025-03-02 15:22:16,511 [INFO] WebApp:548 - Chromium requires no authentication
2025-03-02 15:22:16,549 [INFO] WebApp:491 - Direct internet connection detected
2025-03-02 15:22:16,610 [INFO] WebApp:894 - Register for checkConnection events
2025-03-02 15:22:16,610 [INFO] WebApp:463 - Apply proxy settings
2025-03-02 15:22:16,610 [INFO] WebApp:548 - Chromium requires no authentication
2025-03-02 15:22:16,612 [INFO] WebApp:491 - Direct internet connection detected
2025-03-02 15:22:16,787 [INFO] WebApp:191 - Connection restablished
2025-03-02 15:22:16,824 [ERROR] LogOutputStream:75 - [STDERR_REDIRECT] [Fatal Error] :1:1: Premature end of file.
2025-03-02 15:22:16,824 [ERROR] LogOutputStream:75 - [STDERR_REDIRECT] 
2025-03-02 15:22:16,937 [INFO] WebApp:225 - Starting web application
2025-03-02 15:22:16,937 [INFO] WebApp:593 - Web application path used C:\ST\STM32CubeIDE_1.17.0\STM32CubeIDE\plugins\com.st.stm32cube.common.mx_6.14.0.202502271554\db\plugins\mcufinder\reactClient1\index.html
2025-03-02 15:22:17,055 [INFO] UserAuth:486 - Internet connection configuration mode: 1
2025-03-02 15:22:17,816 [ERROR] LogOutputStream:75 - [STDERR_REDIRECT] [Fatal Error] :1:1: Premature end of file.
2025-03-02 15:22:17,828 [ERROR] LogOutputStream:75 - [STDERR_REDIRECT] 
2025-03-02 15:22:18,816 [ERROR] LogOutputStream:75 - [STDERR_REDIRECT] [Fatal Error] :1:1: Premature end of file.
2025-03-02 15:22:18,816 [ERROR] LogOutputStream:75 - [STDERR_REDIRECT] 
2025-03-02 15:22:19,798 [ERROR] LogOutputStream:75 - [STDERR_REDIRECT] [Fatal Error] :1:1: Premature end of file.
2025-03-02 15:22:19,798 [ERROR] LogOutputStream:75 - [STDERR_REDIRECT] 
2025-03-02 15:22:20,795 [ERROR] LogOutputStream:75 - [STDERR_REDIRECT] [Fatal Error] :1:1: Premature end of file.
2025-03-02 15:22:20,796 [ERROR] LogOutputStream:75 - [STDERR_REDIRECT] 
2025-03-02 15:22:21,816 [ERROR] LogOutputStream:75 - [STDERR_REDIRECT] [Fatal Error] :1:1: Premature end of file.
2025-03-02 15:22:21,816 [ERROR] LogOutputStream:75 - [STDERR_REDIRECT] 
2025-03-02 15:22:22,816 [ERROR] LogOutputStream:75 - [STDERR_REDIRECT] [Fatal Error] :1:1: Premature end of file.
2025-03-02 15:22:22,816 [ERROR] LogOutputStream:75 - [STDERR_REDIRECT] 
2025-03-02 15:22:23,816 [ERROR] LogOutputStream:75 - [STDERR_REDIRECT] [Fatal Error] :1:1: Premature end of file.
2025-03-02 15:22:23,816 [ERROR] LogOutputStream:75 - [STDERR_REDIRECT] 
2025-03-02 15:22:24,813 [ERROR] LogOutputStream:75 - [STDERR_REDIRECT] [Fatal Error] :1:1: Premature end of file.
2025-03-02 15:22:24,818 [ERROR] LogOutputStream:75 - [STDERR_REDIRECT] 
2025-03-02 15:22:25,825 [ERROR] LogOutputStream:75 - [STDERR_REDIRECT] [Fatal Error] :1:1: Premature end of file.
2025-03-02 15:22:25,825 [ERROR] LogOutputStream:75 - [STDERR_REDIRECT] 
2025-03-02 15:22:26,812 [ERROR] LogOutputStream:75 - [STDERR_REDIRECT] [Fatal Error] :1:1: Premature end of file.
2025-03-02 15:22:26,812 [ERROR] LogOutputStream:75 - [STDERR_REDIRECT] 
2025-03-02 15:22:27,816 [ERROR] LogOutputStream:75 - [STDERR_REDIRECT] [Fatal Error] :1:1: Premature end of file.
2025-03-02 15:22:27,816 [ERROR] LogOutputStream:75 - [STDERR_REDIRECT] 
2025-03-02 15:22:28,827 [ERROR] LogOutputStream:75 - [STDERR_REDIRECT] [Fatal Error] :1:1: Premature end of file.
2025-03-02 15:22:28,828 [ERROR] LogOutputStream:75 - [STDERR_REDIRECT] 
2025-03-02 15:22:29,848 [ERROR] LogOutputStream:75 - [STDERR_REDIRECT] [Fatal Error] :1:1: Premature end of file.
2025-03-02 15:22:29,851 [ERROR] LogOutputStream:75 - [STDERR_REDIRECT] 
2025-03-02 15:22:30,801 [ERROR] LogOutputStream:75 - [STDERR_REDIRECT] [Fatal Error] :1:1: Premature end of file.
2025-03-02 15:22:30,801 [ERROR] LogOutputStream:75 - [STDERR_REDIRECT] 
2025-03-02 15:22:31,816 [ERROR] LogOutputStream:75 - [STDERR_REDIRECT] [Fatal Error] :1:1: Premature end of file.
2025-03-02 15:22:31,820 [ERROR] LogOutputStream:75 - [STDERR_REDIRECT] 
2025-03-02 15:22:32,818 [ERROR] LogOutputStream:75 - [STDERR_REDIRECT] [Fatal Error] :1:1: Premature end of file.
2025-03-02 15:22:32,818 [ERROR] LogOutputStream:75 - [STDERR_REDIRECT] 
2025-03-02 15:22:33,822 [ERROR] LogOutputStream:75 - [STDERR_REDIRECT] [Fatal Error] :1:1: Premature end of file.
2025-03-02 15:22:33,822 [ERROR] LogOutputStream:75 - [STDERR_REDIRECT] 
2025-03-02 15:22:34,826 [ERROR] LogOutputStream:75 - [STDERR_REDIRECT] [Fatal Error] :1:1: Premature end of file.
2025-03-02 15:22:34,826 [ERROR] LogOutputStream:75 - [STDERR_REDIRECT] 
2025-03-02 15:22:35,821 [ERROR] LogOutputStream:75 - [STDERR_REDIRECT] [Fatal Error] :1:1: Premature end of file.
2025-03-02 15:22:35,821 [ERROR] LogOutputStream:75 - [STDERR_REDIRECT] 
2025-03-02 15:22:36,820 [ERROR] LogOutputStream:75 - [STDERR_REDIRECT] [Fatal Error] :1:1: Premature end of file.
2025-03-02 15:22:36,820 [ERROR] LogOutputStream:75 - [STDERR_REDIRECT] 
2025-03-02 15:22:37,790 [ERROR] LogOutputStream:75 - [STDERR_REDIRECT] [Fatal Error] :1:1: Premature end of file.
2025-03-02 15:22:37,790 [ERROR] LogOutputStream:75 - [STDERR_REDIRECT] 
2025-03-02 15:22:38,789 [ERROR] LogOutputStream:75 - [STDERR_REDIRECT] [Fatal Error] :1:1: Premature end of file.
2025-03-02 15:22:38,789 [ERROR] LogOutputStream:75 - [STDERR_REDIRECT] 
2025-03-02 15:22:39,814 [ERROR] LogOutputStream:75 - [STDERR_REDIRECT] [Fatal Error] :1:1: Premature end of file.
2025-03-02 15:22:39,814 [ERROR] LogOutputStream:75 - [STDERR_REDIRECT] 
2025-03-02 15:22:40,792 [ERROR] LogOutputStream:75 - [STDERR_REDIRECT] [Fatal Error] :1:1: Premature end of file.
2025-03-02 15:22:40,792 [ERROR] LogOutputStream:75 - [STDERR_REDIRECT] 
2025-03-02 15:22:41,793 [ERROR] LogOutputStream:75 - [STDERR_REDIRECT] [Fatal Error] :1:1: Premature end of file.
2025-03-02 15:22:41,794 [ERROR] LogOutputStream:75 - [STDERR_REDIRECT] 
2025-03-02 15:22:42,821 [ERROR] LogOutputStream:75 - [STDERR_REDIRECT] [Fatal Error] :1:1: Premature end of file.
2025-03-02 15:22:42,822 [ERROR] LogOutputStream:75 - [STDERR_REDIRECT] 
2025-03-02 15:22:43,810 [ERROR] LogOutputStream:75 - [STDERR_REDIRECT] [Fatal Error] :1:1: Premature end of file.
2025-03-02 15:22:43,810 [ERROR] LogOutputStream:75 - [STDERR_REDIRECT] 
2025-03-02 15:22:44,816 [ERROR] LogOutputStream:75 - [STDERR_REDIRECT] [Fatal Error] :1:1: Premature end of file.
2025-03-02 15:22:44,816 [ERROR] LogOutputStream:75 - [STDERR_REDIRECT] 
2025-03-02 15:22:45,782 [ERROR] LogOutputStream:75 - [STDERR_REDIRECT] [Fatal Error] :1:1: Premature end of file.
2025-03-02 15:22:45,782 [ERROR] LogOutputStream:75 - [STDERR_REDIRECT] 
2025-03-02 15:22:46,789 [ERROR] LogOutputStream:75 - [STDERR_REDIRECT] [Fatal Error] :1:1: Premature end of file.
2025-03-02 15:22:46,789 [ERROR] LogOutputStream:75 - [STDERR_REDIRECT] 
2025-03-02 15:22:47,790 [ERROR] LogOutputStream:75 - [STDERR_REDIRECT] [Fatal Error] :1:1: Premature end of file.
2025-03-02 15:22:47,790 [ERROR] LogOutputStream:75 - [STDERR_REDIRECT] 
2025-03-02 15:22:48,790 [ERROR] LogOutputStream:75 - [STDERR_REDIRECT] [Fatal Error] :1:1: Premature end of file.
2025-03-02 15:22:48,790 [ERROR] LogOutputStream:75 - [STDERR_REDIRECT] 
2025-03-02 15:22:49,788 [ERROR] LogOutputStream:75 - [STDERR_REDIRECT] [Fatal Error] :1:1: Premature end of file.
2025-03-02 15:22:49,789 [ERROR] LogOutputStream:75 - [STDERR_REDIRECT] 
2025-03-02 15:22:50,823 [ERROR] LogOutputStream:75 - [STDERR_REDIRECT] [Fatal Error] :1:1: Premature end of file.
2025-03-02 15:22:50,824 [ERROR] LogOutputStream:75 - [STDERR_REDIRECT] 
2025-03-02 15:22:51,794 [ERROR] LogOutputStream:75 - [STDERR_REDIRECT] [Fatal Error] :1:1: Premature end of file.
2025-03-02 15:22:51,794 [ERROR] LogOutputStream:75 - [STDERR_REDIRECT] 
2025-03-02 15:22:52,789 [ERROR] LogOutputStream:75 - [STDERR_REDIRECT] [Fatal Error] :1:1: Premature end of file.
2025-03-02 15:22:52,790 [ERROR] LogOutputStream:75 - [STDERR_REDIRECT] 
2025-03-02 15:22:53,822 [ERROR] LogOutputStream:75 - [STDERR_REDIRECT] [Fatal Error] :1:1: Premature end of file.
2025-03-02 15:22:53,822 [ERROR] LogOutputStream:75 - [STDERR_REDIRECT] 
2025-03-02 15:22:54,789 [ERROR] LogOutputStream:75 - [STDERR_REDIRECT] [Fatal Error] :1:1: Premature end of file.
2025-03-02 15:22:54,790 [ERROR] LogOutputStream:75 - [STDERR_REDIRECT] 
2025-03-02 15:22:55,811 [ERROR] LogOutputStream:75 - [STDERR_REDIRECT] [Fatal Error] :1:1: Premature end of file.
2025-03-02 15:22:55,812 [ERROR] LogOutputStream:75 - [STDERR_REDIRECT] 
2025-03-02 15:22:56,796 [ERROR] LogOutputStream:75 - [STDERR_REDIRECT] [Fatal Error] :1:1: Premature end of file.
2025-03-02 15:22:56,796 [ERROR] LogOutputStream:75 - [STDERR_REDIRECT] 
2025-03-02 15:22:57,793 [ERROR] LogOutputStream:75 - [STDERR_REDIRECT] [Fatal Error] :1:1: Premature end of file.
2025-03-02 15:22:57,793 [ERROR] LogOutputStream:75 - [STDERR_REDIRECT] 
2025-03-02 15:22:58,821 [ERROR] LogOutputStream:75 - [STDERR_REDIRECT] [Fatal Error] :1:1: Premature end of file.
2025-03-02 15:22:58,821 [ERROR] LogOutputStream:75 - [STDERR_REDIRECT] 
2025-03-02 15:22:59,869 [ERROR] LogOutputStream:75 - [STDERR_REDIRECT] [Fatal Error] :1:1: Premature end of file.
2025-03-02 15:22:59,870 [ERROR] LogOutputStream:75 - [STDERR_REDIRECT] 
2025-03-02 15:23:00,521 [ERROR] LogOutputStream:75 - [STDERR_REDIRECT] 
