2025-04-02 08:33:18,333 [INFO] Activator:176 - 


2025-04-02 08:33:18,339 [INFO] Activator:177 - !SESSION log4j initialized
2025-04-02 08:33:27,845 [ERROR] LogOutputStream:75 - [STDERR_REDIRECT] [Fatal Error] :1:1: Premature end of file.
2025-04-02 08:33:27,845 [ERROR] LogOutputStream:75 - [STDERR_REDIRECT] 
2025-04-02 08:33:28,163 [ERROR] LogOutputStream:75 - [STDERR_REDIRECT] [Fatal Error] :1:1: Premature end of file.
2025-04-02 08:33:28,164 [ERROR] LogOutputStream:75 - [STDERR_REDIRECT] 
2025-04-02 08:33:29,076 [ERROR] LogOutputStream:75 - [STDERR_REDIRECT] [Fatal Error] :1:1: Premature end of file.
2025-04-02 08:33:29,077 [ERROR] LogOutputStream:75 - [STDERR_REDIRECT] 
2025-04-02 08:33:30,096 [ERROR] LogOutputStream:75 - [STDERR_REDIRECT] [Fatal Error] :1:1: Premature end of file.
2025-04-02 08:33:30,096 [ERROR] LogOutputStream:75 - [STDERR_REDIRECT] 
2025-04-02 08:33:30,103 [INFO] LogOutputStream:77 - [STDOUT_REDIRECT] 
2025-04-02 08:33:31,068 [ERROR] LogOutputStream:75 - [STDERR_REDIRECT] [Fatal Error] :1:1: Premature end of file.
2025-04-02 08:33:31,069 [ERROR] LogOutputStream:75 - [STDERR_REDIRECT] 
2025-04-02 08:33:31,703 [INFO] ApplicationProperties:184 - Using Application install path: C:\ST\STM32CubeIDE_1.17.0\STM32CubeIDE\plugins\com.st.stm32cube.common.mx_6.14.0.202502271554
2025-04-02 08:33:31,726 [INFO] DbMcusXml:78 - Set database path to: C:\ST\STM32CubeIDE_1.17.0\STM32CubeIDE\plugins\com.st.stm32cube.common.mx_6.14.0.202502271554\\db\/mcu/
2025-04-02 08:33:31,726 [INFO] ApiDb:274 - Set plugin database path to: C:\ST\STM32CubeIDE_1.17.0\STM32CubeIDE\plugins\com.st.stm32cube.common.mx_6.14.0.202502271554\\db\/plugins/boardmanager/
2025-04-02 08:33:31,726 [WARN] ApiDb:259 - Overriding images path with different value:  => C:\ST\STM32CubeIDE_1.17.0\STM32CubeIDE\plugins\com.st.stm32cube.common.mx_6.14.0.202502271554\\db\/plugins/mcufinder/images/
2025-04-02 08:33:31,735 [INFO] ApiDb:250 - Set database path to: C:\Users\raj\.stmcufinder\plugins\mcufinder//mcu/
2025-04-02 08:33:31,737 [INFO] DbMcusAds:125 - Set database path to: C:\Users\raj\.stmcufinder\plugins\mcufinder//mcu/
2025-04-02 08:33:31,739 [INFO] CrossReferenceDbSqlite:203 - Set database path to: C:\Users\raj\.stmcufinder\plugins\mcufinder//mcu/cs/
2025-04-02 08:33:31,912 [INFO] RulesReader:64 - Compatibility file has been processed (301 Rules)
2025-04-02 08:33:32,060 [INFO] DbMcusXml:78 - Set database path to: C:\ST\STM32CubeIDE_1.17.0\STM32CubeIDE\plugins\com.st.stm32cube.common.mx_6.14.0.202502271554\\db\/mcu/
2025-04-02 08:33:32,060 [INFO] ApiDb:274 - Set plugin database path to: C:\ST\STM32CubeIDE_1.17.0\STM32CubeIDE\plugins\com.st.stm32cube.common.mx_6.14.0.202502271554\\db\/plugins/boardmanager/
2025-04-02 08:33:32,061 [INFO] ApiDb:261 - Set plugin images path to: C:\ST\STM32CubeIDE_1.17.0\STM32CubeIDE\plugins\com.st.stm32cube.common.mx_6.14.0.202502271554\\db\/plugins/mcufinder/images/
2025-04-02 08:33:32,061 [WARN] DbFile:41 - Overriding database path with different value: C:\Users\raj\.stmcufinder\plugins\mcufinder/ => C:\Users\raj\.stmcufinder\plugins\mcufinder
2025-04-02 08:33:32,061 [INFO] ApiDb:250 - Set database path to: C:\Users\raj\.stmcufinder\plugins\mcufinder//mcu/
2025-04-02 08:33:32,061 [WARN] DbFile:41 - Overriding database path with different value: C:\Users\raj\.stmcufinder\plugins\mcufinder/ => C:\Users\raj\.stmcufinder\plugins\mcufinder
2025-04-02 08:33:32,062 [INFO] DbMcusAds:125 - Set database path to: C:\Users\raj\.stmcufinder\plugins\mcufinder//mcu/
2025-04-02 08:33:32,062 [WARN] DbFile:41 - Overriding database path with different value: C:\Users\raj\.stmcufinder\plugins\mcufinder/ => C:\Users\raj\.stmcufinder\plugins\mcufinder
2025-04-02 08:33:32,062 [WARN] DbFile:41 - Overriding database path with different value: C:\Users\raj\.stmcufinder\plugins\mcufinder/ => C:\Users\raj\.stmcufinder\plugins\mcufinder
2025-04-02 08:33:32,062 [INFO] CrossReferenceDbSqlite:203 - Set database path to: C:\Users\raj\.stmcufinder\plugins\mcufinder//mcu/cs/
2025-04-02 08:33:32,080 [ERROR] LogOutputStream:75 - [STDERR_REDIRECT] [Fatal Error] :1:1: Premature end of file.
2025-04-02 08:33:32,081 [ERROR] LogOutputStream:75 - [STDERR_REDIRECT] 
2025-04-02 08:33:32,199 [INFO] MainPanel:272 - HeapMemory: 268435456
2025-04-02 08:33:32,423 [INFO] DbMcusXml:78 - Set database path to: C:\ST\STM32CubeIDE_1.17.0\STM32CubeIDE\plugins\com.st.stm32cube.common.mx_6.14.0.202502271554\\db\/mcu/
2025-04-02 08:33:32,423 [INFO] ApiDb:274 - Set plugin database path to: C:\ST\STM32CubeIDE_1.17.0\STM32CubeIDE\plugins\com.st.stm32cube.common.mx_6.14.0.202502271554\\db\/plugins/boardmanager/
2025-04-02 08:33:32,423 [INFO] ApiDb:261 - Set plugin images path to: C:\ST\STM32CubeIDE_1.17.0\STM32CubeIDE\plugins\com.st.stm32cube.common.mx_6.14.0.202502271554\\db\/plugins/mcufinder/images/
2025-04-02 08:33:32,424 [WARN] DbFile:41 - Overriding database path with different value: C:\Users\raj\.stmcufinder\plugins\mcufinder/ => C:\Users\raj\.stmcufinder\plugins\mcufinder
2025-04-02 08:33:32,424 [INFO] ApiDb:250 - Set database path to: C:\Users\raj\.stmcufinder\plugins\mcufinder//mcu/
2025-04-02 08:33:32,425 [WARN] DbFile:41 - Overriding database path with different value: C:\Users\raj\.stmcufinder\plugins\mcufinder/ => C:\Users\raj\.stmcufinder\plugins\mcufinder
2025-04-02 08:33:32,425 [INFO] DbMcusAds:125 - Set database path to: C:\Users\raj\.stmcufinder\plugins\mcufinder//mcu/
2025-04-02 08:33:32,425 [WARN] DbFile:41 - Overriding database path with different value: C:\Users\raj\.stmcufinder\plugins\mcufinder/ => C:\Users\raj\.stmcufinder\plugins\mcufinder
2025-04-02 08:33:32,426 [WARN] DbFile:41 - Overriding database path with different value: C:\Users\raj\.stmcufinder\plugins\mcufinder/ => C:\Users\raj\.stmcufinder\plugins\mcufinder
2025-04-02 08:33:32,426 [INFO] CrossReferenceDbSqlite:203 - Set database path to: C:\Users\raj\.stmcufinder\plugins\mcufinder//mcu/cs/
2025-04-02 08:33:32,463 [INFO] ApplicationProperties:184 - Using Application install path: C:\ST\STM32CubeIDE_1.17.0\STM32CubeIDE\plugins\com.st.stm32cube.common.mx_6.14.0.202502271554
2025-04-02 08:33:32,465 [INFO] PluginManage:196 - Search for loadable plugins [exclusion list=, ]
2025-04-02 08:33:32,468 [INFO] PluginManage:310 - Check plugin analytics
2025-04-02 08:33:32,802 [INFO] AnalyticsPlugin:253 - Accepted Software Licenses: 
2025-04-02 08:33:32,802 [INFO] AnalyticsPlugin:255 - Accepted CMSIS Pack Licenses: 
2025-04-02 08:33:32,803 [INFO] AnalyticsPlugin:257 - Accepted Firmware Licenses: FW.L4.1.18.0
2025-04-02 08:33:32,806 [INFO] PluginManage:359 - Loaded plugin analytics (category:tool,tabindex:-1)
2025-04-02 08:33:32,807 [INFO] PluginManage:310 - Check plugin cadmodel
2025-04-02 08:33:32,842 [INFO] CADModel:105 - Init CAD model plugin
2025-04-02 08:33:32,842 [INFO] PluginManage:359 - Loaded plugin cadmodel (category:power,tabindex:5)
2025-04-02 08:33:32,843 [INFO] PluginManage:310 - Check plugin clock
2025-04-02 08:33:32,884 [INFO] PluginManage:359 - Loaded plugin clock (category:base,tabindex:2)
2025-04-02 08:33:32,885 [INFO] PluginManage:310 - Check plugin ddr
2025-04-02 08:33:32,891 [INFO] PluginManage:359 - Loaded plugin ddr (category:tool,tabindex:6)
2025-04-02 08:33:32,891 [INFO] PluginManage:310 - Check plugin filemanager
2025-04-02 08:33:33,076 [ERROR] LogOutputStream:75 - [STDERR_REDIRECT] [Fatal Error] :1:1: Premature end of file.
2025-04-02 08:33:33,076 [ERROR] LogOutputStream:75 - [STDERR_REDIRECT] 
2025-04-02 08:33:33,107 [INFO] PluginManage:359 - Loaded plugin filemanager (category:base,tabindex:10)
2025-04-02 08:33:33,107 [INFO] PluginManage:310 - Check plugin ipmanager
2025-04-02 08:33:33,121 [INFO] PluginManage:359 - Loaded plugin ipmanager (category:base,tabindex:5)
2025-04-02 08:33:33,121 [INFO] PluginManage:310 - Check plugin lpbam
2025-04-02 08:33:33,165 [INFO] PluginManage:359 - Loaded plugin lpbam (category:base,tabindex:0)
2025-04-02 08:33:33,165 [INFO] PluginManage:310 - Check plugin memorymap
2025-04-02 08:33:33,195 [INFO] PluginManage:359 - Loaded plugin memorymap (category:base,tabindex:4)
2025-04-02 08:33:33,196 [INFO] PluginManage:310 - Check plugin pinoutandconfiguration
2025-04-02 08:33:33,252 [INFO] PluginManage:359 - Loaded plugin pinoutandconfiguration (category:base,tabindex:1)
2025-04-02 08:33:33,252 [INFO] PluginManage:310 - Check plugin pinoutconfig
2025-04-02 08:33:33,415 [WARN] SupportedApi:132 - Cannot load RTOS API schema: s4s-elt-must-match.1: The content of 'definitions' must match (annotation?, (simpleType | complexType)?, (unique | key | keyref)*)). A problem was found starting at: attribute.
2025-04-02 08:33:33,687 [INFO] PluginManage:359 - Loaded plugin pinoutconfig (category:base,tabindex:0)
2025-04-02 08:33:33,689 [INFO] PluginManage:310 - Check plugin power
2025-04-02 08:33:33,729 [INFO] PluginManage:359 - Loaded plugin power (category:power,tabindex:4)
2025-04-02 08:33:33,730 [INFO] PluginManage:310 - Check plugin projectmanager
2025-04-02 08:33:33,750 [INFO] PluginManage:359 - Loaded plugin projectmanager (category:projectmanager,tabindex:4)
2025-04-02 08:33:33,751 [INFO] PluginManage:310 - Check plugin rif
2025-04-02 08:33:33,783 [INFO] PluginManage:359 - Loaded plugin rif (category:base,tabindex:3)
2025-04-02 08:33:33,785 [INFO] PluginManage:310 - Check plugin thirdparty
2025-04-02 08:33:34,127 [ERROR] LogOutputStream:75 - [STDERR_REDIRECT] [Fatal Error] :1:1: Premature end of file.
2025-04-02 08:33:34,127 [ERROR] LogOutputStream:75 - [STDERR_REDIRECT] 
2025-04-02 08:33:34,483 [INFO] PluginManage:359 - Loaded plugin thirdparty (category:base,tabindex:-1)
2025-04-02 08:33:34,483 [WARN] IntegrityCheckThread:84 - waiting for thirdparty lock release [integrity check]
2025-04-02 08:33:34,483 [INFO] PluginManage:310 - Check plugin tools
2025-04-02 08:33:34,484 [INFO] IntegrityCheckThread:86 - entering critical section [integrity check]
2025-04-02 08:33:34,485 [INFO] ThirdPartyUpdaterWithRetryManager:70 - Updater plugin not ready yet. [1/15]
2025-04-02 08:33:34,581 [INFO] PluginManage:359 - Loaded plugin tools (category:base,tabindex:7)
2025-04-02 08:33:34,582 [INFO] PluginManage:310 - Check plugin tutovideos
2025-04-02 08:33:34,898 [INFO] PluginManage:359 - Loaded plugin tutovideos (category:base,tabindex:-1)
2025-04-02 08:33:34,899 [INFO] PluginManage:310 - Check plugin updater
2025-04-02 08:33:34,934 [INFO] PluginManage:359 - Loaded plugin updater (category:base,tabindex:12)
2025-04-02 08:33:34,934 [INFO] PluginManage:310 - Check plugin userauth
2025-04-02 08:33:34,944 [INFO] UserAuth:118 - Init User Auth plugin
2025-04-02 08:33:34,945 [INFO] PluginManage:359 - Loaded plugin userauth (category:base,tabindex:14)
2025-04-02 08:33:34,947 [INFO] PluginManage:283 - PluginManage : Loaded plugins [18]
2025-04-02 08:33:35,079 [ERROR] LogOutputStream:75 - [STDERR_REDIRECT] [Fatal Error] :1:1: Premature end of file.
2025-04-02 08:33:35,081 [ERROR] LogOutputStream:75 - [STDERR_REDIRECT] 
2025-04-02 08:33:35,297 [INFO] PinOutPanel:1589 - setPackage(No Configuration,No Configuration)
2025-04-02 08:33:35,414 [INFO] CADModel:165 - CPN selected for project level
2025-04-02 08:33:35,414 [INFO] CADModel:114 - Register for checkConnection events
2025-04-02 08:33:35,455 [INFO] IPUIPlugin:80 - create IPUIPlugin
2025-04-02 08:33:35,456 [INFO] PluginManager:220 - loadIPPluginJar : add adc
2025-04-02 08:33:35,529 [INFO] IPUIPlugin:80 - create IPUIPlugin
2025-04-02 08:33:35,529 [INFO] PluginManager:220 - loadIPPluginJar : add aes
2025-04-02 08:33:35,640 [INFO] IPUIPlugin:80 - create IPUIPlugin
2025-04-02 08:33:35,640 [INFO] PluginManager:220 - loadIPPluginJar : add can
2025-04-02 08:33:35,701 [INFO] IPUIPlugin:80 - create IPUIPlugin
2025-04-02 08:33:35,702 [INFO] PluginManager:220 - loadIPPluginJar : add comp
2025-04-02 08:33:35,790 [INFO] IPUIPlugin:80 - create IPUIPlugin
2025-04-02 08:33:35,790 [INFO] PluginManager:220 - loadIPPluginJar : add cryp
2025-04-02 08:33:35,825 [INFO] IPUIPlugin:80 - create IPUIPlugin
2025-04-02 08:33:35,825 [INFO] PluginManager:220 - loadIPPluginJar : add ddr_ctrl_phy
2025-04-02 08:33:35,927 [INFO] IPUIPlugin:80 - create IPUIPlugin
2025-04-02 08:33:35,928 [INFO] PluginManager:220 - loadIPPluginJar : add dfsdm
2025-04-02 08:33:35,978 [INFO] IPUIPlugin:80 - create IPUIPlugin
2025-04-02 08:33:35,980 [INFO] PluginManager:220 - loadIPPluginJar : add dma
2025-04-02 08:33:36,087 [ERROR] LogOutputStream:75 - [STDERR_REDIRECT] [Fatal Error] :1:1: Premature end of file.
2025-04-02 08:33:36,087 [ERROR] LogOutputStream:75 - [STDERR_REDIRECT] 
2025-04-02 08:33:36,105 [INFO] IPUIPlugin:80 - create IPUIPlugin
2025-04-02 08:33:36,105 [INFO] PluginManager:220 - loadIPPluginJar : add dma3
2025-04-02 08:33:36,218 [INFO] IPUIPlugin:80 - create IPUIPlugin
2025-04-02 08:33:36,218 [INFO] PluginManager:220 - loadIPPluginJar : add extmemmanager
2025-04-02 08:33:36,280 [INFO] IPUIPlugin:80 - create IPUIPlugin
2025-04-02 08:33:36,280 [INFO] PluginManager:220 - loadIPPluginJar : add fatfs
2025-04-02 08:33:36,365 [INFO] IPUIPlugin:80 - create IPUIPlugin
2025-04-02 08:33:36,365 [INFO] PluginManager:220 - loadIPPluginJar : add fmc
2025-04-02 08:33:36,387 [INFO] IPUIPlugin:80 - create IPUIPlugin
2025-04-02 08:33:36,387 [INFO] PluginManager:220 - loadIPPluginJar : add freertos
2025-04-02 08:33:36,432 [INFO] IPUIPlugin:80 - create IPUIPlugin
2025-04-02 08:33:36,433 [INFO] PluginManager:220 - loadIPPluginJar : add genericplugin
2025-04-02 08:33:36,755 [INFO] IPUIPlugin:80 - create IPUIPlugin
2025-04-02 08:33:36,755 [INFO] PluginManager:220 - loadIPPluginJar : add gfxmmu
2025-04-02 08:33:37,107 [ERROR] LogOutputStream:75 - [STDERR_REDIRECT] [Fatal Error] :1:1: Premature end of file.
2025-04-02 08:33:37,108 [ERROR] LogOutputStream:75 - [STDERR_REDIRECT] 
2025-04-02 08:33:37,176 [INFO] IPUIPlugin:80 - create IPUIPlugin
2025-04-02 08:33:37,176 [INFO] PluginManager:220 - loadIPPluginJar : add gic
2025-04-02 08:33:37,222 [INFO] IPUIPlugin:80 - create IPUIPlugin
2025-04-02 08:33:37,223 [INFO] PluginManager:220 - loadIPPluginJar : add gpio
2025-04-02 08:33:37,458 [INFO] IPUIPlugin:80 - create IPUIPlugin
2025-04-02 08:33:37,458 [INFO] PluginManager:220 - loadIPPluginJar : add gtzc
2025-04-02 08:33:37,487 [INFO] ThirdPartyUpdaterWithRetryManager:70 - Updater plugin not ready yet. [2/15]
2025-04-02 08:33:37,531 [INFO] IPUIPlugin:80 - create IPUIPlugin
2025-04-02 08:33:37,531 [INFO] PluginManager:220 - loadIPPluginJar : add hash
2025-04-02 08:33:37,649 [INFO] IPUIPlugin:80 - create IPUIPlugin
2025-04-02 08:33:37,649 [INFO] PluginManager:220 - loadIPPluginJar : add i2c
2025-04-02 08:33:37,737 [INFO] IPUIPlugin:80 - create IPUIPlugin
2025-04-02 08:33:37,737 [INFO] PluginManager:220 - loadIPPluginJar : add i2s
2025-04-02 08:33:37,838 [INFO] IPUIPlugin:80 - create IPUIPlugin
2025-04-02 08:33:37,838 [INFO] PluginManager:220 - loadIPPluginJar : add i3c
2025-04-02 08:33:38,089 [ERROR] LogOutputStream:75 - [STDERR_REDIRECT] [Fatal Error] :1:1: Premature end of file.
2025-04-02 08:33:38,090 [ERROR] LogOutputStream:75 - [STDERR_REDIRECT] 
2025-04-02 08:33:38,159 [INFO] IPUIPlugin:80 - create IPUIPlugin
2025-04-02 08:33:38,159 [INFO] PluginManager:220 - loadIPPluginJar : add ipddr
2025-04-02 08:33:38,375 [INFO] IPUIPlugin:80 - create IPUIPlugin
2025-04-02 08:33:38,375 [INFO] PluginManager:220 - loadIPPluginJar : add linkedlist
2025-04-02 08:33:38,459 [INFO] IPUIPlugin:80 - create IPUIPlugin
2025-04-02 08:33:38,459 [INFO] PluginManager:220 - loadIPPluginJar : add lorawan
2025-04-02 08:33:38,593 [INFO] IPUIPlugin:80 - create IPUIPlugin
2025-04-02 08:33:38,594 [INFO] PluginManager:220 - loadIPPluginJar : add ltdc
2025-04-02 08:33:38,642 [INFO] IPUIPlugin:80 - create IPUIPlugin
2025-04-02 08:33:38,642 [INFO] PluginManager:220 - loadIPPluginJar : add mdma
2025-04-02 08:33:38,666 [INFO] IPUIPlugin:80 - create IPUIPlugin
2025-04-02 08:33:38,667 [INFO] PluginManager:220 - loadIPPluginJar : add nvic
2025-04-02 08:33:38,796 [INFO] IPUIPlugin:80 - create IPUIPlugin
2025-04-02 08:33:38,796 [INFO] PluginManager:220 - loadIPPluginJar : add opamp
2025-04-02 08:33:39,035 [INFO] IPUIPlugin:80 - create IPUIPlugin
2025-04-02 08:33:39,036 [INFO] PluginManager:220 - loadIPPluginJar : add openamp
2025-04-02 08:33:39,107 [ERROR] LogOutputStream:75 - [STDERR_REDIRECT] [Fatal Error] :1:1: Premature end of file.
2025-04-02 08:33:39,108 [ERROR] LogOutputStream:75 - [STDERR_REDIRECT] 
2025-04-02 08:33:39,175 [INFO] IPUIPlugin:80 - create IPUIPlugin
2025-04-02 08:33:39,176 [INFO] PluginManager:220 - loadIPPluginJar : add pdm2pcm
2025-04-02 08:33:39,220 [INFO] IPUIPlugin:80 - create IPUIPlugin
2025-04-02 08:33:39,226 [INFO] PluginManager:220 - loadIPPluginJar : add plateformsettings
2025-04-02 08:33:39,312 [INFO] IPUIPlugin:80 - create IPUIPlugin
2025-04-02 08:33:39,313 [INFO] PluginManager:220 - loadIPPluginJar : add quadspi
2025-04-02 08:33:39,422 [INFO] IPUIPlugin:80 - create IPUIPlugin
2025-04-02 08:33:39,424 [INFO] PluginManager:220 - loadIPPluginJar : add radio
2025-04-02 08:33:39,468 [INFO] IPUIPlugin:80 - create IPUIPlugin
2025-04-02 08:33:39,469 [INFO] PluginManager:220 - loadIPPluginJar : add resmgrutility
2025-04-02 08:33:39,639 [INFO] IPUIPlugin:80 - create IPUIPlugin
2025-04-02 08:33:39,639 [INFO] PluginManager:220 - loadIPPluginJar : add sai
2025-04-02 08:33:39,806 [INFO] IPUIPlugin:80 - create IPUIPlugin
2025-04-02 08:33:39,806 [INFO] PluginManager:220 - loadIPPluginJar : add spi
2025-04-02 08:33:40,087 [INFO] IPUIPlugin:80 - create IPUIPlugin
2025-04-02 08:33:40,088 [INFO] PluginManager:220 - loadIPPluginJar : add stm32_wpan
2025-04-02 08:33:40,119 [ERROR] LogOutputStream:75 - [STDERR_REDIRECT] [Fatal Error] :1:1: Premature end of file.
2025-04-02 08:33:40,120 [ERROR] LogOutputStream:75 - [STDERR_REDIRECT] 
2025-04-02 08:33:40,194 [INFO] IPUIPlugin:80 - create IPUIPlugin
2025-04-02 08:33:40,195 [INFO] PluginManager:220 - loadIPPluginJar : add tim
2025-04-02 08:33:40,364 [INFO] IPUIPlugin:80 - create IPUIPlugin
2025-04-02 08:33:40,365 [INFO] PluginManager:220 - loadIPPluginJar : add touchsensing
2025-04-02 08:33:40,416 [INFO] IPUIPlugin:80 - create IPUIPlugin
2025-04-02 08:33:40,416 [INFO] PluginManager:220 - loadIPPluginJar : add tracer_emb
2025-04-02 08:33:40,468 [INFO] IPUIPlugin:80 - create IPUIPlugin
2025-04-02 08:33:40,468 [INFO] PluginManager:220 - loadIPPluginJar : add ts
2025-04-02 08:33:40,490 [INFO] ThirdPartyUpdaterWithRetryManager:70 - Updater plugin not ready yet. [3/15]
2025-04-02 08:33:40,547 [INFO] IPUIPlugin:80 - create IPUIPlugin
2025-04-02 08:33:40,547 [INFO] PluginManager:220 - loadIPPluginJar : add tsc
2025-04-02 08:33:40,625 [INFO] IPUIPlugin:80 - create IPUIPlugin
2025-04-02 08:33:40,625 [INFO] PluginManager:220 - loadIPPluginJar : add ucpd
2025-04-02 08:33:40,767 [INFO] IPUIPlugin:80 - create IPUIPlugin
2025-04-02 08:33:40,767 [INFO] PluginManager:220 - loadIPPluginJar : add usart
2025-04-02 08:33:40,880 [INFO] IPUIPlugin:80 - create IPUIPlugin
2025-04-02 08:33:40,880 [INFO] PluginManager:220 - loadIPPluginJar : add usbx
2025-04-02 08:33:41,096 [ERROR] LogOutputStream:75 - [STDERR_REDIRECT] [Fatal Error] :1:1: Premature end of file.
2025-04-02 08:33:41,097 [ERROR] LogOutputStream:75 - [STDERR_REDIRECT] 
2025-04-02 08:33:41,109 [FATAL] Updater:351 - Updater called before beeing initialized
2025-04-02 08:33:41,146 [INFO] RulesReader:64 - Compatibility file has been processed (301 Rules)
2025-04-02 08:33:41,162 [INFO] RulesReader:64 - Compatibility file has been processed (301 Rules)
2025-04-02 08:33:41,174 [INFO] CADModel:165 - CPN selected for project level
2025-04-02 08:33:41,174 [INFO] CADModel:114 - Register for checkConnection events
2025-04-02 08:33:41,174 [FATAL] Updater:351 - Updater called before beeing initialized
2025-04-02 08:33:41,174 [ERROR] CADModel:125 - Updater not yet initialized, retry later 
2025-04-02 08:33:41,427 [FATAL] Updater:351 - Updater called before beeing initialized
2025-04-02 08:33:41,430 [INFO] CADModel:165 - CPN selected for project level
2025-04-02 08:33:41,430 [INFO] CADModel:114 - Register for checkConnection events
2025-04-02 08:33:41,430 [FATAL] Updater:351 - Updater called before beeing initialized
2025-04-02 08:33:41,430 [ERROR] CADModel:125 - Updater not yet initialized, retry later 
2025-04-02 08:33:41,433 [FATAL] Updater:351 - Updater called before beeing initialized
2025-04-02 08:33:41,600 [FATAL] Updater:351 - Updater called before beeing initialized
2025-04-02 08:33:41,621 [INFO] DbMcusAds:53 - JSON generation date=Thu Mar 06 15:54:21 CET 2025 (1741272861825)
2025-04-02 08:33:41,621 [FATAL] Updater:351 - Updater called before beeing initialized
2025-04-02 08:33:41,697 [WARN] DetailPanel:346 - Failed to get advertising image, set to default
2025-04-02 08:33:41,974 [FATAL] Updater:351 - Updater called before beeing initialized
2025-04-02 08:33:41,976 [FATAL] Updater:351 - Updater called before beeing initialized
2025-04-02 08:33:41,976 [FATAL] Updater:351 - Updater called before beeing initialized
2025-04-02 08:33:41,976 [WARN] DetailPanel:346 - Failed to get advertising image, set to default
2025-04-02 08:33:41,977 [FATAL] Updater:351 - Updater called before beeing initialized
2025-04-02 08:33:42,080 [ERROR] LogOutputStream:75 - [STDERR_REDIRECT] [Fatal Error] :1:1: Premature end of file.
2025-04-02 08:33:42,081 [ERROR] LogOutputStream:75 - [STDERR_REDIRECT] 
2025-04-02 08:33:42,087 [ERROR] Updater:1198 - MainUpdater not yet initialized. External WinMGr cannot be set.
2025-04-02 08:33:42,107 [INFO] Updater:1134 - Updater Version found : 6.14.0
2025-04-02 08:33:42,143 [INFO] ApplicationProperties:184 - Using Application install path: C:\ST\STM32CubeIDE_1.17.0\STM32CubeIDE\plugins\com.st.stm32cube.common.mx_6.14.0.202502271554
2025-04-02 08:33:43,105 [ERROR] LogOutputStream:75 - [STDERR_REDIRECT] [Fatal Error] :1:1: Premature end of file.
2025-04-02 08:33:43,106 [ERROR] LogOutputStream:75 - [STDERR_REDIRECT] 
2025-04-02 08:33:43,492 [INFO] ThirdPartyUpdaterWithRetryManager:70 - Updater plugin not ready yet. [4/15]
2025-04-02 08:33:43,748 [ERROR] LogOutputStream:75 - [STDERR_REDIRECT] Apr 02, 2025 8:33:43 AM java.util.prefs.WindowsPreferences <init>
2025-04-02 08:33:43,752 [ERROR] LogOutputStream:75 - [STDERR_REDIRECT] WARNING: Could not open/create prefs root node Software\JavaSoft\Prefs at root 0xffffffff80000002. Windows RegCreateKeyEx(...) returned error code 5.
2025-04-02 08:33:43,753 [ERROR] LogOutputStream:75 - [STDERR_REDIRECT] 
2025-04-02 08:33:44,093 [ERROR] LogOutputStream:75 - [STDERR_REDIRECT] [Fatal Error] :1:1: Premature end of file.
2025-04-02 08:33:44,094 [ERROR] LogOutputStream:75 - [STDERR_REDIRECT] 
2025-04-02 08:33:44,548 [INFO] MainUpdater:2872 - connection check result : 10
2025-04-02 08:33:44,550 [INFO] MainUpdater:289 - Updater Check For Update Now.
2025-04-02 08:33:44,550 [INFO] MicroXplorer:498 - Change Database Version : DB.6.0.140
2025-04-02 08:33:44,579 [INFO] McuFinderGlobals:63 - Set McuFinder mode to 2 (CubeIDE integrated)
2025-04-02 08:33:44,595 [INFO] UserAuth:486 - Internet connection configuration mode: 1
2025-04-02 08:33:44,661 [INFO] JxBrowserEngine:152 - Initiate JxBrowser Engine with user profile folder
2025-04-02 08:33:44,831 [INFO] CheckServerUpdateThread:120 - End of CheckServer Thread
2025-04-02 08:33:45,116 [ERROR] LogOutputStream:75 - [STDERR_REDIRECT] [Fatal Error] :1:1: Premature end of file.
2025-04-02 08:33:45,116 [ERROR] LogOutputStream:75 - [STDERR_REDIRECT] 
2025-04-02 08:33:46,101 [ERROR] LogOutputStream:75 - [STDERR_REDIRECT] [Fatal Error] :1:1: Premature end of file.
2025-04-02 08:33:46,102 [ERROR] LogOutputStream:75 - [STDERR_REDIRECT] 
2025-04-02 08:33:46,185 [INFO] WebApp:169 - Instantiating new browser for Auth
2025-04-02 08:33:46,794 [WARN] PackLoader:240 - Cannot read IP mode file for STMicroelectronics.FP-SNS-MOTENVWB1.1.4.0
2025-04-02 08:33:46,822 [WARN] PackLoader:240 - Cannot read IP mode file for STMicroelectronics.FP-ATR-ASTRA1.2.0.2
2025-04-02 08:33:46,846 [WARN] PackLoader:240 - Cannot read IP mode file for STMicroelectronics.FP-ATR-ASTRA1.2.0.1
2025-04-02 08:33:46,874 [WARN] PackLoader:240 - Cannot read IP mode file for STMicroelectronics.X-CUBE-SMBUS.2.1.0
2025-04-02 08:33:46,898 [WARN] PackLoader:240 - Cannot read IP mode file for STMicroelectronics.X-CUBE-WB05N.1.1.0
2025-04-02 08:33:46,957 [WARN] PackLoader:240 - Cannot read IP mode file for STMicroelectronics.X-CUBE-AZRTOS-F7.1.1.0
2025-04-02 08:33:47,050 [WARN] PackLoader:240 - Cannot read IP mode file for STMicroelectronics.X-CUBE-MEMS1.11.0.0
2025-04-02 08:33:47,126 [ERROR] LogOutputStream:75 - [STDERR_REDIRECT] [Fatal Error] :1:1: Premature end of file.
2025-04-02 08:33:47,126 [ERROR] LogOutputStream:75 - [STDERR_REDIRECT] 
2025-04-02 08:33:47,204 [WARN] PackLoader:240 - Cannot read IP mode file for STMicroelectronics.FP-SNS-FLIGHT1.5.0.2
2025-04-02 08:33:47,247 [WARN] PackLoader:240 - Cannot read IP mode file for Infineon.AIROC-Wi-Fi-Bluetooth-STM32.1.7.0
2025-04-02 08:33:47,289 [WARN] PackLoader:240 - Cannot read IP mode file for STMicroelectronics.X-CUBE-DISPLAY.3.0.0
2025-04-02 08:33:47,321 [WARN] PackLoader:240 - Cannot read IP mode file for STMicroelectronics.X-CUBE-BLE1.7.0.0
2025-04-02 08:33:47,355 [WARN] PackLoader:240 - Cannot read IP mode file for STMicroelectronics.X-CUBE-NFC10.1.0.0
2025-04-02 08:33:47,410 [WARN] PackLoader:240 - Cannot read IP mode file for STMicroelectronics.X-CUBE-BLEMGR.4.0.0
2025-04-02 08:33:47,443 [WARN] PackLoader:240 - Cannot read IP mode file for emotas.I-CUBE-CANOPEN.1.3.0
2025-04-02 08:33:47,474 [WARN] PackLoader:240 - Cannot read IP mode file for STMicroelectronics.X-CUBE-BLEMGR.3.1.0
2025-04-02 08:33:47,498 [WARN] PackLoader:240 - Cannot read IP mode file for STMicroelectronics.X-CUBE-AI.10.0.0
2025-04-02 08:33:47,522 [WARN] PackLoader:240 - Cannot read IP mode file for STMicroelectronics.FP-SNS-SMARTAG2.1.2.0
2025-04-02 08:33:47,548 [WARN] PackLoader:240 - Cannot read IP mode file for STMicroelectronics.FP-SNS-FLIGHT1.5.1.0
2025-04-02 08:33:47,627 [WARN] PackLoader:240 - Cannot read IP mode file for STMicroelectronics.X-CUBE-MEMS1.11.1.0
2025-04-02 08:33:47,646 [INFO] WebApp:463 - Apply proxy settings
2025-04-02 08:33:47,647 [INFO] WebApp:548 - Chromium requires no authentication
2025-04-02 08:33:47,662 [INFO] WebApp:491 - Direct internet connection detected
2025-04-02 08:33:47,785 [INFO] WebApp:894 - Register for checkConnection events
2025-04-02 08:33:47,785 [INFO] WebApp:463 - Apply proxy settings
2025-04-02 08:33:47,786 [INFO] WebApp:548 - Chromium requires no authentication
2025-04-02 08:33:47,787 [INFO] WebApp:491 - Direct internet connection detected
2025-04-02 08:33:47,792 [INFO] LogOutputStream:77 - [STDOUT_REDIRECT] 1 : Invalid condition id : UX_CORESTACK_Condition cause : null
2025-04-02 08:33:47,793 [INFO] LogOutputStream:77 - [STDOUT_REDIRECT] 1 : Invalid condition id : UX_CORESTACK_Condition cause : null
2025-04-02 08:33:47,794 [INFO] LogOutputStream:77 - [STDOUT_REDIRECT] 1 : Invalid condition id : UX_CORESTACK_Condition cause : null
2025-04-02 08:33:47,795 [INFO] LogOutputStream:77 - [STDOUT_REDIRECT] 1 : Invalid condition id : UX_CORESTACK_Condition cause : null
2025-04-02 08:33:47,796 [INFO] LogOutputStream:77 - [STDOUT_REDIRECT] 1 : Invalid condition id : UX_CORESTACK_Condition cause : null
2025-04-02 08:33:47,802 [WARN] PackLoader:240 - Cannot read IP mode file for STMicroelectronics.X-CUBE-AZRTOS-WL.2.0.0
2025-04-02 08:33:47,833 [WARN] PackLoader:240 - Cannot read IP mode file for STMicroelectronics.FP-SNS-MOTENV1.5.0.0
2025-04-02 08:33:47,856 [WARN] PackLoader:240 - Cannot read IP mode file for wolfSSL.I-CUBE-wolfMQTT.1.19.0
2025-04-02 08:33:47,884 [WARN] PackLoader:240 - Cannot read IP mode file for WES.I-CUBE-Cesium.1.3.0
2025-04-02 08:33:47,909 [WARN] PackLoader:240 - Cannot read IP mode file for STMicroelectronics.X-CUBE-BLE2.3.3.0
2025-04-02 08:33:47,935 [WARN] PackLoader:240 - Cannot read IP mode file for STMicroelectronics.X-CUBE-NFC9.1.0.0
2025-04-02 08:33:47,958 [WARN] PackLoader:240 - Cannot read IP mode file for STMicroelectronics.X-CUBE-BLE1.7.1.0
2025-04-02 08:33:47,982 [WARN] PackLoader:240 - Cannot read IP mode file for STMicroelectronics.X-CUBE-TCPP.4.1.0
2025-04-02 08:33:48,021 [WARN] PackLoader:240 - Cannot read IP mode file for STMicroelectronics.X-CUBE-AZRTOS-G0.1.1.0
2025-04-02 08:33:48,050 [WARN] PackLoader:240 - Cannot read IP mode file for STMicroelectronics.X-CUBE-SAFEA1.1.2.2
2025-04-02 08:33:48,075 [WARN] PackLoader:240 - Cannot read IP mode file for STMicroelectronics.X-CUBE-NFC4.3.0.0
2025-04-02 08:33:48,091 [ERROR] LogOutputStream:75 - [STDERR_REDIRECT] [Fatal Error] :1:1: Premature end of file.
2025-04-02 08:33:48,092 [ERROR] LogOutputStream:75 - [STDERR_REDIRECT] 
2025-04-02 08:33:48,106 [WARN] PackLoader:240 - Cannot read IP mode file for EmbeddedOffice.I-CUBE-FS-RTOS.1.0.1
2025-04-02 08:33:48,132 [WARN] PackLoader:240 - Cannot read IP mode file for STMicroelectronics.X-CUBE-TCPP.4.2.0
2025-04-02 08:33:48,155 [WARN] PackLoader:240 - Cannot read IP mode file for RealThread.X-CUBE-RT-Thread_Nano.4.1.1
2025-04-02 08:33:48,176 [WARN] PackLoader:240 - Cannot read IP mode file for STMicroelectronics.FP-ATR-SIGFOX1.3.2.0
2025-04-02 08:33:48,193 [INFO] WebApp:225 - Starting web application
2025-04-02 08:33:48,194 [INFO] WebApp:593 - Web application path used C:\ST\STM32CubeIDE_1.17.0\STM32CubeIDE\plugins\com.st.stm32cube.common.mx_6.14.0.202502271554\db\plugins\mcufinder\reactClient1\index.html
2025-04-02 08:33:48,196 [WARN] ConditionMgr:438 - getConditionDescription Invalid condition id : Cortex-A Device cause : null
2025-04-02 08:33:48,245 [WARN] ConditionMgr:1044 - genDependencies : Invalid condition id : Cortex-A Device cause : null
2025-04-02 08:33:48,245 [WARN] ConditionMgr:1044 - genDependencies : Invalid condition id : Cortex-A Device cause : null
2025-04-02 08:33:48,246 [WARN] ConditionMgr:1044 - genDependencies : Invalid condition id : Cortex-A Device cause : null
2025-04-02 08:33:48,270 [WARN] PackLoader:240 - Cannot read IP mode file for STMicroelectronics.X-CUBE-EEPRMA1.5.1.0
2025-04-02 08:33:48,300 [WARN] PackLoader:240 - Cannot read IP mode file for wolfSSL.I-CUBE-wolfSSL.5.7.4
2025-04-02 08:33:48,325 [WARN] PackLoader:240 - Cannot read IP mode file for ITTIA_DB.I-CUBE-ITTIADB.8.9.0
2025-04-02 08:33:48,369 [WARN] PackLoader:240 - Cannot read IP mode file for SEGGER.I-CUBE-embOS.1.3.1
2025-04-02 08:33:48,436 [WARN] PackLoader:240 - Cannot read IP mode file for STMicroelectronics.X-CUBE-ALGOBUILD.1.4.0
2025-04-02 08:33:48,463 [WARN] PackLoader:240 - Cannot read IP mode file for STMicroelectronics.X-CUBE-AI.9.1.0
2025-04-02 08:33:48,470 [INFO] UserAuth:486 - Internet connection configuration mode: 1
2025-04-02 08:33:48,509 [WARN] PackLoader:240 - Cannot read IP mode file for STMicroelectronics.X-CUBE-AZRTOS-F4.1.1.0
2025-04-02 08:33:48,537 [WARN] PackLoader:240 - Cannot read IP mode file for STMicroelectronics.X-CUBE-ISPU.2.1.0
2025-04-02 08:33:48,568 [WARN] PackLoader:240 - Cannot read IP mode file for STMicroelectronics.X-CUBE-FREERTOS.1.2.0
2025-04-02 08:33:48,617 [WARN] PackLoader:240 - Cannot read IP mode file for STMicroelectronics.X-CUBE-AZRTOS-L5.2.0.0
2025-04-02 08:33:48,655 [WARN] PackLoader:240 - Cannot read IP mode file for STMicroelectronics.X-CUBE-NFC6.3.1.0
2025-04-02 08:33:48,685 [WARN] PackLoader:240 - Cannot read IP mode file for STMicroelectronics.X-CUBE-DPower.1.2.0
2025-04-02 08:33:48,709 [WARN] PackLoader:240 - Cannot read IP mode file for STMicroelectronics.X-CUBE-FREERTOS.1.3.0
2025-04-02 08:33:48,735 [WARN] PackLoader:240 - Cannot read IP mode file for STMicroelectronics.X-CUBE-NFC7.1.0.1
2025-04-02 08:33:48,769 [WARN] PackLoader:240 - Cannot read IP mode file for STMicroelectronics.X-CUBE-DPower.1.3.0
2025-04-02 08:33:48,826 [WARN] ConditionMgr:438 - getConditionDescription Invalid condition id : LAN8742 Phy interface Condition cause : null
2025-04-02 08:33:48,826 [WARN] PackLoader:240 - Cannot read IP mode file for STMicroelectronics.X-CUBE-AZRTOS-L4.2.0.0
2025-04-02 08:33:48,828 [WARN] ConditionMgr:1044 - genDependencies : Invalid condition id : LAN8742 Phy interface Condition cause : null
2025-04-02 08:33:48,828 [WARN] ConditionMgr:1044 - genDependencies : Invalid condition id : LAN8742 Phy interface Condition cause : null
2025-04-02 08:33:48,829 [WARN] ConditionMgr:1044 - genDependencies : Invalid condition id : LAN8742 Phy interface Condition cause : null
2025-04-02 08:33:48,861 [WARN] PackLoader:240 - Cannot read IP mode file for STMicroelectronics.X-CUBE-SFXS2LP1.4.0.0
2025-04-02 08:33:48,915 [WARN] PackLoader:240 - Cannot read IP mode file for STMicroelectronics.X-CUBE-AZRTOS-H7.3.3.0
2025-04-02 08:33:48,954 [WARN] PackLoader:240 - Cannot read IP mode file for STMicroelectronics.X-CUBE-IPS.3.0.0
2025-04-02 08:33:49,001 [WARN] ConditionMgr:438 - getConditionDescription Invalid condition id : UX DEVICE CLASS RTOS Condition cause : null
2025-04-02 08:33:49,002 [WARN] ConditionMgr:438 - getConditionDescription Invalid condition id : UX DEVICE CLASS RTOS Condition cause : null
2025-04-02 08:33:49,004 [WARN] PackLoader:240 - Cannot read IP mode file for STMicroelectronics.X-CUBE-AZRTOS-WB.2.0.0
2025-04-02 08:33:49,005 [WARN] ConditionMgr:1044 - genDependencies : Invalid condition id : UX DEVICE CLASS RTOS Condition cause : null
2025-04-02 08:33:49,006 [WARN] ConditionMgr:1044 - genDependencies : Invalid condition id : UX DEVICE CLASS RTOS Condition cause : null
2025-04-02 08:33:49,006 [WARN] ConditionMgr:1044 - genDependencies : Invalid condition id : UX DEVICE CLASS RTOS Condition cause : null
2025-04-02 08:33:49,006 [WARN] ConditionMgr:1044 - genDependencies : Invalid condition id : UX DEVICE CLASS RTOS Condition cause : null
2025-04-02 08:33:49,006 [WARN] ConditionMgr:1044 - genDependencies : Invalid condition id : UX DEVICE CLASS RTOS Condition cause : null
2025-04-02 08:33:49,038 [WARN] PackLoader:240 - Cannot read IP mode file for STMicroelectronics.X-CUBE-GNSS1.7.0.0
2025-04-02 08:33:49,066 [WARN] PackLoader:240 - Cannot read IP mode file for STMicroelectronics.X-CUBE-GNSS1.7.0.1
2025-04-02 08:33:49,098 [WARN] PackLoader:240 - Cannot read IP mode file for STMicroelectronics.X-CUBE-TOUCHGFX.4.25.0
2025-04-02 08:33:49,131 [WARN] PackLoader:240 - Cannot read IP mode file for STMicroelectronics.FP-SNS-STBOX1.2.0.0
2025-04-02 08:33:49,179 [WARN] PackLoader:240 - Cannot read IP mode file for STMicroelectronics.X-CUBE-SUBG2.5.0.0
2025-04-02 08:33:49,198 [ERROR] LogOutputStream:75 - [STDERR_REDIRECT] [Fatal Error] :1:1: Premature end of file.
2025-04-02 08:33:49,199 [ERROR] LogOutputStream:75 - [STDERR_REDIRECT] 
2025-04-02 08:33:49,204 [INFO] WebApp:191 - Connection restablished
2025-04-02 08:33:49,229 [WARN] PackLoader:240 - Cannot read IP mode file for STMicroelectronics.X-CUBE-AZRTOS-H7RS.1.1.0
2025-04-02 08:33:49,276 [WARN] PackLoader:240 - Cannot read IP mode file for Cesanta.I-CUBE-Mongoose.7.13.0
2025-04-02 08:33:49,319 [WARN] PackLoader:240 - Cannot read IP mode file for STMicroelectronics.X-CUBE-AZRTOS-G4.2.0.0
2025-04-02 08:33:49,352 [WARN] PackLoader:240 - Cannot read IP mode file for STMicroelectronics.X-CUBE-IPS.3.1.0
2025-04-02 08:33:49,383 [WARN] PackLoader:240 - Cannot read IP mode file for STMicroelectronics.X-CUBE-ALS.1.0.2
2025-04-02 08:33:49,428 [WARN] PackLoader:240 - Cannot read IP mode file for STMicroelectronics.X-CUBE-TOUCHGFX.4.24.2
2025-04-02 08:33:49,458 [WARN] PackLoader:240 - Cannot read IP mode file for STMicroelectronics.X-CUBE-TOUCHGFX.4.24.1
2025-04-02 08:33:49,486 [WARN] PackLoader:240 - Cannot read IP mode file for wolfSSL.I-CUBE-wolfTPM.3.4.0
2025-04-02 08:33:49,516 [WARN] PackLoader:240 - Cannot read IP mode file for portGmbH.I-Cube-SoM-uGOAL.1.1.0
2025-04-02 08:33:49,563 [WARN] PackLoader:240 - Cannot read IP mode file for STMicroelectronics.X-CUBE-AZRTOS-H7RS.1.0.0
2025-04-02 08:33:49,592 [WARN] PackLoader:240 - Cannot read IP mode file for STMicroelectronics.FP-ATR-ASTRA1.2.0.0
2025-04-02 08:33:49,622 [WARN] PackLoader:240 - Cannot read IP mode file for STMicroelectronics.X-CUBE-TOF1.3.4.2
2025-04-02 08:33:49,678 [WARN] PackLoader:240 - Cannot read IP mode file for Infineon.AIROC-Wi-Fi-Bluetooth-STM32.1.6.1
2025-04-02 08:33:49,710 [WARN] PackLoader:240 - Cannot read IP mode file for wolfSSL.I-CUBE-wolfSSH.1.4.17
2025-04-02 08:33:49,711 [INFO] ThirdParty:978 - Integrity check success = true
2025-04-02 08:33:49,711 [INFO] IntegrityCheckThread:100 - exiting critical section [integrity check]
2025-04-02 08:33:49,711 [INFO] IntegrityCheckThread:103 - End integrity checks thread
2025-04-02 08:33:50,172 [ERROR] LogOutputStream:75 - [STDERR_REDIRECT] [Fatal Error] :1:1: Premature end of file.
2025-04-02 08:33:50,172 [ERROR] LogOutputStream:75 - [STDERR_REDIRECT] 
2025-04-02 08:33:51,087 [ERROR] LogOutputStream:75 - [STDERR_REDIRECT] [Fatal Error] :1:1: Premature end of file.
2025-04-02 08:33:51,087 [ERROR] LogOutputStream:75 - [STDERR_REDIRECT] 
2025-04-02 08:33:52,075 [ERROR] LogOutputStream:75 - [STDERR_REDIRECT] [Fatal Error] :1:1: Premature end of file.
2025-04-02 08:33:52,075 [ERROR] LogOutputStream:75 - [STDERR_REDIRECT] 
2025-04-02 08:33:53,104 [ERROR] LogOutputStream:75 - [STDERR_REDIRECT] [Fatal Error] :1:1: Premature end of file.
2025-04-02 08:33:53,105 [ERROR] LogOutputStream:75 - [STDERR_REDIRECT] 
2025-04-02 08:33:54,072 [ERROR] LogOutputStream:75 - [STDERR_REDIRECT] [Fatal Error] :1:1: Premature end of file.
2025-04-02 08:33:54,073 [ERROR] LogOutputStream:75 - [STDERR_REDIRECT] 
2025-04-02 08:33:55,145 [ERROR] LogOutputStream:75 - [STDERR_REDIRECT] [Fatal Error] :1:1: Premature end of file.
2025-04-02 08:33:55,146 [ERROR] LogOutputStream:75 - [STDERR_REDIRECT] 
2025-04-02 08:33:56,105 [ERROR] LogOutputStream:75 - [STDERR_REDIRECT] [Fatal Error] :1:1: Premature end of file.
2025-04-02 08:33:56,106 [ERROR] LogOutputStream:75 - [STDERR_REDIRECT] 
2025-04-02 08:33:57,119 [ERROR] LogOutputStream:75 - [STDERR_REDIRECT] [Fatal Error] :1:1: Premature end of file.
2025-04-02 08:33:57,121 [ERROR] LogOutputStream:75 - [STDERR_REDIRECT] 
2025-04-02 08:33:58,093 [ERROR] LogOutputStream:75 - [STDERR_REDIRECT] [Fatal Error] :1:1: Premature end of file.
2025-04-02 08:33:58,093 [ERROR] LogOutputStream:75 - [STDERR_REDIRECT] 
2025-04-02 08:33:59,109 [ERROR] LogOutputStream:75 - [STDERR_REDIRECT] [Fatal Error] :1:1: Premature end of file.
2025-04-02 08:33:59,109 [ERROR] LogOutputStream:75 - [STDERR_REDIRECT] 
2025-04-02 08:34:00,107 [ERROR] LogOutputStream:75 - [STDERR_REDIRECT] [Fatal Error] :1:1: Premature end of file.
2025-04-02 08:34:00,107 [ERROR] LogOutputStream:75 - [STDERR_REDIRECT] 
2025-04-02 08:34:01,086 [ERROR] LogOutputStream:75 - [STDERR_REDIRECT] [Fatal Error] :1:1: Premature end of file.
2025-04-02 08:34:01,086 [ERROR] LogOutputStream:75 - [STDERR_REDIRECT] 
2025-04-02 08:34:02,121 [ERROR] LogOutputStream:75 - [STDERR_REDIRECT] [Fatal Error] :1:1: Premature end of file.
2025-04-02 08:34:02,121 [ERROR] LogOutputStream:75 - [STDERR_REDIRECT] 
2025-04-02 08:34:03,120 [ERROR] LogOutputStream:75 - [STDERR_REDIRECT] [Fatal Error] :1:1: Premature end of file.
2025-04-02 08:34:03,121 [ERROR] LogOutputStream:75 - [STDERR_REDIRECT] 
2025-04-02 08:34:04,125 [ERROR] LogOutputStream:75 - [STDERR_REDIRECT] [Fatal Error] :1:1: Premature end of file.
2025-04-02 08:34:04,125 [ERROR] LogOutputStream:75 - [STDERR_REDIRECT] 
2025-04-02 08:34:05,124 [ERROR] LogOutputStream:75 - [STDERR_REDIRECT] [Fatal Error] :1:1: Premature end of file.
2025-04-02 08:34:05,125 [ERROR] LogOutputStream:75 - [STDERR_REDIRECT] 
2025-04-02 08:34:06,110 [ERROR] LogOutputStream:75 - [STDERR_REDIRECT] [Fatal Error] :1:1: Premature end of file.
2025-04-02 08:34:06,110 [ERROR] LogOutputStream:75 - [STDERR_REDIRECT] 
2025-04-02 08:34:07,071 [ERROR] LogOutputStream:75 - [STDERR_REDIRECT] [Fatal Error] :1:1: Premature end of file.
2025-04-02 08:34:07,071 [ERROR] LogOutputStream:75 - [STDERR_REDIRECT] 
2025-04-02 08:34:08,072 [ERROR] LogOutputStream:75 - [STDERR_REDIRECT] [Fatal Error] :1:1: Premature end of file.
2025-04-02 08:34:08,073 [ERROR] LogOutputStream:75 - [STDERR_REDIRECT] 
2025-04-02 08:34:09,187 [ERROR] LogOutputStream:75 - [STDERR_REDIRECT] [Fatal Error] :1:1: Premature end of file.
2025-04-02 08:34:09,187 [ERROR] LogOutputStream:75 - [STDERR_REDIRECT] 
2025-04-02 08:34:10,177 [ERROR] LogOutputStream:75 - [STDERR_REDIRECT] [Fatal Error] :1:1: Premature end of file.
2025-04-02 08:34:10,177 [ERROR] LogOutputStream:75 - [STDERR_REDIRECT] 
2025-04-02 08:34:11,235 [ERROR] LogOutputStream:75 - [STDERR_REDIRECT] [Fatal Error] :1:1: Premature end of file.
2025-04-02 08:34:11,235 [ERROR] LogOutputStream:75 - [STDERR_REDIRECT] 
2025-04-02 08:34:12,392 [ERROR] LogOutputStream:75 - [STDERR_REDIRECT] [Fatal Error] :1:1: Premature end of file.
2025-04-02 08:34:12,392 [ERROR] LogOutputStream:75 - [STDERR_REDIRECT] 
2025-04-02 08:34:13,416 [ERROR] LogOutputStream:75 - [STDERR_REDIRECT] [Fatal Error] :1:1: Premature end of file.
2025-04-02 08:34:13,417 [ERROR] LogOutputStream:75 - [STDERR_REDIRECT] 
2025-04-02 08:34:14,219 [ERROR] LogOutputStream:75 - [STDERR_REDIRECT] [Fatal Error] :1:1: Premature end of file.
2025-04-02 08:34:14,220 [ERROR] LogOutputStream:75 - [STDERR_REDIRECT] 
2025-04-02 08:34:15,352 [ERROR] LogOutputStream:75 - [STDERR_REDIRECT] [Fatal Error] :1:1: Premature end of file.
2025-04-02 08:34:15,352 [ERROR] LogOutputStream:75 - [STDERR_REDIRECT] 
2025-04-02 08:34:16,211 [ERROR] LogOutputStream:75 - [STDERR_REDIRECT] [Fatal Error] :1:1: Premature end of file.
2025-04-02 08:34:16,212 [ERROR] LogOutputStream:75 - [STDERR_REDIRECT] 
2025-04-02 08:34:17,450 [ERROR] LogOutputStream:75 - [STDERR_REDIRECT] [Fatal Error] :1:1: Premature end of file.
2025-04-02 08:34:17,451 [ERROR] LogOutputStream:75 - [STDERR_REDIRECT] 
2025-04-02 08:34:18,147 [ERROR] LogOutputStream:75 - [STDERR_REDIRECT] [Fatal Error] :1:1: Premature end of file.
2025-04-02 08:34:18,147 [ERROR] LogOutputStream:75 - [STDERR_REDIRECT] 
2025-04-02 08:34:19,219 [ERROR] LogOutputStream:75 - [STDERR_REDIRECT] [Fatal Error] :1:1: Premature end of file.
2025-04-02 08:34:19,219 [ERROR] LogOutputStream:75 - [STDERR_REDIRECT] 
2025-04-02 08:34:20,159 [ERROR] LogOutputStream:75 - [STDERR_REDIRECT] [Fatal Error] :1:1: Premature end of file.
2025-04-02 08:34:20,160 [ERROR] LogOutputStream:75 - [STDERR_REDIRECT] 
2025-04-02 08:34:21,226 [ERROR] LogOutputStream:75 - [STDERR_REDIRECT] [Fatal Error] :1:1: Premature end of file.
2025-04-02 08:34:21,227 [ERROR] LogOutputStream:75 - [STDERR_REDIRECT] 
2025-04-02 08:34:22,180 [ERROR] LogOutputStream:75 - [STDERR_REDIRECT] [Fatal Error] :1:1: Premature end of file.
2025-04-02 08:34:22,182 [ERROR] LogOutputStream:75 - [STDERR_REDIRECT] 
2025-04-02 08:34:23,202 [ERROR] LogOutputStream:75 - [STDERR_REDIRECT] [Fatal Error] :1:1: Premature end of file.
2025-04-02 08:34:23,203 [ERROR] LogOutputStream:75 - [STDERR_REDIRECT] 
2025-04-02 08:34:24,317 [ERROR] LogOutputStream:75 - [STDERR_REDIRECT] [Fatal Error] :1:1: Premature end of file.
2025-04-02 08:34:24,318 [ERROR] LogOutputStream:75 - [STDERR_REDIRECT] 
2025-04-02 08:34:25,238 [ERROR] LogOutputStream:75 - [STDERR_REDIRECT] [Fatal Error] :1:1: Premature end of file.
2025-04-02 08:34:25,239 [ERROR] LogOutputStream:75 - [STDERR_REDIRECT] 
2025-04-02 08:34:26,148 [ERROR] LogOutputStream:75 - [STDERR_REDIRECT] [Fatal Error] :1:1: Premature end of file.
2025-04-02 08:34:26,148 [ERROR] LogOutputStream:75 - [STDERR_REDIRECT] 
2025-04-02 08:34:27,261 [ERROR] LogOutputStream:75 - [STDERR_REDIRECT] [Fatal Error] :1:1: Premature end of file.
2025-04-02 08:34:27,262 [ERROR] LogOutputStream:75 - [STDERR_REDIRECT] 
2025-04-02 08:34:28,130 [ERROR] LogOutputStream:75 - [STDERR_REDIRECT] [Fatal Error] :1:1: Premature end of file.
2025-04-02 08:34:28,131 [ERROR] LogOutputStream:75 - [STDERR_REDIRECT] 
2025-04-02 08:34:29,316 [ERROR] LogOutputStream:75 - [STDERR_REDIRECT] [Fatal Error] :1:1: Premature end of file.
2025-04-02 08:34:29,317 [ERROR] LogOutputStream:75 - [STDERR_REDIRECT] 
2025-04-02 08:34:30,152 [ERROR] LogOutputStream:75 - [STDERR_REDIRECT] [Fatal Error] :1:1: Premature end of file.
2025-04-02 08:34:30,153 [ERROR] LogOutputStream:75 - [STDERR_REDIRECT] 
2025-04-02 08:34:31,147 [ERROR] LogOutputStream:75 - [STDERR_REDIRECT] [Fatal Error] :1:1: Premature end of file.
2025-04-02 08:34:31,147 [ERROR] LogOutputStream:75 - [STDERR_REDIRECT] 
2025-04-02 08:34:32,994 [ERROR] LogOutputStream:75 - [STDERR_REDIRECT] [Fatal Error] :1:1: Premature end of file.
2025-04-02 08:34:32,995 [ERROR] LogOutputStream:75 - [STDERR_REDIRECT] 
2025-04-02 08:34:33,833 [ERROR] LogOutputStream:75 - [STDERR_REDIRECT] [Fatal Error] :1:1: Premature end of file.
2025-04-02 08:34:33,834 [ERROR] LogOutputStream:75 - [STDERR_REDIRECT] 
2025-04-02 08:34:34,489 [ERROR] LogOutputStream:75 - [STDERR_REDIRECT] [Fatal Error] :1:1: Premature end of file.
2025-04-02 08:34:34,491 [ERROR] LogOutputStream:75 - [STDERR_REDIRECT] 
2025-04-02 08:34:36,229 [ERROR] LogOutputStream:75 - [STDERR_REDIRECT] [Fatal Error] :1:1: Premature end of file.
2025-04-02 08:34:36,296 [ERROR] LogOutputStream:75 - [STDERR_REDIRECT] 
2025-04-02 08:34:36,866 [ERROR] LogOutputStream:75 - [STDERR_REDIRECT] [Fatal Error] :1:1: Premature end of file.
2025-04-02 08:34:36,870 [ERROR] LogOutputStream:75 - [STDERR_REDIRECT] 
2025-04-02 08:34:37,677 [ERROR] LogOutputStream:75 - [STDERR_REDIRECT] [Fatal Error] :1:1: Premature end of file.
2025-04-02 08:34:37,677 [ERROR] LogOutputStream:75 - [STDERR_REDIRECT] 
2025-04-02 08:34:39,013 [ERROR] LogOutputStream:75 - [STDERR_REDIRECT] [Fatal Error] :1:1: Premature end of file.
2025-04-02 08:34:39,013 [ERROR] LogOutputStream:75 - [STDERR_REDIRECT] 
2025-04-02 08:34:39,198 [ERROR] LogOutputStream:75 - [STDERR_REDIRECT] [Fatal Error] :1:1: Premature end of file.
2025-04-02 08:34:39,198 [ERROR] LogOutputStream:75 - [STDERR_REDIRECT] 
2025-04-02 08:34:40,980 [ERROR] LogOutputStream:75 - [STDERR_REDIRECT] [Fatal Error] :1:1: Premature end of file.
2025-04-02 08:34:40,988 [ERROR] LogOutputStream:75 - [STDERR_REDIRECT] 
2025-04-02 08:34:42,116 [ERROR] LogOutputStream:75 - [STDERR_REDIRECT] [Fatal Error] :1:1: Premature end of file.
2025-04-02 08:34:42,131 [ERROR] LogOutputStream:75 - [STDERR_REDIRECT] 
2025-04-02 08:34:42,809 [ERROR] LogOutputStream:75 - [STDERR_REDIRECT] [Fatal Error] :1:1: Premature end of file.
2025-04-02 08:34:42,809 [ERROR] LogOutputStream:75 - [STDERR_REDIRECT] 
2025-04-02 08:34:43,258 [ERROR] LogOutputStream:75 - [STDERR_REDIRECT] [Fatal Error] :1:1: Premature end of file.
2025-04-02 08:34:43,260 [ERROR] LogOutputStream:75 - [STDERR_REDIRECT] 
2025-04-02 08:34:44,859 [ERROR] LogOutputStream:75 - [STDERR_REDIRECT] [Fatal Error] :1:1: Premature end of file.
2025-04-02 08:34:44,859 [ERROR] LogOutputStream:75 - [STDERR_REDIRECT] 
2025-04-02 08:34:45,266 [ERROR] LogOutputStream:75 - [STDERR_REDIRECT] [Fatal Error] :1:1: Premature end of file.
2025-04-02 08:34:45,272 [ERROR] LogOutputStream:75 - [STDERR_REDIRECT] 
2025-04-02 08:34:46,865 [ERROR] LogOutputStream:75 - [STDERR_REDIRECT] [Fatal Error] :1:1: Premature end of file.
2025-04-02 08:34:46,876 [ERROR] LogOutputStream:75 - [STDERR_REDIRECT] 
2025-04-02 08:34:48,605 [ERROR] LogOutputStream:75 - [STDERR_REDIRECT] [Fatal Error] :1:1: Premature end of file.
2025-04-02 08:34:48,622 [ERROR] LogOutputStream:75 - [STDERR_REDIRECT] 
2025-04-02 08:34:50,031 [ERROR] LogOutputStream:75 - [STDERR_REDIRECT] [Fatal Error] :1:1: Premature end of file.
2025-04-02 08:34:50,079 [ERROR] LogOutputStream:75 - [STDERR_REDIRECT] 
2025-04-02 08:34:51,527 [ERROR] LogOutputStream:75 - [STDERR_REDIRECT] [Fatal Error] :1:1: Premature end of file.
2025-04-02 08:34:51,550 [ERROR] LogOutputStream:75 - [STDERR_REDIRECT] 
2025-04-02 08:34:52,232 [ERROR] LogOutputStream:75 - [STDERR_REDIRECT] [Fatal Error] :1:1: Premature end of file.
2025-04-02 08:34:52,236 [ERROR] LogOutputStream:75 - [STDERR_REDIRECT] 
2025-04-02 08:34:53,748 [ERROR] LogOutputStream:75 - [STDERR_REDIRECT] [Fatal Error] :1:1: Premature end of file.
2025-04-02 08:34:53,759 [ERROR] LogOutputStream:75 - [STDERR_REDIRECT] 
2025-04-02 08:34:54,515 [ERROR] LogOutputStream:75 - [STDERR_REDIRECT] [Fatal Error] :1:1: Premature end of file.
2025-04-02 08:34:54,524 [ERROR] LogOutputStream:75 - [STDERR_REDIRECT] 
2025-04-02 08:34:54,996 [ERROR] LogOutputStream:75 - [STDERR_REDIRECT] [Fatal Error] :1:1: Premature end of file.
2025-04-02 08:34:54,998 [ERROR] LogOutputStream:75 - [STDERR_REDIRECT] 
2025-04-02 08:34:55,188 [ERROR] LogOutputStream:75 - [STDERR_REDIRECT] [Fatal Error] :1:1: Premature end of file.
2025-04-02 08:34:55,190 [ERROR] LogOutputStream:75 - [STDERR_REDIRECT] 
2025-04-02 08:34:55,389 [ERROR] LogOutputStream:75 - [STDERR_REDIRECT] [Fatal Error] :1:1: Premature end of file.
2025-04-02 08:34:55,394 [ERROR] LogOutputStream:75 - [STDERR_REDIRECT] 
2025-04-02 08:34:56,151 [ERROR] LogOutputStream:75 - [STDERR_REDIRECT] [Fatal Error] :1:1: Premature end of file.
2025-04-02 08:34:56,152 [ERROR] LogOutputStream:75 - [STDERR_REDIRECT] 
2025-04-02 08:34:57,310 [ERROR] LogOutputStream:75 - [STDERR_REDIRECT] [Fatal Error] :1:1: Premature end of file.
2025-04-02 08:34:57,311 [ERROR] LogOutputStream:75 - [STDERR_REDIRECT] 
2025-04-02 08:34:58,142 [ERROR] LogOutputStream:75 - [STDERR_REDIRECT] [Fatal Error] :1:1: Premature end of file.
2025-04-02 08:34:58,144 [ERROR] LogOutputStream:75 - [STDERR_REDIRECT] 
2025-04-02 08:34:59,179 [ERROR] LogOutputStream:75 - [STDERR_REDIRECT] [Fatal Error] :1:1: Premature end of file.
2025-04-02 08:34:59,179 [ERROR] LogOutputStream:75 - [STDERR_REDIRECT] 
2025-04-02 08:35:00,587 [ERROR] LogOutputStream:75 - [STDERR_REDIRECT] [Fatal Error] :1:1: Premature end of file.
2025-04-02 08:35:00,587 [ERROR] LogOutputStream:75 - [STDERR_REDIRECT] 
2025-04-02 08:35:01,382 [ERROR] LogOutputStream:75 - [STDERR_REDIRECT] [Fatal Error] :1:1: Premature end of file.
2025-04-02 08:35:01,384 [ERROR] LogOutputStream:75 - [STDERR_REDIRECT] 
2025-04-02 08:35:02,283 [ERROR] LogOutputStream:75 - [STDERR_REDIRECT] [Fatal Error] :1:1: Premature end of file.
2025-04-02 08:35:02,283 [ERROR] LogOutputStream:75 - [STDERR_REDIRECT] 
2025-04-02 08:35:03,491 [ERROR] LogOutputStream:75 - [STDERR_REDIRECT] [Fatal Error] :1:1: Premature end of file.
2025-04-02 08:35:03,514 [ERROR] LogOutputStream:75 - [STDERR_REDIRECT] 
2025-04-02 08:35:04,325 [ERROR] LogOutputStream:75 - [STDERR_REDIRECT] [Fatal Error] :1:1: Premature end of file.
2025-04-02 08:35:04,327 [ERROR] LogOutputStream:75 - [STDERR_REDIRECT] 
2025-04-02 08:35:05,434 [ERROR] LogOutputStream:75 - [STDERR_REDIRECT] [Fatal Error] :1:1: Premature end of file.
2025-04-02 08:35:05,435 [ERROR] LogOutputStream:75 - [STDERR_REDIRECT] 
2025-04-02 08:35:06,527 [ERROR] LogOutputStream:75 - [STDERR_REDIRECT] [Fatal Error] :1:1: Premature end of file.
2025-04-02 08:35:06,528 [ERROR] LogOutputStream:75 - [STDERR_REDIRECT] 
2025-04-02 08:35:09,143 [ERROR] LogOutputStream:75 - [STDERR_REDIRECT] [Fatal Error] :1:1: Premature end of file.
2025-04-02 08:35:09,145 [ERROR] LogOutputStream:75 - [STDERR_REDIRECT] 
2025-04-02 08:35:09,488 [ERROR] LogOutputStream:75 - [STDERR_REDIRECT] [Fatal Error] :1:1: Premature end of file.
2025-04-02 08:35:09,488 [ERROR] LogOutputStream:75 - [STDERR_REDIRECT] 
2025-04-02 08:35:10,048 [ERROR] LogOutputStream:75 - [STDERR_REDIRECT] [Fatal Error] :1:1: Premature end of file.
2025-04-02 08:35:10,048 [ERROR] LogOutputStream:75 - [STDERR_REDIRECT] 
2025-04-02 08:35:10,971 [ERROR] LogOutputStream:75 - [STDERR_REDIRECT] [Fatal Error] :1:1: Premature end of file.
2025-04-02 08:35:10,971 [ERROR] LogOutputStream:75 - [STDERR_REDIRECT] 
2025-04-02 08:35:11,396 [ERROR] LogOutputStream:75 - [STDERR_REDIRECT] [Fatal Error] :1:1: Premature end of file.
2025-04-02 08:35:11,397 [ERROR] LogOutputStream:75 - [STDERR_REDIRECT] 
2025-04-02 08:35:12,230 [ERROR] LogOutputStream:75 - [STDERR_REDIRECT] [Fatal Error] :1:1: Premature end of file.
2025-04-02 08:35:12,262 [ERROR] LogOutputStream:75 - [STDERR_REDIRECT] 
2025-04-02 08:35:14,128 [ERROR] LogOutputStream:75 - [STDERR_REDIRECT] [Fatal Error] :1:1: Premature end of file.
2025-04-02 08:35:14,129 [ERROR] LogOutputStream:75 - [STDERR_REDIRECT] 
2025-04-02 08:35:15,846 [ERROR] LogOutputStream:75 - [STDERR_REDIRECT] [Fatal Error] :1:1: Premature end of file.
2025-04-02 08:35:15,846 [ERROR] LogOutputStream:75 - [STDERR_REDIRECT] 
2025-04-02 08:35:16,963 [ERROR] LogOutputStream:75 - [STDERR_REDIRECT] [Fatal Error] :1:1: Premature end of file.
2025-04-02 08:35:16,965 [ERROR] LogOutputStream:75 - [STDERR_REDIRECT] 
2025-04-02 08:35:17,133 [ERROR] LogOutputStream:75 - [STDERR_REDIRECT] [Fatal Error] :1:1: Premature end of file.
2025-04-02 08:35:17,133 [ERROR] LogOutputStream:75 - [STDERR_REDIRECT] 
2025-04-02 08:35:17,263 [ERROR] LogOutputStream:75 - [STDERR_REDIRECT] [Fatal Error] :1:1: Premature end of file.
2025-04-02 08:35:17,270 [ERROR] LogOutputStream:75 - [STDERR_REDIRECT] 
2025-04-02 08:35:18,675 [ERROR] LogOutputStream:75 - [STDERR_REDIRECT] [Fatal Error] :1:1: Premature end of file.
2025-04-02 08:35:18,675 [ERROR] LogOutputStream:75 - [STDERR_REDIRECT] 
2025-04-02 08:35:19,647 [ERROR] LogOutputStream:75 - [STDERR_REDIRECT] [Fatal Error] :1:1: Premature end of file.
2025-04-02 08:35:19,657 [ERROR] LogOutputStream:75 - [STDERR_REDIRECT] 
2025-04-02 08:35:20,908 [ERROR] LogOutputStream:75 - [STDERR_REDIRECT] [Fatal Error] :1:1: Premature end of file.
2025-04-02 08:35:20,921 [ERROR] LogOutputStream:75 - [STDERR_REDIRECT] 
2025-04-02 08:35:21,652 [ERROR] LogOutputStream:75 - [STDERR_REDIRECT] [Fatal Error] :1:1: Premature end of file.
2025-04-02 08:35:21,664 [ERROR] LogOutputStream:75 - [STDERR_REDIRECT] 
2025-04-02 08:35:22,310 [ERROR] LogOutputStream:75 - [STDERR_REDIRECT] [Fatal Error] :1:1: Premature end of file.
2025-04-02 08:35:22,310 [ERROR] LogOutputStream:75 - [STDERR_REDIRECT] 
2025-04-02 08:35:23,380 [ERROR] LogOutputStream:75 - [STDERR_REDIRECT] [Fatal Error] :1:1: Premature end of file.
2025-04-02 08:35:23,412 [ERROR] LogOutputStream:75 - [STDERR_REDIRECT] 
2025-04-02 08:35:24,443 [ERROR] LogOutputStream:75 - [STDERR_REDIRECT] [Fatal Error] :1:1: Premature end of file.
2025-04-02 08:35:24,461 [ERROR] LogOutputStream:75 - [STDERR_REDIRECT] 
2025-04-02 08:35:25,243 [ERROR] LogOutputStream:75 - [STDERR_REDIRECT] [Fatal Error] :1:1: Premature end of file.
2025-04-02 08:35:25,245 [ERROR] LogOutputStream:75 - [STDERR_REDIRECT] 
2025-04-02 08:35:26,165 [ERROR] LogOutputStream:75 - [STDERR_REDIRECT] [Fatal Error] :1:1: Premature end of file.
2025-04-02 08:35:26,172 [ERROR] LogOutputStream:75 - [STDERR_REDIRECT] 
2025-04-02 08:35:27,256 [ERROR] LogOutputStream:75 - [STDERR_REDIRECT] [Fatal Error] :1:1: Premature end of file.
2025-04-02 08:35:27,264 [ERROR] LogOutputStream:75 - [STDERR_REDIRECT] 
2025-04-02 08:35:28,760 [ERROR] LogOutputStream:75 - [STDERR_REDIRECT] [Fatal Error] :1:1: Premature end of file.
2025-04-02 08:35:28,771 [ERROR] LogOutputStream:75 - [STDERR_REDIRECT] 
2025-04-02 08:35:29,230 [ERROR] LogOutputStream:75 - [STDERR_REDIRECT] [Fatal Error] :1:1: Premature end of file.
2025-04-02 08:35:29,249 [ERROR] LogOutputStream:75 - [STDERR_REDIRECT] 
2025-04-02 08:35:30,147 [ERROR] LogOutputStream:75 - [STDERR_REDIRECT] [Fatal Error] :1:1: Premature end of file.
2025-04-02 08:35:30,148 [ERROR] LogOutputStream:75 - [STDERR_REDIRECT] 
2025-04-02 08:35:31,446 [ERROR] LogOutputStream:75 - [STDERR_REDIRECT] [Fatal Error] :1:1: Premature end of file.
2025-04-02 08:35:31,446 [ERROR] LogOutputStream:75 - [STDERR_REDIRECT] 
2025-04-02 08:35:32,181 [ERROR] LogOutputStream:75 - [STDERR_REDIRECT] [Fatal Error] :1:1: Premature end of file.
2025-04-02 08:35:32,181 [ERROR] LogOutputStream:75 - [STDERR_REDIRECT] 
2025-04-02 08:35:33,274 [ERROR] LogOutputStream:75 - [STDERR_REDIRECT] [Fatal Error] :1:1: Premature end of file.
2025-04-02 08:35:33,276 [ERROR] LogOutputStream:75 - [STDERR_REDIRECT] 
2025-04-02 08:35:34,630 [ERROR] LogOutputStream:75 - [STDERR_REDIRECT] [Fatal Error] :1:1: Premature end of file.
2025-04-02 08:35:34,630 [ERROR] LogOutputStream:75 - [STDERR_REDIRECT] 
2025-04-02 08:35:35,266 [ERROR] LogOutputStream:75 - [STDERR_REDIRECT] [Fatal Error] :1:1: Premature end of file.
2025-04-02 08:35:35,267 [ERROR] LogOutputStream:75 - [STDERR_REDIRECT] 
2025-04-02 08:35:36,195 [ERROR] LogOutputStream:75 - [STDERR_REDIRECT] [Fatal Error] :1:1: Premature end of file.
2025-04-02 08:35:36,197 [ERROR] LogOutputStream:75 - [STDERR_REDIRECT] 
2025-04-02 08:35:37,196 [ERROR] LogOutputStream:75 - [STDERR_REDIRECT] [Fatal Error] :1:1: Premature end of file.
2025-04-02 08:35:37,211 [ERROR] LogOutputStream:75 - [STDERR_REDIRECT] 
2025-04-02 08:35:38,355 [ERROR] LogOutputStream:75 - [STDERR_REDIRECT] [Fatal Error] :1:1: Premature end of file.
2025-04-02 08:35:38,355 [ERROR] LogOutputStream:75 - [STDERR_REDIRECT] 
2025-04-02 08:35:39,412 [ERROR] LogOutputStream:75 - [STDERR_REDIRECT] [Fatal Error] :1:1: Premature end of file.
2025-04-02 08:35:39,412 [ERROR] LogOutputStream:75 - [STDERR_REDIRECT] 
2025-04-02 08:35:40,142 [ERROR] LogOutputStream:75 - [STDERR_REDIRECT] [Fatal Error] :1:1: Premature end of file.
2025-04-02 08:35:40,143 [ERROR] LogOutputStream:75 - [STDERR_REDIRECT] 
2025-04-02 08:35:41,831 [ERROR] LogOutputStream:75 - [STDERR_REDIRECT] [Fatal Error] :1:1: Premature end of file.
2025-04-02 08:35:41,839 [ERROR] LogOutputStream:75 - [STDERR_REDIRECT] 
2025-04-02 08:35:43,755 [ERROR] LogOutputStream:75 - [STDERR_REDIRECT] [Fatal Error] :1:1: Premature end of file.
2025-04-02 08:35:43,775 [ERROR] LogOutputStream:75 - [STDERR_REDIRECT] 
2025-04-02 08:35:45,457 [ERROR] LogOutputStream:75 - [STDERR_REDIRECT] [Fatal Error] :1:1: Premature end of file.
2025-04-02 08:35:45,492 [ERROR] LogOutputStream:75 - [STDERR_REDIRECT] 
2025-04-02 08:35:46,347 [ERROR] LogOutputStream:75 - [STDERR_REDIRECT] [Fatal Error] :1:1: Premature end of file.
2025-04-02 08:35:46,348 [ERROR] LogOutputStream:75 - [STDERR_REDIRECT] 
2025-04-02 08:35:46,614 [ERROR] LogOutputStream:75 - [STDERR_REDIRECT] [Fatal Error] :1:1: Premature end of file.
2025-04-02 08:35:46,616 [ERROR] LogOutputStream:75 - [STDERR_REDIRECT] 
2025-04-02 08:35:46,968 [ERROR] LogOutputStream:75 - [STDERR_REDIRECT] [Fatal Error] :1:1: Premature end of file.
2025-04-02 08:35:46,970 [ERROR] LogOutputStream:75 - [STDERR_REDIRECT] 
2025-04-02 08:35:47,473 [ERROR] LogOutputStream:75 - [STDERR_REDIRECT] [Fatal Error] :1:1: Premature end of file.
2025-04-02 08:35:47,475 [ERROR] LogOutputStream:75 - [STDERR_REDIRECT] 
2025-04-02 08:35:48,844 [ERROR] LogOutputStream:75 - [STDERR_REDIRECT] [Fatal Error] :1:1: Premature end of file.
2025-04-02 08:35:48,845 [ERROR] LogOutputStream:75 - [STDERR_REDIRECT] 
2025-04-02 08:35:49,148 [ERROR] LogOutputStream:75 - [STDERR_REDIRECT] [Fatal Error] :1:1: Premature end of file.
2025-04-02 08:35:49,148 [ERROR] LogOutputStream:75 - [STDERR_REDIRECT] 
2025-04-02 08:35:50,323 [ERROR] LogOutputStream:75 - [STDERR_REDIRECT] [Fatal Error] :1:1: Premature end of file.
2025-04-02 08:35:50,323 [ERROR] LogOutputStream:75 - [STDERR_REDIRECT] 
2025-04-02 08:35:51,482 [ERROR] LogOutputStream:75 - [STDERR_REDIRECT] [Fatal Error] :1:1: Premature end of file.
2025-04-02 08:35:51,483 [ERROR] LogOutputStream:75 - [STDERR_REDIRECT] 
2025-04-02 08:35:52,247 [ERROR] LogOutputStream:75 - [STDERR_REDIRECT] [Fatal Error] :1:1: Premature end of file.
2025-04-02 08:35:52,247 [ERROR] LogOutputStream:75 - [STDERR_REDIRECT] 
2025-04-02 08:35:54,681 [ERROR] LogOutputStream:75 - [STDERR_REDIRECT] [Fatal Error] :1:1: Premature end of file.
2025-04-02 08:35:54,683 [ERROR] LogOutputStream:75 - [STDERR_REDIRECT] 
2025-04-02 08:35:55,392 [ERROR] LogOutputStream:75 - [STDERR_REDIRECT] [Fatal Error] :1:1: Premature end of file.
2025-04-02 08:35:55,392 [ERROR] LogOutputStream:75 - [STDERR_REDIRECT] 
2025-04-02 08:35:55,956 [ERROR] LogOutputStream:75 - [STDERR_REDIRECT] [Fatal Error] :1:1: Premature end of file.
2025-04-02 08:35:55,958 [ERROR] LogOutputStream:75 - [STDERR_REDIRECT] 
2025-04-02 08:35:56,348 [ERROR] LogOutputStream:75 - [STDERR_REDIRECT] [Fatal Error] :1:1: Premature end of file.
2025-04-02 08:35:56,348 [ERROR] LogOutputStream:75 - [STDERR_REDIRECT] 
2025-04-02 08:35:57,362 [ERROR] LogOutputStream:75 - [STDERR_REDIRECT] [Fatal Error] :1:1: Premature end of file.
2025-04-02 08:35:57,363 [ERROR] LogOutputStream:75 - [STDERR_REDIRECT] 
2025-04-02 08:35:58,705 [ERROR] LogOutputStream:75 - [STDERR_REDIRECT] [Fatal Error] :1:1: Premature end of file.
2025-04-02 08:35:58,716 [ERROR] LogOutputStream:75 - [STDERR_REDIRECT] 
2025-04-02 08:35:59,278 [ERROR] LogOutputStream:75 - [STDERR_REDIRECT] [Fatal Error] :1:1: Premature end of file.
2025-04-02 08:35:59,280 [ERROR] LogOutputStream:75 - [STDERR_REDIRECT] 
2025-04-02 08:36:00,236 [ERROR] LogOutputStream:75 - [STDERR_REDIRECT] [Fatal Error] :1:1: Premature end of file.
2025-04-02 08:36:00,237 [ERROR] LogOutputStream:75 - [STDERR_REDIRECT] 
2025-04-02 08:36:01,364 [ERROR] LogOutputStream:75 - [STDERR_REDIRECT] [Fatal Error] :1:1: Premature end of file.
2025-04-02 08:36:01,366 [ERROR] LogOutputStream:75 - [STDERR_REDIRECT] 
2025-04-02 08:36:02,360 [ERROR] LogOutputStream:75 - [STDERR_REDIRECT] [Fatal Error] :1:1: Premature end of file.
2025-04-02 08:36:02,360 [ERROR] LogOutputStream:75 - [STDERR_REDIRECT] 
2025-04-02 08:36:03,259 [ERROR] LogOutputStream:75 - [STDERR_REDIRECT] [Fatal Error] :1:1: Premature end of file.
2025-04-02 08:36:03,259 [ERROR] LogOutputStream:75 - [STDERR_REDIRECT] 
2025-04-02 08:36:04,416 [ERROR] LogOutputStream:75 - [STDERR_REDIRECT] [Fatal Error] :1:1: Premature end of file.
2025-04-02 08:36:04,416 [ERROR] LogOutputStream:75 - [STDERR_REDIRECT] 
2025-04-02 08:36:05,559 [ERROR] LogOutputStream:75 - [STDERR_REDIRECT] [Fatal Error] :1:1: Premature end of file.
2025-04-02 08:36:05,562 [ERROR] LogOutputStream:75 - [STDERR_REDIRECT] 
2025-04-02 08:36:06,590 [ERROR] LogOutputStream:75 - [STDERR_REDIRECT] [Fatal Error] :1:1: Premature end of file.
2025-04-02 08:36:06,614 [ERROR] LogOutputStream:75 - [STDERR_REDIRECT] 
2025-04-02 08:36:07,615 [ERROR] LogOutputStream:75 - [STDERR_REDIRECT] [Fatal Error] :1:1: Premature end of file.
2025-04-02 08:36:07,678 [ERROR] LogOutputStream:75 - [STDERR_REDIRECT] 
2025-04-02 08:36:08,714 [ERROR] LogOutputStream:75 - [STDERR_REDIRECT] [Fatal Error] :1:1: Premature end of file.
2025-04-02 08:36:08,748 [ERROR] LogOutputStream:75 - [STDERR_REDIRECT] 
2025-04-02 08:36:09,192 [ERROR] LogOutputStream:75 - [STDERR_REDIRECT] [Fatal Error] :1:1: Premature end of file.
2025-04-02 08:36:09,197 [ERROR] LogOutputStream:75 - [STDERR_REDIRECT] 
2025-04-02 08:36:10,213 [ERROR] LogOutputStream:75 - [STDERR_REDIRECT] [Fatal Error] :1:1: Premature end of file.
2025-04-02 08:36:10,213 [ERROR] LogOutputStream:75 - [STDERR_REDIRECT] 
2025-04-02 08:36:11,381 [ERROR] LogOutputStream:75 - [STDERR_REDIRECT] [Fatal Error] :1:1: Premature end of file.
2025-04-02 08:36:11,381 [ERROR] LogOutputStream:75 - [STDERR_REDIRECT] 
2025-04-02 08:36:12,472 [ERROR] LogOutputStream:75 - [STDERR_REDIRECT] [Fatal Error] :1:1: Premature end of file.
2025-04-02 08:36:12,516 [ERROR] LogOutputStream:75 - [STDERR_REDIRECT] 
2025-04-02 08:36:14,128 [ERROR] LogOutputStream:75 - [STDERR_REDIRECT] [Fatal Error] :1:1: Premature end of file.
2025-04-02 08:36:14,130 [ERROR] LogOutputStream:75 - [STDERR_REDIRECT] 
2025-04-02 08:36:14,766 [ERROR] LogOutputStream:75 - [STDERR_REDIRECT] [Fatal Error] :1:1: Premature end of file.
2025-04-02 08:36:14,766 [ERROR] LogOutputStream:75 - [STDERR_REDIRECT] 
2025-04-02 08:36:16,756 [ERROR] LogOutputStream:75 - [STDERR_REDIRECT] [Fatal Error] :1:1: Premature end of file.
2025-04-02 08:36:16,765 [ERROR] LogOutputStream:75 - [STDERR_REDIRECT] 
2025-04-02 08:36:17,369 [ERROR] LogOutputStream:75 - [STDERR_REDIRECT] [Fatal Error] :1:1: Premature end of file.
2025-04-02 08:36:17,377 [ERROR] LogOutputStream:75 - [STDERR_REDIRECT] 
2025-04-02 08:36:17,490 [ERROR] LogOutputStream:75 - [STDERR_REDIRECT] [Fatal Error] :1:1: Premature end of file.
2025-04-02 08:36:17,492 [ERROR] LogOutputStream:75 - [STDERR_REDIRECT] 
2025-04-02 08:36:19,396 [ERROR] LogOutputStream:75 - [STDERR_REDIRECT] [Fatal Error] :1:1: Premature end of file.
2025-04-02 08:36:19,425 [ERROR] LogOutputStream:75 - [STDERR_REDIRECT] 
2025-04-02 08:36:20,320 [ERROR] LogOutputStream:75 - [STDERR_REDIRECT] [Fatal Error] :1:1: Premature end of file.
2025-04-02 08:36:20,322 [ERROR] LogOutputStream:75 - [STDERR_REDIRECT] 
2025-04-02 08:36:20,490 [ERROR] LogOutputStream:75 - [STDERR_REDIRECT] [Fatal Error] :1:1: Premature end of file.
2025-04-02 08:36:20,493 [ERROR] LogOutputStream:75 - [STDERR_REDIRECT] 
2025-04-02 08:36:21,245 [ERROR] LogOutputStream:75 - [STDERR_REDIRECT] [Fatal Error] :1:1: Premature end of file.
2025-04-02 08:36:21,247 [ERROR] LogOutputStream:75 - [STDERR_REDIRECT] 
2025-04-02 08:36:22,476 [ERROR] LogOutputStream:75 - [STDERR_REDIRECT] [Fatal Error] :1:1: Premature end of file.
2025-04-02 08:36:22,478 [ERROR] LogOutputStream:75 - [STDERR_REDIRECT] 
2025-04-02 08:36:23,924 [ERROR] LogOutputStream:75 - [STDERR_REDIRECT] [Fatal Error] :1:1: Premature end of file.
2025-04-02 08:36:23,926 [ERROR] LogOutputStream:75 - [STDERR_REDIRECT] 
2025-04-02 08:36:24,431 [ERROR] LogOutputStream:75 - [STDERR_REDIRECT] [Fatal Error] :1:1: Premature end of file.
2025-04-02 08:36:24,431 [ERROR] LogOutputStream:75 - [STDERR_REDIRECT] 
2025-04-02 08:36:25,231 [ERROR] LogOutputStream:75 - [STDERR_REDIRECT] [Fatal Error] :1:1: Premature end of file.
2025-04-02 08:36:25,241 [ERROR] LogOutputStream:75 - [STDERR_REDIRECT] 
2025-04-02 08:36:26,562 [ERROR] LogOutputStream:75 - [STDERR_REDIRECT] [Fatal Error] :1:1: Premature end of file.
2025-04-02 08:36:26,562 [ERROR] LogOutputStream:75 - [STDERR_REDIRECT] 
2025-04-02 08:36:27,260 [ERROR] LogOutputStream:75 - [STDERR_REDIRECT] [Fatal Error] :1:1: Premature end of file.
2025-04-02 08:36:27,262 [ERROR] LogOutputStream:75 - [STDERR_REDIRECT] 
2025-04-02 08:36:28,144 [ERROR] LogOutputStream:75 - [STDERR_REDIRECT] [Fatal Error] :1:1: Premature end of file.
2025-04-02 08:36:28,144 [ERROR] LogOutputStream:75 - [STDERR_REDIRECT] 
2025-04-02 08:36:29,178 [ERROR] LogOutputStream:75 - [STDERR_REDIRECT] [Fatal Error] :1:1: Premature end of file.
2025-04-02 08:36:29,178 [ERROR] LogOutputStream:75 - [STDERR_REDIRECT] 
2025-04-02 08:36:30,143 [ERROR] LogOutputStream:75 - [STDERR_REDIRECT] [Fatal Error] :1:1: Premature end of file.
2025-04-02 08:36:30,145 [ERROR] LogOutputStream:75 - [STDERR_REDIRECT] 
2025-04-02 08:36:31,414 [ERROR] LogOutputStream:75 - [STDERR_REDIRECT] [Fatal Error] :1:1: Premature end of file.
2025-04-02 08:36:31,414 [ERROR] LogOutputStream:75 - [STDERR_REDIRECT] 
2025-04-02 08:36:32,129 [ERROR] LogOutputStream:75 - [STDERR_REDIRECT] [Fatal Error] :1:1: Premature end of file.
2025-04-02 08:36:32,130 [ERROR] LogOutputStream:75 - [STDERR_REDIRECT] 
2025-04-02 08:36:33,270 [ERROR] LogOutputStream:75 - [STDERR_REDIRECT] [Fatal Error] :1:1: Premature end of file.
2025-04-02 08:36:33,274 [ERROR] LogOutputStream:75 - [STDERR_REDIRECT] 
2025-04-02 08:36:34,140 [ERROR] LogOutputStream:75 - [STDERR_REDIRECT] [Fatal Error] :1:1: Premature end of file.
2025-04-02 08:36:34,142 [ERROR] LogOutputStream:75 - [STDERR_REDIRECT] 
2025-04-02 08:36:35,192 [ERROR] LogOutputStream:75 - [STDERR_REDIRECT] [Fatal Error] :1:1: Premature end of file.
2025-04-02 08:36:35,192 [ERROR] LogOutputStream:75 - [STDERR_REDIRECT] 
2025-04-02 08:36:36,131 [ERROR] LogOutputStream:75 - [STDERR_REDIRECT] [Fatal Error] :1:1: Premature end of file.
2025-04-02 08:36:36,131 [ERROR] LogOutputStream:75 - [STDERR_REDIRECT] 
2025-04-02 08:36:37,120 [ERROR] LogOutputStream:75 - [STDERR_REDIRECT] [Fatal Error] :1:1: Premature end of file.
2025-04-02 08:36:37,120 [ERROR] LogOutputStream:75 - [STDERR_REDIRECT] 
2025-04-02 08:36:38,112 [ERROR] LogOutputStream:75 - [STDERR_REDIRECT] [Fatal Error] :1:1: Premature end of file.
2025-04-02 08:36:38,112 [ERROR] LogOutputStream:75 - [STDERR_REDIRECT] 
2025-04-02 08:36:39,125 [ERROR] LogOutputStream:75 - [STDERR_REDIRECT] [Fatal Error] :1:1: Premature end of file.
2025-04-02 08:36:39,125 [ERROR] LogOutputStream:75 - [STDERR_REDIRECT] 
2025-04-02 08:36:40,268 [ERROR] LogOutputStream:75 - [STDERR_REDIRECT] [Fatal Error] :1:1: Premature end of file.
2025-04-02 08:36:40,270 [ERROR] LogOutputStream:75 - [STDERR_REDIRECT] 
2025-04-02 08:36:41,259 [ERROR] LogOutputStream:75 - [STDERR_REDIRECT] [Fatal Error] :1:1: Premature end of file.
2025-04-02 08:36:41,261 [ERROR] LogOutputStream:75 - [STDERR_REDIRECT] 
2025-04-02 08:36:42,155 [ERROR] LogOutputStream:75 - [STDERR_REDIRECT] [Fatal Error] :1:1: Premature end of file.
2025-04-02 08:36:42,155 [ERROR] LogOutputStream:75 - [STDERR_REDIRECT] 
2025-04-02 08:36:43,522 [ERROR] LogOutputStream:75 - [STDERR_REDIRECT] [Fatal Error] :1:1: Premature end of file.
2025-04-02 08:36:43,522 [ERROR] LogOutputStream:75 - [STDERR_REDIRECT] 
2025-04-02 08:36:44,157 [ERROR] LogOutputStream:75 - [STDERR_REDIRECT] [Fatal Error] :1:1: Premature end of file.
2025-04-02 08:36:44,157 [ERROR] LogOutputStream:75 - [STDERR_REDIRECT] 
2025-04-02 08:36:45,145 [ERROR] LogOutputStream:75 - [STDERR_REDIRECT] [Fatal Error] :1:1: Premature end of file.
2025-04-02 08:36:45,145 [ERROR] LogOutputStream:75 - [STDERR_REDIRECT] 
2025-04-02 08:36:46,149 [ERROR] LogOutputStream:75 - [STDERR_REDIRECT] [Fatal Error] :1:1: Premature end of file.
2025-04-02 08:36:46,151 [ERROR] LogOutputStream:75 - [STDERR_REDIRECT] 
2025-04-02 08:36:47,180 [ERROR] LogOutputStream:75 - [STDERR_REDIRECT] [Fatal Error] :1:1: Premature end of file.
2025-04-02 08:36:47,182 [ERROR] LogOutputStream:75 - [STDERR_REDIRECT] 
2025-04-02 08:36:48,154 [ERROR] LogOutputStream:75 - [STDERR_REDIRECT] [Fatal Error] :1:1: Premature end of file.
2025-04-02 08:36:48,154 [ERROR] LogOutputStream:75 - [STDERR_REDIRECT] 
2025-04-02 08:36:49,293 [ERROR] LogOutputStream:75 - [STDERR_REDIRECT] [Fatal Error] :1:1: Premature end of file.
2025-04-02 08:36:49,293 [ERROR] LogOutputStream:75 - [STDERR_REDIRECT] 
2025-04-02 08:36:50,149 [ERROR] LogOutputStream:75 - [STDERR_REDIRECT] [Fatal Error] :1:1: Premature end of file.
2025-04-02 08:36:50,149 [ERROR] LogOutputStream:75 - [STDERR_REDIRECT] 
2025-04-02 08:36:51,266 [ERROR] LogOutputStream:75 - [STDERR_REDIRECT] [Fatal Error] :1:1: Premature end of file.
2025-04-02 08:36:51,267 [ERROR] LogOutputStream:75 - [STDERR_REDIRECT] 
2025-04-02 08:36:52,280 [ERROR] LogOutputStream:75 - [STDERR_REDIRECT] [Fatal Error] :1:1: Premature end of file.
2025-04-02 08:36:52,280 [ERROR] LogOutputStream:75 - [STDERR_REDIRECT] 
2025-04-02 08:36:53,656 [ERROR] LogOutputStream:75 - [STDERR_REDIRECT] [Fatal Error] :1:1: Premature end of file.
2025-04-02 08:36:53,657 [ERROR] LogOutputStream:75 - [STDERR_REDIRECT] 
2025-04-02 08:36:54,244 [ERROR] LogOutputStream:75 - [STDERR_REDIRECT] [Fatal Error] :1:1: Premature end of file.
2025-04-02 08:36:54,244 [ERROR] LogOutputStream:75 - [STDERR_REDIRECT] 
2025-04-02 08:36:55,214 [ERROR] LogOutputStream:75 - [STDERR_REDIRECT] [Fatal Error] :1:1: Premature end of file.
2025-04-02 08:36:55,215 [ERROR] LogOutputStream:75 - [STDERR_REDIRECT] 
2025-04-02 08:36:56,171 [ERROR] LogOutputStream:75 - [STDERR_REDIRECT] [Fatal Error] :1:1: Premature end of file.
2025-04-02 08:36:56,171 [ERROR] LogOutputStream:75 - [STDERR_REDIRECT] 
2025-04-02 08:36:57,132 [ERROR] LogOutputStream:75 - [STDERR_REDIRECT] [Fatal Error] :1:1: Premature end of file.
2025-04-02 08:36:57,132 [ERROR] LogOutputStream:75 - [STDERR_REDIRECT] 
2025-04-02 08:36:58,284 [ERROR] LogOutputStream:75 - [STDERR_REDIRECT] [Fatal Error] :1:1: Premature end of file.
2025-04-02 08:36:58,285 [ERROR] LogOutputStream:75 - [STDERR_REDIRECT] 
2025-04-02 08:36:59,319 [ERROR] LogOutputStream:75 - [STDERR_REDIRECT] [Fatal Error] :1:1: Premature end of file.
2025-04-02 08:36:59,322 [ERROR] LogOutputStream:75 - [STDERR_REDIRECT] 
2025-04-02 08:37:00,259 [ERROR] LogOutputStream:75 - [STDERR_REDIRECT] [Fatal Error] :1:1: Premature end of file.
2025-04-02 08:37:00,259 [ERROR] LogOutputStream:75 - [STDERR_REDIRECT] 
2025-04-02 08:37:02,477 [ERROR] LogOutputStream:75 - [STDERR_REDIRECT] [Fatal Error] :1:1: Premature end of file.
2025-04-02 08:37:02,477 [ERROR] LogOutputStream:75 - [STDERR_REDIRECT] 
2025-04-02 08:37:04,375 [ERROR] LogOutputStream:75 - [STDERR_REDIRECT] [Fatal Error] :1:1: Premature end of file.
2025-04-02 08:37:04,375 [ERROR] LogOutputStream:75 - [STDERR_REDIRECT] 
2025-04-02 08:37:05,807 [ERROR] LogOutputStream:75 - [STDERR_REDIRECT] [Fatal Error] :1:1: Premature end of file.
2025-04-02 08:37:05,807 [ERROR] LogOutputStream:75 - [STDERR_REDIRECT] 
2025-04-02 08:37:06,747 [ERROR] LogOutputStream:75 - [STDERR_REDIRECT] [Fatal Error] :1:1: Premature end of file.
2025-04-02 08:37:06,749 [ERROR] LogOutputStream:75 - [STDERR_REDIRECT] 
2025-04-02 08:37:06,980 [ERROR] LogOutputStream:75 - [STDERR_REDIRECT] [Fatal Error] :1:1: Premature end of file.
2025-04-02 08:37:06,981 [ERROR] LogOutputStream:75 - [STDERR_REDIRECT] 
2025-04-02 08:37:07,157 [ERROR] LogOutputStream:75 - [STDERR_REDIRECT] [Fatal Error] :1:1: Premature end of file.
2025-04-02 08:37:07,158 [ERROR] LogOutputStream:75 - [STDERR_REDIRECT] 
2025-04-02 08:37:07,513 [ERROR] LogOutputStream:75 - [STDERR_REDIRECT] [Fatal Error] :1:1: Premature end of file.
2025-04-02 08:37:07,515 [ERROR] LogOutputStream:75 - [STDERR_REDIRECT] 
2025-04-02 08:37:08,629 [ERROR] LogOutputStream:75 - [STDERR_REDIRECT] [Fatal Error] :1:1: Premature end of file.
2025-04-02 08:37:08,629 [ERROR] LogOutputStream:75 - [STDERR_REDIRECT] 
2025-04-02 08:37:09,202 [ERROR] LogOutputStream:75 - [STDERR_REDIRECT] [Fatal Error] :1:1: Premature end of file.
2025-04-02 08:37:09,205 [ERROR] LogOutputStream:75 - [STDERR_REDIRECT] 
2025-04-02 08:37:11,185 [ERROR] LogOutputStream:75 - [STDERR_REDIRECT] [Fatal Error] :1:1: Premature end of file.
2025-04-02 08:37:11,187 [ERROR] LogOutputStream:75 - [STDERR_REDIRECT] 
2025-04-02 08:37:12,739 [ERROR] LogOutputStream:75 - [STDERR_REDIRECT] [Fatal Error] :1:1: Premature end of file.
2025-04-02 08:37:12,739 [ERROR] LogOutputStream:75 - [STDERR_REDIRECT] 
2025-04-02 08:37:13,247 [ERROR] LogOutputStream:75 - [STDERR_REDIRECT] [Fatal Error] :1:1: Premature end of file.
2025-04-02 08:37:13,247 [ERROR] LogOutputStream:75 - [STDERR_REDIRECT] 
2025-04-02 08:37:13,680 [ERROR] LogOutputStream:75 - [STDERR_REDIRECT] [Fatal Error] :1:1: Premature end of file.
2025-04-02 08:37:13,680 [ERROR] LogOutputStream:75 - [STDERR_REDIRECT] 
2025-04-02 08:37:16,172 [ERROR] LogOutputStream:75 - [STDERR_REDIRECT] [Fatal Error] :1:1: Premature end of file.
2025-04-02 08:37:16,173 [ERROR] LogOutputStream:75 - [STDERR_REDIRECT] 
2025-04-02 08:37:19,196 [ERROR] LogOutputStream:75 - [STDERR_REDIRECT] [Fatal Error] :1:1: Premature end of file.
2025-04-02 08:37:19,196 [ERROR] LogOutputStream:75 - [STDERR_REDIRECT] 
2025-04-02 08:37:19,781 [ERROR] LogOutputStream:75 - [STDERR_REDIRECT] [Fatal Error] :1:1: Premature end of file.
2025-04-02 08:37:19,782 [ERROR] LogOutputStream:75 - [STDERR_REDIRECT] 
2025-04-02 08:37:20,405 [ERROR] LogOutputStream:75 - [STDERR_REDIRECT] [Fatal Error] :1:1: Premature end of file.
2025-04-02 08:37:20,406 [ERROR] LogOutputStream:75 - [STDERR_REDIRECT] 
2025-04-02 08:37:21,866 [ERROR] LogOutputStream:75 - [STDERR_REDIRECT] [Fatal Error] :1:1: Premature end of file.
2025-04-02 08:37:21,868 [ERROR] LogOutputStream:75 - [STDERR_REDIRECT] 
2025-04-02 08:37:22,238 [ERROR] LogOutputStream:75 - [STDERR_REDIRECT] [Fatal Error] :1:1: Premature end of file.
2025-04-02 08:37:22,238 [ERROR] LogOutputStream:75 - [STDERR_REDIRECT] 
2025-04-02 08:37:22,876 [ERROR] LogOutputStream:75 - [STDERR_REDIRECT] [Fatal Error] :1:1: Premature end of file.
2025-04-02 08:37:22,877 [ERROR] LogOutputStream:75 - [STDERR_REDIRECT] 
2025-04-02 08:37:24,489 [ERROR] LogOutputStream:75 - [STDERR_REDIRECT] [Fatal Error] :1:1: Premature end of file.
2025-04-02 08:37:24,491 [ERROR] LogOutputStream:75 - [STDERR_REDIRECT] 
2025-04-02 08:37:26,011 [ERROR] LogOutputStream:75 - [STDERR_REDIRECT] [Fatal Error] :1:1: Premature end of file.
2025-04-02 08:37:26,021 [ERROR] LogOutputStream:75 - [STDERR_REDIRECT] 
2025-04-02 08:37:29,067 [ERROR] LogOutputStream:75 - [STDERR_REDIRECT] [Fatal Error] :1:1: Premature end of file.
2025-04-02 08:37:29,067 [ERROR] LogOutputStream:75 - [STDERR_REDIRECT] 
2025-04-02 08:37:29,859 [ERROR] LogOutputStream:75 - [STDERR_REDIRECT] [Fatal Error] :1:1: Premature end of file.
2025-04-02 08:37:29,859 [ERROR] LogOutputStream:75 - [STDERR_REDIRECT] 
2025-04-02 08:37:30,443 [ERROR] LogOutputStream:75 - [STDERR_REDIRECT] [Fatal Error] :1:1: Premature end of file.
2025-04-02 08:37:30,443 [ERROR] LogOutputStream:75 - [STDERR_REDIRECT] 
2025-04-02 08:37:31,557 [ERROR] LogOutputStream:75 - [STDERR_REDIRECT] [Fatal Error] :1:1: Premature end of file.
2025-04-02 08:37:31,560 [ERROR] LogOutputStream:75 - [STDERR_REDIRECT] 
2025-04-02 08:37:31,906 [ERROR] LogOutputStream:75 - [STDERR_REDIRECT] [Fatal Error] :1:1: Premature end of file.
2025-04-02 08:37:31,907 [ERROR] LogOutputStream:75 - [STDERR_REDIRECT] 
2025-04-02 08:37:33,206 [ERROR] LogOutputStream:75 - [STDERR_REDIRECT] [Fatal Error] :1:1: Premature end of file.
2025-04-02 08:37:33,206 [ERROR] LogOutputStream:75 - [STDERR_REDIRECT] 
2025-04-02 08:37:34,346 [ERROR] LogOutputStream:75 - [STDERR_REDIRECT] [Fatal Error] :1:1: Premature end of file.
2025-04-02 08:37:34,346 [ERROR] LogOutputStream:75 - [STDERR_REDIRECT] 
2025-04-02 08:37:34,510 [ERROR] LogOutputStream:75 - [STDERR_REDIRECT] [Fatal Error] :1:1: Premature end of file.
2025-04-02 08:37:34,510 [ERROR] LogOutputStream:75 - [STDERR_REDIRECT] 
2025-04-02 08:37:34,626 [ERROR] LogOutputStream:75 - [STDERR_REDIRECT] [Fatal Error] :1:1: Premature end of file.
2025-04-02 08:37:34,626 [ERROR] LogOutputStream:75 - [STDERR_REDIRECT] 
2025-04-02 08:37:34,707 [ERROR] LogOutputStream:75 - [STDERR_REDIRECT] [Fatal Error] :1:1: Premature end of file.
2025-04-02 08:37:34,709 [ERROR] LogOutputStream:75 - [STDERR_REDIRECT] 
2025-04-02 08:37:35,194 [ERROR] LogOutputStream:75 - [STDERR_REDIRECT] [Fatal Error] :1:1: Premature end of file.
2025-04-02 08:37:35,195 [ERROR] LogOutputStream:75 - [STDERR_REDIRECT] 
2025-04-02 08:37:35,369 [ERROR] LogOutputStream:75 - [STDERR_REDIRECT] [Fatal Error] :1:1: Premature end of file.
2025-04-02 08:37:35,369 [ERROR] LogOutputStream:75 - [STDERR_REDIRECT] 
2025-04-02 08:37:35,514 [ERROR] LogOutputStream:75 - [STDERR_REDIRECT] [Fatal Error] :1:1: Premature end of file.
2025-04-02 08:37:35,514 [ERROR] LogOutputStream:75 - [STDERR_REDIRECT] 
2025-04-02 08:37:36,302 [ERROR] LogOutputStream:75 - [STDERR_REDIRECT] [Fatal Error] :1:1: Premature end of file.
2025-04-02 08:37:36,303 [ERROR] LogOutputStream:75 - [STDERR_REDIRECT] 
2025-04-02 08:37:37,312 [ERROR] LogOutputStream:75 - [STDERR_REDIRECT] [Fatal Error] :1:1: Premature end of file.
2025-04-02 08:37:37,314 [ERROR] LogOutputStream:75 - [STDERR_REDIRECT] 
2025-04-02 08:37:38,596 [ERROR] LogOutputStream:75 - [STDERR_REDIRECT] [Fatal Error] :1:1: Premature end of file.
2025-04-02 08:37:38,598 [ERROR] LogOutputStream:75 - [STDERR_REDIRECT] 
2025-04-02 08:37:41,146 [ERROR] LogOutputStream:75 - [STDERR_REDIRECT] [Fatal Error] :1:1: Premature end of file.
2025-04-02 08:37:41,147 [ERROR] LogOutputStream:75 - [STDERR_REDIRECT] 
2025-04-02 08:37:41,349 [ERROR] LogOutputStream:75 - [STDERR_REDIRECT] [Fatal Error] :1:1: Premature end of file.
2025-04-02 08:37:41,349 [ERROR] LogOutputStream:75 - [STDERR_REDIRECT] 
2025-04-02 08:37:41,459 [ERROR] LogOutputStream:75 - [STDERR_REDIRECT] [Fatal Error] :1:1: Premature end of file.
2025-04-02 08:37:41,459 [ERROR] LogOutputStream:75 - [STDERR_REDIRECT] 
2025-04-02 08:37:42,643 [ERROR] LogOutputStream:75 - [STDERR_REDIRECT] [Fatal Error] :1:1: Premature end of file.
2025-04-02 08:37:42,645 [ERROR] LogOutputStream:75 - [STDERR_REDIRECT] 
2025-04-02 08:37:44,387 [ERROR] LogOutputStream:75 - [STDERR_REDIRECT] [Fatal Error] :1:1: Premature end of file.
2025-04-02 08:37:44,390 [ERROR] LogOutputStream:75 - [STDERR_REDIRECT] 
2025-04-02 08:37:44,951 [ERROR] LogOutputStream:75 - [STDERR_REDIRECT] [Fatal Error] :1:1: Premature end of file.
2025-04-02 08:37:44,951 [ERROR] LogOutputStream:75 - [STDERR_REDIRECT] 
2025-04-02 08:37:45,562 [ERROR] LogOutputStream:75 - [STDERR_REDIRECT] [Fatal Error] :1:1: Premature end of file.
2025-04-02 08:37:45,562 [ERROR] LogOutputStream:75 - [STDERR_REDIRECT] 
2025-04-02 08:37:47,443 [ERROR] LogOutputStream:75 - [STDERR_REDIRECT] [Fatal Error] :1:1: Premature end of file.
2025-04-02 08:37:47,443 [ERROR] LogOutputStream:75 - [STDERR_REDIRECT] 
2025-04-02 08:37:49,447 [ERROR] LogOutputStream:75 - [STDERR_REDIRECT] [Fatal Error] :1:1: Premature end of file.
2025-04-02 08:37:49,449 [ERROR] LogOutputStream:75 - [STDERR_REDIRECT] 
2025-04-02 08:37:50,266 [ERROR] LogOutputStream:75 - [STDERR_REDIRECT] [Fatal Error] :1:1: Premature end of file.
2025-04-02 08:37:50,266 [ERROR] LogOutputStream:75 - [STDERR_REDIRECT] 
2025-04-02 08:37:51,509 [ERROR] LogOutputStream:75 - [STDERR_REDIRECT] [Fatal Error] :1:1: Premature end of file.
2025-04-02 08:37:51,509 [ERROR] LogOutputStream:75 - [STDERR_REDIRECT] 
2025-04-02 08:37:52,780 [ERROR] LogOutputStream:75 - [STDERR_REDIRECT] [Fatal Error] :1:1: Premature end of file.
2025-04-02 08:37:52,780 [ERROR] LogOutputStream:75 - [STDERR_REDIRECT] 
2025-04-02 08:37:55,221 [ERROR] LogOutputStream:75 - [STDERR_REDIRECT] [Fatal Error] :1:1: Premature end of file.
2025-04-02 08:37:55,221 [ERROR] LogOutputStream:75 - [STDERR_REDIRECT] 
2025-04-02 08:37:57,521 [ERROR] LogOutputStream:75 - [STDERR_REDIRECT] [Fatal Error] :1:1: Premature end of file.
2025-04-02 08:37:57,523 [ERROR] LogOutputStream:75 - [STDERR_REDIRECT] 
2025-04-02 08:37:59,783 [ERROR] LogOutputStream:75 - [STDERR_REDIRECT] [Fatal Error] :1:1: Premature end of file.
2025-04-02 08:37:59,783 [ERROR] LogOutputStream:75 - [STDERR_REDIRECT] 
2025-04-02 08:38:01,102 [ERROR] LogOutputStream:75 - [STDERR_REDIRECT] [Fatal Error] :1:1: Premature end of file.
2025-04-02 08:38:01,106 [ERROR] LogOutputStream:75 - [STDERR_REDIRECT] 
2025-04-02 08:38:01,625 [ERROR] LogOutputStream:75 - [STDERR_REDIRECT] [Fatal Error] :1:1: Premature end of file.
2025-04-02 08:38:01,626 [ERROR] LogOutputStream:75 - [STDERR_REDIRECT] 
2025-04-02 08:38:02,490 [ERROR] LogOutputStream:75 - [STDERR_REDIRECT] [Fatal Error] :1:1: Premature end of file.
2025-04-02 08:38:02,524 [ERROR] LogOutputStream:75 - [STDERR_REDIRECT] 
2025-04-02 08:38:03,881 [ERROR] LogOutputStream:75 - [STDERR_REDIRECT] [Fatal Error] :1:1: Premature end of file.
2025-04-02 08:38:03,883 [ERROR] LogOutputStream:75 - [STDERR_REDIRECT] 
2025-04-02 08:38:04,426 [ERROR] LogOutputStream:75 - [STDERR_REDIRECT] [Fatal Error] :1:1: Premature end of file.
2025-04-02 08:38:04,427 [ERROR] LogOutputStream:75 - [STDERR_REDIRECT] 
2025-04-02 08:38:05,028 [ERROR] LogOutputStream:75 - [STDERR_REDIRECT] [Fatal Error] :1:1: Premature end of file.
2025-04-02 08:38:05,030 [ERROR] LogOutputStream:75 - [STDERR_REDIRECT] 
2025-04-02 08:38:06,127 [ERROR] LogOutputStream:75 - [STDERR_REDIRECT] [Fatal Error] :1:1: Premature end of file.
2025-04-02 08:38:06,129 [ERROR] LogOutputStream:75 - [STDERR_REDIRECT] 
2025-04-02 08:38:06,956 [ERROR] LogOutputStream:75 - [STDERR_REDIRECT] [Fatal Error] :1:1: Premature end of file.
2025-04-02 08:38:06,956 [ERROR] LogOutputStream:75 - [STDERR_REDIRECT] 
2025-04-02 08:38:07,866 [ERROR] LogOutputStream:75 - [STDERR_REDIRECT] [Fatal Error] :1:1: Premature end of file.
2025-04-02 08:38:07,868 [ERROR] LogOutputStream:75 - [STDERR_REDIRECT] 
2025-04-02 08:38:08,898 [ERROR] LogOutputStream:75 - [STDERR_REDIRECT] [Fatal Error] :1:1: Premature end of file.
2025-04-02 08:38:08,898 [ERROR] LogOutputStream:75 - [STDERR_REDIRECT] 
2025-04-02 08:38:10,798 [ERROR] LogOutputStream:75 - [STDERR_REDIRECT] [Fatal Error] :1:1: Premature end of file.
2025-04-02 08:38:10,798 [ERROR] LogOutputStream:75 - [STDERR_REDIRECT] 
2025-04-02 08:38:11,515 [ERROR] LogOutputStream:75 - [STDERR_REDIRECT] [Fatal Error] :1:1: Premature end of file.
2025-04-02 08:38:11,515 [ERROR] LogOutputStream:75 - [STDERR_REDIRECT] 
2025-04-02 08:38:12,511 [ERROR] LogOutputStream:75 - [STDERR_REDIRECT] [Fatal Error] :1:1: Premature end of file.
2025-04-02 08:38:12,511 [ERROR] LogOutputStream:75 - [STDERR_REDIRECT] 
2025-04-02 08:38:14,059 [ERROR] LogOutputStream:75 - [STDERR_REDIRECT] [Fatal Error] :1:1: Premature end of file.
2025-04-02 08:38:14,059 [ERROR] LogOutputStream:75 - [STDERR_REDIRECT] 
2025-04-02 08:38:15,090 [ERROR] LogOutputStream:75 - [STDERR_REDIRECT] [Fatal Error] :1:1: Premature end of file.
2025-04-02 08:38:15,090 [ERROR] LogOutputStream:75 - [STDERR_REDIRECT] 
2025-04-02 08:38:17,077 [ERROR] LogOutputStream:75 - [STDERR_REDIRECT] [Fatal Error] :1:1: Premature end of file.
2025-04-02 08:38:17,077 [ERROR] LogOutputStream:75 - [STDERR_REDIRECT] 
2025-04-02 08:38:17,924 [ERROR] LogOutputStream:75 - [STDERR_REDIRECT] [Fatal Error] :1:1: Premature end of file.
2025-04-02 08:38:17,924 [ERROR] LogOutputStream:75 - [STDERR_REDIRECT] 
2025-04-02 08:38:19,118 [ERROR] LogOutputStream:75 - [STDERR_REDIRECT] [Fatal Error] :1:1: Premature end of file.
2025-04-02 08:38:19,118 [ERROR] LogOutputStream:75 - [STDERR_REDIRECT] 
2025-04-02 08:38:20,322 [ERROR] LogOutputStream:75 - [STDERR_REDIRECT] [Fatal Error] :1:1: Premature end of file.
2025-04-02 08:38:20,324 [ERROR] LogOutputStream:75 - [STDERR_REDIRECT] 
2025-04-02 08:38:21,168 [ERROR] LogOutputStream:75 - [STDERR_REDIRECT] [Fatal Error] :1:1: Premature end of file.
2025-04-02 08:38:21,168 [ERROR] LogOutputStream:75 - [STDERR_REDIRECT] 
2025-04-02 08:38:21,789 [ERROR] LogOutputStream:75 - [STDERR_REDIRECT] [Fatal Error] :1:1: Premature end of file.
2025-04-02 08:38:21,791 [ERROR] LogOutputStream:75 - [STDERR_REDIRECT] 
2025-04-02 08:38:22,482 [ERROR] LogOutputStream:75 - [STDERR_REDIRECT] [Fatal Error] :1:1: Premature end of file.
2025-04-02 08:38:22,483 [ERROR] LogOutputStream:75 - [STDERR_REDIRECT] 
2025-04-02 08:38:23,522 [ERROR] LogOutputStream:75 - [STDERR_REDIRECT] [Fatal Error] :1:1: Premature end of file.
2025-04-02 08:38:23,524 [ERROR] LogOutputStream:75 - [STDERR_REDIRECT] 
2025-04-02 08:38:24,614 [ERROR] LogOutputStream:75 - [STDERR_REDIRECT] [Fatal Error] :1:1: Premature end of file.
2025-04-02 08:38:24,614 [ERROR] LogOutputStream:75 - [STDERR_REDIRECT] 
2025-04-02 08:38:25,843 [ERROR] LogOutputStream:75 - [STDERR_REDIRECT] [Fatal Error] :1:1: Premature end of file.
2025-04-02 08:38:25,845 [ERROR] LogOutputStream:75 - [STDERR_REDIRECT] 
2025-04-02 08:38:26,553 [ERROR] LogOutputStream:75 - [STDERR_REDIRECT] [Fatal Error] :1:1: Premature end of file.
2025-04-02 08:38:26,556 [ERROR] LogOutputStream:75 - [STDERR_REDIRECT] 
2025-04-02 08:38:27,406 [ERROR] LogOutputStream:75 - [STDERR_REDIRECT] [Fatal Error] :1:1: Premature end of file.
2025-04-02 08:38:27,406 [ERROR] LogOutputStream:75 - [STDERR_REDIRECT] 
2025-04-02 08:38:28,144 [ERROR] LogOutputStream:75 - [STDERR_REDIRECT] [Fatal Error] :1:1: Premature end of file.
2025-04-02 08:38:28,144 [ERROR] LogOutputStream:75 - [STDERR_REDIRECT] 
2025-04-02 08:38:28,358 [ERROR] LogOutputStream:75 - [STDERR_REDIRECT] [Fatal Error] :1:1: Premature end of file.
2025-04-02 08:38:28,360 [ERROR] LogOutputStream:75 - [STDERR_REDIRECT] 
2025-04-02 08:38:28,492 [ERROR] LogOutputStream:75 - [STDERR_REDIRECT] [Fatal Error] :1:1: Premature end of file.
2025-04-02 08:38:28,492 [ERROR] LogOutputStream:75 - [STDERR_REDIRECT] 
2025-04-02 08:38:28,631 [ERROR] LogOutputStream:75 - [STDERR_REDIRECT] [Fatal Error] :1:1: Premature end of file.
2025-04-02 08:38:28,633 [ERROR] LogOutputStream:75 - [STDERR_REDIRECT] 
2025-04-02 08:38:28,859 [ERROR] LogOutputStream:75 - [STDERR_REDIRECT] [Fatal Error] :1:1: Premature end of file.
2025-04-02 08:38:28,859 [ERROR] LogOutputStream:75 - [STDERR_REDIRECT] 
2025-04-02 08:38:28,997 [ERROR] LogOutputStream:75 - [STDERR_REDIRECT] [Fatal Error] :1:1: Premature end of file.
2025-04-02 08:38:28,997 [ERROR] LogOutputStream:75 - [STDERR_REDIRECT] 
2025-04-02 08:38:29,071 [ERROR] LogOutputStream:75 - [STDERR_REDIRECT] [Fatal Error] :1:1: Premature end of file.
2025-04-02 08:38:29,072 [ERROR] LogOutputStream:75 - [STDERR_REDIRECT] 
2025-04-02 08:38:29,196 [ERROR] LogOutputStream:75 - [STDERR_REDIRECT] [Fatal Error] :1:1: Premature end of file.
2025-04-02 08:38:29,196 [ERROR] LogOutputStream:75 - [STDERR_REDIRECT] 
2025-04-02 08:38:29,315 [ERROR] LogOutputStream:75 - [STDERR_REDIRECT] [Fatal Error] :1:1: Premature end of file.
2025-04-02 08:38:29,315 [ERROR] LogOutputStream:75 - [STDERR_REDIRECT] 
2025-04-02 08:38:30,183 [ERROR] LogOutputStream:75 - [STDERR_REDIRECT] [Fatal Error] :1:1: Premature end of file.
2025-04-02 08:38:30,183 [ERROR] LogOutputStream:75 - [STDERR_REDIRECT] 
2025-04-02 08:38:31,331 [ERROR] LogOutputStream:75 - [STDERR_REDIRECT] [Fatal Error] :1:1: Premature end of file.
2025-04-02 08:38:31,331 [ERROR] LogOutputStream:75 - [STDERR_REDIRECT] 
2025-04-02 08:38:32,446 [ERROR] LogOutputStream:75 - [STDERR_REDIRECT] [Fatal Error] :1:1: Premature end of file.
2025-04-02 08:38:32,448 [ERROR] LogOutputStream:75 - [STDERR_REDIRECT] 
2025-04-02 08:38:33,185 [ERROR] LogOutputStream:75 - [STDERR_REDIRECT] [Fatal Error] :1:1: Premature end of file.
2025-04-02 08:38:33,186 [ERROR] LogOutputStream:75 - [STDERR_REDIRECT] 
2025-04-02 08:38:34,284 [ERROR] LogOutputStream:75 - [STDERR_REDIRECT] [Fatal Error] :1:1: Premature end of file.
2025-04-02 08:38:34,284 [ERROR] LogOutputStream:75 - [STDERR_REDIRECT] 
2025-04-02 08:38:35,336 [ERROR] LogOutputStream:75 - [STDERR_REDIRECT] [Fatal Error] :1:1: Premature end of file.
2025-04-02 08:38:35,337 [ERROR] LogOutputStream:75 - [STDERR_REDIRECT] 
2025-04-02 08:38:36,397 [ERROR] LogOutputStream:75 - [STDERR_REDIRECT] [Fatal Error] :1:1: Premature end of file.
2025-04-02 08:38:36,397 [ERROR] LogOutputStream:75 - [STDERR_REDIRECT] 
2025-04-02 08:38:37,191 [ERROR] LogOutputStream:75 - [STDERR_REDIRECT] [Fatal Error] :1:1: Premature end of file.
2025-04-02 08:38:37,192 [ERROR] LogOutputStream:75 - [STDERR_REDIRECT] 
2025-04-02 08:38:38,194 [ERROR] LogOutputStream:75 - [STDERR_REDIRECT] [Fatal Error] :1:1: Premature end of file.
2025-04-02 08:38:38,195 [ERROR] LogOutputStream:75 - [STDERR_REDIRECT] 
2025-04-02 08:38:39,215 [ERROR] LogOutputStream:75 - [STDERR_REDIRECT] [Fatal Error] :1:1: Premature end of file.
2025-04-02 08:38:39,216 [ERROR] LogOutputStream:75 - [STDERR_REDIRECT] 
2025-04-02 08:38:40,238 [ERROR] LogOutputStream:75 - [STDERR_REDIRECT] [Fatal Error] :1:1: Premature end of file.
2025-04-02 08:38:40,241 [ERROR] LogOutputStream:75 - [STDERR_REDIRECT] 
2025-04-02 08:38:41,303 [ERROR] LogOutputStream:75 - [STDERR_REDIRECT] [Fatal Error] :1:1: Premature end of file.
2025-04-02 08:38:41,306 [ERROR] LogOutputStream:75 - [STDERR_REDIRECT] 
2025-04-02 08:38:42,268 [ERROR] LogOutputStream:75 - [STDERR_REDIRECT] [Fatal Error] :1:1: Premature end of file.
2025-04-02 08:38:42,269 [ERROR] LogOutputStream:75 - [STDERR_REDIRECT] 
2025-04-02 08:38:43,246 [ERROR] LogOutputStream:75 - [STDERR_REDIRECT] [Fatal Error] :1:1: Premature end of file.
2025-04-02 08:38:43,246 [ERROR] LogOutputStream:75 - [STDERR_REDIRECT] 
2025-04-02 08:38:44,226 [ERROR] LogOutputStream:75 - [STDERR_REDIRECT] [Fatal Error] :1:1: Premature end of file.
2025-04-02 08:38:44,227 [ERROR] LogOutputStream:75 - [STDERR_REDIRECT] 
2025-04-02 08:38:45,153 [ERROR] LogOutputStream:75 - [STDERR_REDIRECT] [Fatal Error] :1:1: Premature end of file.
2025-04-02 08:38:45,154 [ERROR] LogOutputStream:75 - [STDERR_REDIRECT] 
2025-04-02 08:38:46,135 [ERROR] LogOutputStream:75 - [STDERR_REDIRECT] [Fatal Error] :1:1: Premature end of file.
2025-04-02 08:38:46,135 [ERROR] LogOutputStream:75 - [STDERR_REDIRECT] 
2025-04-02 08:38:47,200 [ERROR] LogOutputStream:75 - [STDERR_REDIRECT] [Fatal Error] :1:1: Premature end of file.
2025-04-02 08:38:47,200 [ERROR] LogOutputStream:75 - [STDERR_REDIRECT] 
2025-04-02 08:38:48,155 [ERROR] LogOutputStream:75 - [STDERR_REDIRECT] [Fatal Error] :1:1: Premature end of file.
2025-04-02 08:38:48,155 [ERROR] LogOutputStream:75 - [STDERR_REDIRECT] 
2025-04-02 08:38:49,290 [ERROR] LogOutputStream:75 - [STDERR_REDIRECT] [Fatal Error] :1:1: Premature end of file.
2025-04-02 08:38:49,291 [ERROR] LogOutputStream:75 - [STDERR_REDIRECT] 
2025-04-02 08:38:50,162 [ERROR] LogOutputStream:75 - [STDERR_REDIRECT] [Fatal Error] :1:1: Premature end of file.
2025-04-02 08:38:50,163 [ERROR] LogOutputStream:75 - [STDERR_REDIRECT] 
2025-04-02 08:38:51,145 [ERROR] LogOutputStream:75 - [STDERR_REDIRECT] [Fatal Error] :1:1: Premature end of file.
2025-04-02 08:38:51,145 [ERROR] LogOutputStream:75 - [STDERR_REDIRECT] 
2025-04-02 08:38:52,127 [ERROR] LogOutputStream:75 - [STDERR_REDIRECT] [Fatal Error] :1:1: Premature end of file.
2025-04-02 08:38:52,127 [ERROR] LogOutputStream:75 - [STDERR_REDIRECT] 
2025-04-02 08:38:53,154 [ERROR] LogOutputStream:75 - [STDERR_REDIRECT] [Fatal Error] :1:1: Premature end of file.
2025-04-02 08:38:53,155 [ERROR] LogOutputStream:75 - [STDERR_REDIRECT] 
2025-04-02 08:38:54,135 [ERROR] LogOutputStream:75 - [STDERR_REDIRECT] [Fatal Error] :1:1: Premature end of file.
2025-04-02 08:38:54,135 [ERROR] LogOutputStream:75 - [STDERR_REDIRECT] 
2025-04-02 08:38:55,161 [ERROR] LogOutputStream:75 - [STDERR_REDIRECT] [Fatal Error] :1:1: Premature end of file.
2025-04-02 08:38:55,161 [ERROR] LogOutputStream:75 - [STDERR_REDIRECT] 
2025-04-02 08:38:56,142 [ERROR] LogOutputStream:75 - [STDERR_REDIRECT] [Fatal Error] :1:1: Premature end of file.
2025-04-02 08:38:56,142 [ERROR] LogOutputStream:75 - [STDERR_REDIRECT] 
2025-04-02 08:38:57,135 [ERROR] LogOutputStream:75 - [STDERR_REDIRECT] [Fatal Error] :1:1: Premature end of file.
2025-04-02 08:38:57,135 [ERROR] LogOutputStream:75 - [STDERR_REDIRECT] 
2025-04-02 08:38:58,210 [ERROR] LogOutputStream:75 - [STDERR_REDIRECT] [Fatal Error] :1:1: Premature end of file.
2025-04-02 08:38:58,210 [ERROR] LogOutputStream:75 - [STDERR_REDIRECT] 
2025-04-02 08:38:59,167 [ERROR] LogOutputStream:75 - [STDERR_REDIRECT] [Fatal Error] :1:1: Premature end of file.
2025-04-02 08:38:59,167 [ERROR] LogOutputStream:75 - [STDERR_REDIRECT] 
2025-04-02 08:39:00,154 [ERROR] LogOutputStream:75 - [STDERR_REDIRECT] [Fatal Error] :1:1: Premature end of file.
2025-04-02 08:39:00,154 [ERROR] LogOutputStream:75 - [STDERR_REDIRECT] 
2025-04-02 08:39:01,345 [ERROR] LogOutputStream:75 - [STDERR_REDIRECT] [Fatal Error] :1:1: Premature end of file.
2025-04-02 08:39:01,346 [ERROR] LogOutputStream:75 - [STDERR_REDIRECT] 
2025-04-02 08:39:02,397 [ERROR] LogOutputStream:75 - [STDERR_REDIRECT] [Fatal Error] :1:1: Premature end of file.
2025-04-02 08:39:02,397 [ERROR] LogOutputStream:75 - [STDERR_REDIRECT] 
2025-04-02 08:39:03,547 [ERROR] LogOutputStream:75 - [STDERR_REDIRECT] [Fatal Error] :1:1: Premature end of file.
2025-04-02 08:39:03,547 [ERROR] LogOutputStream:75 - [STDERR_REDIRECT] 
2025-04-02 08:39:04,913 [ERROR] LogOutputStream:75 - [STDERR_REDIRECT] [Fatal Error] :1:1: Premature end of file.
2025-04-02 08:39:04,914 [ERROR] LogOutputStream:75 - [STDERR_REDIRECT] 
2025-04-02 08:39:05,310 [ERROR] LogOutputStream:75 - [STDERR_REDIRECT] [Fatal Error] :1:1: Premature end of file.
2025-04-02 08:39:05,311 [ERROR] LogOutputStream:75 - [STDERR_REDIRECT] 
2025-04-02 08:39:06,448 [ERROR] LogOutputStream:75 - [STDERR_REDIRECT] [Fatal Error] :1:1: Premature end of file.
2025-04-02 08:39:06,448 [ERROR] LogOutputStream:75 - [STDERR_REDIRECT] 
2025-04-02 08:39:07,369 [ERROR] LogOutputStream:75 - [STDERR_REDIRECT] [Fatal Error] :1:1: Premature end of file.
2025-04-02 08:39:07,370 [ERROR] LogOutputStream:75 - [STDERR_REDIRECT] 
2025-04-02 08:39:08,485 [ERROR] LogOutputStream:75 - [STDERR_REDIRECT] [Fatal Error] :1:1: Premature end of file.
2025-04-02 08:39:08,485 [ERROR] LogOutputStream:75 - [STDERR_REDIRECT] 
2025-04-02 08:39:09,659 [ERROR] LogOutputStream:75 - [STDERR_REDIRECT] [Fatal Error] :1:1: Premature end of file.
2025-04-02 08:39:09,659 [ERROR] LogOutputStream:75 - [STDERR_REDIRECT] 
2025-04-02 08:39:10,821 [ERROR] LogOutputStream:75 - [STDERR_REDIRECT] [Fatal Error] :1:1: Premature end of file.
2025-04-02 08:39:10,821 [ERROR] LogOutputStream:75 - [STDERR_REDIRECT] 
2025-04-02 08:39:11,713 [ERROR] LogOutputStream:75 - [STDERR_REDIRECT] [Fatal Error] :1:1: Premature end of file.
2025-04-02 08:39:11,713 [ERROR] LogOutputStream:75 - [STDERR_REDIRECT] 
2025-04-02 08:39:12,311 [ERROR] LogOutputStream:75 - [STDERR_REDIRECT] [Fatal Error] :1:1: Premature end of file.
2025-04-02 08:39:12,311 [ERROR] LogOutputStream:75 - [STDERR_REDIRECT] 
2025-04-02 08:39:13,445 [ERROR] LogOutputStream:75 - [STDERR_REDIRECT] [Fatal Error] :1:1: Premature end of file.
2025-04-02 08:39:13,445 [ERROR] LogOutputStream:75 - [STDERR_REDIRECT] 
2025-04-02 08:39:14,435 [ERROR] LogOutputStream:75 - [STDERR_REDIRECT] [Fatal Error] :1:1: Premature end of file.
2025-04-02 08:39:14,435 [ERROR] LogOutputStream:75 - [STDERR_REDIRECT] 
2025-04-02 08:39:15,278 [ERROR] LogOutputStream:75 - [STDERR_REDIRECT] [Fatal Error] :1:1: Premature end of file.
2025-04-02 08:39:15,278 [ERROR] LogOutputStream:75 - [STDERR_REDIRECT] 
2025-04-02 08:39:16,364 [ERROR] LogOutputStream:75 - [STDERR_REDIRECT] [Fatal Error] :1:1: Premature end of file.
2025-04-02 08:39:16,364 [ERROR] LogOutputStream:75 - [STDERR_REDIRECT] 
2025-04-02 08:39:17,147 [ERROR] LogOutputStream:75 - [STDERR_REDIRECT] [Fatal Error] :1:1: Premature end of file.
2025-04-02 08:39:17,148 [ERROR] LogOutputStream:75 - [STDERR_REDIRECT] 
2025-04-02 08:39:18,160 [ERROR] LogOutputStream:75 - [STDERR_REDIRECT] [Fatal Error] :1:1: Premature end of file.
2025-04-02 08:39:18,160 [ERROR] LogOutputStream:75 - [STDERR_REDIRECT] 
2025-04-02 08:39:19,184 [ERROR] LogOutputStream:75 - [STDERR_REDIRECT] [Fatal Error] :1:1: Premature end of file.
2025-04-02 08:39:19,184 [ERROR] LogOutputStream:75 - [STDERR_REDIRECT] 
2025-04-02 08:39:20,206 [ERROR] LogOutputStream:75 - [STDERR_REDIRECT] [Fatal Error] :1:1: Premature end of file.
2025-04-02 08:39:20,207 [ERROR] LogOutputStream:75 - [STDERR_REDIRECT] 
2025-04-02 08:39:21,145 [ERROR] LogOutputStream:75 - [STDERR_REDIRECT] [Fatal Error] :1:1: Premature end of file.
2025-04-02 08:39:21,145 [ERROR] LogOutputStream:75 - [STDERR_REDIRECT] 
2025-04-02 08:39:22,205 [ERROR] LogOutputStream:75 - [STDERR_REDIRECT] [Fatal Error] :1:1: Premature end of file.
2025-04-02 08:39:22,206 [ERROR] LogOutputStream:75 - [STDERR_REDIRECT] 
2025-04-02 08:39:23,270 [ERROR] LogOutputStream:75 - [STDERR_REDIRECT] [Fatal Error] :1:1: Premature end of file.
2025-04-02 08:39:23,270 [ERROR] LogOutputStream:75 - [STDERR_REDIRECT] 
2025-04-02 08:39:24,263 [ERROR] LogOutputStream:75 - [STDERR_REDIRECT] [Fatal Error] :1:1: Premature end of file.
2025-04-02 08:39:24,264 [ERROR] LogOutputStream:75 - [STDERR_REDIRECT] 
2025-04-02 08:39:25,141 [ERROR] LogOutputStream:75 - [STDERR_REDIRECT] [Fatal Error] :1:1: Premature end of file.
2025-04-02 08:39:25,142 [ERROR] LogOutputStream:75 - [STDERR_REDIRECT] 
2025-04-02 08:39:26,108 [ERROR] LogOutputStream:75 - [STDERR_REDIRECT] [Fatal Error] :1:1: Premature end of file.
2025-04-02 08:39:26,108 [ERROR] LogOutputStream:75 - [STDERR_REDIRECT] 
2025-04-02 08:39:27,126 [ERROR] LogOutputStream:75 - [STDERR_REDIRECT] [Fatal Error] :1:1: Premature end of file.
2025-04-02 08:39:27,126 [ERROR] LogOutputStream:75 - [STDERR_REDIRECT] 
2025-04-02 08:39:28,130 [ERROR] LogOutputStream:75 - [STDERR_REDIRECT] [Fatal Error] :1:1: Premature end of file.
2025-04-02 08:39:28,130 [ERROR] LogOutputStream:75 - [STDERR_REDIRECT] 
2025-04-02 08:39:29,131 [ERROR] LogOutputStream:75 - [STDERR_REDIRECT] [Fatal Error] :1:1: Premature end of file.
2025-04-02 08:39:29,131 [ERROR] LogOutputStream:75 - [STDERR_REDIRECT] 
2025-04-02 08:39:30,120 [ERROR] LogOutputStream:75 - [STDERR_REDIRECT] [Fatal Error] :1:1: Premature end of file.
2025-04-02 08:39:30,121 [ERROR] LogOutputStream:75 - [STDERR_REDIRECT] 
2025-04-02 08:39:31,127 [ERROR] LogOutputStream:75 - [STDERR_REDIRECT] [Fatal Error] :1:1: Premature end of file.
2025-04-02 08:39:31,127 [ERROR] LogOutputStream:75 - [STDERR_REDIRECT] 
2025-04-02 08:39:32,143 [ERROR] LogOutputStream:75 - [STDERR_REDIRECT] [Fatal Error] :1:1: Premature end of file.
2025-04-02 08:39:32,143 [ERROR] LogOutputStream:75 - [STDERR_REDIRECT] 
2025-04-02 08:39:33,230 [ERROR] LogOutputStream:75 - [STDERR_REDIRECT] [Fatal Error] :1:1: Premature end of file.
2025-04-02 08:39:33,231 [ERROR] LogOutputStream:75 - [STDERR_REDIRECT] 
2025-04-02 08:39:34,117 [ERROR] LogOutputStream:75 - [STDERR_REDIRECT] [Fatal Error] :1:1: Premature end of file.
2025-04-02 08:39:34,118 [ERROR] LogOutputStream:75 - [STDERR_REDIRECT] 
2025-04-02 08:39:35,148 [ERROR] LogOutputStream:75 - [STDERR_REDIRECT] [Fatal Error] :1:1: Premature end of file.
2025-04-02 08:39:35,148 [ERROR] LogOutputStream:75 - [STDERR_REDIRECT] 
2025-04-02 08:39:36,153 [ERROR] LogOutputStream:75 - [STDERR_REDIRECT] [Fatal Error] :1:1: Premature end of file.
2025-04-02 08:39:36,153 [ERROR] LogOutputStream:75 - [STDERR_REDIRECT] 
2025-04-02 08:39:37,127 [ERROR] LogOutputStream:75 - [STDERR_REDIRECT] [Fatal Error] :1:1: Premature end of file.
2025-04-02 08:39:37,127 [ERROR] LogOutputStream:75 - [STDERR_REDIRECT] 
2025-04-02 08:39:38,146 [ERROR] LogOutputStream:75 - [STDERR_REDIRECT] [Fatal Error] :1:1: Premature end of file.
2025-04-02 08:39:38,147 [ERROR] LogOutputStream:75 - [STDERR_REDIRECT] 
2025-04-02 08:39:39,114 [ERROR] LogOutputStream:75 - [STDERR_REDIRECT] [Fatal Error] :1:1: Premature end of file.
2025-04-02 08:39:39,115 [ERROR] LogOutputStream:75 - [STDERR_REDIRECT] 
2025-04-02 08:39:40,119 [ERROR] LogOutputStream:75 - [STDERR_REDIRECT] [Fatal Error] :1:1: Premature end of file.
2025-04-02 08:39:40,119 [ERROR] LogOutputStream:75 - [STDERR_REDIRECT] 
2025-04-02 08:39:41,133 [ERROR] LogOutputStream:75 - [STDERR_REDIRECT] [Fatal Error] :1:1: Premature end of file.
2025-04-02 08:39:41,133 [ERROR] LogOutputStream:75 - [STDERR_REDIRECT] 
2025-04-02 08:39:42,130 [ERROR] LogOutputStream:75 - [STDERR_REDIRECT] [Fatal Error] :1:1: Premature end of file.
2025-04-02 08:39:42,131 [ERROR] LogOutputStream:75 - [STDERR_REDIRECT] 
2025-04-02 08:39:43,217 [ERROR] LogOutputStream:75 - [STDERR_REDIRECT] [Fatal Error] :1:1: Premature end of file.
2025-04-02 08:39:43,218 [ERROR] LogOutputStream:75 - [STDERR_REDIRECT] 
2025-04-02 08:39:44,161 [ERROR] LogOutputStream:75 - [STDERR_REDIRECT] [Fatal Error] :1:1: Premature end of file.
2025-04-02 08:39:44,162 [ERROR] LogOutputStream:75 - [STDERR_REDIRECT] 
2025-04-02 08:39:45,131 [ERROR] LogOutputStream:75 - [STDERR_REDIRECT] [Fatal Error] :1:1: Premature end of file.
2025-04-02 08:39:45,131 [ERROR] LogOutputStream:75 - [STDERR_REDIRECT] 
2025-04-02 08:39:46,127 [ERROR] LogOutputStream:75 - [STDERR_REDIRECT] [Fatal Error] :1:1: Premature end of file.
2025-04-02 08:39:46,128 [ERROR] LogOutputStream:75 - [STDERR_REDIRECT] 
2025-04-02 08:39:47,159 [ERROR] LogOutputStream:75 - [STDERR_REDIRECT] [Fatal Error] :1:1: Premature end of file.
2025-04-02 08:39:47,160 [ERROR] LogOutputStream:75 - [STDERR_REDIRECT] 
2025-04-02 08:39:48,172 [ERROR] LogOutputStream:75 - [STDERR_REDIRECT] [Fatal Error] :1:1: Premature end of file.
2025-04-02 08:39:48,172 [ERROR] LogOutputStream:75 - [STDERR_REDIRECT] 
2025-04-02 08:39:49,193 [ERROR] LogOutputStream:75 - [STDERR_REDIRECT] [Fatal Error] :1:1: Premature end of file.
2025-04-02 08:39:49,194 [ERROR] LogOutputStream:75 - [STDERR_REDIRECT] 
2025-04-02 08:39:50,211 [ERROR] LogOutputStream:75 - [STDERR_REDIRECT] [Fatal Error] :1:1: Premature end of file.
2025-04-02 08:39:50,211 [ERROR] LogOutputStream:75 - [STDERR_REDIRECT] 
2025-04-02 08:39:51,225 [ERROR] LogOutputStream:75 - [STDERR_REDIRECT] [Fatal Error] :1:1: Premature end of file.
2025-04-02 08:39:51,226 [ERROR] LogOutputStream:75 - [STDERR_REDIRECT] 
2025-04-02 08:39:52,365 [ERROR] LogOutputStream:75 - [STDERR_REDIRECT] [Fatal Error] :1:1: Premature end of file.
2025-04-02 08:39:52,365 [ERROR] LogOutputStream:75 - [STDERR_REDIRECT] 
2025-04-02 08:39:53,181 [ERROR] LogOutputStream:75 - [STDERR_REDIRECT] [Fatal Error] :1:1: Premature end of file.
2025-04-02 08:39:53,182 [ERROR] LogOutputStream:75 - [STDERR_REDIRECT] 
2025-04-02 08:39:54,143 [ERROR] LogOutputStream:75 - [STDERR_REDIRECT] [Fatal Error] :1:1: Premature end of file.
2025-04-02 08:39:54,143 [ERROR] LogOutputStream:75 - [STDERR_REDIRECT] 
2025-04-02 08:39:55,317 [ERROR] LogOutputStream:75 - [STDERR_REDIRECT] [Fatal Error] :1:1: Premature end of file.
2025-04-02 08:39:55,318 [ERROR] LogOutputStream:75 - [STDERR_REDIRECT] 
2025-04-02 08:39:56,144 [ERROR] LogOutputStream:75 - [STDERR_REDIRECT] [Fatal Error] :1:1: Premature end of file.
2025-04-02 08:39:56,144 [ERROR] LogOutputStream:75 - [STDERR_REDIRECT] 
2025-04-02 08:39:57,129 [ERROR] LogOutputStream:75 - [STDERR_REDIRECT] [Fatal Error] :1:1: Premature end of file.
2025-04-02 08:39:57,129 [ERROR] LogOutputStream:75 - [STDERR_REDIRECT] 
2025-04-02 08:39:58,110 [ERROR] LogOutputStream:75 - [STDERR_REDIRECT] [Fatal Error] :1:1: Premature end of file.
2025-04-02 08:39:58,111 [ERROR] LogOutputStream:75 - [STDERR_REDIRECT] 
2025-04-02 08:39:59,139 [ERROR] LogOutputStream:75 - [STDERR_REDIRECT] [Fatal Error] :1:1: Premature end of file.
2025-04-02 08:39:59,140 [ERROR] LogOutputStream:75 - [STDERR_REDIRECT] 
2025-04-02 08:40:09,361 [ERROR] LogOutputStream:75 - [STDERR_REDIRECT] [Fatal Error] :1:1: Premature end of file.
2025-04-02 08:40:09,362 [ERROR] LogOutputStream:75 - [STDERR_REDIRECT] 
2025-04-02 08:40:09,487 [ERROR] LogOutputStream:75 - [STDERR_REDIRECT] [Fatal Error] :1:1: Premature end of file.
2025-04-02 08:40:09,488 [ERROR] LogOutputStream:75 - [STDERR_REDIRECT] 
2025-04-02 08:40:09,574 [ERROR] LogOutputStream:75 - [STDERR_REDIRECT] [Fatal Error] :1:1: Premature end of file.
2025-04-02 08:40:09,575 [ERROR] LogOutputStream:75 - [STDERR_REDIRECT] 
2025-04-02 08:40:09,653 [ERROR] LogOutputStream:75 - [STDERR_REDIRECT] [Fatal Error] :1:1: Premature end of file.
2025-04-02 08:40:09,653 [ERROR] LogOutputStream:75 - [STDERR_REDIRECT] 
2025-04-02 08:40:09,740 [ERROR] LogOutputStream:75 - [STDERR_REDIRECT] [Fatal Error] :1:1: Premature end of file.
2025-04-02 08:40:09,740 [ERROR] LogOutputStream:75 - [STDERR_REDIRECT] 
2025-04-02 08:40:09,859 [ERROR] LogOutputStream:75 - [STDERR_REDIRECT] [Fatal Error] :1:1: Premature end of file.
2025-04-02 08:40:09,860 [ERROR] LogOutputStream:75 - [STDERR_REDIRECT] 
2025-04-02 08:40:09,943 [ERROR] LogOutputStream:75 - [STDERR_REDIRECT] [Fatal Error] :1:1: Premature end of file.
2025-04-02 08:40:09,944 [ERROR] LogOutputStream:75 - [STDERR_REDIRECT] 
2025-04-02 08:40:10,028 [ERROR] LogOutputStream:75 - [STDERR_REDIRECT] [Fatal Error] :1:1: Premature end of file.
2025-04-02 08:40:10,029 [ERROR] LogOutputStream:75 - [STDERR_REDIRECT] 
2025-04-02 08:40:10,114 [ERROR] LogOutputStream:75 - [STDERR_REDIRECT] [Fatal Error] :1:1: Premature end of file.
2025-04-02 08:40:10,114 [ERROR] LogOutputStream:75 - [STDERR_REDIRECT] 
2025-04-02 08:40:10,192 [ERROR] LogOutputStream:75 - [STDERR_REDIRECT] [Fatal Error] :1:1: Premature end of file.
2025-04-02 08:40:10,194 [ERROR] LogOutputStream:75 - [STDERR_REDIRECT] 
2025-04-02 08:40:10,286 [ERROR] LogOutputStream:75 - [STDERR_REDIRECT] [Fatal Error] :1:1: Premature end of file.
2025-04-02 08:40:10,287 [ERROR] LogOutputStream:75 - [STDERR_REDIRECT] 
2025-04-02 08:40:11,113 [ERROR] LogOutputStream:75 - [STDERR_REDIRECT] [Fatal Error] :1:1: Premature end of file.
2025-04-02 08:40:11,114 [ERROR] LogOutputStream:75 - [STDERR_REDIRECT] 
2025-04-02 08:40:12,155 [ERROR] LogOutputStream:75 - [STDERR_REDIRECT] [Fatal Error] :1:1: Premature end of file.
2025-04-02 08:40:12,155 [ERROR] LogOutputStream:75 - [STDERR_REDIRECT] 
2025-04-02 08:40:13,120 [ERROR] LogOutputStream:75 - [STDERR_REDIRECT] [Fatal Error] :1:1: Premature end of file.
2025-04-02 08:40:13,121 [ERROR] LogOutputStream:75 - [STDERR_REDIRECT] 
2025-04-02 08:40:14,110 [ERROR] LogOutputStream:75 - [STDERR_REDIRECT] [Fatal Error] :1:1: Premature end of file.
2025-04-02 08:40:14,110 [ERROR] LogOutputStream:75 - [STDERR_REDIRECT] 
2025-04-02 08:40:15,133 [ERROR] LogOutputStream:75 - [STDERR_REDIRECT] [Fatal Error] :1:1: Premature end of file.
2025-04-02 08:40:15,134 [ERROR] LogOutputStream:75 - [STDERR_REDIRECT] 
2025-04-02 08:40:16,127 [ERROR] LogOutputStream:75 - [STDERR_REDIRECT] [Fatal Error] :1:1: Premature end of file.
2025-04-02 08:40:16,127 [ERROR] LogOutputStream:75 - [STDERR_REDIRECT] 
2025-04-02 08:40:17,166 [ERROR] LogOutputStream:75 - [STDERR_REDIRECT] [Fatal Error] :1:1: Premature end of file.
2025-04-02 08:40:17,167 [ERROR] LogOutputStream:75 - [STDERR_REDIRECT] 
2025-04-02 08:40:18,148 [ERROR] LogOutputStream:75 - [STDERR_REDIRECT] [Fatal Error] :1:1: Premature end of file.
2025-04-02 08:40:18,148 [ERROR] LogOutputStream:75 - [STDERR_REDIRECT] 
2025-04-02 08:40:19,151 [ERROR] LogOutputStream:75 - [STDERR_REDIRECT] [Fatal Error] :1:1: Premature end of file.
2025-04-02 08:40:19,152 [ERROR] LogOutputStream:75 - [STDERR_REDIRECT] 
2025-04-02 08:40:20,203 [ERROR] LogOutputStream:75 - [STDERR_REDIRECT] [Fatal Error] :1:1: Premature end of file.
2025-04-02 08:40:20,203 [ERROR] LogOutputStream:75 - [STDERR_REDIRECT] 
2025-04-02 08:40:21,144 [ERROR] LogOutputStream:75 - [STDERR_REDIRECT] [Fatal Error] :1:1: Premature end of file.
2025-04-02 08:40:21,144 [ERROR] LogOutputStream:75 - [STDERR_REDIRECT] 
2025-04-02 08:40:22,109 [ERROR] LogOutputStream:75 - [STDERR_REDIRECT] [Fatal Error] :1:1: Premature end of file.
2025-04-02 08:40:22,109 [ERROR] LogOutputStream:75 - [STDERR_REDIRECT] 
2025-04-02 08:40:23,100 [ERROR] LogOutputStream:75 - [STDERR_REDIRECT] [Fatal Error] :1:1: Premature end of file.
2025-04-02 08:40:23,101 [ERROR] LogOutputStream:75 - [STDERR_REDIRECT] 
2025-04-02 08:40:24,103 [ERROR] LogOutputStream:75 - [STDERR_REDIRECT] [Fatal Error] :1:1: Premature end of file.
2025-04-02 08:40:24,103 [ERROR] LogOutputStream:75 - [STDERR_REDIRECT] 
2025-04-02 08:40:25,100 [ERROR] LogOutputStream:75 - [STDERR_REDIRECT] [Fatal Error] :1:1: Premature end of file.
2025-04-02 08:40:25,101 [ERROR] LogOutputStream:75 - [STDERR_REDIRECT] 
2025-04-02 08:40:26,117 [ERROR] LogOutputStream:75 - [STDERR_REDIRECT] [Fatal Error] :1:1: Premature end of file.
2025-04-02 08:40:26,117 [ERROR] LogOutputStream:75 - [STDERR_REDIRECT] 
2025-04-02 08:40:27,177 [ERROR] LogOutputStream:75 - [STDERR_REDIRECT] [Fatal Error] :1:1: Premature end of file.
2025-04-02 08:40:27,178 [ERROR] LogOutputStream:75 - [STDERR_REDIRECT] 
2025-04-02 08:40:28,137 [ERROR] LogOutputStream:75 - [STDERR_REDIRECT] [Fatal Error] :1:1: Premature end of file.
2025-04-02 08:40:28,138 [ERROR] LogOutputStream:75 - [STDERR_REDIRECT] 
2025-04-02 08:40:29,132 [ERROR] LogOutputStream:75 - [STDERR_REDIRECT] [Fatal Error] :1:1: Premature end of file.
2025-04-02 08:40:29,133 [ERROR] LogOutputStream:75 - [STDERR_REDIRECT] 
2025-04-02 08:40:30,167 [ERROR] LogOutputStream:75 - [STDERR_REDIRECT] [Fatal Error] :1:1: Premature end of file.
2025-04-02 08:40:30,167 [ERROR] LogOutputStream:75 - [STDERR_REDIRECT] 
2025-04-02 08:40:31,144 [ERROR] LogOutputStream:75 - [STDERR_REDIRECT] [Fatal Error] :1:1: Premature end of file.
2025-04-02 08:40:31,144 [ERROR] LogOutputStream:75 - [STDERR_REDIRECT] 
2025-04-02 08:40:32,106 [ERROR] LogOutputStream:75 - [STDERR_REDIRECT] [Fatal Error] :1:1: Premature end of file.
2025-04-02 08:40:32,107 [ERROR] LogOutputStream:75 - [STDERR_REDIRECT] 
2025-04-02 08:40:33,111 [ERROR] LogOutputStream:75 - [STDERR_REDIRECT] [Fatal Error] :1:1: Premature end of file.
2025-04-02 08:40:33,111 [ERROR] LogOutputStream:75 - [STDERR_REDIRECT] 
2025-04-02 08:40:34,164 [ERROR] LogOutputStream:75 - [STDERR_REDIRECT] [Fatal Error] :1:1: Premature end of file.
2025-04-02 08:40:34,164 [ERROR] LogOutputStream:75 - [STDERR_REDIRECT] 
2025-04-02 08:40:35,154 [ERROR] LogOutputStream:75 - [STDERR_REDIRECT] [Fatal Error] :1:1: Premature end of file.
2025-04-02 08:40:35,154 [ERROR] LogOutputStream:75 - [STDERR_REDIRECT] 
2025-04-02 08:40:36,193 [ERROR] LogOutputStream:75 - [STDERR_REDIRECT] [Fatal Error] :1:1: Premature end of file.
2025-04-02 08:40:36,194 [ERROR] LogOutputStream:75 - [STDERR_REDIRECT] 
2025-04-02 08:40:37,173 [ERROR] LogOutputStream:75 - [STDERR_REDIRECT] [Fatal Error] :1:1: Premature end of file.
2025-04-02 08:40:37,173 [ERROR] LogOutputStream:75 - [STDERR_REDIRECT] 
2025-04-02 08:40:38,133 [ERROR] LogOutputStream:75 - [STDERR_REDIRECT] [Fatal Error] :1:1: Premature end of file.
2025-04-02 08:40:38,133 [ERROR] LogOutputStream:75 - [STDERR_REDIRECT] 
2025-04-02 08:40:39,128 [ERROR] LogOutputStream:75 - [STDERR_REDIRECT] [Fatal Error] :1:1: Premature end of file.
2025-04-02 08:40:39,128 [ERROR] LogOutputStream:75 - [STDERR_REDIRECT] 
2025-04-02 08:40:40,431 [ERROR] LogOutputStream:75 - [STDERR_REDIRECT] [Fatal Error] :1:1: Premature end of file.
2025-04-02 08:40:40,431 [ERROR] LogOutputStream:75 - [STDERR_REDIRECT] 
2025-04-02 08:40:41,854 [ERROR] LogOutputStream:75 - [STDERR_REDIRECT] [Fatal Error] :1:1: Premature end of file.
2025-04-02 08:40:41,855 [ERROR] LogOutputStream:75 - [STDERR_REDIRECT] 
2025-04-02 08:40:42,452 [ERROR] LogOutputStream:75 - [STDERR_REDIRECT] [Fatal Error] :1:1: Premature end of file.
2025-04-02 08:40:42,453 [ERROR] LogOutputStream:75 - [STDERR_REDIRECT] 
2025-04-02 08:40:43,767 [ERROR] LogOutputStream:75 - [STDERR_REDIRECT] [Fatal Error] :1:1: Premature end of file.
2025-04-02 08:40:43,767 [ERROR] LogOutputStream:75 - [STDERR_REDIRECT] 
2025-04-02 08:40:44,646 [ERROR] LogOutputStream:75 - [STDERR_REDIRECT] [Fatal Error] :1:1: Premature end of file.
2025-04-02 08:40:44,646 [ERROR] LogOutputStream:75 - [STDERR_REDIRECT] 
2025-04-02 08:40:47,562 [ERROR] LogOutputStream:75 - [STDERR_REDIRECT] [Fatal Error] :1:1: Premature end of file.
2025-04-02 08:40:47,563 [ERROR] LogOutputStream:75 - [STDERR_REDIRECT] 
2025-04-02 08:40:48,531 [ERROR] LogOutputStream:75 - [STDERR_REDIRECT] [Fatal Error] :1:1: Premature end of file.
2025-04-02 08:40:48,531 [ERROR] LogOutputStream:75 - [STDERR_REDIRECT] 
2025-04-02 08:40:49,190 [ERROR] LogOutputStream:75 - [STDERR_REDIRECT] [Fatal Error] :1:1: Premature end of file.
2025-04-02 08:40:49,190 [ERROR] LogOutputStream:75 - [STDERR_REDIRECT] 
2025-04-02 08:40:49,985 [ERROR] LogOutputStream:75 - [STDERR_REDIRECT] [Fatal Error] :1:1: Premature end of file.
2025-04-02 08:40:49,985 [ERROR] LogOutputStream:75 - [STDERR_REDIRECT] 
2025-04-02 08:40:50,343 [ERROR] LogOutputStream:75 - [STDERR_REDIRECT] [Fatal Error] :1:1: Premature end of file.
2025-04-02 08:40:50,343 [ERROR] LogOutputStream:75 - [STDERR_REDIRECT] 
2025-04-02 08:40:50,495 [ERROR] LogOutputStream:75 - [STDERR_REDIRECT] [Fatal Error] :1:1: Premature end of file.
2025-04-02 08:40:50,495 [ERROR] LogOutputStream:75 - [STDERR_REDIRECT] 
2025-04-02 08:40:51,320 [ERROR] LogOutputStream:75 - [STDERR_REDIRECT] [Fatal Error] :1:1: Premature end of file.
2025-04-02 08:40:51,320 [ERROR] LogOutputStream:75 - [STDERR_REDIRECT] 
2025-04-02 08:40:52,101 [ERROR] LogOutputStream:75 - [STDERR_REDIRECT] [Fatal Error] :1:1: Premature end of file.
2025-04-02 08:40:52,101 [ERROR] LogOutputStream:75 - [STDERR_REDIRECT] 
2025-04-02 08:40:53,110 [ERROR] LogOutputStream:75 - [STDERR_REDIRECT] [Fatal Error] :1:1: Premature end of file.
2025-04-02 08:40:53,110 [ERROR] LogOutputStream:75 - [STDERR_REDIRECT] 
2025-04-02 08:40:54,117 [ERROR] LogOutputStream:75 - [STDERR_REDIRECT] [Fatal Error] :1:1: Premature end of file.
2025-04-02 08:40:54,117 [ERROR] LogOutputStream:75 - [STDERR_REDIRECT] 
2025-04-02 08:40:55,111 [ERROR] LogOutputStream:75 - [STDERR_REDIRECT] [Fatal Error] :1:1: Premature end of file.
2025-04-02 08:40:55,111 [ERROR] LogOutputStream:75 - [STDERR_REDIRECT] 
2025-04-02 08:40:56,115 [ERROR] LogOutputStream:75 - [STDERR_REDIRECT] [Fatal Error] :1:1: Premature end of file.
2025-04-02 08:40:56,117 [ERROR] LogOutputStream:75 - [STDERR_REDIRECT] 
2025-04-02 08:40:57,107 [ERROR] LogOutputStream:75 - [STDERR_REDIRECT] [Fatal Error] :1:1: Premature end of file.
2025-04-02 08:40:57,107 [ERROR] LogOutputStream:75 - [STDERR_REDIRECT] 
2025-04-02 08:40:58,147 [ERROR] LogOutputStream:75 - [STDERR_REDIRECT] [Fatal Error] :1:1: Premature end of file.
2025-04-02 08:40:58,147 [ERROR] LogOutputStream:75 - [STDERR_REDIRECT] 
2025-04-02 08:40:59,128 [ERROR] LogOutputStream:75 - [STDERR_REDIRECT] [Fatal Error] :1:1: Premature end of file.
2025-04-02 08:40:59,128 [ERROR] LogOutputStream:75 - [STDERR_REDIRECT] 
2025-04-02 08:41:00,156 [ERROR] LogOutputStream:75 - [STDERR_REDIRECT] [Fatal Error] :1:1: Premature end of file.
2025-04-02 08:41:00,157 [ERROR] LogOutputStream:75 - [STDERR_REDIRECT] 
2025-04-02 08:41:01,170 [ERROR] LogOutputStream:75 - [STDERR_REDIRECT] [Fatal Error] :1:1: Premature end of file.
2025-04-02 08:41:01,171 [ERROR] LogOutputStream:75 - [STDERR_REDIRECT] 
2025-04-02 08:41:02,103 [ERROR] LogOutputStream:75 - [STDERR_REDIRECT] [Fatal Error] :1:1: Premature end of file.
2025-04-02 08:41:02,103 [ERROR] LogOutputStream:75 - [STDERR_REDIRECT] 
2025-04-02 08:41:03,091 [ERROR] LogOutputStream:75 - [STDERR_REDIRECT] [Fatal Error] :1:1: Premature end of file.
2025-04-02 08:41:03,091 [ERROR] LogOutputStream:75 - [STDERR_REDIRECT] 
2025-04-02 08:41:04,097 [ERROR] LogOutputStream:75 - [STDERR_REDIRECT] [Fatal Error] :1:1: Premature end of file.
2025-04-02 08:41:04,098 [ERROR] LogOutputStream:75 - [STDERR_REDIRECT] 
2025-04-02 08:41:05,086 [ERROR] LogOutputStream:75 - [STDERR_REDIRECT] [Fatal Error] :1:1: Premature end of file.
2025-04-02 08:41:05,087 [ERROR] LogOutputStream:75 - [STDERR_REDIRECT] 
2025-04-02 08:41:06,086 [ERROR] LogOutputStream:75 - [STDERR_REDIRECT] [Fatal Error] :1:1: Premature end of file.
2025-04-02 08:41:06,087 [ERROR] LogOutputStream:75 - [STDERR_REDIRECT] 
2025-04-02 08:41:07,094 [ERROR] LogOutputStream:75 - [STDERR_REDIRECT] [Fatal Error] :1:1: Premature end of file.
2025-04-02 08:41:07,095 [ERROR] LogOutputStream:75 - [STDERR_REDIRECT] 
2025-04-02 08:41:08,134 [ERROR] LogOutputStream:75 - [STDERR_REDIRECT] [Fatal Error] :1:1: Premature end of file.
2025-04-02 08:41:08,135 [ERROR] LogOutputStream:75 - [STDERR_REDIRECT] 
2025-04-02 08:41:09,094 [ERROR] LogOutputStream:75 - [STDERR_REDIRECT] [Fatal Error] :1:1: Premature end of file.
2025-04-02 08:41:09,095 [ERROR] LogOutputStream:75 - [STDERR_REDIRECT] 
2025-04-02 08:41:10,106 [ERROR] LogOutputStream:75 - [STDERR_REDIRECT] [Fatal Error] :1:1: Premature end of file.
2025-04-02 08:41:10,107 [ERROR] LogOutputStream:75 - [STDERR_REDIRECT] 
2025-04-02 08:41:11,095 [ERROR] LogOutputStream:75 - [STDERR_REDIRECT] [Fatal Error] :1:1: Premature end of file.
2025-04-02 08:41:11,095 [ERROR] LogOutputStream:75 - [STDERR_REDIRECT] 
2025-04-02 08:41:12,102 [ERROR] LogOutputStream:75 - [STDERR_REDIRECT] [Fatal Error] :1:1: Premature end of file.
2025-04-02 08:41:12,103 [ERROR] LogOutputStream:75 - [STDERR_REDIRECT] 
2025-04-02 08:41:13,107 [ERROR] LogOutputStream:75 - [STDERR_REDIRECT] [Fatal Error] :1:1: Premature end of file.
2025-04-02 08:41:13,108 [ERROR] LogOutputStream:75 - [STDERR_REDIRECT] 
2025-04-02 08:41:14,107 [ERROR] LogOutputStream:75 - [STDERR_REDIRECT] [Fatal Error] :1:1: Premature end of file.
2025-04-02 08:41:14,107 [ERROR] LogOutputStream:75 - [STDERR_REDIRECT] 
2025-04-02 08:41:15,095 [ERROR] LogOutputStream:75 - [STDERR_REDIRECT] [Fatal Error] :1:1: Premature end of file.
2025-04-02 08:41:15,095 [ERROR] LogOutputStream:75 - [STDERR_REDIRECT] 
2025-04-02 08:41:16,114 [ERROR] LogOutputStream:75 - [STDERR_REDIRECT] [Fatal Error] :1:1: Premature end of file.
2025-04-02 08:41:16,115 [ERROR] LogOutputStream:75 - [STDERR_REDIRECT] 
2025-04-02 08:41:17,107 [ERROR] LogOutputStream:75 - [STDERR_REDIRECT] [Fatal Error] :1:1: Premature end of file.
2025-04-02 08:41:17,107 [ERROR] LogOutputStream:75 - [STDERR_REDIRECT] 
2025-04-02 08:41:18,103 [ERROR] LogOutputStream:75 - [STDERR_REDIRECT] [Fatal Error] :1:1: Premature end of file.
2025-04-02 08:41:18,103 [ERROR] LogOutputStream:75 - [STDERR_REDIRECT] 
2025-04-02 08:41:19,106 [ERROR] LogOutputStream:75 - [STDERR_REDIRECT] [Fatal Error] :1:1: Premature end of file.
2025-04-02 08:41:19,106 [ERROR] LogOutputStream:75 - [STDERR_REDIRECT] 
2025-04-02 08:41:20,083 [ERROR] LogOutputStream:75 - [STDERR_REDIRECT] [Fatal Error] :1:1: Premature end of file.
2025-04-02 08:41:20,083 [ERROR] LogOutputStream:75 - [STDERR_REDIRECT] 
2025-04-02 08:41:21,113 [ERROR] LogOutputStream:75 - [STDERR_REDIRECT] [Fatal Error] :1:1: Premature end of file.
2025-04-02 08:41:21,113 [ERROR] LogOutputStream:75 - [STDERR_REDIRECT] 
2025-04-02 08:41:22,099 [ERROR] LogOutputStream:75 - [STDERR_REDIRECT] [Fatal Error] :1:1: Premature end of file.
2025-04-02 08:41:22,099 [ERROR] LogOutputStream:75 - [STDERR_REDIRECT] 
2025-04-02 08:41:23,098 [ERROR] LogOutputStream:75 - [STDERR_REDIRECT] [Fatal Error] :1:1: Premature end of file.
2025-04-02 08:41:23,098 [ERROR] LogOutputStream:75 - [STDERR_REDIRECT] 
2025-04-02 08:41:24,108 [ERROR] LogOutputStream:75 - [STDERR_REDIRECT] [Fatal Error] :1:1: Premature end of file.
2025-04-02 08:41:24,109 [ERROR] LogOutputStream:75 - [STDERR_REDIRECT] 
2025-04-02 08:41:25,106 [ERROR] LogOutputStream:75 - [STDERR_REDIRECT] [Fatal Error] :1:1: Premature end of file.
2025-04-02 08:41:25,106 [ERROR] LogOutputStream:75 - [STDERR_REDIRECT] 
2025-04-02 08:41:26,105 [ERROR] LogOutputStream:75 - [STDERR_REDIRECT] [Fatal Error] :1:1: Premature end of file.
2025-04-02 08:41:26,106 [ERROR] LogOutputStream:75 - [STDERR_REDIRECT] 
2025-04-02 08:41:27,104 [ERROR] LogOutputStream:75 - [STDERR_REDIRECT] [Fatal Error] :1:1: Premature end of file.
2025-04-02 08:41:27,105 [ERROR] LogOutputStream:75 - [STDERR_REDIRECT] 
2025-04-02 08:41:28,102 [ERROR] LogOutputStream:75 - [STDERR_REDIRECT] [Fatal Error] :1:1: Premature end of file.
2025-04-02 08:41:28,103 [ERROR] LogOutputStream:75 - [STDERR_REDIRECT] 
2025-04-02 08:41:29,195 [ERROR] LogOutputStream:75 - [STDERR_REDIRECT] [Fatal Error] :1:1: Premature end of file.
2025-04-02 08:41:29,196 [ERROR] LogOutputStream:75 - [STDERR_REDIRECT] 
2025-04-02 08:41:30,101 [ERROR] LogOutputStream:75 - [STDERR_REDIRECT] [Fatal Error] :1:1: Premature end of file.
2025-04-02 08:41:30,101 [ERROR] LogOutputStream:75 - [STDERR_REDIRECT] 
2025-04-02 08:41:31,091 [ERROR] LogOutputStream:75 - [STDERR_REDIRECT] [Fatal Error] :1:1: Premature end of file.
2025-04-02 08:41:31,091 [ERROR] LogOutputStream:75 - [STDERR_REDIRECT] 
2025-04-02 08:41:32,105 [ERROR] LogOutputStream:75 - [STDERR_REDIRECT] [Fatal Error] :1:1: Premature end of file.
2025-04-02 08:41:32,105 [ERROR] LogOutputStream:75 - [STDERR_REDIRECT] 
2025-04-02 08:41:33,166 [ERROR] LogOutputStream:75 - [STDERR_REDIRECT] [Fatal Error] :1:1: Premature end of file.
2025-04-02 08:41:33,167 [ERROR] LogOutputStream:75 - [STDERR_REDIRECT] 
2025-04-02 08:41:34,166 [ERROR] LogOutputStream:75 - [STDERR_REDIRECT] [Fatal Error] :1:1: Premature end of file.
2025-04-02 08:41:34,166 [ERROR] LogOutputStream:75 - [STDERR_REDIRECT] 
2025-04-02 08:41:35,153 [ERROR] LogOutputStream:75 - [STDERR_REDIRECT] [Fatal Error] :1:1: Premature end of file.
2025-04-02 08:41:35,153 [ERROR] LogOutputStream:75 - [STDERR_REDIRECT] 
2025-04-02 08:41:36,118 [ERROR] LogOutputStream:75 - [STDERR_REDIRECT] [Fatal Error] :1:1: Premature end of file.
2025-04-02 08:41:36,118 [ERROR] LogOutputStream:75 - [STDERR_REDIRECT] 
2025-04-02 08:41:37,100 [ERROR] LogOutputStream:75 - [STDERR_REDIRECT] [Fatal Error] :1:1: Premature end of file.
2025-04-02 08:41:37,101 [ERROR] LogOutputStream:75 - [STDERR_REDIRECT] 
2025-04-02 08:41:38,138 [ERROR] LogOutputStream:75 - [STDERR_REDIRECT] [Fatal Error] :1:1: Premature end of file.
2025-04-02 08:41:38,138 [ERROR] LogOutputStream:75 - [STDERR_REDIRECT] 
2025-04-02 08:41:39,136 [ERROR] LogOutputStream:75 - [STDERR_REDIRECT] [Fatal Error] :1:1: Premature end of file.
2025-04-02 08:41:39,137 [ERROR] LogOutputStream:75 - [STDERR_REDIRECT] 
2025-04-02 08:41:40,108 [ERROR] LogOutputStream:75 - [STDERR_REDIRECT] [Fatal Error] :1:1: Premature end of file.
2025-04-02 08:41:40,109 [ERROR] LogOutputStream:75 - [STDERR_REDIRECT] 
2025-04-02 08:41:41,107 [ERROR] LogOutputStream:75 - [STDERR_REDIRECT] [Fatal Error] :1:1: Premature end of file.
2025-04-02 08:41:41,107 [ERROR] LogOutputStream:75 - [STDERR_REDIRECT] 
2025-04-02 08:41:42,084 [ERROR] LogOutputStream:75 - [STDERR_REDIRECT] [Fatal Error] :1:1: Premature end of file.
2025-04-02 08:41:42,084 [ERROR] LogOutputStream:75 - [STDERR_REDIRECT] 
2025-04-02 08:41:43,121 [ERROR] LogOutputStream:75 - [STDERR_REDIRECT] [Fatal Error] :1:1: Premature end of file.
2025-04-02 08:41:43,122 [ERROR] LogOutputStream:75 - [STDERR_REDIRECT] 
2025-04-02 08:41:44,119 [ERROR] LogOutputStream:75 - [STDERR_REDIRECT] [Fatal Error] :1:1: Premature end of file.
2025-04-02 08:41:44,119 [ERROR] LogOutputStream:75 - [STDERR_REDIRECT] 
2025-04-02 08:41:45,115 [ERROR] LogOutputStream:75 - [STDERR_REDIRECT] [Fatal Error] :1:1: Premature end of file.
2025-04-02 08:41:45,115 [ERROR] LogOutputStream:75 - [STDERR_REDIRECT] 
2025-04-02 08:41:46,126 [ERROR] LogOutputStream:75 - [STDERR_REDIRECT] [Fatal Error] :1:1: Premature end of file.
2025-04-02 08:41:46,126 [ERROR] LogOutputStream:75 - [STDERR_REDIRECT] 
2025-04-02 08:41:47,122 [ERROR] LogOutputStream:75 - [STDERR_REDIRECT] [Fatal Error] :1:1: Premature end of file.
2025-04-02 08:41:47,124 [ERROR] LogOutputStream:75 - [STDERR_REDIRECT] 
2025-04-02 08:41:48,095 [ERROR] LogOutputStream:75 - [STDERR_REDIRECT] [Fatal Error] :1:1: Premature end of file.
2025-04-02 08:41:48,096 [ERROR] LogOutputStream:75 - [STDERR_REDIRECT] 
2025-04-02 08:41:49,082 [ERROR] LogOutputStream:75 - [STDERR_REDIRECT] [Fatal Error] :1:1: Premature end of file.
2025-04-02 08:41:49,083 [ERROR] LogOutputStream:75 - [STDERR_REDIRECT] 
2025-04-02 08:41:50,119 [ERROR] LogOutputStream:75 - [STDERR_REDIRECT] [Fatal Error] :1:1: Premature end of file.
2025-04-02 08:41:50,119 [ERROR] LogOutputStream:75 - [STDERR_REDIRECT] 
2025-04-02 08:41:51,114 [ERROR] LogOutputStream:75 - [STDERR_REDIRECT] [Fatal Error] :1:1: Premature end of file.
2025-04-02 08:41:51,114 [ERROR] LogOutputStream:75 - [STDERR_REDIRECT] 
2025-04-02 08:41:52,106 [ERROR] LogOutputStream:75 - [STDERR_REDIRECT] [Fatal Error] :1:1: Premature end of file.
2025-04-02 08:41:52,108 [ERROR] LogOutputStream:75 - [STDERR_REDIRECT] 
2025-04-02 08:41:53,106 [ERROR] LogOutputStream:75 - [STDERR_REDIRECT] [Fatal Error] :1:1: Premature end of file.
2025-04-02 08:41:53,107 [ERROR] LogOutputStream:75 - [STDERR_REDIRECT] 
2025-04-02 08:41:54,136 [ERROR] LogOutputStream:75 - [STDERR_REDIRECT] [Fatal Error] :1:1: Premature end of file.
2025-04-02 08:41:54,137 [ERROR] LogOutputStream:75 - [STDERR_REDIRECT] 
2025-04-02 08:41:55,104 [ERROR] LogOutputStream:75 - [STDERR_REDIRECT] [Fatal Error] :1:1: Premature end of file.
2025-04-02 08:41:55,104 [ERROR] LogOutputStream:75 - [STDERR_REDIRECT] 
2025-04-02 08:41:56,118 [ERROR] LogOutputStream:75 - [STDERR_REDIRECT] [Fatal Error] :1:1: Premature end of file.
2025-04-02 08:41:56,118 [ERROR] LogOutputStream:75 - [STDERR_REDIRECT] 
2025-04-02 08:41:57,119 [ERROR] LogOutputStream:75 - [STDERR_REDIRECT] [Fatal Error] :1:1: Premature end of file.
2025-04-02 08:41:57,120 [ERROR] LogOutputStream:75 - [STDERR_REDIRECT] 
2025-04-02 08:41:58,079 [ERROR] LogOutputStream:75 - [STDERR_REDIRECT] [Fatal Error] :1:1: Premature end of file.
2025-04-02 08:41:58,079 [ERROR] LogOutputStream:75 - [STDERR_REDIRECT] 
2025-04-02 08:41:59,115 [ERROR] LogOutputStream:75 - [STDERR_REDIRECT] [Fatal Error] :1:1: Premature end of file.
2025-04-02 08:41:59,115 [ERROR] LogOutputStream:75 - [STDERR_REDIRECT] 
2025-04-02 08:42:00,121 [ERROR] LogOutputStream:75 - [STDERR_REDIRECT] [Fatal Error] :1:1: Premature end of file.
2025-04-02 08:42:00,122 [ERROR] LogOutputStream:75 - [STDERR_REDIRECT] 
2025-04-02 08:42:01,120 [ERROR] LogOutputStream:75 - [STDERR_REDIRECT] [Fatal Error] :1:1: Premature end of file.
2025-04-02 08:42:01,120 [ERROR] LogOutputStream:75 - [STDERR_REDIRECT] 
2025-04-02 08:42:02,114 [ERROR] LogOutputStream:75 - [STDERR_REDIRECT] [Fatal Error] :1:1: Premature end of file.
2025-04-02 08:42:02,114 [ERROR] LogOutputStream:75 - [STDERR_REDIRECT] 
2025-04-02 08:42:03,118 [ERROR] LogOutputStream:75 - [STDERR_REDIRECT] [Fatal Error] :1:1: Premature end of file.
2025-04-02 08:42:03,118 [ERROR] LogOutputStream:75 - [STDERR_REDIRECT] 
2025-04-02 08:42:04,111 [ERROR] LogOutputStream:75 - [STDERR_REDIRECT] [Fatal Error] :1:1: Premature end of file.
2025-04-02 08:42:04,111 [ERROR] LogOutputStream:75 - [STDERR_REDIRECT] 
2025-04-02 08:42:05,117 [ERROR] LogOutputStream:75 - [STDERR_REDIRECT] [Fatal Error] :1:1: Premature end of file.
2025-04-02 08:42:05,117 [ERROR] LogOutputStream:75 - [STDERR_REDIRECT] 
2025-04-02 08:42:06,132 [ERROR] LogOutputStream:75 - [STDERR_REDIRECT] [Fatal Error] :1:1: Premature end of file.
2025-04-02 08:42:06,133 [ERROR] LogOutputStream:75 - [STDERR_REDIRECT] 
2025-04-02 08:42:07,103 [ERROR] LogOutputStream:75 - [STDERR_REDIRECT] [Fatal Error] :1:1: Premature end of file.
2025-04-02 08:42:07,104 [ERROR] LogOutputStream:75 - [STDERR_REDIRECT] 
2025-04-02 08:42:08,075 [ERROR] LogOutputStream:75 - [STDERR_REDIRECT] [Fatal Error] :1:1: Premature end of file.
2025-04-02 08:42:08,076 [ERROR] LogOutputStream:75 - [STDERR_REDIRECT] 
2025-04-02 08:42:09,120 [ERROR] LogOutputStream:75 - [STDERR_REDIRECT] [Fatal Error] :1:1: Premature end of file.
2025-04-02 08:42:09,120 [ERROR] LogOutputStream:75 - [STDERR_REDIRECT] 
2025-04-02 08:42:10,098 [ERROR] LogOutputStream:75 - [STDERR_REDIRECT] [Fatal Error] :1:1: Premature end of file.
2025-04-02 08:42:10,098 [ERROR] LogOutputStream:75 - [STDERR_REDIRECT] 
2025-04-02 08:42:11,101 [ERROR] LogOutputStream:75 - [STDERR_REDIRECT] [Fatal Error] :1:1: Premature end of file.
2025-04-02 08:42:11,101 [ERROR] LogOutputStream:75 - [STDERR_REDIRECT] 
2025-04-02 08:42:12,084 [ERROR] LogOutputStream:75 - [STDERR_REDIRECT] [Fatal Error] :1:1: Premature end of file.
2025-04-02 08:42:12,085 [ERROR] LogOutputStream:75 - [STDERR_REDIRECT] 
2025-04-02 08:42:13,101 [ERROR] LogOutputStream:75 - [STDERR_REDIRECT] [Fatal Error] :1:1: Premature end of file.
2025-04-02 08:42:13,101 [ERROR] LogOutputStream:75 - [STDERR_REDIRECT] 
2025-04-02 08:42:14,108 [ERROR] LogOutputStream:75 - [STDERR_REDIRECT] [Fatal Error] :1:1: Premature end of file.
2025-04-02 08:42:14,108 [ERROR] LogOutputStream:75 - [STDERR_REDIRECT] 
2025-04-02 08:42:15,083 [ERROR] LogOutputStream:75 - [STDERR_REDIRECT] [Fatal Error] :1:1: Premature end of file.
2025-04-02 08:42:15,083 [ERROR] LogOutputStream:75 - [STDERR_REDIRECT] 
2025-04-02 08:42:16,098 [ERROR] LogOutputStream:75 - [STDERR_REDIRECT] [Fatal Error] :1:1: Premature end of file.
2025-04-02 08:42:16,098 [ERROR] LogOutputStream:75 - [STDERR_REDIRECT] 
2025-04-02 08:42:17,075 [ERROR] LogOutputStream:75 - [STDERR_REDIRECT] [Fatal Error] :1:1: Premature end of file.
2025-04-02 08:42:17,075 [ERROR] LogOutputStream:75 - [STDERR_REDIRECT] 
2025-04-02 08:42:18,090 [ERROR] LogOutputStream:75 - [STDERR_REDIRECT] [Fatal Error] :1:1: Premature end of file.
2025-04-02 08:42:18,090 [ERROR] LogOutputStream:75 - [STDERR_REDIRECT] 
2025-04-02 08:42:19,091 [ERROR] LogOutputStream:75 - [STDERR_REDIRECT] [Fatal Error] :1:1: Premature end of file.
2025-04-02 08:42:19,092 [ERROR] LogOutputStream:75 - [STDERR_REDIRECT] 
2025-04-02 08:42:20,115 [ERROR] LogOutputStream:75 - [STDERR_REDIRECT] [Fatal Error] :1:1: Premature end of file.
2025-04-02 08:42:20,115 [ERROR] LogOutputStream:75 - [STDERR_REDIRECT] 
2025-04-02 08:42:21,100 [ERROR] LogOutputStream:75 - [STDERR_REDIRECT] [Fatal Error] :1:1: Premature end of file.
2025-04-02 08:42:21,100 [ERROR] LogOutputStream:75 - [STDERR_REDIRECT] 
2025-04-02 08:42:22,114 [ERROR] LogOutputStream:75 - [STDERR_REDIRECT] [Fatal Error] :1:1: Premature end of file.
2025-04-02 08:42:22,114 [ERROR] LogOutputStream:75 - [STDERR_REDIRECT] 
2025-04-02 08:42:23,136 [ERROR] LogOutputStream:75 - [STDERR_REDIRECT] [Fatal Error] :1:1: Premature end of file.
2025-04-02 08:42:23,138 [ERROR] LogOutputStream:75 - [STDERR_REDIRECT] 
2025-04-02 08:42:24,088 [ERROR] LogOutputStream:75 - [STDERR_REDIRECT] [Fatal Error] :1:1: Premature end of file.
2025-04-02 08:42:24,088 [ERROR] LogOutputStream:75 - [STDERR_REDIRECT] 
2025-04-02 08:42:25,088 [ERROR] LogOutputStream:75 - [STDERR_REDIRECT] [Fatal Error] :1:1: Premature end of file.
2025-04-02 08:42:25,088 [ERROR] LogOutputStream:75 - [STDERR_REDIRECT] 
2025-04-02 08:42:26,064 [ERROR] LogOutputStream:75 - [STDERR_REDIRECT] [Fatal Error] :1:1: Premature end of file.
2025-04-02 08:42:26,065 [ERROR] LogOutputStream:75 - [STDERR_REDIRECT] 
2025-04-02 08:42:27,076 [ERROR] LogOutputStream:75 - [STDERR_REDIRECT] [Fatal Error] :1:1: Premature end of file.
2025-04-02 08:42:27,076 [ERROR] LogOutputStream:75 - [STDERR_REDIRECT] 
2025-04-02 08:42:28,088 [ERROR] LogOutputStream:75 - [STDERR_REDIRECT] [Fatal Error] :1:1: Premature end of file.
2025-04-02 08:42:28,088 [ERROR] LogOutputStream:75 - [STDERR_REDIRECT] 
2025-04-02 08:42:29,070 [ERROR] LogOutputStream:75 - [STDERR_REDIRECT] [Fatal Error] :1:1: Premature end of file.
2025-04-02 08:42:29,070 [ERROR] LogOutputStream:75 - [STDERR_REDIRECT] 
2025-04-02 08:42:30,067 [ERROR] LogOutputStream:75 - [STDERR_REDIRECT] [Fatal Error] :1:1: Premature end of file.
2025-04-02 08:42:30,067 [ERROR] LogOutputStream:75 - [STDERR_REDIRECT] 
2025-04-02 08:42:31,112 [ERROR] LogOutputStream:75 - [STDERR_REDIRECT] [Fatal Error] :1:1: Premature end of file.
2025-04-02 08:42:31,112 [ERROR] LogOutputStream:75 - [STDERR_REDIRECT] 
2025-04-02 08:42:32,078 [ERROR] LogOutputStream:75 - [STDERR_REDIRECT] [Fatal Error] :1:1: Premature end of file.
2025-04-02 08:42:32,078 [ERROR] LogOutputStream:75 - [STDERR_REDIRECT] 
2025-04-02 08:42:33,066 [ERROR] LogOutputStream:75 - [STDERR_REDIRECT] [Fatal Error] :1:1: Premature end of file.
2025-04-02 08:42:33,067 [ERROR] LogOutputStream:75 - [STDERR_REDIRECT] 
2025-04-02 08:42:34,113 [ERROR] LogOutputStream:75 - [STDERR_REDIRECT] [Fatal Error] :1:1: Premature end of file.
2025-04-02 08:42:34,114 [ERROR] LogOutputStream:75 - [STDERR_REDIRECT] 
2025-04-02 08:42:35,067 [ERROR] LogOutputStream:75 - [STDERR_REDIRECT] [Fatal Error] :1:1: Premature end of file.
2025-04-02 08:42:35,067 [ERROR] LogOutputStream:75 - [STDERR_REDIRECT] 
2025-04-02 08:42:36,066 [ERROR] LogOutputStream:75 - [STDERR_REDIRECT] [Fatal Error] :1:1: Premature end of file.
2025-04-02 08:42:36,066 [ERROR] LogOutputStream:75 - [STDERR_REDIRECT] 
2025-04-02 08:42:37,086 [ERROR] LogOutputStream:75 - [STDERR_REDIRECT] [Fatal Error] :1:1: Premature end of file.
2025-04-02 08:42:37,086 [ERROR] LogOutputStream:75 - [STDERR_REDIRECT] 
2025-04-02 08:42:38,105 [ERROR] LogOutputStream:75 - [STDERR_REDIRECT] [Fatal Error] :1:1: Premature end of file.
2025-04-02 08:42:38,105 [ERROR] LogOutputStream:75 - [STDERR_REDIRECT] 
2025-04-02 08:42:39,101 [ERROR] LogOutputStream:75 - [STDERR_REDIRECT] [Fatal Error] :1:1: Premature end of file.
2025-04-02 08:42:39,102 [ERROR] LogOutputStream:75 - [STDERR_REDIRECT] 
2025-04-02 08:42:40,110 [ERROR] LogOutputStream:75 - [STDERR_REDIRECT] [Fatal Error] :1:1: Premature end of file.
2025-04-02 08:42:40,110 [ERROR] LogOutputStream:75 - [STDERR_REDIRECT] 
2025-04-02 08:42:41,111 [ERROR] LogOutputStream:75 - [STDERR_REDIRECT] [Fatal Error] :1:1: Premature end of file.
2025-04-02 08:42:41,112 [ERROR] LogOutputStream:75 - [STDERR_REDIRECT] 
2025-04-02 08:42:42,069 [ERROR] LogOutputStream:75 - [STDERR_REDIRECT] [Fatal Error] :1:1: Premature end of file.
2025-04-02 08:42:42,069 [ERROR] LogOutputStream:75 - [STDERR_REDIRECT] 
2025-04-02 08:42:43,067 [ERROR] LogOutputStream:75 - [STDERR_REDIRECT] [Fatal Error] :1:1: Premature end of file.
2025-04-02 08:42:43,067 [ERROR] LogOutputStream:75 - [STDERR_REDIRECT] 
2025-04-02 08:42:44,067 [ERROR] LogOutputStream:75 - [STDERR_REDIRECT] [Fatal Error] :1:1: Premature end of file.
2025-04-02 08:42:44,068 [ERROR] LogOutputStream:75 - [STDERR_REDIRECT] 
2025-04-02 08:42:45,085 [ERROR] LogOutputStream:75 - [STDERR_REDIRECT] [Fatal Error] :1:1: Premature end of file.
2025-04-02 08:42:45,085 [ERROR] LogOutputStream:75 - [STDERR_REDIRECT] 
2025-04-02 08:42:46,077 [ERROR] LogOutputStream:75 - [STDERR_REDIRECT] [Fatal Error] :1:1: Premature end of file.
2025-04-02 08:42:46,078 [ERROR] LogOutputStream:75 - [STDERR_REDIRECT] 
2025-04-02 08:42:47,070 [ERROR] LogOutputStream:75 - [STDERR_REDIRECT] [Fatal Error] :1:1: Premature end of file.
2025-04-02 08:42:47,070 [ERROR] LogOutputStream:75 - [STDERR_REDIRECT] 
2025-04-02 08:42:48,072 [ERROR] LogOutputStream:75 - [STDERR_REDIRECT] [Fatal Error] :1:1: Premature end of file.
2025-04-02 08:42:48,072 [ERROR] LogOutputStream:75 - [STDERR_REDIRECT] 
2025-04-02 08:42:49,067 [ERROR] LogOutputStream:75 - [STDERR_REDIRECT] [Fatal Error] :1:1: Premature end of file.
2025-04-02 08:42:49,067 [ERROR] LogOutputStream:75 - [STDERR_REDIRECT] 
2025-04-02 08:42:50,080 [ERROR] LogOutputStream:75 - [STDERR_REDIRECT] [Fatal Error] :1:1: Premature end of file.
2025-04-02 08:42:50,080 [ERROR] LogOutputStream:75 - [STDERR_REDIRECT] 
2025-04-02 08:42:51,077 [ERROR] LogOutputStream:75 - [STDERR_REDIRECT] [Fatal Error] :1:1: Premature end of file.
2025-04-02 08:42:51,077 [ERROR] LogOutputStream:75 - [STDERR_REDIRECT] 
2025-04-02 08:42:52,085 [ERROR] LogOutputStream:75 - [STDERR_REDIRECT] [Fatal Error] :1:1: Premature end of file.
2025-04-02 08:42:52,086 [ERROR] LogOutputStream:75 - [STDERR_REDIRECT] 
2025-04-02 08:42:53,077 [ERROR] LogOutputStream:75 - [STDERR_REDIRECT] [Fatal Error] :1:1: Premature end of file.
2025-04-02 08:42:53,078 [ERROR] LogOutputStream:75 - [STDERR_REDIRECT] 
2025-04-02 08:42:54,074 [ERROR] LogOutputStream:75 - [STDERR_REDIRECT] [Fatal Error] :1:1: Premature end of file.
2025-04-02 08:42:54,074 [ERROR] LogOutputStream:75 - [STDERR_REDIRECT] 
2025-04-02 08:42:55,084 [ERROR] LogOutputStream:75 - [STDERR_REDIRECT] [Fatal Error] :1:1: Premature end of file.
2025-04-02 08:42:55,084 [ERROR] LogOutputStream:75 - [STDERR_REDIRECT] 
2025-04-02 08:42:56,101 [ERROR] LogOutputStream:75 - [STDERR_REDIRECT] [Fatal Error] :1:1: Premature end of file.
2025-04-02 08:42:56,102 [ERROR] LogOutputStream:75 - [STDERR_REDIRECT] 
2025-04-02 08:42:57,086 [ERROR] LogOutputStream:75 - [STDERR_REDIRECT] [Fatal Error] :1:1: Premature end of file.
2025-04-02 08:42:57,086 [ERROR] LogOutputStream:75 - [STDERR_REDIRECT] 
2025-04-02 08:42:58,077 [ERROR] LogOutputStream:75 - [STDERR_REDIRECT] [Fatal Error] :1:1: Premature end of file.
2025-04-02 08:42:58,077 [ERROR] LogOutputStream:75 - [STDERR_REDIRECT] 
2025-04-02 08:42:59,091 [ERROR] LogOutputStream:75 - [STDERR_REDIRECT] [Fatal Error] :1:1: Premature end of file.
2025-04-02 08:42:59,091 [ERROR] LogOutputStream:75 - [STDERR_REDIRECT] 
2025-04-02 08:43:00,085 [ERROR] LogOutputStream:75 - [STDERR_REDIRECT] [Fatal Error] :1:1: Premature end of file.
2025-04-02 08:43:00,085 [ERROR] LogOutputStream:75 - [STDERR_REDIRECT] 
2025-04-02 08:43:01,084 [ERROR] LogOutputStream:75 - [STDERR_REDIRECT] [Fatal Error] :1:1: Premature end of file.
2025-04-02 08:43:01,084 [ERROR] LogOutputStream:75 - [STDERR_REDIRECT] 
2025-04-02 08:43:02,098 [ERROR] LogOutputStream:75 - [STDERR_REDIRECT] [Fatal Error] :1:1: Premature end of file.
2025-04-02 08:43:02,098 [ERROR] LogOutputStream:75 - [STDERR_REDIRECT] 
2025-04-02 08:43:03,101 [ERROR] LogOutputStream:75 - [STDERR_REDIRECT] [Fatal Error] :1:1: Premature end of file.
2025-04-02 08:43:03,101 [ERROR] LogOutputStream:75 - [STDERR_REDIRECT] 
2025-04-02 08:43:04,094 [ERROR] LogOutputStream:75 - [STDERR_REDIRECT] [Fatal Error] :1:1: Premature end of file.
2025-04-02 08:43:04,094 [ERROR] LogOutputStream:75 - [STDERR_REDIRECT] 
2025-04-02 08:43:05,099 [ERROR] LogOutputStream:75 - [STDERR_REDIRECT] [Fatal Error] :1:1: Premature end of file.
2025-04-02 08:43:05,100 [ERROR] LogOutputStream:75 - [STDERR_REDIRECT] 
2025-04-02 08:43:06,134 [ERROR] LogOutputStream:75 - [STDERR_REDIRECT] [Fatal Error] :1:1: Premature end of file.
2025-04-02 08:43:06,136 [ERROR] LogOutputStream:75 - [STDERR_REDIRECT] 
2025-04-02 08:43:07,095 [ERROR] LogOutputStream:75 - [STDERR_REDIRECT] [Fatal Error] :1:1: Premature end of file.
2025-04-02 08:43:07,096 [ERROR] LogOutputStream:75 - [STDERR_REDIRECT] 
2025-04-02 08:43:08,078 [ERROR] LogOutputStream:75 - [STDERR_REDIRECT] [Fatal Error] :1:1: Premature end of file.
2025-04-02 08:43:08,078 [ERROR] LogOutputStream:75 - [STDERR_REDIRECT] 
2025-04-02 08:43:09,098 [ERROR] LogOutputStream:75 - [STDERR_REDIRECT] [Fatal Error] :1:1: Premature end of file.
2025-04-02 08:43:09,098 [ERROR] LogOutputStream:75 - [STDERR_REDIRECT] 
2025-04-02 08:43:10,075 [ERROR] LogOutputStream:75 - [STDERR_REDIRECT] [Fatal Error] :1:1: Premature end of file.
2025-04-02 08:43:10,075 [ERROR] LogOutputStream:75 - [STDERR_REDIRECT] 
2025-04-02 08:43:11,101 [ERROR] LogOutputStream:75 - [STDERR_REDIRECT] [Fatal Error] :1:1: Premature end of file.
2025-04-02 08:43:11,102 [ERROR] LogOutputStream:75 - [STDERR_REDIRECT] 
2025-04-02 08:43:12,113 [ERROR] LogOutputStream:75 - [STDERR_REDIRECT] [Fatal Error] :1:1: Premature end of file.
2025-04-02 08:43:12,113 [ERROR] LogOutputStream:75 - [STDERR_REDIRECT] 
2025-04-02 08:43:13,106 [ERROR] LogOutputStream:75 - [STDERR_REDIRECT] [Fatal Error] :1:1: Premature end of file.
2025-04-02 08:43:13,106 [ERROR] LogOutputStream:75 - [STDERR_REDIRECT] 
2025-04-02 08:43:14,099 [ERROR] LogOutputStream:75 - [STDERR_REDIRECT] [Fatal Error] :1:1: Premature end of file.
2025-04-02 08:43:14,099 [ERROR] LogOutputStream:75 - [STDERR_REDIRECT] 
2025-04-02 08:43:15,085 [ERROR] LogOutputStream:75 - [STDERR_REDIRECT] [Fatal Error] :1:1: Premature end of file.
2025-04-02 08:43:15,087 [ERROR] LogOutputStream:75 - [STDERR_REDIRECT] 
2025-04-02 08:43:16,101 [ERROR] LogOutputStream:75 - [STDERR_REDIRECT] [Fatal Error] :1:1: Premature end of file.
2025-04-02 08:43:16,101 [ERROR] LogOutputStream:75 - [STDERR_REDIRECT] 
2025-04-02 08:43:17,117 [ERROR] LogOutputStream:75 - [STDERR_REDIRECT] [Fatal Error] :1:1: Premature end of file.
2025-04-02 08:43:17,117 [ERROR] LogOutputStream:75 - [STDERR_REDIRECT] 
2025-04-02 08:43:18,104 [ERROR] LogOutputStream:75 - [STDERR_REDIRECT] [Fatal Error] :1:1: Premature end of file.
2025-04-02 08:43:18,104 [ERROR] LogOutputStream:75 - [STDERR_REDIRECT] 
2025-04-02 08:43:19,102 [ERROR] LogOutputStream:75 - [STDERR_REDIRECT] [Fatal Error] :1:1: Premature end of file.
2025-04-02 08:43:19,103 [ERROR] LogOutputStream:75 - [STDERR_REDIRECT] 
2025-04-02 08:43:20,093 [ERROR] LogOutputStream:75 - [STDERR_REDIRECT] [Fatal Error] :1:1: Premature end of file.
2025-04-02 08:43:20,093 [ERROR] LogOutputStream:75 - [STDERR_REDIRECT] 
2025-04-02 08:43:21,104 [ERROR] LogOutputStream:75 - [STDERR_REDIRECT] [Fatal Error] :1:1: Premature end of file.
2025-04-02 08:43:21,104 [ERROR] LogOutputStream:75 - [STDERR_REDIRECT] 
2025-04-02 08:43:22,102 [ERROR] LogOutputStream:75 - [STDERR_REDIRECT] [Fatal Error] :1:1: Premature end of file.
2025-04-02 08:43:22,103 [ERROR] LogOutputStream:75 - [STDERR_REDIRECT] 
2025-04-02 08:43:23,116 [ERROR] LogOutputStream:75 - [STDERR_REDIRECT] [Fatal Error] :1:1: Premature end of file.
2025-04-02 08:43:23,116 [ERROR] LogOutputStream:75 - [STDERR_REDIRECT] 
2025-04-02 08:43:24,077 [ERROR] LogOutputStream:75 - [STDERR_REDIRECT] [Fatal Error] :1:1: Premature end of file.
2025-04-02 08:43:24,077 [ERROR] LogOutputStream:75 - [STDERR_REDIRECT] 
2025-04-02 08:43:25,092 [ERROR] LogOutputStream:75 - [STDERR_REDIRECT] [Fatal Error] :1:1: Premature end of file.
2025-04-02 08:43:25,092 [ERROR] LogOutputStream:75 - [STDERR_REDIRECT] 
2025-04-02 08:43:26,090 [ERROR] LogOutputStream:75 - [STDERR_REDIRECT] [Fatal Error] :1:1: Premature end of file.
2025-04-02 08:43:26,090 [ERROR] LogOutputStream:75 - [STDERR_REDIRECT] 
2025-04-02 08:43:27,073 [ERROR] LogOutputStream:75 - [STDERR_REDIRECT] [Fatal Error] :1:1: Premature end of file.
2025-04-02 08:43:27,073 [ERROR] LogOutputStream:75 - [STDERR_REDIRECT] 
2025-04-02 08:43:28,125 [ERROR] LogOutputStream:75 - [STDERR_REDIRECT] [Fatal Error] :1:1: Premature end of file.
2025-04-02 08:43:28,126 [ERROR] LogOutputStream:75 - [STDERR_REDIRECT] 
2025-04-02 08:43:29,058 [ERROR] LogOutputStream:75 - [STDERR_REDIRECT] [Fatal Error] :1:1: Premature end of file.
2025-04-02 08:43:29,058 [ERROR] LogOutputStream:75 - [STDERR_REDIRECT] 
2025-04-02 08:43:30,088 [ERROR] LogOutputStream:75 - [STDERR_REDIRECT] [Fatal Error] :1:1: Premature end of file.
2025-04-02 08:43:30,089 [ERROR] LogOutputStream:75 - [STDERR_REDIRECT] 
2025-04-02 08:43:31,091 [ERROR] LogOutputStream:75 - [STDERR_REDIRECT] [Fatal Error] :1:1: Premature end of file.
2025-04-02 08:43:31,091 [ERROR] LogOutputStream:75 - [STDERR_REDIRECT] 
2025-04-02 08:43:32,086 [ERROR] LogOutputStream:75 - [STDERR_REDIRECT] [Fatal Error] :1:1: Premature end of file.
2025-04-02 08:43:32,087 [ERROR] LogOutputStream:75 - [STDERR_REDIRECT] 
2025-04-02 08:43:33,100 [ERROR] LogOutputStream:75 - [STDERR_REDIRECT] [Fatal Error] :1:1: Premature end of file.
2025-04-02 08:43:33,100 [ERROR] LogOutputStream:75 - [STDERR_REDIRECT] 
2025-04-02 08:43:34,107 [ERROR] LogOutputStream:75 - [STDERR_REDIRECT] [Fatal Error] :1:1: Premature end of file.
2025-04-02 08:43:34,108 [ERROR] LogOutputStream:75 - [STDERR_REDIRECT] 
2025-04-02 08:43:35,073 [ERROR] LogOutputStream:75 - [STDERR_REDIRECT] [Fatal Error] :1:1: Premature end of file.
2025-04-02 08:43:35,074 [ERROR] LogOutputStream:75 - [STDERR_REDIRECT] 
2025-04-02 08:43:36,088 [ERROR] LogOutputStream:75 - [STDERR_REDIRECT] [Fatal Error] :1:1: Premature end of file.
2025-04-02 08:43:36,089 [ERROR] LogOutputStream:75 - [STDERR_REDIRECT] 
2025-04-02 08:43:37,098 [ERROR] LogOutputStream:75 - [STDERR_REDIRECT] [Fatal Error] :1:1: Premature end of file.
2025-04-02 08:43:37,098 [ERROR] LogOutputStream:75 - [STDERR_REDIRECT] 
2025-04-02 08:43:38,090 [ERROR] LogOutputStream:75 - [STDERR_REDIRECT] [Fatal Error] :1:1: Premature end of file.
2025-04-02 08:43:38,090 [ERROR] LogOutputStream:75 - [STDERR_REDIRECT] 
2025-04-02 08:43:39,094 [ERROR] LogOutputStream:75 - [STDERR_REDIRECT] [Fatal Error] :1:1: Premature end of file.
2025-04-02 08:43:39,094 [ERROR] LogOutputStream:75 - [STDERR_REDIRECT] 
2025-04-02 08:43:40,078 [ERROR] LogOutputStream:75 - [STDERR_REDIRECT] [Fatal Error] :1:1: Premature end of file.
2025-04-02 08:43:40,078 [ERROR] LogOutputStream:75 - [STDERR_REDIRECT] 
2025-04-02 08:43:41,061 [ERROR] LogOutputStream:75 - [STDERR_REDIRECT] [Fatal Error] :1:1: Premature end of file.
2025-04-02 08:43:41,062 [ERROR] LogOutputStream:75 - [STDERR_REDIRECT] 
2025-04-02 08:43:42,070 [ERROR] LogOutputStream:75 - [STDERR_REDIRECT] [Fatal Error] :1:1: Premature end of file.
2025-04-02 08:43:42,070 [ERROR] LogOutputStream:75 - [STDERR_REDIRECT] 
2025-04-02 08:43:43,079 [ERROR] LogOutputStream:75 - [STDERR_REDIRECT] [Fatal Error] :1:1: Premature end of file.
2025-04-02 08:43:43,079 [ERROR] LogOutputStream:75 - [STDERR_REDIRECT] 
2025-04-02 08:43:44,102 [ERROR] LogOutputStream:75 - [STDERR_REDIRECT] [Fatal Error] :1:1: Premature end of file.
2025-04-02 08:43:44,103 [ERROR] LogOutputStream:75 - [STDERR_REDIRECT] 
2025-04-02 08:43:45,099 [ERROR] LogOutputStream:75 - [STDERR_REDIRECT] [Fatal Error] :1:1: Premature end of file.
2025-04-02 08:43:45,099 [ERROR] LogOutputStream:75 - [STDERR_REDIRECT] 
2025-04-02 08:43:46,075 [ERROR] LogOutputStream:75 - [STDERR_REDIRECT] [Fatal Error] :1:1: Premature end of file.
2025-04-02 08:43:46,075 [ERROR] LogOutputStream:75 - [STDERR_REDIRECT] 
2025-04-02 08:43:47,067 [ERROR] LogOutputStream:75 - [STDERR_REDIRECT] [Fatal Error] :1:1: Premature end of file.
2025-04-02 08:43:47,067 [ERROR] LogOutputStream:75 - [STDERR_REDIRECT] 
2025-04-02 08:43:48,073 [ERROR] LogOutputStream:75 - [STDERR_REDIRECT] [Fatal Error] :1:1: Premature end of file.
2025-04-02 08:43:48,073 [ERROR] LogOutputStream:75 - [STDERR_REDIRECT] 
2025-04-02 08:43:49,073 [ERROR] LogOutputStream:75 - [STDERR_REDIRECT] [Fatal Error] :1:1: Premature end of file.
2025-04-02 08:43:49,075 [ERROR] LogOutputStream:75 - [STDERR_REDIRECT] 
2025-04-02 08:43:50,083 [ERROR] LogOutputStream:75 - [STDERR_REDIRECT] [Fatal Error] :1:1: Premature end of file.
2025-04-02 08:43:50,083 [ERROR] LogOutputStream:75 - [STDERR_REDIRECT] 
2025-04-02 08:43:51,084 [ERROR] LogOutputStream:75 - [STDERR_REDIRECT] [Fatal Error] :1:1: Premature end of file.
2025-04-02 08:43:51,085 [ERROR] LogOutputStream:75 - [STDERR_REDIRECT] 
2025-04-02 08:43:52,079 [ERROR] LogOutputStream:75 - [STDERR_REDIRECT] [Fatal Error] :1:1: Premature end of file.
2025-04-02 08:43:52,079 [ERROR] LogOutputStream:75 - [STDERR_REDIRECT] 
2025-04-02 08:43:53,067 [ERROR] LogOutputStream:75 - [STDERR_REDIRECT] [Fatal Error] :1:1: Premature end of file.
2025-04-02 08:43:53,068 [ERROR] LogOutputStream:75 - [STDERR_REDIRECT] 
2025-04-02 08:43:54,078 [ERROR] LogOutputStream:75 - [STDERR_REDIRECT] [Fatal Error] :1:1: Premature end of file.
2025-04-02 08:43:54,078 [ERROR] LogOutputStream:75 - [STDERR_REDIRECT] 
2025-04-02 08:43:55,101 [ERROR] LogOutputStream:75 - [STDERR_REDIRECT] [Fatal Error] :1:1: Premature end of file.
2025-04-02 08:43:55,101 [ERROR] LogOutputStream:75 - [STDERR_REDIRECT] 
2025-04-02 08:43:56,078 [ERROR] LogOutputStream:75 - [STDERR_REDIRECT] [Fatal Error] :1:1: Premature end of file.
2025-04-02 08:43:56,079 [ERROR] LogOutputStream:75 - [STDERR_REDIRECT] 
2025-04-02 08:43:57,085 [ERROR] LogOutputStream:75 - [STDERR_REDIRECT] [Fatal Error] :1:1: Premature end of file.
2025-04-02 08:43:57,085 [ERROR] LogOutputStream:75 - [STDERR_REDIRECT] 
2025-04-02 08:43:58,099 [ERROR] LogOutputStream:75 - [STDERR_REDIRECT] [Fatal Error] :1:1: Premature end of file.
2025-04-02 08:43:58,100 [ERROR] LogOutputStream:75 - [STDERR_REDIRECT] 
2025-04-02 08:43:59,125 [ERROR] LogOutputStream:75 - [STDERR_REDIRECT] [Fatal Error] :1:1: Premature end of file.
2025-04-02 08:43:59,125 [ERROR] LogOutputStream:75 - [STDERR_REDIRECT] 
2025-04-02 08:44:00,103 [ERROR] LogOutputStream:75 - [STDERR_REDIRECT] [Fatal Error] :1:1: Premature end of file.
2025-04-02 08:44:00,103 [ERROR] LogOutputStream:75 - [STDERR_REDIRECT] 
2025-04-02 08:44:01,171 [ERROR] LogOutputStream:75 - [STDERR_REDIRECT] [Fatal Error] :1:1: Premature end of file.
2025-04-02 08:44:01,171 [ERROR] LogOutputStream:75 - [STDERR_REDIRECT] 
2025-04-02 08:44:02,094 [ERROR] LogOutputStream:75 - [STDERR_REDIRECT] [Fatal Error] :1:1: Premature end of file.
2025-04-02 08:44:02,094 [ERROR] LogOutputStream:75 - [STDERR_REDIRECT] 
2025-04-02 08:44:03,108 [ERROR] LogOutputStream:75 - [STDERR_REDIRECT] [Fatal Error] :1:1: Premature end of file.
2025-04-02 08:44:03,108 [ERROR] LogOutputStream:75 - [STDERR_REDIRECT] 
2025-04-02 08:44:04,133 [ERROR] LogOutputStream:75 - [STDERR_REDIRECT] [Fatal Error] :1:1: Premature end of file.
2025-04-02 08:44:04,133 [ERROR] LogOutputStream:75 - [STDERR_REDIRECT] 
2025-04-02 08:44:05,147 [ERROR] LogOutputStream:75 - [STDERR_REDIRECT] [Fatal Error] :1:1: Premature end of file.
2025-04-02 08:44:05,147 [ERROR] LogOutputStream:75 - [STDERR_REDIRECT] 
2025-04-02 08:44:06,075 [ERROR] LogOutputStream:75 - [STDERR_REDIRECT] [Fatal Error] :1:1: Premature end of file.
2025-04-02 08:44:06,076 [ERROR] LogOutputStream:75 - [STDERR_REDIRECT] 
2025-04-02 08:44:07,089 [ERROR] LogOutputStream:75 - [STDERR_REDIRECT] [Fatal Error] :1:1: Premature end of file.
2025-04-02 08:44:07,089 [ERROR] LogOutputStream:75 - [STDERR_REDIRECT] 
2025-04-02 08:44:08,080 [ERROR] LogOutputStream:75 - [STDERR_REDIRECT] [Fatal Error] :1:1: Premature end of file.
2025-04-02 08:44:08,080 [ERROR] LogOutputStream:75 - [STDERR_REDIRECT] 
2025-04-02 08:44:09,104 [ERROR] LogOutputStream:75 - [STDERR_REDIRECT] [Fatal Error] :1:1: Premature end of file.
2025-04-02 08:44:09,104 [ERROR] LogOutputStream:75 - [STDERR_REDIRECT] 
2025-04-02 08:44:10,083 [ERROR] LogOutputStream:75 - [STDERR_REDIRECT] [Fatal Error] :1:1: Premature end of file.
2025-04-02 08:44:10,083 [ERROR] LogOutputStream:75 - [STDERR_REDIRECT] 
2025-04-02 08:44:11,122 [ERROR] LogOutputStream:75 - [STDERR_REDIRECT] [Fatal Error] :1:1: Premature end of file.
2025-04-02 08:44:11,122 [ERROR] LogOutputStream:75 - [STDERR_REDIRECT] 
2025-04-02 08:44:12,115 [ERROR] LogOutputStream:75 - [STDERR_REDIRECT] [Fatal Error] :1:1: Premature end of file.
2025-04-02 08:44:12,116 [ERROR] LogOutputStream:75 - [STDERR_REDIRECT] 
2025-04-02 08:44:13,121 [ERROR] LogOutputStream:75 - [STDERR_REDIRECT] [Fatal Error] :1:1: Premature end of file.
2025-04-02 08:44:13,122 [ERROR] LogOutputStream:75 - [STDERR_REDIRECT] 
2025-04-02 08:44:14,093 [ERROR] LogOutputStream:75 - [STDERR_REDIRECT] [Fatal Error] :1:1: Premature end of file.
2025-04-02 08:44:14,093 [ERROR] LogOutputStream:75 - [STDERR_REDIRECT] 
2025-04-02 08:44:15,106 [ERROR] LogOutputStream:75 - [STDERR_REDIRECT] [Fatal Error] :1:1: Premature end of file.
2025-04-02 08:44:15,106 [ERROR] LogOutputStream:75 - [STDERR_REDIRECT] 
2025-04-02 08:44:16,110 [ERROR] LogOutputStream:75 - [STDERR_REDIRECT] [Fatal Error] :1:1: Premature end of file.
2025-04-02 08:44:16,111 [ERROR] LogOutputStream:75 - [STDERR_REDIRECT] 
2025-04-02 08:44:17,092 [ERROR] LogOutputStream:75 - [STDERR_REDIRECT] [Fatal Error] :1:1: Premature end of file.
2025-04-02 08:44:17,092 [ERROR] LogOutputStream:75 - [STDERR_REDIRECT] 
2025-04-02 08:44:18,093 [ERROR] LogOutputStream:75 - [STDERR_REDIRECT] [Fatal Error] :1:1: Premature end of file.
2025-04-02 08:44:18,094 [ERROR] LogOutputStream:75 - [STDERR_REDIRECT] 
2025-04-02 08:44:19,088 [ERROR] LogOutputStream:75 - [STDERR_REDIRECT] [Fatal Error] :1:1: Premature end of file.
2025-04-02 08:44:19,088 [ERROR] LogOutputStream:75 - [STDERR_REDIRECT] 
2025-04-02 08:44:20,084 [ERROR] LogOutputStream:75 - [STDERR_REDIRECT] [Fatal Error] :1:1: Premature end of file.
2025-04-02 08:44:20,084 [ERROR] LogOutputStream:75 - [STDERR_REDIRECT] 
2025-04-02 08:44:21,093 [ERROR] LogOutputStream:75 - [STDERR_REDIRECT] [Fatal Error] :1:1: Premature end of file.
2025-04-02 08:44:21,093 [ERROR] LogOutputStream:75 - [STDERR_REDIRECT] 
2025-04-02 08:44:22,117 [ERROR] LogOutputStream:75 - [STDERR_REDIRECT] [Fatal Error] :1:1: Premature end of file.
2025-04-02 08:44:22,117 [ERROR] LogOutputStream:75 - [STDERR_REDIRECT] 
2025-04-02 08:44:23,088 [ERROR] LogOutputStream:75 - [STDERR_REDIRECT] [Fatal Error] :1:1: Premature end of file.
2025-04-02 08:44:23,088 [ERROR] LogOutputStream:75 - [STDERR_REDIRECT] 
2025-04-02 08:44:24,087 [ERROR] LogOutputStream:75 - [STDERR_REDIRECT] [Fatal Error] :1:1: Premature end of file.
2025-04-02 08:44:24,087 [ERROR] LogOutputStream:75 - [STDERR_REDIRECT] 
2025-04-02 08:44:25,089 [ERROR] LogOutputStream:75 - [STDERR_REDIRECT] [Fatal Error] :1:1: Premature end of file.
2025-04-02 08:44:25,090 [ERROR] LogOutputStream:75 - [STDERR_REDIRECT] 
2025-04-02 08:44:26,116 [ERROR] LogOutputStream:75 - [STDERR_REDIRECT] [Fatal Error] :1:1: Premature end of file.
2025-04-02 08:44:26,117 [ERROR] LogOutputStream:75 - [STDERR_REDIRECT] 
2025-04-02 08:44:27,104 [ERROR] LogOutputStream:75 - [STDERR_REDIRECT] [Fatal Error] :1:1: Premature end of file.
2025-04-02 08:44:27,104 [ERROR] LogOutputStream:75 - [STDERR_REDIRECT] 
2025-04-02 08:44:28,114 [ERROR] LogOutputStream:75 - [STDERR_REDIRECT] [Fatal Error] :1:1: Premature end of file.
2025-04-02 08:44:28,114 [ERROR] LogOutputStream:75 - [STDERR_REDIRECT] 
2025-04-02 08:44:29,115 [ERROR] LogOutputStream:75 - [STDERR_REDIRECT] [Fatal Error] :1:1: Premature end of file.
2025-04-02 08:44:29,115 [ERROR] LogOutputStream:75 - [STDERR_REDIRECT] 
2025-04-02 08:44:30,070 [ERROR] LogOutputStream:75 - [STDERR_REDIRECT] [Fatal Error] :1:1: Premature end of file.
2025-04-02 08:44:30,070 [ERROR] LogOutputStream:75 - [STDERR_REDIRECT] 
2025-04-02 08:44:31,096 [ERROR] LogOutputStream:75 - [STDERR_REDIRECT] [Fatal Error] :1:1: Premature end of file.
2025-04-02 08:44:31,097 [ERROR] LogOutputStream:75 - [STDERR_REDIRECT] 
2025-04-02 08:44:32,077 [ERROR] LogOutputStream:75 - [STDERR_REDIRECT] [Fatal Error] :1:1: Premature end of file.
2025-04-02 08:44:32,078 [ERROR] LogOutputStream:75 - [STDERR_REDIRECT] 
2025-04-02 08:44:33,090 [ERROR] LogOutputStream:75 - [STDERR_REDIRECT] [Fatal Error] :1:1: Premature end of file.
2025-04-02 08:44:33,091 [ERROR] LogOutputStream:75 - [STDERR_REDIRECT] 
2025-04-02 08:44:34,132 [ERROR] LogOutputStream:75 - [STDERR_REDIRECT] [Fatal Error] :1:1: Premature end of file.
2025-04-02 08:44:34,133 [ERROR] LogOutputStream:75 - [STDERR_REDIRECT] 
2025-04-02 08:44:35,096 [ERROR] LogOutputStream:75 - [STDERR_REDIRECT] [Fatal Error] :1:1: Premature end of file.
2025-04-02 08:44:35,097 [ERROR] LogOutputStream:75 - [STDERR_REDIRECT] 
2025-04-02 08:44:36,098 [ERROR] LogOutputStream:75 - [STDERR_REDIRECT] [Fatal Error] :1:1: Premature end of file.
2025-04-02 08:44:36,098 [ERROR] LogOutputStream:75 - [STDERR_REDIRECT] 
2025-04-02 08:44:37,111 [ERROR] LogOutputStream:75 - [STDERR_REDIRECT] [Fatal Error] :1:1: Premature end of file.
2025-04-02 08:44:37,112 [ERROR] LogOutputStream:75 - [STDERR_REDIRECT] 
2025-04-02 08:44:38,115 [ERROR] LogOutputStream:75 - [STDERR_REDIRECT] [Fatal Error] :1:1: Premature end of file.
2025-04-02 08:44:38,115 [ERROR] LogOutputStream:75 - [STDERR_REDIRECT] 
2025-04-02 08:44:39,129 [ERROR] LogOutputStream:75 - [STDERR_REDIRECT] [Fatal Error] :1:1: Premature end of file.
2025-04-02 08:44:39,129 [ERROR] LogOutputStream:75 - [STDERR_REDIRECT] 
2025-04-02 08:44:40,101 [ERROR] LogOutputStream:75 - [STDERR_REDIRECT] [Fatal Error] :1:1: Premature end of file.
2025-04-02 08:44:40,101 [ERROR] LogOutputStream:75 - [STDERR_REDIRECT] 
2025-04-02 08:44:41,111 [ERROR] LogOutputStream:75 - [STDERR_REDIRECT] [Fatal Error] :1:1: Premature end of file.
2025-04-02 08:44:41,111 [ERROR] LogOutputStream:75 - [STDERR_REDIRECT] 
2025-04-02 08:44:42,117 [ERROR] LogOutputStream:75 - [STDERR_REDIRECT] [Fatal Error] :1:1: Premature end of file.
2025-04-02 08:44:42,117 [ERROR] LogOutputStream:75 - [STDERR_REDIRECT] 
2025-04-02 08:44:43,088 [ERROR] LogOutputStream:75 - [STDERR_REDIRECT] [Fatal Error] :1:1: Premature end of file.
2025-04-02 08:44:43,089 [ERROR] LogOutputStream:75 - [STDERR_REDIRECT] 
2025-04-02 08:44:44,113 [ERROR] LogOutputStream:75 - [STDERR_REDIRECT] [Fatal Error] :1:1: Premature end of file.
2025-04-02 08:44:44,113 [ERROR] LogOutputStream:75 - [STDERR_REDIRECT] 
2025-04-02 08:44:45,098 [ERROR] LogOutputStream:75 - [STDERR_REDIRECT] [Fatal Error] :1:1: Premature end of file.
2025-04-02 08:44:45,098 [ERROR] LogOutputStream:75 - [STDERR_REDIRECT] 
2025-04-02 08:44:46,090 [ERROR] LogOutputStream:75 - [STDERR_REDIRECT] [Fatal Error] :1:1: Premature end of file.
2025-04-02 08:44:46,090 [ERROR] LogOutputStream:75 - [STDERR_REDIRECT] 
2025-04-02 08:44:47,110 [ERROR] LogOutputStream:75 - [STDERR_REDIRECT] [Fatal Error] :1:1: Premature end of file.
2025-04-02 08:44:47,111 [ERROR] LogOutputStream:75 - [STDERR_REDIRECT] 
2025-04-02 08:44:48,119 [ERROR] LogOutputStream:75 - [STDERR_REDIRECT] [Fatal Error] :1:1: Premature end of file.
2025-04-02 08:44:48,120 [ERROR] LogOutputStream:75 - [STDERR_REDIRECT] 
2025-04-02 08:44:49,093 [ERROR] LogOutputStream:75 - [STDERR_REDIRECT] [Fatal Error] :1:1: Premature end of file.
2025-04-02 08:44:49,093 [ERROR] LogOutputStream:75 - [STDERR_REDIRECT] 
2025-04-02 08:44:50,112 [ERROR] LogOutputStream:75 - [STDERR_REDIRECT] [Fatal Error] :1:1: Premature end of file.
2025-04-02 08:44:50,112 [ERROR] LogOutputStream:75 - [STDERR_REDIRECT] 
2025-04-02 08:44:51,112 [ERROR] LogOutputStream:75 - [STDERR_REDIRECT] [Fatal Error] :1:1: Premature end of file.
2025-04-02 08:44:51,112 [ERROR] LogOutputStream:75 - [STDERR_REDIRECT] 
2025-04-02 08:44:52,106 [ERROR] LogOutputStream:75 - [STDERR_REDIRECT] [Fatal Error] :1:1: Premature end of file.
2025-04-02 08:44:52,107 [ERROR] LogOutputStream:75 - [STDERR_REDIRECT] 
2025-04-02 08:44:53,099 [ERROR] LogOutputStream:75 - [STDERR_REDIRECT] [Fatal Error] :1:1: Premature end of file.
2025-04-02 08:44:53,099 [ERROR] LogOutputStream:75 - [STDERR_REDIRECT] 
2025-04-02 08:44:54,104 [ERROR] LogOutputStream:75 - [STDERR_REDIRECT] [Fatal Error] :1:1: Premature end of file.
2025-04-02 08:44:54,104 [ERROR] LogOutputStream:75 - [STDERR_REDIRECT] 
2025-04-02 08:44:55,087 [ERROR] LogOutputStream:75 - [STDERR_REDIRECT] [Fatal Error] :1:1: Premature end of file.
2025-04-02 08:44:55,088 [ERROR] LogOutputStream:75 - [STDERR_REDIRECT] 
2025-04-02 08:44:56,106 [ERROR] LogOutputStream:75 - [STDERR_REDIRECT] [Fatal Error] :1:1: Premature end of file.
2025-04-02 08:44:56,107 [ERROR] LogOutputStream:75 - [STDERR_REDIRECT] 
2025-04-02 08:44:57,102 [ERROR] LogOutputStream:75 - [STDERR_REDIRECT] [Fatal Error] :1:1: Premature end of file.
2025-04-02 08:44:57,102 [ERROR] LogOutputStream:75 - [STDERR_REDIRECT] 
2025-04-02 08:44:58,110 [ERROR] LogOutputStream:75 - [STDERR_REDIRECT] [Fatal Error] :1:1: Premature end of file.
2025-04-02 08:44:58,110 [ERROR] LogOutputStream:75 - [STDERR_REDIRECT] 
2025-04-02 08:44:59,067 [ERROR] LogOutputStream:75 - [STDERR_REDIRECT] [Fatal Error] :1:1: Premature end of file.
2025-04-02 08:44:59,067 [ERROR] LogOutputStream:75 - [STDERR_REDIRECT] 
2025-04-02 08:45:00,093 [ERROR] LogOutputStream:75 - [STDERR_REDIRECT] [Fatal Error] :1:1: Premature end of file.
2025-04-02 08:45:00,093 [ERROR] LogOutputStream:75 - [STDERR_REDIRECT] 
2025-04-02 08:45:01,100 [ERROR] LogOutputStream:75 - [STDERR_REDIRECT] [Fatal Error] :1:1: Premature end of file.
2025-04-02 08:45:01,101 [ERROR] LogOutputStream:75 - [STDERR_REDIRECT] 
2025-04-02 08:45:02,083 [ERROR] LogOutputStream:75 - [STDERR_REDIRECT] [Fatal Error] :1:1: Premature end of file.
2025-04-02 08:45:02,083 [ERROR] LogOutputStream:75 - [STDERR_REDIRECT] 
2025-04-02 08:45:03,109 [ERROR] LogOutputStream:75 - [STDERR_REDIRECT] [Fatal Error] :1:1: Premature end of file.
2025-04-02 08:45:03,110 [ERROR] LogOutputStream:75 - [STDERR_REDIRECT] 
2025-04-02 08:45:04,097 [ERROR] LogOutputStream:75 - [STDERR_REDIRECT] [Fatal Error] :1:1: Premature end of file.
2025-04-02 08:45:04,097 [ERROR] LogOutputStream:75 - [STDERR_REDIRECT] 
2025-04-02 08:45:05,086 [ERROR] LogOutputStream:75 - [STDERR_REDIRECT] [Fatal Error] :1:1: Premature end of file.
2025-04-02 08:45:05,087 [ERROR] LogOutputStream:75 - [STDERR_REDIRECT] 
2025-04-02 08:45:06,108 [ERROR] LogOutputStream:75 - [STDERR_REDIRECT] [Fatal Error] :1:1: Premature end of file.
2025-04-02 08:45:06,109 [ERROR] LogOutputStream:75 - [STDERR_REDIRECT] 
2025-04-02 08:45:07,101 [ERROR] LogOutputStream:75 - [STDERR_REDIRECT] [Fatal Error] :1:1: Premature end of file.
2025-04-02 08:45:07,101 [ERROR] LogOutputStream:75 - [STDERR_REDIRECT] 
2025-04-02 08:45:08,076 [ERROR] LogOutputStream:75 - [STDERR_REDIRECT] [Fatal Error] :1:1: Premature end of file.
2025-04-02 08:45:08,077 [ERROR] LogOutputStream:75 - [STDERR_REDIRECT] 
2025-04-02 08:45:09,079 [ERROR] LogOutputStream:75 - [STDERR_REDIRECT] [Fatal Error] :1:1: Premature end of file.
2025-04-02 08:45:09,080 [ERROR] LogOutputStream:75 - [STDERR_REDIRECT] 
2025-04-02 08:45:10,079 [ERROR] LogOutputStream:75 - [STDERR_REDIRECT] [Fatal Error] :1:1: Premature end of file.
2025-04-02 08:45:10,079 [ERROR] LogOutputStream:75 - [STDERR_REDIRECT] 
2025-04-02 08:45:11,108 [ERROR] LogOutputStream:75 - [STDERR_REDIRECT] [Fatal Error] :1:1: Premature end of file.
2025-04-02 08:45:11,108 [ERROR] LogOutputStream:75 - [STDERR_REDIRECT] 
2025-04-02 08:45:12,120 [ERROR] LogOutputStream:75 - [STDERR_REDIRECT] [Fatal Error] :1:1: Premature end of file.
2025-04-02 08:45:12,120 [ERROR] LogOutputStream:75 - [STDERR_REDIRECT] 
2025-04-02 08:45:13,122 [ERROR] LogOutputStream:75 - [STDERR_REDIRECT] [Fatal Error] :1:1: Premature end of file.
2025-04-02 08:45:13,122 [ERROR] LogOutputStream:75 - [STDERR_REDIRECT] 
2025-04-02 08:45:14,127 [ERROR] LogOutputStream:75 - [STDERR_REDIRECT] [Fatal Error] :1:1: Premature end of file.
2025-04-02 08:45:14,127 [ERROR] LogOutputStream:75 - [STDERR_REDIRECT] 
2025-04-02 08:45:15,075 [ERROR] LogOutputStream:75 - [STDERR_REDIRECT] [Fatal Error] :1:1: Premature end of file.
2025-04-02 08:45:15,076 [ERROR] LogOutputStream:75 - [STDERR_REDIRECT] 
2025-04-02 08:45:16,113 [ERROR] LogOutputStream:75 - [STDERR_REDIRECT] [Fatal Error] :1:1: Premature end of file.
2025-04-02 08:45:16,113 [ERROR] LogOutputStream:75 - [STDERR_REDIRECT] 
2025-04-02 08:45:17,104 [ERROR] LogOutputStream:75 - [STDERR_REDIRECT] [Fatal Error] :1:1: Premature end of file.
2025-04-02 08:45:17,105 [ERROR] LogOutputStream:75 - [STDERR_REDIRECT] 
2025-04-02 08:45:18,082 [ERROR] LogOutputStream:75 - [STDERR_REDIRECT] [Fatal Error] :1:1: Premature end of file.
2025-04-02 08:45:18,082 [ERROR] LogOutputStream:75 - [STDERR_REDIRECT] 
2025-04-02 08:45:19,093 [ERROR] LogOutputStream:75 - [STDERR_REDIRECT] [Fatal Error] :1:1: Premature end of file.
2025-04-02 08:45:19,093 [ERROR] LogOutputStream:75 - [STDERR_REDIRECT] 
2025-04-02 08:45:20,104 [ERROR] LogOutputStream:75 - [STDERR_REDIRECT] [Fatal Error] :1:1: Premature end of file.
2025-04-02 08:45:20,105 [ERROR] LogOutputStream:75 - [STDERR_REDIRECT] 
2025-04-02 08:45:21,105 [ERROR] LogOutputStream:75 - [STDERR_REDIRECT] [Fatal Error] :1:1: Premature end of file.
2025-04-02 08:45:21,106 [ERROR] LogOutputStream:75 - [STDERR_REDIRECT] 
2025-04-02 08:45:22,134 [ERROR] LogOutputStream:75 - [STDERR_REDIRECT] [Fatal Error] :1:1: Premature end of file.
2025-04-02 08:45:22,135 [ERROR] LogOutputStream:75 - [STDERR_REDIRECT] 
2025-04-02 08:45:23,104 [ERROR] LogOutputStream:75 - [STDERR_REDIRECT] [Fatal Error] :1:1: Premature end of file.
2025-04-02 08:45:23,105 [ERROR] LogOutputStream:75 - [STDERR_REDIRECT] 
2025-04-02 08:45:24,101 [ERROR] LogOutputStream:75 - [STDERR_REDIRECT] [Fatal Error] :1:1: Premature end of file.
2025-04-02 08:45:24,102 [ERROR] LogOutputStream:75 - [STDERR_REDIRECT] 
2025-04-02 08:45:25,110 [ERROR] LogOutputStream:75 - [STDERR_REDIRECT] [Fatal Error] :1:1: Premature end of file.
2025-04-02 08:45:25,110 [ERROR] LogOutputStream:75 - [STDERR_REDIRECT] 
2025-04-02 08:45:26,108 [ERROR] LogOutputStream:75 - [STDERR_REDIRECT] [Fatal Error] :1:1: Premature end of file.
2025-04-02 08:45:26,108 [ERROR] LogOutputStream:75 - [STDERR_REDIRECT] 
2025-04-02 08:45:27,107 [ERROR] LogOutputStream:75 - [STDERR_REDIRECT] [Fatal Error] :1:1: Premature end of file.
2025-04-02 08:45:27,107 [ERROR] LogOutputStream:75 - [STDERR_REDIRECT] 
2025-04-02 08:45:28,109 [ERROR] LogOutputStream:75 - [STDERR_REDIRECT] [Fatal Error] :1:1: Premature end of file.
2025-04-02 08:45:28,109 [ERROR] LogOutputStream:75 - [STDERR_REDIRECT] 
2025-04-02 08:45:29,138 [ERROR] LogOutputStream:75 - [STDERR_REDIRECT] [Fatal Error] :1:1: Premature end of file.
2025-04-02 08:45:29,139 [ERROR] LogOutputStream:75 - [STDERR_REDIRECT] 
2025-04-02 08:45:30,101 [ERROR] LogOutputStream:75 - [STDERR_REDIRECT] [Fatal Error] :1:1: Premature end of file.
2025-04-02 08:45:30,102 [ERROR] LogOutputStream:75 - [STDERR_REDIRECT] 
2025-04-02 08:45:31,110 [ERROR] LogOutputStream:75 - [STDERR_REDIRECT] [Fatal Error] :1:1: Premature end of file.
2025-04-02 08:45:31,111 [ERROR] LogOutputStream:75 - [STDERR_REDIRECT] 
2025-04-02 08:45:32,101 [ERROR] LogOutputStream:75 - [STDERR_REDIRECT] [Fatal Error] :1:1: Premature end of file.
2025-04-02 08:45:32,102 [ERROR] LogOutputStream:75 - [STDERR_REDIRECT] 
2025-04-02 08:45:33,085 [ERROR] LogOutputStream:75 - [STDERR_REDIRECT] [Fatal Error] :1:1: Premature end of file.
2025-04-02 08:45:33,085 [ERROR] LogOutputStream:75 - [STDERR_REDIRECT] 
2025-04-02 08:45:34,101 [ERROR] LogOutputStream:75 - [STDERR_REDIRECT] [Fatal Error] :1:1: Premature end of file.
2025-04-02 08:45:34,101 [ERROR] LogOutputStream:75 - [STDERR_REDIRECT] 
2025-04-02 08:45:35,100 [ERROR] LogOutputStream:75 - [STDERR_REDIRECT] [Fatal Error] :1:1: Premature end of file.
2025-04-02 08:45:35,101 [ERROR] LogOutputStream:75 - [STDERR_REDIRECT] 
2025-04-02 08:45:36,112 [ERROR] LogOutputStream:75 - [STDERR_REDIRECT] [Fatal Error] :1:1: Premature end of file.
2025-04-02 08:45:36,112 [ERROR] LogOutputStream:75 - [STDERR_REDIRECT] 
2025-04-02 08:45:37,097 [ERROR] LogOutputStream:75 - [STDERR_REDIRECT] [Fatal Error] :1:1: Premature end of file.
2025-04-02 08:45:37,098 [ERROR] LogOutputStream:75 - [STDERR_REDIRECT] 
2025-04-02 08:45:38,115 [ERROR] LogOutputStream:75 - [STDERR_REDIRECT] [Fatal Error] :1:1: Premature end of file.
2025-04-02 08:45:38,116 [ERROR] LogOutputStream:75 - [STDERR_REDIRECT] 
2025-04-02 08:45:39,098 [ERROR] LogOutputStream:75 - [STDERR_REDIRECT] [Fatal Error] :1:1: Premature end of file.
2025-04-02 08:45:39,099 [ERROR] LogOutputStream:75 - [STDERR_REDIRECT] 
2025-04-02 08:45:40,102 [ERROR] LogOutputStream:75 - [STDERR_REDIRECT] [Fatal Error] :1:1: Premature end of file.
2025-04-02 08:45:40,102 [ERROR] LogOutputStream:75 - [STDERR_REDIRECT] 
2025-04-02 08:45:41,096 [ERROR] LogOutputStream:75 - [STDERR_REDIRECT] [Fatal Error] :1:1: Premature end of file.
2025-04-02 08:45:41,097 [ERROR] LogOutputStream:75 - [STDERR_REDIRECT] 
2025-04-02 08:45:42,088 [ERROR] LogOutputStream:75 - [STDERR_REDIRECT] [Fatal Error] :1:1: Premature end of file.
2025-04-02 08:45:42,088 [ERROR] LogOutputStream:75 - [STDERR_REDIRECT] 
2025-04-02 08:45:43,097 [ERROR] LogOutputStream:75 - [STDERR_REDIRECT] [Fatal Error] :1:1: Premature end of file.
2025-04-02 08:45:43,098 [ERROR] LogOutputStream:75 - [STDERR_REDIRECT] 
2025-04-02 08:45:44,091 [ERROR] LogOutputStream:75 - [STDERR_REDIRECT] [Fatal Error] :1:1: Premature end of file.
2025-04-02 08:45:44,091 [ERROR] LogOutputStream:75 - [STDERR_REDIRECT] 
2025-04-02 08:45:45,082 [ERROR] LogOutputStream:75 - [STDERR_REDIRECT] [Fatal Error] :1:1: Premature end of file.
2025-04-02 08:45:45,083 [ERROR] LogOutputStream:75 - [STDERR_REDIRECT] 
2025-04-02 08:45:46,078 [ERROR] LogOutputStream:75 - [STDERR_REDIRECT] [Fatal Error] :1:1: Premature end of file.
2025-04-02 08:45:46,078 [ERROR] LogOutputStream:75 - [STDERR_REDIRECT] 
2025-04-02 08:45:47,091 [ERROR] LogOutputStream:75 - [STDERR_REDIRECT] [Fatal Error] :1:1: Premature end of file.
2025-04-02 08:45:47,092 [ERROR] LogOutputStream:75 - [STDERR_REDIRECT] 
2025-04-02 08:45:48,106 [ERROR] LogOutputStream:75 - [STDERR_REDIRECT] [Fatal Error] :1:1: Premature end of file.
2025-04-02 08:45:48,106 [ERROR] LogOutputStream:75 - [STDERR_REDIRECT] 
2025-04-02 08:45:49,100 [ERROR] LogOutputStream:75 - [STDERR_REDIRECT] [Fatal Error] :1:1: Premature end of file.
2025-04-02 08:45:49,100 [ERROR] LogOutputStream:75 - [STDERR_REDIRECT] 
2025-04-02 08:45:50,077 [ERROR] LogOutputStream:75 - [STDERR_REDIRECT] [Fatal Error] :1:1: Premature end of file.
2025-04-02 08:45:50,077 [ERROR] LogOutputStream:75 - [STDERR_REDIRECT] 
2025-04-02 08:45:51,090 [ERROR] LogOutputStream:75 - [STDERR_REDIRECT] [Fatal Error] :1:1: Premature end of file.
2025-04-02 08:45:51,091 [ERROR] LogOutputStream:75 - [STDERR_REDIRECT] 
2025-04-02 08:45:52,088 [ERROR] LogOutputStream:75 - [STDERR_REDIRECT] [Fatal Error] :1:1: Premature end of file.
2025-04-02 08:45:52,089 [ERROR] LogOutputStream:75 - [STDERR_REDIRECT] 
2025-04-02 08:45:53,114 [ERROR] LogOutputStream:75 - [STDERR_REDIRECT] [Fatal Error] :1:1: Premature end of file.
2025-04-02 08:45:53,114 [ERROR] LogOutputStream:75 - [STDERR_REDIRECT] 
2025-04-02 08:45:54,094 [ERROR] LogOutputStream:75 - [STDERR_REDIRECT] [Fatal Error] :1:1: Premature end of file.
2025-04-02 08:45:54,094 [ERROR] LogOutputStream:75 - [STDERR_REDIRECT] 
2025-04-02 08:45:55,100 [ERROR] LogOutputStream:75 - [STDERR_REDIRECT] [Fatal Error] :1:1: Premature end of file.
2025-04-02 08:45:55,100 [ERROR] LogOutputStream:75 - [STDERR_REDIRECT] 
2025-04-02 08:45:56,098 [ERROR] LogOutputStream:75 - [STDERR_REDIRECT] [Fatal Error] :1:1: Premature end of file.
2025-04-02 08:45:56,099 [ERROR] LogOutputStream:75 - [STDERR_REDIRECT] 
2025-04-02 08:45:57,091 [ERROR] LogOutputStream:75 - [STDERR_REDIRECT] [Fatal Error] :1:1: Premature end of file.
2025-04-02 08:45:57,092 [ERROR] LogOutputStream:75 - [STDERR_REDIRECT] 
2025-04-02 08:45:58,114 [ERROR] LogOutputStream:75 - [STDERR_REDIRECT] [Fatal Error] :1:1: Premature end of file.
2025-04-02 08:45:58,114 [ERROR] LogOutputStream:75 - [STDERR_REDIRECT] 
2025-04-02 08:45:59,113 [ERROR] LogOutputStream:75 - [STDERR_REDIRECT] [Fatal Error] :1:1: Premature end of file.
2025-04-02 08:45:59,113 [ERROR] LogOutputStream:75 - [STDERR_REDIRECT] 
2025-04-02 08:46:00,107 [ERROR] LogOutputStream:75 - [STDERR_REDIRECT] [Fatal Error] :1:1: Premature end of file.
2025-04-02 08:46:00,108 [ERROR] LogOutputStream:75 - [STDERR_REDIRECT] 
2025-04-02 08:46:01,094 [ERROR] LogOutputStream:75 - [STDERR_REDIRECT] [Fatal Error] :1:1: Premature end of file.
2025-04-02 08:46:01,094 [ERROR] LogOutputStream:75 - [STDERR_REDIRECT] 
2025-04-02 08:46:02,070 [ERROR] LogOutputStream:75 - [STDERR_REDIRECT] [Fatal Error] :1:1: Premature end of file.
2025-04-02 08:46:02,070 [ERROR] LogOutputStream:75 - [STDERR_REDIRECT] 
2025-04-02 08:46:03,091 [ERROR] LogOutputStream:75 - [STDERR_REDIRECT] [Fatal Error] :1:1: Premature end of file.
2025-04-02 08:46:03,091 [ERROR] LogOutputStream:75 - [STDERR_REDIRECT] 
2025-04-02 08:46:04,088 [ERROR] LogOutputStream:75 - [STDERR_REDIRECT] [Fatal Error] :1:1: Premature end of file.
2025-04-02 08:46:04,088 [ERROR] LogOutputStream:75 - [STDERR_REDIRECT] 
2025-04-02 08:46:05,088 [ERROR] LogOutputStream:75 - [STDERR_REDIRECT] [Fatal Error] :1:1: Premature end of file.
2025-04-02 08:46:05,088 [ERROR] LogOutputStream:75 - [STDERR_REDIRECT] 
2025-04-02 08:46:06,107 [ERROR] LogOutputStream:75 - [STDERR_REDIRECT] [Fatal Error] :1:1: Premature end of file.
2025-04-02 08:46:06,107 [ERROR] LogOutputStream:75 - [STDERR_REDIRECT] 
2025-04-02 08:46:07,077 [ERROR] LogOutputStream:75 - [STDERR_REDIRECT] [Fatal Error] :1:1: Premature end of file.
2025-04-02 08:46:07,077 [ERROR] LogOutputStream:75 - [STDERR_REDIRECT] 
2025-04-02 08:46:08,104 [ERROR] LogOutputStream:75 - [STDERR_REDIRECT] [Fatal Error] :1:1: Premature end of file.
2025-04-02 08:46:08,104 [ERROR] LogOutputStream:75 - [STDERR_REDIRECT] 
2025-04-02 08:46:09,082 [ERROR] LogOutputStream:75 - [STDERR_REDIRECT] [Fatal Error] :1:1: Premature end of file.
2025-04-02 08:46:09,082 [ERROR] LogOutputStream:75 - [STDERR_REDIRECT] 
2025-04-02 08:46:10,079 [ERROR] LogOutputStream:75 - [STDERR_REDIRECT] [Fatal Error] :1:1: Premature end of file.
2025-04-02 08:46:10,079 [ERROR] LogOutputStream:75 - [STDERR_REDIRECT] 
2025-04-02 08:46:11,100 [ERROR] LogOutputStream:75 - [STDERR_REDIRECT] [Fatal Error] :1:1: Premature end of file.
2025-04-02 08:46:11,100 [ERROR] LogOutputStream:75 - [STDERR_REDIRECT] 
2025-04-02 08:46:12,079 [ERROR] LogOutputStream:75 - [STDERR_REDIRECT] [Fatal Error] :1:1: Premature end of file.
2025-04-02 08:46:12,079 [ERROR] LogOutputStream:75 - [STDERR_REDIRECT] 
2025-04-02 08:46:13,072 [ERROR] LogOutputStream:75 - [STDERR_REDIRECT] [Fatal Error] :1:1: Premature end of file.
2025-04-02 08:46:13,073 [ERROR] LogOutputStream:75 - [STDERR_REDIRECT] 
2025-04-02 08:46:14,095 [ERROR] LogOutputStream:75 - [STDERR_REDIRECT] [Fatal Error] :1:1: Premature end of file.
2025-04-02 08:46:14,095 [ERROR] LogOutputStream:75 - [STDERR_REDIRECT] 
2025-04-02 08:46:15,079 [ERROR] LogOutputStream:75 - [STDERR_REDIRECT] [Fatal Error] :1:1: Premature end of file.
2025-04-02 08:46:15,079 [ERROR] LogOutputStream:75 - [STDERR_REDIRECT] 
2025-04-02 08:46:16,098 [ERROR] LogOutputStream:75 - [STDERR_REDIRECT] [Fatal Error] :1:1: Premature end of file.
2025-04-02 08:46:16,099 [ERROR] LogOutputStream:75 - [STDERR_REDIRECT] 
2025-04-02 08:46:17,081 [ERROR] LogOutputStream:75 - [STDERR_REDIRECT] [Fatal Error] :1:1: Premature end of file.
2025-04-02 08:46:17,081 [ERROR] LogOutputStream:75 - [STDERR_REDIRECT] 
2025-04-02 08:46:18,070 [ERROR] LogOutputStream:75 - [STDERR_REDIRECT] [Fatal Error] :1:1: Premature end of file.
2025-04-02 08:46:18,070 [ERROR] LogOutputStream:75 - [STDERR_REDIRECT] 
2025-04-02 08:46:19,098 [ERROR] LogOutputStream:75 - [STDERR_REDIRECT] [Fatal Error] :1:1: Premature end of file.
2025-04-02 08:46:19,099 [ERROR] LogOutputStream:75 - [STDERR_REDIRECT] 
2025-04-02 08:46:20,071 [ERROR] LogOutputStream:75 - [STDERR_REDIRECT] [Fatal Error] :1:1: Premature end of file.
2025-04-02 08:46:20,071 [ERROR] LogOutputStream:75 - [STDERR_REDIRECT] 
2025-04-02 08:46:21,107 [ERROR] LogOutputStream:75 - [STDERR_REDIRECT] [Fatal Error] :1:1: Premature end of file.
2025-04-02 08:46:21,107 [ERROR] LogOutputStream:75 - [STDERR_REDIRECT] 
2025-04-02 08:46:22,091 [ERROR] LogOutputStream:75 - [STDERR_REDIRECT] [Fatal Error] :1:1: Premature end of file.
2025-04-02 08:46:22,091 [ERROR] LogOutputStream:75 - [STDERR_REDIRECT] 
2025-04-02 08:46:23,084 [ERROR] LogOutputStream:75 - [STDERR_REDIRECT] [Fatal Error] :1:1: Premature end of file.
2025-04-02 08:46:23,084 [ERROR] LogOutputStream:75 - [STDERR_REDIRECT] 
2025-04-02 08:46:24,093 [ERROR] LogOutputStream:75 - [STDERR_REDIRECT] [Fatal Error] :1:1: Premature end of file.
2025-04-02 08:46:24,093 [ERROR] LogOutputStream:75 - [STDERR_REDIRECT] 
2025-04-02 08:46:25,135 [ERROR] LogOutputStream:75 - [STDERR_REDIRECT] [Fatal Error] :1:1: Premature end of file.
2025-04-02 08:46:25,135 [ERROR] LogOutputStream:75 - [STDERR_REDIRECT] 
2025-04-02 08:46:26,148 [ERROR] LogOutputStream:75 - [STDERR_REDIRECT] [Fatal Error] :1:1: Premature end of file.
2025-04-02 08:46:26,148 [ERROR] LogOutputStream:75 - [STDERR_REDIRECT] 
2025-04-02 08:46:27,114 [ERROR] LogOutputStream:75 - [STDERR_REDIRECT] [Fatal Error] :1:1: Premature end of file.
2025-04-02 08:46:27,114 [ERROR] LogOutputStream:75 - [STDERR_REDIRECT] 
2025-04-02 08:46:28,082 [ERROR] LogOutputStream:75 - [STDERR_REDIRECT] [Fatal Error] :1:1: Premature end of file.
2025-04-02 08:46:28,082 [ERROR] LogOutputStream:75 - [STDERR_REDIRECT] 
2025-04-02 08:46:29,106 [ERROR] LogOutputStream:75 - [STDERR_REDIRECT] [Fatal Error] :1:1: Premature end of file.
2025-04-02 08:46:29,106 [ERROR] LogOutputStream:75 - [STDERR_REDIRECT] 
2025-04-02 08:46:30,079 [ERROR] LogOutputStream:75 - [STDERR_REDIRECT] [Fatal Error] :1:1: Premature end of file.
2025-04-02 08:46:30,080 [ERROR] LogOutputStream:75 - [STDERR_REDIRECT] 
2025-04-02 08:46:31,113 [ERROR] LogOutputStream:75 - [STDERR_REDIRECT] [Fatal Error] :1:1: Premature end of file.
2025-04-02 08:46:31,113 [ERROR] LogOutputStream:75 - [STDERR_REDIRECT] 
2025-04-02 08:46:32,100 [ERROR] LogOutputStream:75 - [STDERR_REDIRECT] [Fatal Error] :1:1: Premature end of file.
2025-04-02 08:46:32,101 [ERROR] LogOutputStream:75 - [STDERR_REDIRECT] 
2025-04-02 08:46:33,089 [ERROR] LogOutputStream:75 - [STDERR_REDIRECT] [Fatal Error] :1:1: Premature end of file.
2025-04-02 08:46:33,089 [ERROR] LogOutputStream:75 - [STDERR_REDIRECT] 
2025-04-02 08:46:34,061 [ERROR] LogOutputStream:75 - [STDERR_REDIRECT] [Fatal Error] :1:1: Premature end of file.
2025-04-02 08:46:34,061 [ERROR] LogOutputStream:75 - [STDERR_REDIRECT] 
2025-04-02 08:46:35,120 [ERROR] LogOutputStream:75 - [STDERR_REDIRECT] [Fatal Error] :1:1: Premature end of file.
2025-04-02 08:46:35,120 [ERROR] LogOutputStream:75 - [STDERR_REDIRECT] 
2025-04-02 08:46:36,091 [ERROR] LogOutputStream:75 - [STDERR_REDIRECT] [Fatal Error] :1:1: Premature end of file.
2025-04-02 08:46:36,092 [ERROR] LogOutputStream:75 - [STDERR_REDIRECT] 
2025-04-02 08:46:37,077 [ERROR] LogOutputStream:75 - [STDERR_REDIRECT] [Fatal Error] :1:1: Premature end of file.
2025-04-02 08:46:37,077 [ERROR] LogOutputStream:75 - [STDERR_REDIRECT] 
2025-04-02 08:46:38,114 [ERROR] LogOutputStream:75 - [STDERR_REDIRECT] [Fatal Error] :1:1: Premature end of file.
2025-04-02 08:46:38,114 [ERROR] LogOutputStream:75 - [STDERR_REDIRECT] 
2025-04-02 08:46:39,093 [ERROR] LogOutputStream:75 - [STDERR_REDIRECT] [Fatal Error] :1:1: Premature end of file.
2025-04-02 08:46:39,093 [ERROR] LogOutputStream:75 - [STDERR_REDIRECT] 
2025-04-02 08:46:40,066 [ERROR] LogOutputStream:75 - [STDERR_REDIRECT] [Fatal Error] :1:1: Premature end of file.
2025-04-02 08:46:40,066 [ERROR] LogOutputStream:75 - [STDERR_REDIRECT] 
2025-04-02 08:46:41,092 [ERROR] LogOutputStream:75 - [STDERR_REDIRECT] [Fatal Error] :1:1: Premature end of file.
2025-04-02 08:46:41,092 [ERROR] LogOutputStream:75 - [STDERR_REDIRECT] 
2025-04-02 08:46:42,075 [ERROR] LogOutputStream:75 - [STDERR_REDIRECT] [Fatal Error] :1:1: Premature end of file.
2025-04-02 08:46:42,075 [ERROR] LogOutputStream:75 - [STDERR_REDIRECT] 
2025-04-02 08:46:43,103 [ERROR] LogOutputStream:75 - [STDERR_REDIRECT] [Fatal Error] :1:1: Premature end of file.
2025-04-02 08:46:43,103 [ERROR] LogOutputStream:75 - [STDERR_REDIRECT] 
2025-04-02 08:46:44,081 [ERROR] LogOutputStream:75 - [STDERR_REDIRECT] [Fatal Error] :1:1: Premature end of file.
2025-04-02 08:46:44,081 [ERROR] LogOutputStream:75 - [STDERR_REDIRECT] 
2025-04-02 08:46:45,062 [ERROR] LogOutputStream:75 - [STDERR_REDIRECT] [Fatal Error] :1:1: Premature end of file.
2025-04-02 08:46:45,062 [ERROR] LogOutputStream:75 - [STDERR_REDIRECT] 
2025-04-02 08:46:46,074 [ERROR] LogOutputStream:75 - [STDERR_REDIRECT] [Fatal Error] :1:1: Premature end of file.
2025-04-02 08:46:46,074 [ERROR] LogOutputStream:75 - [STDERR_REDIRECT] 
2025-04-02 08:46:47,086 [ERROR] LogOutputStream:75 - [STDERR_REDIRECT] [Fatal Error] :1:1: Premature end of file.
2025-04-02 08:46:47,086 [ERROR] LogOutputStream:75 - [STDERR_REDIRECT] 
2025-04-02 08:46:48,113 [ERROR] LogOutputStream:75 - [STDERR_REDIRECT] [Fatal Error] :1:1: Premature end of file.
2025-04-02 08:46:48,114 [ERROR] LogOutputStream:75 - [STDERR_REDIRECT] 
2025-04-02 08:46:49,101 [ERROR] LogOutputStream:75 - [STDERR_REDIRECT] [Fatal Error] :1:1: Premature end of file.
2025-04-02 08:46:49,101 [ERROR] LogOutputStream:75 - [STDERR_REDIRECT] 
2025-04-02 08:46:50,106 [ERROR] LogOutputStream:75 - [STDERR_REDIRECT] [Fatal Error] :1:1: Premature end of file.
2025-04-02 08:46:50,106 [ERROR] LogOutputStream:75 - [STDERR_REDIRECT] 
2025-04-02 08:46:51,067 [ERROR] LogOutputStream:75 - [STDERR_REDIRECT] [Fatal Error] :1:1: Premature end of file.
2025-04-02 08:46:51,067 [ERROR] LogOutputStream:75 - [STDERR_REDIRECT] 
2025-04-02 08:46:52,102 [ERROR] LogOutputStream:75 - [STDERR_REDIRECT] [Fatal Error] :1:1: Premature end of file.
2025-04-02 08:46:52,102 [ERROR] LogOutputStream:75 - [STDERR_REDIRECT] 
2025-04-02 08:46:53,087 [ERROR] LogOutputStream:75 - [STDERR_REDIRECT] [Fatal Error] :1:1: Premature end of file.
2025-04-02 08:46:53,087 [ERROR] LogOutputStream:75 - [STDERR_REDIRECT] 
2025-04-02 08:46:54,103 [ERROR] LogOutputStream:75 - [STDERR_REDIRECT] [Fatal Error] :1:1: Premature end of file.
2025-04-02 08:46:54,104 [ERROR] LogOutputStream:75 - [STDERR_REDIRECT] 
2025-04-02 08:46:55,108 [ERROR] LogOutputStream:75 - [STDERR_REDIRECT] [Fatal Error] :1:1: Premature end of file.
2025-04-02 08:46:55,108 [ERROR] LogOutputStream:75 - [STDERR_REDIRECT] 
2025-04-02 08:46:56,084 [ERROR] LogOutputStream:75 - [STDERR_REDIRECT] [Fatal Error] :1:1: Premature end of file.
2025-04-02 08:46:56,084 [ERROR] LogOutputStream:75 - [STDERR_REDIRECT] 
2025-04-02 08:46:57,093 [ERROR] LogOutputStream:75 - [STDERR_REDIRECT] [Fatal Error] :1:1: Premature end of file.
2025-04-02 08:46:57,094 [ERROR] LogOutputStream:75 - [STDERR_REDIRECT] 
2025-04-02 08:46:58,066 [ERROR] LogOutputStream:75 - [STDERR_REDIRECT] [Fatal Error] :1:1: Premature end of file.
2025-04-02 08:46:58,067 [ERROR] LogOutputStream:75 - [STDERR_REDIRECT] 
2025-04-02 08:46:59,081 [ERROR] LogOutputStream:75 - [STDERR_REDIRECT] [Fatal Error] :1:1: Premature end of file.
2025-04-02 08:46:59,081 [ERROR] LogOutputStream:75 - [STDERR_REDIRECT] 
2025-04-02 08:47:00,093 [ERROR] LogOutputStream:75 - [STDERR_REDIRECT] [Fatal Error] :1:1: Premature end of file.
2025-04-02 08:47:00,093 [ERROR] LogOutputStream:75 - [STDERR_REDIRECT] 
2025-04-02 08:47:01,094 [ERROR] LogOutputStream:75 - [STDERR_REDIRECT] [Fatal Error] :1:1: Premature end of file.
2025-04-02 08:47:01,094 [ERROR] LogOutputStream:75 - [STDERR_REDIRECT] 
2025-04-02 08:47:02,102 [ERROR] LogOutputStream:75 - [STDERR_REDIRECT] [Fatal Error] :1:1: Premature end of file.
2025-04-02 08:47:02,103 [ERROR] LogOutputStream:75 - [STDERR_REDIRECT] 
2025-04-02 08:47:03,086 [ERROR] LogOutputStream:75 - [STDERR_REDIRECT] [Fatal Error] :1:1: Premature end of file.
2025-04-02 08:47:03,086 [ERROR] LogOutputStream:75 - [STDERR_REDIRECT] 
2025-04-02 08:47:04,076 [ERROR] LogOutputStream:75 - [STDERR_REDIRECT] [Fatal Error] :1:1: Premature end of file.
2025-04-02 08:47:04,077 [ERROR] LogOutputStream:75 - [STDERR_REDIRECT] 
2025-04-02 08:47:05,065 [ERROR] LogOutputStream:75 - [STDERR_REDIRECT] [Fatal Error] :1:1: Premature end of file.
2025-04-02 08:47:05,065 [ERROR] LogOutputStream:75 - [STDERR_REDIRECT] 
2025-04-02 08:47:06,075 [ERROR] LogOutputStream:75 - [STDERR_REDIRECT] [Fatal Error] :1:1: Premature end of file.
2025-04-02 08:47:06,076 [ERROR] LogOutputStream:75 - [STDERR_REDIRECT] 
2025-04-02 08:47:07,087 [ERROR] LogOutputStream:75 - [STDERR_REDIRECT] [Fatal Error] :1:1: Premature end of file.
2025-04-02 08:47:07,087 [ERROR] LogOutputStream:75 - [STDERR_REDIRECT] 
2025-04-02 08:47:08,086 [ERROR] LogOutputStream:75 - [STDERR_REDIRECT] [Fatal Error] :1:1: Premature end of file.
2025-04-02 08:47:08,086 [ERROR] LogOutputStream:75 - [STDERR_REDIRECT] 
2025-04-02 08:47:09,102 [ERROR] LogOutputStream:75 - [STDERR_REDIRECT] [Fatal Error] :1:1: Premature end of file.
2025-04-02 08:47:09,102 [ERROR] LogOutputStream:75 - [STDERR_REDIRECT] 
2025-04-02 08:47:10,101 [ERROR] LogOutputStream:75 - [STDERR_REDIRECT] [Fatal Error] :1:1: Premature end of file.
2025-04-02 08:47:10,101 [ERROR] LogOutputStream:75 - [STDERR_REDIRECT] 
2025-04-02 08:47:11,105 [ERROR] LogOutputStream:75 - [STDERR_REDIRECT] [Fatal Error] :1:1: Premature end of file.
2025-04-02 08:47:11,105 [ERROR] LogOutputStream:75 - [STDERR_REDIRECT] 
2025-04-02 08:47:12,092 [ERROR] LogOutputStream:75 - [STDERR_REDIRECT] [Fatal Error] :1:1: Premature end of file.
2025-04-02 08:47:12,092 [ERROR] LogOutputStream:75 - [STDERR_REDIRECT] 
2025-04-02 08:47:13,100 [ERROR] LogOutputStream:75 - [STDERR_REDIRECT] [Fatal Error] :1:1: Premature end of file.
2025-04-02 08:47:13,101 [ERROR] LogOutputStream:75 - [STDERR_REDIRECT] 
2025-04-02 08:47:14,113 [ERROR] LogOutputStream:75 - [STDERR_REDIRECT] [Fatal Error] :1:1: Premature end of file.
2025-04-02 08:47:14,113 [ERROR] LogOutputStream:75 - [STDERR_REDIRECT] 
2025-04-02 08:47:15,108 [ERROR] LogOutputStream:75 - [STDERR_REDIRECT] [Fatal Error] :1:1: Premature end of file.
2025-04-02 08:47:15,108 [ERROR] LogOutputStream:75 - [STDERR_REDIRECT] 
2025-04-02 08:47:16,091 [ERROR] LogOutputStream:75 - [STDERR_REDIRECT] [Fatal Error] :1:1: Premature end of file.
2025-04-02 08:47:16,092 [ERROR] LogOutputStream:75 - [STDERR_REDIRECT] 
2025-04-02 08:47:17,100 [ERROR] LogOutputStream:75 - [STDERR_REDIRECT] [Fatal Error] :1:1: Premature end of file.
2025-04-02 08:47:17,100 [ERROR] LogOutputStream:75 - [STDERR_REDIRECT] 
2025-04-02 08:47:18,058 [ERROR] LogOutputStream:75 - [STDERR_REDIRECT] [Fatal Error] :1:1: Premature end of file.
2025-04-02 08:47:18,058 [ERROR] LogOutputStream:75 - [STDERR_REDIRECT] 
2025-04-02 08:47:19,093 [ERROR] LogOutputStream:75 - [STDERR_REDIRECT] [Fatal Error] :1:1: Premature end of file.
2025-04-02 08:47:19,093 [ERROR] LogOutputStream:75 - [STDERR_REDIRECT] 
2025-04-02 08:47:20,090 [ERROR] LogOutputStream:75 - [STDERR_REDIRECT] [Fatal Error] :1:1: Premature end of file.
2025-04-02 08:47:20,090 [ERROR] LogOutputStream:75 - [STDERR_REDIRECT] 
2025-04-02 08:47:21,094 [ERROR] LogOutputStream:75 - [STDERR_REDIRECT] [Fatal Error] :1:1: Premature end of file.
2025-04-02 08:47:21,095 [ERROR] LogOutputStream:75 - [STDERR_REDIRECT] 
2025-04-02 08:47:22,085 [ERROR] LogOutputStream:75 - [STDERR_REDIRECT] [Fatal Error] :1:1: Premature end of file.
2025-04-02 08:47:22,085 [ERROR] LogOutputStream:75 - [STDERR_REDIRECT] 
2025-04-02 08:47:23,087 [ERROR] LogOutputStream:75 - [STDERR_REDIRECT] [Fatal Error] :1:1: Premature end of file.
2025-04-02 08:47:23,087 [ERROR] LogOutputStream:75 - [STDERR_REDIRECT] 
2025-04-02 08:47:24,082 [ERROR] LogOutputStream:75 - [STDERR_REDIRECT] [Fatal Error] :1:1: Premature end of file.
2025-04-02 08:47:24,082 [ERROR] LogOutputStream:75 - [STDERR_REDIRECT] 
2025-04-02 08:47:25,099 [ERROR] LogOutputStream:75 - [STDERR_REDIRECT] [Fatal Error] :1:1: Premature end of file.
2025-04-02 08:47:25,099 [ERROR] LogOutputStream:75 - [STDERR_REDIRECT] 
2025-04-02 08:47:26,075 [ERROR] LogOutputStream:75 - [STDERR_REDIRECT] [Fatal Error] :1:1: Premature end of file.
2025-04-02 08:47:26,076 [ERROR] LogOutputStream:75 - [STDERR_REDIRECT] 
2025-04-02 08:47:27,078 [ERROR] LogOutputStream:75 - [STDERR_REDIRECT] [Fatal Error] :1:1: Premature end of file.
2025-04-02 08:47:27,078 [ERROR] LogOutputStream:75 - [STDERR_REDIRECT] 
2025-04-02 08:47:28,098 [ERROR] LogOutputStream:75 - [STDERR_REDIRECT] [Fatal Error] :1:1: Premature end of file.
2025-04-02 08:47:28,098 [ERROR] LogOutputStream:75 - [STDERR_REDIRECT] 
2025-04-02 08:47:29,055 [ERROR] LogOutputStream:75 - [STDERR_REDIRECT] [Fatal Error] :1:1: Premature end of file.
2025-04-02 08:47:29,055 [ERROR] LogOutputStream:75 - [STDERR_REDIRECT] 
2025-04-02 08:47:30,083 [ERROR] LogOutputStream:75 - [STDERR_REDIRECT] [Fatal Error] :1:1: Premature end of file.
2025-04-02 08:47:30,084 [ERROR] LogOutputStream:75 - [STDERR_REDIRECT] 
2025-04-02 08:47:31,101 [ERROR] LogOutputStream:75 - [STDERR_REDIRECT] [Fatal Error] :1:1: Premature end of file.
2025-04-02 08:47:31,101 [ERROR] LogOutputStream:75 - [STDERR_REDIRECT] 
2025-04-02 08:47:32,117 [ERROR] LogOutputStream:75 - [STDERR_REDIRECT] [Fatal Error] :1:1: Premature end of file.
2025-04-02 08:47:32,117 [ERROR] LogOutputStream:75 - [STDERR_REDIRECT] 
2025-04-02 08:47:33,067 [ERROR] LogOutputStream:75 - [STDERR_REDIRECT] [Fatal Error] :1:1: Premature end of file.
2025-04-02 08:47:33,067 [ERROR] LogOutputStream:75 - [STDERR_REDIRECT] 
2025-04-02 08:47:34,097 [ERROR] LogOutputStream:75 - [STDERR_REDIRECT] [Fatal Error] :1:1: Premature end of file.
2025-04-02 08:47:34,097 [ERROR] LogOutputStream:75 - [STDERR_REDIRECT] 
2025-04-02 08:47:35,112 [ERROR] LogOutputStream:75 - [STDERR_REDIRECT] [Fatal Error] :1:1: Premature end of file.
2025-04-02 08:47:35,113 [ERROR] LogOutputStream:75 - [STDERR_REDIRECT] 
2025-04-02 08:47:36,112 [ERROR] LogOutputStream:75 - [STDERR_REDIRECT] [Fatal Error] :1:1: Premature end of file.
2025-04-02 08:47:36,112 [ERROR] LogOutputStream:75 - [STDERR_REDIRECT] 
2025-04-02 08:47:37,095 [ERROR] LogOutputStream:75 - [STDERR_REDIRECT] [Fatal Error] :1:1: Premature end of file.
2025-04-02 08:47:37,095 [ERROR] LogOutputStream:75 - [STDERR_REDIRECT] 
2025-04-02 08:47:38,074 [ERROR] LogOutputStream:75 - [STDERR_REDIRECT] [Fatal Error] :1:1: Premature end of file.
2025-04-02 08:47:38,074 [ERROR] LogOutputStream:75 - [STDERR_REDIRECT] 
2025-04-02 08:47:39,089 [ERROR] LogOutputStream:75 - [STDERR_REDIRECT] [Fatal Error] :1:1: Premature end of file.
2025-04-02 08:47:39,089 [ERROR] LogOutputStream:75 - [STDERR_REDIRECT] 
2025-04-02 08:47:40,104 [ERROR] LogOutputStream:75 - [STDERR_REDIRECT] [Fatal Error] :1:1: Premature end of file.
2025-04-02 08:47:40,105 [ERROR] LogOutputStream:75 - [STDERR_REDIRECT] 
2025-04-02 08:47:41,091 [ERROR] LogOutputStream:75 - [STDERR_REDIRECT] [Fatal Error] :1:1: Premature end of file.
2025-04-02 08:47:41,091 [ERROR] LogOutputStream:75 - [STDERR_REDIRECT] 
2025-04-02 08:47:42,088 [ERROR] LogOutputStream:75 - [STDERR_REDIRECT] [Fatal Error] :1:1: Premature end of file.
2025-04-02 08:47:42,089 [ERROR] LogOutputStream:75 - [STDERR_REDIRECT] 
2025-04-02 08:47:43,093 [ERROR] LogOutputStream:75 - [STDERR_REDIRECT] [Fatal Error] :1:1: Premature end of file.
2025-04-02 08:47:43,093 [ERROR] LogOutputStream:75 - [STDERR_REDIRECT] 
2025-04-02 08:47:44,100 [ERROR] LogOutputStream:75 - [STDERR_REDIRECT] [Fatal Error] :1:1: Premature end of file.
2025-04-02 08:47:44,100 [ERROR] LogOutputStream:75 - [STDERR_REDIRECT] 
2025-04-02 08:47:45,094 [ERROR] LogOutputStream:75 - [STDERR_REDIRECT] [Fatal Error] :1:1: Premature end of file.
2025-04-02 08:47:45,094 [ERROR] LogOutputStream:75 - [STDERR_REDIRECT] 
2025-04-02 08:47:46,087 [ERROR] LogOutputStream:75 - [STDERR_REDIRECT] [Fatal Error] :1:1: Premature end of file.
2025-04-02 08:47:46,088 [ERROR] LogOutputStream:75 - [STDERR_REDIRECT] 
2025-04-02 08:47:47,099 [ERROR] LogOutputStream:75 - [STDERR_REDIRECT] [Fatal Error] :1:1: Premature end of file.
2025-04-02 08:47:47,099 [ERROR] LogOutputStream:75 - [STDERR_REDIRECT] 
2025-04-02 08:47:48,059 [ERROR] LogOutputStream:75 - [STDERR_REDIRECT] [Fatal Error] :1:1: Premature end of file.
2025-04-02 08:47:48,059 [ERROR] LogOutputStream:75 - [STDERR_REDIRECT] 
2025-04-02 08:47:49,100 [ERROR] LogOutputStream:75 - [STDERR_REDIRECT] [Fatal Error] :1:1: Premature end of file.
2025-04-02 08:47:49,101 [ERROR] LogOutputStream:75 - [STDERR_REDIRECT] 
2025-04-02 08:47:50,095 [ERROR] LogOutputStream:75 - [STDERR_REDIRECT] [Fatal Error] :1:1: Premature end of file.
2025-04-02 08:47:50,095 [ERROR] LogOutputStream:75 - [STDERR_REDIRECT] 
2025-04-02 08:47:51,096 [ERROR] LogOutputStream:75 - [STDERR_REDIRECT] [Fatal Error] :1:1: Premature end of file.
2025-04-02 08:47:51,096 [ERROR] LogOutputStream:75 - [STDERR_REDIRECT] 
2025-04-02 08:47:52,078 [ERROR] LogOutputStream:75 - [STDERR_REDIRECT] [Fatal Error] :1:1: Premature end of file.
2025-04-02 08:47:52,078 [ERROR] LogOutputStream:75 - [STDERR_REDIRECT] 
2025-04-02 08:47:53,092 [ERROR] LogOutputStream:75 - [STDERR_REDIRECT] [Fatal Error] :1:1: Premature end of file.
2025-04-02 08:47:53,092 [ERROR] LogOutputStream:75 - [STDERR_REDIRECT] 
2025-04-02 08:47:54,105 [ERROR] LogOutputStream:75 - [STDERR_REDIRECT] [Fatal Error] :1:1: Premature end of file.
2025-04-02 08:47:54,105 [ERROR] LogOutputStream:75 - [STDERR_REDIRECT] 
2025-04-02 08:47:55,074 [ERROR] LogOutputStream:75 - [STDERR_REDIRECT] [Fatal Error] :1:1: Premature end of file.
2025-04-02 08:47:55,074 [ERROR] LogOutputStream:75 - [STDERR_REDIRECT] 
2025-04-02 08:47:56,070 [ERROR] LogOutputStream:75 - [STDERR_REDIRECT] [Fatal Error] :1:1: Premature end of file.
2025-04-02 08:47:56,071 [ERROR] LogOutputStream:75 - [STDERR_REDIRECT] 
2025-04-02 08:47:57,094 [ERROR] LogOutputStream:75 - [STDERR_REDIRECT] [Fatal Error] :1:1: Premature end of file.
2025-04-02 08:47:57,094 [ERROR] LogOutputStream:75 - [STDERR_REDIRECT] 
2025-04-02 08:47:58,098 [ERROR] LogOutputStream:75 - [STDERR_REDIRECT] [Fatal Error] :1:1: Premature end of file.
2025-04-02 08:47:58,098 [ERROR] LogOutputStream:75 - [STDERR_REDIRECT] 
2025-04-02 08:47:59,114 [ERROR] LogOutputStream:75 - [STDERR_REDIRECT] [Fatal Error] :1:1: Premature end of file.
2025-04-02 08:47:59,115 [ERROR] LogOutputStream:75 - [STDERR_REDIRECT] 
2025-04-02 08:48:00,118 [ERROR] LogOutputStream:75 - [STDERR_REDIRECT] [Fatal Error] :1:1: Premature end of file.
2025-04-02 08:48:00,118 [ERROR] LogOutputStream:75 - [STDERR_REDIRECT] 
2025-04-02 08:48:01,106 [ERROR] LogOutputStream:75 - [STDERR_REDIRECT] [Fatal Error] :1:1: Premature end of file.
2025-04-02 08:48:01,106 [ERROR] LogOutputStream:75 - [STDERR_REDIRECT] 
2025-04-02 08:48:02,122 [ERROR] LogOutputStream:75 - [STDERR_REDIRECT] [Fatal Error] :1:1: Premature end of file.
2025-04-02 08:48:02,122 [ERROR] LogOutputStream:75 - [STDERR_REDIRECT] 
2025-04-02 08:48:03,113 [ERROR] LogOutputStream:75 - [STDERR_REDIRECT] [Fatal Error] :1:1: Premature end of file.
2025-04-02 08:48:03,114 [ERROR] LogOutputStream:75 - [STDERR_REDIRECT] 
2025-04-02 08:48:04,079 [ERROR] LogOutputStream:75 - [STDERR_REDIRECT] [Fatal Error] :1:1: Premature end of file.
2025-04-02 08:48:04,079 [ERROR] LogOutputStream:75 - [STDERR_REDIRECT] 
2025-04-02 08:48:05,097 [ERROR] LogOutputStream:75 - [STDERR_REDIRECT] [Fatal Error] :1:1: Premature end of file.
2025-04-02 08:48:05,097 [ERROR] LogOutputStream:75 - [STDERR_REDIRECT] 
2025-04-02 08:48:06,103 [ERROR] LogOutputStream:75 - [STDERR_REDIRECT] [Fatal Error] :1:1: Premature end of file.
2025-04-02 08:48:06,103 [ERROR] LogOutputStream:75 - [STDERR_REDIRECT] 
2025-04-02 08:48:07,079 [ERROR] LogOutputStream:75 - [STDERR_REDIRECT] [Fatal Error] :1:1: Premature end of file.
2025-04-02 08:48:07,079 [ERROR] LogOutputStream:75 - [STDERR_REDIRECT] 
2025-04-02 08:48:08,120 [ERROR] LogOutputStream:75 - [STDERR_REDIRECT] [Fatal Error] :1:1: Premature end of file.
2025-04-02 08:48:08,120 [ERROR] LogOutputStream:75 - [STDERR_REDIRECT] 
2025-04-02 08:48:09,122 [ERROR] LogOutputStream:75 - [STDERR_REDIRECT] [Fatal Error] :1:1: Premature end of file.
2025-04-02 08:48:09,123 [ERROR] LogOutputStream:75 - [STDERR_REDIRECT] 
2025-04-02 08:48:10,066 [ERROR] LogOutputStream:75 - [STDERR_REDIRECT] [Fatal Error] :1:1: Premature end of file.
2025-04-02 08:48:10,066 [ERROR] LogOutputStream:75 - [STDERR_REDIRECT] 
2025-04-02 08:48:11,058 [ERROR] LogOutputStream:75 - [STDERR_REDIRECT] [Fatal Error] :1:1: Premature end of file.
2025-04-02 08:48:11,058 [ERROR] LogOutputStream:75 - [STDERR_REDIRECT] 
2025-04-02 08:48:12,085 [ERROR] LogOutputStream:75 - [STDERR_REDIRECT] [Fatal Error] :1:1: Premature end of file.
2025-04-02 08:48:12,085 [ERROR] LogOutputStream:75 - [STDERR_REDIRECT] 
2025-04-02 08:48:13,079 [ERROR] LogOutputStream:75 - [STDERR_REDIRECT] [Fatal Error] :1:1: Premature end of file.
2025-04-02 08:48:13,080 [ERROR] LogOutputStream:75 - [STDERR_REDIRECT] 
2025-04-02 08:48:14,079 [ERROR] LogOutputStream:75 - [STDERR_REDIRECT] [Fatal Error] :1:1: Premature end of file.
2025-04-02 08:48:14,080 [ERROR] LogOutputStream:75 - [STDERR_REDIRECT] 
2025-04-02 08:48:15,067 [ERROR] LogOutputStream:75 - [STDERR_REDIRECT] [Fatal Error] :1:1: Premature end of file.
2025-04-02 08:48:15,067 [ERROR] LogOutputStream:75 - [STDERR_REDIRECT] 
2025-04-02 08:48:16,073 [ERROR] LogOutputStream:75 - [STDERR_REDIRECT] [Fatal Error] :1:1: Premature end of file.
2025-04-02 08:48:16,073 [ERROR] LogOutputStream:75 - [STDERR_REDIRECT] 
2025-04-02 08:48:17,095 [ERROR] LogOutputStream:75 - [STDERR_REDIRECT] [Fatal Error] :1:1: Premature end of file.
2025-04-02 08:48:17,096 [ERROR] LogOutputStream:75 - [STDERR_REDIRECT] 
2025-04-02 08:48:18,136 [ERROR] LogOutputStream:75 - [STDERR_REDIRECT] [Fatal Error] :1:1: Premature end of file.
2025-04-02 08:48:18,136 [ERROR] LogOutputStream:75 - [STDERR_REDIRECT] 
2025-04-02 08:48:19,097 [ERROR] LogOutputStream:75 - [STDERR_REDIRECT] [Fatal Error] :1:1: Premature end of file.
2025-04-02 08:48:19,097 [ERROR] LogOutputStream:75 - [STDERR_REDIRECT] 
2025-04-02 08:48:20,104 [ERROR] LogOutputStream:75 - [STDERR_REDIRECT] [Fatal Error] :1:1: Premature end of file.
2025-04-02 08:48:20,105 [ERROR] LogOutputStream:75 - [STDERR_REDIRECT] 
2025-04-02 08:48:21,087 [ERROR] LogOutputStream:75 - [STDERR_REDIRECT] [Fatal Error] :1:1: Premature end of file.
2025-04-02 08:48:21,087 [ERROR] LogOutputStream:75 - [STDERR_REDIRECT] 
2025-04-02 08:48:22,099 [ERROR] LogOutputStream:75 - [STDERR_REDIRECT] [Fatal Error] :1:1: Premature end of file.
2025-04-02 08:48:22,099 [ERROR] LogOutputStream:75 - [STDERR_REDIRECT] 
2025-04-02 08:48:23,103 [ERROR] LogOutputStream:75 - [STDERR_REDIRECT] [Fatal Error] :1:1: Premature end of file.
2025-04-02 08:48:23,103 [ERROR] LogOutputStream:75 - [STDERR_REDIRECT] 
2025-04-02 08:48:24,083 [ERROR] LogOutputStream:75 - [STDERR_REDIRECT] [Fatal Error] :1:1: Premature end of file.
2025-04-02 08:48:24,085 [ERROR] LogOutputStream:75 - [STDERR_REDIRECT] 
2025-04-02 08:48:25,089 [ERROR] LogOutputStream:75 - [STDERR_REDIRECT] [Fatal Error] :1:1: Premature end of file.
2025-04-02 08:48:25,089 [ERROR] LogOutputStream:75 - [STDERR_REDIRECT] 
2025-04-02 08:48:26,090 [ERROR] LogOutputStream:75 - [STDERR_REDIRECT] [Fatal Error] :1:1: Premature end of file.
2025-04-02 08:48:26,090 [ERROR] LogOutputStream:75 - [STDERR_REDIRECT] 
2025-04-02 08:48:27,093 [ERROR] LogOutputStream:75 - [STDERR_REDIRECT] [Fatal Error] :1:1: Premature end of file.
2025-04-02 08:48:27,094 [ERROR] LogOutputStream:75 - [STDERR_REDIRECT] 
2025-04-02 08:48:28,104 [ERROR] LogOutputStream:75 - [STDERR_REDIRECT] [Fatal Error] :1:1: Premature end of file.
2025-04-02 08:48:28,104 [ERROR] LogOutputStream:75 - [STDERR_REDIRECT] 
2025-04-02 08:48:29,099 [ERROR] LogOutputStream:75 - [STDERR_REDIRECT] [Fatal Error] :1:1: Premature end of file.
2025-04-02 08:48:29,099 [ERROR] LogOutputStream:75 - [STDERR_REDIRECT] 
2025-04-02 08:48:30,090 [ERROR] LogOutputStream:75 - [STDERR_REDIRECT] [Fatal Error] :1:1: Premature end of file.
2025-04-02 08:48:30,090 [ERROR] LogOutputStream:75 - [STDERR_REDIRECT] 
2025-04-02 08:48:31,090 [ERROR] LogOutputStream:75 - [STDERR_REDIRECT] [Fatal Error] :1:1: Premature end of file.
2025-04-02 08:48:31,090 [ERROR] LogOutputStream:75 - [STDERR_REDIRECT] 
2025-04-02 08:48:32,083 [ERROR] LogOutputStream:75 - [STDERR_REDIRECT] [Fatal Error] :1:1: Premature end of file.
2025-04-02 08:48:32,083 [ERROR] LogOutputStream:75 - [STDERR_REDIRECT] 
2025-04-02 08:48:33,093 [ERROR] LogOutputStream:75 - [STDERR_REDIRECT] [Fatal Error] :1:1: Premature end of file.
2025-04-02 08:48:33,093 [ERROR] LogOutputStream:75 - [STDERR_REDIRECT] 
2025-04-02 08:48:34,091 [ERROR] LogOutputStream:75 - [STDERR_REDIRECT] [Fatal Error] :1:1: Premature end of file.
2025-04-02 08:48:34,091 [ERROR] LogOutputStream:75 - [STDERR_REDIRECT] 
2025-04-02 08:48:35,091 [ERROR] LogOutputStream:75 - [STDERR_REDIRECT] [Fatal Error] :1:1: Premature end of file.
2025-04-02 08:48:35,092 [ERROR] LogOutputStream:75 - [STDERR_REDIRECT] 
2025-04-02 08:48:36,096 [ERROR] LogOutputStream:75 - [STDERR_REDIRECT] [Fatal Error] :1:1: Premature end of file.
2025-04-02 08:48:36,096 [ERROR] LogOutputStream:75 - [STDERR_REDIRECT] 
2025-04-02 08:48:37,092 [ERROR] LogOutputStream:75 - [STDERR_REDIRECT] [Fatal Error] :1:1: Premature end of file.
2025-04-02 08:48:37,092 [ERROR] LogOutputStream:75 - [STDERR_REDIRECT] 
2025-04-02 08:48:38,086 [ERROR] LogOutputStream:75 - [STDERR_REDIRECT] [Fatal Error] :1:1: Premature end of file.
2025-04-02 08:48:38,087 [ERROR] LogOutputStream:75 - [STDERR_REDIRECT] 
2025-04-02 08:48:39,098 [ERROR] LogOutputStream:75 - [STDERR_REDIRECT] [Fatal Error] :1:1: Premature end of file.
2025-04-02 08:48:39,098 [ERROR] LogOutputStream:75 - [STDERR_REDIRECT] 
2025-04-02 08:48:40,087 [ERROR] LogOutputStream:75 - [STDERR_REDIRECT] [Fatal Error] :1:1: Premature end of file.
2025-04-02 08:48:40,088 [ERROR] LogOutputStream:75 - [STDERR_REDIRECT] 
2025-04-02 08:48:41,106 [ERROR] LogOutputStream:75 - [STDERR_REDIRECT] [Fatal Error] :1:1: Premature end of file.
2025-04-02 08:48:41,107 [ERROR] LogOutputStream:75 - [STDERR_REDIRECT] 
2025-04-02 08:48:42,089 [ERROR] LogOutputStream:75 - [STDERR_REDIRECT] [Fatal Error] :1:1: Premature end of file.
2025-04-02 08:48:42,090 [ERROR] LogOutputStream:75 - [STDERR_REDIRECT] 
2025-04-02 08:48:43,090 [ERROR] LogOutputStream:75 - [STDERR_REDIRECT] [Fatal Error] :1:1: Premature end of file.
2025-04-02 08:48:43,090 [ERROR] LogOutputStream:75 - [STDERR_REDIRECT] 
2025-04-02 08:48:44,099 [ERROR] LogOutputStream:75 - [STDERR_REDIRECT] [Fatal Error] :1:1: Premature end of file.
2025-04-02 08:48:44,099 [ERROR] LogOutputStream:75 - [STDERR_REDIRECT] 
2025-04-02 08:48:45,091 [ERROR] LogOutputStream:75 - [STDERR_REDIRECT] [Fatal Error] :1:1: Premature end of file.
2025-04-02 08:48:45,091 [ERROR] LogOutputStream:75 - [STDERR_REDIRECT] 
2025-04-02 08:48:46,094 [ERROR] LogOutputStream:75 - [STDERR_REDIRECT] [Fatal Error] :1:1: Premature end of file.
2025-04-02 08:48:46,094 [ERROR] LogOutputStream:75 - [STDERR_REDIRECT] 
2025-04-02 08:48:47,100 [ERROR] LogOutputStream:75 - [STDERR_REDIRECT] [Fatal Error] :1:1: Premature end of file.
2025-04-02 08:48:47,100 [ERROR] LogOutputStream:75 - [STDERR_REDIRECT] 
2025-04-02 08:48:48,066 [ERROR] LogOutputStream:75 - [STDERR_REDIRECT] [Fatal Error] :1:1: Premature end of file.
2025-04-02 08:48:48,066 [ERROR] LogOutputStream:75 - [STDERR_REDIRECT] 
2025-04-02 08:48:49,088 [ERROR] LogOutputStream:75 - [STDERR_REDIRECT] [Fatal Error] :1:1: Premature end of file.
2025-04-02 08:48:49,088 [ERROR] LogOutputStream:75 - [STDERR_REDIRECT] 
2025-04-02 08:48:50,086 [ERROR] LogOutputStream:75 - [STDERR_REDIRECT] [Fatal Error] :1:1: Premature end of file.
2025-04-02 08:48:50,086 [ERROR] LogOutputStream:75 - [STDERR_REDIRECT] 
2025-04-02 08:48:51,115 [ERROR] LogOutputStream:75 - [STDERR_REDIRECT] [Fatal Error] :1:1: Premature end of file.
2025-04-02 08:48:51,116 [ERROR] LogOutputStream:75 - [STDERR_REDIRECT] 
2025-04-02 08:48:52,109 [ERROR] LogOutputStream:75 - [STDERR_REDIRECT] [Fatal Error] :1:1: Premature end of file.
2025-04-02 08:48:52,109 [ERROR] LogOutputStream:75 - [STDERR_REDIRECT] 
2025-04-02 08:48:53,095 [ERROR] LogOutputStream:75 - [STDERR_REDIRECT] [Fatal Error] :1:1: Premature end of file.
2025-04-02 08:48:53,095 [ERROR] LogOutputStream:75 - [STDERR_REDIRECT] 
2025-04-02 08:48:54,106 [ERROR] LogOutputStream:75 - [STDERR_REDIRECT] [Fatal Error] :1:1: Premature end of file.
2025-04-02 08:48:54,107 [ERROR] LogOutputStream:75 - [STDERR_REDIRECT] 
2025-04-02 08:48:55,104 [ERROR] LogOutputStream:75 - [STDERR_REDIRECT] [Fatal Error] :1:1: Premature end of file.
2025-04-02 08:48:55,104 [ERROR] LogOutputStream:75 - [STDERR_REDIRECT] 
2025-04-02 08:48:56,110 [ERROR] LogOutputStream:75 - [STDERR_REDIRECT] [Fatal Error] :1:1: Premature end of file.
2025-04-02 08:48:56,111 [ERROR] LogOutputStream:75 - [STDERR_REDIRECT] 
2025-04-02 08:48:57,105 [ERROR] LogOutputStream:75 - [STDERR_REDIRECT] [Fatal Error] :1:1: Premature end of file.
2025-04-02 08:48:57,105 [ERROR] LogOutputStream:75 - [STDERR_REDIRECT] 
2025-04-02 08:48:58,085 [ERROR] LogOutputStream:75 - [STDERR_REDIRECT] [Fatal Error] :1:1: Premature end of file.
2025-04-02 08:48:58,085 [ERROR] LogOutputStream:75 - [STDERR_REDIRECT] 
2025-04-02 08:48:59,107 [ERROR] LogOutputStream:75 - [STDERR_REDIRECT] [Fatal Error] :1:1: Premature end of file.
2025-04-02 08:48:59,107 [ERROR] LogOutputStream:75 - [STDERR_REDIRECT] 
2025-04-02 08:49:00,098 [ERROR] LogOutputStream:75 - [STDERR_REDIRECT] [Fatal Error] :1:1: Premature end of file.
2025-04-02 08:49:00,099 [ERROR] LogOutputStream:75 - [STDERR_REDIRECT] 
2025-04-02 08:49:01,111 [ERROR] LogOutputStream:75 - [STDERR_REDIRECT] [Fatal Error] :1:1: Premature end of file.
2025-04-02 08:49:01,111 [ERROR] LogOutputStream:75 - [STDERR_REDIRECT] 
2025-04-02 08:49:02,092 [ERROR] LogOutputStream:75 - [STDERR_REDIRECT] [Fatal Error] :1:1: Premature end of file.
2025-04-02 08:49:02,093 [ERROR] LogOutputStream:75 - [STDERR_REDIRECT] 
2025-04-02 08:49:03,097 [ERROR] LogOutputStream:75 - [STDERR_REDIRECT] [Fatal Error] :1:1: Premature end of file.
2025-04-02 08:49:03,097 [ERROR] LogOutputStream:75 - [STDERR_REDIRECT] 
2025-04-02 08:49:04,108 [ERROR] LogOutputStream:75 - [STDERR_REDIRECT] [Fatal Error] :1:1: Premature end of file.
2025-04-02 08:49:04,108 [ERROR] LogOutputStream:75 - [STDERR_REDIRECT] 
2025-04-02 08:49:05,086 [ERROR] LogOutputStream:75 - [STDERR_REDIRECT] [Fatal Error] :1:1: Premature end of file.
2025-04-02 08:49:05,086 [ERROR] LogOutputStream:75 - [STDERR_REDIRECT] 
2025-04-02 08:49:06,109 [ERROR] LogOutputStream:75 - [STDERR_REDIRECT] [Fatal Error] :1:1: Premature end of file.
2025-04-02 08:49:06,109 [ERROR] LogOutputStream:75 - [STDERR_REDIRECT] 
2025-04-02 08:49:07,103 [ERROR] LogOutputStream:75 - [STDERR_REDIRECT] [Fatal Error] :1:1: Premature end of file.
2025-04-02 08:49:07,104 [ERROR] LogOutputStream:75 - [STDERR_REDIRECT] 
2025-04-02 08:49:07,414 [INFO] McuFinderGlobals:63 - Set McuFinder mode to 2 (CubeIDE integrated)
2025-04-02 08:49:07,490 [INFO] MainUpdater:2872 - connection check result : 10
2025-04-02 08:49:07,515 [INFO] MainUpdater:2872 - connection check result : 10
2025-04-02 08:49:07,980 [INFO] MicroXplorer:468 - Change Database Path : 
2025-04-02 08:49:07,981 [INFO] MicroXplorer:498 - Change Database Version : DB.6.0.140
2025-04-02 08:49:07,998 [WARN] ThirdParty:871 - waiting for thirdparty lock release [close project]
2025-04-02 08:49:07,998 [INFO] ThirdParty:873 - entering critical section [close project]
2025-04-02 08:49:08,065 [INFO] ThirdParty:883 - exiting critical section [close project]
2025-04-02 08:49:08,073 [INFO] PinOutPanel:1589 - setPackage(No Configuration,No Configuration)
2025-04-02 08:49:08,085 [INFO] UtilMem:75 - Begin LoadConfig() Used Memory: 544469296 Bytes (921698304)
2025-04-02 08:49:08,088 [INFO] MicroXplorer:468 - Change Database Path : 
2025-04-02 08:49:08,089 [INFO] MicroXplorer:498 - Change Database Version : DB.6.0.140
2025-04-02 08:49:08,089 [INFO] OpenFileManager:354 - Change cursor
2025-04-02 08:49:08,105 [ERROR] LogOutputStream:75 - [STDERR_REDIRECT] [Fatal Error] :1:1: Premature end of file.
2025-04-02 08:49:08,105 [ERROR] LogOutputStream:75 - [STDERR_REDIRECT] 
2025-04-02 08:49:08,177 [INFO] Mcu:2011 - Initializing MCU STM32F303R(D-E)Tx STM32F303RETx STM32F303RET6
2025-04-02 08:49:09,073 [ERROR] LogOutputStream:75 - [STDERR_REDIRECT] [Fatal Error] :1:1: Premature end of file.
2025-04-02 08:49:09,073 [ERROR] LogOutputStream:75 - [STDERR_REDIRECT] 
2025-04-02 08:49:10,064 [ERROR] LogOutputStream:75 - [STDERR_REDIRECT] [Fatal Error] :1:1: Premature end of file.
2025-04-02 08:49:10,065 [ERROR] LogOutputStream:75 - [STDERR_REDIRECT] 
2025-04-02 08:49:10,692 [INFO] Context:756 - Trying to add GPIOservice into a context  which must be forbidden
2025-04-02 08:49:11,079 [ERROR] LogOutputStream:75 - [STDERR_REDIRECT] [Fatal Error] :1:1: Premature end of file.
2025-04-02 08:49:11,080 [ERROR] LogOutputStream:75 - [STDERR_REDIRECT] 
2025-04-02 08:49:11,209 [INFO] ImportTextPane:218 - (OptionalMessage_ERROR) Pin19 (VP_RIF_VS_RIF1) cannot be retrieved for this MCU
2025-04-02 08:49:11,413 [INFO] RtosManager:558 - Registered RTOS mode: class=CMSIS, group=RTOS, mode=CMSIS_V1, owner=FREERTOS
2025-04-02 08:49:11,413 [INFO] RtosManager:558 - Registered RTOS mode: class=CMSIS, group=RTOS2, mode=CMSIS_V2, owner=FREERTOS
2025-04-02 08:49:11,413 [INFO] RtosManager:558 - Registered RTOS mode: class=RTOS, group=Core, mode=CMSIS_V1, owner=FREERTOS
2025-04-02 08:49:11,413 [INFO] RtosManager:558 - Registered RTOS mode: class=RTOS, group=Core, mode=CMSIS_V2, owner=FREERTOS
2025-04-02 08:49:11,414 [WARN] ModelIntegratedComponent:184 - Missing modes for component STMicroelectronics:FreeRTOS:0.0.1:STMicroelectronics:RTOS:FreeRTOS:Core:::10.2.0:
2025-04-02 08:49:11,440 [WARN] ModelIntegratedComponent:63 - No mode defined for component null
2025-04-02 08:49:11,441 [WARN] ModelIntegratedComponent:63 - No mode defined for component null
2025-04-02 08:49:11,441 [WARN] ModelIntegratedComponent:63 - No mode defined for component null
2025-04-02 08:49:11,441 [WARN] ModelIntegratedComponent:63 - No mode defined for component null
2025-04-02 08:49:11,441 [WARN] ModelIntegratedComponent:63 - No mode defined for component null
2025-04-02 08:49:11,441 [WARN] ModelIntegratedComponent:63 - No mode defined for component null
2025-04-02 08:49:11,441 [WARN] ModelIntegratedComponent:63 - No mode defined for component null
2025-04-02 08:49:11,441 [WARN] ModelIntegratedComponent:63 - No mode defined for component null
2025-04-02 08:49:11,441 [WARN] ModelIntegratedComponent:63 - No mode defined for component null
2025-04-02 08:49:11,441 [WARN] ModelIntegratedComponent:63 - No mode defined for component null
2025-04-02 08:49:11,441 [WARN] ModelIntegratedComponent:63 - No mode defined for component null
2025-04-02 08:49:11,441 [WARN] ModelIntegratedComponent:63 - No mode defined for component null
2025-04-02 08:49:11,441 [WARN] ModelIntegratedComponent:63 - No mode defined for component null
2025-04-02 08:49:11,441 [WARN] ModelIntegratedComponent:63 - No mode defined for component null
2025-04-02 08:49:11,441 [WARN] ModelIntegratedComponent:63 - No mode defined for component null
2025-04-02 08:49:11,441 [WARN] ModelIntegratedComponent:63 - No mode defined for component null
2025-04-02 08:49:11,441 [WARN] ModelIntegratedComponent:63 - No mode defined for component null
2025-04-02 08:49:11,442 [WARN] ModelIntegratedComponent:63 - No mode defined for component null
2025-04-02 08:49:11,442 [WARN] ModelIntegratedComponent:63 - No mode defined for component null
2025-04-02 08:49:11,442 [WARN] ModelIntegratedComponent:63 - No mode defined for component null
2025-04-02 08:49:11,442 [WARN] ModelIntegratedComponent:63 - No mode defined for component null
2025-04-02 08:49:11,442 [WARN] ModelIntegratedComponent:63 - No mode defined for component null
2025-04-02 08:49:11,442 [WARN] ModelIntegratedComponent:63 - No mode defined for component null
2025-04-02 08:49:11,442 [WARN] ModelIntegratedComponent:63 - No mode defined for component null
2025-04-02 08:49:11,442 [WARN] ModelIntegratedComponent:63 - No mode defined for component null
2025-04-02 08:49:11,442 [WARN] ModelIntegratedComponent:63 - No mode defined for component null
2025-04-02 08:49:11,442 [WARN] ModelIntegratedComponent:63 - No mode defined for component null
2025-04-02 08:49:11,442 [WARN] ModelIntegratedComponent:63 - No mode defined for component null
2025-04-02 08:49:11,442 [WARN] ModelIntegratedComponent:63 - No mode defined for component null
2025-04-02 08:49:11,442 [WARN] ModelIntegratedComponent:63 - No mode defined for component null
2025-04-02 08:49:11,442 [WARN] ModelIntegratedComponent:63 - No mode defined for component null
2025-04-02 08:49:11,442 [WARN] ModelIntegratedComponent:63 - No mode defined for component null
2025-04-02 08:49:11,442 [WARN] ModelIntegratedComponent:63 - No mode defined for component null
2025-04-02 08:49:11,443 [WARN] ModelIntegratedComponent:63 - No mode defined for component null
2025-04-02 08:49:11,443 [WARN] ModelIntegratedComponent:63 - No mode defined for component null
2025-04-02 08:49:11,443 [WARN] ModelPack:524 - Component already loaded: STMicroelectronics:HAL Drivers:0.0.0:STMicroelectronics:Device:STMicro_Driver:XSPI:HAL::0.0.1:HAL_XSPI
2025-04-02 08:49:11,511 [INFO] ThirdPartyModel:298 - Start build external matchings
2025-04-02 08:49:11,829 [INFO] ThirdPartyModel:316 - End build external matchings
2025-04-02 08:49:11,849 [INFO] ImportTextPane:218 - (OptionalMessage_ERROR) IP (RCC) : Invalid parameter (FamilyName)
2025-04-02 08:49:11,851 [INFO] ImportTextPane:218 - (OptionalMessage_ERROR) IP (RCC) : Invalid parameter (PLLM)
2025-04-02 08:49:11,851 [INFO] ImportTextPane:218 - (OptionalMessage_ERROR) IP (RCC) : Invalid parameter (PLLN)
2025-04-02 08:49:11,851 [INFO] ImportTextPane:218 - (OptionalMessage_ERROR) IP (RCC) : Invalid parameter (PLLP)
2025-04-02 08:49:11,851 [INFO] ImportTextPane:218 - (OptionalMessage_ERROR) IP (RCC) : Invalid parameter (PLLQ)
2025-04-02 08:49:11,851 [INFO] ImportTextPane:218 - (OptionalMessage_ERROR) IP (RCC) : Invalid parameter (RCC_PLLsource_Clock_Source_FROM_HSE)
2025-04-02 08:49:11,852 [INFO] ImportTextPane:218 - (OptionalMessage_ERROR) IP (RCC) : Parameter (USBFreq_Value) has invalid value (72000000)
2025-04-02 08:49:12,067 [ERROR] LogOutputStream:75 - [STDERR_REDIRECT] [Fatal Error] :1:1: Premature end of file.
2025-04-02 08:49:12,067 [ERROR] LogOutputStream:75 - [STDERR_REDIRECT] 
2025-04-02 08:49:12,442 [INFO] ApiDb:581 - Connected to CubeFinder SQLite database (C:\Users\raj\.stmcufinder\plugins\mcufinder\mcu\cube-finder-db.db)
2025-04-02 08:49:12,543 [INFO] ApiDb:668 - CubeFinder database Data Model version=2.1
2025-04-02 08:49:12,544 [INFO] ApiDb:669 - CubeFinder database Configuration version=3.0.39
2025-04-02 08:49:12,545 [INFO] ApiDb:670 - CubeFinder database generation date=2025-03-07 (1741340029)
2025-04-02 08:49:12,545 [INFO] ApiDb:671 - CubeFinder database FW Pack versions=[FP-ATR-ASTRA1_V2.0.0, FP-SNS-FLIGHT1_V5.0.2, FP-SNS-MOTENV1_V5.0.0, FP-SNS-MOTENVWB1_V1.4.0, FP-SNS-SMARTAG2_V1.2.0, FP-SNS-STBOX1_V2.0.0, STM32Cube_FW_C0_V1.4.0, STM32Cube_FW_F4_V1.28.1, STM32Cube_FW_F7_V1.17.2, STM32Cube_FW_G0_V1.6.2, STM32Cube_FW_G4_V1.6.1, STM32Cube_FW_H5_V1.5.0, STM32Cube_FW_H7RS_V1.2.0, STM32Cube_FW_H7_V1.12.1, STM32Cube_FW_L0_V1.12.2, STM32Cube_FW_L4_V1.18.1, STM32Cube_FW_L5_V1.5.1, STM32Cube_FW_N6_V1.1.0, STM32Cube_FW_U0_V1.2.0, STM32Cube_FW_U3_V1.1.0, STM32Cube_FW_U5_V1.7.0, STM32Cube_FW_WB0_V1.2.0, STM32Cube_FW_WBA_V1.6.0, STM32Cube_FW_WB_V1.22.0, STM32Cube_FW_WL3_V1.1.0, STM32Cube_FW_WL_V1.3.1, X-CUBE-ALGOBUILD_V1.4.0, X-CUBE-ALS_V1.0.2, X-CUBE-AZRTOS-F4_V1.1.0, X-CUBE-AZRTOS-F7_V1.1.0, X-CUBE-AZRTOS-G0_V1.1.0, X-CUBE-AZRTOS-G4_V2.0.0, X-CUBE-AZRTOS-H7RS_V1.0.0, X-CUBE-AZRTOS-H7_V3.3.0, X-CUBE-AZRTOS-L4_V2.0.0, X-CUBE-AZRTOS-L5_V2.0.0, X-CUBE-AZRTOS-WB_V2.0.0, X-CUBE-AZRTOS-WL_V2.0.0, X-CUBE-BLE1_V7.1.0, X-CUBE-BLE2_V3.3.0, X-CUBE-BLEMGR_V4.0.0, X-CUBE-EEPRMA1_V5.1.0, X-CUBE-FREERTOS_V1.3.0, X-CUBE-GNSS1_V6.0.0, X-CUBE-MEMS1_V11.1.0, X-CUBE-NFC4_V3.0.0, X-CUBE-NFC7_V1.0.1, X-CUBE-SFXS2LP1_V4.0.0, X-CUBE-SUBG2_V5.0.0, X-CUBE-TOF1_V3.4.2]
2025-04-02 08:49:12,752 [INFO] DbBoardsSqlite:226 - include board P-NUCLEO-WB55-NUCLEO as a kit item of type 'Nucleo-64'
2025-04-02 08:49:12,753 [INFO] DbBoardsSqlite:226 - include board P-NUCLEO-WB55-USBDONGLE as a kit item of type 'Nucleo USB Dongle'
2025-04-02 08:49:12,755 [INFO] DbBoardsSqlite:226 - include board STEVAL-IDP005V1 as a kit item of type 'Evaluation Board'
2025-04-02 08:49:12,756 [INFO] DbBoardsSqlite:226 - include board STEVAL-IDP005V2 as a kit item of type 'Evaluation Board'
2025-04-02 08:49:13,086 [ERROR] LogOutputStream:75 - [STDERR_REDIRECT] [Fatal Error] :1:1: Premature end of file.
2025-04-02 08:49:13,086 [ERROR] LogOutputStream:75 - [STDERR_REDIRECT] 
2025-04-02 08:49:13,489 [INFO] ApiDb:240 - Found 895 in-development CPN: [B-G473E-ZEST1S, B-WB1M-WPAN1, B-WBA5M-WPAN, B-WL5M-SUBG1, NUCLEO-C031C6, NUCLEO-C051C8, NUCLEO-C071RB, NUCLEO-C092RC, NUCLEO-H503RB, NUCLEO-H533RE, NUCLEO-H563ZI, NUCLEO-H7S3L8, NUCLEO-N657X0-Q, NUCLEO-U031R8, NUCLEO-U083RC, NUCLEO-U385RG-Q, NUCLEO-U545RE-Q, NUCLEO-U5A5ZJ-Q, NUCLEO-WB05KZ, NUCLEO-WB07CC, NUCLEO-WB09KE, NUCLEO-WBA52CG, NUCLEO-WBA55CG, NUCLEO-WBA65RI, NUCLEO-WL33CC1, NUCLEO-WL33CC2, STEVAL-PROTEUS1, STEVAL-SMARTAG2, STEVAL-STWINBX1, STM320518-EVAL, STM32C0116-DK, STM32C011D6Y3TR, STM32C011D6Y6TR, STM32C011F4P3, STM32C011F4P6, STM32C011F4U3, STM32C011F4U6TR, STM32C011F6P3, STM32C011F6P6, STM32C011F6U3, STM32C011F6U6TR, STM32C011J4M3, STM32C011J4M6, STM32C011J6M3, STM32C011J6M6, STM32C0316-DK, STM32C031C4T3, STM32C031C4T6, STM32C031C4U3, STM32C031C4U6, STM32C031C6T3, STM32C031C6T6, STM32C031C6U3, STM32C031C6U6, STM32C031F4P3, STM32C031F4P6, STM32C031F6P3, STM32C031F6P6, STM32C031G4U3, STM32C031G4U6, STM32C031G6U3, STM32C031G6U6, STM32C031K4T3, STM32C031K4T6, STM32C031K4U3, STM32C031K4U6, STM32C031K6T3, STM32C031K6T6, STM32C031K6U3, STM32C031K6U6, STM32C051C6T6, STM32C051C6U6, STM32C051C8T6, STM32C051C8U6, STM32C051D8Y6TR, STM32C051F6P6, STM32C051F8P6, STM32C051G6U6, STM32C051G8U6, STM32C051K6T6, STM32C051K6U6, STM32C051K8T6, STM32C071C8T6, STM32C071C8T6N, STM32C071C8U6, STM32C071C8U6N, STM32C071CBT6, STM32C071CBT6N, STM32C071CBU6, STM32C071CBU6N, STM32C071F8P6, STM32C071F8P6N, STM32C071FBP6, STM32C071FBP6N, STM32C071FBY6TR, STM32C071G8U6, STM32C071G8U6N, STM32C071GBU6, STM32C071GBU6N, STM32C071K8T6, STM32C071K8T6N, STM32C071K8U6, STM32C071K8U6N, STM32C071KBT6, STM32C071KBT6N, STM32C071KBU6, STM32C071KBU6N, STM32C071R8T6, STM32C071R8T6N, STM32C071RBI6N, STM32C071RBT6, STM32C071RBT6N, STM32C091CBT6, STM32C091CBU6, STM32C091CCT6, STM32C091CCU6, STM32C091ECY6TR, STM32C091FBP6, STM32C091FCP6, STM32C091GBU6, STM32C091GCU6, STM32C091KBT6, STM32C091KBU6, STM32C091KCT6, STM32C091KCU6, STM32C091RBT6, STM32C091RCI6, STM32C091RCT6, STM32C092CBT6, STM32C092CBU6, STM32C092CCT6, STM32C092CCU6, STM32C092ECY6TR, STM32C092FBP6, STM32C092FCP6, STM32C092GBU6, STM32C092GCU6, STM32C092KBT6, STM32C092KBU6, STM32C092KCT6, STM32C092KCU6, STM32C092RBT6, STM32C092RCI6, STM32C092RCT6, STM32G071K8TXN, STM32G071K8UXN, STM32G081GBU6N, STM32G081KBT6N, STM32G081KBUXN, STM32G0B1CCT6N, STM32G0B1KCT6, STM32G0B1NEY6TR, STM32G0B1RCT6N, STM32G0C1CCT6, STM32G0C1CCT6N, STM32G0C1CCU6N, STM32G0C1CET6N, STM32G0C1CEU6N, STM32G0C1KCT6, STM32G0C1NEY6TR, STM32G0C1RCI6N, STM32G0C1RCT6N, STM32G0C1REI6N, STM32G0C1RET6N, STM32G0C1VCI6, STM32G0C1VEI6, STM32G411C6T3, STM32G411C6T6, STM32G411C6U3, STM32G411C6U6, STM32G411C8T3, STM32G411C8T6, STM32G411C8U3, STM32G411C8U6, STM32G411CBT3, STM32G411CBT6, STM32G411CBU3, STM32G411CBU6, STM32G411CCT3, STM32G411CCT6, STM32G411CCU3, STM32G411CCU6, STM32G411K6T3, STM32G411K6T6, STM32G411K6U3, STM32G411K6U6, STM32G411K8T3, STM32G411K8T6, STM32G411K8U3, STM32G411K8U6, STM32G411KBT3, STM32G411KBT6, STM32G411KBU3, STM32G411KBU6, STM32G411M6T3, STM32G411M6T6, STM32G411M8T3, STM32G411M8T6, STM32G411MBT3, STM32G411MBT6, STM32G411MCT3, STM32G411MCT6, STM32G411R6T3, STM32G411R6T6, STM32G411R8T3, STM32G411R8T6, STM32G411RBT3, STM32G411RBT6, STM32G411RCT3, STM32G411RCT6, STM32G414CBT3, STM32G414CBT6, STM32G414CBU3, STM32G414CBU6, STM32G414CCT3, STM32G414CCT6, STM32G414CCU3, STM32G414CCU6, STM32G414MBT3, STM32G414MBT6, STM32G414MCT3, STM32G414MCT6, STM32G414RBT3, STM32G414RBT6, STM32G414RCT3, STM32G414RCT6, STM32G414VBT3, STM32G414VBT6, STM32G414VCT3, STM32G414VCT6, STM32G431CBT3Z, STM32G431RBT3Z, STM32G471CCT6, STM32G471CCU6, STM32G471CET3, STM32G471CET6, STM32G471CEU3, STM32G471CEU6, STM32G471MCT6, STM32G471MET3, STM32G471MET6, STM32G471MEY6TR, STM32G471QCT6, STM32G471QET3, STM32G471RCT6, STM32G471RET3, STM32G471RET6, STM32G471VCH6, STM32G471VCI6, STM32G471VCT6, STM32G471VEH3, STM32G471VEH6, STM32G471VEI3, STM32G471VEI6, STM32G471VET3, STM32G471VET6, STM32G473QET3Z, STM32G473RET3Z, STM32G474CCT6, STM32G491RET3Z, STM32H503CBT6, STM32H503CBU6, STM32H503EBY6TR, STM32H503KBU6, STM32H503RBT6, STM32H523CCT6, STM32H523CCU6, STM32H523CET6, STM32H523CEU6, STM32H523HEY6TR, STM32H523RCT6, STM32H523RET6, STM32H523VCI6, STM32H523VCT6, STM32H523VEI6, STM32H523VET6, STM32H523ZCJ6, STM32H523ZCT6, STM32H523ZEJ6, STM32H523ZET6, STM32H533CET6, STM32H533CEU6, STM32H533HEY6TR, STM32H533RET6, STM32H533VEI6, STM32H533VET6, STM32H533ZEJ6, STM32H533ZET6, STM32H562AGI6, STM32H562AII6, STM32H562IGK6, STM32H562IGT6, STM32H562IIK6, STM32H562IIT6, STM32H562RGT6, STM32H562RGV6, STM32H562RIT6, STM32H562RIV6, STM32H562VGT6, STM32H562VIT6, STM32H562ZGT6, STM32H562ZIT6, STM32H563AGI6, STM32H563AII3Q, STM32H563AII6, STM32H563IGK6, STM32H563IGT6, STM32H563IIK3Q, STM32H563IIK6, STM32H563IIT3Q, STM32H563IIT6, STM32H563MIY3QTR, STM32H563RGT6, STM32H563RGV6, STM32H563RIT6, STM32H563RIV6, STM32H563VGT6, STM32H563VIT3Q, STM32H563VIT6, STM32H563ZGT6, STM32H563ZIT3Q, STM32H563ZIT6, STM32H573AII3Q, STM32H573AII6, STM32H573I-DK, STM32H573IIK3Q, STM32H573IIK6, STM32H573IIT3Q, STM32H573IIT6, STM32H573MIY3QTR, STM32H573RIT6, STM32H573RIV6, STM32H573VIT3Q, STM32H573VIT6, STM32H573ZIT3Q, STM32H573ZIT6, STM32H7R3A8I6, STM32H7R3I8K6, STM32H7R3I8T6, STM32H7R3L8H6, STM32H7R3L8H6H, STM32H7R3R8V6, STM32H7R3V8H6, STM32H7R3V8T6, STM32H7R3V8Y6TR, STM32H7R3Z8J6, STM32H7R3Z8T6, STM32H7R7A8I6, STM32H7R7I8K6, STM32H7R7I8T6, STM32H7R7L8H6, STM32H7R7L8H6H, STM32H7R7Z8J6, STM32H7S3A8I6, STM32H7S3I8K6, STM32H7S3I8T6, STM32H7S3L8H6, STM32H7S3L8H6H, STM32H7S3R8V6, STM32H7S3V8H6, STM32H7S3V8T6, STM32H7S3V8Y6TR, STM32H7S3Z8J6, STM32H7S3Z8T6, STM32H7S78-DK, STM32H7S7A8I6, STM32H7S7I8K6, STM32H7S7I8T6, STM32H7S7L8H6, STM32H7S7L8H6H, STM32H7S7Z8J6, STM32L4R5QGI6STR, STM32MP131AAE3, STM32MP131AAF3, STM32MP131AAG3, STM32MP131CAE3, STM32MP131CAF3, STM32MP131CAG3, STM32MP131DAE7, STM32MP131DAF7, STM32MP131DAG7, STM32MP131FAE7, STM32MP131FAF7, STM32MP131FAG7, STM32MP133AAE3, STM32MP133AAF3, STM32MP133AAG3, STM32MP133CAE3, STM32MP133CAF3, STM32MP133CAG3, STM32MP133DAE7, STM32MP133DAF7, STM32MP133DAG7, STM32MP133FAE7, STM32MP133FAF7, STM32MP133FAG7, STM32MP135AAE3, STM32MP135AAF3, STM32MP135AAG3, STM32MP135CAE3, STM32MP135CAF3, STM32MP135CAG3, STM32MP135DAE7, STM32MP135DAF7, STM32MP135DAG7, STM32MP135F-DK, STM32MP135FAE7, STM32MP135FAF7, STM32MP135FAF7T, STM32MP135FAF7U, STM32MP135FAG7, STM32MP231AAJ3, STM32MP231AAK3, STM32MP231AAL3, STM32MP231CAJ3, STM32MP231CAK3, STM32MP231CAL3, STM32MP231DAJ3, STM32MP231DAK3, STM32MP231DAL3, STM32MP231FAJ3, STM32MP231FAK3, STM32MP231FAL3, STM32MP233AAJ3, STM32MP233AAK3, STM32MP233AAL3, STM32MP233CAJ3, STM32MP233CAK3, STM32MP233CAL3, STM32MP233DAJ3, STM32MP233DAK3, STM32MP233DAL3, STM32MP233FAJ3, STM32MP233FAK3, STM32MP233FAL3, STM32MP235AAJ3, STM32MP235AAK3, STM32MP235AAL3, STM32MP235CAJ3, STM32MP235CAK3, STM32MP235CAL3, STM32MP235DAJ3, STM32MP235DAK3, STM32MP235DAL3, STM32MP235FAJ3, STM32MP235FAK3, STM32MP235FAL3, STM32MP251AAI3, STM32MP251AAJ3, STM32MP251AAK3, STM32MP251AAL3, STM32MP251CAI3, STM32MP251CAJ3, STM32MP251CAK3, STM32MP251CAL3, STM32MP251DAI3, STM32MP251DAJ3, STM32MP251DAK3, STM32MP251DAL3, STM32MP251FAI3, STM32MP251FAJ3, STM32MP251FAK3, STM32MP251FAL3, STM32MP253AAI3, STM32MP253AAJ3, STM32MP253AAK3, STM32MP253AAL3, STM32MP253CAI3, STM32MP253CAJ3, STM32MP253CAK3, STM32MP253CAL3, STM32MP253DAI3, STM32MP253DAJ3, STM32MP253DAK3, STM32MP253DAL3, STM32MP253FAI3, STM32MP253FAJ3, STM32MP253FAK3, STM32MP253FAL3, STM32MP255AAI3, STM32MP255AAJ3, STM32MP255AAK3, STM32MP255AAL3, STM32MP255CAI3, STM32MP255CAJ3, STM32MP255CAK3, STM32MP255CAL3, STM32MP255DAI3, STM32MP255DAJ3, STM32MP255DAK3, STM32MP255DAL3, STM32MP255FAI3, STM32MP255FAJ3, STM32MP255FAK3, STM32MP255FAL3, STM32MP257AAI3, STM32MP257AAJ3, STM32MP257AAK3, STM32MP257AAL3, STM32MP257CAI3, STM32MP257CAJ3, STM32MP257CAK3, STM32MP257CAL3, STM32MP257DAI3, STM32MP257DAJ3, STM32MP257DAK3, STM32MP257DAL3, STM32MP257F-DK, STM32MP257F-EV1, STM32MP257FAI3, STM32MP257FAJ3, STM32MP257FAK3, STM32MP257FAL3, STM32N645A0H3Q, STM32N645B0H3Q, STM32N645I0H3Q, STM32N645L0H3Q, STM32N645X0H3Q, STM32N645Z0H3Q, STM32N647A0H3Q, STM32N647B0H3Q, STM32N647I0H3Q, STM32N647L0H3Q, STM32N647X0H3Q, STM32N647Z0H3Q, STM32N655A0H3Q, STM32N655B0H3Q, STM32N655I0H3Q, STM32N655L0H3Q, STM32N655X0H3Q, STM32N655Z0H3Q, STM32N6570-DK, STM32N657A0H3Q, STM32N657B0H3Q, STM32N657I0H3Q, STM32N657L0H3Q, STM32N657X0H3Q, STM32N657Z0H3Q, STM32U031C6T6, STM32U031C6U6, STM32U031C8T6, STM32U031C8U6, STM32U031F4P6, STM32U031F6P6, STM32U031F8P6, STM32U031G6Y6TR, STM32U031G8Y6TR, STM32U031K4U6, STM32U031K6U6, STM32U031K8U6, STM32U031R6I6, STM32U031R6T6, STM32U031R8I6, STM32U031R8T6, STM32U073C8T6, STM32U073C8U6, STM32U073CBT6, STM32U073CBU6, STM32U073CCT6, STM32U073CCU6, STM32U073H8Y6TR, STM32U073HBY6TR, STM32U073HCY6TR, STM32U073K8U6, STM32U073KBU6, STM32U073KCU6, STM32U073M8I6, STM32U073M8T6, STM32U073MBI6, STM32U073MBT6, STM32U073MCI6, STM32U073MCT6, STM32U073R8I6, STM32U073R8T6, STM32U073RBI6, STM32U073RBT6, STM32U073RCI6, STM32U073RCT6, STM32U083C-DK, STM32U083CCT6, STM32U083CCU6, STM32U083HCY6TR, STM32U083KCU6, STM32U083MCI6, STM32U083MCT6, STM32U083RCI6, STM32U083RCT6, STM32U375CET6, STM32U375CET6Q, STM32U375CEU6, STM32U375CEU6Q, STM32U375CEY6QTR, STM32U375CGT6, STM32U375CGT6Q, STM32U375CGU6, STM32U375CGU6Q, STM32U375CGY6QTR, STM32U375KEU6, STM32U375KGU6, STM32U375REI6, STM32U375REI6Q, STM32U375RET6, STM32U375RET6Q, STM32U375REY6GTR, STM32U375REY6QTR, STM32U375RGI6, STM32U375RGI6Q, STM32U375RGT6, STM32U375RGT6Q, STM32U375RGY6GTR, STM32U375RGY6QTR, STM32U375VEI6, STM32U375VEI6Q, STM32U375VET6, STM32U375VET6Q, STM32U375VGI6, STM32U375VGI6Q, STM32U375VGT6, STM32U375VGT6Q, STM32U385CGT6, STM32U385CGT6Q, STM32U385CGU6, STM32U385CGU6Q, STM32U385CGY6QTR, STM32U385KGU6, STM32U385RGI6, STM32U385RGI6Q, STM32U385RGT6, STM32U385RGT6Q, STM32U385RGY6GTR, STM32U385RGY6QTR, STM32U385VGI6, STM32U385VGI6Q, STM32U385VGT6, STM32U385VGT6Q, STM32U535CBT6, STM32U535CBT6Q, STM32U535CBU6, STM32U535CBU6Q, STM32U535CCT6, STM32U535CCT6Q, STM32U535CCU6, STM32U535CCU6Q, STM32U535CET6, STM32U535CET6Q, STM32U535CEU6, STM32U535CEU6Q, STM32U535JEY6QTR, STM32U535NCY6QTR, STM32U535NEY6QTR, STM32U535RBI6, STM32U535RBI6Q, STM32U535RBT6, STM32U535RBT6Q, STM32U535RCI6, STM32U535RCI6Q, STM32U535RCT6, STM32U535RCT6Q, STM32U535REI6, STM32U535REI6Q, STM32U535RET6, STM32U535RET6Q, STM32U535VCI6, STM32U535VCI6Q, STM32U535VCT6, STM32U535VCT6Q, STM32U535VEI6, STM32U535VEI6Q, STM32U535VET6, STM32U535VET6Q, STM32U545CET6, STM32U545CET6Q, STM32U545CEU6, STM32U545CEU6Q, STM32U545JEY6QTR, STM32U545NEY6QTR, STM32U545REI6, STM32U545REI6Q, STM32U545RET6, STM32U545RET6Q, STM32U545VEI6, STM32U545VEI6Q, STM32U545VET6, STM32U545VET6Q, STM32U595AIH6, STM32U595AIH6Q, STM32U595AJH6, STM32U595AJH6Q, STM32U595QII6, STM32U595QII6Q, STM32U595QJI6, STM32U595QJI6Q, STM32U595RIT6, STM32U595RIT6Q, STM32U595RJT6, STM32U595RJT6Q, STM32U595VIT6, STM32U595VIT6Q, STM32U595VJT6, STM32U595VJT6Q, STM32U595ZIT6, STM32U595ZIT6Q, STM32U595ZIY6QTR, STM32U595ZJT6, STM32U595ZJT6Q, STM32U595ZJY6QTR, STM32U599BJY6QTR, STM32U599NIH6Q, STM32U599NJH6Q, STM32U599VIT6Q, STM32U599VJT6, STM32U599VJT6Q, STM32U599ZIT6Q, STM32U599ZIY6QTR, STM32U599ZJT6Q, STM32U599ZJY6QTR, STM32U5A5AJH6, STM32U5A5AJH6Q, STM32U5A5QII3Q , STM32U5A5QJI6, STM32U5A5QJI6Q, STM32U5A5RJT6, STM32U5A5RJT6Q, STM32U5A5VJT6, STM32U5A5VJT6Q, STM32U5A5ZJT6, STM32U5A5ZJT6Q, STM32U5A5ZJY6QTR, STM32U5A9BJY6QTR, STM32U5A9J-DK, STM32U5A9NJH6Q, STM32U5A9VJT6Q, STM32U5A9ZJT6Q, STM32U5A9ZJY6QTR, STM32U5F7VIT6, STM32U5F7VIT6Q, STM32U5F7VJT6, STM32U5F7VJT6Q, STM32U5F9BJY6QTR, STM32U5F9NJH6Q, STM32U5F9VIT6Q, STM32U5F9VJT6Q, STM32U5F9ZIJ6QTR, STM32U5F9ZIT6Q, STM32U5F9ZJJ6QTR, STM32U5F9ZJT6Q, STM32U5G7VJT6, STM32U5G7VJT6Q, STM32U5G9BJY6QTR, STM32U5G9J-DK1, STM32U5G9J-DK2, STM32U5G9NJH6Q, STM32U5G9VJT6Q, STM32U5G9ZJJ6QTR, STM32U5G9ZJT6Q, STM32WB05KZV6TR, STM32WB05KZV7TR, STM32WB05TZF6TR, STM32WB05TZF7TR, STM32WB06CCF6TR, STM32WB06CCF7TR, STM32WB06CCV6TR, STM32WB06CCV7TR, STM32WB06KCV6TR, STM32WB06KCV7TR, STM32WB07CCF6TR, STM32WB07CCF7TR, STM32WB07CCV6TR, STM32WB07CCV7TR, STM32WB07KCV6TR, STM32WB07KCV7TR, STM32WB09KEV6TR, STM32WB09KEV7TR, STM32WB09TEF6TR, STM32WB09TEF7TR, STM32WB1MMCH6, STM32WBA50KGU6, STM32WBA50KGU6TR, STM32WBA52CEU6, STM32WBA52CEU6TR, STM32WBA52CEU7, STM32WBA52CEU7TR, STM32WBA52CGU6, STM32WBA52CGU6TR, STM32WBA52CGU6U, STM32WBA52CGU7, STM32WBA52CGU7TR, STM32WBA52KEU6, STM32WBA52KEU6TR, STM32WBA52KGU6, STM32WBA52KGU6TR, STM32WBA54CEU6, STM32WBA54CEU6TR, STM32WBA54CEU7, STM32WBA54CEU7TR, STM32WBA54CGU6, STM32WBA54CGU6TR, STM32WBA54CGU7, STM32WBA54CGU7TR, STM32WBA54KEU6, STM32WBA54KEU6TR, STM32WBA54KEU7, STM32WBA54KEU7TR, STM32WBA54KGU6, STM32WBA54KGU6TR, STM32WBA54KGU7, STM32WBA54KGU7TR, STM32WBA55CEU6, STM32WBA55CEU6TR, STM32WBA55CEU7, STM32WBA55CEU7TR, STM32WBA55CGU6, STM32WBA55CGU6TR, STM32WBA55CGU6U, STM32WBA55CGU7, STM32WBA55CGU7TR, STM32WBA55G-DK1, STM32WBA55HEF6, STM32WBA55HEF7, STM32WBA55HGF6, STM32WBA55HGF7, STM32WBA55UEI6, STM32WBA55UEI6TR, STM32WBA55UEI7, STM32WBA55UEI7TR, STM32WBA55UGI6, STM32WBA55UGI6TR, STM32WBA55UGI7, STM32WBA55UGI7TR, STM32WBA5MJGH6TR, STM32WBA62CGU6, STM32WBA62CIU6, STM32WBA62MGF6, STM32WBA62MIF6, STM32WBA62PGI6, STM32WBA62PII6, STM32WBA63CGU6, STM32WBA63CGU7, STM32WBA63CIU6, STM32WBA63CIU7, STM32WBA64CGU6, STM32WBA64CGU7, STM32WBA64CIU6, STM32WBA64CIU7, STM32WBA65CGU6, STM32WBA65CGU7, STM32WBA65CIU6, STM32WBA65CIU7, STM32WBA65I-DK1, STM32WBA65MGF6, STM32WBA65MGF7, STM32WBA65MIF6, STM32WBA65MIF7, STM32WBA65PGI6, STM32WBA65PGI7, STM32WBA65PII6, STM32WBA65PII7, STM32WBA65RGV6, STM32WBA65RGV7, STM32WBA65RIV6, STM32WBA65RIV7, STM32WL30K8V6, STM32WL30KBV6, STM32WL31C8V6, STM32WL31CBV6, STM32WL31K8V6, STM32WL31KBV6, STM32WL33C8V6, STM32WL33C8V6TR, STM32WL33C8V7, STM32WL33C8V7TR, STM32WL33CBV6, STM32WL33CBV6TR, STM32WL33CBV7, STM32WL33CBV7TR, STM32WL33CCV6, STM32WL33CCV6TR, STM32WL33CCV7, STM32WL33CCV7A, STM32WL33CCV7ATR, STM32WL33CCV7TR, STM32WL33K8V6, STM32WL33K8V6TR, STM32WL33K8V7, STM32WL33K8V7TR, STM32WL33KBV6, STM32WL33KBV6TR, STM32WL33KBV7, STM32WL33KBV7TR, STM32WL33KCV6, STM32WL33KCV6TR, STM32WL33KCV7, STM32WL33KCV7TR, STM32WL5MOCH6, STM32WL5MOCH6TR]
2025-04-02 08:49:13,679 [INFO] BoardInfo:889 - No configuration file found for board P-NUCLEO-WB55
2025-04-02 08:49:13,680 [INFO] DbBoards:161 - Kit is not supported: P-NUCLEO-WB55
2025-04-02 08:49:13,685 [INFO] BoardInfo:889 - No configuration file found for board STEVAL-BFA001V1B
2025-04-02 08:49:13,686 [INFO] DbBoards:161 - Kit is not supported: STEVAL-BFA001V1B
2025-04-02 08:49:13,687 [INFO] BoardInfo:889 - No configuration file found for board STEVAL-BFA001V2B
2025-04-02 08:49:13,687 [INFO] DbBoards:161 - Kit is not supported: STEVAL-BFA001V2B
2025-04-02 08:49:13,842 [INFO] DbBoards:168 - Found 211 boards, 208 are supported
2025-04-02 08:49:13,842 [INFO] DbBoards:169 - Found 211 boards, 43 of them is supported for  Bsp
2025-04-02 08:49:13,845 [INFO] ApiDb:668 - CubeFinder database Data Model version=2.1
2025-04-02 08:49:13,845 [INFO] ApiDb:669 - CubeFinder database Configuration version=3.0.39
2025-04-02 08:49:13,845 [INFO] ApiDb:670 - CubeFinder database generation date=2025-03-07 (1741340029)
2025-04-02 08:49:13,845 [INFO] ApiDb:671 - CubeFinder database FW Pack versions=[FP-ATR-ASTRA1_V2.0.0, FP-SNS-FLIGHT1_V5.0.2, FP-SNS-MOTENV1_V5.0.0, FP-SNS-MOTENVWB1_V1.4.0, FP-SNS-SMARTAG2_V1.2.0, FP-SNS-STBOX1_V2.0.0, STM32Cube_FW_C0_V1.4.0, STM32Cube_FW_F4_V1.28.1, STM32Cube_FW_F7_V1.17.2, STM32Cube_FW_G0_V1.6.2, STM32Cube_FW_G4_V1.6.1, STM32Cube_FW_H5_V1.5.0, STM32Cube_FW_H7RS_V1.2.0, STM32Cube_FW_H7_V1.12.1, STM32Cube_FW_L0_V1.12.2, STM32Cube_FW_L4_V1.18.1, STM32Cube_FW_L5_V1.5.1, STM32Cube_FW_N6_V1.1.0, STM32Cube_FW_U0_V1.2.0, STM32Cube_FW_U3_V1.1.0, STM32Cube_FW_U5_V1.7.0, STM32Cube_FW_WB0_V1.2.0, STM32Cube_FW_WBA_V1.6.0, STM32Cube_FW_WB_V1.22.0, STM32Cube_FW_WL3_V1.1.0, STM32Cube_FW_WL_V1.3.1, X-CUBE-ALGOBUILD_V1.4.0, X-CUBE-ALS_V1.0.2, X-CUBE-AZRTOS-F4_V1.1.0, X-CUBE-AZRTOS-F7_V1.1.0, X-CUBE-AZRTOS-G0_V1.1.0, X-CUBE-AZRTOS-G4_V2.0.0, X-CUBE-AZRTOS-H7RS_V1.0.0, X-CUBE-AZRTOS-H7_V3.3.0, X-CUBE-AZRTOS-L4_V2.0.0, X-CUBE-AZRTOS-L5_V2.0.0, X-CUBE-AZRTOS-WB_V2.0.0, X-CUBE-AZRTOS-WL_V2.0.0, X-CUBE-BLE1_V7.1.0, X-CUBE-BLE2_V3.3.0, X-CUBE-BLEMGR_V4.0.0, X-CUBE-EEPRMA1_V5.1.0, X-CUBE-FREERTOS_V1.3.0, X-CUBE-GNSS1_V6.0.0, X-CUBE-MEMS1_V11.1.0, X-CUBE-NFC4_V3.0.0, X-CUBE-NFC7_V1.0.1, X-CUBE-SFXS2LP1_V4.0.0, X-CUBE-SUBG2_V5.0.0, X-CUBE-TOF1_V3.4.2]
2025-04-02 08:49:14,074 [ERROR] LogOutputStream:75 - [STDERR_REDIRECT] [Fatal Error] :1:1: Premature end of file.
2025-04-02 08:49:14,075 [ERROR] LogOutputStream:75 - [STDERR_REDIRECT] 
2025-04-02 08:49:15,074 [ERROR] LogOutputStream:75 - [STDERR_REDIRECT] [Fatal Error] :1:1: Premature end of file.
2025-04-02 08:49:15,074 [ERROR] LogOutputStream:75 - [STDERR_REDIRECT] 
2025-04-02 08:49:15,661 [INFO] ApiDb:240 - Found 895 in-development CPN: [B-G473E-ZEST1S, B-WB1M-WPAN1, B-WBA5M-WPAN, B-WL5M-SUBG1, NUCLEO-C031C6, NUCLEO-C051C8, NUCLEO-C071RB, NUCLEO-C092RC, NUCLEO-H503RB, NUCLEO-H533RE, NUCLEO-H563ZI, NUCLEO-H7S3L8, NUCLEO-N657X0-Q, NUCLEO-U031R8, NUCLEO-U083RC, NUCLEO-U385RG-Q, NUCLEO-U545RE-Q, NUCLEO-U5A5ZJ-Q, NUCLEO-WB05KZ, NUCLEO-WB07CC, NUCLEO-WB09KE, NUCLEO-WBA52CG, NUCLEO-WBA55CG, NUCLEO-WBA65RI, NUCLEO-WL33CC1, NUCLEO-WL33CC2, STEVAL-PROTEUS1, STEVAL-SMARTAG2, STEVAL-STWINBX1, STM320518-EVAL, STM32C0116-DK, STM32C011D6Y3TR, STM32C011D6Y6TR, STM32C011F4P3, STM32C011F4P6, STM32C011F4U3, STM32C011F4U6TR, STM32C011F6P3, STM32C011F6P6, STM32C011F6U3, STM32C011F6U6TR, STM32C011J4M3, STM32C011J4M6, STM32C011J6M3, STM32C011J6M6, STM32C0316-DK, STM32C031C4T3, STM32C031C4T6, STM32C031C4U3, STM32C031C4U6, STM32C031C6T3, STM32C031C6T6, STM32C031C6U3, STM32C031C6U6, STM32C031F4P3, STM32C031F4P6, STM32C031F6P3, STM32C031F6P6, STM32C031G4U3, STM32C031G4U6, STM32C031G6U3, STM32C031G6U6, STM32C031K4T3, STM32C031K4T6, STM32C031K4U3, STM32C031K4U6, STM32C031K6T3, STM32C031K6T6, STM32C031K6U3, STM32C031K6U6, STM32C051C6T6, STM32C051C6U6, STM32C051C8T6, STM32C051C8U6, STM32C051D8Y6TR, STM32C051F6P6, STM32C051F8P6, STM32C051G6U6, STM32C051G8U6, STM32C051K6T6, STM32C051K6U6, STM32C051K8T6, STM32C071C8T6, STM32C071C8T6N, STM32C071C8U6, STM32C071C8U6N, STM32C071CBT6, STM32C071CBT6N, STM32C071CBU6, STM32C071CBU6N, STM32C071F8P6, STM32C071F8P6N, STM32C071FBP6, STM32C071FBP6N, STM32C071FBY6TR, STM32C071G8U6, STM32C071G8U6N, STM32C071GBU6, STM32C071GBU6N, STM32C071K8T6, STM32C071K8T6N, STM32C071K8U6, STM32C071K8U6N, STM32C071KBT6, STM32C071KBT6N, STM32C071KBU6, STM32C071KBU6N, STM32C071R8T6, STM32C071R8T6N, STM32C071RBI6N, STM32C071RBT6, STM32C071RBT6N, STM32C091CBT6, STM32C091CBU6, STM32C091CCT6, STM32C091CCU6, STM32C091ECY6TR, STM32C091FBP6, STM32C091FCP6, STM32C091GBU6, STM32C091GCU6, STM32C091KBT6, STM32C091KBU6, STM32C091KCT6, STM32C091KCU6, STM32C091RBT6, STM32C091RCI6, STM32C091RCT6, STM32C092CBT6, STM32C092CBU6, STM32C092CCT6, STM32C092CCU6, STM32C092ECY6TR, STM32C092FBP6, STM32C092FCP6, STM32C092GBU6, STM32C092GCU6, STM32C092KBT6, STM32C092KBU6, STM32C092KCT6, STM32C092KCU6, STM32C092RBT6, STM32C092RCI6, STM32C092RCT6, STM32G071K8TXN, STM32G071K8UXN, STM32G081GBU6N, STM32G081KBT6N, STM32G081KBUXN, STM32G0B1CCT6N, STM32G0B1KCT6, STM32G0B1NEY6TR, STM32G0B1RCT6N, STM32G0C1CCT6, STM32G0C1CCT6N, STM32G0C1CCU6N, STM32G0C1CET6N, STM32G0C1CEU6N, STM32G0C1KCT6, STM32G0C1NEY6TR, STM32G0C1RCI6N, STM32G0C1RCT6N, STM32G0C1REI6N, STM32G0C1RET6N, STM32G0C1VCI6, STM32G0C1VEI6, STM32G411C6T3, STM32G411C6T6, STM32G411C6U3, STM32G411C6U6, STM32G411C8T3, STM32G411C8T6, STM32G411C8U3, STM32G411C8U6, STM32G411CBT3, STM32G411CBT6, STM32G411CBU3, STM32G411CBU6, STM32G411CCT3, STM32G411CCT6, STM32G411CCU3, STM32G411CCU6, STM32G411K6T3, STM32G411K6T6, STM32G411K6U3, STM32G411K6U6, STM32G411K8T3, STM32G411K8T6, STM32G411K8U3, STM32G411K8U6, STM32G411KBT3, STM32G411KBT6, STM32G411KBU3, STM32G411KBU6, STM32G411M6T3, STM32G411M6T6, STM32G411M8T3, STM32G411M8T6, STM32G411MBT3, STM32G411MBT6, STM32G411MCT3, STM32G411MCT6, STM32G411R6T3, STM32G411R6T6, STM32G411R8T3, STM32G411R8T6, STM32G411RBT3, STM32G411RBT6, STM32G411RCT3, STM32G411RCT6, STM32G414CBT3, STM32G414CBT6, STM32G414CBU3, STM32G414CBU6, STM32G414CCT3, STM32G414CCT6, STM32G414CCU3, STM32G414CCU6, STM32G414MBT3, STM32G414MBT6, STM32G414MCT3, STM32G414MCT6, STM32G414RBT3, STM32G414RBT6, STM32G414RCT3, STM32G414RCT6, STM32G414VBT3, STM32G414VBT6, STM32G414VCT3, STM32G414VCT6, STM32G431CBT3Z, STM32G431RBT3Z, STM32G471CCT6, STM32G471CCU6, STM32G471CET3, STM32G471CET6, STM32G471CEU3, STM32G471CEU6, STM32G471MCT6, STM32G471MET3, STM32G471MET6, STM32G471MEY6TR, STM32G471QCT6, STM32G471QET3, STM32G471RCT6, STM32G471RET3, STM32G471RET6, STM32G471VCH6, STM32G471VCI6, STM32G471VCT6, STM32G471VEH3, STM32G471VEH6, STM32G471VEI3, STM32G471VEI6, STM32G471VET3, STM32G471VET6, STM32G473QET3Z, STM32G473RET3Z, STM32G474CCT6, STM32G491RET3Z, STM32H503CBT6, STM32H503CBU6, STM32H503EBY6TR, STM32H503KBU6, STM32H503RBT6, STM32H523CCT6, STM32H523CCU6, STM32H523CET6, STM32H523CEU6, STM32H523HEY6TR, STM32H523RCT6, STM32H523RET6, STM32H523VCI6, STM32H523VCT6, STM32H523VEI6, STM32H523VET6, STM32H523ZCJ6, STM32H523ZCT6, STM32H523ZEJ6, STM32H523ZET6, STM32H533CET6, STM32H533CEU6, STM32H533HEY6TR, STM32H533RET6, STM32H533VEI6, STM32H533VET6, STM32H533ZEJ6, STM32H533ZET6, STM32H562AGI6, STM32H562AII6, STM32H562IGK6, STM32H562IGT6, STM32H562IIK6, STM32H562IIT6, STM32H562RGT6, STM32H562RGV6, STM32H562RIT6, STM32H562RIV6, STM32H562VGT6, STM32H562VIT6, STM32H562ZGT6, STM32H562ZIT6, STM32H563AGI6, STM32H563AII3Q, STM32H563AII6, STM32H563IGK6, STM32H563IGT6, STM32H563IIK3Q, STM32H563IIK6, STM32H563IIT3Q, STM32H563IIT6, STM32H563MIY3QTR, STM32H563RGT6, STM32H563RGV6, STM32H563RIT6, STM32H563RIV6, STM32H563VGT6, STM32H563VIT3Q, STM32H563VIT6, STM32H563ZGT6, STM32H563ZIT3Q, STM32H563ZIT6, STM32H573AII3Q, STM32H573AII6, STM32H573I-DK, STM32H573IIK3Q, STM32H573IIK6, STM32H573IIT3Q, STM32H573IIT6, STM32H573MIY3QTR, STM32H573RIT6, STM32H573RIV6, STM32H573VIT3Q, STM32H573VIT6, STM32H573ZIT3Q, STM32H573ZIT6, STM32H7R3A8I6, STM32H7R3I8K6, STM32H7R3I8T6, STM32H7R3L8H6, STM32H7R3L8H6H, STM32H7R3R8V6, STM32H7R3V8H6, STM32H7R3V8T6, STM32H7R3V8Y6TR, STM32H7R3Z8J6, STM32H7R3Z8T6, STM32H7R7A8I6, STM32H7R7I8K6, STM32H7R7I8T6, STM32H7R7L8H6, STM32H7R7L8H6H, STM32H7R7Z8J6, STM32H7S3A8I6, STM32H7S3I8K6, STM32H7S3I8T6, STM32H7S3L8H6, STM32H7S3L8H6H, STM32H7S3R8V6, STM32H7S3V8H6, STM32H7S3V8T6, STM32H7S3V8Y6TR, STM32H7S3Z8J6, STM32H7S3Z8T6, STM32H7S78-DK, STM32H7S7A8I6, STM32H7S7I8K6, STM32H7S7I8T6, STM32H7S7L8H6, STM32H7S7L8H6H, STM32H7S7Z8J6, STM32L4R5QGI6STR, STM32MP131AAE3, STM32MP131AAF3, STM32MP131AAG3, STM32MP131CAE3, STM32MP131CAF3, STM32MP131CAG3, STM32MP131DAE7, STM32MP131DAF7, STM32MP131DAG7, STM32MP131FAE7, STM32MP131FAF7, STM32MP131FAG7, STM32MP133AAE3, STM32MP133AAF3, STM32MP133AAG3, STM32MP133CAE3, STM32MP133CAF3, STM32MP133CAG3, STM32MP133DAE7, STM32MP133DAF7, STM32MP133DAG7, STM32MP133FAE7, STM32MP133FAF7, STM32MP133FAG7, STM32MP135AAE3, STM32MP135AAF3, STM32MP135AAG3, STM32MP135CAE3, STM32MP135CAF3, STM32MP135CAG3, STM32MP135DAE7, STM32MP135DAF7, STM32MP135DAG7, STM32MP135F-DK, STM32MP135FAE7, STM32MP135FAF7, STM32MP135FAF7T, STM32MP135FAF7U, STM32MP135FAG7, STM32MP231AAJ3, STM32MP231AAK3, STM32MP231AAL3, STM32MP231CAJ3, STM32MP231CAK3, STM32MP231CAL3, STM32MP231DAJ3, STM32MP231DAK3, STM32MP231DAL3, STM32MP231FAJ3, STM32MP231FAK3, STM32MP231FAL3, STM32MP233AAJ3, STM32MP233AAK3, STM32MP233AAL3, STM32MP233CAJ3, STM32MP233CAK3, STM32MP233CAL3, STM32MP233DAJ3, STM32MP233DAK3, STM32MP233DAL3, STM32MP233FAJ3, STM32MP233FAK3, STM32MP233FAL3, STM32MP235AAJ3, STM32MP235AAK3, STM32MP235AAL3, STM32MP235CAJ3, STM32MP235CAK3, STM32MP235CAL3, STM32MP235DAJ3, STM32MP235DAK3, STM32MP235DAL3, STM32MP235FAJ3, STM32MP235FAK3, STM32MP235FAL3, STM32MP251AAI3, STM32MP251AAJ3, STM32MP251AAK3, STM32MP251AAL3, STM32MP251CAI3, STM32MP251CAJ3, STM32MP251CAK3, STM32MP251CAL3, STM32MP251DAI3, STM32MP251DAJ3, STM32MP251DAK3, STM32MP251DAL3, STM32MP251FAI3, STM32MP251FAJ3, STM32MP251FAK3, STM32MP251FAL3, STM32MP253AAI3, STM32MP253AAJ3, STM32MP253AAK3, STM32MP253AAL3, STM32MP253CAI3, STM32MP253CAJ3, STM32MP253CAK3, STM32MP253CAL3, STM32MP253DAI3, STM32MP253DAJ3, STM32MP253DAK3, STM32MP253DAL3, STM32MP253FAI3, STM32MP253FAJ3, STM32MP253FAK3, STM32MP253FAL3, STM32MP255AAI3, STM32MP255AAJ3, STM32MP255AAK3, STM32MP255AAL3, STM32MP255CAI3, STM32MP255CAJ3, STM32MP255CAK3, STM32MP255CAL3, STM32MP255DAI3, STM32MP255DAJ3, STM32MP255DAK3, STM32MP255DAL3, STM32MP255FAI3, STM32MP255FAJ3, STM32MP255FAK3, STM32MP255FAL3, STM32MP257AAI3, STM32MP257AAJ3, STM32MP257AAK3, STM32MP257AAL3, STM32MP257CAI3, STM32MP257CAJ3, STM32MP257CAK3, STM32MP257CAL3, STM32MP257DAI3, STM32MP257DAJ3, STM32MP257DAK3, STM32MP257DAL3, STM32MP257F-DK, STM32MP257F-EV1, STM32MP257FAI3, STM32MP257FAJ3, STM32MP257FAK3, STM32MP257FAL3, STM32N645A0H3Q, STM32N645B0H3Q, STM32N645I0H3Q, STM32N645L0H3Q, STM32N645X0H3Q, STM32N645Z0H3Q, STM32N647A0H3Q, STM32N647B0H3Q, STM32N647I0H3Q, STM32N647L0H3Q, STM32N647X0H3Q, STM32N647Z0H3Q, STM32N655A0H3Q, STM32N655B0H3Q, STM32N655I0H3Q, STM32N655L0H3Q, STM32N655X0H3Q, STM32N655Z0H3Q, STM32N6570-DK, STM32N657A0H3Q, STM32N657B0H3Q, STM32N657I0H3Q, STM32N657L0H3Q, STM32N657X0H3Q, STM32N657Z0H3Q, STM32U031C6T6, STM32U031C6U6, STM32U031C8T6, STM32U031C8U6, STM32U031F4P6, STM32U031F6P6, STM32U031F8P6, STM32U031G6Y6TR, STM32U031G8Y6TR, STM32U031K4U6, STM32U031K6U6, STM32U031K8U6, STM32U031R6I6, STM32U031R6T6, STM32U031R8I6, STM32U031R8T6, STM32U073C8T6, STM32U073C8U6, STM32U073CBT6, STM32U073CBU6, STM32U073CCT6, STM32U073CCU6, STM32U073H8Y6TR, STM32U073HBY6TR, STM32U073HCY6TR, STM32U073K8U6, STM32U073KBU6, STM32U073KCU6, STM32U073M8I6, STM32U073M8T6, STM32U073MBI6, STM32U073MBT6, STM32U073MCI6, STM32U073MCT6, STM32U073R8I6, STM32U073R8T6, STM32U073RBI6, STM32U073RBT6, STM32U073RCI6, STM32U073RCT6, STM32U083C-DK, STM32U083CCT6, STM32U083CCU6, STM32U083HCY6TR, STM32U083KCU6, STM32U083MCI6, STM32U083MCT6, STM32U083RCI6, STM32U083RCT6, STM32U375CET6, STM32U375CET6Q, STM32U375CEU6, STM32U375CEU6Q, STM32U375CEY6QTR, STM32U375CGT6, STM32U375CGT6Q, STM32U375CGU6, STM32U375CGU6Q, STM32U375CGY6QTR, STM32U375KEU6, STM32U375KGU6, STM32U375REI6, STM32U375REI6Q, STM32U375RET6, STM32U375RET6Q, STM32U375REY6GTR, STM32U375REY6QTR, STM32U375RGI6, STM32U375RGI6Q, STM32U375RGT6, STM32U375RGT6Q, STM32U375RGY6GTR, STM32U375RGY6QTR, STM32U375VEI6, STM32U375VEI6Q, STM32U375VET6, STM32U375VET6Q, STM32U375VGI6, STM32U375VGI6Q, STM32U375VGT6, STM32U375VGT6Q, STM32U385CGT6, STM32U385CGT6Q, STM32U385CGU6, STM32U385CGU6Q, STM32U385CGY6QTR, STM32U385KGU6, STM32U385RGI6, STM32U385RGI6Q, STM32U385RGT6, STM32U385RGT6Q, STM32U385RGY6GTR, STM32U385RGY6QTR, STM32U385VGI6, STM32U385VGI6Q, STM32U385VGT6, STM32U385VGT6Q, STM32U535CBT6, STM32U535CBT6Q, STM32U535CBU6, STM32U535CBU6Q, STM32U535CCT6, STM32U535CCT6Q, STM32U535CCU6, STM32U535CCU6Q, STM32U535CET6, STM32U535CET6Q, STM32U535CEU6, STM32U535CEU6Q, STM32U535JEY6QTR, STM32U535NCY6QTR, STM32U535NEY6QTR, STM32U535RBI6, STM32U535RBI6Q, STM32U535RBT6, STM32U535RBT6Q, STM32U535RCI6, STM32U535RCI6Q, STM32U535RCT6, STM32U535RCT6Q, STM32U535REI6, STM32U535REI6Q, STM32U535RET6, STM32U535RET6Q, STM32U535VCI6, STM32U535VCI6Q, STM32U535VCT6, STM32U535VCT6Q, STM32U535VEI6, STM32U535VEI6Q, STM32U535VET6, STM32U535VET6Q, STM32U545CET6, STM32U545CET6Q, STM32U545CEU6, STM32U545CEU6Q, STM32U545JEY6QTR, STM32U545NEY6QTR, STM32U545REI6, STM32U545REI6Q, STM32U545RET6, STM32U545RET6Q, STM32U545VEI6, STM32U545VEI6Q, STM32U545VET6, STM32U545VET6Q, STM32U595AIH6, STM32U595AIH6Q, STM32U595AJH6, STM32U595AJH6Q, STM32U595QII6, STM32U595QII6Q, STM32U595QJI6, STM32U595QJI6Q, STM32U595RIT6, STM32U595RIT6Q, STM32U595RJT6, STM32U595RJT6Q, STM32U595VIT6, STM32U595VIT6Q, STM32U595VJT6, STM32U595VJT6Q, STM32U595ZIT6, STM32U595ZIT6Q, STM32U595ZIY6QTR, STM32U595ZJT6, STM32U595ZJT6Q, STM32U595ZJY6QTR, STM32U599BJY6QTR, STM32U599NIH6Q, STM32U599NJH6Q, STM32U599VIT6Q, STM32U599VJT6, STM32U599VJT6Q, STM32U599ZIT6Q, STM32U599ZIY6QTR, STM32U599ZJT6Q, STM32U599ZJY6QTR, STM32U5A5AJH6, STM32U5A5AJH6Q, STM32U5A5QII3Q , STM32U5A5QJI6, STM32U5A5QJI6Q, STM32U5A5RJT6, STM32U5A5RJT6Q, STM32U5A5VJT6, STM32U5A5VJT6Q, STM32U5A5ZJT6, STM32U5A5ZJT6Q, STM32U5A5ZJY6QTR, STM32U5A9BJY6QTR, STM32U5A9J-DK, STM32U5A9NJH6Q, STM32U5A9VJT6Q, STM32U5A9ZJT6Q, STM32U5A9ZJY6QTR, STM32U5F7VIT6, STM32U5F7VIT6Q, STM32U5F7VJT6, STM32U5F7VJT6Q, STM32U5F9BJY6QTR, STM32U5F9NJH6Q, STM32U5F9VIT6Q, STM32U5F9VJT6Q, STM32U5F9ZIJ6QTR, STM32U5F9ZIT6Q, STM32U5F9ZJJ6QTR, STM32U5F9ZJT6Q, STM32U5G7VJT6, STM32U5G7VJT6Q, STM32U5G9BJY6QTR, STM32U5G9J-DK1, STM32U5G9J-DK2, STM32U5G9NJH6Q, STM32U5G9VJT6Q, STM32U5G9ZJJ6QTR, STM32U5G9ZJT6Q, STM32WB05KZV6TR, STM32WB05KZV7TR, STM32WB05TZF6TR, STM32WB05TZF7TR, STM32WB06CCF6TR, STM32WB06CCF7TR, STM32WB06CCV6TR, STM32WB06CCV7TR, STM32WB06KCV6TR, STM32WB06KCV7TR, STM32WB07CCF6TR, STM32WB07CCF7TR, STM32WB07CCV6TR, STM32WB07CCV7TR, STM32WB07KCV6TR, STM32WB07KCV7TR, STM32WB09KEV6TR, STM32WB09KEV7TR, STM32WB09TEF6TR, STM32WB09TEF7TR, STM32WB1MMCH6, STM32WBA50KGU6, STM32WBA50KGU6TR, STM32WBA52CEU6, STM32WBA52CEU6TR, STM32WBA52CEU7, STM32WBA52CEU7TR, STM32WBA52CGU6, STM32WBA52CGU6TR, STM32WBA52CGU6U, STM32WBA52CGU7, STM32WBA52CGU7TR, STM32WBA52KEU6, STM32WBA52KEU6TR, STM32WBA52KGU6, STM32WBA52KGU6TR, STM32WBA54CEU6, STM32WBA54CEU6TR, STM32WBA54CEU7, STM32WBA54CEU7TR, STM32WBA54CGU6, STM32WBA54CGU6TR, STM32WBA54CGU7, STM32WBA54CGU7TR, STM32WBA54KEU6, STM32WBA54KEU6TR, STM32WBA54KEU7, STM32WBA54KEU7TR, STM32WBA54KGU6, STM32WBA54KGU6TR, STM32WBA54KGU7, STM32WBA54KGU7TR, STM32WBA55CEU6, STM32WBA55CEU6TR, STM32WBA55CEU7, STM32WBA55CEU7TR, STM32WBA55CGU6, STM32WBA55CGU6TR, STM32WBA55CGU6U, STM32WBA55CGU7, STM32WBA55CGU7TR, STM32WBA55G-DK1, STM32WBA55HEF6, STM32WBA55HEF7, STM32WBA55HGF6, STM32WBA55HGF7, STM32WBA55UEI6, STM32WBA55UEI6TR, STM32WBA55UEI7, STM32WBA55UEI7TR, STM32WBA55UGI6, STM32WBA55UGI6TR, STM32WBA55UGI7, STM32WBA55UGI7TR, STM32WBA5MJGH6TR, STM32WBA62CGU6, STM32WBA62CIU6, STM32WBA62MGF6, STM32WBA62MIF6, STM32WBA62PGI6, STM32WBA62PII6, STM32WBA63CGU6, STM32WBA63CGU7, STM32WBA63CIU6, STM32WBA63CIU7, STM32WBA64CGU6, STM32WBA64CGU7, STM32WBA64CIU6, STM32WBA64CIU7, STM32WBA65CGU6, STM32WBA65CGU7, STM32WBA65CIU6, STM32WBA65CIU7, STM32WBA65I-DK1, STM32WBA65MGF6, STM32WBA65MGF7, STM32WBA65MIF6, STM32WBA65MIF7, STM32WBA65PGI6, STM32WBA65PGI7, STM32WBA65PII6, STM32WBA65PII7, STM32WBA65RGV6, STM32WBA65RGV7, STM32WBA65RIV6, STM32WBA65RIV7, STM32WL30K8V6, STM32WL30KBV6, STM32WL31C8V6, STM32WL31CBV6, STM32WL31K8V6, STM32WL31KBV6, STM32WL33C8V6, STM32WL33C8V6TR, STM32WL33C8V7, STM32WL33C8V7TR, STM32WL33CBV6, STM32WL33CBV6TR, STM32WL33CBV7, STM32WL33CBV7TR, STM32WL33CCV6, STM32WL33CCV6TR, STM32WL33CCV7, STM32WL33CCV7A, STM32WL33CCV7ATR, STM32WL33CCV7TR, STM32WL33K8V6, STM32WL33K8V6TR, STM32WL33K8V7, STM32WL33K8V7TR, STM32WL33KBV6, STM32WL33KBV6TR, STM32WL33KBV7, STM32WL33KBV7TR, STM32WL33KCV6, STM32WL33KCV6TR, STM32WL33KCV7, STM32WL33KCV7TR, STM32WL5MOCH6, STM32WL5MOCH6TR]
2025-04-02 08:49:15,666 [INFO] DbMcus:218 - Found 4682 MCUs, 4682 are supported
2025-04-02 08:49:15,667 [INFO] ApiDb:423 - Load user favorites file C:\Users\raj/.stm32cubeide/favorites.mcus.txt: 0 item(s)
2025-04-02 08:49:15,668 [INFO] ApiDb:427 - User favorites MCUs=[]
2025-04-02 08:49:15,668 [INFO] DbMcus:224 - Set 0 / 0 favorites MCUs
2025-04-02 08:49:16,000 [INFO] ApiDb:423 - Load user favorites file C:\Users\raj/.stm32cubeide/favorites.boards.txt: 0 item(s)
2025-04-02 08:49:16,001 [INFO] ApiDb:427 - User favorites Boards=[]
2025-04-02 08:49:16,001 [INFO] DbBoards:198 - Set 0 / 0 favorites Boards
2025-04-02 08:49:16,093 [ERROR] LogOutputStream:75 - [STDERR_REDIRECT] [Fatal Error] :1:1: Premature end of file.
2025-04-02 08:49:16,093 [ERROR] LogOutputStream:75 - [STDERR_REDIRECT] 
2025-04-02 08:49:16,094 [INFO] UtilMem:75 - End LoadConfig() Used Memory: 327011192 Bytes (762314752)
2025-04-02 08:49:16,267 [WARN] ThirdParty:833 - waiting for thirdparty lock release [change project]
2025-04-02 08:49:16,267 [INFO] ThirdParty:835 - entering critical section [change project]
2025-04-02 08:49:16,267 [INFO] ThirdParty:1030 - CMSIS Pack Vendor :STMicroelectronics USBPD 4.1
2025-04-02 08:49:16,267 [INFO] ThirdParty:1030 - CMSIS Pack Vendor :STMicroelectronics X-CUBE-AZRTOS-H7 3.3.0
2025-04-02 08:49:16,267 [INFO] ThirdParty:1030 - CMSIS Pack Vendor :STMicroelectronics X-CUBE-NFC9 1.0.0
2025-04-02 08:49:16,267 [INFO] ThirdParty:1030 - CMSIS Pack Vendor :STMicroelectronics USB_HOST 2.0.0
2025-04-02 08:49:16,267 [INFO] ThirdParty:1030 - CMSIS Pack Vendor :STMicroelectronics FP-SNS-MOTENVWB1 1.4.0
2025-04-02 08:49:16,267 [INFO] ThirdParty:1030 - CMSIS Pack Vendor :STMicroelectronics X-CUBE-AZRTOS-F4 1.1.0
2025-04-02 08:49:16,267 [INFO] ThirdParty:1030 - CMSIS Pack Vendor :STMicroelectronics LIBJPEG 8.0.0
2025-04-02 08:49:16,267 [INFO] ThirdParty:1030 - CMSIS Pack Vendor :STMicroelectronics FP-ATR-ASTRA1 2.0.2
2025-04-02 08:49:16,267 [INFO] ThirdParty:1030 - CMSIS Pack Vendor :STMicroelectronics FP-ATR-ASTRA1 2.0.1
2025-04-02 08:49:16,267 [INFO] ThirdParty:1030 - CMSIS Pack Vendor :STMicroelectronics X-CUBE-BLE1 7.1.0
2025-04-02 08:49:16,267 [INFO] ThirdParty:1030 - CMSIS Pack Vendor :STMicroelectronics X-CUBE-SMBUS 2.1.0
2025-04-02 08:49:16,267 [INFO] ThirdParty:1030 - CMSIS Pack Vendor :STMicroelectronics X-CUBE-WB05N 1.1.0
2025-04-02 08:49:16,267 [INFO] ThirdParty:1030 - CMSIS Pack Vendor :STMicroelectronics USB_DEVICE 3.0.0
2025-04-02 08:49:16,267 [INFO] ThirdParty:1030 - CMSIS Pack Vendor :STMicroelectronics X-CUBE-TCPP 4.1.0
2025-04-02 08:49:16,267 [INFO] ThirdParty:1030 - CMSIS Pack Vendor :STMicroelectronics X-CUBE-ISPU 2.1.0
2025-04-02 08:49:16,267 [INFO] ThirdParty:1030 - CMSIS Pack Vendor :STMicroelectronics X-CUBE-FREERTOS 1.2.0
2025-04-02 08:49:16,267 [INFO] ThirdParty:1030 - CMSIS Pack Vendor :STMicroelectronics X-CUBE-IPS 3.0.0
2025-04-02 08:49:16,267 [INFO] ThirdParty:1030 - CMSIS Pack Vendor :STMicroelectronics X-CUBE-AZRTOS-WB 2.0.0
2025-04-02 08:49:16,267 [INFO] ThirdParty:1030 - CMSIS Pack Vendor :STMicroelectronics X-CUBE-GNSS1 7.0.0
2025-04-02 08:49:16,267 [INFO] ThirdParty:1030 - CMSIS Pack Vendor :STMicroelectronics X-CUBE-GNSS1 7.0.1
2025-04-02 08:49:16,268 [INFO] ThirdParty:1030 - CMSIS Pack Vendor :STMicroelectronics X-CUBE-AZRTOS-F7 1.1.0
2025-04-02 08:49:16,268 [INFO] ThirdParty:1030 - CMSIS Pack Vendor :STMicroelectronics X-CUBE-AZRTOS-L5 2.0.0
2025-04-02 08:49:16,268 [INFO] ThirdParty:1030 - CMSIS Pack Vendor :STMicroelectronics X-CUBE-TOUCHGFX 4.25.0
2025-04-02 08:49:16,268 [INFO] ThirdParty:1030 - CMSIS Pack Vendor :STMicroelectronics USB_DEVICE 2.0.0
2025-04-02 08:49:16,268 [INFO] ThirdParty:1030 - CMSIS Pack Vendor :STMicroelectronics X-CUBE-NFC6 3.1.0
2025-04-02 08:49:16,268 [INFO] ThirdParty:1030 - CMSIS Pack Vendor :STMicroelectronics FP-SNS-STBOX1 2.0.0
2025-04-02 08:49:16,268 [INFO] ThirdParty:1030 - CMSIS Pack Vendor :STMicroelectronics X-CUBE-MEMS1 11.0.0
2025-04-02 08:49:16,268 [INFO] ThirdParty:1030 - CMSIS Pack Vendor :STMicroelectronics FreeRTOS 0.0.1
2025-04-02 08:49:16,268 [INFO] ThirdParty:1030 - CMSIS Pack Vendor :STMicroelectronics X-CUBE-AZRTOS-G0 1.1.0
2025-04-02 08:49:16,268 [INFO] ThirdParty:1030 - CMSIS Pack Vendor :STMicroelectronics X-CUBE-SAFEA1 1.2.2
2025-04-02 08:49:16,268 [INFO] ThirdParty:1030 - CMSIS Pack Vendor :STMicroelectronics X-CUBE-NFC4 3.0.0
2025-04-02 08:49:16,268 [INFO] ThirdParty:1030 - CMSIS Pack Vendor :STMicroelectronics X-CUBE-DPower 1.2.0
2025-04-02 08:49:16,268 [INFO] ThirdParty:1030 - CMSIS Pack Vendor :STMicroelectronics X-CUBE-SUBG2 5.0.0
2025-04-02 08:49:16,268 [INFO] ThirdParty:1030 - CMSIS Pack Vendor :STMicroelectronics X-CUBE-AZRTOS-H7RS 1.1.0
2025-04-02 08:49:16,268 [INFO] ThirdParty:1030 - CMSIS Pack Vendor :STMicroelectronics STM32_WPAN 1.0.0
2025-04-02 08:49:16,268 [INFO] ThirdParty:1030 - CMSIS Pack Vendor :EmbeddedOffice I-CUBE-FS-RTOS 1.0.1
2025-04-02 08:49:16,268 [INFO] ThirdParty:1030 - CMSIS Pack Vendor :STMicroelectronics lwIP 2.0.3
2025-04-02 08:49:16,268 [INFO] ThirdParty:1030 - CMSIS Pack Vendor :STMicroelectronics FP-SNS-FLIGHT1 5.0.2
2025-04-02 08:49:16,268 [INFO] ThirdParty:1030 - CMSIS Pack Vendor :Cesanta I-CUBE-Mongoose 7.13.0
2025-04-02 08:49:16,268 [INFO] ThirdParty:1030 - CMSIS Pack Vendor :STMicroelectronics USB_HOST 1.0.0
2025-04-02 08:49:16,268 [INFO] ThirdParty:1030 - CMSIS Pack Vendor :Infineon AIROC-Wi-Fi-Bluetooth-STM32 1.7.0
2025-04-02 08:49:16,268 [INFO] ThirdParty:1030 - CMSIS Pack Vendor :STMicroelectronics X-CUBE-AZRTOS-G4 2.0.0
2025-04-02 08:49:16,268 [INFO] ThirdParty:1030 - CMSIS Pack Vendor :STMicroelectronics PDM2PCM 3.1.0
2025-04-02 08:49:16,268 [INFO] ThirdParty:1030 - CMSIS Pack Vendor :STMicroelectronics PDM2PCM 3.3.0
2025-04-02 08:49:16,268 [INFO] ThirdParty:1030 - CMSIS Pack Vendor :STMicroelectronics X-CUBE-DISPLAY 3.0.0
2025-04-02 08:49:16,268 [INFO] ThirdParty:1030 - CMSIS Pack Vendor :STMicroelectronics X-CUBE-TCPP 4.2.0
2025-04-02 08:49:16,268 [INFO] ThirdParty:1030 - CMSIS Pack Vendor :RealThread X-CUBE-RT-Thread_Nano 4.1.1
2025-04-02 08:49:16,268 [INFO] ThirdParty:1030 - CMSIS Pack Vendor :STMicroelectronics X-CUBE-BLE1 7.0.0
2025-04-02 08:49:16,268 [INFO] ThirdParty:1030 - CMSIS Pack Vendor :STMicroelectronics FP-ATR-SIGFOX1 3.2.0
2025-04-02 08:49:16,268 [INFO] ThirdParty:1030 - CMSIS Pack Vendor :STMicroelectronics X-CUBE-NFC10 1.0.0
2025-04-02 08:49:16,268 [INFO] ThirdParty:1030 - CMSIS Pack Vendor :quantropi X-CUBE-qispace-sdk-base 1.9.3
2025-04-02 08:49:16,268 [INFO] ThirdParty:1030 - CMSIS Pack Vendor :STMicroelectronics X-CUBE-BLEMGR 4.0.0
2025-04-02 08:49:16,268 [INFO] ThirdParty:1030 - CMSIS Pack Vendor :STMicroelectronics X-CUBE-EEPRMA1 5.1.0
2025-04-02 08:49:16,268 [INFO] ThirdParty:1030 - CMSIS Pack Vendor :STMicroelectronics HAL Drivers 0.0.0
2025-04-02 08:49:16,268 [INFO] ThirdParty:1030 - CMSIS Pack Vendor :STMicroelectronics MBEDTLS 2.16.2
2025-04-02 08:49:16,268 [INFO] ThirdParty:1030 - CMSIS Pack Vendor :STMicroelectronics X-CUBE-IPS 3.1.0
2025-04-02 08:49:16,268 [INFO] ThirdParty:1030 - CMSIS Pack Vendor :STMicroelectronics X-CUBE-ALS 1.0.2
2025-04-02 08:49:16,268 [INFO] ThirdParty:1030 - CMSIS Pack Vendor :emotas I-CUBE-CANOPEN 1.3.0
2025-04-02 08:49:16,268 [INFO] ThirdParty:1030 - CMSIS Pack Vendor :STMicroelectronics X-CUBE-FREERTOS 1.3.0
2025-04-02 08:49:16,268 [INFO] ThirdParty:1030 - CMSIS Pack Vendor :wolfSSL I-CUBE-wolfSSL 5.7.4
2025-04-02 08:49:16,268 [INFO] ThirdParty:1030 - CMSIS Pack Vendor :STMicroelectronics X-CUBE-NFC7 1.0.1
2025-04-02 08:49:16,268 [INFO] ThirdParty:1030 - CMSIS Pack Vendor :STMicroelectronics MBEDTLS 2.14.1
2025-04-02 08:49:16,268 [INFO] ThirdParty:1030 - CMSIS Pack Vendor :ITTIA_DB I-CUBE-ITTIADB 8.9.0
2025-04-02 08:49:16,268 [INFO] ThirdParty:1030 - CMSIS Pack Vendor :STMicroelectronics X-CUBE-TOUCHGFX 4.24.2
2025-04-02 08:49:16,268 [INFO] ThirdParty:1030 - CMSIS Pack Vendor :STMicroelectronics X-CUBE-TOUCHGFX 4.24.1
2025-04-02 08:49:16,269 [INFO] ThirdParty:1030 - CMSIS Pack Vendor :wolfSSL I-CUBE-wolfTPM 3.4.0
2025-04-02 08:49:16,269 [INFO] ThirdParty:1030 - CMSIS Pack Vendor :portGmbH I-Cube-SoM-uGOAL 1.1.0
2025-04-02 08:49:16,269 [INFO] ThirdParty:1030 - CMSIS Pack Vendor :STMicroelectronics X-CUBE-BLEMGR 3.1.0
2025-04-02 08:49:16,269 [INFO] ThirdParty:1030 - CMSIS Pack Vendor :STMicroelectronics X-CUBE-AI 10.0.0
2025-04-02 08:49:16,269 [INFO] ThirdParty:1030 - CMSIS Pack Vendor :STMicroelectronics ThreadX 1.0.0
2025-04-02 08:49:16,269 [INFO] ThirdParty:1030 - CMSIS Pack Vendor :STMicroelectronics FP-SNS-SMARTAG2 1.2.0
2025-04-02 08:49:16,269 [INFO] ThirdParty:1030 - CMSIS Pack Vendor :STMicroelectronics FP-SNS-FLIGHT1 5.1.0
2025-04-02 08:49:16,269 [INFO] ThirdParty:1030 - CMSIS Pack Vendor :STMicroelectronics X-CUBE-MEMS1 11.1.0
2025-04-02 08:49:16,269 [INFO] ThirdParty:1030 - CMSIS Pack Vendor :STMicroelectronics X-CUBE-AZRTOS-WL 2.0.0
2025-04-02 08:49:16,269 [INFO] ThirdParty:1030 - CMSIS Pack Vendor :SEGGER I-CUBE-embOS 1.3.1
2025-04-02 08:49:16,269 [INFO] ThirdParty:1030 - CMSIS Pack Vendor :STMicroelectronics X-CUBE-ALGOBUILD 1.4.0
2025-04-02 08:49:16,269 [INFO] ThirdParty:1030 - CMSIS Pack Vendor :STMicroelectronics X-CUBE-DPower 1.3.0
2025-04-02 08:49:16,269 [INFO] ThirdParty:1030 - CMSIS Pack Vendor :STMicroelectronics FP-SNS-MOTENV1 5.0.0
2025-04-02 08:49:16,269 [INFO] ThirdParty:1030 - CMSIS Pack Vendor :STMicroelectronics USB_DEVICE 1.0.0
2025-04-02 08:49:16,269 [INFO] ThirdParty:1030 - CMSIS Pack Vendor :STMicroelectronics X-CUBE-AZRTOS-H7RS 1.0.0
2025-04-02 08:49:16,269 [INFO] ThirdParty:1030 - CMSIS Pack Vendor :wolfSSL I-CUBE-wolfMQTT 1.19.0
2025-04-02 08:49:16,269 [INFO] ThirdParty:1030 - CMSIS Pack Vendor :STMicroelectronics X-CUBE-AZRTOS-L4 2.0.0
2025-04-02 08:49:16,269 [INFO] ThirdParty:1030 - CMSIS Pack Vendor :STMicroelectronics ThreadX 0.0.2
2025-04-02 08:49:16,269 [INFO] ThirdParty:1030 - CMSIS Pack Vendor :WES I-CUBE-Cesium 1.3.0
2025-04-02 08:49:16,269 [INFO] ThirdParty:1030 - CMSIS Pack Vendor :STMicroelectronics FP-ATR-ASTRA1 2.0.0
2025-04-02 08:49:16,269 [INFO] ThirdParty:1030 - CMSIS Pack Vendor :STMicroelectronics lwIP 2.1.2
2025-04-02 08:49:16,269 [INFO] ThirdParty:1030 - CMSIS Pack Vendor :STMicroelectronics X-CUBE-SFXS2LP1 4.0.0
2025-04-02 08:49:16,269 [INFO] ThirdParty:1030 - CMSIS Pack Vendor :STMicroelectronics X-CUBE-BLE2 3.3.0
2025-04-02 08:49:16,269 [INFO] ThirdParty:1030 - CMSIS Pack Vendor :STMicroelectronics X-CUBE-TOF1 3.4.2
2025-04-02 08:49:16,269 [INFO] ThirdParty:1030 - CMSIS Pack Vendor :STMicroelectronics X-CUBE-AI 9.1.0
2025-04-02 08:49:16,269 [INFO] ThirdParty:1030 - CMSIS Pack Vendor :Infineon AIROC-Wi-Fi-Bluetooth-STM32 1.6.1
2025-04-02 08:49:16,269 [INFO] ThirdParty:1030 - CMSIS Pack Vendor :STMicroelectronics PDM2PCM 3.2.0
2025-04-02 08:49:16,269 [INFO] ThirdParty:1030 - CMSIS Pack Vendor :wolfSSL I-CUBE-wolfSSH 1.4.17
2025-04-02 08:49:16,269 [INFO] ThirdParty:841 - exiting critical section [change project]
2025-04-02 08:49:16,804 [INFO] PinOutPanel:1589 - setPackage(No Configuration,No Configuration)
2025-04-02 08:49:16,805 [INFO] PinOutPanel:1589 - setPackage(STM32F303RETx,LQFP64)
2025-04-02 08:49:17,058 [ERROR] LogOutputStream:75 - [STDERR_REDIRECT] [Fatal Error] :1:1: Premature end of file.
2025-04-02 08:49:17,059 [ERROR] LogOutputStream:75 - [STDERR_REDIRECT] 
2025-04-02 08:49:17,342 [INFO] UtilMem:75 - Before build in PCC Used Memory: 576199352 Bytes (762314752)
2025-04-02 08:49:18,060 [ERROR] LogOutputStream:75 - [STDERR_REDIRECT] [Fatal Error] :1:1: Premature end of file.
2025-04-02 08:49:18,061 [ERROR] LogOutputStream:75 - [STDERR_REDIRECT] 
2025-04-02 08:49:18,508 [INFO] UtilMem:75 - After build in PCC Used Memory: 640761144 Bytes (762314752)
2025-04-02 08:49:18,569 [INFO] IPUIPlugin:80 - create IPUIPlugin
2025-04-02 08:49:18,569 [INFO] IPUIPlugin:80 - create IPUIPlugin
2025-04-02 08:49:18,569 [INFO] IPUIPlugin:80 - create IPUIPlugin
2025-04-02 08:49:18,569 [INFO] IPUIPlugin:80 - create IPUIPlugin
2025-04-02 08:49:18,571 [INFO] IPUIPlugin:80 - create IPUIPlugin
2025-04-02 08:49:18,571 [INFO] IPUIPlugin:80 - create IPUIPlugin
2025-04-02 08:49:18,571 [INFO] IPUIPlugin:80 - create IPUIPlugin
2025-04-02 08:49:18,571 [INFO] IPUIPlugin:80 - create IPUIPlugin
2025-04-02 08:49:18,571 [INFO] IPUIPlugin:80 - create IPUIPlugin
2025-04-02 08:49:18,571 [INFO] IPUIPlugin:80 - create IPUIPlugin
2025-04-02 08:49:18,571 [INFO] IPUIPlugin:80 - create IPUIPlugin
2025-04-02 08:49:18,571 [INFO] IPUIPlugin:80 - create IPUIPlugin
2025-04-02 08:49:18,571 [INFO] IPUIPlugin:80 - create IPUIPlugin
2025-04-02 08:49:18,571 [INFO] IPUIPlugin:80 - create IPUIPlugin
2025-04-02 08:49:18,571 [INFO] IPUIPlugin:80 - create IPUIPlugin
2025-04-02 08:49:18,571 [INFO] IPUIPlugin:80 - create IPUIPlugin
2025-04-02 08:49:18,571 [INFO] IPUIPlugin:80 - create IPUIPlugin
2025-04-02 08:49:18,571 [INFO] IPUIPlugin:80 - create IPUIPlugin
2025-04-02 08:49:18,571 [INFO] IPUIPlugin:80 - create IPUIPlugin
2025-04-02 08:49:18,571 [INFO] IPUIPlugin:80 - create IPUIPlugin
2025-04-02 08:49:18,572 [INFO] IPUIPlugin:80 - create IPUIPlugin
2025-04-02 08:49:18,572 [INFO] IPUIPlugin:80 - create IPUIPlugin
2025-04-02 08:49:18,572 [INFO] IPUIPlugin:80 - create IPUIPlugin
2025-04-02 08:49:18,572 [INFO] IPUIPlugin:80 - create IPUIPlugin
2025-04-02 08:49:18,572 [INFO] IPUIPlugin:80 - create IPUIPlugin
2025-04-02 08:49:18,572 [INFO] IPUIPlugin:80 - create IPUIPlugin
2025-04-02 08:49:18,572 [INFO] IPUIPlugin:80 - create IPUIPlugin
2025-04-02 08:49:18,572 [INFO] IPUIPlugin:80 - create IPUIPlugin
2025-04-02 08:49:18,572 [INFO] IPUIPlugin:80 - create IPUIPlugin
2025-04-02 08:49:18,572 [INFO] IPUIPlugin:80 - create IPUIPlugin
2025-04-02 08:49:18,573 [INFO] IPUIPlugin:80 - create IPUIPlugin
2025-04-02 08:49:18,573 [INFO] IPUIPlugin:80 - create IPUIPlugin
2025-04-02 08:49:18,573 [INFO] IPUIPlugin:80 - create IPUIPlugin
2025-04-02 08:49:18,573 [INFO] IPUIPlugin:80 - create IPUIPlugin
2025-04-02 08:49:18,573 [INFO] IPUIPlugin:80 - create IPUIPlugin
2025-04-02 08:49:18,573 [INFO] IPUIPlugin:80 - create IPUIPlugin
2025-04-02 08:49:18,573 [INFO] IPUIPlugin:80 - create IPUIPlugin
2025-04-02 08:49:18,573 [INFO] IPUIPlugin:80 - create IPUIPlugin
2025-04-02 08:49:18,573 [INFO] IPUIPlugin:80 - create IPUIPlugin
2025-04-02 08:49:18,573 [INFO] IPUIPlugin:80 - create IPUIPlugin
2025-04-02 08:49:18,573 [INFO] IPUIPlugin:80 - create IPUIPlugin
2025-04-02 08:49:18,575 [INFO] IPUIPlugin:80 - create IPUIPlugin
2025-04-02 08:49:18,575 [INFO] IPUIPlugin:80 - create IPUIPlugin
2025-04-02 08:49:18,575 [INFO] IPUIPlugin:80 - create IPUIPlugin
2025-04-02 08:49:18,575 [INFO] IPUIPlugin:80 - create IPUIPlugin
2025-04-02 08:49:18,575 [INFO] IPUIPlugin:80 - create IPUIPlugin
2025-04-02 08:49:18,575 [INFO] IPUIPlugin:80 - create IPUIPlugin
2025-04-02 08:49:18,575 [INFO] IPUIPlugin:80 - create IPUIPlugin
2025-04-02 08:49:18,575 [INFO] IPUIPlugin:80 - create IPUIPlugin
2025-04-02 08:49:18,575 [INFO] IPUIPlugin:80 - create IPUIPlugin
2025-04-02 08:49:18,576 [INFO] IPUIPlugin:80 - create IPUIPlugin
2025-04-02 08:49:18,576 [INFO] IPUIPlugin:80 - create IPUIPlugin
2025-04-02 08:49:18,576 [INFO] IPUIPlugin:80 - create IPUIPlugin
2025-04-02 08:49:18,576 [INFO] IPUIPlugin:80 - create IPUIPlugin
2025-04-02 08:49:18,576 [INFO] IPUIPlugin:80 - create IPUIPlugin
2025-04-02 08:49:18,576 [INFO] IPUIPlugin:80 - create IPUIPlugin
2025-04-02 08:49:18,983 [INFO] CADModel:165 - CPN selected for project levelSTM32F303RET6
2025-04-02 08:49:18,984 [INFO] CADModel:114 - Register for checkConnection events
2025-04-02 08:49:19,081 [INFO] OpenFileManager:385 - Restore cursor
2025-04-02 08:49:19,102 [ERROR] LogOutputStream:75 - [STDERR_REDIRECT] [Fatal Error] :1:1: Premature end of file.
2025-04-02 08:49:19,102 [ERROR] LogOutputStream:75 - [STDERR_REDIRECT] 
2025-04-02 08:49:20,080 [ERROR] LogOutputStream:75 - [STDERR_REDIRECT] [Fatal Error] :1:1: Premature end of file.
2025-04-02 08:49:20,080 [ERROR] LogOutputStream:75 - [STDERR_REDIRECT] 
2025-04-02 08:49:21,127 [ERROR] LogOutputStream:75 - [STDERR_REDIRECT] [Fatal Error] :1:1: Premature end of file.
2025-04-02 08:49:21,127 [ERROR] LogOutputStream:75 - [STDERR_REDIRECT] 
2025-04-02 08:49:22,117 [ERROR] LogOutputStream:75 - [STDERR_REDIRECT] [Fatal Error] :1:1: Premature end of file.
2025-04-02 08:49:22,117 [ERROR] LogOutputStream:75 - [STDERR_REDIRECT] 
2025-04-02 08:49:23,101 [ERROR] LogOutputStream:75 - [STDERR_REDIRECT] [Fatal Error] :1:1: Premature end of file.
2025-04-02 08:49:23,101 [ERROR] LogOutputStream:75 - [STDERR_REDIRECT] 
2025-04-02 08:49:24,098 [ERROR] LogOutputStream:75 - [STDERR_REDIRECT] [Fatal Error] :1:1: Premature end of file.
2025-04-02 08:49:24,098 [ERROR] LogOutputStream:75 - [STDERR_REDIRECT] 
2025-04-02 08:49:25,090 [ERROR] LogOutputStream:75 - [STDERR_REDIRECT] [Fatal Error] :1:1: Premature end of file.
2025-04-02 08:49:25,090 [ERROR] LogOutputStream:75 - [STDERR_REDIRECT] 
2025-04-02 08:49:26,086 [ERROR] LogOutputStream:75 - [STDERR_REDIRECT] [Fatal Error] :1:1: Premature end of file.
2025-04-02 08:49:26,086 [ERROR] LogOutputStream:75 - [STDERR_REDIRECT] 
2025-04-02 08:49:27,095 [ERROR] LogOutputStream:75 - [STDERR_REDIRECT] [Fatal Error] :1:1: Premature end of file.
2025-04-02 08:49:27,096 [ERROR] LogOutputStream:75 - [STDERR_REDIRECT] 
2025-04-02 08:49:28,097 [ERROR] LogOutputStream:75 - [STDERR_REDIRECT] [Fatal Error] :1:1: Premature end of file.
2025-04-02 08:49:28,097 [ERROR] LogOutputStream:75 - [STDERR_REDIRECT] 
2025-04-02 08:49:29,095 [ERROR] LogOutputStream:75 - [STDERR_REDIRECT] [Fatal Error] :1:1: Premature end of file.
2025-04-02 08:49:29,095 [ERROR] LogOutputStream:75 - [STDERR_REDIRECT] 
2025-04-02 08:49:30,058 [ERROR] LogOutputStream:75 - [STDERR_REDIRECT] [Fatal Error] :1:1: Premature end of file.
2025-04-02 08:49:30,058 [ERROR] LogOutputStream:75 - [STDERR_REDIRECT] 
2025-04-02 08:49:31,092 [ERROR] LogOutputStream:75 - [STDERR_REDIRECT] [Fatal Error] :1:1: Premature end of file.
2025-04-02 08:49:31,092 [ERROR] LogOutputStream:75 - [STDERR_REDIRECT] 
2025-04-02 08:49:32,086 [ERROR] LogOutputStream:75 - [STDERR_REDIRECT] [Fatal Error] :1:1: Premature end of file.
2025-04-02 08:49:32,087 [ERROR] LogOutputStream:75 - [STDERR_REDIRECT] 
2025-04-02 08:49:33,088 [ERROR] LogOutputStream:75 - [STDERR_REDIRECT] [Fatal Error] :1:1: Premature end of file.
2025-04-02 08:49:33,089 [ERROR] LogOutputStream:75 - [STDERR_REDIRECT] 
2025-04-02 08:49:34,086 [ERROR] LogOutputStream:75 - [STDERR_REDIRECT] [Fatal Error] :1:1: Premature end of file.
2025-04-02 08:49:34,087 [ERROR] LogOutputStream:75 - [STDERR_REDIRECT] 
2025-04-02 08:49:35,096 [ERROR] LogOutputStream:75 - [STDERR_REDIRECT] [Fatal Error] :1:1: Premature end of file.
2025-04-02 08:49:35,097 [ERROR] LogOutputStream:75 - [STDERR_REDIRECT] 
2025-04-02 08:49:36,093 [ERROR] LogOutputStream:75 - [STDERR_REDIRECT] [Fatal Error] :1:1: Premature end of file.
2025-04-02 08:49:36,094 [ERROR] LogOutputStream:75 - [STDERR_REDIRECT] 
2025-04-02 08:49:37,120 [ERROR] LogOutputStream:75 - [STDERR_REDIRECT] [Fatal Error] :1:1: Premature end of file.
2025-04-02 08:49:37,120 [ERROR] LogOutputStream:75 - [STDERR_REDIRECT] 
2025-04-02 08:49:38,066 [ERROR] LogOutputStream:75 - [STDERR_REDIRECT] [Fatal Error] :1:1: Premature end of file.
2025-04-02 08:49:38,066 [ERROR] LogOutputStream:75 - [STDERR_REDIRECT] 
2025-04-02 08:49:39,110 [ERROR] LogOutputStream:75 - [STDERR_REDIRECT] [Fatal Error] :1:1: Premature end of file.
2025-04-02 08:49:39,110 [ERROR] LogOutputStream:75 - [STDERR_REDIRECT] 
2025-04-02 08:49:40,098 [ERROR] LogOutputStream:75 - [STDERR_REDIRECT] [Fatal Error] :1:1: Premature end of file.
2025-04-02 08:49:40,098 [ERROR] LogOutputStream:75 - [STDERR_REDIRECT] 
2025-04-02 08:49:41,079 [ERROR] LogOutputStream:75 - [STDERR_REDIRECT] [Fatal Error] :1:1: Premature end of file.
2025-04-02 08:49:41,079 [ERROR] LogOutputStream:75 - [STDERR_REDIRECT] 
2025-04-02 08:49:42,112 [ERROR] LogOutputStream:75 - [STDERR_REDIRECT] [Fatal Error] :1:1: Premature end of file.
2025-04-02 08:49:42,112 [ERROR] LogOutputStream:75 - [STDERR_REDIRECT] 
2025-04-02 08:49:43,104 [ERROR] LogOutputStream:75 - [STDERR_REDIRECT] [Fatal Error] :1:1: Premature end of file.
2025-04-02 08:49:43,104 [ERROR] LogOutputStream:75 - [STDERR_REDIRECT] 
2025-04-02 08:49:44,092 [ERROR] LogOutputStream:75 - [STDERR_REDIRECT] [Fatal Error] :1:1: Premature end of file.
2025-04-02 08:49:44,093 [ERROR] LogOutputStream:75 - [STDERR_REDIRECT] 
2025-04-02 08:49:45,090 [ERROR] LogOutputStream:75 - [STDERR_REDIRECT] [Fatal Error] :1:1: Premature end of file.
2025-04-02 08:49:45,090 [ERROR] LogOutputStream:75 - [STDERR_REDIRECT] 
2025-04-02 08:49:46,105 [ERROR] LogOutputStream:75 - [STDERR_REDIRECT] [Fatal Error] :1:1: Premature end of file.
2025-04-02 08:49:46,105 [ERROR] LogOutputStream:75 - [STDERR_REDIRECT] 
2025-04-02 08:49:47,093 [ERROR] LogOutputStream:75 - [STDERR_REDIRECT] [Fatal Error] :1:1: Premature end of file.
2025-04-02 08:49:47,093 [ERROR] LogOutputStream:75 - [STDERR_REDIRECT] 
2025-04-02 08:49:48,094 [ERROR] LogOutputStream:75 - [STDERR_REDIRECT] [Fatal Error] :1:1: Premature end of file.
2025-04-02 08:49:48,094 [ERROR] LogOutputStream:75 - [STDERR_REDIRECT] 
2025-04-02 08:49:49,101 [ERROR] LogOutputStream:75 - [STDERR_REDIRECT] [Fatal Error] :1:1: Premature end of file.
2025-04-02 08:49:49,102 [ERROR] LogOutputStream:75 - [STDERR_REDIRECT] 
2025-04-02 08:49:50,085 [ERROR] LogOutputStream:75 - [STDERR_REDIRECT] [Fatal Error] :1:1: Premature end of file.
2025-04-02 08:49:50,085 [ERROR] LogOutputStream:75 - [STDERR_REDIRECT] 
2025-04-02 08:49:51,088 [ERROR] LogOutputStream:75 - [STDERR_REDIRECT] [Fatal Error] :1:1: Premature end of file.
2025-04-02 08:49:51,088 [ERROR] LogOutputStream:75 - [STDERR_REDIRECT] 
2025-04-02 08:49:52,088 [ERROR] LogOutputStream:75 - [STDERR_REDIRECT] [Fatal Error] :1:1: Premature end of file.
2025-04-02 08:49:52,088 [ERROR] LogOutputStream:75 - [STDERR_REDIRECT] 
2025-04-02 08:49:53,076 [ERROR] LogOutputStream:75 - [STDERR_REDIRECT] [Fatal Error] :1:1: Premature end of file.
2025-04-02 08:49:53,076 [ERROR] LogOutputStream:75 - [STDERR_REDIRECT] 
2025-04-02 08:49:54,081 [ERROR] LogOutputStream:75 - [STDERR_REDIRECT] [Fatal Error] :1:1: Premature end of file.
2025-04-02 08:49:54,081 [ERROR] LogOutputStream:75 - [STDERR_REDIRECT] 
2025-04-02 08:49:55,085 [ERROR] LogOutputStream:75 - [STDERR_REDIRECT] [Fatal Error] :1:1: Premature end of file.
2025-04-02 08:49:55,085 [ERROR] LogOutputStream:75 - [STDERR_REDIRECT] 
2025-04-02 08:49:56,086 [ERROR] LogOutputStream:75 - [STDERR_REDIRECT] [Fatal Error] :1:1: Premature end of file.
2025-04-02 08:49:56,086 [ERROR] LogOutputStream:75 - [STDERR_REDIRECT] 
2025-04-02 08:49:57,088 [ERROR] LogOutputStream:75 - [STDERR_REDIRECT] [Fatal Error] :1:1: Premature end of file.
2025-04-02 08:49:57,088 [ERROR] LogOutputStream:75 - [STDERR_REDIRECT] 
2025-04-02 08:49:58,085 [ERROR] LogOutputStream:75 - [STDERR_REDIRECT] [Fatal Error] :1:1: Premature end of file.
2025-04-02 08:49:58,085 [ERROR] LogOutputStream:75 - [STDERR_REDIRECT] 
2025-04-02 08:49:59,077 [ERROR] LogOutputStream:75 - [STDERR_REDIRECT] [Fatal Error] :1:1: Premature end of file.
2025-04-02 08:49:59,077 [ERROR] LogOutputStream:75 - [STDERR_REDIRECT] 
2025-04-02 08:50:00,104 [ERROR] LogOutputStream:75 - [STDERR_REDIRECT] [Fatal Error] :1:1: Premature end of file.
2025-04-02 08:50:00,104 [ERROR] LogOutputStream:75 - [STDERR_REDIRECT] 
2025-04-02 08:50:01,096 [ERROR] LogOutputStream:75 - [STDERR_REDIRECT] [Fatal Error] :1:1: Premature end of file.
2025-04-02 08:50:01,097 [ERROR] LogOutputStream:75 - [STDERR_REDIRECT] 
2025-04-02 08:50:02,089 [ERROR] LogOutputStream:75 - [STDERR_REDIRECT] [Fatal Error] :1:1: Premature end of file.
2025-04-02 08:50:02,090 [ERROR] LogOutputStream:75 - [STDERR_REDIRECT] 
2025-04-02 08:50:03,073 [ERROR] LogOutputStream:75 - [STDERR_REDIRECT] [Fatal Error] :1:1: Premature end of file.
2025-04-02 08:50:03,074 [ERROR] LogOutputStream:75 - [STDERR_REDIRECT] 
2025-04-02 08:50:04,085 [ERROR] LogOutputStream:75 - [STDERR_REDIRECT] [Fatal Error] :1:1: Premature end of file.
2025-04-02 08:50:04,085 [ERROR] LogOutputStream:75 - [STDERR_REDIRECT] 
2025-04-02 08:50:05,088 [ERROR] LogOutputStream:75 - [STDERR_REDIRECT] [Fatal Error] :1:1: Premature end of file.
2025-04-02 08:50:05,088 [ERROR] LogOutputStream:75 - [STDERR_REDIRECT] 
2025-04-02 08:50:06,089 [ERROR] LogOutputStream:75 - [STDERR_REDIRECT] [Fatal Error] :1:1: Premature end of file.
2025-04-02 08:50:06,089 [ERROR] LogOutputStream:75 - [STDERR_REDIRECT] 
2025-04-02 08:50:07,091 [ERROR] LogOutputStream:75 - [STDERR_REDIRECT] [Fatal Error] :1:1: Premature end of file.
2025-04-02 08:50:07,091 [ERROR] LogOutputStream:75 - [STDERR_REDIRECT] 
2025-04-02 08:50:08,063 [ERROR] LogOutputStream:75 - [STDERR_REDIRECT] [Fatal Error] :1:1: Premature end of file.
2025-04-02 08:50:08,063 [ERROR] LogOutputStream:75 - [STDERR_REDIRECT] 
2025-04-02 08:50:09,086 [ERROR] LogOutputStream:75 - [STDERR_REDIRECT] [Fatal Error] :1:1: Premature end of file.
2025-04-02 08:50:09,086 [ERROR] LogOutputStream:75 - [STDERR_REDIRECT] 
2025-04-02 08:50:10,068 [ERROR] LogOutputStream:75 - [STDERR_REDIRECT] [Fatal Error] :1:1: Premature end of file.
2025-04-02 08:50:10,068 [ERROR] LogOutputStream:75 - [STDERR_REDIRECT] 
2025-04-02 08:50:11,069 [ERROR] LogOutputStream:75 - [STDERR_REDIRECT] [Fatal Error] :1:1: Premature end of file.
2025-04-02 08:50:11,069 [ERROR] LogOutputStream:75 - [STDERR_REDIRECT] 
2025-04-02 08:50:12,072 [ERROR] LogOutputStream:75 - [STDERR_REDIRECT] [Fatal Error] :1:1: Premature end of file.
2025-04-02 08:50:12,072 [ERROR] LogOutputStream:75 - [STDERR_REDIRECT] 
2025-04-02 08:50:13,059 [ERROR] LogOutputStream:75 - [STDERR_REDIRECT] [Fatal Error] :1:1: Premature end of file.
2025-04-02 08:50:13,059 [ERROR] LogOutputStream:75 - [STDERR_REDIRECT] 
2025-04-02 08:50:14,091 [ERROR] LogOutputStream:75 - [STDERR_REDIRECT] [Fatal Error] :1:1: Premature end of file.
2025-04-02 08:50:14,091 [ERROR] LogOutputStream:75 - [STDERR_REDIRECT] 
2025-04-02 08:50:15,093 [ERROR] LogOutputStream:75 - [STDERR_REDIRECT] [Fatal Error] :1:1: Premature end of file.
2025-04-02 08:50:15,093 [ERROR] LogOutputStream:75 - [STDERR_REDIRECT] 
2025-04-02 08:50:16,107 [ERROR] LogOutputStream:75 - [STDERR_REDIRECT] [Fatal Error] :1:1: Premature end of file.
2025-04-02 08:50:16,107 [ERROR] LogOutputStream:75 - [STDERR_REDIRECT] 
2025-04-02 08:50:17,130 [ERROR] LogOutputStream:75 - [STDERR_REDIRECT] [Fatal Error] :1:1: Premature end of file.
2025-04-02 08:50:17,130 [ERROR] LogOutputStream:75 - [STDERR_REDIRECT] 
2025-04-02 08:50:18,100 [ERROR] LogOutputStream:75 - [STDERR_REDIRECT] [Fatal Error] :1:1: Premature end of file.
2025-04-02 08:50:18,101 [ERROR] LogOutputStream:75 - [STDERR_REDIRECT] 
2025-04-02 08:50:19,082 [ERROR] LogOutputStream:75 - [STDERR_REDIRECT] [Fatal Error] :1:1: Premature end of file.
2025-04-02 08:50:19,082 [ERROR] LogOutputStream:75 - [STDERR_REDIRECT] 
2025-04-02 08:50:20,101 [ERROR] LogOutputStream:75 - [STDERR_REDIRECT] [Fatal Error] :1:1: Premature end of file.
2025-04-02 08:50:20,101 [ERROR] LogOutputStream:75 - [STDERR_REDIRECT] 
2025-04-02 08:50:21,094 [ERROR] LogOutputStream:75 - [STDERR_REDIRECT] [Fatal Error] :1:1: Premature end of file.
2025-04-02 08:50:21,095 [ERROR] LogOutputStream:75 - [STDERR_REDIRECT] 
2025-04-02 08:50:22,122 [ERROR] LogOutputStream:75 - [STDERR_REDIRECT] [Fatal Error] :1:1: Premature end of file.
2025-04-02 08:50:22,123 [ERROR] LogOutputStream:75 - [STDERR_REDIRECT] 
2025-04-02 08:50:23,117 [ERROR] LogOutputStream:75 - [STDERR_REDIRECT] [Fatal Error] :1:1: Premature end of file.
2025-04-02 08:50:23,117 [ERROR] LogOutputStream:75 - [STDERR_REDIRECT] 
2025-04-02 08:50:24,110 [ERROR] LogOutputStream:75 - [STDERR_REDIRECT] [Fatal Error] :1:1: Premature end of file.
2025-04-02 08:50:24,110 [ERROR] LogOutputStream:75 - [STDERR_REDIRECT] 
2025-04-02 08:50:25,109 [ERROR] LogOutputStream:75 - [STDERR_REDIRECT] [Fatal Error] :1:1: Premature end of file.
2025-04-02 08:50:25,109 [ERROR] LogOutputStream:75 - [STDERR_REDIRECT] 
2025-04-02 08:50:26,106 [ERROR] LogOutputStream:75 - [STDERR_REDIRECT] [Fatal Error] :1:1: Premature end of file.
2025-04-02 08:50:26,106 [ERROR] LogOutputStream:75 - [STDERR_REDIRECT] 
2025-04-02 08:50:27,100 [ERROR] LogOutputStream:75 - [STDERR_REDIRECT] [Fatal Error] :1:1: Premature end of file.
2025-04-02 08:50:27,100 [ERROR] LogOutputStream:75 - [STDERR_REDIRECT] 
2025-04-02 08:50:28,141 [ERROR] LogOutputStream:75 - [STDERR_REDIRECT] [Fatal Error] :1:1: Premature end of file.
2025-04-02 08:50:28,142 [ERROR] LogOutputStream:75 - [STDERR_REDIRECT] 
2025-04-02 08:50:29,097 [ERROR] LogOutputStream:75 - [STDERR_REDIRECT] [Fatal Error] :1:1: Premature end of file.
2025-04-02 08:50:29,097 [ERROR] LogOutputStream:75 - [STDERR_REDIRECT] 
2025-04-02 08:50:30,092 [ERROR] LogOutputStream:75 - [STDERR_REDIRECT] [Fatal Error] :1:1: Premature end of file.
2025-04-02 08:50:30,093 [ERROR] LogOutputStream:75 - [STDERR_REDIRECT] 
2025-04-02 08:50:31,083 [ERROR] LogOutputStream:75 - [STDERR_REDIRECT] [Fatal Error] :1:1: Premature end of file.
2025-04-02 08:50:31,084 [ERROR] LogOutputStream:75 - [STDERR_REDIRECT] 
2025-04-02 08:50:32,093 [ERROR] LogOutputStream:75 - [STDERR_REDIRECT] [Fatal Error] :1:1: Premature end of file.
2025-04-02 08:50:32,094 [ERROR] LogOutputStream:75 - [STDERR_REDIRECT] 
2025-04-02 08:50:33,108 [ERROR] LogOutputStream:75 - [STDERR_REDIRECT] [Fatal Error] :1:1: Premature end of file.
2025-04-02 08:50:33,108 [ERROR] LogOutputStream:75 - [STDERR_REDIRECT] 
2025-04-02 08:50:34,100 [ERROR] LogOutputStream:75 - [STDERR_REDIRECT] [Fatal Error] :1:1: Premature end of file.
2025-04-02 08:50:34,100 [ERROR] LogOutputStream:75 - [STDERR_REDIRECT] 
2025-04-02 08:50:35,092 [ERROR] LogOutputStream:75 - [STDERR_REDIRECT] [Fatal Error] :1:1: Premature end of file.
2025-04-02 08:50:35,092 [ERROR] LogOutputStream:75 - [STDERR_REDIRECT] 
2025-04-02 08:50:36,099 [ERROR] LogOutputStream:75 - [STDERR_REDIRECT] [Fatal Error] :1:1: Premature end of file.
2025-04-02 08:50:36,099 [ERROR] LogOutputStream:75 - [STDERR_REDIRECT] 
2025-04-02 08:50:37,111 [ERROR] LogOutputStream:75 - [STDERR_REDIRECT] [Fatal Error] :1:1: Premature end of file.
2025-04-02 08:50:37,111 [ERROR] LogOutputStream:75 - [STDERR_REDIRECT] 
2025-04-02 08:50:38,095 [ERROR] LogOutputStream:75 - [STDERR_REDIRECT] [Fatal Error] :1:1: Premature end of file.
2025-04-02 08:50:38,095 [ERROR] LogOutputStream:75 - [STDERR_REDIRECT] 
2025-04-02 08:50:39,079 [ERROR] LogOutputStream:75 - [STDERR_REDIRECT] [Fatal Error] :1:1: Premature end of file.
2025-04-02 08:50:39,080 [ERROR] LogOutputStream:75 - [STDERR_REDIRECT] 
2025-04-02 08:50:40,100 [ERROR] LogOutputStream:75 - [STDERR_REDIRECT] [Fatal Error] :1:1: Premature end of file.
2025-04-02 08:50:40,101 [ERROR] LogOutputStream:75 - [STDERR_REDIRECT] 
2025-04-02 08:50:41,087 [ERROR] LogOutputStream:75 - [STDERR_REDIRECT] [Fatal Error] :1:1: Premature end of file.
2025-04-02 08:50:41,087 [ERROR] LogOutputStream:75 - [STDERR_REDIRECT] 
2025-04-02 08:50:42,099 [ERROR] LogOutputStream:75 - [STDERR_REDIRECT] [Fatal Error] :1:1: Premature end of file.
2025-04-02 08:50:42,099 [ERROR] LogOutputStream:75 - [STDERR_REDIRECT] 
2025-04-02 08:50:43,101 [ERROR] LogOutputStream:75 - [STDERR_REDIRECT] [Fatal Error] :1:1: Premature end of file.
2025-04-02 08:50:43,102 [ERROR] LogOutputStream:75 - [STDERR_REDIRECT] 
2025-04-02 08:50:44,099 [ERROR] LogOutputStream:75 - [STDERR_REDIRECT] [Fatal Error] :1:1: Premature end of file.
2025-04-02 08:50:44,100 [ERROR] LogOutputStream:75 - [STDERR_REDIRECT] 
2025-04-02 08:50:45,086 [ERROR] LogOutputStream:75 - [STDERR_REDIRECT] [Fatal Error] :1:1: Premature end of file.
2025-04-02 08:50:45,087 [ERROR] LogOutputStream:75 - [STDERR_REDIRECT] 
2025-04-02 08:50:46,100 [ERROR] LogOutputStream:75 - [STDERR_REDIRECT] [Fatal Error] :1:1: Premature end of file.
2025-04-02 08:50:46,101 [ERROR] LogOutputStream:75 - [STDERR_REDIRECT] 
2025-04-02 08:50:47,102 [ERROR] LogOutputStream:75 - [STDERR_REDIRECT] [Fatal Error] :1:1: Premature end of file.
2025-04-02 08:50:47,102 [ERROR] LogOutputStream:75 - [STDERR_REDIRECT] 
2025-04-02 08:50:48,093 [ERROR] LogOutputStream:75 - [STDERR_REDIRECT] [Fatal Error] :1:1: Premature end of file.
2025-04-02 08:50:48,093 [ERROR] LogOutputStream:75 - [STDERR_REDIRECT] 
2025-04-02 08:50:49,115 [ERROR] LogOutputStream:75 - [STDERR_REDIRECT] [Fatal Error] :1:1: Premature end of file.
2025-04-02 08:50:49,115 [ERROR] LogOutputStream:75 - [STDERR_REDIRECT] 
2025-04-02 08:50:50,066 [ERROR] LogOutputStream:75 - [STDERR_REDIRECT] [Fatal Error] :1:1: Premature end of file.
2025-04-02 08:50:50,066 [ERROR] LogOutputStream:75 - [STDERR_REDIRECT] 
2025-04-02 08:50:51,113 [ERROR] LogOutputStream:75 - [STDERR_REDIRECT] [Fatal Error] :1:1: Premature end of file.
2025-04-02 08:50:51,114 [ERROR] LogOutputStream:75 - [STDERR_REDIRECT] 
2025-04-02 08:50:52,099 [ERROR] LogOutputStream:75 - [STDERR_REDIRECT] [Fatal Error] :1:1: Premature end of file.
2025-04-02 08:50:52,100 [ERROR] LogOutputStream:75 - [STDERR_REDIRECT] 
2025-04-02 08:50:53,097 [ERROR] LogOutputStream:75 - [STDERR_REDIRECT] [Fatal Error] :1:1: Premature end of file.
2025-04-02 08:50:53,097 [ERROR] LogOutputStream:75 - [STDERR_REDIRECT] 
2025-04-02 08:50:54,096 [ERROR] LogOutputStream:75 - [STDERR_REDIRECT] [Fatal Error] :1:1: Premature end of file.
2025-04-02 08:50:54,097 [ERROR] LogOutputStream:75 - [STDERR_REDIRECT] 
2025-04-02 08:50:55,107 [ERROR] LogOutputStream:75 - [STDERR_REDIRECT] [Fatal Error] :1:1: Premature end of file.
2025-04-02 08:50:55,107 [ERROR] LogOutputStream:75 - [STDERR_REDIRECT] 
2025-04-02 08:50:56,100 [ERROR] LogOutputStream:75 - [STDERR_REDIRECT] [Fatal Error] :1:1: Premature end of file.
2025-04-02 08:50:56,100 [ERROR] LogOutputStream:75 - [STDERR_REDIRECT] 
2025-04-02 08:50:57,103 [ERROR] LogOutputStream:75 - [STDERR_REDIRECT] [Fatal Error] :1:1: Premature end of file.
2025-04-02 08:50:57,104 [ERROR] LogOutputStream:75 - [STDERR_REDIRECT] 
2025-04-02 08:50:58,102 [ERROR] LogOutputStream:75 - [STDERR_REDIRECT] [Fatal Error] :1:1: Premature end of file.
2025-04-02 08:50:58,103 [ERROR] LogOutputStream:75 - [STDERR_REDIRECT] 
2025-04-02 08:50:59,111 [ERROR] LogOutputStream:75 - [STDERR_REDIRECT] [Fatal Error] :1:1: Premature end of file.
2025-04-02 08:50:59,111 [ERROR] LogOutputStream:75 - [STDERR_REDIRECT] 
2025-04-02 08:51:00,114 [ERROR] LogOutputStream:75 - [STDERR_REDIRECT] [Fatal Error] :1:1: Premature end of file.
2025-04-02 08:51:00,115 [ERROR] LogOutputStream:75 - [STDERR_REDIRECT] 
2025-04-02 08:51:01,106 [ERROR] LogOutputStream:75 - [STDERR_REDIRECT] [Fatal Error] :1:1: Premature end of file.
2025-04-02 08:51:01,106 [ERROR] LogOutputStream:75 - [STDERR_REDIRECT] 
2025-04-02 08:51:02,107 [ERROR] LogOutputStream:75 - [STDERR_REDIRECT] [Fatal Error] :1:1: Premature end of file.
2025-04-02 08:51:02,107 [ERROR] LogOutputStream:75 - [STDERR_REDIRECT] 
2025-04-02 08:51:03,107 [ERROR] LogOutputStream:75 - [STDERR_REDIRECT] [Fatal Error] :1:1: Premature end of file.
2025-04-02 08:51:03,108 [ERROR] LogOutputStream:75 - [STDERR_REDIRECT] 
2025-04-02 08:51:04,099 [ERROR] LogOutputStream:75 - [STDERR_REDIRECT] [Fatal Error] :1:1: Premature end of file.
2025-04-02 08:51:04,099 [ERROR] LogOutputStream:75 - [STDERR_REDIRECT] 
2025-04-02 08:51:05,089 [ERROR] LogOutputStream:75 - [STDERR_REDIRECT] [Fatal Error] :1:1: Premature end of file.
2025-04-02 08:51:05,090 [ERROR] LogOutputStream:75 - [STDERR_REDIRECT] 
2025-04-02 08:51:06,089 [ERROR] LogOutputStream:75 - [STDERR_REDIRECT] [Fatal Error] :1:1: Premature end of file.
2025-04-02 08:51:06,090 [ERROR] LogOutputStream:75 - [STDERR_REDIRECT] 
2025-04-02 08:51:07,104 [ERROR] LogOutputStream:75 - [STDERR_REDIRECT] [Fatal Error] :1:1: Premature end of file.
2025-04-02 08:51:07,104 [ERROR] LogOutputStream:75 - [STDERR_REDIRECT] 
2025-04-02 08:51:08,096 [ERROR] LogOutputStream:75 - [STDERR_REDIRECT] [Fatal Error] :1:1: Premature end of file.
2025-04-02 08:51:08,096 [ERROR] LogOutputStream:75 - [STDERR_REDIRECT] 
2025-04-02 08:51:09,098 [ERROR] LogOutputStream:75 - [STDERR_REDIRECT] [Fatal Error] :1:1: Premature end of file.
2025-04-02 08:51:09,098 [ERROR] LogOutputStream:75 - [STDERR_REDIRECT] 
2025-04-02 08:51:10,084 [ERROR] LogOutputStream:75 - [STDERR_REDIRECT] [Fatal Error] :1:1: Premature end of file.
2025-04-02 08:51:10,085 [ERROR] LogOutputStream:75 - [STDERR_REDIRECT] 
2025-04-02 08:51:11,098 [ERROR] LogOutputStream:75 - [STDERR_REDIRECT] [Fatal Error] :1:1: Premature end of file.
2025-04-02 08:51:11,098 [ERROR] LogOutputStream:75 - [STDERR_REDIRECT] 
2025-04-02 08:51:12,103 [ERROR] LogOutputStream:75 - [STDERR_REDIRECT] [Fatal Error] :1:1: Premature end of file.
2025-04-02 08:51:12,104 [ERROR] LogOutputStream:75 - [STDERR_REDIRECT] 
2025-04-02 08:51:13,109 [ERROR] LogOutputStream:75 - [STDERR_REDIRECT] [Fatal Error] :1:1: Premature end of file.
2025-04-02 08:51:13,109 [ERROR] LogOutputStream:75 - [STDERR_REDIRECT] 
2025-04-02 08:51:14,098 [ERROR] LogOutputStream:75 - [STDERR_REDIRECT] [Fatal Error] :1:1: Premature end of file.
2025-04-02 08:51:14,099 [ERROR] LogOutputStream:75 - [STDERR_REDIRECT] 
2025-04-02 08:51:15,096 [ERROR] LogOutputStream:75 - [STDERR_REDIRECT] [Fatal Error] :1:1: Premature end of file.
2025-04-02 08:51:15,096 [ERROR] LogOutputStream:75 - [STDERR_REDIRECT] 
2025-04-02 08:51:16,092 [ERROR] LogOutputStream:75 - [STDERR_REDIRECT] [Fatal Error] :1:1: Premature end of file.
2025-04-02 08:51:16,093 [ERROR] LogOutputStream:75 - [STDERR_REDIRECT] 
2025-04-02 08:51:17,093 [ERROR] LogOutputStream:75 - [STDERR_REDIRECT] [Fatal Error] :1:1: Premature end of file.
2025-04-02 08:51:17,093 [ERROR] LogOutputStream:75 - [STDERR_REDIRECT] 
2025-04-02 08:51:18,091 [ERROR] LogOutputStream:75 - [STDERR_REDIRECT] [Fatal Error] :1:1: Premature end of file.
2025-04-02 08:51:18,092 [ERROR] LogOutputStream:75 - [STDERR_REDIRECT] 
2025-04-02 08:51:19,093 [ERROR] LogOutputStream:75 - [STDERR_REDIRECT] [Fatal Error] :1:1: Premature end of file.
2025-04-02 08:51:19,093 [ERROR] LogOutputStream:75 - [STDERR_REDIRECT] 
2025-04-02 08:51:20,108 [ERROR] LogOutputStream:75 - [STDERR_REDIRECT] [Fatal Error] :1:1: Premature end of file.
2025-04-02 08:51:20,108 [ERROR] LogOutputStream:75 - [STDERR_REDIRECT] 
2025-04-02 08:51:21,103 [ERROR] LogOutputStream:75 - [STDERR_REDIRECT] [Fatal Error] :1:1: Premature end of file.
2025-04-02 08:51:21,103 [ERROR] LogOutputStream:75 - [STDERR_REDIRECT] 
2025-04-02 08:51:22,088 [ERROR] LogOutputStream:75 - [STDERR_REDIRECT] [Fatal Error] :1:1: Premature end of file.
2025-04-02 08:51:22,088 [ERROR] LogOutputStream:75 - [STDERR_REDIRECT] 
2025-04-02 08:51:23,121 [ERROR] LogOutputStream:75 - [STDERR_REDIRECT] [Fatal Error] :1:1: Premature end of file.
2025-04-02 08:51:23,121 [ERROR] LogOutputStream:75 - [STDERR_REDIRECT] 
2025-04-02 08:51:24,100 [ERROR] LogOutputStream:75 - [STDERR_REDIRECT] [Fatal Error] :1:1: Premature end of file.
2025-04-02 08:51:24,100 [ERROR] LogOutputStream:75 - [STDERR_REDIRECT] 
2025-04-02 08:51:25,084 [ERROR] LogOutputStream:75 - [STDERR_REDIRECT] [Fatal Error] :1:1: Premature end of file.
2025-04-02 08:51:25,084 [ERROR] LogOutputStream:75 - [STDERR_REDIRECT] 
2025-04-02 08:51:26,088 [ERROR] LogOutputStream:75 - [STDERR_REDIRECT] [Fatal Error] :1:1: Premature end of file.
2025-04-02 08:51:26,088 [ERROR] LogOutputStream:75 - [STDERR_REDIRECT] 
2025-04-02 08:51:27,084 [ERROR] LogOutputStream:75 - [STDERR_REDIRECT] [Fatal Error] :1:1: Premature end of file.
2025-04-02 08:51:27,084 [ERROR] LogOutputStream:75 - [STDERR_REDIRECT] 
2025-04-02 08:51:28,104 [ERROR] LogOutputStream:75 - [STDERR_REDIRECT] [Fatal Error] :1:1: Premature end of file.
2025-04-02 08:51:28,105 [ERROR] LogOutputStream:75 - [STDERR_REDIRECT] 
2025-04-02 08:51:29,103 [ERROR] LogOutputStream:75 - [STDERR_REDIRECT] [Fatal Error] :1:1: Premature end of file.
2025-04-02 08:51:29,103 [ERROR] LogOutputStream:75 - [STDERR_REDIRECT] 
2025-04-02 08:51:30,073 [ERROR] LogOutputStream:75 - [STDERR_REDIRECT] [Fatal Error] :1:1: Premature end of file.
2025-04-02 08:51:30,073 [ERROR] LogOutputStream:75 - [STDERR_REDIRECT] 
2025-04-02 08:51:31,090 [ERROR] LogOutputStream:75 - [STDERR_REDIRECT] [Fatal Error] :1:1: Premature end of file.
2025-04-02 08:51:31,090 [ERROR] LogOutputStream:75 - [STDERR_REDIRECT] 
2025-04-02 08:51:32,105 [ERROR] LogOutputStream:75 - [STDERR_REDIRECT] [Fatal Error] :1:1: Premature end of file.
2025-04-02 08:51:32,105 [ERROR] LogOutputStream:75 - [STDERR_REDIRECT] 
2025-04-02 08:51:33,105 [ERROR] LogOutputStream:75 - [STDERR_REDIRECT] [Fatal Error] :1:1: Premature end of file.
2025-04-02 08:51:33,105 [ERROR] LogOutputStream:75 - [STDERR_REDIRECT] 
2025-04-02 08:51:34,100 [ERROR] LogOutputStream:75 - [STDERR_REDIRECT] [Fatal Error] :1:1: Premature end of file.
2025-04-02 08:51:34,100 [ERROR] LogOutputStream:75 - [STDERR_REDIRECT] 
2025-04-02 08:51:35,091 [ERROR] LogOutputStream:75 - [STDERR_REDIRECT] [Fatal Error] :1:1: Premature end of file.
2025-04-02 08:51:35,092 [ERROR] LogOutputStream:75 - [STDERR_REDIRECT] 
2025-04-02 08:51:36,090 [ERROR] LogOutputStream:75 - [STDERR_REDIRECT] [Fatal Error] :1:1: Premature end of file.
2025-04-02 08:51:36,090 [ERROR] LogOutputStream:75 - [STDERR_REDIRECT] 
2025-04-02 08:51:37,091 [ERROR] LogOutputStream:75 - [STDERR_REDIRECT] [Fatal Error] :1:1: Premature end of file.
2025-04-02 08:51:37,091 [ERROR] LogOutputStream:75 - [STDERR_REDIRECT] 
2025-04-02 08:51:38,077 [ERROR] LogOutputStream:75 - [STDERR_REDIRECT] [Fatal Error] :1:1: Premature end of file.
2025-04-02 08:51:38,077 [ERROR] LogOutputStream:75 - [STDERR_REDIRECT] 
2025-04-02 08:51:39,102 [ERROR] LogOutputStream:75 - [STDERR_REDIRECT] [Fatal Error] :1:1: Premature end of file.
2025-04-02 08:51:39,103 [ERROR] LogOutputStream:75 - [STDERR_REDIRECT] 
2025-04-02 08:51:40,085 [ERROR] LogOutputStream:75 - [STDERR_REDIRECT] [Fatal Error] :1:1: Premature end of file.
2025-04-02 08:51:40,085 [ERROR] LogOutputStream:75 - [STDERR_REDIRECT] 
2025-04-02 08:51:41,098 [ERROR] LogOutputStream:75 - [STDERR_REDIRECT] [Fatal Error] :1:1: Premature end of file.
2025-04-02 08:51:41,099 [ERROR] LogOutputStream:75 - [STDERR_REDIRECT] 
2025-04-02 08:51:42,101 [ERROR] LogOutputStream:75 - [STDERR_REDIRECT] [Fatal Error] :1:1: Premature end of file.
2025-04-02 08:51:42,101 [ERROR] LogOutputStream:75 - [STDERR_REDIRECT] 
2025-04-02 08:51:43,106 [ERROR] LogOutputStream:75 - [STDERR_REDIRECT] [Fatal Error] :1:1: Premature end of file.
2025-04-02 08:51:43,107 [ERROR] LogOutputStream:75 - [STDERR_REDIRECT] 
2025-04-02 08:51:44,076 [ERROR] LogOutputStream:75 - [STDERR_REDIRECT] [Fatal Error] :1:1: Premature end of file.
2025-04-02 08:51:44,076 [ERROR] LogOutputStream:75 - [STDERR_REDIRECT] 
2025-04-02 08:51:45,095 [ERROR] LogOutputStream:75 - [STDERR_REDIRECT] [Fatal Error] :1:1: Premature end of file.
2025-04-02 08:51:45,096 [ERROR] LogOutputStream:75 - [STDERR_REDIRECT] 
2025-04-02 08:51:46,107 [ERROR] LogOutputStream:75 - [STDERR_REDIRECT] [Fatal Error] :1:1: Premature end of file.
2025-04-02 08:51:46,107 [ERROR] LogOutputStream:75 - [STDERR_REDIRECT] 
2025-04-02 08:51:47,095 [ERROR] LogOutputStream:75 - [STDERR_REDIRECT] [Fatal Error] :1:1: Premature end of file.
2025-04-02 08:51:47,096 [ERROR] LogOutputStream:75 - [STDERR_REDIRECT] 
2025-04-02 08:51:48,110 [ERROR] LogOutputStream:75 - [STDERR_REDIRECT] [Fatal Error] :1:1: Premature end of file.
2025-04-02 08:51:48,110 [ERROR] LogOutputStream:75 - [STDERR_REDIRECT] 
2025-04-02 08:51:49,091 [ERROR] LogOutputStream:75 - [STDERR_REDIRECT] [Fatal Error] :1:1: Premature end of file.
2025-04-02 08:51:49,091 [ERROR] LogOutputStream:75 - [STDERR_REDIRECT] 
2025-04-02 08:51:50,071 [ERROR] LogOutputStream:75 - [STDERR_REDIRECT] [Fatal Error] :1:1: Premature end of file.
2025-04-02 08:51:50,071 [ERROR] LogOutputStream:75 - [STDERR_REDIRECT] 
2025-04-02 08:51:51,091 [ERROR] LogOutputStream:75 - [STDERR_REDIRECT] [Fatal Error] :1:1: Premature end of file.
2025-04-02 08:51:51,092 [ERROR] LogOutputStream:75 - [STDERR_REDIRECT] 
2025-04-02 08:51:52,096 [ERROR] LogOutputStream:75 - [STDERR_REDIRECT] [Fatal Error] :1:1: Premature end of file.
2025-04-02 08:51:52,097 [ERROR] LogOutputStream:75 - [STDERR_REDIRECT] 
2025-04-02 08:51:53,092 [ERROR] LogOutputStream:75 - [STDERR_REDIRECT] [Fatal Error] :1:1: Premature end of file.
2025-04-02 08:51:53,092 [ERROR] LogOutputStream:75 - [STDERR_REDIRECT] 
2025-04-02 08:51:54,110 [ERROR] LogOutputStream:75 - [STDERR_REDIRECT] [Fatal Error] :1:1: Premature end of file.
2025-04-02 08:51:54,110 [ERROR] LogOutputStream:75 - [STDERR_REDIRECT] 
2025-04-02 08:51:55,093 [ERROR] LogOutputStream:75 - [STDERR_REDIRECT] [Fatal Error] :1:1: Premature end of file.
2025-04-02 08:51:55,093 [ERROR] LogOutputStream:75 - [STDERR_REDIRECT] 
2025-04-02 08:51:56,095 [ERROR] LogOutputStream:75 - [STDERR_REDIRECT] [Fatal Error] :1:1: Premature end of file.
2025-04-02 08:51:56,095 [ERROR] LogOutputStream:75 - [STDERR_REDIRECT] 
2025-04-02 08:51:57,091 [ERROR] LogOutputStream:75 - [STDERR_REDIRECT] [Fatal Error] :1:1: Premature end of file.
2025-04-02 08:51:57,091 [ERROR] LogOutputStream:75 - [STDERR_REDIRECT] 
2025-04-02 08:51:58,086 [ERROR] LogOutputStream:75 - [STDERR_REDIRECT] [Fatal Error] :1:1: Premature end of file.
2025-04-02 08:51:58,087 [ERROR] LogOutputStream:75 - [STDERR_REDIRECT] 
2025-04-02 08:51:59,090 [ERROR] LogOutputStream:75 - [STDERR_REDIRECT] [Fatal Error] :1:1: Premature end of file.
2025-04-02 08:51:59,090 [ERROR] LogOutputStream:75 - [STDERR_REDIRECT] 
2025-04-02 08:52:00,101 [ERROR] LogOutputStream:75 - [STDERR_REDIRECT] [Fatal Error] :1:1: Premature end of file.
2025-04-02 08:52:00,102 [ERROR] LogOutputStream:75 - [STDERR_REDIRECT] 
2025-04-02 08:52:01,095 [ERROR] LogOutputStream:75 - [STDERR_REDIRECT] [Fatal Error] :1:1: Premature end of file.
2025-04-02 08:52:01,095 [ERROR] LogOutputStream:75 - [STDERR_REDIRECT] 
2025-04-02 08:52:02,096 [ERROR] LogOutputStream:75 - [STDERR_REDIRECT] [Fatal Error] :1:1: Premature end of file.
2025-04-02 08:52:02,096 [ERROR] LogOutputStream:75 - [STDERR_REDIRECT] 
2025-04-02 08:52:03,090 [ERROR] LogOutputStream:75 - [STDERR_REDIRECT] [Fatal Error] :1:1: Premature end of file.
2025-04-02 08:52:03,090 [ERROR] LogOutputStream:75 - [STDERR_REDIRECT] 
2025-04-02 08:52:04,098 [ERROR] LogOutputStream:75 - [STDERR_REDIRECT] [Fatal Error] :1:1: Premature end of file.
2025-04-02 08:52:04,098 [ERROR] LogOutputStream:75 - [STDERR_REDIRECT] 
2025-04-02 08:52:05,095 [ERROR] LogOutputStream:75 - [STDERR_REDIRECT] [Fatal Error] :1:1: Premature end of file.
2025-04-02 08:52:05,096 [ERROR] LogOutputStream:75 - [STDERR_REDIRECT] 
2025-04-02 08:52:06,088 [ERROR] LogOutputStream:75 - [STDERR_REDIRECT] [Fatal Error] :1:1: Premature end of file.
2025-04-02 08:52:06,088 [ERROR] LogOutputStream:75 - [STDERR_REDIRECT] 
2025-04-02 08:52:07,126 [ERROR] LogOutputStream:75 - [STDERR_REDIRECT] [Fatal Error] :1:1: Premature end of file.
2025-04-02 08:52:07,126 [ERROR] LogOutputStream:75 - [STDERR_REDIRECT] 
2025-04-02 08:52:08,099 [ERROR] LogOutputStream:75 - [STDERR_REDIRECT] [Fatal Error] :1:1: Premature end of file.
2025-04-02 08:52:08,099 [ERROR] LogOutputStream:75 - [STDERR_REDIRECT] 
2025-04-02 08:52:09,087 [ERROR] LogOutputStream:75 - [STDERR_REDIRECT] [Fatal Error] :1:1: Premature end of file.
2025-04-02 08:52:09,088 [ERROR] LogOutputStream:75 - [STDERR_REDIRECT] 
2025-04-02 08:52:10,094 [ERROR] LogOutputStream:75 - [STDERR_REDIRECT] [Fatal Error] :1:1: Premature end of file.
2025-04-02 08:52:10,094 [ERROR] LogOutputStream:75 - [STDERR_REDIRECT] 
2025-04-02 08:52:11,097 [ERROR] LogOutputStream:75 - [STDERR_REDIRECT] [Fatal Error] :1:1: Premature end of file.
2025-04-02 08:52:11,097 [ERROR] LogOutputStream:75 - [STDERR_REDIRECT] 
2025-04-02 08:52:12,106 [ERROR] LogOutputStream:75 - [STDERR_REDIRECT] [Fatal Error] :1:1: Premature end of file.
2025-04-02 08:52:12,106 [ERROR] LogOutputStream:75 - [STDERR_REDIRECT] 
2025-04-02 08:52:13,110 [ERROR] LogOutputStream:75 - [STDERR_REDIRECT] [Fatal Error] :1:1: Premature end of file.
2025-04-02 08:52:13,110 [ERROR] LogOutputStream:75 - [STDERR_REDIRECT] 
2025-04-02 08:52:14,107 [ERROR] LogOutputStream:75 - [STDERR_REDIRECT] [Fatal Error] :1:1: Premature end of file.
2025-04-02 08:52:14,107 [ERROR] LogOutputStream:75 - [STDERR_REDIRECT] 
2025-04-02 08:52:15,109 [ERROR] LogOutputStream:75 - [STDERR_REDIRECT] [Fatal Error] :1:1: Premature end of file.
2025-04-02 08:52:15,110 [ERROR] LogOutputStream:75 - [STDERR_REDIRECT] 
2025-04-02 08:52:16,094 [ERROR] LogOutputStream:75 - [STDERR_REDIRECT] [Fatal Error] :1:1: Premature end of file.
2025-04-02 08:52:16,094 [ERROR] LogOutputStream:75 - [STDERR_REDIRECT] 
2025-04-02 08:52:17,107 [ERROR] LogOutputStream:75 - [STDERR_REDIRECT] [Fatal Error] :1:1: Premature end of file.
2025-04-02 08:52:17,107 [ERROR] LogOutputStream:75 - [STDERR_REDIRECT] 
2025-04-02 08:52:18,103 [ERROR] LogOutputStream:75 - [STDERR_REDIRECT] [Fatal Error] :1:1: Premature end of file.
2025-04-02 08:52:18,103 [ERROR] LogOutputStream:75 - [STDERR_REDIRECT] 
2025-04-02 08:52:19,107 [ERROR] LogOutputStream:75 - [STDERR_REDIRECT] [Fatal Error] :1:1: Premature end of file.
2025-04-02 08:52:19,107 [ERROR] LogOutputStream:75 - [STDERR_REDIRECT] 
2025-04-02 08:52:20,107 [ERROR] LogOutputStream:75 - [STDERR_REDIRECT] [Fatal Error] :1:1: Premature end of file.
2025-04-02 08:52:20,107 [ERROR] LogOutputStream:75 - [STDERR_REDIRECT] 
2025-04-02 08:52:21,106 [ERROR] LogOutputStream:75 - [STDERR_REDIRECT] [Fatal Error] :1:1: Premature end of file.
2025-04-02 08:52:21,107 [ERROR] LogOutputStream:75 - [STDERR_REDIRECT] 
2025-04-02 08:52:22,104 [ERROR] LogOutputStream:75 - [STDERR_REDIRECT] [Fatal Error] :1:1: Premature end of file.
2025-04-02 08:52:22,104 [ERROR] LogOutputStream:75 - [STDERR_REDIRECT] 
2025-04-02 08:52:23,101 [ERROR] LogOutputStream:75 - [STDERR_REDIRECT] [Fatal Error] :1:1: Premature end of file.
2025-04-02 08:52:23,101 [ERROR] LogOutputStream:75 - [STDERR_REDIRECT] 
2025-04-02 08:52:24,099 [ERROR] LogOutputStream:75 - [STDERR_REDIRECT] [Fatal Error] :1:1: Premature end of file.
2025-04-02 08:52:24,100 [ERROR] LogOutputStream:75 - [STDERR_REDIRECT] 
2025-04-02 08:52:25,094 [ERROR] LogOutputStream:75 - [STDERR_REDIRECT] [Fatal Error] :1:1: Premature end of file.
2025-04-02 08:52:25,094 [ERROR] LogOutputStream:75 - [STDERR_REDIRECT] 
2025-04-02 08:52:26,106 [ERROR] LogOutputStream:75 - [STDERR_REDIRECT] [Fatal Error] :1:1: Premature end of file.
2025-04-02 08:52:26,106 [ERROR] LogOutputStream:75 - [STDERR_REDIRECT] 
2025-04-02 08:52:27,102 [ERROR] LogOutputStream:75 - [STDERR_REDIRECT] [Fatal Error] :1:1: Premature end of file.
2025-04-02 08:52:27,102 [ERROR] LogOutputStream:75 - [STDERR_REDIRECT] 
2025-04-02 08:52:28,120 [ERROR] LogOutputStream:75 - [STDERR_REDIRECT] [Fatal Error] :1:1: Premature end of file.
2025-04-02 08:52:28,120 [ERROR] LogOutputStream:75 - [STDERR_REDIRECT] 
2025-04-02 08:52:29,088 [ERROR] LogOutputStream:75 - [STDERR_REDIRECT] [Fatal Error] :1:1: Premature end of file.
2025-04-02 08:52:29,089 [ERROR] LogOutputStream:75 - [STDERR_REDIRECT] 
2025-04-02 08:52:30,091 [ERROR] LogOutputStream:75 - [STDERR_REDIRECT] [Fatal Error] :1:1: Premature end of file.
2025-04-02 08:52:30,091 [ERROR] LogOutputStream:75 - [STDERR_REDIRECT] 
2025-04-02 08:52:31,091 [ERROR] LogOutputStream:75 - [STDERR_REDIRECT] [Fatal Error] :1:1: Premature end of file.
2025-04-02 08:52:31,092 [ERROR] LogOutputStream:75 - [STDERR_REDIRECT] 
2025-04-02 08:52:32,108 [ERROR] LogOutputStream:75 - [STDERR_REDIRECT] [Fatal Error] :1:1: Premature end of file.
2025-04-02 08:52:32,108 [ERROR] LogOutputStream:75 - [STDERR_REDIRECT] 
2025-04-02 08:52:33,105 [ERROR] LogOutputStream:75 - [STDERR_REDIRECT] [Fatal Error] :1:1: Premature end of file.
2025-04-02 08:52:33,106 [ERROR] LogOutputStream:75 - [STDERR_REDIRECT] 
2025-04-02 08:52:34,104 [ERROR] LogOutputStream:75 - [STDERR_REDIRECT] [Fatal Error] :1:1: Premature end of file.
2025-04-02 08:52:34,104 [ERROR] LogOutputStream:75 - [STDERR_REDIRECT] 
2025-04-02 08:52:35,110 [ERROR] LogOutputStream:75 - [STDERR_REDIRECT] [Fatal Error] :1:1: Premature end of file.
2025-04-02 08:52:35,110 [ERROR] LogOutputStream:75 - [STDERR_REDIRECT] 
2025-04-02 08:52:36,103 [ERROR] LogOutputStream:75 - [STDERR_REDIRECT] [Fatal Error] :1:1: Premature end of file.
2025-04-02 08:52:36,103 [ERROR] LogOutputStream:75 - [STDERR_REDIRECT] 
2025-04-02 08:52:37,102 [ERROR] LogOutputStream:75 - [STDERR_REDIRECT] [Fatal Error] :1:1: Premature end of file.
2025-04-02 08:52:37,103 [ERROR] LogOutputStream:75 - [STDERR_REDIRECT] 
2025-04-02 08:52:38,100 [ERROR] LogOutputStream:75 - [STDERR_REDIRECT] [Fatal Error] :1:1: Premature end of file.
2025-04-02 08:52:38,101 [ERROR] LogOutputStream:75 - [STDERR_REDIRECT] 
2025-04-02 08:52:39,095 [ERROR] LogOutputStream:75 - [STDERR_REDIRECT] [Fatal Error] :1:1: Premature end of file.
2025-04-02 08:52:39,095 [ERROR] LogOutputStream:75 - [STDERR_REDIRECT] 
2025-04-02 08:52:40,105 [ERROR] LogOutputStream:75 - [STDERR_REDIRECT] [Fatal Error] :1:1: Premature end of file.
2025-04-02 08:52:40,106 [ERROR] LogOutputStream:75 - [STDERR_REDIRECT] 
2025-04-02 08:52:41,113 [ERROR] LogOutputStream:75 - [STDERR_REDIRECT] [Fatal Error] :1:1: Premature end of file.
2025-04-02 08:52:41,114 [ERROR] LogOutputStream:75 - [STDERR_REDIRECT] 
2025-04-02 08:52:42,092 [ERROR] LogOutputStream:75 - [STDERR_REDIRECT] [Fatal Error] :1:1: Premature end of file.
2025-04-02 08:52:42,092 [ERROR] LogOutputStream:75 - [STDERR_REDIRECT] 
2025-04-02 08:52:43,103 [ERROR] LogOutputStream:75 - [STDERR_REDIRECT] [Fatal Error] :1:1: Premature end of file.
2025-04-02 08:52:43,103 [ERROR] LogOutputStream:75 - [STDERR_REDIRECT] 
2025-04-02 08:52:44,107 [ERROR] LogOutputStream:75 - [STDERR_REDIRECT] [Fatal Error] :1:1: Premature end of file.
2025-04-02 08:52:44,108 [ERROR] LogOutputStream:75 - [STDERR_REDIRECT] 
2025-04-02 08:52:45,108 [ERROR] LogOutputStream:75 - [STDERR_REDIRECT] [Fatal Error] :1:1: Premature end of file.
2025-04-02 08:52:45,109 [ERROR] LogOutputStream:75 - [STDERR_REDIRECT] 
2025-04-02 08:52:46,098 [ERROR] LogOutputStream:75 - [STDERR_REDIRECT] [Fatal Error] :1:1: Premature end of file.
2025-04-02 08:52:46,099 [ERROR] LogOutputStream:75 - [STDERR_REDIRECT] 
2025-04-02 08:52:47,112 [ERROR] LogOutputStream:75 - [STDERR_REDIRECT] [Fatal Error] :1:1: Premature end of file.
2025-04-02 08:52:47,113 [ERROR] LogOutputStream:75 - [STDERR_REDIRECT] 
2025-04-02 08:52:48,105 [ERROR] LogOutputStream:75 - [STDERR_REDIRECT] [Fatal Error] :1:1: Premature end of file.
2025-04-02 08:52:48,105 [ERROR] LogOutputStream:75 - [STDERR_REDIRECT] 
2025-04-02 08:52:49,119 [ERROR] LogOutputStream:75 - [STDERR_REDIRECT] [Fatal Error] :1:1: Premature end of file.
2025-04-02 08:52:49,119 [ERROR] LogOutputStream:75 - [STDERR_REDIRECT] 
2025-04-02 08:52:50,104 [ERROR] LogOutputStream:75 - [STDERR_REDIRECT] [Fatal Error] :1:1: Premature end of file.
2025-04-02 08:52:50,104 [ERROR] LogOutputStream:75 - [STDERR_REDIRECT] 
2025-04-02 08:52:51,094 [ERROR] LogOutputStream:75 - [STDERR_REDIRECT] [Fatal Error] :1:1: Premature end of file.
2025-04-02 08:52:51,094 [ERROR] LogOutputStream:75 - [STDERR_REDIRECT] 
2025-04-02 08:52:52,104 [ERROR] LogOutputStream:75 - [STDERR_REDIRECT] [Fatal Error] :1:1: Premature end of file.
2025-04-02 08:52:52,104 [ERROR] LogOutputStream:75 - [STDERR_REDIRECT] 
2025-04-02 08:52:53,095 [ERROR] LogOutputStream:75 - [STDERR_REDIRECT] [Fatal Error] :1:1: Premature end of file.
2025-04-02 08:52:53,095 [ERROR] LogOutputStream:75 - [STDERR_REDIRECT] 
2025-04-02 08:52:54,109 [ERROR] LogOutputStream:75 - [STDERR_REDIRECT] [Fatal Error] :1:1: Premature end of file.
2025-04-02 08:52:54,110 [ERROR] LogOutputStream:75 - [STDERR_REDIRECT] 
2025-04-02 08:52:55,108 [ERROR] LogOutputStream:75 - [STDERR_REDIRECT] [Fatal Error] :1:1: Premature end of file.
2025-04-02 08:52:55,108 [ERROR] LogOutputStream:75 - [STDERR_REDIRECT] 
2025-04-02 08:52:56,094 [ERROR] LogOutputStream:75 - [STDERR_REDIRECT] [Fatal Error] :1:1: Premature end of file.
2025-04-02 08:52:56,094 [ERROR] LogOutputStream:75 - [STDERR_REDIRECT] 
2025-04-02 08:52:57,089 [ERROR] LogOutputStream:75 - [STDERR_REDIRECT] [Fatal Error] :1:1: Premature end of file.
2025-04-02 08:52:57,089 [ERROR] LogOutputStream:75 - [STDERR_REDIRECT] 
2025-04-02 08:52:58,080 [ERROR] LogOutputStream:75 - [STDERR_REDIRECT] [Fatal Error] :1:1: Premature end of file.
2025-04-02 08:52:58,080 [ERROR] LogOutputStream:75 - [STDERR_REDIRECT] 
2025-04-02 08:52:59,114 [ERROR] LogOutputStream:75 - [STDERR_REDIRECT] [Fatal Error] :1:1: Premature end of file.
2025-04-02 08:52:59,115 [ERROR] LogOutputStream:75 - [STDERR_REDIRECT] 
2025-04-02 08:53:00,097 [ERROR] LogOutputStream:75 - [STDERR_REDIRECT] [Fatal Error] :1:1: Premature end of file.
2025-04-02 08:53:00,098 [ERROR] LogOutputStream:75 - [STDERR_REDIRECT] 
2025-04-02 08:53:01,092 [ERROR] LogOutputStream:75 - [STDERR_REDIRECT] [Fatal Error] :1:1: Premature end of file.
2025-04-02 08:53:01,092 [ERROR] LogOutputStream:75 - [STDERR_REDIRECT] 
2025-04-02 08:53:02,110 [ERROR] LogOutputStream:75 - [STDERR_REDIRECT] [Fatal Error] :1:1: Premature end of file.
2025-04-02 08:53:02,110 [ERROR] LogOutputStream:75 - [STDERR_REDIRECT] 
2025-04-02 08:53:03,087 [ERROR] LogOutputStream:75 - [STDERR_REDIRECT] [Fatal Error] :1:1: Premature end of file.
2025-04-02 08:53:03,087 [ERROR] LogOutputStream:75 - [STDERR_REDIRECT] 
2025-04-02 08:53:04,103 [ERROR] LogOutputStream:75 - [STDERR_REDIRECT] [Fatal Error] :1:1: Premature end of file.
2025-04-02 08:53:04,103 [ERROR] LogOutputStream:75 - [STDERR_REDIRECT] 
2025-04-02 08:53:05,103 [ERROR] LogOutputStream:75 - [STDERR_REDIRECT] [Fatal Error] :1:1: Premature end of file.
2025-04-02 08:53:05,103 [ERROR] LogOutputStream:75 - [STDERR_REDIRECT] 
2025-04-02 08:53:06,082 [ERROR] LogOutputStream:75 - [STDERR_REDIRECT] [Fatal Error] :1:1: Premature end of file.
2025-04-02 08:53:06,082 [ERROR] LogOutputStream:75 - [STDERR_REDIRECT] 
2025-04-02 08:53:07,112 [ERROR] LogOutputStream:75 - [STDERR_REDIRECT] [Fatal Error] :1:1: Premature end of file.
2025-04-02 08:53:07,113 [ERROR] LogOutputStream:75 - [STDERR_REDIRECT] 
2025-04-02 08:53:08,091 [ERROR] LogOutputStream:75 - [STDERR_REDIRECT] [Fatal Error] :1:1: Premature end of file.
2025-04-02 08:53:08,091 [ERROR] LogOutputStream:75 - [STDERR_REDIRECT] 
2025-04-02 08:53:09,084 [ERROR] LogOutputStream:75 - [STDERR_REDIRECT] [Fatal Error] :1:1: Premature end of file.
2025-04-02 08:53:09,084 [ERROR] LogOutputStream:75 - [STDERR_REDIRECT] 
2025-04-02 08:53:10,111 [ERROR] LogOutputStream:75 - [STDERR_REDIRECT] [Fatal Error] :1:1: Premature end of file.
2025-04-02 08:53:10,112 [ERROR] LogOutputStream:75 - [STDERR_REDIRECT] 
2025-04-02 08:53:11,104 [ERROR] LogOutputStream:75 - [STDERR_REDIRECT] [Fatal Error] :1:1: Premature end of file.
2025-04-02 08:53:11,104 [ERROR] LogOutputStream:75 - [STDERR_REDIRECT] 
2025-04-02 08:53:12,102 [ERROR] LogOutputStream:75 - [STDERR_REDIRECT] [Fatal Error] :1:1: Premature end of file.
2025-04-02 08:53:12,102 [ERROR] LogOutputStream:75 - [STDERR_REDIRECT] 
2025-04-02 08:53:13,099 [ERROR] LogOutputStream:75 - [STDERR_REDIRECT] [Fatal Error] :1:1: Premature end of file.
2025-04-02 08:53:13,099 [ERROR] LogOutputStream:75 - [STDERR_REDIRECT] 
2025-04-02 08:53:14,092 [ERROR] LogOutputStream:75 - [STDERR_REDIRECT] [Fatal Error] :1:1: Premature end of file.
2025-04-02 08:53:14,092 [ERROR] LogOutputStream:75 - [STDERR_REDIRECT] 
2025-04-02 08:53:15,106 [ERROR] LogOutputStream:75 - [STDERR_REDIRECT] [Fatal Error] :1:1: Premature end of file.
2025-04-02 08:53:15,106 [ERROR] LogOutputStream:75 - [STDERR_REDIRECT] 
2025-04-02 08:53:16,104 [ERROR] LogOutputStream:75 - [STDERR_REDIRECT] [Fatal Error] :1:1: Premature end of file.
2025-04-02 08:53:16,104 [ERROR] LogOutputStream:75 - [STDERR_REDIRECT] 
2025-04-02 08:53:17,105 [ERROR] LogOutputStream:75 - [STDERR_REDIRECT] [Fatal Error] :1:1: Premature end of file.
2025-04-02 08:53:17,105 [ERROR] LogOutputStream:75 - [STDERR_REDIRECT] 
2025-04-02 08:53:18,094 [ERROR] LogOutputStream:75 - [STDERR_REDIRECT] [Fatal Error] :1:1: Premature end of file.
2025-04-02 08:53:18,096 [ERROR] LogOutputStream:75 - [STDERR_REDIRECT] 
2025-04-02 08:53:19,130 [ERROR] LogOutputStream:75 - [STDERR_REDIRECT] [Fatal Error] :1:1: Premature end of file.
2025-04-02 08:53:19,130 [ERROR] LogOutputStream:75 - [STDERR_REDIRECT] 
2025-04-02 08:53:20,079 [ERROR] LogOutputStream:75 - [STDERR_REDIRECT] [Fatal Error] :1:1: Premature end of file.
2025-04-02 08:53:20,079 [ERROR] LogOutputStream:75 - [STDERR_REDIRECT] 
2025-04-02 08:53:21,097 [ERROR] LogOutputStream:75 - [STDERR_REDIRECT] [Fatal Error] :1:1: Premature end of file.
2025-04-02 08:53:21,098 [ERROR] LogOutputStream:75 - [STDERR_REDIRECT] 
2025-04-02 08:53:22,108 [ERROR] LogOutputStream:75 - [STDERR_REDIRECT] [Fatal Error] :1:1: Premature end of file.
2025-04-02 08:53:22,108 [ERROR] LogOutputStream:75 - [STDERR_REDIRECT] 
2025-04-02 08:53:23,100 [ERROR] LogOutputStream:75 - [STDERR_REDIRECT] [Fatal Error] :1:1: Premature end of file.
2025-04-02 08:53:23,101 [ERROR] LogOutputStream:75 - [STDERR_REDIRECT] 
2025-04-02 08:53:24,126 [ERROR] LogOutputStream:75 - [STDERR_REDIRECT] [Fatal Error] :1:1: Premature end of file.
2025-04-02 08:53:24,127 [ERROR] LogOutputStream:75 - [STDERR_REDIRECT] 
2025-04-02 08:53:25,098 [ERROR] LogOutputStream:75 - [STDERR_REDIRECT] [Fatal Error] :1:1: Premature end of file.
2025-04-02 08:53:25,099 [ERROR] LogOutputStream:75 - [STDERR_REDIRECT] 
2025-04-02 08:53:26,098 [ERROR] LogOutputStream:75 - [STDERR_REDIRECT] [Fatal Error] :1:1: Premature end of file.
2025-04-02 08:53:26,099 [ERROR] LogOutputStream:75 - [STDERR_REDIRECT] 
2025-04-02 08:53:27,102 [ERROR] LogOutputStream:75 - [STDERR_REDIRECT] [Fatal Error] :1:1: Premature end of file.
2025-04-02 08:53:27,102 [ERROR] LogOutputStream:75 - [STDERR_REDIRECT] 
2025-04-02 08:53:28,092 [ERROR] LogOutputStream:75 - [STDERR_REDIRECT] [Fatal Error] :1:1: Premature end of file.
2025-04-02 08:53:28,092 [ERROR] LogOutputStream:75 - [STDERR_REDIRECT] 
2025-04-02 08:53:29,097 [ERROR] LogOutputStream:75 - [STDERR_REDIRECT] [Fatal Error] :1:1: Premature end of file.
2025-04-02 08:53:29,097 [ERROR] LogOutputStream:75 - [STDERR_REDIRECT] 
2025-04-02 08:53:30,091 [ERROR] LogOutputStream:75 - [STDERR_REDIRECT] [Fatal Error] :1:1: Premature end of file.
2025-04-02 08:53:30,091 [ERROR] LogOutputStream:75 - [STDERR_REDIRECT] 
2025-04-02 08:53:31,120 [ERROR] LogOutputStream:75 - [STDERR_REDIRECT] [Fatal Error] :1:1: Premature end of file.
2025-04-02 08:53:31,120 [ERROR] LogOutputStream:75 - [STDERR_REDIRECT] 
2025-04-02 08:53:32,110 [ERROR] LogOutputStream:75 - [STDERR_REDIRECT] [Fatal Error] :1:1: Premature end of file.
2025-04-02 08:53:32,110 [ERROR] LogOutputStream:75 - [STDERR_REDIRECT] 
2025-04-02 08:53:33,094 [ERROR] LogOutputStream:75 - [STDERR_REDIRECT] [Fatal Error] :1:1: Premature end of file.
2025-04-02 08:53:33,094 [ERROR] LogOutputStream:75 - [STDERR_REDIRECT] 
2025-04-02 08:53:34,085 [ERROR] LogOutputStream:75 - [STDERR_REDIRECT] [Fatal Error] :1:1: Premature end of file.
2025-04-02 08:53:34,086 [ERROR] LogOutputStream:75 - [STDERR_REDIRECT] 
2025-04-02 08:53:35,079 [ERROR] LogOutputStream:75 - [STDERR_REDIRECT] [Fatal Error] :1:1: Premature end of file.
2025-04-02 08:53:35,079 [ERROR] LogOutputStream:75 - [STDERR_REDIRECT] 
2025-04-02 08:53:36,083 [ERROR] LogOutputStream:75 - [STDERR_REDIRECT] [Fatal Error] :1:1: Premature end of file.
2025-04-02 08:53:36,083 [ERROR] LogOutputStream:75 - [STDERR_REDIRECT] 
2025-04-02 08:53:37,107 [ERROR] LogOutputStream:75 - [STDERR_REDIRECT] [Fatal Error] :1:1: Premature end of file.
2025-04-02 08:53:37,107 [ERROR] LogOutputStream:75 - [STDERR_REDIRECT] 
2025-04-02 08:53:38,087 [ERROR] LogOutputStream:75 - [STDERR_REDIRECT] [Fatal Error] :1:1: Premature end of file.
2025-04-02 08:53:38,088 [ERROR] LogOutputStream:75 - [STDERR_REDIRECT] 
2025-04-02 08:53:39,084 [ERROR] LogOutputStream:75 - [STDERR_REDIRECT] [Fatal Error] :1:1: Premature end of file.
2025-04-02 08:53:39,085 [ERROR] LogOutputStream:75 - [STDERR_REDIRECT] 
2025-04-02 08:53:40,083 [ERROR] LogOutputStream:75 - [STDERR_REDIRECT] [Fatal Error] :1:1: Premature end of file.
2025-04-02 08:53:40,083 [ERROR] LogOutputStream:75 - [STDERR_REDIRECT] 
2025-04-02 08:53:41,072 [ERROR] LogOutputStream:75 - [STDERR_REDIRECT] [Fatal Error] :1:1: Premature end of file.
2025-04-02 08:53:41,072 [ERROR] LogOutputStream:75 - [STDERR_REDIRECT] 
2025-04-02 08:53:42,092 [ERROR] LogOutputStream:75 - [STDERR_REDIRECT] [Fatal Error] :1:1: Premature end of file.
2025-04-02 08:53:42,092 [ERROR] LogOutputStream:75 - [STDERR_REDIRECT] 
2025-04-02 08:53:43,074 [ERROR] LogOutputStream:75 - [STDERR_REDIRECT] [Fatal Error] :1:1: Premature end of file.
2025-04-02 08:53:43,074 [ERROR] LogOutputStream:75 - [STDERR_REDIRECT] 
2025-04-02 08:53:44,100 [ERROR] LogOutputStream:75 - [STDERR_REDIRECT] [Fatal Error] :1:1: Premature end of file.
2025-04-02 08:53:44,100 [ERROR] LogOutputStream:75 - [STDERR_REDIRECT] 
2025-04-02 08:53:45,094 [ERROR] LogOutputStream:75 - [STDERR_REDIRECT] [Fatal Error] :1:1: Premature end of file.
2025-04-02 08:53:45,094 [ERROR] LogOutputStream:75 - [STDERR_REDIRECT] 
2025-04-02 08:53:46,092 [ERROR] LogOutputStream:75 - [STDERR_REDIRECT] [Fatal Error] :1:1: Premature end of file.
2025-04-02 08:53:46,092 [ERROR] LogOutputStream:75 - [STDERR_REDIRECT] 
2025-04-02 08:53:47,074 [ERROR] LogOutputStream:75 - [STDERR_REDIRECT] [Fatal Error] :1:1: Premature end of file.
2025-04-02 08:53:47,074 [ERROR] LogOutputStream:75 - [STDERR_REDIRECT] 
2025-04-02 08:53:48,100 [ERROR] LogOutputStream:75 - [STDERR_REDIRECT] [Fatal Error] :1:1: Premature end of file.
2025-04-02 08:53:48,100 [ERROR] LogOutputStream:75 - [STDERR_REDIRECT] 
2025-04-02 08:53:49,091 [ERROR] LogOutputStream:75 - [STDERR_REDIRECT] [Fatal Error] :1:1: Premature end of file.
2025-04-02 08:53:49,091 [ERROR] LogOutputStream:75 - [STDERR_REDIRECT] 
2025-04-02 08:53:50,100 [ERROR] LogOutputStream:75 - [STDERR_REDIRECT] [Fatal Error] :1:1: Premature end of file.
2025-04-02 08:53:50,100 [ERROR] LogOutputStream:75 - [STDERR_REDIRECT] 
2025-04-02 08:53:51,089 [ERROR] LogOutputStream:75 - [STDERR_REDIRECT] [Fatal Error] :1:1: Premature end of file.
2025-04-02 08:53:51,090 [ERROR] LogOutputStream:75 - [STDERR_REDIRECT] 
2025-04-02 08:53:52,116 [ERROR] LogOutputStream:75 - [STDERR_REDIRECT] [Fatal Error] :1:1: Premature end of file.
2025-04-02 08:53:52,116 [ERROR] LogOutputStream:75 - [STDERR_REDIRECT] 
2025-04-02 08:53:53,078 [ERROR] LogOutputStream:75 - [STDERR_REDIRECT] [Fatal Error] :1:1: Premature end of file.
2025-04-02 08:53:53,078 [ERROR] LogOutputStream:75 - [STDERR_REDIRECT] 
2025-04-02 08:53:54,089 [ERROR] LogOutputStream:75 - [STDERR_REDIRECT] [Fatal Error] :1:1: Premature end of file.
2025-04-02 08:53:54,090 [ERROR] LogOutputStream:75 - [STDERR_REDIRECT] 
2025-04-02 08:53:55,090 [ERROR] LogOutputStream:75 - [STDERR_REDIRECT] [Fatal Error] :1:1: Premature end of file.
2025-04-02 08:53:55,090 [ERROR] LogOutputStream:75 - [STDERR_REDIRECT] 
2025-04-02 08:53:56,078 [ERROR] LogOutputStream:75 - [STDERR_REDIRECT] [Fatal Error] :1:1: Premature end of file.
2025-04-02 08:53:56,078 [ERROR] LogOutputStream:75 - [STDERR_REDIRECT] 
2025-04-02 08:53:57,083 [ERROR] LogOutputStream:75 - [STDERR_REDIRECT] [Fatal Error] :1:1: Premature end of file.
2025-04-02 08:53:57,084 [ERROR] LogOutputStream:75 - [STDERR_REDIRECT] 
2025-04-02 08:53:58,083 [ERROR] LogOutputStream:75 - [STDERR_REDIRECT] [Fatal Error] :1:1: Premature end of file.
2025-04-02 08:53:58,083 [ERROR] LogOutputStream:75 - [STDERR_REDIRECT] 
2025-04-02 08:53:59,088 [ERROR] LogOutputStream:75 - [STDERR_REDIRECT] [Fatal Error] :1:1: Premature end of file.
2025-04-02 08:53:59,088 [ERROR] LogOutputStream:75 - [STDERR_REDIRECT] 
2025-04-02 08:54:00,093 [ERROR] LogOutputStream:75 - [STDERR_REDIRECT] [Fatal Error] :1:1: Premature end of file.
2025-04-02 08:54:00,094 [ERROR] LogOutputStream:75 - [STDERR_REDIRECT] 
2025-04-02 08:54:01,087 [ERROR] LogOutputStream:75 - [STDERR_REDIRECT] [Fatal Error] :1:1: Premature end of file.
2025-04-02 08:54:01,087 [ERROR] LogOutputStream:75 - [STDERR_REDIRECT] 
2025-04-02 08:54:02,089 [ERROR] LogOutputStream:75 - [STDERR_REDIRECT] [Fatal Error] :1:1: Premature end of file.
2025-04-02 08:54:02,090 [ERROR] LogOutputStream:75 - [STDERR_REDIRECT] 
2025-04-02 08:54:03,095 [ERROR] LogOutputStream:75 - [STDERR_REDIRECT] [Fatal Error] :1:1: Premature end of file.
2025-04-02 08:54:03,095 [ERROR] LogOutputStream:75 - [STDERR_REDIRECT] 
2025-04-02 08:54:04,085 [ERROR] LogOutputStream:75 - [STDERR_REDIRECT] [Fatal Error] :1:1: Premature end of file.
2025-04-02 08:54:04,086 [ERROR] LogOutputStream:75 - [STDERR_REDIRECT] 
2025-04-02 08:54:05,108 [ERROR] LogOutputStream:75 - [STDERR_REDIRECT] [Fatal Error] :1:1: Premature end of file.
2025-04-02 08:54:05,109 [ERROR] LogOutputStream:75 - [STDERR_REDIRECT] 
2025-04-02 08:54:06,085 [ERROR] LogOutputStream:75 - [STDERR_REDIRECT] [Fatal Error] :1:1: Premature end of file.
2025-04-02 08:54:06,085 [ERROR] LogOutputStream:75 - [STDERR_REDIRECT] 
2025-04-02 08:54:07,111 [ERROR] LogOutputStream:75 - [STDERR_REDIRECT] [Fatal Error] :1:1: Premature end of file.
2025-04-02 08:54:07,112 [ERROR] LogOutputStream:75 - [STDERR_REDIRECT] 
2025-04-02 08:54:08,129 [ERROR] LogOutputStream:75 - [STDERR_REDIRECT] [Fatal Error] :1:1: Premature end of file.
2025-04-02 08:54:08,129 [ERROR] LogOutputStream:75 - [STDERR_REDIRECT] 
2025-04-02 08:54:09,114 [ERROR] LogOutputStream:75 - [STDERR_REDIRECT] [Fatal Error] :1:1: Premature end of file.
2025-04-02 08:54:09,115 [ERROR] LogOutputStream:75 - [STDERR_REDIRECT] 
2025-04-02 08:54:10,108 [ERROR] LogOutputStream:75 - [STDERR_REDIRECT] [Fatal Error] :1:1: Premature end of file.
2025-04-02 08:54:10,108 [ERROR] LogOutputStream:75 - [STDERR_REDIRECT] 
2025-04-02 08:54:11,089 [ERROR] LogOutputStream:75 - [STDERR_REDIRECT] [Fatal Error] :1:1: Premature end of file.
2025-04-02 08:54:11,089 [ERROR] LogOutputStream:75 - [STDERR_REDIRECT] 
2025-04-02 08:54:12,093 [ERROR] LogOutputStream:75 - [STDERR_REDIRECT] [Fatal Error] :1:1: Premature end of file.
2025-04-02 08:54:12,093 [ERROR] LogOutputStream:75 - [STDERR_REDIRECT] 
2025-04-02 08:54:13,113 [ERROR] LogOutputStream:75 - [STDERR_REDIRECT] [Fatal Error] :1:1: Premature end of file.
2025-04-02 08:54:13,113 [ERROR] LogOutputStream:75 - [STDERR_REDIRECT] 
2025-04-02 08:54:14,083 [ERROR] LogOutputStream:75 - [STDERR_REDIRECT] [Fatal Error] :1:1: Premature end of file.
2025-04-02 08:54:14,084 [ERROR] LogOutputStream:75 - [STDERR_REDIRECT] 
2025-04-02 08:54:15,091 [ERROR] LogOutputStream:75 - [STDERR_REDIRECT] [Fatal Error] :1:1: Premature end of file.
2025-04-02 08:54:15,091 [ERROR] LogOutputStream:75 - [STDERR_REDIRECT] 
2025-04-02 08:54:16,134 [ERROR] LogOutputStream:75 - [STDERR_REDIRECT] [Fatal Error] :1:1: Premature end of file.
2025-04-02 08:54:16,134 [ERROR] LogOutputStream:75 - [STDERR_REDIRECT] 
2025-04-02 08:54:17,113 [ERROR] LogOutputStream:75 - [STDERR_REDIRECT] [Fatal Error] :1:1: Premature end of file.
2025-04-02 08:54:17,113 [ERROR] LogOutputStream:75 - [STDERR_REDIRECT] 
2025-04-02 08:54:18,120 [ERROR] LogOutputStream:75 - [STDERR_REDIRECT] [Fatal Error] :1:1: Premature end of file.
2025-04-02 08:54:18,120 [ERROR] LogOutputStream:75 - [STDERR_REDIRECT] 
2025-04-02 08:54:19,110 [ERROR] LogOutputStream:75 - [STDERR_REDIRECT] [Fatal Error] :1:1: Premature end of file.
2025-04-02 08:54:19,111 [ERROR] LogOutputStream:75 - [STDERR_REDIRECT] 
2025-04-02 08:54:20,102 [ERROR] LogOutputStream:75 - [STDERR_REDIRECT] [Fatal Error] :1:1: Premature end of file.
2025-04-02 08:54:20,103 [ERROR] LogOutputStream:75 - [STDERR_REDIRECT] 
2025-04-02 08:54:21,131 [ERROR] LogOutputStream:75 - [STDERR_REDIRECT] [Fatal Error] :1:1: Premature end of file.
2025-04-02 08:54:21,133 [ERROR] LogOutputStream:75 - [STDERR_REDIRECT] 
2025-04-02 08:54:22,105 [ERROR] LogOutputStream:75 - [STDERR_REDIRECT] [Fatal Error] :1:1: Premature end of file.
2025-04-02 08:54:22,105 [ERROR] LogOutputStream:75 - [STDERR_REDIRECT] 
2025-04-02 08:54:23,115 [ERROR] LogOutputStream:75 - [STDERR_REDIRECT] [Fatal Error] :1:1: Premature end of file.
2025-04-02 08:54:23,116 [ERROR] LogOutputStream:75 - [STDERR_REDIRECT] 
2025-04-02 08:54:24,113 [ERROR] LogOutputStream:75 - [STDERR_REDIRECT] [Fatal Error] :1:1: Premature end of file.
2025-04-02 08:54:24,113 [ERROR] LogOutputStream:75 - [STDERR_REDIRECT] 
2025-04-02 08:54:25,113 [ERROR] LogOutputStream:75 - [STDERR_REDIRECT] [Fatal Error] :1:1: Premature end of file.
2025-04-02 08:54:25,113 [ERROR] LogOutputStream:75 - [STDERR_REDIRECT] 
2025-04-02 08:54:26,106 [ERROR] LogOutputStream:75 - [STDERR_REDIRECT] [Fatal Error] :1:1: Premature end of file.
2025-04-02 08:54:26,106 [ERROR] LogOutputStream:75 - [STDERR_REDIRECT] 
2025-04-02 08:54:27,111 [ERROR] LogOutputStream:75 - [STDERR_REDIRECT] [Fatal Error] :1:1: Premature end of file.
2025-04-02 08:54:27,111 [ERROR] LogOutputStream:75 - [STDERR_REDIRECT] 
2025-04-02 08:54:28,140 [ERROR] LogOutputStream:75 - [STDERR_REDIRECT] [Fatal Error] :1:1: Premature end of file.
2025-04-02 08:54:28,140 [ERROR] LogOutputStream:75 - [STDERR_REDIRECT] 
2025-04-02 08:54:29,150 [ERROR] LogOutputStream:75 - [STDERR_REDIRECT] [Fatal Error] :1:1: Premature end of file.
2025-04-02 08:54:29,150 [ERROR] LogOutputStream:75 - [STDERR_REDIRECT] 
2025-04-02 08:54:30,093 [ERROR] LogOutputStream:75 - [STDERR_REDIRECT] [Fatal Error] :1:1: Premature end of file.
2025-04-02 08:54:30,093 [ERROR] LogOutputStream:75 - [STDERR_REDIRECT] 
2025-04-02 08:54:31,102 [ERROR] LogOutputStream:75 - [STDERR_REDIRECT] [Fatal Error] :1:1: Premature end of file.
2025-04-02 08:54:31,103 [ERROR] LogOutputStream:75 - [STDERR_REDIRECT] 
2025-04-02 08:54:32,103 [ERROR] LogOutputStream:75 - [STDERR_REDIRECT] [Fatal Error] :1:1: Premature end of file.
2025-04-02 08:54:32,103 [ERROR] LogOutputStream:75 - [STDERR_REDIRECT] 
2025-04-02 08:54:33,110 [ERROR] LogOutputStream:75 - [STDERR_REDIRECT] [Fatal Error] :1:1: Premature end of file.
2025-04-02 08:54:33,110 [ERROR] LogOutputStream:75 - [STDERR_REDIRECT] 
2025-04-02 08:54:34,093 [ERROR] LogOutputStream:75 - [STDERR_REDIRECT] [Fatal Error] :1:1: Premature end of file.
2025-04-02 08:54:34,094 [ERROR] LogOutputStream:75 - [STDERR_REDIRECT] 
2025-04-02 08:54:35,108 [ERROR] LogOutputStream:75 - [STDERR_REDIRECT] [Fatal Error] :1:1: Premature end of file.
2025-04-02 08:54:35,108 [ERROR] LogOutputStream:75 - [STDERR_REDIRECT] 
2025-04-02 08:54:36,100 [ERROR] LogOutputStream:75 - [STDERR_REDIRECT] [Fatal Error] :1:1: Premature end of file.
2025-04-02 08:54:36,101 [ERROR] LogOutputStream:75 - [STDERR_REDIRECT] 
2025-04-02 08:54:37,084 [ERROR] LogOutputStream:75 - [STDERR_REDIRECT] [Fatal Error] :1:1: Premature end of file.
2025-04-02 08:54:37,084 [ERROR] LogOutputStream:75 - [STDERR_REDIRECT] 
2025-04-02 08:54:38,104 [ERROR] LogOutputStream:75 - [STDERR_REDIRECT] [Fatal Error] :1:1: Premature end of file.
2025-04-02 08:54:38,105 [ERROR] LogOutputStream:75 - [STDERR_REDIRECT] 
2025-04-02 08:54:39,104 [ERROR] LogOutputStream:75 - [STDERR_REDIRECT] [Fatal Error] :1:1: Premature end of file.
2025-04-02 08:54:39,104 [ERROR] LogOutputStream:75 - [STDERR_REDIRECT] 
2025-04-02 08:54:40,100 [ERROR] LogOutputStream:75 - [STDERR_REDIRECT] [Fatal Error] :1:1: Premature end of file.
2025-04-02 08:54:40,101 [ERROR] LogOutputStream:75 - [STDERR_REDIRECT] 
2025-04-02 08:54:41,088 [ERROR] LogOutputStream:75 - [STDERR_REDIRECT] [Fatal Error] :1:1: Premature end of file.
2025-04-02 08:54:41,088 [ERROR] LogOutputStream:75 - [STDERR_REDIRECT] 
2025-04-02 08:54:42,128 [ERROR] LogOutputStream:75 - [STDERR_REDIRECT] [Fatal Error] :1:1: Premature end of file.
2025-04-02 08:54:42,129 [ERROR] LogOutputStream:75 - [STDERR_REDIRECT] 
2025-04-02 08:54:43,109 [ERROR] LogOutputStream:75 - [STDERR_REDIRECT] [Fatal Error] :1:1: Premature end of file.
2025-04-02 08:54:43,109 [ERROR] LogOutputStream:75 - [STDERR_REDIRECT] 
2025-04-02 08:54:44,105 [ERROR] LogOutputStream:75 - [STDERR_REDIRECT] [Fatal Error] :1:1: Premature end of file.
2025-04-02 08:54:44,105 [ERROR] LogOutputStream:75 - [STDERR_REDIRECT] 
2025-04-02 08:54:45,105 [ERROR] LogOutputStream:75 - [STDERR_REDIRECT] [Fatal Error] :1:1: Premature end of file.
2025-04-02 08:54:45,106 [ERROR] LogOutputStream:75 - [STDERR_REDIRECT] 
2025-04-02 08:54:46,127 [ERROR] LogOutputStream:75 - [STDERR_REDIRECT] [Fatal Error] :1:1: Premature end of file.
2025-04-02 08:54:46,127 [ERROR] LogOutputStream:75 - [STDERR_REDIRECT] 
2025-04-02 08:54:47,095 [ERROR] LogOutputStream:75 - [STDERR_REDIRECT] [Fatal Error] :1:1: Premature end of file.
2025-04-02 08:54:47,095 [ERROR] LogOutputStream:75 - [STDERR_REDIRECT] 
2025-04-02 08:54:48,095 [ERROR] LogOutputStream:75 - [STDERR_REDIRECT] [Fatal Error] :1:1: Premature end of file.
2025-04-02 08:54:48,095 [ERROR] LogOutputStream:75 - [STDERR_REDIRECT] 
2025-04-02 08:54:49,083 [ERROR] LogOutputStream:75 - [STDERR_REDIRECT] [Fatal Error] :1:1: Premature end of file.
2025-04-02 08:54:49,084 [ERROR] LogOutputStream:75 - [STDERR_REDIRECT] 
2025-04-02 08:54:50,087 [ERROR] LogOutputStream:75 - [STDERR_REDIRECT] [Fatal Error] :1:1: Premature end of file.
2025-04-02 08:54:50,087 [ERROR] LogOutputStream:75 - [STDERR_REDIRECT] 
2025-04-02 08:54:51,089 [ERROR] LogOutputStream:75 - [STDERR_REDIRECT] [Fatal Error] :1:1: Premature end of file.
2025-04-02 08:54:51,090 [ERROR] LogOutputStream:75 - [STDERR_REDIRECT] 
2025-04-02 08:54:52,095 [ERROR] LogOutputStream:75 - [STDERR_REDIRECT] [Fatal Error] :1:1: Premature end of file.
2025-04-02 08:54:52,096 [ERROR] LogOutputStream:75 - [STDERR_REDIRECT] 
2025-04-02 08:54:53,110 [ERROR] LogOutputStream:75 - [STDERR_REDIRECT] [Fatal Error] :1:1: Premature end of file.
2025-04-02 08:54:53,110 [ERROR] LogOutputStream:75 - [STDERR_REDIRECT] 
2025-04-02 08:54:54,088 [ERROR] LogOutputStream:75 - [STDERR_REDIRECT] [Fatal Error] :1:1: Premature end of file.
2025-04-02 08:54:54,089 [ERROR] LogOutputStream:75 - [STDERR_REDIRECT] 
2025-04-02 08:54:55,094 [ERROR] LogOutputStream:75 - [STDERR_REDIRECT] [Fatal Error] :1:1: Premature end of file.
2025-04-02 08:54:55,094 [ERROR] LogOutputStream:75 - [STDERR_REDIRECT] 
2025-04-02 08:54:56,093 [ERROR] LogOutputStream:75 - [STDERR_REDIRECT] [Fatal Error] :1:1: Premature end of file.
2025-04-02 08:54:56,093 [ERROR] LogOutputStream:75 - [STDERR_REDIRECT] 
2025-04-02 08:54:57,089 [ERROR] LogOutputStream:75 - [STDERR_REDIRECT] [Fatal Error] :1:1: Premature end of file.
2025-04-02 08:54:57,090 [ERROR] LogOutputStream:75 - [STDERR_REDIRECT] 
2025-04-02 08:54:58,086 [ERROR] LogOutputStream:75 - [STDERR_REDIRECT] [Fatal Error] :1:1: Premature end of file.
2025-04-02 08:54:58,086 [ERROR] LogOutputStream:75 - [STDERR_REDIRECT] 
2025-04-02 08:54:59,079 [ERROR] LogOutputStream:75 - [STDERR_REDIRECT] [Fatal Error] :1:1: Premature end of file.
2025-04-02 08:54:59,079 [ERROR] LogOutputStream:75 - [STDERR_REDIRECT] 
2025-04-02 08:55:00,099 [ERROR] LogOutputStream:75 - [STDERR_REDIRECT] [Fatal Error] :1:1: Premature end of file.
2025-04-02 08:55:00,099 [ERROR] LogOutputStream:75 - [STDERR_REDIRECT] 
2025-04-02 08:55:01,097 [ERROR] LogOutputStream:75 - [STDERR_REDIRECT] [Fatal Error] :1:1: Premature end of file.
2025-04-02 08:55:01,097 [ERROR] LogOutputStream:75 - [STDERR_REDIRECT] 
2025-04-02 08:55:02,102 [ERROR] LogOutputStream:75 - [STDERR_REDIRECT] [Fatal Error] :1:1: Premature end of file.
2025-04-02 08:55:02,103 [ERROR] LogOutputStream:75 - [STDERR_REDIRECT] 
2025-04-02 08:55:03,109 [ERROR] LogOutputStream:75 - [STDERR_REDIRECT] [Fatal Error] :1:1: Premature end of file.
2025-04-02 08:55:03,109 [ERROR] LogOutputStream:75 - [STDERR_REDIRECT] 
2025-04-02 08:55:04,100 [ERROR] LogOutputStream:75 - [STDERR_REDIRECT] [Fatal Error] :1:1: Premature end of file.
2025-04-02 08:55:04,101 [ERROR] LogOutputStream:75 - [STDERR_REDIRECT] 
2025-04-02 08:55:05,098 [ERROR] LogOutputStream:75 - [STDERR_REDIRECT] [Fatal Error] :1:1: Premature end of file.
2025-04-02 08:55:05,099 [ERROR] LogOutputStream:75 - [STDERR_REDIRECT] 
2025-04-02 08:55:06,103 [ERROR] LogOutputStream:75 - [STDERR_REDIRECT] [Fatal Error] :1:1: Premature end of file.
2025-04-02 08:55:06,103 [ERROR] LogOutputStream:75 - [STDERR_REDIRECT] 
2025-04-02 08:55:07,092 [ERROR] LogOutputStream:75 - [STDERR_REDIRECT] [Fatal Error] :1:1: Premature end of file.
2025-04-02 08:55:07,092 [ERROR] LogOutputStream:75 - [STDERR_REDIRECT] 
2025-04-02 08:55:08,080 [ERROR] LogOutputStream:75 - [STDERR_REDIRECT] [Fatal Error] :1:1: Premature end of file.
2025-04-02 08:55:08,080 [ERROR] LogOutputStream:75 - [STDERR_REDIRECT] 
2025-04-02 08:55:09,112 [ERROR] LogOutputStream:75 - [STDERR_REDIRECT] [Fatal Error] :1:1: Premature end of file.
2025-04-02 08:55:09,112 [ERROR] LogOutputStream:75 - [STDERR_REDIRECT] 
2025-04-02 08:55:10,096 [ERROR] LogOutputStream:75 - [STDERR_REDIRECT] [Fatal Error] :1:1: Premature end of file.
2025-04-02 08:55:10,097 [ERROR] LogOutputStream:75 - [STDERR_REDIRECT] 
2025-04-02 08:55:11,080 [ERROR] LogOutputStream:75 - [STDERR_REDIRECT] [Fatal Error] :1:1: Premature end of file.
2025-04-02 08:55:11,080 [ERROR] LogOutputStream:75 - [STDERR_REDIRECT] 
2025-04-02 08:55:12,078 [ERROR] LogOutputStream:75 - [STDERR_REDIRECT] [Fatal Error] :1:1: Premature end of file.
2025-04-02 08:55:12,078 [ERROR] LogOutputStream:75 - [STDERR_REDIRECT] 
2025-04-02 08:55:13,109 [ERROR] LogOutputStream:75 - [STDERR_REDIRECT] [Fatal Error] :1:1: Premature end of file.
2025-04-02 08:55:13,110 [ERROR] LogOutputStream:75 - [STDERR_REDIRECT] 
2025-04-02 08:55:14,100 [ERROR] LogOutputStream:75 - [STDERR_REDIRECT] [Fatal Error] :1:1: Premature end of file.
2025-04-02 08:55:14,101 [ERROR] LogOutputStream:75 - [STDERR_REDIRECT] 
2025-04-02 08:55:15,095 [ERROR] LogOutputStream:75 - [STDERR_REDIRECT] [Fatal Error] :1:1: Premature end of file.
2025-04-02 08:55:15,095 [ERROR] LogOutputStream:75 - [STDERR_REDIRECT] 
2025-04-02 08:55:16,093 [ERROR] LogOutputStream:75 - [STDERR_REDIRECT] [Fatal Error] :1:1: Premature end of file.
2025-04-02 08:55:16,093 [ERROR] LogOutputStream:75 - [STDERR_REDIRECT] 
2025-04-02 08:55:17,086 [ERROR] LogOutputStream:75 - [STDERR_REDIRECT] [Fatal Error] :1:1: Premature end of file.
2025-04-02 08:55:17,087 [ERROR] LogOutputStream:75 - [STDERR_REDIRECT] 
2025-04-02 08:55:18,100 [ERROR] LogOutputStream:75 - [STDERR_REDIRECT] [Fatal Error] :1:1: Premature end of file.
2025-04-02 08:55:18,101 [ERROR] LogOutputStream:75 - [STDERR_REDIRECT] 
2025-04-02 08:55:19,092 [ERROR] LogOutputStream:75 - [STDERR_REDIRECT] [Fatal Error] :1:1: Premature end of file.
2025-04-02 08:55:19,093 [ERROR] LogOutputStream:75 - [STDERR_REDIRECT] 
2025-04-02 08:55:20,098 [ERROR] LogOutputStream:75 - [STDERR_REDIRECT] [Fatal Error] :1:1: Premature end of file.
2025-04-02 08:55:20,098 [ERROR] LogOutputStream:75 - [STDERR_REDIRECT] 
2025-04-02 08:55:21,108 [ERROR] LogOutputStream:75 - [STDERR_REDIRECT] [Fatal Error] :1:1: Premature end of file.
2025-04-02 08:55:21,108 [ERROR] LogOutputStream:75 - [STDERR_REDIRECT] 
2025-04-02 08:55:22,100 [ERROR] LogOutputStream:75 - [STDERR_REDIRECT] [Fatal Error] :1:1: Premature end of file.
2025-04-02 08:55:22,101 [ERROR] LogOutputStream:75 - [STDERR_REDIRECT] 
2025-04-02 08:55:23,106 [ERROR] LogOutputStream:75 - [STDERR_REDIRECT] [Fatal Error] :1:1: Premature end of file.
2025-04-02 08:55:23,106 [ERROR] LogOutputStream:75 - [STDERR_REDIRECT] 
2025-04-02 08:55:24,091 [ERROR] LogOutputStream:75 - [STDERR_REDIRECT] [Fatal Error] :1:1: Premature end of file.
2025-04-02 08:55:24,091 [ERROR] LogOutputStream:75 - [STDERR_REDIRECT] 
2025-04-02 08:55:25,080 [ERROR] LogOutputStream:75 - [STDERR_REDIRECT] [Fatal Error] :1:1: Premature end of file.
2025-04-02 08:55:25,080 [ERROR] LogOutputStream:75 - [STDERR_REDIRECT] 
2025-04-02 08:55:26,094 [ERROR] LogOutputStream:75 - [STDERR_REDIRECT] [Fatal Error] :1:1: Premature end of file.
2025-04-02 08:55:26,094 [ERROR] LogOutputStream:75 - [STDERR_REDIRECT] 
2025-04-02 08:55:27,088 [ERROR] LogOutputStream:75 - [STDERR_REDIRECT] [Fatal Error] :1:1: Premature end of file.
2025-04-02 08:55:27,088 [ERROR] LogOutputStream:75 - [STDERR_REDIRECT] 
2025-04-02 08:55:28,105 [ERROR] LogOutputStream:75 - [STDERR_REDIRECT] [Fatal Error] :1:1: Premature end of file.
2025-04-02 08:55:28,105 [ERROR] LogOutputStream:75 - [STDERR_REDIRECT] 
2025-04-02 08:55:29,105 [ERROR] LogOutputStream:75 - [STDERR_REDIRECT] [Fatal Error] :1:1: Premature end of file.
2025-04-02 08:55:29,105 [ERROR] LogOutputStream:75 - [STDERR_REDIRECT] 
2025-04-02 08:55:30,095 [ERROR] LogOutputStream:75 - [STDERR_REDIRECT] [Fatal Error] :1:1: Premature end of file.
2025-04-02 08:55:30,096 [ERROR] LogOutputStream:75 - [STDERR_REDIRECT] 
2025-04-02 08:55:31,096 [ERROR] LogOutputStream:75 - [STDERR_REDIRECT] [Fatal Error] :1:1: Premature end of file.
2025-04-02 08:55:31,097 [ERROR] LogOutputStream:75 - [STDERR_REDIRECT] 
2025-04-02 08:55:32,085 [ERROR] LogOutputStream:75 - [STDERR_REDIRECT] [Fatal Error] :1:1: Premature end of file.
2025-04-02 08:55:32,086 [ERROR] LogOutputStream:75 - [STDERR_REDIRECT] 
2025-04-02 08:55:33,113 [ERROR] LogOutputStream:75 - [STDERR_REDIRECT] [Fatal Error] :1:1: Premature end of file.
2025-04-02 08:55:33,113 [ERROR] LogOutputStream:75 - [STDERR_REDIRECT] 
2025-04-02 08:55:34,109 [ERROR] LogOutputStream:75 - [STDERR_REDIRECT] [Fatal Error] :1:1: Premature end of file.
2025-04-02 08:55:34,109 [ERROR] LogOutputStream:75 - [STDERR_REDIRECT] 
2025-04-02 08:55:35,104 [ERROR] LogOutputStream:75 - [STDERR_REDIRECT] [Fatal Error] :1:1: Premature end of file.
2025-04-02 08:55:35,104 [ERROR] LogOutputStream:75 - [STDERR_REDIRECT] 
2025-04-02 08:55:36,088 [ERROR] LogOutputStream:75 - [STDERR_REDIRECT] [Fatal Error] :1:1: Premature end of file.
2025-04-02 08:55:36,088 [ERROR] LogOutputStream:75 - [STDERR_REDIRECT] 
2025-04-02 08:55:37,106 [ERROR] LogOutputStream:75 - [STDERR_REDIRECT] [Fatal Error] :1:1: Premature end of file.
2025-04-02 08:55:37,106 [ERROR] LogOutputStream:75 - [STDERR_REDIRECT] 
2025-04-02 08:55:38,094 [ERROR] LogOutputStream:75 - [STDERR_REDIRECT] [Fatal Error] :1:1: Premature end of file.
2025-04-02 08:55:38,094 [ERROR] LogOutputStream:75 - [STDERR_REDIRECT] 
2025-04-02 08:55:39,092 [ERROR] LogOutputStream:75 - [STDERR_REDIRECT] [Fatal Error] :1:1: Premature end of file.
2025-04-02 08:55:39,093 [ERROR] LogOutputStream:75 - [STDERR_REDIRECT] 
2025-04-02 08:55:40,090 [ERROR] LogOutputStream:75 - [STDERR_REDIRECT] [Fatal Error] :1:1: Premature end of file.
2025-04-02 08:55:40,091 [ERROR] LogOutputStream:75 - [STDERR_REDIRECT] 
2025-04-02 08:55:41,095 [ERROR] LogOutputStream:75 - [STDERR_REDIRECT] [Fatal Error] :1:1: Premature end of file.
2025-04-02 08:55:41,095 [ERROR] LogOutputStream:75 - [STDERR_REDIRECT] 
2025-04-02 08:55:42,095 [ERROR] LogOutputStream:75 - [STDERR_REDIRECT] [Fatal Error] :1:1: Premature end of file.
2025-04-02 08:55:42,096 [ERROR] LogOutputStream:75 - [STDERR_REDIRECT] 
2025-04-02 08:55:43,097 [ERROR] LogOutputStream:75 - [STDERR_REDIRECT] [Fatal Error] :1:1: Premature end of file.
2025-04-02 08:55:43,098 [ERROR] LogOutputStream:75 - [STDERR_REDIRECT] 
2025-04-02 08:55:44,099 [ERROR] LogOutputStream:75 - [STDERR_REDIRECT] [Fatal Error] :1:1: Premature end of file.
2025-04-02 08:55:44,099 [ERROR] LogOutputStream:75 - [STDERR_REDIRECT] 
2025-04-02 08:55:45,063 [ERROR] LogOutputStream:75 - [STDERR_REDIRECT] [Fatal Error] :1:1: Premature end of file.
2025-04-02 08:55:45,064 [ERROR] LogOutputStream:75 - [STDERR_REDIRECT] 
2025-04-02 08:55:46,091 [ERROR] LogOutputStream:75 - [STDERR_REDIRECT] [Fatal Error] :1:1: Premature end of file.
2025-04-02 08:55:46,091 [ERROR] LogOutputStream:75 - [STDERR_REDIRECT] 
2025-04-02 08:55:47,095 [ERROR] LogOutputStream:75 - [STDERR_REDIRECT] [Fatal Error] :1:1: Premature end of file.
2025-04-02 08:55:47,095 [ERROR] LogOutputStream:75 - [STDERR_REDIRECT] 
2025-04-02 08:55:48,108 [ERROR] LogOutputStream:75 - [STDERR_REDIRECT] [Fatal Error] :1:1: Premature end of file.
2025-04-02 08:55:48,108 [ERROR] LogOutputStream:75 - [STDERR_REDIRECT] 
2025-04-02 08:55:49,109 [ERROR] LogOutputStream:75 - [STDERR_REDIRECT] [Fatal Error] :1:1: Premature end of file.
2025-04-02 08:55:49,110 [ERROR] LogOutputStream:75 - [STDERR_REDIRECT] 
2025-04-02 08:55:50,103 [ERROR] LogOutputStream:75 - [STDERR_REDIRECT] [Fatal Error] :1:1: Premature end of file.
2025-04-02 08:55:50,103 [ERROR] LogOutputStream:75 - [STDERR_REDIRECT] 
2025-04-02 08:55:51,121 [ERROR] LogOutputStream:75 - [STDERR_REDIRECT] [Fatal Error] :1:1: Premature end of file.
2025-04-02 08:55:51,122 [ERROR] LogOutputStream:75 - [STDERR_REDIRECT] 
2025-04-02 08:55:52,103 [ERROR] LogOutputStream:75 - [STDERR_REDIRECT] [Fatal Error] :1:1: Premature end of file.
2025-04-02 08:55:52,103 [ERROR] LogOutputStream:75 - [STDERR_REDIRECT] 
2025-04-02 08:55:53,100 [ERROR] LogOutputStream:75 - [STDERR_REDIRECT] [Fatal Error] :1:1: Premature end of file.
2025-04-02 08:55:53,101 [ERROR] LogOutputStream:75 - [STDERR_REDIRECT] 
2025-04-02 08:55:54,101 [ERROR] LogOutputStream:75 - [STDERR_REDIRECT] [Fatal Error] :1:1: Premature end of file.
2025-04-02 08:55:54,101 [ERROR] LogOutputStream:75 - [STDERR_REDIRECT] 
2025-04-02 08:55:55,099 [ERROR] LogOutputStream:75 - [STDERR_REDIRECT] [Fatal Error] :1:1: Premature end of file.
2025-04-02 08:55:55,100 [ERROR] LogOutputStream:75 - [STDERR_REDIRECT] 
2025-04-02 08:55:56,087 [ERROR] LogOutputStream:75 - [STDERR_REDIRECT] [Fatal Error] :1:1: Premature end of file.
2025-04-02 08:55:56,087 [ERROR] LogOutputStream:75 - [STDERR_REDIRECT] 
2025-04-02 08:55:57,098 [ERROR] LogOutputStream:75 - [STDERR_REDIRECT] [Fatal Error] :1:1: Premature end of file.
2025-04-02 08:55:57,098 [ERROR] LogOutputStream:75 - [STDERR_REDIRECT] 
2025-04-02 08:55:58,094 [ERROR] LogOutputStream:75 - [STDERR_REDIRECT] [Fatal Error] :1:1: Premature end of file.
2025-04-02 08:55:58,094 [ERROR] LogOutputStream:75 - [STDERR_REDIRECT] 
2025-04-02 08:55:59,090 [ERROR] LogOutputStream:75 - [STDERR_REDIRECT] [Fatal Error] :1:1: Premature end of file.
2025-04-02 08:55:59,091 [ERROR] LogOutputStream:75 - [STDERR_REDIRECT] 
2025-04-02 08:56:00,082 [ERROR] LogOutputStream:75 - [STDERR_REDIRECT] [Fatal Error] :1:1: Premature end of file.
2025-04-02 08:56:00,083 [ERROR] LogOutputStream:75 - [STDERR_REDIRECT] 
2025-04-02 08:56:01,105 [ERROR] LogOutputStream:75 - [STDERR_REDIRECT] [Fatal Error] :1:1: Premature end of file.
2025-04-02 08:56:01,106 [ERROR] LogOutputStream:75 - [STDERR_REDIRECT] 
2025-04-02 08:56:02,096 [ERROR] LogOutputStream:75 - [STDERR_REDIRECT] [Fatal Error] :1:1: Premature end of file.
2025-04-02 08:56:02,096 [ERROR] LogOutputStream:75 - [STDERR_REDIRECT] 
2025-04-02 08:56:03,102 [ERROR] LogOutputStream:75 - [STDERR_REDIRECT] [Fatal Error] :1:1: Premature end of file.
2025-04-02 08:56:03,102 [ERROR] LogOutputStream:75 - [STDERR_REDIRECT] 
2025-04-02 08:56:04,102 [ERROR] LogOutputStream:75 - [STDERR_REDIRECT] [Fatal Error] :1:1: Premature end of file.
2025-04-02 08:56:04,103 [ERROR] LogOutputStream:75 - [STDERR_REDIRECT] 
2025-04-02 08:56:05,095 [ERROR] LogOutputStream:75 - [STDERR_REDIRECT] [Fatal Error] :1:1: Premature end of file.
2025-04-02 08:56:05,095 [ERROR] LogOutputStream:75 - [STDERR_REDIRECT] 
2025-04-02 08:56:06,096 [ERROR] LogOutputStream:75 - [STDERR_REDIRECT] [Fatal Error] :1:1: Premature end of file.
2025-04-02 08:56:06,097 [ERROR] LogOutputStream:75 - [STDERR_REDIRECT] 
2025-04-02 08:56:07,104 [ERROR] LogOutputStream:75 - [STDERR_REDIRECT] [Fatal Error] :1:1: Premature end of file.
2025-04-02 08:56:07,105 [ERROR] LogOutputStream:75 - [STDERR_REDIRECT] 
2025-04-02 08:56:08,112 [ERROR] LogOutputStream:75 - [STDERR_REDIRECT] [Fatal Error] :1:1: Premature end of file.
2025-04-02 08:56:08,113 [ERROR] LogOutputStream:75 - [STDERR_REDIRECT] 
2025-04-02 08:56:09,111 [ERROR] LogOutputStream:75 - [STDERR_REDIRECT] [Fatal Error] :1:1: Premature end of file.
2025-04-02 08:56:09,111 [ERROR] LogOutputStream:75 - [STDERR_REDIRECT] 
2025-04-02 08:56:10,088 [ERROR] LogOutputStream:75 - [STDERR_REDIRECT] [Fatal Error] :1:1: Premature end of file.
2025-04-02 08:56:10,088 [ERROR] LogOutputStream:75 - [STDERR_REDIRECT] 
2025-04-02 08:56:11,087 [ERROR] LogOutputStream:75 - [STDERR_REDIRECT] [Fatal Error] :1:1: Premature end of file.
2025-04-02 08:56:11,087 [ERROR] LogOutputStream:75 - [STDERR_REDIRECT] 
2025-04-02 08:56:12,101 [ERROR] LogOutputStream:75 - [STDERR_REDIRECT] [Fatal Error] :1:1: Premature end of file.
2025-04-02 08:56:12,102 [ERROR] LogOutputStream:75 - [STDERR_REDIRECT] 
2025-04-02 08:56:13,092 [ERROR] LogOutputStream:75 - [STDERR_REDIRECT] [Fatal Error] :1:1: Premature end of file.
2025-04-02 08:56:13,093 [ERROR] LogOutputStream:75 - [STDERR_REDIRECT] 
2025-04-02 08:56:14,103 [ERROR] LogOutputStream:75 - [STDERR_REDIRECT] [Fatal Error] :1:1: Premature end of file.
2025-04-02 08:56:14,103 [ERROR] LogOutputStream:75 - [STDERR_REDIRECT] 
2025-04-02 08:56:15,142 [ERROR] LogOutputStream:75 - [STDERR_REDIRECT] [Fatal Error] :1:1: Premature end of file.
2025-04-02 08:56:15,143 [ERROR] LogOutputStream:75 - [STDERR_REDIRECT] 
2025-04-02 08:56:16,104 [ERROR] LogOutputStream:75 - [STDERR_REDIRECT] [Fatal Error] :1:1: Premature end of file.
2025-04-02 08:56:16,104 [ERROR] LogOutputStream:75 - [STDERR_REDIRECT] 
2025-04-02 08:56:17,085 [ERROR] LogOutputStream:75 - [STDERR_REDIRECT] [Fatal Error] :1:1: Premature end of file.
2025-04-02 08:56:17,085 [ERROR] LogOutputStream:75 - [STDERR_REDIRECT] 
2025-04-02 08:56:18,101 [ERROR] LogOutputStream:75 - [STDERR_REDIRECT] [Fatal Error] :1:1: Premature end of file.
2025-04-02 08:56:18,102 [ERROR] LogOutputStream:75 - [STDERR_REDIRECT] 
2025-04-02 08:56:19,087 [ERROR] LogOutputStream:75 - [STDERR_REDIRECT] [Fatal Error] :1:1: Premature end of file.
2025-04-02 08:56:19,087 [ERROR] LogOutputStream:75 - [STDERR_REDIRECT] 
2025-04-02 08:56:20,092 [ERROR] LogOutputStream:75 - [STDERR_REDIRECT] [Fatal Error] :1:1: Premature end of file.
2025-04-02 08:56:20,092 [ERROR] LogOutputStream:75 - [STDERR_REDIRECT] 
2025-04-02 08:56:21,095 [ERROR] LogOutputStream:75 - [STDERR_REDIRECT] [Fatal Error] :1:1: Premature end of file.
2025-04-02 08:56:21,095 [ERROR] LogOutputStream:75 - [STDERR_REDIRECT] 
2025-04-02 08:56:22,097 [ERROR] LogOutputStream:75 - [STDERR_REDIRECT] [Fatal Error] :1:1: Premature end of file.
2025-04-02 08:56:22,097 [ERROR] LogOutputStream:75 - [STDERR_REDIRECT] 
2025-04-02 08:56:23,094 [ERROR] LogOutputStream:75 - [STDERR_REDIRECT] [Fatal Error] :1:1: Premature end of file.
2025-04-02 08:56:23,094 [ERROR] LogOutputStream:75 - [STDERR_REDIRECT] 
2025-04-02 08:56:24,097 [ERROR] LogOutputStream:75 - [STDERR_REDIRECT] [Fatal Error] :1:1: Premature end of file.
2025-04-02 08:56:24,098 [ERROR] LogOutputStream:75 - [STDERR_REDIRECT] 
2025-04-02 08:56:25,098 [ERROR] LogOutputStream:75 - [STDERR_REDIRECT] [Fatal Error] :1:1: Premature end of file.
2025-04-02 08:56:25,099 [ERROR] LogOutputStream:75 - [STDERR_REDIRECT] 
2025-04-02 08:56:26,091 [ERROR] LogOutputStream:75 - [STDERR_REDIRECT] [Fatal Error] :1:1: Premature end of file.
2025-04-02 08:56:26,093 [ERROR] LogOutputStream:75 - [STDERR_REDIRECT] 
2025-04-02 08:56:27,099 [ERROR] LogOutputStream:75 - [STDERR_REDIRECT] [Fatal Error] :1:1: Premature end of file.
2025-04-02 08:56:27,100 [ERROR] LogOutputStream:75 - [STDERR_REDIRECT] 
2025-04-02 08:56:28,100 [ERROR] LogOutputStream:75 - [STDERR_REDIRECT] [Fatal Error] :1:1: Premature end of file.
2025-04-02 08:56:28,101 [ERROR] LogOutputStream:75 - [STDERR_REDIRECT] 
2025-04-02 08:56:29,096 [ERROR] LogOutputStream:75 - [STDERR_REDIRECT] [Fatal Error] :1:1: Premature end of file.
2025-04-02 08:56:29,097 [ERROR] LogOutputStream:75 - [STDERR_REDIRECT] 
2025-04-02 08:56:30,093 [ERROR] LogOutputStream:75 - [STDERR_REDIRECT] [Fatal Error] :1:1: Premature end of file.
2025-04-02 08:56:30,093 [ERROR] LogOutputStream:75 - [STDERR_REDIRECT] 
2025-04-02 08:56:31,107 [ERROR] LogOutputStream:75 - [STDERR_REDIRECT] [Fatal Error] :1:1: Premature end of file.
2025-04-02 08:56:31,107 [ERROR] LogOutputStream:75 - [STDERR_REDIRECT] 
2025-04-02 08:56:32,100 [ERROR] LogOutputStream:75 - [STDERR_REDIRECT] [Fatal Error] :1:1: Premature end of file.
2025-04-02 08:56:32,101 [ERROR] LogOutputStream:75 - [STDERR_REDIRECT] 
2025-04-02 08:56:33,110 [ERROR] LogOutputStream:75 - [STDERR_REDIRECT] [Fatal Error] :1:1: Premature end of file.
2025-04-02 08:56:33,111 [ERROR] LogOutputStream:75 - [STDERR_REDIRECT] 
2025-04-02 08:56:34,108 [ERROR] LogOutputStream:75 - [STDERR_REDIRECT] [Fatal Error] :1:1: Premature end of file.
2025-04-02 08:56:34,108 [ERROR] LogOutputStream:75 - [STDERR_REDIRECT] 
2025-04-02 08:56:35,110 [ERROR] LogOutputStream:75 - [STDERR_REDIRECT] [Fatal Error] :1:1: Premature end of file.
2025-04-02 08:56:35,110 [ERROR] LogOutputStream:75 - [STDERR_REDIRECT] 
2025-04-02 08:56:36,101 [ERROR] LogOutputStream:75 - [STDERR_REDIRECT] [Fatal Error] :1:1: Premature end of file.
2025-04-02 08:56:36,102 [ERROR] LogOutputStream:75 - [STDERR_REDIRECT] 
2025-04-02 08:56:37,096 [ERROR] LogOutputStream:75 - [STDERR_REDIRECT] [Fatal Error] :1:1: Premature end of file.
2025-04-02 08:56:37,096 [ERROR] LogOutputStream:75 - [STDERR_REDIRECT] 
2025-04-02 08:56:38,103 [ERROR] LogOutputStream:75 - [STDERR_REDIRECT] [Fatal Error] :1:1: Premature end of file.
2025-04-02 08:56:38,104 [ERROR] LogOutputStream:75 - [STDERR_REDIRECT] 
2025-04-02 08:56:39,098 [ERROR] LogOutputStream:75 - [STDERR_REDIRECT] [Fatal Error] :1:1: Premature end of file.
2025-04-02 08:56:39,099 [ERROR] LogOutputStream:75 - [STDERR_REDIRECT] 
2025-04-02 08:56:40,093 [ERROR] LogOutputStream:75 - [STDERR_REDIRECT] [Fatal Error] :1:1: Premature end of file.
2025-04-02 08:56:40,094 [ERROR] LogOutputStream:75 - [STDERR_REDIRECT] 
2025-04-02 08:56:41,090 [ERROR] LogOutputStream:75 - [STDERR_REDIRECT] [Fatal Error] :1:1: Premature end of file.
2025-04-02 08:56:41,090 [ERROR] LogOutputStream:75 - [STDERR_REDIRECT] 
2025-04-02 08:56:42,087 [ERROR] LogOutputStream:75 - [STDERR_REDIRECT] [Fatal Error] :1:1: Premature end of file.
2025-04-02 08:56:42,087 [ERROR] LogOutputStream:75 - [STDERR_REDIRECT] 
2025-04-02 08:56:43,095 [ERROR] LogOutputStream:75 - [STDERR_REDIRECT] [Fatal Error] :1:1: Premature end of file.
2025-04-02 08:56:43,096 [ERROR] LogOutputStream:75 - [STDERR_REDIRECT] 
2025-04-02 08:56:44,084 [ERROR] LogOutputStream:75 - [STDERR_REDIRECT] [Fatal Error] :1:1: Premature end of file.
2025-04-02 08:56:44,085 [ERROR] LogOutputStream:75 - [STDERR_REDIRECT] 
2025-04-02 08:56:45,110 [ERROR] LogOutputStream:75 - [STDERR_REDIRECT] [Fatal Error] :1:1: Premature end of file.
2025-04-02 08:56:45,110 [ERROR] LogOutputStream:75 - [STDERR_REDIRECT] 
2025-04-02 08:56:46,101 [ERROR] LogOutputStream:75 - [STDERR_REDIRECT] [Fatal Error] :1:1: Premature end of file.
2025-04-02 08:56:46,102 [ERROR] LogOutputStream:75 - [STDERR_REDIRECT] 
2025-04-02 08:56:47,094 [ERROR] LogOutputStream:75 - [STDERR_REDIRECT] [Fatal Error] :1:1: Premature end of file.
2025-04-02 08:56:47,094 [ERROR] LogOutputStream:75 - [STDERR_REDIRECT] 
2025-04-02 08:56:48,099 [ERROR] LogOutputStream:75 - [STDERR_REDIRECT] [Fatal Error] :1:1: Premature end of file.
2025-04-02 08:56:48,099 [ERROR] LogOutputStream:75 - [STDERR_REDIRECT] 
2025-04-02 08:56:49,099 [ERROR] LogOutputStream:75 - [STDERR_REDIRECT] [Fatal Error] :1:1: Premature end of file.
2025-04-02 08:56:49,099 [ERROR] LogOutputStream:75 - [STDERR_REDIRECT] 
2025-04-02 08:56:50,101 [ERROR] LogOutputStream:75 - [STDERR_REDIRECT] [Fatal Error] :1:1: Premature end of file.
2025-04-02 08:56:50,102 [ERROR] LogOutputStream:75 - [STDERR_REDIRECT] 
2025-04-02 08:56:51,097 [ERROR] LogOutputStream:75 - [STDERR_REDIRECT] [Fatal Error] :1:1: Premature end of file.
2025-04-02 08:56:51,097 [ERROR] LogOutputStream:75 - [STDERR_REDIRECT] 
2025-04-02 08:56:52,106 [ERROR] LogOutputStream:75 - [STDERR_REDIRECT] [Fatal Error] :1:1: Premature end of file.
2025-04-02 08:56:52,106 [ERROR] LogOutputStream:75 - [STDERR_REDIRECT] 
2025-04-02 08:56:53,103 [ERROR] LogOutputStream:75 - [STDERR_REDIRECT] [Fatal Error] :1:1: Premature end of file.
2025-04-02 08:56:53,103 [ERROR] LogOutputStream:75 - [STDERR_REDIRECT] 
2025-04-02 08:56:54,106 [ERROR] LogOutputStream:75 - [STDERR_REDIRECT] [Fatal Error] :1:1: Premature end of file.
2025-04-02 08:56:54,106 [ERROR] LogOutputStream:75 - [STDERR_REDIRECT] 
2025-04-02 08:56:55,081 [ERROR] LogOutputStream:75 - [STDERR_REDIRECT] [Fatal Error] :1:1: Premature end of file.
2025-04-02 08:56:55,082 [ERROR] LogOutputStream:75 - [STDERR_REDIRECT] 
2025-04-02 08:56:56,090 [ERROR] LogOutputStream:75 - [STDERR_REDIRECT] [Fatal Error] :1:1: Premature end of file.
2025-04-02 08:56:56,090 [ERROR] LogOutputStream:75 - [STDERR_REDIRECT] 
2025-04-02 08:56:57,096 [ERROR] LogOutputStream:75 - [STDERR_REDIRECT] [Fatal Error] :1:1: Premature end of file.
2025-04-02 08:56:57,096 [ERROR] LogOutputStream:75 - [STDERR_REDIRECT] 
2025-04-02 08:56:58,105 [ERROR] LogOutputStream:75 - [STDERR_REDIRECT] [Fatal Error] :1:1: Premature end of file.
2025-04-02 08:56:58,106 [ERROR] LogOutputStream:75 - [STDERR_REDIRECT] 
2025-04-02 08:56:59,078 [ERROR] LogOutputStream:75 - [STDERR_REDIRECT] [Fatal Error] :1:1: Premature end of file.
2025-04-02 08:56:59,078 [ERROR] LogOutputStream:75 - [STDERR_REDIRECT] 
2025-04-02 08:57:00,096 [ERROR] LogOutputStream:75 - [STDERR_REDIRECT] [Fatal Error] :1:1: Premature end of file.
2025-04-02 08:57:00,097 [ERROR] LogOutputStream:75 - [STDERR_REDIRECT] 
2025-04-02 08:57:01,091 [ERROR] LogOutputStream:75 - [STDERR_REDIRECT] [Fatal Error] :1:1: Premature end of file.
2025-04-02 08:57:01,091 [ERROR] LogOutputStream:75 - [STDERR_REDIRECT] 
2025-04-02 08:57:02,090 [ERROR] LogOutputStream:75 - [STDERR_REDIRECT] [Fatal Error] :1:1: Premature end of file.
2025-04-02 08:57:02,090 [ERROR] LogOutputStream:75 - [STDERR_REDIRECT] 
2025-04-02 08:57:03,089 [ERROR] LogOutputStream:75 - [STDERR_REDIRECT] [Fatal Error] :1:1: Premature end of file.
2025-04-02 08:57:03,089 [ERROR] LogOutputStream:75 - [STDERR_REDIRECT] 
2025-04-02 08:57:04,080 [ERROR] LogOutputStream:75 - [STDERR_REDIRECT] [Fatal Error] :1:1: Premature end of file.
2025-04-02 08:57:04,080 [ERROR] LogOutputStream:75 - [STDERR_REDIRECT] 
2025-04-02 08:57:05,078 [ERROR] LogOutputStream:75 - [STDERR_REDIRECT] [Fatal Error] :1:1: Premature end of file.
2025-04-02 08:57:05,078 [ERROR] LogOutputStream:75 - [STDERR_REDIRECT] 
2025-04-02 08:57:06,078 [ERROR] LogOutputStream:75 - [STDERR_REDIRECT] [Fatal Error] :1:1: Premature end of file.
2025-04-02 08:57:06,078 [ERROR] LogOutputStream:75 - [STDERR_REDIRECT] 
2025-04-02 08:57:07,098 [ERROR] LogOutputStream:75 - [STDERR_REDIRECT] [Fatal Error] :1:1: Premature end of file.
2025-04-02 08:57:07,098 [ERROR] LogOutputStream:75 - [STDERR_REDIRECT] 
2025-04-02 08:57:08,099 [ERROR] LogOutputStream:75 - [STDERR_REDIRECT] [Fatal Error] :1:1: Premature end of file.
2025-04-02 08:57:08,099 [ERROR] LogOutputStream:75 - [STDERR_REDIRECT] 
2025-04-02 08:57:09,099 [ERROR] LogOutputStream:75 - [STDERR_REDIRECT] [Fatal Error] :1:1: Premature end of file.
2025-04-02 08:57:09,100 [ERROR] LogOutputStream:75 - [STDERR_REDIRECT] 
2025-04-02 08:57:10,103 [ERROR] LogOutputStream:75 - [STDERR_REDIRECT] [Fatal Error] :1:1: Premature end of file.
2025-04-02 08:57:10,103 [ERROR] LogOutputStream:75 - [STDERR_REDIRECT] 
2025-04-02 08:57:11,093 [ERROR] LogOutputStream:75 - [STDERR_REDIRECT] [Fatal Error] :1:1: Premature end of file.
2025-04-02 08:57:11,093 [ERROR] LogOutputStream:75 - [STDERR_REDIRECT] 
2025-04-02 08:57:12,102 [ERROR] LogOutputStream:75 - [STDERR_REDIRECT] [Fatal Error] :1:1: Premature end of file.
2025-04-02 08:57:12,102 [ERROR] LogOutputStream:75 - [STDERR_REDIRECT] 
2025-04-02 08:57:13,128 [ERROR] LogOutputStream:75 - [STDERR_REDIRECT] [Fatal Error] :1:1: Premature end of file.
2025-04-02 08:57:13,128 [ERROR] LogOutputStream:75 - [STDERR_REDIRECT] 
2025-04-02 08:57:14,131 [ERROR] LogOutputStream:75 - [STDERR_REDIRECT] [Fatal Error] :1:1: Premature end of file.
2025-04-02 08:57:14,132 [ERROR] LogOutputStream:75 - [STDERR_REDIRECT] 
2025-04-02 08:57:15,100 [ERROR] LogOutputStream:75 - [STDERR_REDIRECT] [Fatal Error] :1:1: Premature end of file.
2025-04-02 08:57:15,100 [ERROR] LogOutputStream:75 - [STDERR_REDIRECT] 
2025-04-02 08:57:16,093 [ERROR] LogOutputStream:75 - [STDERR_REDIRECT] [Fatal Error] :1:1: Premature end of file.
2025-04-02 08:57:16,093 [ERROR] LogOutputStream:75 - [STDERR_REDIRECT] 
2025-04-02 08:57:17,096 [ERROR] LogOutputStream:75 - [STDERR_REDIRECT] [Fatal Error] :1:1: Premature end of file.
2025-04-02 08:57:17,097 [ERROR] LogOutputStream:75 - [STDERR_REDIRECT] 
2025-04-02 08:57:18,095 [ERROR] LogOutputStream:75 - [STDERR_REDIRECT] [Fatal Error] :1:1: Premature end of file.
2025-04-02 08:57:18,095 [ERROR] LogOutputStream:75 - [STDERR_REDIRECT] 
2025-04-02 08:57:19,100 [ERROR] LogOutputStream:75 - [STDERR_REDIRECT] [Fatal Error] :1:1: Premature end of file.
2025-04-02 08:57:19,100 [ERROR] LogOutputStream:75 - [STDERR_REDIRECT] 
2025-04-02 08:57:20,096 [ERROR] LogOutputStream:75 - [STDERR_REDIRECT] [Fatal Error] :1:1: Premature end of file.
2025-04-02 08:57:20,096 [ERROR] LogOutputStream:75 - [STDERR_REDIRECT] 
2025-04-02 08:57:21,099 [ERROR] LogOutputStream:75 - [STDERR_REDIRECT] [Fatal Error] :1:1: Premature end of file.
2025-04-02 08:57:21,100 [ERROR] LogOutputStream:75 - [STDERR_REDIRECT] 
2025-04-02 08:57:22,093 [ERROR] LogOutputStream:75 - [STDERR_REDIRECT] [Fatal Error] :1:1: Premature end of file.
2025-04-02 08:57:22,093 [ERROR] LogOutputStream:75 - [STDERR_REDIRECT] 
2025-04-02 08:57:23,124 [ERROR] LogOutputStream:75 - [STDERR_REDIRECT] [Fatal Error] :1:1: Premature end of file.
2025-04-02 08:57:23,124 [ERROR] LogOutputStream:75 - [STDERR_REDIRECT] 
2025-04-02 08:57:24,126 [ERROR] LogOutputStream:75 - [STDERR_REDIRECT] [Fatal Error] :1:1: Premature end of file.
2025-04-02 08:57:24,126 [ERROR] LogOutputStream:75 - [STDERR_REDIRECT] 
2025-04-02 08:57:25,119 [ERROR] LogOutputStream:75 - [STDERR_REDIRECT] [Fatal Error] :1:1: Premature end of file.
2025-04-02 08:57:25,120 [ERROR] LogOutputStream:75 - [STDERR_REDIRECT] 
2025-04-02 08:57:26,095 [ERROR] LogOutputStream:75 - [STDERR_REDIRECT] [Fatal Error] :1:1: Premature end of file.
2025-04-02 08:57:26,095 [ERROR] LogOutputStream:75 - [STDERR_REDIRECT] 
2025-04-02 08:57:27,096 [ERROR] LogOutputStream:75 - [STDERR_REDIRECT] [Fatal Error] :1:1: Premature end of file.
2025-04-02 08:57:27,096 [ERROR] LogOutputStream:75 - [STDERR_REDIRECT] 
2025-04-02 08:57:28,095 [ERROR] LogOutputStream:75 - [STDERR_REDIRECT] [Fatal Error] :1:1: Premature end of file.
2025-04-02 08:57:28,095 [ERROR] LogOutputStream:75 - [STDERR_REDIRECT] 
2025-04-02 08:57:29,099 [ERROR] LogOutputStream:75 - [STDERR_REDIRECT] [Fatal Error] :1:1: Premature end of file.
2025-04-02 08:57:29,099 [ERROR] LogOutputStream:75 - [STDERR_REDIRECT] 
2025-04-02 08:57:30,094 [ERROR] LogOutputStream:75 - [STDERR_REDIRECT] [Fatal Error] :1:1: Premature end of file.
2025-04-02 08:57:30,094 [ERROR] LogOutputStream:75 - [STDERR_REDIRECT] 
2025-04-02 08:57:31,098 [ERROR] LogOutputStream:75 - [STDERR_REDIRECT] [Fatal Error] :1:1: Premature end of file.
2025-04-02 08:57:31,098 [ERROR] LogOutputStream:75 - [STDERR_REDIRECT] 
2025-04-02 08:57:32,102 [ERROR] LogOutputStream:75 - [STDERR_REDIRECT] [Fatal Error] :1:1: Premature end of file.
2025-04-02 08:57:32,103 [ERROR] LogOutputStream:75 - [STDERR_REDIRECT] 
2025-04-02 08:57:33,095 [ERROR] LogOutputStream:75 - [STDERR_REDIRECT] [Fatal Error] :1:1: Premature end of file.
2025-04-02 08:57:33,095 [ERROR] LogOutputStream:75 - [STDERR_REDIRECT] 
2025-04-02 08:57:34,094 [ERROR] LogOutputStream:75 - [STDERR_REDIRECT] [Fatal Error] :1:1: Premature end of file.
2025-04-02 08:57:34,094 [ERROR] LogOutputStream:75 - [STDERR_REDIRECT] 
2025-04-02 08:57:35,088 [ERROR] LogOutputStream:75 - [STDERR_REDIRECT] [Fatal Error] :1:1: Premature end of file.
2025-04-02 08:57:35,089 [ERROR] LogOutputStream:75 - [STDERR_REDIRECT] 
2025-04-02 08:57:36,090 [ERROR] LogOutputStream:75 - [STDERR_REDIRECT] [Fatal Error] :1:1: Premature end of file.
2025-04-02 08:57:36,090 [ERROR] LogOutputStream:75 - [STDERR_REDIRECT] 
2025-04-02 08:57:37,093 [ERROR] LogOutputStream:75 - [STDERR_REDIRECT] [Fatal Error] :1:1: Premature end of file.
2025-04-02 08:57:37,093 [ERROR] LogOutputStream:75 - [STDERR_REDIRECT] 
2025-04-02 08:57:38,091 [ERROR] LogOutputStream:75 - [STDERR_REDIRECT] [Fatal Error] :1:1: Premature end of file.
2025-04-02 08:57:38,091 [ERROR] LogOutputStream:75 - [STDERR_REDIRECT] 
2025-04-02 08:57:39,095 [ERROR] LogOutputStream:75 - [STDERR_REDIRECT] [Fatal Error] :1:1: Premature end of file.
2025-04-02 08:57:39,095 [ERROR] LogOutputStream:75 - [STDERR_REDIRECT] 
2025-04-02 08:57:40,080 [ERROR] LogOutputStream:75 - [STDERR_REDIRECT] [Fatal Error] :1:1: Premature end of file.
2025-04-02 08:57:40,080 [ERROR] LogOutputStream:75 - [STDERR_REDIRECT] 
2025-04-02 08:57:41,104 [ERROR] LogOutputStream:75 - [STDERR_REDIRECT] [Fatal Error] :1:1: Premature end of file.
2025-04-02 08:57:41,104 [ERROR] LogOutputStream:75 - [STDERR_REDIRECT] 
2025-04-02 08:57:42,110 [ERROR] LogOutputStream:75 - [STDERR_REDIRECT] [Fatal Error] :1:1: Premature end of file.
2025-04-02 08:57:42,110 [ERROR] LogOutputStream:75 - [STDERR_REDIRECT] 
2025-04-02 08:57:43,111 [ERROR] LogOutputStream:75 - [STDERR_REDIRECT] [Fatal Error] :1:1: Premature end of file.
2025-04-02 08:57:43,111 [ERROR] LogOutputStream:75 - [STDERR_REDIRECT] 
2025-04-02 08:57:44,113 [ERROR] LogOutputStream:75 - [STDERR_REDIRECT] [Fatal Error] :1:1: Premature end of file.
2025-04-02 08:57:44,113 [ERROR] LogOutputStream:75 - [STDERR_REDIRECT] 
2025-04-02 08:57:45,084 [ERROR] LogOutputStream:75 - [STDERR_REDIRECT] [Fatal Error] :1:1: Premature end of file.
2025-04-02 08:57:45,085 [ERROR] LogOutputStream:75 - [STDERR_REDIRECT] 
2025-04-02 08:57:46,096 [ERROR] LogOutputStream:75 - [STDERR_REDIRECT] [Fatal Error] :1:1: Premature end of file.
2025-04-02 08:57:46,096 [ERROR] LogOutputStream:75 - [STDERR_REDIRECT] 
2025-04-02 08:57:47,103 [ERROR] LogOutputStream:75 - [STDERR_REDIRECT] [Fatal Error] :1:1: Premature end of file.
2025-04-02 08:57:47,104 [ERROR] LogOutputStream:75 - [STDERR_REDIRECT] 
2025-04-02 08:57:48,108 [ERROR] LogOutputStream:75 - [STDERR_REDIRECT] [Fatal Error] :1:1: Premature end of file.
2025-04-02 08:57:48,108 [ERROR] LogOutputStream:75 - [STDERR_REDIRECT] 
2025-04-02 08:57:49,094 [ERROR] LogOutputStream:75 - [STDERR_REDIRECT] [Fatal Error] :1:1: Premature end of file.
2025-04-02 08:57:49,094 [ERROR] LogOutputStream:75 - [STDERR_REDIRECT] 
2025-04-02 08:57:50,090 [ERROR] LogOutputStream:75 - [STDERR_REDIRECT] [Fatal Error] :1:1: Premature end of file.
2025-04-02 08:57:50,090 [ERROR] LogOutputStream:75 - [STDERR_REDIRECT] 
2025-04-02 08:57:51,096 [ERROR] LogOutputStream:75 - [STDERR_REDIRECT] [Fatal Error] :1:1: Premature end of file.
2025-04-02 08:57:51,096 [ERROR] LogOutputStream:75 - [STDERR_REDIRECT] 
2025-04-02 08:57:52,096 [ERROR] LogOutputStream:75 - [STDERR_REDIRECT] [Fatal Error] :1:1: Premature end of file.
2025-04-02 08:57:52,097 [ERROR] LogOutputStream:75 - [STDERR_REDIRECT] 
2025-04-02 08:57:53,109 [ERROR] LogOutputStream:75 - [STDERR_REDIRECT] [Fatal Error] :1:1: Premature end of file.
2025-04-02 08:57:53,109 [ERROR] LogOutputStream:75 - [STDERR_REDIRECT] 
2025-04-02 08:57:54,078 [ERROR] LogOutputStream:75 - [STDERR_REDIRECT] [Fatal Error] :1:1: Premature end of file.
2025-04-02 08:57:54,078 [ERROR] LogOutputStream:75 - [STDERR_REDIRECT] 
2025-04-02 08:57:55,086 [ERROR] LogOutputStream:75 - [STDERR_REDIRECT] [Fatal Error] :1:1: Premature end of file.
2025-04-02 08:57:55,086 [ERROR] LogOutputStream:75 - [STDERR_REDIRECT] 
2025-04-02 08:57:56,096 [ERROR] LogOutputStream:75 - [STDERR_REDIRECT] [Fatal Error] :1:1: Premature end of file.
2025-04-02 08:57:56,097 [ERROR] LogOutputStream:75 - [STDERR_REDIRECT] 
2025-04-02 08:57:57,098 [ERROR] LogOutputStream:75 - [STDERR_REDIRECT] [Fatal Error] :1:1: Premature end of file.
2025-04-02 08:57:57,098 [ERROR] LogOutputStream:75 - [STDERR_REDIRECT] 
2025-04-02 08:57:58,095 [ERROR] LogOutputStream:75 - [STDERR_REDIRECT] [Fatal Error] :1:1: Premature end of file.
2025-04-02 08:57:58,096 [ERROR] LogOutputStream:75 - [STDERR_REDIRECT] 
2025-04-02 08:57:59,113 [ERROR] LogOutputStream:75 - [STDERR_REDIRECT] [Fatal Error] :1:1: Premature end of file.
2025-04-02 08:57:59,114 [ERROR] LogOutputStream:75 - [STDERR_REDIRECT] 
2025-04-02 08:58:00,094 [ERROR] LogOutputStream:75 - [STDERR_REDIRECT] [Fatal Error] :1:1: Premature end of file.
2025-04-02 08:58:00,094 [ERROR] LogOutputStream:75 - [STDERR_REDIRECT] 
2025-04-02 08:58:01,098 [ERROR] LogOutputStream:75 - [STDERR_REDIRECT] [Fatal Error] :1:1: Premature end of file.
2025-04-02 08:58:01,098 [ERROR] LogOutputStream:75 - [STDERR_REDIRECT] 
2025-04-02 08:58:02,114 [ERROR] LogOutputStream:75 - [STDERR_REDIRECT] [Fatal Error] :1:1: Premature end of file.
2025-04-02 08:58:02,114 [ERROR] LogOutputStream:75 - [STDERR_REDIRECT] 
2025-04-02 08:58:03,095 [ERROR] LogOutputStream:75 - [STDERR_REDIRECT] [Fatal Error] :1:1: Premature end of file.
2025-04-02 08:58:03,095 [ERROR] LogOutputStream:75 - [STDERR_REDIRECT] 
2025-04-02 08:58:04,083 [ERROR] LogOutputStream:75 - [STDERR_REDIRECT] [Fatal Error] :1:1: Premature end of file.
2025-04-02 08:58:04,084 [ERROR] LogOutputStream:75 - [STDERR_REDIRECT] 
2025-04-02 08:58:05,089 [ERROR] LogOutputStream:75 - [STDERR_REDIRECT] [Fatal Error] :1:1: Premature end of file.
2025-04-02 08:58:05,090 [ERROR] LogOutputStream:75 - [STDERR_REDIRECT] 
2025-04-02 08:58:06,091 [ERROR] LogOutputStream:75 - [STDERR_REDIRECT] [Fatal Error] :1:1: Premature end of file.
2025-04-02 08:58:06,091 [ERROR] LogOutputStream:75 - [STDERR_REDIRECT] 
2025-04-02 08:58:07,095 [ERROR] LogOutputStream:75 - [STDERR_REDIRECT] [Fatal Error] :1:1: Premature end of file.
2025-04-02 08:58:07,095 [ERROR] LogOutputStream:75 - [STDERR_REDIRECT] 
2025-04-02 08:58:08,109 [ERROR] LogOutputStream:75 - [STDERR_REDIRECT] [Fatal Error] :1:1: Premature end of file.
2025-04-02 08:58:08,110 [ERROR] LogOutputStream:75 - [STDERR_REDIRECT] 
2025-04-02 08:58:09,113 [ERROR] LogOutputStream:75 - [STDERR_REDIRECT] [Fatal Error] :1:1: Premature end of file.
2025-04-02 08:58:09,113 [ERROR] LogOutputStream:75 - [STDERR_REDIRECT] 
2025-04-02 08:58:10,103 [ERROR] LogOutputStream:75 - [STDERR_REDIRECT] [Fatal Error] :1:1: Premature end of file.
2025-04-02 08:58:10,104 [ERROR] LogOutputStream:75 - [STDERR_REDIRECT] 
2025-04-02 08:58:11,093 [ERROR] LogOutputStream:75 - [STDERR_REDIRECT] [Fatal Error] :1:1: Premature end of file.
2025-04-02 08:58:11,093 [ERROR] LogOutputStream:75 - [STDERR_REDIRECT] 
2025-04-02 08:58:12,098 [ERROR] LogOutputStream:75 - [STDERR_REDIRECT] [Fatal Error] :1:1: Premature end of file.
2025-04-02 08:58:12,098 [ERROR] LogOutputStream:75 - [STDERR_REDIRECT] 
2025-04-02 08:58:13,092 [ERROR] LogOutputStream:75 - [STDERR_REDIRECT] [Fatal Error] :1:1: Premature end of file.
2025-04-02 08:58:13,092 [ERROR] LogOutputStream:75 - [STDERR_REDIRECT] 
2025-04-02 08:58:14,092 [ERROR] LogOutputStream:75 - [STDERR_REDIRECT] [Fatal Error] :1:1: Premature end of file.
2025-04-02 08:58:14,092 [ERROR] LogOutputStream:75 - [STDERR_REDIRECT] 
2025-04-02 08:58:15,082 [ERROR] LogOutputStream:75 - [STDERR_REDIRECT] [Fatal Error] :1:1: Premature end of file.
2025-04-02 08:58:15,082 [ERROR] LogOutputStream:75 - [STDERR_REDIRECT] 
2025-04-02 08:58:16,107 [ERROR] LogOutputStream:75 - [STDERR_REDIRECT] [Fatal Error] :1:1: Premature end of file.
2025-04-02 08:58:16,107 [ERROR] LogOutputStream:75 - [STDERR_REDIRECT] 
2025-04-02 08:58:17,085 [ERROR] LogOutputStream:75 - [STDERR_REDIRECT] [Fatal Error] :1:1: Premature end of file.
2025-04-02 08:58:17,085 [ERROR] LogOutputStream:75 - [STDERR_REDIRECT] 
2025-04-02 08:58:18,099 [ERROR] LogOutputStream:75 - [STDERR_REDIRECT] [Fatal Error] :1:1: Premature end of file.
2025-04-02 08:58:18,099 [ERROR] LogOutputStream:75 - [STDERR_REDIRECT] 
2025-04-02 08:58:19,088 [ERROR] LogOutputStream:75 - [STDERR_REDIRECT] [Fatal Error] :1:1: Premature end of file.
2025-04-02 08:58:19,088 [ERROR] LogOutputStream:75 - [STDERR_REDIRECT] 
2025-04-02 08:58:20,091 [ERROR] LogOutputStream:75 - [STDERR_REDIRECT] [Fatal Error] :1:1: Premature end of file.
2025-04-02 08:58:20,092 [ERROR] LogOutputStream:75 - [STDERR_REDIRECT] 
2025-04-02 08:58:21,081 [ERROR] LogOutputStream:75 - [STDERR_REDIRECT] [Fatal Error] :1:1: Premature end of file.
2025-04-02 08:58:21,081 [ERROR] LogOutputStream:75 - [STDERR_REDIRECT] 
2025-04-02 08:58:22,096 [ERROR] LogOutputStream:75 - [STDERR_REDIRECT] [Fatal Error] :1:1: Premature end of file.
2025-04-02 08:58:22,096 [ERROR] LogOutputStream:75 - [STDERR_REDIRECT] 
2025-04-02 08:58:23,096 [ERROR] LogOutputStream:75 - [STDERR_REDIRECT] [Fatal Error] :1:1: Premature end of file.
2025-04-02 08:58:23,096 [ERROR] LogOutputStream:75 - [STDERR_REDIRECT] 
2025-04-02 08:58:24,103 [ERROR] LogOutputStream:75 - [STDERR_REDIRECT] [Fatal Error] :1:1: Premature end of file.
2025-04-02 08:58:24,103 [ERROR] LogOutputStream:75 - [STDERR_REDIRECT] 
2025-04-02 08:58:25,112 [ERROR] LogOutputStream:75 - [STDERR_REDIRECT] [Fatal Error] :1:1: Premature end of file.
2025-04-02 08:58:25,112 [ERROR] LogOutputStream:75 - [STDERR_REDIRECT] 
2025-04-02 08:58:26,093 [ERROR] LogOutputStream:75 - [STDERR_REDIRECT] [Fatal Error] :1:1: Premature end of file.
2025-04-02 08:58:26,093 [ERROR] LogOutputStream:75 - [STDERR_REDIRECT] 
2025-04-02 08:58:27,086 [ERROR] LogOutputStream:75 - [STDERR_REDIRECT] [Fatal Error] :1:1: Premature end of file.
2025-04-02 08:58:27,086 [ERROR] LogOutputStream:75 - [STDERR_REDIRECT] 
2025-04-02 08:58:28,091 [ERROR] LogOutputStream:75 - [STDERR_REDIRECT] [Fatal Error] :1:1: Premature end of file.
2025-04-02 08:58:28,091 [ERROR] LogOutputStream:75 - [STDERR_REDIRECT] 
2025-04-02 08:58:29,091 [ERROR] LogOutputStream:75 - [STDERR_REDIRECT] [Fatal Error] :1:1: Premature end of file.
2025-04-02 08:58:29,091 [ERROR] LogOutputStream:75 - [STDERR_REDIRECT] 
2025-04-02 08:58:30,090 [ERROR] LogOutputStream:75 - [STDERR_REDIRECT] [Fatal Error] :1:1: Premature end of file.
2025-04-02 08:58:30,091 [ERROR] LogOutputStream:75 - [STDERR_REDIRECT] 
2025-04-02 08:58:31,095 [ERROR] LogOutputStream:75 - [STDERR_REDIRECT] [Fatal Error] :1:1: Premature end of file.
2025-04-02 08:58:31,096 [ERROR] LogOutputStream:75 - [STDERR_REDIRECT] 
2025-04-02 08:58:32,103 [ERROR] LogOutputStream:75 - [STDERR_REDIRECT] [Fatal Error] :1:1: Premature end of file.
2025-04-02 08:58:32,103 [ERROR] LogOutputStream:75 - [STDERR_REDIRECT] 
2025-04-02 08:58:33,125 [ERROR] LogOutputStream:75 - [STDERR_REDIRECT] [Fatal Error] :1:1: Premature end of file.
2025-04-02 08:58:33,125 [ERROR] LogOutputStream:75 - [STDERR_REDIRECT] 
2025-04-02 08:58:34,087 [ERROR] LogOutputStream:75 - [STDERR_REDIRECT] [Fatal Error] :1:1: Premature end of file.
2025-04-02 08:58:34,087 [ERROR] LogOutputStream:75 - [STDERR_REDIRECT] 
2025-04-02 08:58:35,105 [ERROR] LogOutputStream:75 - [STDERR_REDIRECT] [Fatal Error] :1:1: Premature end of file.
2025-04-02 08:58:35,105 [ERROR] LogOutputStream:75 - [STDERR_REDIRECT] 
2025-04-02 08:58:36,099 [ERROR] LogOutputStream:75 - [STDERR_REDIRECT] [Fatal Error] :1:1: Premature end of file.
2025-04-02 08:58:36,099 [ERROR] LogOutputStream:75 - [STDERR_REDIRECT] 
2025-04-02 08:58:37,092 [ERROR] LogOutputStream:75 - [STDERR_REDIRECT] [Fatal Error] :1:1: Premature end of file.
2025-04-02 08:58:37,092 [ERROR] LogOutputStream:75 - [STDERR_REDIRECT] 
2025-04-02 08:58:38,109 [ERROR] LogOutputStream:75 - [STDERR_REDIRECT] [Fatal Error] :1:1: Premature end of file.
2025-04-02 08:58:38,110 [ERROR] LogOutputStream:75 - [STDERR_REDIRECT] 
2025-04-02 08:58:39,081 [ERROR] LogOutputStream:75 - [STDERR_REDIRECT] [Fatal Error] :1:1: Premature end of file.
2025-04-02 08:58:39,081 [ERROR] LogOutputStream:75 - [STDERR_REDIRECT] 
2025-04-02 08:58:40,078 [ERROR] LogOutputStream:75 - [STDERR_REDIRECT] [Fatal Error] :1:1: Premature end of file.
2025-04-02 08:58:40,078 [ERROR] LogOutputStream:75 - [STDERR_REDIRECT] 
2025-04-02 08:58:41,093 [ERROR] LogOutputStream:75 - [STDERR_REDIRECT] [Fatal Error] :1:1: Premature end of file.
2025-04-02 08:58:41,094 [ERROR] LogOutputStream:75 - [STDERR_REDIRECT] 
2025-04-02 08:58:42,100 [ERROR] LogOutputStream:75 - [STDERR_REDIRECT] [Fatal Error] :1:1: Premature end of file.
2025-04-02 08:58:42,100 [ERROR] LogOutputStream:75 - [STDERR_REDIRECT] 
2025-04-02 08:58:43,100 [ERROR] LogOutputStream:75 - [STDERR_REDIRECT] [Fatal Error] :1:1: Premature end of file.
2025-04-02 08:58:43,101 [ERROR] LogOutputStream:75 - [STDERR_REDIRECT] 
2025-04-02 08:58:44,083 [ERROR] LogOutputStream:75 - [STDERR_REDIRECT] [Fatal Error] :1:1: Premature end of file.
2025-04-02 08:58:44,083 [ERROR] LogOutputStream:75 - [STDERR_REDIRECT] 
2025-04-02 08:58:45,087 [ERROR] LogOutputStream:75 - [STDERR_REDIRECT] [Fatal Error] :1:1: Premature end of file.
2025-04-02 08:58:45,087 [ERROR] LogOutputStream:75 - [STDERR_REDIRECT] 
2025-04-02 08:58:46,079 [ERROR] LogOutputStream:75 - [STDERR_REDIRECT] [Fatal Error] :1:1: Premature end of file.
2025-04-02 08:58:46,080 [ERROR] LogOutputStream:75 - [STDERR_REDIRECT] 
2025-04-02 08:58:47,089 [ERROR] LogOutputStream:75 - [STDERR_REDIRECT] [Fatal Error] :1:1: Premature end of file.
2025-04-02 08:58:47,090 [ERROR] LogOutputStream:75 - [STDERR_REDIRECT] 
2025-04-02 08:58:48,094 [ERROR] LogOutputStream:75 - [STDERR_REDIRECT] [Fatal Error] :1:1: Premature end of file.
2025-04-02 08:58:48,094 [ERROR] LogOutputStream:75 - [STDERR_REDIRECT] 
2025-04-02 08:58:49,096 [ERROR] LogOutputStream:75 - [STDERR_REDIRECT] [Fatal Error] :1:1: Premature end of file.
2025-04-02 08:58:49,096 [ERROR] LogOutputStream:75 - [STDERR_REDIRECT] 
2025-04-02 08:58:50,093 [ERROR] LogOutputStream:75 - [STDERR_REDIRECT] [Fatal Error] :1:1: Premature end of file.
2025-04-02 08:58:50,093 [ERROR] LogOutputStream:75 - [STDERR_REDIRECT] 
2025-04-02 08:58:51,094 [ERROR] LogOutputStream:75 - [STDERR_REDIRECT] [Fatal Error] :1:1: Premature end of file.
2025-04-02 08:58:51,094 [ERROR] LogOutputStream:75 - [STDERR_REDIRECT] 
2025-04-02 08:58:52,108 [ERROR] LogOutputStream:75 - [STDERR_REDIRECT] [Fatal Error] :1:1: Premature end of file.
2025-04-02 08:58:52,108 [ERROR] LogOutputStream:75 - [STDERR_REDIRECT] 
2025-04-02 08:58:53,100 [ERROR] LogOutputStream:75 - [STDERR_REDIRECT] [Fatal Error] :1:1: Premature end of file.
2025-04-02 08:58:53,101 [ERROR] LogOutputStream:75 - [STDERR_REDIRECT] 
2025-04-02 08:58:54,110 [ERROR] LogOutputStream:75 - [STDERR_REDIRECT] [Fatal Error] :1:1: Premature end of file.
2025-04-02 08:58:54,110 [ERROR] LogOutputStream:75 - [STDERR_REDIRECT] 
2025-04-02 08:58:55,088 [ERROR] LogOutputStream:75 - [STDERR_REDIRECT] [Fatal Error] :1:1: Premature end of file.
2025-04-02 08:58:55,088 [ERROR] LogOutputStream:75 - [STDERR_REDIRECT] 
2025-04-02 08:58:56,091 [ERROR] LogOutputStream:75 - [STDERR_REDIRECT] [Fatal Error] :1:1: Premature end of file.
2025-04-02 08:58:56,091 [ERROR] LogOutputStream:75 - [STDERR_REDIRECT] 
2025-04-02 08:58:57,093 [ERROR] LogOutputStream:75 - [STDERR_REDIRECT] [Fatal Error] :1:1: Premature end of file.
2025-04-02 08:58:57,093 [ERROR] LogOutputStream:75 - [STDERR_REDIRECT] 
2025-04-02 08:58:58,091 [ERROR] LogOutputStream:75 - [STDERR_REDIRECT] [Fatal Error] :1:1: Premature end of file.
2025-04-02 08:58:58,092 [ERROR] LogOutputStream:75 - [STDERR_REDIRECT] 
2025-04-02 08:58:59,087 [ERROR] LogOutputStream:75 - [STDERR_REDIRECT] [Fatal Error] :1:1: Premature end of file.
2025-04-02 08:58:59,087 [ERROR] LogOutputStream:75 - [STDERR_REDIRECT] 
2025-04-02 08:59:00,082 [ERROR] LogOutputStream:75 - [STDERR_REDIRECT] [Fatal Error] :1:1: Premature end of file.
2025-04-02 08:59:00,082 [ERROR] LogOutputStream:75 - [STDERR_REDIRECT] 
2025-04-02 08:59:01,094 [ERROR] LogOutputStream:75 - [STDERR_REDIRECT] [Fatal Error] :1:1: Premature end of file.
2025-04-02 08:59:01,095 [ERROR] LogOutputStream:75 - [STDERR_REDIRECT] 
2025-04-02 08:59:02,089 [ERROR] LogOutputStream:75 - [STDERR_REDIRECT] [Fatal Error] :1:1: Premature end of file.
2025-04-02 08:59:02,089 [ERROR] LogOutputStream:75 - [STDERR_REDIRECT] 
2025-04-02 08:59:03,103 [ERROR] LogOutputStream:75 - [STDERR_REDIRECT] [Fatal Error] :1:1: Premature end of file.
2025-04-02 08:59:03,104 [ERROR] LogOutputStream:75 - [STDERR_REDIRECT] 
2025-04-02 08:59:04,075 [ERROR] LogOutputStream:75 - [STDERR_REDIRECT] [Fatal Error] :1:1: Premature end of file.
2025-04-02 08:59:04,075 [ERROR] LogOutputStream:75 - [STDERR_REDIRECT] 
2025-04-02 08:59:05,088 [ERROR] LogOutputStream:75 - [STDERR_REDIRECT] [Fatal Error] :1:1: Premature end of file.
2025-04-02 08:59:05,088 [ERROR] LogOutputStream:75 - [STDERR_REDIRECT] 
2025-04-02 08:59:06,092 [ERROR] LogOutputStream:75 - [STDERR_REDIRECT] [Fatal Error] :1:1: Premature end of file.
2025-04-02 08:59:06,092 [ERROR] LogOutputStream:75 - [STDERR_REDIRECT] 
2025-04-02 08:59:07,103 [ERROR] LogOutputStream:75 - [STDERR_REDIRECT] [Fatal Error] :1:1: Premature end of file.
2025-04-02 08:59:07,104 [ERROR] LogOutputStream:75 - [STDERR_REDIRECT] 
2025-04-02 08:59:08,097 [ERROR] LogOutputStream:75 - [STDERR_REDIRECT] [Fatal Error] :1:1: Premature end of file.
2025-04-02 08:59:08,098 [ERROR] LogOutputStream:75 - [STDERR_REDIRECT] 
2025-04-02 08:59:09,102 [ERROR] LogOutputStream:75 - [STDERR_REDIRECT] [Fatal Error] :1:1: Premature end of file.
2025-04-02 08:59:09,102 [ERROR] LogOutputStream:75 - [STDERR_REDIRECT] 
2025-04-02 08:59:10,088 [ERROR] LogOutputStream:75 - [STDERR_REDIRECT] [Fatal Error] :1:1: Premature end of file.
2025-04-02 08:59:10,088 [ERROR] LogOutputStream:75 - [STDERR_REDIRECT] 
2025-04-02 08:59:11,096 [ERROR] LogOutputStream:75 - [STDERR_REDIRECT] [Fatal Error] :1:1: Premature end of file.
2025-04-02 08:59:11,096 [ERROR] LogOutputStream:75 - [STDERR_REDIRECT] 
2025-04-02 08:59:12,092 [ERROR] LogOutputStream:75 - [STDERR_REDIRECT] [Fatal Error] :1:1: Premature end of file.
2025-04-02 08:59:12,094 [ERROR] LogOutputStream:75 - [STDERR_REDIRECT] 
2025-04-02 08:59:13,115 [ERROR] LogOutputStream:75 - [STDERR_REDIRECT] [Fatal Error] :1:1: Premature end of file.
2025-04-02 08:59:13,117 [ERROR] LogOutputStream:75 - [STDERR_REDIRECT] 
2025-04-02 08:59:14,083 [ERROR] LogOutputStream:75 - [STDERR_REDIRECT] [Fatal Error] :1:1: Premature end of file.
2025-04-02 08:59:14,084 [ERROR] LogOutputStream:75 - [STDERR_REDIRECT] 
2025-04-02 08:59:15,082 [ERROR] LogOutputStream:75 - [STDERR_REDIRECT] [Fatal Error] :1:1: Premature end of file.
2025-04-02 08:59:15,083 [ERROR] LogOutputStream:75 - [STDERR_REDIRECT] 
2025-04-02 08:59:16,095 [ERROR] LogOutputStream:75 - [STDERR_REDIRECT] [Fatal Error] :1:1: Premature end of file.
2025-04-02 08:59:16,096 [ERROR] LogOutputStream:75 - [STDERR_REDIRECT] 
2025-04-02 08:59:17,096 [ERROR] LogOutputStream:75 - [STDERR_REDIRECT] [Fatal Error] :1:1: Premature end of file.
2025-04-02 08:59:17,096 [ERROR] LogOutputStream:75 - [STDERR_REDIRECT] 
2025-04-02 08:59:18,107 [ERROR] LogOutputStream:75 - [STDERR_REDIRECT] [Fatal Error] :1:1: Premature end of file.
2025-04-02 08:59:18,107 [ERROR] LogOutputStream:75 - [STDERR_REDIRECT] 
2025-04-02 08:59:19,100 [ERROR] LogOutputStream:75 - [STDERR_REDIRECT] [Fatal Error] :1:1: Premature end of file.
2025-04-02 08:59:19,100 [ERROR] LogOutputStream:75 - [STDERR_REDIRECT] 
2025-04-02 08:59:20,118 [ERROR] LogOutputStream:75 - [STDERR_REDIRECT] [Fatal Error] :1:1: Premature end of file.
2025-04-02 08:59:20,118 [ERROR] LogOutputStream:75 - [STDERR_REDIRECT] 
2025-04-02 08:59:21,086 [ERROR] LogOutputStream:75 - [STDERR_REDIRECT] [Fatal Error] :1:1: Premature end of file.
2025-04-02 08:59:21,086 [ERROR] LogOutputStream:75 - [STDERR_REDIRECT] 
2025-04-02 08:59:22,086 [ERROR] LogOutputStream:75 - [STDERR_REDIRECT] [Fatal Error] :1:1: Premature end of file.
2025-04-02 08:59:22,087 [ERROR] LogOutputStream:75 - [STDERR_REDIRECT] 
2025-04-02 08:59:23,090 [ERROR] LogOutputStream:75 - [STDERR_REDIRECT] [Fatal Error] :1:1: Premature end of file.
2025-04-02 08:59:23,090 [ERROR] LogOutputStream:75 - [STDERR_REDIRECT] 
2025-04-02 08:59:24,087 [ERROR] LogOutputStream:75 - [STDERR_REDIRECT] [Fatal Error] :1:1: Premature end of file.
2025-04-02 08:59:24,087 [ERROR] LogOutputStream:75 - [STDERR_REDIRECT] 
2025-04-02 08:59:25,082 [ERROR] LogOutputStream:75 - [STDERR_REDIRECT] [Fatal Error] :1:1: Premature end of file.
2025-04-02 08:59:25,082 [ERROR] LogOutputStream:75 - [STDERR_REDIRECT] 
2025-04-02 08:59:26,085 [ERROR] LogOutputStream:75 - [STDERR_REDIRECT] [Fatal Error] :1:1: Premature end of file.
2025-04-02 08:59:26,085 [ERROR] LogOutputStream:75 - [STDERR_REDIRECT] 
2025-04-02 08:59:27,095 [ERROR] LogOutputStream:75 - [STDERR_REDIRECT] [Fatal Error] :1:1: Premature end of file.
2025-04-02 08:59:27,095 [ERROR] LogOutputStream:75 - [STDERR_REDIRECT] 
2025-04-02 08:59:28,100 [ERROR] LogOutputStream:75 - [STDERR_REDIRECT] [Fatal Error] :1:1: Premature end of file.
2025-04-02 08:59:28,100 [ERROR] LogOutputStream:75 - [STDERR_REDIRECT] 
2025-04-02 08:59:29,084 [ERROR] LogOutputStream:75 - [STDERR_REDIRECT] [Fatal Error] :1:1: Premature end of file.
2025-04-02 08:59:29,085 [ERROR] LogOutputStream:75 - [STDERR_REDIRECT] 
2025-04-02 08:59:30,094 [ERROR] LogOutputStream:75 - [STDERR_REDIRECT] [Fatal Error] :1:1: Premature end of file.
2025-04-02 08:59:30,095 [ERROR] LogOutputStream:75 - [STDERR_REDIRECT] 
2025-04-02 08:59:31,104 [ERROR] LogOutputStream:75 - [STDERR_REDIRECT] [Fatal Error] :1:1: Premature end of file.
2025-04-02 08:59:31,104 [ERROR] LogOutputStream:75 - [STDERR_REDIRECT] 
2025-04-02 08:59:32,097 [ERROR] LogOutputStream:75 - [STDERR_REDIRECT] [Fatal Error] :1:1: Premature end of file.
2025-04-02 08:59:32,099 [ERROR] LogOutputStream:75 - [STDERR_REDIRECT] 
2025-04-02 08:59:33,090 [ERROR] LogOutputStream:75 - [STDERR_REDIRECT] [Fatal Error] :1:1: Premature end of file.
2025-04-02 08:59:33,090 [ERROR] LogOutputStream:75 - [STDERR_REDIRECT] 
2025-04-02 08:59:34,075 [ERROR] LogOutputStream:75 - [STDERR_REDIRECT] [Fatal Error] :1:1: Premature end of file.
2025-04-02 08:59:34,076 [ERROR] LogOutputStream:75 - [STDERR_REDIRECT] 
2025-04-02 08:59:35,078 [ERROR] LogOutputStream:75 - [STDERR_REDIRECT] [Fatal Error] :1:1: Premature end of file.
2025-04-02 08:59:35,079 [ERROR] LogOutputStream:75 - [STDERR_REDIRECT] 
2025-04-02 08:59:36,080 [ERROR] LogOutputStream:75 - [STDERR_REDIRECT] [Fatal Error] :1:1: Premature end of file.
2025-04-02 08:59:36,080 [ERROR] LogOutputStream:75 - [STDERR_REDIRECT] 
2025-04-02 08:59:37,092 [ERROR] LogOutputStream:75 - [STDERR_REDIRECT] [Fatal Error] :1:1: Premature end of file.
2025-04-02 08:59:37,093 [ERROR] LogOutputStream:75 - [STDERR_REDIRECT] 
2025-04-02 08:59:38,073 [ERROR] LogOutputStream:75 - [STDERR_REDIRECT] [Fatal Error] :1:1: Premature end of file.
2025-04-02 08:59:38,073 [ERROR] LogOutputStream:75 - [STDERR_REDIRECT] 
2025-04-02 08:59:39,093 [ERROR] LogOutputStream:75 - [STDERR_REDIRECT] [Fatal Error] :1:1: Premature end of file.
2025-04-02 08:59:39,093 [ERROR] LogOutputStream:75 - [STDERR_REDIRECT] 
2025-04-02 08:59:40,063 [ERROR] LogOutputStream:75 - [STDERR_REDIRECT] [Fatal Error] :1:1: Premature end of file.
2025-04-02 08:59:40,063 [ERROR] LogOutputStream:75 - [STDERR_REDIRECT] 
2025-04-02 08:59:41,079 [ERROR] LogOutputStream:75 - [STDERR_REDIRECT] [Fatal Error] :1:1: Premature end of file.
2025-04-02 08:59:41,079 [ERROR] LogOutputStream:75 - [STDERR_REDIRECT] 
2025-04-02 08:59:42,076 [ERROR] LogOutputStream:75 - [STDERR_REDIRECT] [Fatal Error] :1:1: Premature end of file.
2025-04-02 08:59:42,077 [ERROR] LogOutputStream:75 - [STDERR_REDIRECT] 
2025-04-02 08:59:43,076 [ERROR] LogOutputStream:75 - [STDERR_REDIRECT] [Fatal Error] :1:1: Premature end of file.
2025-04-02 08:59:43,076 [ERROR] LogOutputStream:75 - [STDERR_REDIRECT] 
2025-04-02 08:59:44,072 [ERROR] LogOutputStream:75 - [STDERR_REDIRECT] [Fatal Error] :1:1: Premature end of file.
2025-04-02 08:59:44,073 [ERROR] LogOutputStream:75 - [STDERR_REDIRECT] 
2025-04-02 08:59:45,092 [ERROR] LogOutputStream:75 - [STDERR_REDIRECT] [Fatal Error] :1:1: Premature end of file.
2025-04-02 08:59:45,093 [ERROR] LogOutputStream:75 - [STDERR_REDIRECT] 
2025-04-02 08:59:46,084 [ERROR] LogOutputStream:75 - [STDERR_REDIRECT] [Fatal Error] :1:1: Premature end of file.
2025-04-02 08:59:46,084 [ERROR] LogOutputStream:75 - [STDERR_REDIRECT] 
2025-04-02 08:59:47,105 [ERROR] LogOutputStream:75 - [STDERR_REDIRECT] [Fatal Error] :1:1: Premature end of file.
2025-04-02 08:59:47,106 [ERROR] LogOutputStream:75 - [STDERR_REDIRECT] 
2025-04-02 08:59:48,093 [ERROR] LogOutputStream:75 - [STDERR_REDIRECT] [Fatal Error] :1:1: Premature end of file.
2025-04-02 08:59:48,093 [ERROR] LogOutputStream:75 - [STDERR_REDIRECT] 
2025-04-02 08:59:49,085 [ERROR] LogOutputStream:75 - [STDERR_REDIRECT] [Fatal Error] :1:1: Premature end of file.
2025-04-02 08:59:49,085 [ERROR] LogOutputStream:75 - [STDERR_REDIRECT] 
2025-04-02 08:59:50,080 [ERROR] LogOutputStream:75 - [STDERR_REDIRECT] [Fatal Error] :1:1: Premature end of file.
2025-04-02 08:59:50,080 [ERROR] LogOutputStream:75 - [STDERR_REDIRECT] 
2025-04-02 08:59:51,099 [ERROR] LogOutputStream:75 - [STDERR_REDIRECT] [Fatal Error] :1:1: Premature end of file.
2025-04-02 08:59:51,099 [ERROR] LogOutputStream:75 - [STDERR_REDIRECT] 
2025-04-02 08:59:52,103 [ERROR] LogOutputStream:75 - [STDERR_REDIRECT] [Fatal Error] :1:1: Premature end of file.
2025-04-02 08:59:52,103 [ERROR] LogOutputStream:75 - [STDERR_REDIRECT] 
2025-04-02 08:59:53,114 [ERROR] LogOutputStream:75 - [STDERR_REDIRECT] [Fatal Error] :1:1: Premature end of file.
2025-04-02 08:59:53,114 [ERROR] LogOutputStream:75 - [STDERR_REDIRECT] 
2025-04-02 08:59:54,074 [ERROR] LogOutputStream:75 - [STDERR_REDIRECT] [Fatal Error] :1:1: Premature end of file.
2025-04-02 08:59:54,074 [ERROR] LogOutputStream:75 - [STDERR_REDIRECT] 
2025-04-02 08:59:55,147 [ERROR] LogOutputStream:75 - [STDERR_REDIRECT] [Fatal Error] :1:1: Premature end of file.
2025-04-02 08:59:55,147 [ERROR] LogOutputStream:75 - [STDERR_REDIRECT] 
2025-04-02 08:59:56,091 [ERROR] LogOutputStream:75 - [STDERR_REDIRECT] [Fatal Error] :1:1: Premature end of file.
2025-04-02 08:59:56,091 [ERROR] LogOutputStream:75 - [STDERR_REDIRECT] 
2025-04-02 08:59:57,111 [ERROR] LogOutputStream:75 - [STDERR_REDIRECT] [Fatal Error] :1:1: Premature end of file.
2025-04-02 08:59:57,112 [ERROR] LogOutputStream:75 - [STDERR_REDIRECT] 
2025-04-02 08:59:58,095 [ERROR] LogOutputStream:75 - [STDERR_REDIRECT] [Fatal Error] :1:1: Premature end of file.
2025-04-02 08:59:58,095 [ERROR] LogOutputStream:75 - [STDERR_REDIRECT] 
2025-04-02 08:59:59,121 [ERROR] LogOutputStream:75 - [STDERR_REDIRECT] [Fatal Error] :1:1: Premature end of file.
2025-04-02 08:59:59,121 [ERROR] LogOutputStream:75 - [STDERR_REDIRECT] 
2025-04-02 09:00:00,098 [ERROR] LogOutputStream:75 - [STDERR_REDIRECT] [Fatal Error] :1:1: Premature end of file.
2025-04-02 09:00:00,099 [ERROR] LogOutputStream:75 - [STDERR_REDIRECT] 
2025-04-02 09:00:01,093 [ERROR] LogOutputStream:75 - [STDERR_REDIRECT] [Fatal Error] :1:1: Premature end of file.
2025-04-02 09:00:01,093 [ERROR] LogOutputStream:75 - [STDERR_REDIRECT] 
2025-04-02 09:00:02,083 [ERROR] LogOutputStream:75 - [STDERR_REDIRECT] [Fatal Error] :1:1: Premature end of file.
2025-04-02 09:00:02,083 [ERROR] LogOutputStream:75 - [STDERR_REDIRECT] 
2025-04-02 09:00:03,094 [ERROR] LogOutputStream:75 - [STDERR_REDIRECT] [Fatal Error] :1:1: Premature end of file.
2025-04-02 09:00:03,095 [ERROR] LogOutputStream:75 - [STDERR_REDIRECT] 
2025-04-02 09:00:04,096 [ERROR] LogOutputStream:75 - [STDERR_REDIRECT] [Fatal Error] :1:1: Premature end of file.
2025-04-02 09:00:04,097 [ERROR] LogOutputStream:75 - [STDERR_REDIRECT] 
2025-04-02 09:00:05,087 [ERROR] LogOutputStream:75 - [STDERR_REDIRECT] [Fatal Error] :1:1: Premature end of file.
2025-04-02 09:00:05,087 [ERROR] LogOutputStream:75 - [STDERR_REDIRECT] 
2025-04-02 09:00:06,104 [ERROR] LogOutputStream:75 - [STDERR_REDIRECT] [Fatal Error] :1:1: Premature end of file.
2025-04-02 09:00:06,104 [ERROR] LogOutputStream:75 - [STDERR_REDIRECT] 
2025-04-02 09:00:07,121 [ERROR] LogOutputStream:75 - [STDERR_REDIRECT] [Fatal Error] :1:1: Premature end of file.
2025-04-02 09:00:07,121 [ERROR] LogOutputStream:75 - [STDERR_REDIRECT] 
2025-04-02 09:00:08,117 [ERROR] LogOutputStream:75 - [STDERR_REDIRECT] [Fatal Error] :1:1: Premature end of file.
2025-04-02 09:00:08,117 [ERROR] LogOutputStream:75 - [STDERR_REDIRECT] 
2025-04-02 09:00:09,103 [ERROR] LogOutputStream:75 - [STDERR_REDIRECT] [Fatal Error] :1:1: Premature end of file.
2025-04-02 09:00:09,103 [ERROR] LogOutputStream:75 - [STDERR_REDIRECT] 
2025-04-02 09:00:10,101 [ERROR] LogOutputStream:75 - [STDERR_REDIRECT] [Fatal Error] :1:1: Premature end of file.
2025-04-02 09:00:10,101 [ERROR] LogOutputStream:75 - [STDERR_REDIRECT] 
2025-04-02 09:00:11,107 [ERROR] LogOutputStream:75 - [STDERR_REDIRECT] [Fatal Error] :1:1: Premature end of file.
2025-04-02 09:00:11,107 [ERROR] LogOutputStream:75 - [STDERR_REDIRECT] 
2025-04-02 09:00:12,090 [ERROR] LogOutputStream:75 - [STDERR_REDIRECT] [Fatal Error] :1:1: Premature end of file.
2025-04-02 09:00:12,090 [ERROR] LogOutputStream:75 - [STDERR_REDIRECT] 
2025-04-02 09:00:13,116 [ERROR] LogOutputStream:75 - [STDERR_REDIRECT] [Fatal Error] :1:1: Premature end of file.
2025-04-02 09:00:13,117 [ERROR] LogOutputStream:75 - [STDERR_REDIRECT] 
2025-04-02 09:00:14,097 [ERROR] LogOutputStream:75 - [STDERR_REDIRECT] [Fatal Error] :1:1: Premature end of file.
2025-04-02 09:00:14,097 [ERROR] LogOutputStream:75 - [STDERR_REDIRECT] 
2025-04-02 09:00:15,087 [ERROR] LogOutputStream:75 - [STDERR_REDIRECT] [Fatal Error] :1:1: Premature end of file.
2025-04-02 09:00:15,087 [ERROR] LogOutputStream:75 - [STDERR_REDIRECT] 
2025-04-02 09:00:16,095 [ERROR] LogOutputStream:75 - [STDERR_REDIRECT] [Fatal Error] :1:1: Premature end of file.
2025-04-02 09:00:16,095 [ERROR] LogOutputStream:75 - [STDERR_REDIRECT] 
2025-04-02 09:00:17,057 [ERROR] LogOutputStream:75 - [STDERR_REDIRECT] [Fatal Error] :1:1: Premature end of file.
2025-04-02 09:00:17,057 [ERROR] LogOutputStream:75 - [STDERR_REDIRECT] 
2025-04-02 09:00:18,106 [ERROR] LogOutputStream:75 - [STDERR_REDIRECT] [Fatal Error] :1:1: Premature end of file.
2025-04-02 09:00:18,106 [ERROR] LogOutputStream:75 - [STDERR_REDIRECT] 
2025-04-02 09:00:19,111 [ERROR] LogOutputStream:75 - [STDERR_REDIRECT] [Fatal Error] :1:1: Premature end of file.
2025-04-02 09:00:19,112 [ERROR] LogOutputStream:75 - [STDERR_REDIRECT] 
2025-04-02 09:00:20,100 [ERROR] LogOutputStream:75 - [STDERR_REDIRECT] [Fatal Error] :1:1: Premature end of file.
2025-04-02 09:00:20,100 [ERROR] LogOutputStream:75 - [STDERR_REDIRECT] 
2025-04-02 09:00:21,101 [ERROR] LogOutputStream:75 - [STDERR_REDIRECT] [Fatal Error] :1:1: Premature end of file.
2025-04-02 09:00:21,102 [ERROR] LogOutputStream:75 - [STDERR_REDIRECT] 
2025-04-02 09:00:22,094 [ERROR] LogOutputStream:75 - [STDERR_REDIRECT] [Fatal Error] :1:1: Premature end of file.
2025-04-02 09:00:22,094 [ERROR] LogOutputStream:75 - [STDERR_REDIRECT] 
2025-04-02 09:00:23,136 [ERROR] LogOutputStream:75 - [STDERR_REDIRECT] [Fatal Error] :1:1: Premature end of file.
2025-04-02 09:00:23,137 [ERROR] LogOutputStream:75 - [STDERR_REDIRECT] 
2025-04-02 09:00:24,094 [ERROR] LogOutputStream:75 - [STDERR_REDIRECT] [Fatal Error] :1:1: Premature end of file.
2025-04-02 09:00:24,095 [ERROR] LogOutputStream:75 - [STDERR_REDIRECT] 
2025-04-02 09:00:25,097 [ERROR] LogOutputStream:75 - [STDERR_REDIRECT] [Fatal Error] :1:1: Premature end of file.
2025-04-02 09:00:25,097 [ERROR] LogOutputStream:75 - [STDERR_REDIRECT] 
2025-04-02 09:00:26,134 [ERROR] LogOutputStream:75 - [STDERR_REDIRECT] [Fatal Error] :1:1: Premature end of file.
2025-04-02 09:00:26,135 [ERROR] LogOutputStream:75 - [STDERR_REDIRECT] 
2025-04-02 09:00:27,153 [ERROR] LogOutputStream:75 - [STDERR_REDIRECT] [Fatal Error] :1:1: Premature end of file.
2025-04-02 09:00:27,154 [ERROR] LogOutputStream:75 - [STDERR_REDIRECT] 
2025-04-02 09:00:28,111 [ERROR] LogOutputStream:75 - [STDERR_REDIRECT] [Fatal Error] :1:1: Premature end of file.
2025-04-02 09:00:28,111 [ERROR] LogOutputStream:75 - [STDERR_REDIRECT] 
2025-04-02 09:00:29,104 [ERROR] LogOutputStream:75 - [STDERR_REDIRECT] [Fatal Error] :1:1: Premature end of file.
2025-04-02 09:00:29,105 [ERROR] LogOutputStream:75 - [STDERR_REDIRECT] 
2025-04-02 09:00:30,084 [ERROR] LogOutputStream:75 - [STDERR_REDIRECT] [Fatal Error] :1:1: Premature end of file.
2025-04-02 09:00:30,084 [ERROR] LogOutputStream:75 - [STDERR_REDIRECT] 
2025-04-02 09:00:31,105 [ERROR] LogOutputStream:75 - [STDERR_REDIRECT] [Fatal Error] :1:1: Premature end of file.
2025-04-02 09:00:31,105 [ERROR] LogOutputStream:75 - [STDERR_REDIRECT] 
2025-04-02 09:00:32,110 [ERROR] LogOutputStream:75 - [STDERR_REDIRECT] [Fatal Error] :1:1: Premature end of file.
2025-04-02 09:00:32,110 [ERROR] LogOutputStream:75 - [STDERR_REDIRECT] 
2025-04-02 09:00:33,105 [ERROR] LogOutputStream:75 - [STDERR_REDIRECT] [Fatal Error] :1:1: Premature end of file.
2025-04-02 09:00:33,105 [ERROR] LogOutputStream:75 - [STDERR_REDIRECT] 
2025-04-02 09:00:34,103 [ERROR] LogOutputStream:75 - [STDERR_REDIRECT] [Fatal Error] :1:1: Premature end of file.
2025-04-02 09:00:34,103 [ERROR] LogOutputStream:75 - [STDERR_REDIRECT] 
2025-04-02 09:00:35,103 [ERROR] LogOutputStream:75 - [STDERR_REDIRECT] [Fatal Error] :1:1: Premature end of file.
2025-04-02 09:00:35,104 [ERROR] LogOutputStream:75 - [STDERR_REDIRECT] 
2025-04-02 09:00:36,113 [ERROR] LogOutputStream:75 - [STDERR_REDIRECT] [Fatal Error] :1:1: Premature end of file.
2025-04-02 09:00:36,113 [ERROR] LogOutputStream:75 - [STDERR_REDIRECT] 
2025-04-02 09:00:37,109 [ERROR] LogOutputStream:75 - [STDERR_REDIRECT] [Fatal Error] :1:1: Premature end of file.
2025-04-02 09:00:37,109 [ERROR] LogOutputStream:75 - [STDERR_REDIRECT] 
2025-04-02 09:00:38,082 [ERROR] LogOutputStream:75 - [STDERR_REDIRECT] [Fatal Error] :1:1: Premature end of file.
2025-04-02 09:00:38,082 [ERROR] LogOutputStream:75 - [STDERR_REDIRECT] 
2025-04-02 09:00:39,097 [ERROR] LogOutputStream:75 - [STDERR_REDIRECT] [Fatal Error] :1:1: Premature end of file.
2025-04-02 09:00:39,097 [ERROR] LogOutputStream:75 - [STDERR_REDIRECT] 
2025-04-02 09:00:40,084 [ERROR] LogOutputStream:75 - [STDERR_REDIRECT] [Fatal Error] :1:1: Premature end of file.
2025-04-02 09:00:40,084 [ERROR] LogOutputStream:75 - [STDERR_REDIRECT] 
2025-04-02 09:00:41,089 [ERROR] LogOutputStream:75 - [STDERR_REDIRECT] [Fatal Error] :1:1: Premature end of file.
2025-04-02 09:00:41,090 [ERROR] LogOutputStream:75 - [STDERR_REDIRECT] 
2025-04-02 09:00:42,095 [ERROR] LogOutputStream:75 - [STDERR_REDIRECT] [Fatal Error] :1:1: Premature end of file.
2025-04-02 09:00:42,096 [ERROR] LogOutputStream:75 - [STDERR_REDIRECT] 
2025-04-02 09:00:43,096 [ERROR] LogOutputStream:75 - [STDERR_REDIRECT] [Fatal Error] :1:1: Premature end of file.
2025-04-02 09:00:43,097 [ERROR] LogOutputStream:75 - [STDERR_REDIRECT] 
2025-04-02 09:00:44,089 [ERROR] LogOutputStream:75 - [STDERR_REDIRECT] [Fatal Error] :1:1: Premature end of file.
2025-04-02 09:00:44,090 [ERROR] LogOutputStream:75 - [STDERR_REDIRECT] 
2025-04-02 09:00:45,093 [ERROR] LogOutputStream:75 - [STDERR_REDIRECT] [Fatal Error] :1:1: Premature end of file.
2025-04-02 09:00:45,093 [ERROR] LogOutputStream:75 - [STDERR_REDIRECT] 
2025-04-02 09:00:46,100 [ERROR] LogOutputStream:75 - [STDERR_REDIRECT] [Fatal Error] :1:1: Premature end of file.
2025-04-02 09:00:46,101 [ERROR] LogOutputStream:75 - [STDERR_REDIRECT] 
2025-04-02 09:00:47,094 [ERROR] LogOutputStream:75 - [STDERR_REDIRECT] [Fatal Error] :1:1: Premature end of file.
2025-04-02 09:00:47,094 [ERROR] LogOutputStream:75 - [STDERR_REDIRECT] 
2025-04-02 09:00:48,092 [ERROR] LogOutputStream:75 - [STDERR_REDIRECT] [Fatal Error] :1:1: Premature end of file.
2025-04-02 09:00:48,092 [ERROR] LogOutputStream:75 - [STDERR_REDIRECT] 
2025-04-02 09:00:49,087 [ERROR] LogOutputStream:75 - [STDERR_REDIRECT] [Fatal Error] :1:1: Premature end of file.
2025-04-02 09:00:49,087 [ERROR] LogOutputStream:75 - [STDERR_REDIRECT] 
2025-04-02 09:00:50,091 [ERROR] LogOutputStream:75 - [STDERR_REDIRECT] [Fatal Error] :1:1: Premature end of file.
2025-04-02 09:00:50,092 [ERROR] LogOutputStream:75 - [STDERR_REDIRECT] 
2025-04-02 09:00:51,096 [ERROR] LogOutputStream:75 - [STDERR_REDIRECT] [Fatal Error] :1:1: Premature end of file.
2025-04-02 09:00:51,096 [ERROR] LogOutputStream:75 - [STDERR_REDIRECT] 
2025-04-02 09:00:52,087 [ERROR] LogOutputStream:75 - [STDERR_REDIRECT] [Fatal Error] :1:1: Premature end of file.
2025-04-02 09:00:52,087 [ERROR] LogOutputStream:75 - [STDERR_REDIRECT] 
2025-04-02 09:00:53,092 [ERROR] LogOutputStream:75 - [STDERR_REDIRECT] [Fatal Error] :1:1: Premature end of file.
2025-04-02 09:00:53,092 [ERROR] LogOutputStream:75 - [STDERR_REDIRECT] 
2025-04-02 09:00:54,090 [ERROR] LogOutputStream:75 - [STDERR_REDIRECT] [Fatal Error] :1:1: Premature end of file.
2025-04-02 09:00:54,090 [ERROR] LogOutputStream:75 - [STDERR_REDIRECT] 
2025-04-02 09:00:55,091 [ERROR] LogOutputStream:75 - [STDERR_REDIRECT] [Fatal Error] :1:1: Premature end of file.
2025-04-02 09:00:55,092 [ERROR] LogOutputStream:75 - [STDERR_REDIRECT] 
2025-04-02 09:00:56,110 [ERROR] LogOutputStream:75 - [STDERR_REDIRECT] [Fatal Error] :1:1: Premature end of file.
2025-04-02 09:00:56,110 [ERROR] LogOutputStream:75 - [STDERR_REDIRECT] 
2025-04-02 09:00:57,101 [ERROR] LogOutputStream:75 - [STDERR_REDIRECT] [Fatal Error] :1:1: Premature end of file.
2025-04-02 09:00:57,101 [ERROR] LogOutputStream:75 - [STDERR_REDIRECT] 
2025-04-02 09:00:58,093 [ERROR] LogOutputStream:75 - [STDERR_REDIRECT] [Fatal Error] :1:1: Premature end of file.
2025-04-02 09:00:58,094 [ERROR] LogOutputStream:75 - [STDERR_REDIRECT] 
2025-04-02 09:00:59,125 [ERROR] LogOutputStream:75 - [STDERR_REDIRECT] [Fatal Error] :1:1: Premature end of file.
2025-04-02 09:00:59,125 [ERROR] LogOutputStream:75 - [STDERR_REDIRECT] 
2025-04-02 09:01:00,095 [ERROR] LogOutputStream:75 - [STDERR_REDIRECT] [Fatal Error] :1:1: Premature end of file.
2025-04-02 09:01:00,095 [ERROR] LogOutputStream:75 - [STDERR_REDIRECT] 
2025-04-02 09:01:01,082 [ERROR] LogOutputStream:75 - [STDERR_REDIRECT] [Fatal Error] :1:1: Premature end of file.
2025-04-02 09:01:01,082 [ERROR] LogOutputStream:75 - [STDERR_REDIRECT] 
2025-04-02 09:01:02,101 [ERROR] LogOutputStream:75 - [STDERR_REDIRECT] [Fatal Error] :1:1: Premature end of file.
2025-04-02 09:01:02,101 [ERROR] LogOutputStream:75 - [STDERR_REDIRECT] 
2025-04-02 09:01:03,088 [ERROR] LogOutputStream:75 - [STDERR_REDIRECT] [Fatal Error] :1:1: Premature end of file.
2025-04-02 09:01:03,088 [ERROR] LogOutputStream:75 - [STDERR_REDIRECT] 
2025-04-02 09:01:04,082 [ERROR] LogOutputStream:75 - [STDERR_REDIRECT] [Fatal Error] :1:1: Premature end of file.
2025-04-02 09:01:04,082 [ERROR] LogOutputStream:75 - [STDERR_REDIRECT] 
2025-04-02 09:01:05,082 [ERROR] LogOutputStream:75 - [STDERR_REDIRECT] [Fatal Error] :1:1: Premature end of file.
2025-04-02 09:01:05,082 [ERROR] LogOutputStream:75 - [STDERR_REDIRECT] 
2025-04-02 09:01:06,102 [ERROR] LogOutputStream:75 - [STDERR_REDIRECT] [Fatal Error] :1:1: Premature end of file.
2025-04-02 09:01:06,102 [ERROR] LogOutputStream:75 - [STDERR_REDIRECT] 
2025-04-02 09:01:07,104 [ERROR] LogOutputStream:75 - [STDERR_REDIRECT] [Fatal Error] :1:1: Premature end of file.
2025-04-02 09:01:07,105 [ERROR] LogOutputStream:75 - [STDERR_REDIRECT] 
2025-04-02 09:01:08,116 [ERROR] LogOutputStream:75 - [STDERR_REDIRECT] [Fatal Error] :1:1: Premature end of file.
2025-04-02 09:01:08,116 [ERROR] LogOutputStream:75 - [STDERR_REDIRECT] 
2025-04-02 09:01:09,109 [ERROR] LogOutputStream:75 - [STDERR_REDIRECT] [Fatal Error] :1:1: Premature end of file.
2025-04-02 09:01:09,110 [ERROR] LogOutputStream:75 - [STDERR_REDIRECT] 
2025-04-02 09:01:10,106 [ERROR] LogOutputStream:75 - [STDERR_REDIRECT] [Fatal Error] :1:1: Premature end of file.
2025-04-02 09:01:10,106 [ERROR] LogOutputStream:75 - [STDERR_REDIRECT] 
2025-04-02 09:01:11,094 [ERROR] LogOutputStream:75 - [STDERR_REDIRECT] [Fatal Error] :1:1: Premature end of file.
2025-04-02 09:01:11,095 [ERROR] LogOutputStream:75 - [STDERR_REDIRECT] 
2025-04-02 09:01:12,101 [ERROR] LogOutputStream:75 - [STDERR_REDIRECT] [Fatal Error] :1:1: Premature end of file.
2025-04-02 09:01:12,101 [ERROR] LogOutputStream:75 - [STDERR_REDIRECT] 
2025-04-02 09:01:13,093 [ERROR] LogOutputStream:75 - [STDERR_REDIRECT] [Fatal Error] :1:1: Premature end of file.
2025-04-02 09:01:13,093 [ERROR] LogOutputStream:75 - [STDERR_REDIRECT] 
2025-04-02 09:01:14,096 [ERROR] LogOutputStream:75 - [STDERR_REDIRECT] [Fatal Error] :1:1: Premature end of file.
2025-04-02 09:01:14,097 [ERROR] LogOutputStream:75 - [STDERR_REDIRECT] 
2025-04-02 09:01:15,110 [ERROR] LogOutputStream:75 - [STDERR_REDIRECT] [Fatal Error] :1:1: Premature end of file.
2025-04-02 09:01:15,111 [ERROR] LogOutputStream:75 - [STDERR_REDIRECT] 
2025-04-02 09:01:16,097 [ERROR] LogOutputStream:75 - [STDERR_REDIRECT] [Fatal Error] :1:1: Premature end of file.
2025-04-02 09:01:16,098 [ERROR] LogOutputStream:75 - [STDERR_REDIRECT] 
2025-04-02 09:01:17,094 [ERROR] LogOutputStream:75 - [STDERR_REDIRECT] [Fatal Error] :1:1: Premature end of file.
2025-04-02 09:01:17,094 [ERROR] LogOutputStream:75 - [STDERR_REDIRECT] 
2025-04-02 09:01:18,092 [ERROR] LogOutputStream:75 - [STDERR_REDIRECT] [Fatal Error] :1:1: Premature end of file.
2025-04-02 09:01:18,092 [ERROR] LogOutputStream:75 - [STDERR_REDIRECT] 
2025-04-02 09:01:19,098 [ERROR] LogOutputStream:75 - [STDERR_REDIRECT] [Fatal Error] :1:1: Premature end of file.
2025-04-02 09:01:19,098 [ERROR] LogOutputStream:75 - [STDERR_REDIRECT] 
2025-04-02 09:01:20,094 [ERROR] LogOutputStream:75 - [STDERR_REDIRECT] [Fatal Error] :1:1: Premature end of file.
2025-04-02 09:01:20,095 [ERROR] LogOutputStream:75 - [STDERR_REDIRECT] 
2025-04-02 09:01:21,097 [ERROR] LogOutputStream:75 - [STDERR_REDIRECT] [Fatal Error] :1:1: Premature end of file.
2025-04-02 09:01:21,097 [ERROR] LogOutputStream:75 - [STDERR_REDIRECT] 
2025-04-02 09:01:22,095 [ERROR] LogOutputStream:75 - [STDERR_REDIRECT] [Fatal Error] :1:1: Premature end of file.
2025-04-02 09:01:22,096 [ERROR] LogOutputStream:75 - [STDERR_REDIRECT] 
2025-04-02 09:01:23,075 [ERROR] LogOutputStream:75 - [STDERR_REDIRECT] [Fatal Error] :1:1: Premature end of file.
2025-04-02 09:01:23,075 [ERROR] LogOutputStream:75 - [STDERR_REDIRECT] 
2025-04-02 09:01:24,090 [ERROR] LogOutputStream:75 - [STDERR_REDIRECT] [Fatal Error] :1:1: Premature end of file.
2025-04-02 09:01:24,091 [ERROR] LogOutputStream:75 - [STDERR_REDIRECT] 
2025-04-02 09:01:25,100 [ERROR] LogOutputStream:75 - [STDERR_REDIRECT] [Fatal Error] :1:1: Premature end of file.
2025-04-02 09:01:25,100 [ERROR] LogOutputStream:75 - [STDERR_REDIRECT] 
2025-04-02 09:01:26,117 [ERROR] LogOutputStream:75 - [STDERR_REDIRECT] [Fatal Error] :1:1: Premature end of file.
2025-04-02 09:01:26,117 [ERROR] LogOutputStream:75 - [STDERR_REDIRECT] 
2025-04-02 09:01:27,113 [ERROR] LogOutputStream:75 - [STDERR_REDIRECT] [Fatal Error] :1:1: Premature end of file.
2025-04-02 09:01:27,114 [ERROR] LogOutputStream:75 - [STDERR_REDIRECT] 
2025-04-02 09:01:28,116 [ERROR] LogOutputStream:75 - [STDERR_REDIRECT] [Fatal Error] :1:1: Premature end of file.
2025-04-02 09:01:28,117 [ERROR] LogOutputStream:75 - [STDERR_REDIRECT] 
2025-04-02 09:01:29,112 [ERROR] LogOutputStream:75 - [STDERR_REDIRECT] [Fatal Error] :1:1: Premature end of file.
2025-04-02 09:01:29,112 [ERROR] LogOutputStream:75 - [STDERR_REDIRECT] 
2025-04-02 09:01:30,111 [ERROR] LogOutputStream:75 - [STDERR_REDIRECT] [Fatal Error] :1:1: Premature end of file.
2025-04-02 09:01:30,112 [ERROR] LogOutputStream:75 - [STDERR_REDIRECT] 
2025-04-02 09:01:31,084 [ERROR] LogOutputStream:75 - [STDERR_REDIRECT] [Fatal Error] :1:1: Premature end of file.
2025-04-02 09:01:31,084 [ERROR] LogOutputStream:75 - [STDERR_REDIRECT] 
2025-04-02 09:01:32,104 [ERROR] LogOutputStream:75 - [STDERR_REDIRECT] [Fatal Error] :1:1: Premature end of file.
2025-04-02 09:01:32,105 [ERROR] LogOutputStream:75 - [STDERR_REDIRECT] 
2025-04-02 09:01:33,104 [ERROR] LogOutputStream:75 - [STDERR_REDIRECT] [Fatal Error] :1:1: Premature end of file.
2025-04-02 09:01:33,105 [ERROR] LogOutputStream:75 - [STDERR_REDIRECT] 
2025-04-02 09:01:34,123 [ERROR] LogOutputStream:75 - [STDERR_REDIRECT] [Fatal Error] :1:1: Premature end of file.
2025-04-02 09:01:34,124 [ERROR] LogOutputStream:75 - [STDERR_REDIRECT] 
2025-04-02 09:01:35,114 [ERROR] LogOutputStream:75 - [STDERR_REDIRECT] [Fatal Error] :1:1: Premature end of file.
2025-04-02 09:01:35,114 [ERROR] LogOutputStream:75 - [STDERR_REDIRECT] 
2025-04-02 09:01:36,101 [ERROR] LogOutputStream:75 - [STDERR_REDIRECT] [Fatal Error] :1:1: Premature end of file.
2025-04-02 09:01:36,102 [ERROR] LogOutputStream:75 - [STDERR_REDIRECT] 
2025-04-02 09:01:37,098 [ERROR] LogOutputStream:75 - [STDERR_REDIRECT] [Fatal Error] :1:1: Premature end of file.
2025-04-02 09:01:37,098 [ERROR] LogOutputStream:75 - [STDERR_REDIRECT] 
2025-04-02 09:01:38,114 [ERROR] LogOutputStream:75 - [STDERR_REDIRECT] [Fatal Error] :1:1: Premature end of file.
2025-04-02 09:01:38,114 [ERROR] LogOutputStream:75 - [STDERR_REDIRECT] 
2025-04-02 09:01:39,102 [ERROR] LogOutputStream:75 - [STDERR_REDIRECT] [Fatal Error] :1:1: Premature end of file.
2025-04-02 09:01:39,103 [ERROR] LogOutputStream:75 - [STDERR_REDIRECT] 
2025-04-02 09:01:40,096 [ERROR] LogOutputStream:75 - [STDERR_REDIRECT] [Fatal Error] :1:1: Premature end of file.
2025-04-02 09:01:40,097 [ERROR] LogOutputStream:75 - [STDERR_REDIRECT] 
2025-04-02 09:01:41,104 [ERROR] LogOutputStream:75 - [STDERR_REDIRECT] [Fatal Error] :1:1: Premature end of file.
2025-04-02 09:01:41,105 [ERROR] LogOutputStream:75 - [STDERR_REDIRECT] 
2025-04-02 09:01:42,115 [ERROR] LogOutputStream:75 - [STDERR_REDIRECT] [Fatal Error] :1:1: Premature end of file.
2025-04-02 09:01:42,115 [ERROR] LogOutputStream:75 - [STDERR_REDIRECT] 
2025-04-02 09:01:43,065 [ERROR] LogOutputStream:75 - [STDERR_REDIRECT] [Fatal Error] :1:1: Premature end of file.
2025-04-02 09:01:43,065 [ERROR] LogOutputStream:75 - [STDERR_REDIRECT] 
2025-04-02 09:01:44,087 [ERROR] LogOutputStream:75 - [STDERR_REDIRECT] [Fatal Error] :1:1: Premature end of file.
2025-04-02 09:01:44,088 [ERROR] LogOutputStream:75 - [STDERR_REDIRECT] 
2025-04-02 09:01:45,075 [ERROR] LogOutputStream:75 - [STDERR_REDIRECT] [Fatal Error] :1:1: Premature end of file.
2025-04-02 09:01:45,075 [ERROR] LogOutputStream:75 - [STDERR_REDIRECT] 
2025-04-02 09:01:46,139 [ERROR] LogOutputStream:75 - [STDERR_REDIRECT] [Fatal Error] :1:1: Premature end of file.
2025-04-02 09:01:46,139 [ERROR] LogOutputStream:75 - [STDERR_REDIRECT] 
2025-04-02 09:01:47,089 [ERROR] LogOutputStream:75 - [STDERR_REDIRECT] [Fatal Error] :1:1: Premature end of file.
2025-04-02 09:01:47,089 [ERROR] LogOutputStream:75 - [STDERR_REDIRECT] 
2025-04-02 09:01:48,079 [ERROR] LogOutputStream:75 - [STDERR_REDIRECT] [Fatal Error] :1:1: Premature end of file.
2025-04-02 09:01:48,079 [ERROR] LogOutputStream:75 - [STDERR_REDIRECT] 
2025-04-02 09:01:49,074 [ERROR] LogOutputStream:75 - [STDERR_REDIRECT] [Fatal Error] :1:1: Premature end of file.
2025-04-02 09:01:49,074 [ERROR] LogOutputStream:75 - [STDERR_REDIRECT] 
2025-04-02 09:01:50,073 [ERROR] LogOutputStream:75 - [STDERR_REDIRECT] [Fatal Error] :1:1: Premature end of file.
2025-04-02 09:01:50,073 [ERROR] LogOutputStream:75 - [STDERR_REDIRECT] 
2025-04-02 09:01:51,075 [ERROR] LogOutputStream:75 - [STDERR_REDIRECT] [Fatal Error] :1:1: Premature end of file.
2025-04-02 09:01:51,075 [ERROR] LogOutputStream:75 - [STDERR_REDIRECT] 
2025-04-02 09:01:52,085 [ERROR] LogOutputStream:75 - [STDERR_REDIRECT] [Fatal Error] :1:1: Premature end of file.
2025-04-02 09:01:52,085 [ERROR] LogOutputStream:75 - [STDERR_REDIRECT] 
2025-04-02 09:01:53,095 [ERROR] LogOutputStream:75 - [STDERR_REDIRECT] [Fatal Error] :1:1: Premature end of file.
2025-04-02 09:01:53,095 [ERROR] LogOutputStream:75 - [STDERR_REDIRECT] 
2025-04-02 09:01:54,100 [ERROR] LogOutputStream:75 - [STDERR_REDIRECT] [Fatal Error] :1:1: Premature end of file.
2025-04-02 09:01:54,100 [ERROR] LogOutputStream:75 - [STDERR_REDIRECT] 
2025-04-02 09:01:55,103 [ERROR] LogOutputStream:75 - [STDERR_REDIRECT] [Fatal Error] :1:1: Premature end of file.
2025-04-02 09:01:55,103 [ERROR] LogOutputStream:75 - [STDERR_REDIRECT] 
2025-04-02 09:01:56,093 [ERROR] LogOutputStream:75 - [STDERR_REDIRECT] [Fatal Error] :1:1: Premature end of file.
2025-04-02 09:01:56,093 [ERROR] LogOutputStream:75 - [STDERR_REDIRECT] 
2025-04-02 09:01:57,076 [ERROR] LogOutputStream:75 - [STDERR_REDIRECT] [Fatal Error] :1:1: Premature end of file.
2025-04-02 09:01:57,076 [ERROR] LogOutputStream:75 - [STDERR_REDIRECT] 
2025-04-02 09:01:58,098 [ERROR] LogOutputStream:75 - [STDERR_REDIRECT] [Fatal Error] :1:1: Premature end of file.
2025-04-02 09:01:58,099 [ERROR] LogOutputStream:75 - [STDERR_REDIRECT] 
2025-04-02 09:01:59,111 [ERROR] LogOutputStream:75 - [STDERR_REDIRECT] [Fatal Error] :1:1: Premature end of file.
2025-04-02 09:01:59,111 [ERROR] LogOutputStream:75 - [STDERR_REDIRECT] 
2025-04-02 09:02:00,092 [ERROR] LogOutputStream:75 - [STDERR_REDIRECT] [Fatal Error] :1:1: Premature end of file.
2025-04-02 09:02:00,093 [ERROR] LogOutputStream:75 - [STDERR_REDIRECT] 
2025-04-02 09:02:01,085 [ERROR] LogOutputStream:75 - [STDERR_REDIRECT] [Fatal Error] :1:1: Premature end of file.
2025-04-02 09:02:01,086 [ERROR] LogOutputStream:75 - [STDERR_REDIRECT] 
2025-04-02 09:02:02,090 [ERROR] LogOutputStream:75 - [STDERR_REDIRECT] [Fatal Error] :1:1: Premature end of file.
2025-04-02 09:02:02,090 [ERROR] LogOutputStream:75 - [STDERR_REDIRECT] 
2025-04-02 09:02:03,094 [ERROR] LogOutputStream:75 - [STDERR_REDIRECT] [Fatal Error] :1:1: Premature end of file.
2025-04-02 09:02:03,094 [ERROR] LogOutputStream:75 - [STDERR_REDIRECT] 
2025-04-02 09:02:04,092 [ERROR] LogOutputStream:75 - [STDERR_REDIRECT] [Fatal Error] :1:1: Premature end of file.
2025-04-02 09:02:04,092 [ERROR] LogOutputStream:75 - [STDERR_REDIRECT] 
2025-04-02 09:02:05,101 [ERROR] LogOutputStream:75 - [STDERR_REDIRECT] [Fatal Error] :1:1: Premature end of file.
2025-04-02 09:02:05,101 [ERROR] LogOutputStream:75 - [STDERR_REDIRECT] 
2025-04-02 09:02:06,094 [ERROR] LogOutputStream:75 - [STDERR_REDIRECT] [Fatal Error] :1:1: Premature end of file.
2025-04-02 09:02:06,094 [ERROR] LogOutputStream:75 - [STDERR_REDIRECT] 
2025-04-02 09:02:07,074 [ERROR] LogOutputStream:75 - [STDERR_REDIRECT] [Fatal Error] :1:1: Premature end of file.
2025-04-02 09:02:07,074 [ERROR] LogOutputStream:75 - [STDERR_REDIRECT] 
2025-04-02 09:02:08,091 [ERROR] LogOutputStream:75 - [STDERR_REDIRECT] [Fatal Error] :1:1: Premature end of file.
2025-04-02 09:02:08,091 [ERROR] LogOutputStream:75 - [STDERR_REDIRECT] 
2025-04-02 09:02:09,100 [ERROR] LogOutputStream:75 - [STDERR_REDIRECT] [Fatal Error] :1:1: Premature end of file.
2025-04-02 09:02:09,101 [ERROR] LogOutputStream:75 - [STDERR_REDIRECT] 
2025-04-02 09:02:10,090 [ERROR] LogOutputStream:75 - [STDERR_REDIRECT] [Fatal Error] :1:1: Premature end of file.
2025-04-02 09:02:10,090 [ERROR] LogOutputStream:75 - [STDERR_REDIRECT] 
2025-04-02 09:02:11,093 [ERROR] LogOutputStream:75 - [STDERR_REDIRECT] [Fatal Error] :1:1: Premature end of file.
2025-04-02 09:02:11,093 [ERROR] LogOutputStream:75 - [STDERR_REDIRECT] 
2025-04-02 09:02:12,079 [ERROR] LogOutputStream:75 - [STDERR_REDIRECT] [Fatal Error] :1:1: Premature end of file.
2025-04-02 09:02:12,079 [ERROR] LogOutputStream:75 - [STDERR_REDIRECT] 
2025-04-02 09:02:13,082 [ERROR] LogOutputStream:75 - [STDERR_REDIRECT] [Fatal Error] :1:1: Premature end of file.
2025-04-02 09:02:13,082 [ERROR] LogOutputStream:75 - [STDERR_REDIRECT] 
2025-04-02 09:02:14,076 [ERROR] LogOutputStream:75 - [STDERR_REDIRECT] [Fatal Error] :1:1: Premature end of file.
2025-04-02 09:02:14,076 [ERROR] LogOutputStream:75 - [STDERR_REDIRECT] 
2025-04-02 09:02:15,089 [ERROR] LogOutputStream:75 - [STDERR_REDIRECT] [Fatal Error] :1:1: Premature end of file.
2025-04-02 09:02:15,089 [ERROR] LogOutputStream:75 - [STDERR_REDIRECT] 
2025-04-02 09:02:16,083 [ERROR] LogOutputStream:75 - [STDERR_REDIRECT] [Fatal Error] :1:1: Premature end of file.
2025-04-02 09:02:16,083 [ERROR] LogOutputStream:75 - [STDERR_REDIRECT] 
2025-04-02 09:02:17,082 [ERROR] LogOutputStream:75 - [STDERR_REDIRECT] [Fatal Error] :1:1: Premature end of file.
2025-04-02 09:02:17,082 [ERROR] LogOutputStream:75 - [STDERR_REDIRECT] 
2025-04-02 09:02:18,083 [ERROR] LogOutputStream:75 - [STDERR_REDIRECT] [Fatal Error] :1:1: Premature end of file.
2025-04-02 09:02:18,083 [ERROR] LogOutputStream:75 - [STDERR_REDIRECT] 
2025-04-02 09:02:19,096 [ERROR] LogOutputStream:75 - [STDERR_REDIRECT] [Fatal Error] :1:1: Premature end of file.
2025-04-02 09:02:19,096 [ERROR] LogOutputStream:75 - [STDERR_REDIRECT] 
2025-04-02 09:02:20,093 [ERROR] LogOutputStream:75 - [STDERR_REDIRECT] [Fatal Error] :1:1: Premature end of file.
2025-04-02 09:02:20,094 [ERROR] LogOutputStream:75 - [STDERR_REDIRECT] 
2025-04-02 09:02:21,107 [ERROR] LogOutputStream:75 - [STDERR_REDIRECT] [Fatal Error] :1:1: Premature end of file.
2025-04-02 09:02:21,107 [ERROR] LogOutputStream:75 - [STDERR_REDIRECT] 
2025-04-02 09:02:22,080 [ERROR] LogOutputStream:75 - [STDERR_REDIRECT] [Fatal Error] :1:1: Premature end of file.
2025-04-02 09:02:22,080 [ERROR] LogOutputStream:75 - [STDERR_REDIRECT] 
2025-04-02 09:02:23,087 [ERROR] LogOutputStream:75 - [STDERR_REDIRECT] [Fatal Error] :1:1: Premature end of file.
2025-04-02 09:02:23,088 [ERROR] LogOutputStream:75 - [STDERR_REDIRECT] 
2025-04-02 09:02:24,074 [ERROR] LogOutputStream:75 - [STDERR_REDIRECT] [Fatal Error] :1:1: Premature end of file.
2025-04-02 09:02:24,074 [ERROR] LogOutputStream:75 - [STDERR_REDIRECT] 
2025-04-02 09:02:25,059 [ERROR] LogOutputStream:75 - [STDERR_REDIRECT] [Fatal Error] :1:1: Premature end of file.
2025-04-02 09:02:25,059 [ERROR] LogOutputStream:75 - [STDERR_REDIRECT] 
2025-04-02 09:02:26,086 [ERROR] LogOutputStream:75 - [STDERR_REDIRECT] [Fatal Error] :1:1: Premature end of file.
2025-04-02 09:02:26,086 [ERROR] LogOutputStream:75 - [STDERR_REDIRECT] 
2025-04-02 09:02:27,093 [ERROR] LogOutputStream:75 - [STDERR_REDIRECT] [Fatal Error] :1:1: Premature end of file.
2025-04-02 09:02:27,093 [ERROR] LogOutputStream:75 - [STDERR_REDIRECT] 
2025-04-02 09:02:28,119 [ERROR] LogOutputStream:75 - [STDERR_REDIRECT] [Fatal Error] :1:1: Premature end of file.
2025-04-02 09:02:28,119 [ERROR] LogOutputStream:75 - [STDERR_REDIRECT] 
2025-04-02 09:02:29,074 [ERROR] LogOutputStream:75 - [STDERR_REDIRECT] [Fatal Error] :1:1: Premature end of file.
2025-04-02 09:02:29,074 [ERROR] LogOutputStream:75 - [STDERR_REDIRECT] 
2025-04-02 09:02:30,063 [ERROR] LogOutputStream:75 - [STDERR_REDIRECT] [Fatal Error] :1:1: Premature end of file.
2025-04-02 09:02:30,063 [ERROR] LogOutputStream:75 - [STDERR_REDIRECT] 
2025-04-02 09:02:31,075 [ERROR] LogOutputStream:75 - [STDERR_REDIRECT] [Fatal Error] :1:1: Premature end of file.
2025-04-02 09:02:31,075 [ERROR] LogOutputStream:75 - [STDERR_REDIRECT] 
2025-04-02 09:02:32,081 [ERROR] LogOutputStream:75 - [STDERR_REDIRECT] [Fatal Error] :1:1: Premature end of file.
2025-04-02 09:02:32,082 [ERROR] LogOutputStream:75 - [STDERR_REDIRECT] 
2025-04-02 09:02:33,085 [ERROR] LogOutputStream:75 - [STDERR_REDIRECT] [Fatal Error] :1:1: Premature end of file.
2025-04-02 09:02:33,086 [ERROR] LogOutputStream:75 - [STDERR_REDIRECT] 
2025-04-02 09:02:34,087 [ERROR] LogOutputStream:75 - [STDERR_REDIRECT] [Fatal Error] :1:1: Premature end of file.
2025-04-02 09:02:34,088 [ERROR] LogOutputStream:75 - [STDERR_REDIRECT] 
2025-04-02 09:02:35,098 [ERROR] LogOutputStream:75 - [STDERR_REDIRECT] [Fatal Error] :1:1: Premature end of file.
2025-04-02 09:02:35,098 [ERROR] LogOutputStream:75 - [STDERR_REDIRECT] 
2025-04-02 09:02:36,074 [ERROR] LogOutputStream:75 - [STDERR_REDIRECT] [Fatal Error] :1:1: Premature end of file.
2025-04-02 09:02:36,074 [ERROR] LogOutputStream:75 - [STDERR_REDIRECT] 
2025-04-02 09:02:37,093 [ERROR] LogOutputStream:75 - [STDERR_REDIRECT] [Fatal Error] :1:1: Premature end of file.
2025-04-02 09:02:37,094 [ERROR] LogOutputStream:75 - [STDERR_REDIRECT] 
2025-04-02 09:02:38,089 [ERROR] LogOutputStream:75 - [STDERR_REDIRECT] [Fatal Error] :1:1: Premature end of file.
2025-04-02 09:02:38,089 [ERROR] LogOutputStream:75 - [STDERR_REDIRECT] 
2025-04-02 09:02:39,110 [ERROR] LogOutputStream:75 - [STDERR_REDIRECT] [Fatal Error] :1:1: Premature end of file.
2025-04-02 09:02:39,110 [ERROR] LogOutputStream:75 - [STDERR_REDIRECT] 
2025-04-02 09:02:40,094 [ERROR] LogOutputStream:75 - [STDERR_REDIRECT] [Fatal Error] :1:1: Premature end of file.
2025-04-02 09:02:40,095 [ERROR] LogOutputStream:75 - [STDERR_REDIRECT] 
2025-04-02 09:02:41,088 [ERROR] LogOutputStream:75 - [STDERR_REDIRECT] [Fatal Error] :1:1: Premature end of file.
2025-04-02 09:02:41,089 [ERROR] LogOutputStream:75 - [STDERR_REDIRECT] 
2025-04-02 09:02:42,091 [ERROR] LogOutputStream:75 - [STDERR_REDIRECT] [Fatal Error] :1:1: Premature end of file.
2025-04-02 09:02:42,091 [ERROR] LogOutputStream:75 - [STDERR_REDIRECT] 
2025-04-02 09:02:43,075 [ERROR] LogOutputStream:75 - [STDERR_REDIRECT] [Fatal Error] :1:1: Premature end of file.
2025-04-02 09:02:43,075 [ERROR] LogOutputStream:75 - [STDERR_REDIRECT] 
2025-04-02 09:02:44,079 [ERROR] LogOutputStream:75 - [STDERR_REDIRECT] [Fatal Error] :1:1: Premature end of file.
2025-04-02 09:02:44,079 [ERROR] LogOutputStream:75 - [STDERR_REDIRECT] 
2025-04-02 09:02:45,074 [ERROR] LogOutputStream:75 - [STDERR_REDIRECT] [Fatal Error] :1:1: Premature end of file.
2025-04-02 09:02:45,074 [ERROR] LogOutputStream:75 - [STDERR_REDIRECT] 
2025-04-02 09:02:46,085 [ERROR] LogOutputStream:75 - [STDERR_REDIRECT] [Fatal Error] :1:1: Premature end of file.
2025-04-02 09:02:46,086 [ERROR] LogOutputStream:75 - [STDERR_REDIRECT] 
2025-04-02 09:02:47,065 [ERROR] LogOutputStream:75 - [STDERR_REDIRECT] [Fatal Error] :1:1: Premature end of file.
2025-04-02 09:02:47,065 [ERROR] LogOutputStream:75 - [STDERR_REDIRECT] 
2025-04-02 09:02:48,065 [ERROR] LogOutputStream:75 - [STDERR_REDIRECT] [Fatal Error] :1:1: Premature end of file.
2025-04-02 09:02:48,065 [ERROR] LogOutputStream:75 - [STDERR_REDIRECT] 
2025-04-02 09:02:49,090 [ERROR] LogOutputStream:75 - [STDERR_REDIRECT] [Fatal Error] :1:1: Premature end of file.
2025-04-02 09:02:49,090 [ERROR] LogOutputStream:75 - [STDERR_REDIRECT] 
2025-04-02 09:02:50,127 [ERROR] LogOutputStream:75 - [STDERR_REDIRECT] [Fatal Error] :1:1: Premature end of file.
2025-04-02 09:02:50,128 [ERROR] LogOutputStream:75 - [STDERR_REDIRECT] 
2025-04-02 09:02:51,068 [ERROR] LogOutputStream:75 - [STDERR_REDIRECT] [Fatal Error] :1:1: Premature end of file.
2025-04-02 09:02:51,069 [ERROR] LogOutputStream:75 - [STDERR_REDIRECT] 
2025-04-02 09:02:52,106 [ERROR] LogOutputStream:75 - [STDERR_REDIRECT] [Fatal Error] :1:1: Premature end of file.
2025-04-02 09:02:52,107 [ERROR] LogOutputStream:75 - [STDERR_REDIRECT] 
2025-04-02 09:02:53,107 [ERROR] LogOutputStream:75 - [STDERR_REDIRECT] [Fatal Error] :1:1: Premature end of file.
2025-04-02 09:02:53,107 [ERROR] LogOutputStream:75 - [STDERR_REDIRECT] 
2025-04-02 09:02:54,067 [ERROR] LogOutputStream:75 - [STDERR_REDIRECT] [Fatal Error] :1:1: Premature end of file.
2025-04-02 09:02:54,067 [ERROR] LogOutputStream:75 - [STDERR_REDIRECT] 
2025-04-02 09:02:55,068 [ERROR] LogOutputStream:75 - [STDERR_REDIRECT] [Fatal Error] :1:1: Premature end of file.
2025-04-02 09:02:55,068 [ERROR] LogOutputStream:75 - [STDERR_REDIRECT] 
2025-04-02 09:02:56,070 [ERROR] LogOutputStream:75 - [STDERR_REDIRECT] [Fatal Error] :1:1: Premature end of file.
2025-04-02 09:02:56,070 [ERROR] LogOutputStream:75 - [STDERR_REDIRECT] 
2025-04-02 09:02:57,096 [ERROR] LogOutputStream:75 - [STDERR_REDIRECT] [Fatal Error] :1:1: Premature end of file.
2025-04-02 09:02:57,097 [ERROR] LogOutputStream:75 - [STDERR_REDIRECT] 
2025-04-02 09:02:58,089 [ERROR] LogOutputStream:75 - [STDERR_REDIRECT] [Fatal Error] :1:1: Premature end of file.
2025-04-02 09:02:58,089 [ERROR] LogOutputStream:75 - [STDERR_REDIRECT] 
2025-04-02 09:02:59,083 [ERROR] LogOutputStream:75 - [STDERR_REDIRECT] [Fatal Error] :1:1: Premature end of file.
2025-04-02 09:02:59,084 [ERROR] LogOutputStream:75 - [STDERR_REDIRECT] 
2025-04-02 09:03:00,096 [ERROR] LogOutputStream:75 - [STDERR_REDIRECT] [Fatal Error] :1:1: Premature end of file.
2025-04-02 09:03:00,096 [ERROR] LogOutputStream:75 - [STDERR_REDIRECT] 
2025-04-02 09:03:01,085 [ERROR] LogOutputStream:75 - [STDERR_REDIRECT] [Fatal Error] :1:1: Premature end of file.
2025-04-02 09:03:01,085 [ERROR] LogOutputStream:75 - [STDERR_REDIRECT] 
2025-04-02 09:03:02,077 [ERROR] LogOutputStream:75 - [STDERR_REDIRECT] [Fatal Error] :1:1: Premature end of file.
2025-04-02 09:03:02,077 [ERROR] LogOutputStream:75 - [STDERR_REDIRECT] 
2025-04-02 09:03:03,076 [ERROR] LogOutputStream:75 - [STDERR_REDIRECT] [Fatal Error] :1:1: Premature end of file.
2025-04-02 09:03:03,076 [ERROR] LogOutputStream:75 - [STDERR_REDIRECT] 
2025-04-02 09:03:04,089 [ERROR] LogOutputStream:75 - [STDERR_REDIRECT] [Fatal Error] :1:1: Premature end of file.
2025-04-02 09:03:04,089 [ERROR] LogOutputStream:75 - [STDERR_REDIRECT] 
2025-04-02 09:03:05,104 [ERROR] LogOutputStream:75 - [STDERR_REDIRECT] [Fatal Error] :1:1: Premature end of file.
2025-04-02 09:03:05,105 [ERROR] LogOutputStream:75 - [STDERR_REDIRECT] 
2025-04-02 09:03:06,088 [ERROR] LogOutputStream:75 - [STDERR_REDIRECT] [Fatal Error] :1:1: Premature end of file.
2025-04-02 09:03:06,088 [ERROR] LogOutputStream:75 - [STDERR_REDIRECT] 
2025-04-02 09:03:07,088 [ERROR] LogOutputStream:75 - [STDERR_REDIRECT] [Fatal Error] :1:1: Premature end of file.
2025-04-02 09:03:07,089 [ERROR] LogOutputStream:75 - [STDERR_REDIRECT] 
2025-04-02 09:03:08,077 [ERROR] LogOutputStream:75 - [STDERR_REDIRECT] [Fatal Error] :1:1: Premature end of file.
2025-04-02 09:03:08,077 [ERROR] LogOutputStream:75 - [STDERR_REDIRECT] 
2025-04-02 09:03:09,075 [ERROR] LogOutputStream:75 - [STDERR_REDIRECT] [Fatal Error] :1:1: Premature end of file.
2025-04-02 09:03:09,076 [ERROR] LogOutputStream:75 - [STDERR_REDIRECT] 
2025-04-02 09:03:10,100 [ERROR] LogOutputStream:75 - [STDERR_REDIRECT] [Fatal Error] :1:1: Premature end of file.
2025-04-02 09:03:10,101 [ERROR] LogOutputStream:75 - [STDERR_REDIRECT] 
2025-04-02 09:03:11,080 [ERROR] LogOutputStream:75 - [STDERR_REDIRECT] [Fatal Error] :1:1: Premature end of file.
2025-04-02 09:03:11,080 [ERROR] LogOutputStream:75 - [STDERR_REDIRECT] 
2025-04-02 09:03:12,084 [ERROR] LogOutputStream:75 - [STDERR_REDIRECT] [Fatal Error] :1:1: Premature end of file.
2025-04-02 09:03:12,084 [ERROR] LogOutputStream:75 - [STDERR_REDIRECT] 
2025-04-02 09:03:13,078 [ERROR] LogOutputStream:75 - [STDERR_REDIRECT] [Fatal Error] :1:1: Premature end of file.
2025-04-02 09:03:13,079 [ERROR] LogOutputStream:75 - [STDERR_REDIRECT] 
2025-04-02 09:03:14,089 [ERROR] LogOutputStream:75 - [STDERR_REDIRECT] [Fatal Error] :1:1: Premature end of file.
2025-04-02 09:03:14,090 [ERROR] LogOutputStream:75 - [STDERR_REDIRECT] 
2025-04-02 09:03:15,083 [ERROR] LogOutputStream:75 - [STDERR_REDIRECT] [Fatal Error] :1:1: Premature end of file.
2025-04-02 09:03:15,083 [ERROR] LogOutputStream:75 - [STDERR_REDIRECT] 
2025-04-02 09:03:16,085 [ERROR] LogOutputStream:75 - [STDERR_REDIRECT] [Fatal Error] :1:1: Premature end of file.
2025-04-02 09:03:16,086 [ERROR] LogOutputStream:75 - [STDERR_REDIRECT] 
2025-04-02 09:03:17,087 [ERROR] LogOutputStream:75 - [STDERR_REDIRECT] [Fatal Error] :1:1: Premature end of file.
2025-04-02 09:03:17,088 [ERROR] LogOutputStream:75 - [STDERR_REDIRECT] 
2025-04-02 09:03:18,097 [ERROR] LogOutputStream:75 - [STDERR_REDIRECT] [Fatal Error] :1:1: Premature end of file.
2025-04-02 09:03:18,097 [ERROR] LogOutputStream:75 - [STDERR_REDIRECT] 
2025-04-02 09:03:19,106 [ERROR] LogOutputStream:75 - [STDERR_REDIRECT] [Fatal Error] :1:1: Premature end of file.
2025-04-02 09:03:19,107 [ERROR] LogOutputStream:75 - [STDERR_REDIRECT] 
2025-04-02 09:03:20,137 [ERROR] LogOutputStream:75 - [STDERR_REDIRECT] [Fatal Error] :1:1: Premature end of file.
2025-04-02 09:03:20,137 [ERROR] LogOutputStream:75 - [STDERR_REDIRECT] 
2025-04-02 09:03:21,110 [ERROR] LogOutputStream:75 - [STDERR_REDIRECT] [Fatal Error] :1:1: Premature end of file.
2025-04-02 09:03:21,110 [ERROR] LogOutputStream:75 - [STDERR_REDIRECT] 
2025-04-02 09:03:22,097 [ERROR] LogOutputStream:75 - [STDERR_REDIRECT] [Fatal Error] :1:1: Premature end of file.
2025-04-02 09:03:22,097 [ERROR] LogOutputStream:75 - [STDERR_REDIRECT] 
2025-04-02 09:03:23,090 [ERROR] LogOutputStream:75 - [STDERR_REDIRECT] [Fatal Error] :1:1: Premature end of file.
2025-04-02 09:03:23,090 [ERROR] LogOutputStream:75 - [STDERR_REDIRECT] 
2025-04-02 09:03:24,095 [ERROR] LogOutputStream:75 - [STDERR_REDIRECT] [Fatal Error] :1:1: Premature end of file.
2025-04-02 09:03:24,095 [ERROR] LogOutputStream:75 - [STDERR_REDIRECT] 
2025-04-02 09:03:25,084 [ERROR] LogOutputStream:75 - [STDERR_REDIRECT] [Fatal Error] :1:1: Premature end of file.
2025-04-02 09:03:25,084 [ERROR] LogOutputStream:75 - [STDERR_REDIRECT] 
2025-04-02 09:03:26,080 [ERROR] LogOutputStream:75 - [STDERR_REDIRECT] [Fatal Error] :1:1: Premature end of file.
2025-04-02 09:03:26,080 [ERROR] LogOutputStream:75 - [STDERR_REDIRECT] 
2025-04-02 09:03:27,104 [ERROR] LogOutputStream:75 - [STDERR_REDIRECT] [Fatal Error] :1:1: Premature end of file.
2025-04-02 09:03:27,105 [ERROR] LogOutputStream:75 - [STDERR_REDIRECT] 
2025-04-02 09:03:28,088 [ERROR] LogOutputStream:75 - [STDERR_REDIRECT] [Fatal Error] :1:1: Premature end of file.
2025-04-02 09:03:28,089 [ERROR] LogOutputStream:75 - [STDERR_REDIRECT] 
2025-04-02 09:03:29,098 [ERROR] LogOutputStream:75 - [STDERR_REDIRECT] [Fatal Error] :1:1: Premature end of file.
2025-04-02 09:03:29,099 [ERROR] LogOutputStream:75 - [STDERR_REDIRECT] 
2025-04-02 09:03:30,071 [ERROR] LogOutputStream:75 - [STDERR_REDIRECT] [Fatal Error] :1:1: Premature end of file.
2025-04-02 09:03:30,071 [ERROR] LogOutputStream:75 - [STDERR_REDIRECT] 
2025-04-02 09:03:31,082 [ERROR] LogOutputStream:75 - [STDERR_REDIRECT] [Fatal Error] :1:1: Premature end of file.
2025-04-02 09:03:31,082 [ERROR] LogOutputStream:75 - [STDERR_REDIRECT] 
2025-04-02 09:03:32,085 [ERROR] LogOutputStream:75 - [STDERR_REDIRECT] [Fatal Error] :1:1: Premature end of file.
2025-04-02 09:03:32,086 [ERROR] LogOutputStream:75 - [STDERR_REDIRECT] 
2025-04-02 09:03:33,070 [ERROR] LogOutputStream:75 - [STDERR_REDIRECT] [Fatal Error] :1:1: Premature end of file.
2025-04-02 09:03:33,070 [ERROR] LogOutputStream:75 - [STDERR_REDIRECT] 
2025-04-02 09:03:34,083 [ERROR] LogOutputStream:75 - [STDERR_REDIRECT] [Fatal Error] :1:1: Premature end of file.
2025-04-02 09:03:34,083 [ERROR] LogOutputStream:75 - [STDERR_REDIRECT] 
2025-04-02 09:03:35,113 [ERROR] LogOutputStream:75 - [STDERR_REDIRECT] [Fatal Error] :1:1: Premature end of file.
2025-04-02 09:03:35,114 [ERROR] LogOutputStream:75 - [STDERR_REDIRECT] 
2025-04-02 09:03:36,084 [ERROR] LogOutputStream:75 - [STDERR_REDIRECT] [Fatal Error] :1:1: Premature end of file.
2025-04-02 09:03:36,084 [ERROR] LogOutputStream:75 - [STDERR_REDIRECT] 
2025-04-02 09:03:37,081 [ERROR] LogOutputStream:75 - [STDERR_REDIRECT] [Fatal Error] :1:1: Premature end of file.
2025-04-02 09:03:37,081 [ERROR] LogOutputStream:75 - [STDERR_REDIRECT] 
2025-04-02 09:03:38,070 [ERROR] LogOutputStream:75 - [STDERR_REDIRECT] [Fatal Error] :1:1: Premature end of file.
2025-04-02 09:03:38,070 [ERROR] LogOutputStream:75 - [STDERR_REDIRECT] 
2025-04-02 09:03:39,073 [ERROR] LogOutputStream:75 - [STDERR_REDIRECT] [Fatal Error] :1:1: Premature end of file.
2025-04-02 09:03:39,075 [ERROR] LogOutputStream:75 - [STDERR_REDIRECT] 
2025-04-02 09:03:40,070 [ERROR] LogOutputStream:75 - [STDERR_REDIRECT] [Fatal Error] :1:1: Premature end of file.
2025-04-02 09:03:40,070 [ERROR] LogOutputStream:75 - [STDERR_REDIRECT] 
2025-04-02 09:03:41,073 [ERROR] LogOutputStream:75 - [STDERR_REDIRECT] [Fatal Error] :1:1: Premature end of file.
2025-04-02 09:03:41,073 [ERROR] LogOutputStream:75 - [STDERR_REDIRECT] 
2025-04-02 09:03:42,079 [ERROR] LogOutputStream:75 - [STDERR_REDIRECT] [Fatal Error] :1:1: Premature end of file.
2025-04-02 09:03:42,079 [ERROR] LogOutputStream:75 - [STDERR_REDIRECT] 
2025-04-02 09:03:43,080 [ERROR] LogOutputStream:75 - [STDERR_REDIRECT] [Fatal Error] :1:1: Premature end of file.
2025-04-02 09:03:43,080 [ERROR] LogOutputStream:75 - [STDERR_REDIRECT] 
2025-04-02 09:03:44,075 [ERROR] LogOutputStream:75 - [STDERR_REDIRECT] [Fatal Error] :1:1: Premature end of file.
2025-04-02 09:03:44,075 [ERROR] LogOutputStream:75 - [STDERR_REDIRECT] 
2025-04-02 09:03:45,090 [ERROR] LogOutputStream:75 - [STDERR_REDIRECT] [Fatal Error] :1:1: Premature end of file.
2025-04-02 09:03:45,091 [ERROR] LogOutputStream:75 - [STDERR_REDIRECT] 
2025-04-02 09:03:46,097 [ERROR] LogOutputStream:75 - [STDERR_REDIRECT] [Fatal Error] :1:1: Premature end of file.
2025-04-02 09:03:46,097 [ERROR] LogOutputStream:75 - [STDERR_REDIRECT] 
2025-04-02 09:03:47,070 [ERROR] LogOutputStream:75 - [STDERR_REDIRECT] [Fatal Error] :1:1: Premature end of file.
2025-04-02 09:03:47,070 [ERROR] LogOutputStream:75 - [STDERR_REDIRECT] 
2025-04-02 09:03:48,099 [ERROR] LogOutputStream:75 - [STDERR_REDIRECT] [Fatal Error] :1:1: Premature end of file.
2025-04-02 09:03:48,100 [ERROR] LogOutputStream:75 - [STDERR_REDIRECT] 
2025-04-02 09:03:49,080 [ERROR] LogOutputStream:75 - [STDERR_REDIRECT] [Fatal Error] :1:1: Premature end of file.
2025-04-02 09:03:49,081 [ERROR] LogOutputStream:75 - [STDERR_REDIRECT] 
2025-04-02 09:03:50,078 [ERROR] LogOutputStream:75 - [STDERR_REDIRECT] [Fatal Error] :1:1: Premature end of file.
2025-04-02 09:03:50,079 [ERROR] LogOutputStream:75 - [STDERR_REDIRECT] 
2025-04-02 09:03:51,081 [ERROR] LogOutputStream:75 - [STDERR_REDIRECT] [Fatal Error] :1:1: Premature end of file.
2025-04-02 09:03:51,081 [ERROR] LogOutputStream:75 - [STDERR_REDIRECT] 
2025-04-02 09:03:52,100 [ERROR] LogOutputStream:75 - [STDERR_REDIRECT] [Fatal Error] :1:1: Premature end of file.
2025-04-02 09:03:52,100 [ERROR] LogOutputStream:75 - [STDERR_REDIRECT] 
2025-04-02 09:03:53,104 [ERROR] LogOutputStream:75 - [STDERR_REDIRECT] [Fatal Error] :1:1: Premature end of file.
2025-04-02 09:03:53,105 [ERROR] LogOutputStream:75 - [STDERR_REDIRECT] 
2025-04-02 09:03:54,063 [ERROR] LogOutputStream:75 - [STDERR_REDIRECT] [Fatal Error] :1:1: Premature end of file.
2025-04-02 09:03:54,063 [ERROR] LogOutputStream:75 - [STDERR_REDIRECT] 
2025-04-02 09:03:55,086 [ERROR] LogOutputStream:75 - [STDERR_REDIRECT] [Fatal Error] :1:1: Premature end of file.
2025-04-02 09:03:55,086 [ERROR] LogOutputStream:75 - [STDERR_REDIRECT] 
2025-04-02 09:03:56,082 [ERROR] LogOutputStream:75 - [STDERR_REDIRECT] [Fatal Error] :1:1: Premature end of file.
2025-04-02 09:03:56,082 [ERROR] LogOutputStream:75 - [STDERR_REDIRECT] 
2025-04-02 09:03:57,086 [ERROR] LogOutputStream:75 - [STDERR_REDIRECT] [Fatal Error] :1:1: Premature end of file.
2025-04-02 09:03:57,086 [ERROR] LogOutputStream:75 - [STDERR_REDIRECT] 
2025-04-02 09:03:58,088 [ERROR] LogOutputStream:75 - [STDERR_REDIRECT] [Fatal Error] :1:1: Premature end of file.
2025-04-02 09:03:58,088 [ERROR] LogOutputStream:75 - [STDERR_REDIRECT] 
2025-04-02 09:03:59,085 [ERROR] LogOutputStream:75 - [STDERR_REDIRECT] [Fatal Error] :1:1: Premature end of file.
2025-04-02 09:03:59,085 [ERROR] LogOutputStream:75 - [STDERR_REDIRECT] 
2025-04-02 09:04:00,090 [ERROR] LogOutputStream:75 - [STDERR_REDIRECT] [Fatal Error] :1:1: Premature end of file.
2025-04-02 09:04:00,090 [ERROR] LogOutputStream:75 - [STDERR_REDIRECT] 
2025-04-02 09:04:01,083 [ERROR] LogOutputStream:75 - [STDERR_REDIRECT] [Fatal Error] :1:1: Premature end of file.
2025-04-02 09:04:01,083 [ERROR] LogOutputStream:75 - [STDERR_REDIRECT] 
2025-04-02 09:04:02,097 [ERROR] LogOutputStream:75 - [STDERR_REDIRECT] [Fatal Error] :1:1: Premature end of file.
2025-04-02 09:04:02,098 [ERROR] LogOutputStream:75 - [STDERR_REDIRECT] 
2025-04-02 09:04:03,088 [ERROR] LogOutputStream:75 - [STDERR_REDIRECT] [Fatal Error] :1:1: Premature end of file.
2025-04-02 09:04:03,088 [ERROR] LogOutputStream:75 - [STDERR_REDIRECT] 
2025-04-02 09:04:04,081 [ERROR] LogOutputStream:75 - [STDERR_REDIRECT] [Fatal Error] :1:1: Premature end of file.
2025-04-02 09:04:04,081 [ERROR] LogOutputStream:75 - [STDERR_REDIRECT] 
2025-04-02 09:04:05,065 [ERROR] LogOutputStream:75 - [STDERR_REDIRECT] [Fatal Error] :1:1: Premature end of file.
2025-04-02 09:04:05,065 [ERROR] LogOutputStream:75 - [STDERR_REDIRECT] 
2025-04-02 09:04:06,073 [ERROR] LogOutputStream:75 - [STDERR_REDIRECT] [Fatal Error] :1:1: Premature end of file.
2025-04-02 09:04:06,073 [ERROR] LogOutputStream:75 - [STDERR_REDIRECT] 
2025-04-02 09:04:07,087 [ERROR] LogOutputStream:75 - [STDERR_REDIRECT] [Fatal Error] :1:1: Premature end of file.
2025-04-02 09:04:07,087 [ERROR] LogOutputStream:75 - [STDERR_REDIRECT] 
2025-04-02 09:04:08,085 [ERROR] LogOutputStream:75 - [STDERR_REDIRECT] [Fatal Error] :1:1: Premature end of file.
2025-04-02 09:04:08,086 [ERROR] LogOutputStream:75 - [STDERR_REDIRECT] 
2025-04-02 09:04:09,102 [ERROR] LogOutputStream:75 - [STDERR_REDIRECT] [Fatal Error] :1:1: Premature end of file.
2025-04-02 09:04:09,103 [ERROR] LogOutputStream:75 - [STDERR_REDIRECT] 
2025-04-02 09:04:10,089 [ERROR] LogOutputStream:75 - [STDERR_REDIRECT] [Fatal Error] :1:1: Premature end of file.
2025-04-02 09:04:10,090 [ERROR] LogOutputStream:75 - [STDERR_REDIRECT] 
2025-04-02 09:04:11,093 [ERROR] LogOutputStream:75 - [STDERR_REDIRECT] [Fatal Error] :1:1: Premature end of file.
2025-04-02 09:04:11,094 [ERROR] LogOutputStream:75 - [STDERR_REDIRECT] 
2025-04-02 09:04:12,078 [ERROR] LogOutputStream:75 - [STDERR_REDIRECT] [Fatal Error] :1:1: Premature end of file.
2025-04-02 09:04:12,078 [ERROR] LogOutputStream:75 - [STDERR_REDIRECT] 
2025-04-02 09:04:13,087 [ERROR] LogOutputStream:75 - [STDERR_REDIRECT] [Fatal Error] :1:1: Premature end of file.
2025-04-02 09:04:13,088 [ERROR] LogOutputStream:75 - [STDERR_REDIRECT] 
2025-04-02 09:04:14,116 [ERROR] LogOutputStream:75 - [STDERR_REDIRECT] [Fatal Error] :1:1: Premature end of file.
2025-04-02 09:04:14,116 [ERROR] LogOutputStream:75 - [STDERR_REDIRECT] 
2025-04-02 09:04:15,107 [ERROR] LogOutputStream:75 - [STDERR_REDIRECT] [Fatal Error] :1:1: Premature end of file.
2025-04-02 09:04:15,108 [ERROR] LogOutputStream:75 - [STDERR_REDIRECT] 
2025-04-02 09:04:16,084 [ERROR] LogOutputStream:75 - [STDERR_REDIRECT] [Fatal Error] :1:1: Premature end of file.
2025-04-02 09:04:16,084 [ERROR] LogOutputStream:75 - [STDERR_REDIRECT] 
2025-04-02 09:04:17,086 [ERROR] LogOutputStream:75 - [STDERR_REDIRECT] [Fatal Error] :1:1: Premature end of file.
2025-04-02 09:04:17,087 [ERROR] LogOutputStream:75 - [STDERR_REDIRECT] 
2025-04-02 09:04:18,102 [ERROR] LogOutputStream:75 - [STDERR_REDIRECT] [Fatal Error] :1:1: Premature end of file.
2025-04-02 09:04:18,103 [ERROR] LogOutputStream:75 - [STDERR_REDIRECT] 
2025-04-02 09:04:19,082 [ERROR] LogOutputStream:75 - [STDERR_REDIRECT] [Fatal Error] :1:1: Premature end of file.
2025-04-02 09:04:19,082 [ERROR] LogOutputStream:75 - [STDERR_REDIRECT] 
2025-04-02 09:04:20,081 [ERROR] LogOutputStream:75 - [STDERR_REDIRECT] [Fatal Error] :1:1: Premature end of file.
2025-04-02 09:04:20,081 [ERROR] LogOutputStream:75 - [STDERR_REDIRECT] 
2025-04-02 09:04:21,058 [ERROR] LogOutputStream:75 - [STDERR_REDIRECT] [Fatal Error] :1:1: Premature end of file.
2025-04-02 09:04:21,058 [ERROR] LogOutputStream:75 - [STDERR_REDIRECT] 
2025-04-02 09:04:22,093 [ERROR] LogOutputStream:75 - [STDERR_REDIRECT] [Fatal Error] :1:1: Premature end of file.
2025-04-02 09:04:22,093 [ERROR] LogOutputStream:75 - [STDERR_REDIRECT] 
2025-04-02 09:04:23,085 [ERROR] LogOutputStream:75 - [STDERR_REDIRECT] [Fatal Error] :1:1: Premature end of file.
2025-04-02 09:04:23,085 [ERROR] LogOutputStream:75 - [STDERR_REDIRECT] 
2025-04-02 09:04:24,070 [ERROR] LogOutputStream:75 - [STDERR_REDIRECT] [Fatal Error] :1:1: Premature end of file.
2025-04-02 09:04:24,070 [ERROR] LogOutputStream:75 - [STDERR_REDIRECT] 
2025-04-02 09:04:25,066 [ERROR] LogOutputStream:75 - [STDERR_REDIRECT] [Fatal Error] :1:1: Premature end of file.
2025-04-02 09:04:25,066 [ERROR] LogOutputStream:75 - [STDERR_REDIRECT] 
2025-04-02 09:04:26,079 [ERROR] LogOutputStream:75 - [STDERR_REDIRECT] [Fatal Error] :1:1: Premature end of file.
2025-04-02 09:04:26,079 [ERROR] LogOutputStream:75 - [STDERR_REDIRECT] 
2025-04-02 09:04:27,078 [ERROR] LogOutputStream:75 - [STDERR_REDIRECT] [Fatal Error] :1:1: Premature end of file.
2025-04-02 09:04:27,078 [ERROR] LogOutputStream:75 - [STDERR_REDIRECT] 
2025-04-02 09:04:28,094 [ERROR] LogOutputStream:75 - [STDERR_REDIRECT] [Fatal Error] :1:1: Premature end of file.
2025-04-02 09:04:28,096 [ERROR] LogOutputStream:75 - [STDERR_REDIRECT] 
2025-04-02 09:04:29,082 [ERROR] LogOutputStream:75 - [STDERR_REDIRECT] [Fatal Error] :1:1: Premature end of file.
2025-04-02 09:04:29,082 [ERROR] LogOutputStream:75 - [STDERR_REDIRECT] 
2025-04-02 09:04:30,071 [ERROR] LogOutputStream:75 - [STDERR_REDIRECT] [Fatal Error] :1:1: Premature end of file.
2025-04-02 09:04:30,071 [ERROR] LogOutputStream:75 - [STDERR_REDIRECT] 
2025-04-02 09:04:31,093 [ERROR] LogOutputStream:75 - [STDERR_REDIRECT] [Fatal Error] :1:1: Premature end of file.
2025-04-02 09:04:31,093 [ERROR] LogOutputStream:75 - [STDERR_REDIRECT] 
2025-04-02 09:04:32,054 [ERROR] LogOutputStream:75 - [STDERR_REDIRECT] [Fatal Error] :1:1: Premature end of file.
2025-04-02 09:04:32,055 [ERROR] LogOutputStream:75 - [STDERR_REDIRECT] 
2025-04-02 09:04:33,083 [ERROR] LogOutputStream:75 - [STDERR_REDIRECT] [Fatal Error] :1:1: Premature end of file.
2025-04-02 09:04:33,083 [ERROR] LogOutputStream:75 - [STDERR_REDIRECT] 
2025-04-02 09:04:34,091 [ERROR] LogOutputStream:75 - [STDERR_REDIRECT] [Fatal Error] :1:1: Premature end of file.
2025-04-02 09:04:34,092 [ERROR] LogOutputStream:75 - [STDERR_REDIRECT] 
2025-04-02 09:04:35,094 [ERROR] LogOutputStream:75 - [STDERR_REDIRECT] [Fatal Error] :1:1: Premature end of file.
2025-04-02 09:04:35,094 [ERROR] LogOutputStream:75 - [STDERR_REDIRECT] 
2025-04-02 09:04:36,075 [ERROR] LogOutputStream:75 - [STDERR_REDIRECT] [Fatal Error] :1:1: Premature end of file.
2025-04-02 09:04:36,075 [ERROR] LogOutputStream:75 - [STDERR_REDIRECT] 
2025-04-02 09:04:37,092 [ERROR] LogOutputStream:75 - [STDERR_REDIRECT] [Fatal Error] :1:1: Premature end of file.
2025-04-02 09:04:37,092 [ERROR] LogOutputStream:75 - [STDERR_REDIRECT] 
2025-04-02 09:04:38,081 [ERROR] LogOutputStream:75 - [STDERR_REDIRECT] [Fatal Error] :1:1: Premature end of file.
2025-04-02 09:04:38,082 [ERROR] LogOutputStream:75 - [STDERR_REDIRECT] 
2025-04-02 09:04:39,077 [ERROR] LogOutputStream:75 - [STDERR_REDIRECT] [Fatal Error] :1:1: Premature end of file.
2025-04-02 09:04:39,077 [ERROR] LogOutputStream:75 - [STDERR_REDIRECT] 
2025-04-02 09:04:40,079 [ERROR] LogOutputStream:75 - [STDERR_REDIRECT] [Fatal Error] :1:1: Premature end of file.
2025-04-02 09:04:40,079 [ERROR] LogOutputStream:75 - [STDERR_REDIRECT] 
2025-04-02 09:04:41,077 [ERROR] LogOutputStream:75 - [STDERR_REDIRECT] [Fatal Error] :1:1: Premature end of file.
2025-04-02 09:04:41,077 [ERROR] LogOutputStream:75 - [STDERR_REDIRECT] 
2025-04-02 09:04:42,086 [ERROR] LogOutputStream:75 - [STDERR_REDIRECT] [Fatal Error] :1:1: Premature end of file.
2025-04-02 09:04:42,087 [ERROR] LogOutputStream:75 - [STDERR_REDIRECT] 
2025-04-02 09:04:43,098 [ERROR] LogOutputStream:75 - [STDERR_REDIRECT] [Fatal Error] :1:1: Premature end of file.
2025-04-02 09:04:43,098 [ERROR] LogOutputStream:75 - [STDERR_REDIRECT] 
2025-04-02 09:04:44,107 [ERROR] LogOutputStream:75 - [STDERR_REDIRECT] [Fatal Error] :1:1: Premature end of file.
2025-04-02 09:04:44,107 [ERROR] LogOutputStream:75 - [STDERR_REDIRECT] 
2025-04-02 09:04:45,098 [ERROR] LogOutputStream:75 - [STDERR_REDIRECT] [Fatal Error] :1:1: Premature end of file.
2025-04-02 09:04:45,099 [ERROR] LogOutputStream:75 - [STDERR_REDIRECT] 
2025-04-02 09:04:46,085 [ERROR] LogOutputStream:75 - [STDERR_REDIRECT] [Fatal Error] :1:1: Premature end of file.
2025-04-02 09:04:46,085 [ERROR] LogOutputStream:75 - [STDERR_REDIRECT] 
2025-04-02 09:04:47,091 [ERROR] LogOutputStream:75 - [STDERR_REDIRECT] [Fatal Error] :1:1: Premature end of file.
2025-04-02 09:04:47,091 [ERROR] LogOutputStream:75 - [STDERR_REDIRECT] 
2025-04-02 09:04:48,085 [ERROR] LogOutputStream:75 - [STDERR_REDIRECT] [Fatal Error] :1:1: Premature end of file.
2025-04-02 09:04:48,085 [ERROR] LogOutputStream:75 - [STDERR_REDIRECT] 
2025-04-02 09:04:49,099 [ERROR] LogOutputStream:75 - [STDERR_REDIRECT] [Fatal Error] :1:1: Premature end of file.
2025-04-02 09:04:49,100 [ERROR] LogOutputStream:75 - [STDERR_REDIRECT] 
2025-04-02 09:04:50,081 [ERROR] LogOutputStream:75 - [STDERR_REDIRECT] [Fatal Error] :1:1: Premature end of file.
2025-04-02 09:04:50,081 [ERROR] LogOutputStream:75 - [STDERR_REDIRECT] 
2025-04-02 09:04:51,098 [ERROR] LogOutputStream:75 - [STDERR_REDIRECT] [Fatal Error] :1:1: Premature end of file.
2025-04-02 09:04:51,098 [ERROR] LogOutputStream:75 - [STDERR_REDIRECT] 
2025-04-02 09:04:52,096 [ERROR] LogOutputStream:75 - [STDERR_REDIRECT] [Fatal Error] :1:1: Premature end of file.
2025-04-02 09:04:52,097 [ERROR] LogOutputStream:75 - [STDERR_REDIRECT] 
2025-04-02 09:04:53,098 [ERROR] LogOutputStream:75 - [STDERR_REDIRECT] [Fatal Error] :1:1: Premature end of file.
2025-04-02 09:04:53,099 [ERROR] LogOutputStream:75 - [STDERR_REDIRECT] 
2025-04-02 09:04:54,106 [ERROR] LogOutputStream:75 - [STDERR_REDIRECT] [Fatal Error] :1:1: Premature end of file.
2025-04-02 09:04:54,106 [ERROR] LogOutputStream:75 - [STDERR_REDIRECT] 
2025-04-02 09:04:55,096 [ERROR] LogOutputStream:75 - [STDERR_REDIRECT] [Fatal Error] :1:1: Premature end of file.
2025-04-02 09:04:55,096 [ERROR] LogOutputStream:75 - [STDERR_REDIRECT] 
2025-04-02 09:04:56,068 [ERROR] LogOutputStream:75 - [STDERR_REDIRECT] [Fatal Error] :1:1: Premature end of file.
2025-04-02 09:04:56,068 [ERROR] LogOutputStream:75 - [STDERR_REDIRECT] 
2025-04-02 09:04:57,073 [ERROR] LogOutputStream:75 - [STDERR_REDIRECT] [Fatal Error] :1:1: Premature end of file.
2025-04-02 09:04:57,074 [ERROR] LogOutputStream:75 - [STDERR_REDIRECT] 
2025-04-02 09:04:58,091 [ERROR] LogOutputStream:75 - [STDERR_REDIRECT] [Fatal Error] :1:1: Premature end of file.
2025-04-02 09:04:58,091 [ERROR] LogOutputStream:75 - [STDERR_REDIRECT] 
2025-04-02 09:04:59,104 [ERROR] LogOutputStream:75 - [STDERR_REDIRECT] [Fatal Error] :1:1: Premature end of file.
2025-04-02 09:04:59,105 [ERROR] LogOutputStream:75 - [STDERR_REDIRECT] 
2025-04-02 09:05:00,106 [ERROR] LogOutputStream:75 - [STDERR_REDIRECT] [Fatal Error] :1:1: Premature end of file.
2025-04-02 09:05:00,106 [ERROR] LogOutputStream:75 - [STDERR_REDIRECT] 
2025-04-02 09:05:01,098 [ERROR] LogOutputStream:75 - [STDERR_REDIRECT] [Fatal Error] :1:1: Premature end of file.
2025-04-02 09:05:01,098 [ERROR] LogOutputStream:75 - [STDERR_REDIRECT] 
2025-04-02 09:05:02,101 [ERROR] LogOutputStream:75 - [STDERR_REDIRECT] [Fatal Error] :1:1: Premature end of file.
2025-04-02 09:05:02,102 [ERROR] LogOutputStream:75 - [STDERR_REDIRECT] 
2025-04-02 09:05:03,069 [ERROR] LogOutputStream:75 - [STDERR_REDIRECT] [Fatal Error] :1:1: Premature end of file.
2025-04-02 09:05:03,069 [ERROR] LogOutputStream:75 - [STDERR_REDIRECT] 
2025-04-02 09:05:04,087 [ERROR] LogOutputStream:75 - [STDERR_REDIRECT] [Fatal Error] :1:1: Premature end of file.
2025-04-02 09:05:04,087 [ERROR] LogOutputStream:75 - [STDERR_REDIRECT] 
2025-04-02 09:05:05,071 [ERROR] LogOutputStream:75 - [STDERR_REDIRECT] [Fatal Error] :1:1: Premature end of file.
2025-04-02 09:05:05,072 [ERROR] LogOutputStream:75 - [STDERR_REDIRECT] 
2025-04-02 09:05:06,098 [ERROR] LogOutputStream:75 - [STDERR_REDIRECT] [Fatal Error] :1:1: Premature end of file.
2025-04-02 09:05:06,098 [ERROR] LogOutputStream:75 - [STDERR_REDIRECT] 
2025-04-02 09:05:07,095 [ERROR] LogOutputStream:75 - [STDERR_REDIRECT] [Fatal Error] :1:1: Premature end of file.
2025-04-02 09:05:07,096 [ERROR] LogOutputStream:75 - [STDERR_REDIRECT] 
2025-04-02 09:05:08,089 [ERROR] LogOutputStream:75 - [STDERR_REDIRECT] [Fatal Error] :1:1: Premature end of file.
2025-04-02 09:05:08,089 [ERROR] LogOutputStream:75 - [STDERR_REDIRECT] 
2025-04-02 09:05:09,113 [ERROR] LogOutputStream:75 - [STDERR_REDIRECT] [Fatal Error] :1:1: Premature end of file.
2025-04-02 09:05:09,113 [ERROR] LogOutputStream:75 - [STDERR_REDIRECT] 
2025-04-02 09:05:10,095 [ERROR] LogOutputStream:75 - [STDERR_REDIRECT] [Fatal Error] :1:1: Premature end of file.
2025-04-02 09:05:10,095 [ERROR] LogOutputStream:75 - [STDERR_REDIRECT] 
2025-04-02 09:05:11,096 [ERROR] LogOutputStream:75 - [STDERR_REDIRECT] [Fatal Error] :1:1: Premature end of file.
2025-04-02 09:05:11,096 [ERROR] LogOutputStream:75 - [STDERR_REDIRECT] 
2025-04-02 09:05:12,091 [ERROR] LogOutputStream:75 - [STDERR_REDIRECT] [Fatal Error] :1:1: Premature end of file.
2025-04-02 09:05:12,092 [ERROR] LogOutputStream:75 - [STDERR_REDIRECT] 
2025-04-02 09:05:13,082 [ERROR] LogOutputStream:75 - [STDERR_REDIRECT] [Fatal Error] :1:1: Premature end of file.
2025-04-02 09:05:13,082 [ERROR] LogOutputStream:75 - [STDERR_REDIRECT] 
2025-04-02 09:05:14,101 [ERROR] LogOutputStream:75 - [STDERR_REDIRECT] [Fatal Error] :1:1: Premature end of file.
2025-04-02 09:05:14,101 [ERROR] LogOutputStream:75 - [STDERR_REDIRECT] 
2025-04-02 09:05:15,101 [ERROR] LogOutputStream:75 - [STDERR_REDIRECT] [Fatal Error] :1:1: Premature end of file.
2025-04-02 09:05:15,102 [ERROR] LogOutputStream:75 - [STDERR_REDIRECT] 
2025-04-02 09:05:16,100 [ERROR] LogOutputStream:75 - [STDERR_REDIRECT] [Fatal Error] :1:1: Premature end of file.
2025-04-02 09:05:16,101 [ERROR] LogOutputStream:75 - [STDERR_REDIRECT] 
2025-04-02 09:05:17,089 [ERROR] LogOutputStream:75 - [STDERR_REDIRECT] [Fatal Error] :1:1: Premature end of file.
2025-04-02 09:05:17,089 [ERROR] LogOutputStream:75 - [STDERR_REDIRECT] 
2025-04-02 09:05:18,097 [ERROR] LogOutputStream:75 - [STDERR_REDIRECT] [Fatal Error] :1:1: Premature end of file.
2025-04-02 09:05:18,097 [ERROR] LogOutputStream:75 - [STDERR_REDIRECT] 
2025-04-02 09:05:19,095 [ERROR] LogOutputStream:75 - [STDERR_REDIRECT] [Fatal Error] :1:1: Premature end of file.
2025-04-02 09:05:19,095 [ERROR] LogOutputStream:75 - [STDERR_REDIRECT] 
2025-04-02 09:05:20,102 [ERROR] LogOutputStream:75 - [STDERR_REDIRECT] [Fatal Error] :1:1: Premature end of file.
2025-04-02 09:05:20,102 [ERROR] LogOutputStream:75 - [STDERR_REDIRECT] 
2025-04-02 09:05:21,089 [ERROR] LogOutputStream:75 - [STDERR_REDIRECT] [Fatal Error] :1:1: Premature end of file.
2025-04-02 09:05:21,089 [ERROR] LogOutputStream:75 - [STDERR_REDIRECT] 
2025-04-02 09:05:22,114 [ERROR] LogOutputStream:75 - [STDERR_REDIRECT] [Fatal Error] :1:1: Premature end of file.
2025-04-02 09:05:22,114 [ERROR] LogOutputStream:75 - [STDERR_REDIRECT] 
2025-04-02 09:05:23,099 [ERROR] LogOutputStream:75 - [STDERR_REDIRECT] [Fatal Error] :1:1: Premature end of file.
2025-04-02 09:05:23,099 [ERROR] LogOutputStream:75 - [STDERR_REDIRECT] 
2025-04-02 09:05:24,074 [ERROR] LogOutputStream:75 - [STDERR_REDIRECT] [Fatal Error] :1:1: Premature end of file.
2025-04-02 09:05:24,074 [ERROR] LogOutputStream:75 - [STDERR_REDIRECT] 
2025-04-02 09:05:25,094 [ERROR] LogOutputStream:75 - [STDERR_REDIRECT] [Fatal Error] :1:1: Premature end of file.
2025-04-02 09:05:25,094 [ERROR] LogOutputStream:75 - [STDERR_REDIRECT] 
2025-04-02 09:05:26,100 [ERROR] LogOutputStream:75 - [STDERR_REDIRECT] [Fatal Error] :1:1: Premature end of file.
2025-04-02 09:05:26,100 [ERROR] LogOutputStream:75 - [STDERR_REDIRECT] 
2025-04-02 09:05:27,148 [ERROR] LogOutputStream:75 - [STDERR_REDIRECT] [Fatal Error] :1:1: Premature end of file.
2025-04-02 09:05:27,148 [ERROR] LogOutputStream:75 - [STDERR_REDIRECT] 
2025-04-02 09:05:28,098 [ERROR] LogOutputStream:75 - [STDERR_REDIRECT] [Fatal Error] :1:1: Premature end of file.
2025-04-02 09:05:28,098 [ERROR] LogOutputStream:75 - [STDERR_REDIRECT] 
2025-04-02 09:05:29,070 [ERROR] LogOutputStream:75 - [STDERR_REDIRECT] [Fatal Error] :1:1: Premature end of file.
2025-04-02 09:05:29,071 [ERROR] LogOutputStream:75 - [STDERR_REDIRECT] 
2025-04-02 09:05:30,102 [ERROR] LogOutputStream:75 - [STDERR_REDIRECT] [Fatal Error] :1:1: Premature end of file.
2025-04-02 09:05:30,102 [ERROR] LogOutputStream:75 - [STDERR_REDIRECT] 
2025-04-02 09:05:31,074 [ERROR] LogOutputStream:75 - [STDERR_REDIRECT] [Fatal Error] :1:1: Premature end of file.
2025-04-02 09:05:31,074 [ERROR] LogOutputStream:75 - [STDERR_REDIRECT] 
2025-04-02 09:05:32,098 [ERROR] LogOutputStream:75 - [STDERR_REDIRECT] [Fatal Error] :1:1: Premature end of file.
2025-04-02 09:05:32,098 [ERROR] LogOutputStream:75 - [STDERR_REDIRECT] 
2025-04-02 09:05:33,108 [ERROR] LogOutputStream:75 - [STDERR_REDIRECT] [Fatal Error] :1:1: Premature end of file.
2025-04-02 09:05:33,108 [ERROR] LogOutputStream:75 - [STDERR_REDIRECT] 
2025-04-02 09:05:34,107 [ERROR] LogOutputStream:75 - [STDERR_REDIRECT] [Fatal Error] :1:1: Premature end of file.
2025-04-02 09:05:34,107 [ERROR] LogOutputStream:75 - [STDERR_REDIRECT] 
2025-04-02 09:05:35,115 [ERROR] LogOutputStream:75 - [STDERR_REDIRECT] [Fatal Error] :1:1: Premature end of file.
2025-04-02 09:05:35,115 [ERROR] LogOutputStream:75 - [STDERR_REDIRECT] 
2025-04-02 09:05:36,109 [ERROR] LogOutputStream:75 - [STDERR_REDIRECT] [Fatal Error] :1:1: Premature end of file.
2025-04-02 09:05:36,110 [ERROR] LogOutputStream:75 - [STDERR_REDIRECT] 
2025-04-02 09:05:37,112 [ERROR] LogOutputStream:75 - [STDERR_REDIRECT] [Fatal Error] :1:1: Premature end of file.
2025-04-02 09:05:37,113 [ERROR] LogOutputStream:75 - [STDERR_REDIRECT] 
2025-04-02 09:05:38,107 [ERROR] LogOutputStream:75 - [STDERR_REDIRECT] [Fatal Error] :1:1: Premature end of file.
2025-04-02 09:05:38,108 [ERROR] LogOutputStream:75 - [STDERR_REDIRECT] 
2025-04-02 09:05:39,119 [ERROR] LogOutputStream:75 - [STDERR_REDIRECT] [Fatal Error] :1:1: Premature end of file.
2025-04-02 09:05:39,119 [ERROR] LogOutputStream:75 - [STDERR_REDIRECT] 
2025-04-02 09:05:40,103 [ERROR] LogOutputStream:75 - [STDERR_REDIRECT] [Fatal Error] :1:1: Premature end of file.
2025-04-02 09:05:40,103 [ERROR] LogOutputStream:75 - [STDERR_REDIRECT] 
2025-04-02 09:05:41,098 [ERROR] LogOutputStream:75 - [STDERR_REDIRECT] [Fatal Error] :1:1: Premature end of file.
2025-04-02 09:05:41,098 [ERROR] LogOutputStream:75 - [STDERR_REDIRECT] 
2025-04-02 09:05:42,099 [ERROR] LogOutputStream:75 - [STDERR_REDIRECT] [Fatal Error] :1:1: Premature end of file.
2025-04-02 09:05:42,099 [ERROR] LogOutputStream:75 - [STDERR_REDIRECT] 
2025-04-02 09:05:43,094 [ERROR] LogOutputStream:75 - [STDERR_REDIRECT] [Fatal Error] :1:1: Premature end of file.
2025-04-02 09:05:43,094 [ERROR] LogOutputStream:75 - [STDERR_REDIRECT] 
2025-04-02 09:05:44,077 [ERROR] LogOutputStream:75 - [STDERR_REDIRECT] [Fatal Error] :1:1: Premature end of file.
2025-04-02 09:05:44,077 [ERROR] LogOutputStream:75 - [STDERR_REDIRECT] 
2025-04-02 09:05:45,103 [ERROR] LogOutputStream:75 - [STDERR_REDIRECT] [Fatal Error] :1:1: Premature end of file.
2025-04-02 09:05:45,103 [ERROR] LogOutputStream:75 - [STDERR_REDIRECT] 
2025-04-02 09:05:46,115 [ERROR] LogOutputStream:75 - [STDERR_REDIRECT] [Fatal Error] :1:1: Premature end of file.
2025-04-02 09:05:46,115 [ERROR] LogOutputStream:75 - [STDERR_REDIRECT] 
2025-04-02 09:05:47,109 [ERROR] LogOutputStream:75 - [STDERR_REDIRECT] [Fatal Error] :1:1: Premature end of file.
2025-04-02 09:05:47,109 [ERROR] LogOutputStream:75 - [STDERR_REDIRECT] 
2025-04-02 09:05:48,111 [ERROR] LogOutputStream:75 - [STDERR_REDIRECT] [Fatal Error] :1:1: Premature end of file.
2025-04-02 09:05:48,111 [ERROR] LogOutputStream:75 - [STDERR_REDIRECT] 
2025-04-02 09:05:49,104 [ERROR] LogOutputStream:75 - [STDERR_REDIRECT] [Fatal Error] :1:1: Premature end of file.
2025-04-02 09:05:49,104 [ERROR] LogOutputStream:75 - [STDERR_REDIRECT] 
2025-04-02 09:05:50,101 [ERROR] LogOutputStream:75 - [STDERR_REDIRECT] [Fatal Error] :1:1: Premature end of file.
2025-04-02 09:05:50,101 [ERROR] LogOutputStream:75 - [STDERR_REDIRECT] 
2025-04-02 09:05:51,090 [ERROR] LogOutputStream:75 - [STDERR_REDIRECT] [Fatal Error] :1:1: Premature end of file.
2025-04-02 09:05:51,091 [ERROR] LogOutputStream:75 - [STDERR_REDIRECT] 
2025-04-02 09:05:52,100 [ERROR] LogOutputStream:75 - [STDERR_REDIRECT] [Fatal Error] :1:1: Premature end of file.
2025-04-02 09:05:52,101 [ERROR] LogOutputStream:75 - [STDERR_REDIRECT] 
2025-04-02 09:05:53,096 [ERROR] LogOutputStream:75 - [STDERR_REDIRECT] [Fatal Error] :1:1: Premature end of file.
2025-04-02 09:05:53,096 [ERROR] LogOutputStream:75 - [STDERR_REDIRECT] 
2025-04-02 09:05:54,098 [ERROR] LogOutputStream:75 - [STDERR_REDIRECT] [Fatal Error] :1:1: Premature end of file.
2025-04-02 09:05:54,099 [ERROR] LogOutputStream:75 - [STDERR_REDIRECT] 
2025-04-02 09:05:55,100 [ERROR] LogOutputStream:75 - [STDERR_REDIRECT] [Fatal Error] :1:1: Premature end of file.
2025-04-02 09:05:55,100 [ERROR] LogOutputStream:75 - [STDERR_REDIRECT] 
2025-04-02 09:05:56,086 [ERROR] LogOutputStream:75 - [STDERR_REDIRECT] [Fatal Error] :1:1: Premature end of file.
2025-04-02 09:05:56,086 [ERROR] LogOutputStream:75 - [STDERR_REDIRECT] 
2025-04-02 09:05:57,080 [ERROR] LogOutputStream:75 - [STDERR_REDIRECT] [Fatal Error] :1:1: Premature end of file.
2025-04-02 09:05:57,080 [ERROR] LogOutputStream:75 - [STDERR_REDIRECT] 
2025-04-02 09:05:58,099 [ERROR] LogOutputStream:75 - [STDERR_REDIRECT] [Fatal Error] :1:1: Premature end of file.
2025-04-02 09:05:58,099 [ERROR] LogOutputStream:75 - [STDERR_REDIRECT] 
2025-04-02 09:05:59,102 [ERROR] LogOutputStream:75 - [STDERR_REDIRECT] [Fatal Error] :1:1: Premature end of file.
2025-04-02 09:05:59,103 [ERROR] LogOutputStream:75 - [STDERR_REDIRECT] 
2025-04-02 09:06:00,098 [ERROR] LogOutputStream:75 - [STDERR_REDIRECT] [Fatal Error] :1:1: Premature end of file.
2025-04-02 09:06:00,098 [ERROR] LogOutputStream:75 - [STDERR_REDIRECT] 
2025-04-02 09:06:01,104 [ERROR] LogOutputStream:75 - [STDERR_REDIRECT] [Fatal Error] :1:1: Premature end of file.
2025-04-02 09:06:01,105 [ERROR] LogOutputStream:75 - [STDERR_REDIRECT] 
2025-04-02 09:06:02,139 [ERROR] LogOutputStream:75 - [STDERR_REDIRECT] [Fatal Error] :1:1: Premature end of file.
2025-04-02 09:06:02,139 [ERROR] LogOutputStream:75 - [STDERR_REDIRECT] 
2025-04-02 09:06:03,082 [ERROR] LogOutputStream:75 - [STDERR_REDIRECT] [Fatal Error] :1:1: Premature end of file.
2025-04-02 09:06:03,082 [ERROR] LogOutputStream:75 - [STDERR_REDIRECT] 
2025-04-02 09:06:04,107 [ERROR] LogOutputStream:75 - [STDERR_REDIRECT] [Fatal Error] :1:1: Premature end of file.
2025-04-02 09:06:04,108 [ERROR] LogOutputStream:75 - [STDERR_REDIRECT] 
2025-04-02 09:06:05,104 [ERROR] LogOutputStream:75 - [STDERR_REDIRECT] [Fatal Error] :1:1: Premature end of file.
2025-04-02 09:06:05,104 [ERROR] LogOutputStream:75 - [STDERR_REDIRECT] 
2025-04-02 09:06:06,096 [ERROR] LogOutputStream:75 - [STDERR_REDIRECT] [Fatal Error] :1:1: Premature end of file.
2025-04-02 09:06:06,096 [ERROR] LogOutputStream:75 - [STDERR_REDIRECT] 
2025-04-02 09:06:07,083 [ERROR] LogOutputStream:75 - [STDERR_REDIRECT] [Fatal Error] :1:1: Premature end of file.
2025-04-02 09:06:07,083 [ERROR] LogOutputStream:75 - [STDERR_REDIRECT] 
2025-04-02 09:06:08,113 [ERROR] LogOutputStream:75 - [STDERR_REDIRECT] [Fatal Error] :1:1: Premature end of file.
2025-04-02 09:06:08,113 [ERROR] LogOutputStream:75 - [STDERR_REDIRECT] 
2025-04-02 09:06:09,110 [ERROR] LogOutputStream:75 - [STDERR_REDIRECT] [Fatal Error] :1:1: Premature end of file.
2025-04-02 09:06:09,110 [ERROR] LogOutputStream:75 - [STDERR_REDIRECT] 
2025-04-02 09:06:10,117 [ERROR] LogOutputStream:75 - [STDERR_REDIRECT] [Fatal Error] :1:1: Premature end of file.
2025-04-02 09:06:10,117 [ERROR] LogOutputStream:75 - [STDERR_REDIRECT] 
2025-04-02 09:06:11,112 [ERROR] LogOutputStream:75 - [STDERR_REDIRECT] [Fatal Error] :1:1: Premature end of file.
2025-04-02 09:06:11,112 [ERROR] LogOutputStream:75 - [STDERR_REDIRECT] 
2025-04-02 09:06:12,103 [ERROR] LogOutputStream:75 - [STDERR_REDIRECT] [Fatal Error] :1:1: Premature end of file.
2025-04-02 09:06:12,104 [ERROR] LogOutputStream:75 - [STDERR_REDIRECT] 
2025-04-02 09:06:13,116 [ERROR] LogOutputStream:75 - [STDERR_REDIRECT] [Fatal Error] :1:1: Premature end of file.
2025-04-02 09:06:13,116 [ERROR] LogOutputStream:75 - [STDERR_REDIRECT] 
2025-04-02 09:06:14,119 [ERROR] LogOutputStream:75 - [STDERR_REDIRECT] [Fatal Error] :1:1: Premature end of file.
2025-04-02 09:06:14,119 [ERROR] LogOutputStream:75 - [STDERR_REDIRECT] 
2025-04-02 09:06:15,121 [ERROR] LogOutputStream:75 - [STDERR_REDIRECT] [Fatal Error] :1:1: Premature end of file.
2025-04-02 09:06:15,121 [ERROR] LogOutputStream:75 - [STDERR_REDIRECT] 
2025-04-02 09:06:16,084 [ERROR] LogOutputStream:75 - [STDERR_REDIRECT] [Fatal Error] :1:1: Premature end of file.
2025-04-02 09:06:16,084 [ERROR] LogOutputStream:75 - [STDERR_REDIRECT] 
2025-04-02 09:06:17,115 [ERROR] LogOutputStream:75 - [STDERR_REDIRECT] [Fatal Error] :1:1: Premature end of file.
2025-04-02 09:06:17,116 [ERROR] LogOutputStream:75 - [STDERR_REDIRECT] 
2025-04-02 09:06:18,104 [ERROR] LogOutputStream:75 - [STDERR_REDIRECT] [Fatal Error] :1:1: Premature end of file.
2025-04-02 09:06:18,104 [ERROR] LogOutputStream:75 - [STDERR_REDIRECT] 
2025-04-02 09:06:19,088 [ERROR] LogOutputStream:75 - [STDERR_REDIRECT] [Fatal Error] :1:1: Premature end of file.
2025-04-02 09:06:19,088 [ERROR] LogOutputStream:75 - [STDERR_REDIRECT] 
2025-04-02 09:06:20,107 [ERROR] LogOutputStream:75 - [STDERR_REDIRECT] [Fatal Error] :1:1: Premature end of file.
2025-04-02 09:06:20,108 [ERROR] LogOutputStream:75 - [STDERR_REDIRECT] 
2025-04-02 09:06:21,105 [ERROR] LogOutputStream:75 - [STDERR_REDIRECT] [Fatal Error] :1:1: Premature end of file.
2025-04-02 09:06:21,105 [ERROR] LogOutputStream:75 - [STDERR_REDIRECT] 
2025-04-02 09:06:22,110 [ERROR] LogOutputStream:75 - [STDERR_REDIRECT] [Fatal Error] :1:1: Premature end of file.
2025-04-02 09:06:22,110 [ERROR] LogOutputStream:75 - [STDERR_REDIRECT] 
2025-04-02 09:06:23,104 [ERROR] LogOutputStream:75 - [STDERR_REDIRECT] [Fatal Error] :1:1: Premature end of file.
2025-04-02 09:06:23,104 [ERROR] LogOutputStream:75 - [STDERR_REDIRECT] 
2025-04-02 09:06:24,114 [ERROR] LogOutputStream:75 - [STDERR_REDIRECT] [Fatal Error] :1:1: Premature end of file.
2025-04-02 09:06:24,115 [ERROR] LogOutputStream:75 - [STDERR_REDIRECT] 
2025-04-02 09:06:25,096 [ERROR] LogOutputStream:75 - [STDERR_REDIRECT] [Fatal Error] :1:1: Premature end of file.
2025-04-02 09:06:25,097 [ERROR] LogOutputStream:75 - [STDERR_REDIRECT] 
2025-04-02 09:06:26,115 [ERROR] LogOutputStream:75 - [STDERR_REDIRECT] [Fatal Error] :1:1: Premature end of file.
2025-04-02 09:06:26,116 [ERROR] LogOutputStream:75 - [STDERR_REDIRECT] 
2025-04-02 09:06:27,110 [ERROR] LogOutputStream:75 - [STDERR_REDIRECT] [Fatal Error] :1:1: Premature end of file.
2025-04-02 09:06:27,110 [ERROR] LogOutputStream:75 - [STDERR_REDIRECT] 
2025-04-02 09:06:28,089 [ERROR] LogOutputStream:75 - [STDERR_REDIRECT] [Fatal Error] :1:1: Premature end of file.
2025-04-02 09:06:28,089 [ERROR] LogOutputStream:75 - [STDERR_REDIRECT] 
2025-04-02 09:06:29,109 [ERROR] LogOutputStream:75 - [STDERR_REDIRECT] [Fatal Error] :1:1: Premature end of file.
2025-04-02 09:06:29,110 [ERROR] LogOutputStream:75 - [STDERR_REDIRECT] 
2025-04-02 09:06:30,090 [ERROR] LogOutputStream:75 - [STDERR_REDIRECT] [Fatal Error] :1:1: Premature end of file.
2025-04-02 09:06:30,090 [ERROR] LogOutputStream:75 - [STDERR_REDIRECT] 
2025-04-02 09:06:31,108 [ERROR] LogOutputStream:75 - [STDERR_REDIRECT] [Fatal Error] :1:1: Premature end of file.
2025-04-02 09:06:31,108 [ERROR] LogOutputStream:75 - [STDERR_REDIRECT] 
2025-04-02 09:06:32,097 [ERROR] LogOutputStream:75 - [STDERR_REDIRECT] [Fatal Error] :1:1: Premature end of file.
2025-04-02 09:06:32,097 [ERROR] LogOutputStream:75 - [STDERR_REDIRECT] 
2025-04-02 09:06:33,085 [ERROR] LogOutputStream:75 - [STDERR_REDIRECT] [Fatal Error] :1:1: Premature end of file.
2025-04-02 09:06:33,085 [ERROR] LogOutputStream:75 - [STDERR_REDIRECT] 
2025-04-02 09:06:34,080 [ERROR] LogOutputStream:75 - [STDERR_REDIRECT] [Fatal Error] :1:1: Premature end of file.
2025-04-02 09:06:34,080 [ERROR] LogOutputStream:75 - [STDERR_REDIRECT] 
2025-04-02 09:06:35,108 [ERROR] LogOutputStream:75 - [STDERR_REDIRECT] [Fatal Error] :1:1: Premature end of file.
2025-04-02 09:06:35,108 [ERROR] LogOutputStream:75 - [STDERR_REDIRECT] 
2025-04-02 09:06:36,118 [ERROR] LogOutputStream:75 - [STDERR_REDIRECT] [Fatal Error] :1:1: Premature end of file.
2025-04-02 09:06:36,119 [ERROR] LogOutputStream:75 - [STDERR_REDIRECT] 
2025-04-02 09:06:37,084 [ERROR] LogOutputStream:75 - [STDERR_REDIRECT] [Fatal Error] :1:1: Premature end of file.
2025-04-02 09:06:37,085 [ERROR] LogOutputStream:75 - [STDERR_REDIRECT] 
2025-04-02 09:06:38,868 [ERROR] LogOutputStream:75 - [STDERR_REDIRECT] [Fatal Error] :1:1: Premature end of file.
2025-04-02 09:06:38,869 [ERROR] LogOutputStream:75 - [STDERR_REDIRECT] 
2025-04-02 09:06:39,150 [ERROR] LogOutputStream:75 - [STDERR_REDIRECT] [Fatal Error] :1:1: Premature end of file.
2025-04-02 09:06:39,150 [ERROR] LogOutputStream:75 - [STDERR_REDIRECT] 
2025-04-02 09:06:40,102 [ERROR] LogOutputStream:75 - [STDERR_REDIRECT] [Fatal Error] :1:1: Premature end of file.
2025-04-02 09:06:40,102 [ERROR] LogOutputStream:75 - [STDERR_REDIRECT] 
2025-04-02 09:06:41,104 [ERROR] LogOutputStream:75 - [STDERR_REDIRECT] [Fatal Error] :1:1: Premature end of file.
2025-04-02 09:06:41,104 [ERROR] LogOutputStream:75 - [STDERR_REDIRECT] 
2025-04-02 09:06:42,076 [ERROR] LogOutputStream:75 - [STDERR_REDIRECT] [Fatal Error] :1:1: Premature end of file.
2025-04-02 09:06:42,076 [ERROR] LogOutputStream:75 - [STDERR_REDIRECT] 
2025-04-02 09:06:43,090 [ERROR] LogOutputStream:75 - [STDERR_REDIRECT] [Fatal Error] :1:1: Premature end of file.
2025-04-02 09:06:43,090 [ERROR] LogOutputStream:75 - [STDERR_REDIRECT] 
2025-04-02 09:06:44,118 [ERROR] LogOutputStream:75 - [STDERR_REDIRECT] [Fatal Error] :1:1: Premature end of file.
2025-04-02 09:06:44,118 [ERROR] LogOutputStream:75 - [STDERR_REDIRECT] 
2025-04-02 09:06:45,067 [ERROR] LogOutputStream:75 - [STDERR_REDIRECT] [Fatal Error] :1:1: Premature end of file.
2025-04-02 09:06:45,067 [ERROR] LogOutputStream:75 - [STDERR_REDIRECT] 
2025-04-02 09:06:46,077 [ERROR] LogOutputStream:75 - [STDERR_REDIRECT] [Fatal Error] :1:1: Premature end of file.
2025-04-02 09:06:46,077 [ERROR] LogOutputStream:75 - [STDERR_REDIRECT] 
2025-04-02 09:06:47,096 [ERROR] LogOutputStream:75 - [STDERR_REDIRECT] [Fatal Error] :1:1: Premature end of file.
2025-04-02 09:06:47,096 [ERROR] LogOutputStream:75 - [STDERR_REDIRECT] 
2025-04-02 09:06:48,088 [ERROR] LogOutputStream:75 - [STDERR_REDIRECT] [Fatal Error] :1:1: Premature end of file.
2025-04-02 09:06:48,089 [ERROR] LogOutputStream:75 - [STDERR_REDIRECT] 
2025-04-02 09:06:49,093 [ERROR] LogOutputStream:75 - [STDERR_REDIRECT] [Fatal Error] :1:1: Premature end of file.
2025-04-02 09:06:49,094 [ERROR] LogOutputStream:75 - [STDERR_REDIRECT] 
2025-04-02 09:06:50,136 [ERROR] LogOutputStream:75 - [STDERR_REDIRECT] [Fatal Error] :1:1: Premature end of file.
2025-04-02 09:06:50,136 [ERROR] LogOutputStream:75 - [STDERR_REDIRECT] 
2025-04-02 09:06:51,148 [ERROR] LogOutputStream:75 - [STDERR_REDIRECT] [Fatal Error] :1:1: Premature end of file.
2025-04-02 09:06:51,148 [ERROR] LogOutputStream:75 - [STDERR_REDIRECT] 
2025-04-02 09:06:52,119 [ERROR] LogOutputStream:75 - [STDERR_REDIRECT] [Fatal Error] :1:1: Premature end of file.
2025-04-02 09:06:52,120 [ERROR] LogOutputStream:75 - [STDERR_REDIRECT] 
2025-04-02 09:06:53,113 [ERROR] LogOutputStream:75 - [STDERR_REDIRECT] [Fatal Error] :1:1: Premature end of file.
2025-04-02 09:06:53,114 [ERROR] LogOutputStream:75 - [STDERR_REDIRECT] 
2025-04-02 09:06:54,134 [ERROR] LogOutputStream:75 - [STDERR_REDIRECT] [Fatal Error] :1:1: Premature end of file.
2025-04-02 09:06:54,134 [ERROR] LogOutputStream:75 - [STDERR_REDIRECT] 
2025-04-02 09:06:55,136 [ERROR] LogOutputStream:75 - [STDERR_REDIRECT] [Fatal Error] :1:1: Premature end of file.
2025-04-02 09:06:55,136 [ERROR] LogOutputStream:75 - [STDERR_REDIRECT] 
2025-04-02 09:06:56,110 [ERROR] LogOutputStream:75 - [STDERR_REDIRECT] [Fatal Error] :1:1: Premature end of file.
2025-04-02 09:06:56,110 [ERROR] LogOutputStream:75 - [STDERR_REDIRECT] 
2025-04-02 09:06:57,141 [ERROR] LogOutputStream:75 - [STDERR_REDIRECT] [Fatal Error] :1:1: Premature end of file.
2025-04-02 09:06:57,141 [ERROR] LogOutputStream:75 - [STDERR_REDIRECT] 
2025-04-02 09:06:58,126 [ERROR] LogOutputStream:75 - [STDERR_REDIRECT] [Fatal Error] :1:1: Premature end of file.
2025-04-02 09:06:58,126 [ERROR] LogOutputStream:75 - [STDERR_REDIRECT] 
2025-04-02 09:06:59,121 [ERROR] LogOutputStream:75 - [STDERR_REDIRECT] [Fatal Error] :1:1: Premature end of file.
2025-04-02 09:06:59,121 [ERROR] LogOutputStream:75 - [STDERR_REDIRECT] 
2025-04-02 09:07:00,131 [ERROR] LogOutputStream:75 - [STDERR_REDIRECT] [Fatal Error] :1:1: Premature end of file.
2025-04-02 09:07:00,131 [ERROR] LogOutputStream:75 - [STDERR_REDIRECT] 
2025-04-02 09:07:01,126 [ERROR] LogOutputStream:75 - [STDERR_REDIRECT] [Fatal Error] :1:1: Premature end of file.
2025-04-02 09:07:01,126 [ERROR] LogOutputStream:75 - [STDERR_REDIRECT] 
2025-04-02 09:07:02,086 [ERROR] LogOutputStream:75 - [STDERR_REDIRECT] [Fatal Error] :1:1: Premature end of file.
2025-04-02 09:07:02,086 [ERROR] LogOutputStream:75 - [STDERR_REDIRECT] 
2025-04-02 09:07:03,109 [ERROR] LogOutputStream:75 - [STDERR_REDIRECT] [Fatal Error] :1:1: Premature end of file.
2025-04-02 09:07:03,109 [ERROR] LogOutputStream:75 - [STDERR_REDIRECT] 
2025-04-02 09:07:04,074 [ERROR] LogOutputStream:75 - [STDERR_REDIRECT] [Fatal Error] :1:1: Premature end of file.
2025-04-02 09:07:04,074 [ERROR] LogOutputStream:75 - [STDERR_REDIRECT] 
2025-04-02 09:07:05,070 [ERROR] LogOutputStream:75 - [STDERR_REDIRECT] [Fatal Error] :1:1: Premature end of file.
2025-04-02 09:07:05,070 [ERROR] LogOutputStream:75 - [STDERR_REDIRECT] 
2025-04-02 09:07:06,076 [ERROR] LogOutputStream:75 - [STDERR_REDIRECT] [Fatal Error] :1:1: Premature end of file.
2025-04-02 09:07:06,076 [ERROR] LogOutputStream:75 - [STDERR_REDIRECT] 
2025-04-02 09:07:07,071 [ERROR] LogOutputStream:75 - [STDERR_REDIRECT] [Fatal Error] :1:1: Premature end of file.
2025-04-02 09:07:07,071 [ERROR] LogOutputStream:75 - [STDERR_REDIRECT] 
2025-04-02 09:07:08,090 [ERROR] LogOutputStream:75 - [STDERR_REDIRECT] [Fatal Error] :1:1: Premature end of file.
2025-04-02 09:07:08,090 [ERROR] LogOutputStream:75 - [STDERR_REDIRECT] 
2025-04-02 09:07:09,063 [ERROR] LogOutputStream:75 - [STDERR_REDIRECT] [Fatal Error] :1:1: Premature end of file.
2025-04-02 09:07:09,063 [ERROR] LogOutputStream:75 - [STDERR_REDIRECT] 
2025-04-02 09:07:10,056 [ERROR] LogOutputStream:75 - [STDERR_REDIRECT] [Fatal Error] :1:1: Premature end of file.
2025-04-02 09:07:10,056 [ERROR] LogOutputStream:75 - [STDERR_REDIRECT] 
2025-04-02 09:07:11,120 [ERROR] LogOutputStream:75 - [STDERR_REDIRECT] [Fatal Error] :1:1: Premature end of file.
2025-04-02 09:07:11,120 [ERROR] LogOutputStream:75 - [STDERR_REDIRECT] 
2025-04-02 09:07:12,108 [ERROR] LogOutputStream:75 - [STDERR_REDIRECT] [Fatal Error] :1:1: Premature end of file.
2025-04-02 09:07:12,108 [ERROR] LogOutputStream:75 - [STDERR_REDIRECT] 
2025-04-02 09:07:13,107 [ERROR] LogOutputStream:75 - [STDERR_REDIRECT] [Fatal Error] :1:1: Premature end of file.
2025-04-02 09:07:13,107 [ERROR] LogOutputStream:75 - [STDERR_REDIRECT] 
2025-04-02 09:07:14,070 [ERROR] LogOutputStream:75 - [STDERR_REDIRECT] [Fatal Error] :1:1: Premature end of file.
2025-04-02 09:07:14,070 [ERROR] LogOutputStream:75 - [STDERR_REDIRECT] 
2025-04-02 09:07:15,124 [ERROR] LogOutputStream:75 - [STDERR_REDIRECT] [Fatal Error] :1:1: Premature end of file.
2025-04-02 09:07:15,124 [ERROR] LogOutputStream:75 - [STDERR_REDIRECT] 
2025-04-02 09:07:16,073 [ERROR] LogOutputStream:75 - [STDERR_REDIRECT] [Fatal Error] :1:1: Premature end of file.
2025-04-02 09:07:16,073 [ERROR] LogOutputStream:75 - [STDERR_REDIRECT] 
2025-04-02 09:07:17,125 [ERROR] LogOutputStream:75 - [STDERR_REDIRECT] [Fatal Error] :1:1: Premature end of file.
2025-04-02 09:07:17,125 [ERROR] LogOutputStream:75 - [STDERR_REDIRECT] 
2025-04-02 09:07:18,124 [ERROR] LogOutputStream:75 - [STDERR_REDIRECT] [Fatal Error] :1:1: Premature end of file.
2025-04-02 09:07:18,124 [ERROR] LogOutputStream:75 - [STDERR_REDIRECT] 
2025-04-02 09:07:19,140 [ERROR] LogOutputStream:75 - [STDERR_REDIRECT] [Fatal Error] :1:1: Premature end of file.
2025-04-02 09:07:19,140 [ERROR] LogOutputStream:75 - [STDERR_REDIRECT] 
2025-04-02 09:07:20,106 [ERROR] LogOutputStream:75 - [STDERR_REDIRECT] [Fatal Error] :1:1: Premature end of file.
2025-04-02 09:07:20,106 [ERROR] LogOutputStream:75 - [STDERR_REDIRECT] 
2025-04-02 09:07:21,105 [ERROR] LogOutputStream:75 - [STDERR_REDIRECT] [Fatal Error] :1:1: Premature end of file.
2025-04-02 09:07:21,105 [ERROR] LogOutputStream:75 - [STDERR_REDIRECT] 
2025-04-02 09:07:22,125 [ERROR] LogOutputStream:75 - [STDERR_REDIRECT] [Fatal Error] :1:1: Premature end of file.
2025-04-02 09:07:22,125 [ERROR] LogOutputStream:75 - [STDERR_REDIRECT] 
2025-04-02 09:07:23,092 [ERROR] LogOutputStream:75 - [STDERR_REDIRECT] [Fatal Error] :1:1: Premature end of file.
2025-04-02 09:07:23,092 [ERROR] LogOutputStream:75 - [STDERR_REDIRECT] 
2025-04-02 09:07:24,127 [ERROR] LogOutputStream:75 - [STDERR_REDIRECT] [Fatal Error] :1:1: Premature end of file.
2025-04-02 09:07:24,127 [ERROR] LogOutputStream:75 - [STDERR_REDIRECT] 
2025-04-02 09:07:25,105 [ERROR] LogOutputStream:75 - [STDERR_REDIRECT] [Fatal Error] :1:1: Premature end of file.
2025-04-02 09:07:25,105 [ERROR] LogOutputStream:75 - [STDERR_REDIRECT] 
2025-04-02 09:07:26,105 [ERROR] LogOutputStream:75 - [STDERR_REDIRECT] [Fatal Error] :1:1: Premature end of file.
2025-04-02 09:07:26,105 [ERROR] LogOutputStream:75 - [STDERR_REDIRECT] 
2025-04-02 09:07:27,107 [ERROR] LogOutputStream:75 - [STDERR_REDIRECT] [Fatal Error] :1:1: Premature end of file.
2025-04-02 09:07:27,107 [ERROR] LogOutputStream:75 - [STDERR_REDIRECT] 
2025-04-02 09:07:28,104 [ERROR] LogOutputStream:75 - [STDERR_REDIRECT] [Fatal Error] :1:1: Premature end of file.
2025-04-02 09:07:28,104 [ERROR] LogOutputStream:75 - [STDERR_REDIRECT] 
2025-04-02 09:07:29,089 [ERROR] LogOutputStream:75 - [STDERR_REDIRECT] [Fatal Error] :1:1: Premature end of file.
2025-04-02 09:07:29,089 [ERROR] LogOutputStream:75 - [STDERR_REDIRECT] 
2025-04-02 09:07:30,090 [ERROR] LogOutputStream:75 - [STDERR_REDIRECT] [Fatal Error] :1:1: Premature end of file.
2025-04-02 09:07:30,090 [ERROR] LogOutputStream:75 - [STDERR_REDIRECT] 
2025-04-02 09:07:31,069 [ERROR] LogOutputStream:75 - [STDERR_REDIRECT] [Fatal Error] :1:1: Premature end of file.
2025-04-02 09:07:31,069 [ERROR] LogOutputStream:75 - [STDERR_REDIRECT] 
2025-04-02 09:07:32,105 [ERROR] LogOutputStream:75 - [STDERR_REDIRECT] [Fatal Error] :1:1: Premature end of file.
2025-04-02 09:07:32,105 [ERROR] LogOutputStream:75 - [STDERR_REDIRECT] 
2025-04-02 09:07:33,089 [ERROR] LogOutputStream:75 - [STDERR_REDIRECT] [Fatal Error] :1:1: Premature end of file.
2025-04-02 09:07:33,089 [ERROR] LogOutputStream:75 - [STDERR_REDIRECT] 
2025-04-02 09:07:34,087 [ERROR] LogOutputStream:75 - [STDERR_REDIRECT] [Fatal Error] :1:1: Premature end of file.
2025-04-02 09:07:34,087 [ERROR] LogOutputStream:75 - [STDERR_REDIRECT] 
2025-04-02 09:07:35,092 [ERROR] LogOutputStream:75 - [STDERR_REDIRECT] [Fatal Error] :1:1: Premature end of file.
2025-04-02 09:07:35,092 [ERROR] LogOutputStream:75 - [STDERR_REDIRECT] 
2025-04-02 09:07:36,114 [ERROR] LogOutputStream:75 - [STDERR_REDIRECT] [Fatal Error] :1:1: Premature end of file.
2025-04-02 09:07:36,114 [ERROR] LogOutputStream:75 - [STDERR_REDIRECT] 
2025-04-02 09:07:37,104 [ERROR] LogOutputStream:75 - [STDERR_REDIRECT] [Fatal Error] :1:1: Premature end of file.
2025-04-02 09:07:37,105 [ERROR] LogOutputStream:75 - [STDERR_REDIRECT] 
2025-04-02 09:07:38,111 [ERROR] LogOutputStream:75 - [STDERR_REDIRECT] [Fatal Error] :1:1: Premature end of file.
2025-04-02 09:07:38,111 [ERROR] LogOutputStream:75 - [STDERR_REDIRECT] 
2025-04-02 09:07:39,107 [ERROR] LogOutputStream:75 - [STDERR_REDIRECT] [Fatal Error] :1:1: Premature end of file.
2025-04-02 09:07:39,107 [ERROR] LogOutputStream:75 - [STDERR_REDIRECT] 
2025-04-02 09:07:40,097 [ERROR] LogOutputStream:75 - [STDERR_REDIRECT] [Fatal Error] :1:1: Premature end of file.
2025-04-02 09:07:40,097 [ERROR] LogOutputStream:75 - [STDERR_REDIRECT] 
2025-04-02 09:07:41,112 [ERROR] LogOutputStream:75 - [STDERR_REDIRECT] [Fatal Error] :1:1: Premature end of file.
2025-04-02 09:07:41,112 [ERROR] LogOutputStream:75 - [STDERR_REDIRECT] 
2025-04-02 09:07:42,131 [ERROR] LogOutputStream:75 - [STDERR_REDIRECT] [Fatal Error] :1:1: Premature end of file.
2025-04-02 09:07:42,131 [ERROR] LogOutputStream:75 - [STDERR_REDIRECT] 
2025-04-02 09:07:43,099 [ERROR] LogOutputStream:75 - [STDERR_REDIRECT] [Fatal Error] :1:1: Premature end of file.
2025-04-02 09:07:43,099 [ERROR] LogOutputStream:75 - [STDERR_REDIRECT] 
2025-04-02 09:07:44,106 [ERROR] LogOutputStream:75 - [STDERR_REDIRECT] [Fatal Error] :1:1: Premature end of file.
2025-04-02 09:07:44,107 [ERROR] LogOutputStream:75 - [STDERR_REDIRECT] 
2025-04-02 09:07:45,118 [ERROR] LogOutputStream:75 - [STDERR_REDIRECT] [Fatal Error] :1:1: Premature end of file.
2025-04-02 09:07:45,119 [ERROR] LogOutputStream:75 - [STDERR_REDIRECT] 
2025-04-02 09:07:46,109 [ERROR] LogOutputStream:75 - [STDERR_REDIRECT] [Fatal Error] :1:1: Premature end of file.
2025-04-02 09:07:46,110 [ERROR] LogOutputStream:75 - [STDERR_REDIRECT] 
2025-04-02 09:07:47,112 [ERROR] LogOutputStream:75 - [STDERR_REDIRECT] [Fatal Error] :1:1: Premature end of file.
2025-04-02 09:07:47,112 [ERROR] LogOutputStream:75 - [STDERR_REDIRECT] 
2025-04-02 09:07:48,100 [ERROR] LogOutputStream:75 - [STDERR_REDIRECT] [Fatal Error] :1:1: Premature end of file.
2025-04-02 09:07:48,100 [ERROR] LogOutputStream:75 - [STDERR_REDIRECT] 
2025-04-02 09:07:49,117 [ERROR] LogOutputStream:75 - [STDERR_REDIRECT] [Fatal Error] :1:1: Premature end of file.
2025-04-02 09:07:49,118 [ERROR] LogOutputStream:75 - [STDERR_REDIRECT] 
2025-04-02 09:07:50,102 [ERROR] LogOutputStream:75 - [STDERR_REDIRECT] [Fatal Error] :1:1: Premature end of file.
2025-04-02 09:07:50,102 [ERROR] LogOutputStream:75 - [STDERR_REDIRECT] 
2025-04-02 09:07:51,117 [ERROR] LogOutputStream:75 - [STDERR_REDIRECT] [Fatal Error] :1:1: Premature end of file.
2025-04-02 09:07:51,117 [ERROR] LogOutputStream:75 - [STDERR_REDIRECT] 
2025-04-02 09:07:52,099 [ERROR] LogOutputStream:75 - [STDERR_REDIRECT] [Fatal Error] :1:1: Premature end of file.
2025-04-02 09:07:52,099 [ERROR] LogOutputStream:75 - [STDERR_REDIRECT] 
2025-04-02 09:07:53,082 [ERROR] LogOutputStream:75 - [STDERR_REDIRECT] [Fatal Error] :1:1: Premature end of file.
2025-04-02 09:07:53,082 [ERROR] LogOutputStream:75 - [STDERR_REDIRECT] 
2025-04-02 09:07:54,090 [ERROR] LogOutputStream:75 - [STDERR_REDIRECT] [Fatal Error] :1:1: Premature end of file.
2025-04-02 09:07:54,091 [ERROR] LogOutputStream:75 - [STDERR_REDIRECT] 
2025-04-02 09:07:55,100 [ERROR] LogOutputStream:75 - [STDERR_REDIRECT] [Fatal Error] :1:1: Premature end of file.
2025-04-02 09:07:55,100 [ERROR] LogOutputStream:75 - [STDERR_REDIRECT] 
2025-04-02 09:07:56,114 [ERROR] LogOutputStream:75 - [STDERR_REDIRECT] [Fatal Error] :1:1: Premature end of file.
2025-04-02 09:07:56,114 [ERROR] LogOutputStream:75 - [STDERR_REDIRECT] 
2025-04-02 09:07:57,073 [ERROR] LogOutputStream:75 - [STDERR_REDIRECT] [Fatal Error] :1:1: Premature end of file.
2025-04-02 09:07:57,073 [ERROR] LogOutputStream:75 - [STDERR_REDIRECT] 
2025-04-02 09:07:58,126 [ERROR] LogOutputStream:75 - [STDERR_REDIRECT] [Fatal Error] :1:1: Premature end of file.
2025-04-02 09:07:58,127 [ERROR] LogOutputStream:75 - [STDERR_REDIRECT] 
2025-04-02 09:07:59,102 [ERROR] LogOutputStream:75 - [STDERR_REDIRECT] [Fatal Error] :1:1: Premature end of file.
2025-04-02 09:07:59,102 [ERROR] LogOutputStream:75 - [STDERR_REDIRECT] 
2025-04-02 09:08:00,137 [ERROR] LogOutputStream:75 - [STDERR_REDIRECT] [Fatal Error] :1:1: Premature end of file.
2025-04-02 09:08:00,138 [ERROR] LogOutputStream:75 - [STDERR_REDIRECT] 
2025-04-02 09:08:01,092 [ERROR] LogOutputStream:75 - [STDERR_REDIRECT] [Fatal Error] :1:1: Premature end of file.
2025-04-02 09:08:01,092 [ERROR] LogOutputStream:75 - [STDERR_REDIRECT] 
2025-04-02 09:08:02,120 [ERROR] LogOutputStream:75 - [STDERR_REDIRECT] [Fatal Error] :1:1: Premature end of file.
2025-04-02 09:08:02,121 [ERROR] LogOutputStream:75 - [STDERR_REDIRECT] 
2025-04-02 09:08:03,152 [ERROR] LogOutputStream:75 - [STDERR_REDIRECT] [Fatal Error] :1:1: Premature end of file.
2025-04-02 09:08:03,152 [ERROR] LogOutputStream:75 - [STDERR_REDIRECT] 
2025-04-02 09:08:04,113 [ERROR] LogOutputStream:75 - [STDERR_REDIRECT] [Fatal Error] :1:1: Premature end of file.
2025-04-02 09:08:04,114 [ERROR] LogOutputStream:75 - [STDERR_REDIRECT] 
2025-04-02 09:08:05,117 [ERROR] LogOutputStream:75 - [STDERR_REDIRECT] [Fatal Error] :1:1: Premature end of file.
2025-04-02 09:08:05,117 [ERROR] LogOutputStream:75 - [STDERR_REDIRECT] 
2025-04-02 09:08:06,098 [ERROR] LogOutputStream:75 - [STDERR_REDIRECT] [Fatal Error] :1:1: Premature end of file.
2025-04-02 09:08:06,098 [ERROR] LogOutputStream:75 - [STDERR_REDIRECT] 
2025-04-02 09:08:07,124 [ERROR] LogOutputStream:75 - [STDERR_REDIRECT] [Fatal Error] :1:1: Premature end of file.
2025-04-02 09:08:07,124 [ERROR] LogOutputStream:75 - [STDERR_REDIRECT] 
2025-04-02 09:08:08,121 [ERROR] LogOutputStream:75 - [STDERR_REDIRECT] [Fatal Error] :1:1: Premature end of file.
2025-04-02 09:08:08,122 [ERROR] LogOutputStream:75 - [STDERR_REDIRECT] 
2025-04-02 09:08:09,106 [ERROR] LogOutputStream:75 - [STDERR_REDIRECT] [Fatal Error] :1:1: Premature end of file.
2025-04-02 09:08:09,107 [ERROR] LogOutputStream:75 - [STDERR_REDIRECT] 
2025-04-02 09:08:10,101 [ERROR] LogOutputStream:75 - [STDERR_REDIRECT] [Fatal Error] :1:1: Premature end of file.
2025-04-02 09:08:10,102 [ERROR] LogOutputStream:75 - [STDERR_REDIRECT] 
2025-04-02 09:08:11,120 [ERROR] LogOutputStream:75 - [STDERR_REDIRECT] [Fatal Error] :1:1: Premature end of file.
2025-04-02 09:08:11,120 [ERROR] LogOutputStream:75 - [STDERR_REDIRECT] 
2025-04-02 09:08:12,099 [ERROR] LogOutputStream:75 - [STDERR_REDIRECT] [Fatal Error] :1:1: Premature end of file.
2025-04-02 09:08:12,099 [ERROR] LogOutputStream:75 - [STDERR_REDIRECT] 
2025-04-02 09:08:13,107 [ERROR] LogOutputStream:75 - [STDERR_REDIRECT] [Fatal Error] :1:1: Premature end of file.
2025-04-02 09:08:13,107 [ERROR] LogOutputStream:75 - [STDERR_REDIRECT] 
2025-04-02 09:08:14,123 [ERROR] LogOutputStream:75 - [STDERR_REDIRECT] [Fatal Error] :1:1: Premature end of file.
2025-04-02 09:08:14,123 [ERROR] LogOutputStream:75 - [STDERR_REDIRECT] 
2025-04-02 09:08:15,127 [ERROR] LogOutputStream:75 - [STDERR_REDIRECT] [Fatal Error] :1:1: Premature end of file.
2025-04-02 09:08:15,127 [ERROR] LogOutputStream:75 - [STDERR_REDIRECT] 
2025-04-02 09:08:16,134 [ERROR] LogOutputStream:75 - [STDERR_REDIRECT] [Fatal Error] :1:1: Premature end of file.
2025-04-02 09:08:16,134 [ERROR] LogOutputStream:75 - [STDERR_REDIRECT] 
2025-04-02 09:08:17,109 [ERROR] LogOutputStream:75 - [STDERR_REDIRECT] [Fatal Error] :1:1: Premature end of file.
2025-04-02 09:08:17,109 [ERROR] LogOutputStream:75 - [STDERR_REDIRECT] 
2025-04-02 09:08:18,111 [ERROR] LogOutputStream:75 - [STDERR_REDIRECT] [Fatal Error] :1:1: Premature end of file.
2025-04-02 09:08:18,112 [ERROR] LogOutputStream:75 - [STDERR_REDIRECT] 
2025-04-02 09:08:19,103 [ERROR] LogOutputStream:75 - [STDERR_REDIRECT] [Fatal Error] :1:1: Premature end of file.
2025-04-02 09:08:19,104 [ERROR] LogOutputStream:75 - [STDERR_REDIRECT] 
2025-04-02 09:08:20,077 [ERROR] LogOutputStream:75 - [STDERR_REDIRECT] [Fatal Error] :1:1: Premature end of file.
2025-04-02 09:08:20,077 [ERROR] LogOutputStream:75 - [STDERR_REDIRECT] 
2025-04-02 09:08:21,150 [ERROR] LogOutputStream:75 - [STDERR_REDIRECT] [Fatal Error] :1:1: Premature end of file.
2025-04-02 09:08:21,150 [ERROR] LogOutputStream:75 - [STDERR_REDIRECT] 
2025-04-02 09:08:22,076 [ERROR] LogOutputStream:75 - [STDERR_REDIRECT] [Fatal Error] :1:1: Premature end of file.
2025-04-02 09:08:22,077 [ERROR] LogOutputStream:75 - [STDERR_REDIRECT] 
2025-04-02 09:08:23,098 [ERROR] LogOutputStream:75 - [STDERR_REDIRECT] [Fatal Error] :1:1: Premature end of file.
2025-04-02 09:08:23,099 [ERROR] LogOutputStream:75 - [STDERR_REDIRECT] 
2025-04-02 09:08:24,104 [ERROR] LogOutputStream:75 - [STDERR_REDIRECT] [Fatal Error] :1:1: Premature end of file.
2025-04-02 09:08:24,104 [ERROR] LogOutputStream:75 - [STDERR_REDIRECT] 
2025-04-02 09:08:25,083 [ERROR] LogOutputStream:75 - [STDERR_REDIRECT] [Fatal Error] :1:1: Premature end of file.
2025-04-02 09:08:25,083 [ERROR] LogOutputStream:75 - [STDERR_REDIRECT] 
2025-04-02 09:08:26,121 [ERROR] LogOutputStream:75 - [STDERR_REDIRECT] [Fatal Error] :1:1: Premature end of file.
2025-04-02 09:08:26,122 [ERROR] LogOutputStream:75 - [STDERR_REDIRECT] 
2025-04-02 09:08:27,097 [ERROR] LogOutputStream:75 - [STDERR_REDIRECT] [Fatal Error] :1:1: Premature end of file.
2025-04-02 09:08:27,097 [ERROR] LogOutputStream:75 - [STDERR_REDIRECT] 
2025-04-02 09:08:28,088 [ERROR] LogOutputStream:75 - [STDERR_REDIRECT] [Fatal Error] :1:1: Premature end of file.
2025-04-02 09:08:28,088 [ERROR] LogOutputStream:75 - [STDERR_REDIRECT] 
2025-04-02 09:08:29,117 [ERROR] LogOutputStream:75 - [STDERR_REDIRECT] [Fatal Error] :1:1: Premature end of file.
2025-04-02 09:08:29,117 [ERROR] LogOutputStream:75 - [STDERR_REDIRECT] 
2025-04-02 09:08:30,109 [ERROR] LogOutputStream:75 - [STDERR_REDIRECT] [Fatal Error] :1:1: Premature end of file.
2025-04-02 09:08:30,110 [ERROR] LogOutputStream:75 - [STDERR_REDIRECT] 
2025-04-02 09:08:31,089 [ERROR] LogOutputStream:75 - [STDERR_REDIRECT] [Fatal Error] :1:1: Premature end of file.
2025-04-02 09:08:31,090 [ERROR] LogOutputStream:75 - [STDERR_REDIRECT] 
2025-04-02 09:08:32,073 [ERROR] LogOutputStream:75 - [STDERR_REDIRECT] [Fatal Error] :1:1: Premature end of file.
2025-04-02 09:08:32,073 [ERROR] LogOutputStream:75 - [STDERR_REDIRECT] 
2025-04-02 09:08:33,098 [ERROR] LogOutputStream:75 - [STDERR_REDIRECT] [Fatal Error] :1:1: Premature end of file.
2025-04-02 09:08:33,099 [ERROR] LogOutputStream:75 - [STDERR_REDIRECT] 
2025-04-02 09:08:34,082 [ERROR] LogOutputStream:75 - [STDERR_REDIRECT] [Fatal Error] :1:1: Premature end of file.
2025-04-02 09:08:34,082 [ERROR] LogOutputStream:75 - [STDERR_REDIRECT] 
2025-04-02 09:08:35,153 [ERROR] LogOutputStream:75 - [STDERR_REDIRECT] [Fatal Error] :1:1: Premature end of file.
2025-04-02 09:08:35,153 [ERROR] LogOutputStream:75 - [STDERR_REDIRECT] 
2025-04-02 09:08:36,123 [ERROR] LogOutputStream:75 - [STDERR_REDIRECT] [Fatal Error] :1:1: Premature end of file.
2025-04-02 09:08:36,124 [ERROR] LogOutputStream:75 - [STDERR_REDIRECT] 
2025-04-02 09:08:37,106 [ERROR] LogOutputStream:75 - [STDERR_REDIRECT] [Fatal Error] :1:1: Premature end of file.
2025-04-02 09:08:37,107 [ERROR] LogOutputStream:75 - [STDERR_REDIRECT] 
2025-04-02 09:08:38,125 [ERROR] LogOutputStream:75 - [STDERR_REDIRECT] [Fatal Error] :1:1: Premature end of file.
2025-04-02 09:08:38,126 [ERROR] LogOutputStream:75 - [STDERR_REDIRECT] 
2025-04-02 09:08:39,113 [ERROR] LogOutputStream:75 - [STDERR_REDIRECT] [Fatal Error] :1:1: Premature end of file.
2025-04-02 09:08:39,114 [ERROR] LogOutputStream:75 - [STDERR_REDIRECT] 
2025-04-02 09:08:40,101 [ERROR] LogOutputStream:75 - [STDERR_REDIRECT] [Fatal Error] :1:1: Premature end of file.
2025-04-02 09:08:40,101 [ERROR] LogOutputStream:75 - [STDERR_REDIRECT] 
2025-04-02 09:08:41,118 [ERROR] LogOutputStream:75 - [STDERR_REDIRECT] [Fatal Error] :1:1: Premature end of file.
2025-04-02 09:08:41,118 [ERROR] LogOutputStream:75 - [STDERR_REDIRECT] 
2025-04-02 09:08:42,102 [ERROR] LogOutputStream:75 - [STDERR_REDIRECT] [Fatal Error] :1:1: Premature end of file.
2025-04-02 09:08:42,102 [ERROR] LogOutputStream:75 - [STDERR_REDIRECT] 
2025-04-02 09:08:43,088 [ERROR] LogOutputStream:75 - [STDERR_REDIRECT] [Fatal Error] :1:1: Premature end of file.
2025-04-02 09:08:43,088 [ERROR] LogOutputStream:75 - [STDERR_REDIRECT] 
2025-04-02 09:08:44,116 [ERROR] LogOutputStream:75 - [STDERR_REDIRECT] [Fatal Error] :1:1: Premature end of file.
2025-04-02 09:08:44,116 [ERROR] LogOutputStream:75 - [STDERR_REDIRECT] 
2025-04-02 09:08:45,093 [ERROR] LogOutputStream:75 - [STDERR_REDIRECT] [Fatal Error] :1:1: Premature end of file.
2025-04-02 09:08:45,093 [ERROR] LogOutputStream:75 - [STDERR_REDIRECT] 
2025-04-02 09:08:46,094 [ERROR] LogOutputStream:75 - [STDERR_REDIRECT] [Fatal Error] :1:1: Premature end of file.
2025-04-02 09:08:46,095 [ERROR] LogOutputStream:75 - [STDERR_REDIRECT] 
2025-04-02 09:08:47,087 [ERROR] LogOutputStream:75 - [STDERR_REDIRECT] [Fatal Error] :1:1: Premature end of file.
2025-04-02 09:08:47,087 [ERROR] LogOutputStream:75 - [STDERR_REDIRECT] 
2025-04-02 09:08:48,109 [ERROR] LogOutputStream:75 - [STDERR_REDIRECT] [Fatal Error] :1:1: Premature end of file.
2025-04-02 09:08:48,109 [ERROR] LogOutputStream:75 - [STDERR_REDIRECT] 
2025-04-02 09:08:49,097 [ERROR] LogOutputStream:75 - [STDERR_REDIRECT] [Fatal Error] :1:1: Premature end of file.
2025-04-02 09:08:49,097 [ERROR] LogOutputStream:75 - [STDERR_REDIRECT] 
2025-04-02 09:08:50,102 [ERROR] LogOutputStream:75 - [STDERR_REDIRECT] [Fatal Error] :1:1: Premature end of file.
2025-04-02 09:08:50,102 [ERROR] LogOutputStream:75 - [STDERR_REDIRECT] 
2025-04-02 09:08:51,110 [ERROR] LogOutputStream:75 - [STDERR_REDIRECT] [Fatal Error] :1:1: Premature end of file.
2025-04-02 09:08:51,111 [ERROR] LogOutputStream:75 - [STDERR_REDIRECT] 
2025-04-02 09:08:52,093 [ERROR] LogOutputStream:75 - [STDERR_REDIRECT] [Fatal Error] :1:1: Premature end of file.
2025-04-02 09:08:52,093 [ERROR] LogOutputStream:75 - [STDERR_REDIRECT] 
2025-04-02 09:08:53,098 [ERROR] LogOutputStream:75 - [STDERR_REDIRECT] [Fatal Error] :1:1: Premature end of file.
2025-04-02 09:08:53,098 [ERROR] LogOutputStream:75 - [STDERR_REDIRECT] 
2025-04-02 09:08:54,084 [ERROR] LogOutputStream:75 - [STDERR_REDIRECT] [Fatal Error] :1:1: Premature end of file.
2025-04-02 09:08:54,084 [ERROR] LogOutputStream:75 - [STDERR_REDIRECT] 
2025-04-02 09:08:55,093 [ERROR] LogOutputStream:75 - [STDERR_REDIRECT] [Fatal Error] :1:1: Premature end of file.
2025-04-02 09:08:55,093 [ERROR] LogOutputStream:75 - [STDERR_REDIRECT] 
2025-04-02 09:08:56,100 [ERROR] LogOutputStream:75 - [STDERR_REDIRECT] [Fatal Error] :1:1: Premature end of file.
2025-04-02 09:08:56,100 [ERROR] LogOutputStream:75 - [STDERR_REDIRECT] 
2025-04-02 09:08:57,099 [ERROR] LogOutputStream:75 - [STDERR_REDIRECT] [Fatal Error] :1:1: Premature end of file.
2025-04-02 09:08:57,100 [ERROR] LogOutputStream:75 - [STDERR_REDIRECT] 
2025-04-02 09:08:58,075 [ERROR] LogOutputStream:75 - [STDERR_REDIRECT] [Fatal Error] :1:1: Premature end of file.
2025-04-02 09:08:58,076 [ERROR] LogOutputStream:75 - [STDERR_REDIRECT] 
2025-04-02 09:08:59,102 [ERROR] LogOutputStream:75 - [STDERR_REDIRECT] [Fatal Error] :1:1: Premature end of file.
2025-04-02 09:08:59,103 [ERROR] LogOutputStream:75 - [STDERR_REDIRECT] 
2025-04-02 09:09:00,104 [ERROR] LogOutputStream:75 - [STDERR_REDIRECT] [Fatal Error] :1:1: Premature end of file.
2025-04-02 09:09:00,104 [ERROR] LogOutputStream:75 - [STDERR_REDIRECT] 
2025-04-02 09:09:01,089 [ERROR] LogOutputStream:75 - [STDERR_REDIRECT] [Fatal Error] :1:1: Premature end of file.
2025-04-02 09:09:01,089 [ERROR] LogOutputStream:75 - [STDERR_REDIRECT] 
2025-04-02 09:09:02,101 [ERROR] LogOutputStream:75 - [STDERR_REDIRECT] [Fatal Error] :1:1: Premature end of file.
2025-04-02 09:09:02,101 [ERROR] LogOutputStream:75 - [STDERR_REDIRECT] 
2025-04-02 09:09:03,097 [ERROR] LogOutputStream:75 - [STDERR_REDIRECT] [Fatal Error] :1:1: Premature end of file.
2025-04-02 09:09:03,097 [ERROR] LogOutputStream:75 - [STDERR_REDIRECT] 
2025-04-02 09:09:04,103 [ERROR] LogOutputStream:75 - [STDERR_REDIRECT] [Fatal Error] :1:1: Premature end of file.
2025-04-02 09:09:04,103 [ERROR] LogOutputStream:75 - [STDERR_REDIRECT] 
2025-04-02 09:09:05,090 [ERROR] LogOutputStream:75 - [STDERR_REDIRECT] [Fatal Error] :1:1: Premature end of file.
2025-04-02 09:09:05,091 [ERROR] LogOutputStream:75 - [STDERR_REDIRECT] 
2025-04-02 09:09:06,093 [ERROR] LogOutputStream:75 - [STDERR_REDIRECT] [Fatal Error] :1:1: Premature end of file.
2025-04-02 09:09:06,094 [ERROR] LogOutputStream:75 - [STDERR_REDIRECT] 
2025-04-02 09:09:07,112 [ERROR] LogOutputStream:75 - [STDERR_REDIRECT] [Fatal Error] :1:1: Premature end of file.
2025-04-02 09:09:07,112 [ERROR] LogOutputStream:75 - [STDERR_REDIRECT] 
2025-04-02 09:09:08,096 [ERROR] LogOutputStream:75 - [STDERR_REDIRECT] [Fatal Error] :1:1: Premature end of file.
2025-04-02 09:09:08,097 [ERROR] LogOutputStream:75 - [STDERR_REDIRECT] 
2025-04-02 09:09:09,106 [ERROR] LogOutputStream:75 - [STDERR_REDIRECT] [Fatal Error] :1:1: Premature end of file.
2025-04-02 09:09:09,106 [ERROR] LogOutputStream:75 - [STDERR_REDIRECT] 
2025-04-02 09:09:10,104 [ERROR] LogOutputStream:75 - [STDERR_REDIRECT] [Fatal Error] :1:1: Premature end of file.
2025-04-02 09:09:10,104 [ERROR] LogOutputStream:75 - [STDERR_REDIRECT] 
2025-04-02 09:09:11,104 [ERROR] LogOutputStream:75 - [STDERR_REDIRECT] [Fatal Error] :1:1: Premature end of file.
2025-04-02 09:09:11,104 [ERROR] LogOutputStream:75 - [STDERR_REDIRECT] 
2025-04-02 09:09:12,092 [ERROR] LogOutputStream:75 - [STDERR_REDIRECT] [Fatal Error] :1:1: Premature end of file.
2025-04-02 09:09:12,093 [ERROR] LogOutputStream:75 - [STDERR_REDIRECT] 
2025-04-02 09:09:13,105 [ERROR] LogOutputStream:75 - [STDERR_REDIRECT] [Fatal Error] :1:1: Premature end of file.
2025-04-02 09:09:13,106 [ERROR] LogOutputStream:75 - [STDERR_REDIRECT] 
2025-04-02 09:09:14,094 [ERROR] LogOutputStream:75 - [STDERR_REDIRECT] [Fatal Error] :1:1: Premature end of file.
2025-04-02 09:09:14,095 [ERROR] LogOutputStream:75 - [STDERR_REDIRECT] 
2025-04-02 09:09:15,106 [ERROR] LogOutputStream:75 - [STDERR_REDIRECT] [Fatal Error] :1:1: Premature end of file.
2025-04-02 09:09:15,106 [ERROR] LogOutputStream:75 - [STDERR_REDIRECT] 
2025-04-02 09:09:16,107 [ERROR] LogOutputStream:75 - [STDERR_REDIRECT] [Fatal Error] :1:1: Premature end of file.
2025-04-02 09:09:16,107 [ERROR] LogOutputStream:75 - [STDERR_REDIRECT] 
2025-04-02 09:09:17,117 [ERROR] LogOutputStream:75 - [STDERR_REDIRECT] [Fatal Error] :1:1: Premature end of file.
2025-04-02 09:09:17,118 [ERROR] LogOutputStream:75 - [STDERR_REDIRECT] 
2025-04-02 09:09:18,090 [ERROR] LogOutputStream:75 - [STDERR_REDIRECT] [Fatal Error] :1:1: Premature end of file.
2025-04-02 09:09:18,091 [ERROR] LogOutputStream:75 - [STDERR_REDIRECT] 
2025-04-02 09:09:19,088 [ERROR] LogOutputStream:75 - [STDERR_REDIRECT] [Fatal Error] :1:1: Premature end of file.
2025-04-02 09:09:19,089 [ERROR] LogOutputStream:75 - [STDERR_REDIRECT] 
2025-04-02 09:09:20,097 [ERROR] LogOutputStream:75 - [STDERR_REDIRECT] [Fatal Error] :1:1: Premature end of file.
2025-04-02 09:09:20,097 [ERROR] LogOutputStream:75 - [STDERR_REDIRECT] 
2025-04-02 09:09:21,109 [ERROR] LogOutputStream:75 - [STDERR_REDIRECT] [Fatal Error] :1:1: Premature end of file.
2025-04-02 09:09:21,110 [ERROR] LogOutputStream:75 - [STDERR_REDIRECT] 
2025-04-02 09:09:22,107 [ERROR] LogOutputStream:75 - [STDERR_REDIRECT] [Fatal Error] :1:1: Premature end of file.
2025-04-02 09:09:22,107 [ERROR] LogOutputStream:75 - [STDERR_REDIRECT] 
2025-04-02 09:09:23,127 [ERROR] LogOutputStream:75 - [STDERR_REDIRECT] [Fatal Error] :1:1: Premature end of file.
2025-04-02 09:09:23,127 [ERROR] LogOutputStream:75 - [STDERR_REDIRECT] 
2025-04-02 09:09:24,103 [ERROR] LogOutputStream:75 - [STDERR_REDIRECT] [Fatal Error] :1:1: Premature end of file.
2025-04-02 09:09:24,103 [ERROR] LogOutputStream:75 - [STDERR_REDIRECT] 
2025-04-02 09:09:25,093 [ERROR] LogOutputStream:75 - [STDERR_REDIRECT] [Fatal Error] :1:1: Premature end of file.
2025-04-02 09:09:25,094 [ERROR] LogOutputStream:75 - [STDERR_REDIRECT] 
2025-04-02 09:09:26,108 [ERROR] LogOutputStream:75 - [STDERR_REDIRECT] [Fatal Error] :1:1: Premature end of file.
2025-04-02 09:09:26,109 [ERROR] LogOutputStream:75 - [STDERR_REDIRECT] 
2025-04-02 09:09:27,091 [ERROR] LogOutputStream:75 - [STDERR_REDIRECT] [Fatal Error] :1:1: Premature end of file.
2025-04-02 09:09:27,091 [ERROR] LogOutputStream:75 - [STDERR_REDIRECT] 
2025-04-02 09:09:28,123 [ERROR] LogOutputStream:75 - [STDERR_REDIRECT] [Fatal Error] :1:1: Premature end of file.
2025-04-02 09:09:28,123 [ERROR] LogOutputStream:75 - [STDERR_REDIRECT] 
2025-04-02 09:09:29,106 [ERROR] LogOutputStream:75 - [STDERR_REDIRECT] [Fatal Error] :1:1: Premature end of file.
2025-04-02 09:09:29,107 [ERROR] LogOutputStream:75 - [STDERR_REDIRECT] 
2025-04-02 09:09:30,104 [ERROR] LogOutputStream:75 - [STDERR_REDIRECT] [Fatal Error] :1:1: Premature end of file.
2025-04-02 09:09:30,105 [ERROR] LogOutputStream:75 - [STDERR_REDIRECT] 
2025-04-02 09:09:31,110 [ERROR] LogOutputStream:75 - [STDERR_REDIRECT] [Fatal Error] :1:1: Premature end of file.
2025-04-02 09:09:31,110 [ERROR] LogOutputStream:75 - [STDERR_REDIRECT] 
2025-04-02 09:09:32,116 [ERROR] LogOutputStream:75 - [STDERR_REDIRECT] [Fatal Error] :1:1: Premature end of file.
2025-04-02 09:09:32,116 [ERROR] LogOutputStream:75 - [STDERR_REDIRECT] 
2025-04-02 09:09:33,100 [ERROR] LogOutputStream:75 - [STDERR_REDIRECT] [Fatal Error] :1:1: Premature end of file.
2025-04-02 09:09:33,101 [ERROR] LogOutputStream:75 - [STDERR_REDIRECT] 
2025-04-02 09:09:34,103 [ERROR] LogOutputStream:75 - [STDERR_REDIRECT] [Fatal Error] :1:1: Premature end of file.
2025-04-02 09:09:34,104 [ERROR] LogOutputStream:75 - [STDERR_REDIRECT] 
2025-04-02 09:09:35,094 [ERROR] LogOutputStream:75 - [STDERR_REDIRECT] [Fatal Error] :1:1: Premature end of file.
2025-04-02 09:09:35,094 [ERROR] LogOutputStream:75 - [STDERR_REDIRECT] 
2025-04-02 09:09:36,111 [ERROR] LogOutputStream:75 - [STDERR_REDIRECT] [Fatal Error] :1:1: Premature end of file.
2025-04-02 09:09:36,111 [ERROR] LogOutputStream:75 - [STDERR_REDIRECT] 
2025-04-02 09:09:37,125 [ERROR] LogOutputStream:75 - [STDERR_REDIRECT] [Fatal Error] :1:1: Premature end of file.
2025-04-02 09:09:37,125 [ERROR] LogOutputStream:75 - [STDERR_REDIRECT] 
2025-04-02 09:09:38,103 [ERROR] LogOutputStream:75 - [STDERR_REDIRECT] [Fatal Error] :1:1: Premature end of file.
2025-04-02 09:09:38,103 [ERROR] LogOutputStream:75 - [STDERR_REDIRECT] 
2025-04-02 09:09:39,107 [ERROR] LogOutputStream:75 - [STDERR_REDIRECT] [Fatal Error] :1:1: Premature end of file.
2025-04-02 09:09:39,107 [ERROR] LogOutputStream:75 - [STDERR_REDIRECT] 
2025-04-02 09:09:40,110 [ERROR] LogOutputStream:75 - [STDERR_REDIRECT] [Fatal Error] :1:1: Premature end of file.
2025-04-02 09:09:40,111 [ERROR] LogOutputStream:75 - [STDERR_REDIRECT] 
2025-04-02 09:09:41,108 [ERROR] LogOutputStream:75 - [STDERR_REDIRECT] [Fatal Error] :1:1: Premature end of file.
2025-04-02 09:09:41,109 [ERROR] LogOutputStream:75 - [STDERR_REDIRECT] 
2025-04-02 09:09:42,103 [ERROR] LogOutputStream:75 - [STDERR_REDIRECT] [Fatal Error] :1:1: Premature end of file.
2025-04-02 09:09:42,103 [ERROR] LogOutputStream:75 - [STDERR_REDIRECT] 
2025-04-02 09:09:43,107 [ERROR] LogOutputStream:75 - [STDERR_REDIRECT] [Fatal Error] :1:1: Premature end of file.
2025-04-02 09:09:43,107 [ERROR] LogOutputStream:75 - [STDERR_REDIRECT] 
2025-04-02 09:09:44,092 [ERROR] LogOutputStream:75 - [STDERR_REDIRECT] [Fatal Error] :1:1: Premature end of file.
2025-04-02 09:09:44,093 [ERROR] LogOutputStream:75 - [STDERR_REDIRECT] 
2025-04-02 09:09:45,117 [ERROR] LogOutputStream:75 - [STDERR_REDIRECT] [Fatal Error] :1:1: Premature end of file.
2025-04-02 09:09:45,118 [ERROR] LogOutputStream:75 - [STDERR_REDIRECT] 
2025-04-02 09:09:46,107 [ERROR] LogOutputStream:75 - [STDERR_REDIRECT] [Fatal Error] :1:1: Premature end of file.
2025-04-02 09:09:46,108 [ERROR] LogOutputStream:75 - [STDERR_REDIRECT] 
2025-04-02 09:09:47,119 [ERROR] LogOutputStream:75 - [STDERR_REDIRECT] [Fatal Error] :1:1: Premature end of file.
2025-04-02 09:09:47,120 [ERROR] LogOutputStream:75 - [STDERR_REDIRECT] 
2025-04-02 09:09:48,107 [ERROR] LogOutputStream:75 - [STDERR_REDIRECT] [Fatal Error] :1:1: Premature end of file.
2025-04-02 09:09:48,107 [ERROR] LogOutputStream:75 - [STDERR_REDIRECT] 
2025-04-02 09:09:49,116 [ERROR] LogOutputStream:75 - [STDERR_REDIRECT] [Fatal Error] :1:1: Premature end of file.
2025-04-02 09:09:49,116 [ERROR] LogOutputStream:75 - [STDERR_REDIRECT] 
2025-04-02 09:09:50,120 [ERROR] LogOutputStream:75 - [STDERR_REDIRECT] [Fatal Error] :1:1: Premature end of file.
2025-04-02 09:09:50,120 [ERROR] LogOutputStream:75 - [STDERR_REDIRECT] 
2025-04-02 09:09:51,106 [ERROR] LogOutputStream:75 - [STDERR_REDIRECT] [Fatal Error] :1:1: Premature end of file.
2025-04-02 09:09:51,106 [ERROR] LogOutputStream:75 - [STDERR_REDIRECT] 
2025-04-02 09:09:52,118 [ERROR] LogOutputStream:75 - [STDERR_REDIRECT] [Fatal Error] :1:1: Premature end of file.
2025-04-02 09:09:52,118 [ERROR] LogOutputStream:75 - [STDERR_REDIRECT] 
2025-04-02 09:09:53,111 [ERROR] LogOutputStream:75 - [STDERR_REDIRECT] [Fatal Error] :1:1: Premature end of file.
2025-04-02 09:09:53,111 [ERROR] LogOutputStream:75 - [STDERR_REDIRECT] 
2025-04-02 09:09:54,104 [ERROR] LogOutputStream:75 - [STDERR_REDIRECT] [Fatal Error] :1:1: Premature end of file.
2025-04-02 09:09:54,105 [ERROR] LogOutputStream:75 - [STDERR_REDIRECT] 
2025-04-02 09:09:55,138 [ERROR] LogOutputStream:75 - [STDERR_REDIRECT] [Fatal Error] :1:1: Premature end of file.
2025-04-02 09:09:55,138 [ERROR] LogOutputStream:75 - [STDERR_REDIRECT] 
2025-04-02 09:09:56,100 [ERROR] LogOutputStream:75 - [STDERR_REDIRECT] [Fatal Error] :1:1: Premature end of file.
2025-04-02 09:09:56,101 [ERROR] LogOutputStream:75 - [STDERR_REDIRECT] 
2025-04-02 09:09:57,114 [ERROR] LogOutputStream:75 - [STDERR_REDIRECT] [Fatal Error] :1:1: Premature end of file.
2025-04-02 09:09:57,114 [ERROR] LogOutputStream:75 - [STDERR_REDIRECT] 
2025-04-02 09:09:58,109 [ERROR] LogOutputStream:75 - [STDERR_REDIRECT] [Fatal Error] :1:1: Premature end of file.
2025-04-02 09:09:58,110 [ERROR] LogOutputStream:75 - [STDERR_REDIRECT] 
2025-04-02 09:09:59,104 [ERROR] LogOutputStream:75 - [STDERR_REDIRECT] [Fatal Error] :1:1: Premature end of file.
2025-04-02 09:09:59,104 [ERROR] LogOutputStream:75 - [STDERR_REDIRECT] 
2025-04-02 09:10:00,105 [ERROR] LogOutputStream:75 - [STDERR_REDIRECT] [Fatal Error] :1:1: Premature end of file.
2025-04-02 09:10:00,106 [ERROR] LogOutputStream:75 - [STDERR_REDIRECT] 
2025-04-02 09:10:01,124 [ERROR] LogOutputStream:75 - [STDERR_REDIRECT] [Fatal Error] :1:1: Premature end of file.
2025-04-02 09:10:01,124 [ERROR] LogOutputStream:75 - [STDERR_REDIRECT] 
2025-04-02 09:10:02,119 [ERROR] LogOutputStream:75 - [STDERR_REDIRECT] [Fatal Error] :1:1: Premature end of file.
2025-04-02 09:10:02,119 [ERROR] LogOutputStream:75 - [STDERR_REDIRECT] 
2025-04-02 09:10:03,113 [ERROR] LogOutputStream:75 - [STDERR_REDIRECT] [Fatal Error] :1:1: Premature end of file.
2025-04-02 09:10:03,113 [ERROR] LogOutputStream:75 - [STDERR_REDIRECT] 
2025-04-02 09:10:04,099 [ERROR] LogOutputStream:75 - [STDERR_REDIRECT] [Fatal Error] :1:1: Premature end of file.
2025-04-02 09:10:04,099 [ERROR] LogOutputStream:75 - [STDERR_REDIRECT] 
2025-04-02 09:10:05,104 [ERROR] LogOutputStream:75 - [STDERR_REDIRECT] [Fatal Error] :1:1: Premature end of file.
2025-04-02 09:10:05,105 [ERROR] LogOutputStream:75 - [STDERR_REDIRECT] 
2025-04-02 09:10:06,105 [ERROR] LogOutputStream:75 - [STDERR_REDIRECT] [Fatal Error] :1:1: Premature end of file.
2025-04-02 09:10:06,105 [ERROR] LogOutputStream:75 - [STDERR_REDIRECT] 
2025-04-02 09:10:07,130 [ERROR] LogOutputStream:75 - [STDERR_REDIRECT] [Fatal Error] :1:1: Premature end of file.
2025-04-02 09:10:07,130 [ERROR] LogOutputStream:75 - [STDERR_REDIRECT] 
2025-04-02 09:10:08,119 [ERROR] LogOutputStream:75 - [STDERR_REDIRECT] [Fatal Error] :1:1: Premature end of file.
2025-04-02 09:10:08,120 [ERROR] LogOutputStream:75 - [STDERR_REDIRECT] 
2025-04-02 09:10:09,131 [ERROR] LogOutputStream:75 - [STDERR_REDIRECT] [Fatal Error] :1:1: Premature end of file.
2025-04-02 09:10:09,131 [ERROR] LogOutputStream:75 - [STDERR_REDIRECT] 
2025-04-02 09:10:10,126 [ERROR] LogOutputStream:75 - [STDERR_REDIRECT] [Fatal Error] :1:1: Premature end of file.
2025-04-02 09:10:10,126 [ERROR] LogOutputStream:75 - [STDERR_REDIRECT] 
2025-04-02 09:10:11,104 [ERROR] LogOutputStream:75 - [STDERR_REDIRECT] [Fatal Error] :1:1: Premature end of file.
2025-04-02 09:10:11,105 [ERROR] LogOutputStream:75 - [STDERR_REDIRECT] 
2025-04-02 09:10:12,123 [ERROR] LogOutputStream:75 - [STDERR_REDIRECT] [Fatal Error] :1:1: Premature end of file.
2025-04-02 09:10:12,123 [ERROR] LogOutputStream:75 - [STDERR_REDIRECT] 
2025-04-02 09:10:13,104 [ERROR] LogOutputStream:75 - [STDERR_REDIRECT] [Fatal Error] :1:1: Premature end of file.
2025-04-02 09:10:13,104 [ERROR] LogOutputStream:75 - [STDERR_REDIRECT] 
2025-04-02 09:10:14,099 [ERROR] LogOutputStream:75 - [STDERR_REDIRECT] [Fatal Error] :1:1: Premature end of file.
2025-04-02 09:10:14,099 [ERROR] LogOutputStream:75 - [STDERR_REDIRECT] 
2025-04-02 09:10:15,117 [ERROR] LogOutputStream:75 - [STDERR_REDIRECT] [Fatal Error] :1:1: Premature end of file.
2025-04-02 09:10:15,117 [ERROR] LogOutputStream:75 - [STDERR_REDIRECT] 
2025-04-02 09:10:16,111 [ERROR] LogOutputStream:75 - [STDERR_REDIRECT] [Fatal Error] :1:1: Premature end of file.
2025-04-02 09:10:16,111 [ERROR] LogOutputStream:75 - [STDERR_REDIRECT] 
2025-04-02 09:10:17,123 [ERROR] LogOutputStream:75 - [STDERR_REDIRECT] [Fatal Error] :1:1: Premature end of file.
2025-04-02 09:10:17,124 [ERROR] LogOutputStream:75 - [STDERR_REDIRECT] 
2025-04-02 09:10:18,091 [ERROR] LogOutputStream:75 - [STDERR_REDIRECT] [Fatal Error] :1:1: Premature end of file.
2025-04-02 09:10:18,091 [ERROR] LogOutputStream:75 - [STDERR_REDIRECT] 
2025-04-02 09:10:19,117 [ERROR] LogOutputStream:75 - [STDERR_REDIRECT] [Fatal Error] :1:1: Premature end of file.
2025-04-02 09:10:19,118 [ERROR] LogOutputStream:75 - [STDERR_REDIRECT] 
2025-04-02 09:10:20,122 [ERROR] LogOutputStream:75 - [STDERR_REDIRECT] [Fatal Error] :1:1: Premature end of file.
2025-04-02 09:10:20,123 [ERROR] LogOutputStream:75 - [STDERR_REDIRECT] 
2025-04-02 09:10:21,135 [ERROR] LogOutputStream:75 - [STDERR_REDIRECT] [Fatal Error] :1:1: Premature end of file.
2025-04-02 09:10:21,135 [ERROR] LogOutputStream:75 - [STDERR_REDIRECT] 
2025-04-02 09:10:22,125 [ERROR] LogOutputStream:75 - [STDERR_REDIRECT] [Fatal Error] :1:1: Premature end of file.
2025-04-02 09:10:22,125 [ERROR] LogOutputStream:75 - [STDERR_REDIRECT] 
2025-04-02 09:10:23,091 [ERROR] LogOutputStream:75 - [STDERR_REDIRECT] [Fatal Error] :1:1: Premature end of file.
2025-04-02 09:10:23,091 [ERROR] LogOutputStream:75 - [STDERR_REDIRECT] 
2025-04-02 09:10:24,109 [ERROR] LogOutputStream:75 - [STDERR_REDIRECT] [Fatal Error] :1:1: Premature end of file.
2025-04-02 09:10:24,109 [ERROR] LogOutputStream:75 - [STDERR_REDIRECT] 
2025-04-02 09:10:25,097 [ERROR] LogOutputStream:75 - [STDERR_REDIRECT] [Fatal Error] :1:1: Premature end of file.
2025-04-02 09:10:25,097 [ERROR] LogOutputStream:75 - [STDERR_REDIRECT] 
2025-04-02 09:10:26,088 [ERROR] LogOutputStream:75 - [STDERR_REDIRECT] [Fatal Error] :1:1: Premature end of file.
2025-04-02 09:10:26,088 [ERROR] LogOutputStream:75 - [STDERR_REDIRECT] 
2025-04-02 09:10:27,108 [ERROR] LogOutputStream:75 - [STDERR_REDIRECT] [Fatal Error] :1:1: Premature end of file.
2025-04-02 09:10:27,109 [ERROR] LogOutputStream:75 - [STDERR_REDIRECT] 
2025-04-02 09:10:28,121 [ERROR] LogOutputStream:75 - [STDERR_REDIRECT] [Fatal Error] :1:1: Premature end of file.
2025-04-02 09:10:28,121 [ERROR] LogOutputStream:75 - [STDERR_REDIRECT] 
2025-04-02 09:10:29,128 [ERROR] LogOutputStream:75 - [STDERR_REDIRECT] [Fatal Error] :1:1: Premature end of file.
2025-04-02 09:10:29,128 [ERROR] LogOutputStream:75 - [STDERR_REDIRECT] 
2025-04-02 09:10:30,104 [ERROR] LogOutputStream:75 - [STDERR_REDIRECT] [Fatal Error] :1:1: Premature end of file.
2025-04-02 09:10:30,104 [ERROR] LogOutputStream:75 - [STDERR_REDIRECT] 
2025-04-02 09:10:31,116 [ERROR] LogOutputStream:75 - [STDERR_REDIRECT] [Fatal Error] :1:1: Premature end of file.
2025-04-02 09:10:31,116 [ERROR] LogOutputStream:75 - [STDERR_REDIRECT] 
2025-04-02 09:10:32,089 [ERROR] LogOutputStream:75 - [STDERR_REDIRECT] [Fatal Error] :1:1: Premature end of file.
2025-04-02 09:10:32,089 [ERROR] LogOutputStream:75 - [STDERR_REDIRECT] 
2025-04-02 09:10:33,096 [ERROR] LogOutputStream:75 - [STDERR_REDIRECT] [Fatal Error] :1:1: Premature end of file.
2025-04-02 09:10:33,096 [ERROR] LogOutputStream:75 - [STDERR_REDIRECT] 
2025-04-02 09:10:34,101 [ERROR] LogOutputStream:75 - [STDERR_REDIRECT] [Fatal Error] :1:1: Premature end of file.
2025-04-02 09:10:34,102 [ERROR] LogOutputStream:75 - [STDERR_REDIRECT] 
2025-04-02 09:10:35,109 [ERROR] LogOutputStream:75 - [STDERR_REDIRECT] [Fatal Error] :1:1: Premature end of file.
2025-04-02 09:10:35,109 [ERROR] LogOutputStream:75 - [STDERR_REDIRECT] 
2025-04-02 09:10:36,118 [ERROR] LogOutputStream:75 - [STDERR_REDIRECT] [Fatal Error] :1:1: Premature end of file.
2025-04-02 09:10:36,118 [ERROR] LogOutputStream:75 - [STDERR_REDIRECT] 
2025-04-02 09:10:37,097 [ERROR] LogOutputStream:75 - [STDERR_REDIRECT] [Fatal Error] :1:1: Premature end of file.
2025-04-02 09:10:37,097 [ERROR] LogOutputStream:75 - [STDERR_REDIRECT] 
2025-04-02 09:10:38,111 [ERROR] LogOutputStream:75 - [STDERR_REDIRECT] [Fatal Error] :1:1: Premature end of file.
2025-04-02 09:10:38,111 [ERROR] LogOutputStream:75 - [STDERR_REDIRECT] 
2025-04-02 09:10:39,123 [ERROR] LogOutputStream:75 - [STDERR_REDIRECT] [Fatal Error] :1:1: Premature end of file.
2025-04-02 09:10:39,124 [ERROR] LogOutputStream:75 - [STDERR_REDIRECT] 
2025-04-02 09:10:40,110 [ERROR] LogOutputStream:75 - [STDERR_REDIRECT] [Fatal Error] :1:1: Premature end of file.
2025-04-02 09:10:40,111 [ERROR] LogOutputStream:75 - [STDERR_REDIRECT] 
2025-04-02 09:10:41,111 [ERROR] LogOutputStream:75 - [STDERR_REDIRECT] [Fatal Error] :1:1: Premature end of file.
2025-04-02 09:10:41,111 [ERROR] LogOutputStream:75 - [STDERR_REDIRECT] 
2025-04-02 09:10:42,123 [ERROR] LogOutputStream:75 - [STDERR_REDIRECT] [Fatal Error] :1:1: Premature end of file.
2025-04-02 09:10:42,123 [ERROR] LogOutputStream:75 - [STDERR_REDIRECT] 
2025-04-02 09:10:43,080 [ERROR] LogOutputStream:75 - [STDERR_REDIRECT] [Fatal Error] :1:1: Premature end of file.
2025-04-02 09:10:43,080 [ERROR] LogOutputStream:75 - [STDERR_REDIRECT] 
2025-04-02 09:10:44,094 [ERROR] LogOutputStream:75 - [STDERR_REDIRECT] [Fatal Error] :1:1: Premature end of file.
2025-04-02 09:10:44,095 [ERROR] LogOutputStream:75 - [STDERR_REDIRECT] 
2025-04-02 09:10:45,121 [ERROR] LogOutputStream:75 - [STDERR_REDIRECT] [Fatal Error] :1:1: Premature end of file.
2025-04-02 09:10:45,122 [ERROR] LogOutputStream:75 - [STDERR_REDIRECT] 
2025-04-02 09:10:46,120 [ERROR] LogOutputStream:75 - [STDERR_REDIRECT] [Fatal Error] :1:1: Premature end of file.
2025-04-02 09:10:46,120 [ERROR] LogOutputStream:75 - [STDERR_REDIRECT] 
2025-04-02 09:10:47,093 [ERROR] LogOutputStream:75 - [STDERR_REDIRECT] [Fatal Error] :1:1: Premature end of file.
2025-04-02 09:10:47,093 [ERROR] LogOutputStream:75 - [STDERR_REDIRECT] 
2025-04-02 09:10:48,115 [ERROR] LogOutputStream:75 - [STDERR_REDIRECT] [Fatal Error] :1:1: Premature end of file.
2025-04-02 09:10:48,115 [ERROR] LogOutputStream:75 - [STDERR_REDIRECT] 
2025-04-02 09:10:49,128 [ERROR] LogOutputStream:75 - [STDERR_REDIRECT] [Fatal Error] :1:1: Premature end of file.
2025-04-02 09:10:49,128 [ERROR] LogOutputStream:75 - [STDERR_REDIRECT] 
2025-04-02 09:10:50,064 [ERROR] LogOutputStream:75 - [STDERR_REDIRECT] [Fatal Error] :1:1: Premature end of file.
2025-04-02 09:10:50,064 [ERROR] LogOutputStream:75 - [STDERR_REDIRECT] 
2025-04-02 09:10:51,095 [ERROR] LogOutputStream:75 - [STDERR_REDIRECT] [Fatal Error] :1:1: Premature end of file.
2025-04-02 09:10:51,095 [ERROR] LogOutputStream:75 - [STDERR_REDIRECT] 
2025-04-02 09:10:52,112 [ERROR] LogOutputStream:75 - [STDERR_REDIRECT] [Fatal Error] :1:1: Premature end of file.
2025-04-02 09:10:52,112 [ERROR] LogOutputStream:75 - [STDERR_REDIRECT] 
2025-04-02 09:10:53,102 [ERROR] LogOutputStream:75 - [STDERR_REDIRECT] [Fatal Error] :1:1: Premature end of file.
2025-04-02 09:10:53,104 [ERROR] LogOutputStream:75 - [STDERR_REDIRECT] 
2025-04-02 09:10:54,098 [ERROR] LogOutputStream:75 - [STDERR_REDIRECT] [Fatal Error] :1:1: Premature end of file.
2025-04-02 09:10:54,098 [ERROR] LogOutputStream:75 - [STDERR_REDIRECT] 
2025-04-02 09:10:55,103 [ERROR] LogOutputStream:75 - [STDERR_REDIRECT] [Fatal Error] :1:1: Premature end of file.
2025-04-02 09:10:55,103 [ERROR] LogOutputStream:75 - [STDERR_REDIRECT] 
2025-04-02 09:10:56,104 [ERROR] LogOutputStream:75 - [STDERR_REDIRECT] [Fatal Error] :1:1: Premature end of file.
2025-04-02 09:10:56,104 [ERROR] LogOutputStream:75 - [STDERR_REDIRECT] 
2025-04-02 09:10:57,121 [ERROR] LogOutputStream:75 - [STDERR_REDIRECT] [Fatal Error] :1:1: Premature end of file.
2025-04-02 09:10:57,121 [ERROR] LogOutputStream:75 - [STDERR_REDIRECT] 
2025-04-02 09:10:58,115 [ERROR] LogOutputStream:75 - [STDERR_REDIRECT] [Fatal Error] :1:1: Premature end of file.
2025-04-02 09:10:58,115 [ERROR] LogOutputStream:75 - [STDERR_REDIRECT] 
2025-04-02 09:10:59,078 [ERROR] LogOutputStream:75 - [STDERR_REDIRECT] [Fatal Error] :1:1: Premature end of file.
2025-04-02 09:10:59,081 [ERROR] LogOutputStream:75 - [STDERR_REDIRECT] 
2025-04-02 09:11:00,105 [ERROR] LogOutputStream:75 - [STDERR_REDIRECT] [Fatal Error] :1:1: Premature end of file.
2025-04-02 09:11:00,105 [ERROR] LogOutputStream:75 - [STDERR_REDIRECT] 
2025-04-02 09:11:01,095 [ERROR] LogOutputStream:75 - [STDERR_REDIRECT] [Fatal Error] :1:1: Premature end of file.
2025-04-02 09:11:01,095 [ERROR] LogOutputStream:75 - [STDERR_REDIRECT] 
2025-04-02 09:11:02,103 [ERROR] LogOutputStream:75 - [STDERR_REDIRECT] [Fatal Error] :1:1: Premature end of file.
2025-04-02 09:11:02,103 [ERROR] LogOutputStream:75 - [STDERR_REDIRECT] 
2025-04-02 09:11:03,093 [ERROR] LogOutputStream:75 - [STDERR_REDIRECT] [Fatal Error] :1:1: Premature end of file.
2025-04-02 09:11:03,093 [ERROR] LogOutputStream:75 - [STDERR_REDIRECT] 
2025-04-02 09:11:04,112 [ERROR] LogOutputStream:75 - [STDERR_REDIRECT] [Fatal Error] :1:1: Premature end of file.
2025-04-02 09:11:04,112 [ERROR] LogOutputStream:75 - [STDERR_REDIRECT] 
2025-04-02 09:11:05,109 [ERROR] LogOutputStream:75 - [STDERR_REDIRECT] [Fatal Error] :1:1: Premature end of file.
2025-04-02 09:11:05,109 [ERROR] LogOutputStream:75 - [STDERR_REDIRECT] 
2025-04-02 09:11:06,093 [ERROR] LogOutputStream:75 - [STDERR_REDIRECT] [Fatal Error] :1:1: Premature end of file.
2025-04-02 09:11:06,093 [ERROR] LogOutputStream:75 - [STDERR_REDIRECT] 
2025-04-02 09:11:07,110 [ERROR] LogOutputStream:75 - [STDERR_REDIRECT] [Fatal Error] :1:1: Premature end of file.
2025-04-02 09:11:07,110 [ERROR] LogOutputStream:75 - [STDERR_REDIRECT] 
2025-04-02 09:11:08,124 [ERROR] LogOutputStream:75 - [STDERR_REDIRECT] [Fatal Error] :1:1: Premature end of file.
2025-04-02 09:11:08,124 [ERROR] LogOutputStream:75 - [STDERR_REDIRECT] 
2025-04-02 09:11:09,112 [ERROR] LogOutputStream:75 - [STDERR_REDIRECT] [Fatal Error] :1:1: Premature end of file.
2025-04-02 09:11:09,112 [ERROR] LogOutputStream:75 - [STDERR_REDIRECT] 
2025-04-02 09:11:10,107 [ERROR] LogOutputStream:75 - [STDERR_REDIRECT] [Fatal Error] :1:1: Premature end of file.
2025-04-02 09:11:10,107 [ERROR] LogOutputStream:75 - [STDERR_REDIRECT] 
2025-04-02 09:11:11,092 [ERROR] LogOutputStream:75 - [STDERR_REDIRECT] [Fatal Error] :1:1: Premature end of file.
2025-04-02 09:11:11,092 [ERROR] LogOutputStream:75 - [STDERR_REDIRECT] 
2025-04-02 09:11:12,092 [ERROR] LogOutputStream:75 - [STDERR_REDIRECT] [Fatal Error] :1:1: Premature end of file.
2025-04-02 09:11:12,092 [ERROR] LogOutputStream:75 - [STDERR_REDIRECT] 
2025-04-02 09:11:13,108 [ERROR] LogOutputStream:75 - [STDERR_REDIRECT] [Fatal Error] :1:1: Premature end of file.
2025-04-02 09:11:13,108 [ERROR] LogOutputStream:75 - [STDERR_REDIRECT] 
2025-04-02 09:11:14,097 [ERROR] LogOutputStream:75 - [STDERR_REDIRECT] [Fatal Error] :1:1: Premature end of file.
2025-04-02 09:11:14,097 [ERROR] LogOutputStream:75 - [STDERR_REDIRECT] 
2025-04-02 09:11:15,099 [ERROR] LogOutputStream:75 - [STDERR_REDIRECT] [Fatal Error] :1:1: Premature end of file.
2025-04-02 09:11:15,099 [ERROR] LogOutputStream:75 - [STDERR_REDIRECT] 
2025-04-02 09:11:16,088 [ERROR] LogOutputStream:75 - [STDERR_REDIRECT] [Fatal Error] :1:1: Premature end of file.
2025-04-02 09:11:16,088 [ERROR] LogOutputStream:75 - [STDERR_REDIRECT] 
2025-04-02 09:11:17,102 [ERROR] LogOutputStream:75 - [STDERR_REDIRECT] [Fatal Error] :1:1: Premature end of file.
2025-04-02 09:11:17,102 [ERROR] LogOutputStream:75 - [STDERR_REDIRECT] 
2025-04-02 09:11:18,082 [ERROR] LogOutputStream:75 - [STDERR_REDIRECT] [Fatal Error] :1:1: Premature end of file.
2025-04-02 09:11:18,082 [ERROR] LogOutputStream:75 - [STDERR_REDIRECT] 
2025-04-02 09:11:19,092 [ERROR] LogOutputStream:75 - [STDERR_REDIRECT] [Fatal Error] :1:1: Premature end of file.
2025-04-02 09:11:19,092 [ERROR] LogOutputStream:75 - [STDERR_REDIRECT] 
2025-04-02 09:11:20,093 [ERROR] LogOutputStream:75 - [STDERR_REDIRECT] [Fatal Error] :1:1: Premature end of file.
2025-04-02 09:11:20,093 [ERROR] LogOutputStream:75 - [STDERR_REDIRECT] 
2025-04-02 09:11:21,099 [ERROR] LogOutputStream:75 - [STDERR_REDIRECT] [Fatal Error] :1:1: Premature end of file.
2025-04-02 09:11:21,099 [ERROR] LogOutputStream:75 - [STDERR_REDIRECT] 
2025-04-02 09:11:22,095 [ERROR] LogOutputStream:75 - [STDERR_REDIRECT] [Fatal Error] :1:1: Premature end of file.
2025-04-02 09:11:22,095 [ERROR] LogOutputStream:75 - [STDERR_REDIRECT] 
2025-04-02 09:11:23,094 [ERROR] LogOutputStream:75 - [STDERR_REDIRECT] [Fatal Error] :1:1: Premature end of file.
2025-04-02 09:11:23,094 [ERROR] LogOutputStream:75 - [STDERR_REDIRECT] 
2025-04-02 09:11:24,091 [ERROR] LogOutputStream:75 - [STDERR_REDIRECT] [Fatal Error] :1:1: Premature end of file.
2025-04-02 09:11:24,091 [ERROR] LogOutputStream:75 - [STDERR_REDIRECT] 
2025-04-02 09:11:25,089 [ERROR] LogOutputStream:75 - [STDERR_REDIRECT] [Fatal Error] :1:1: Premature end of file.
2025-04-02 09:11:25,089 [ERROR] LogOutputStream:75 - [STDERR_REDIRECT] 
2025-04-02 09:11:26,099 [ERROR] LogOutputStream:75 - [STDERR_REDIRECT] [Fatal Error] :1:1: Premature end of file.
2025-04-02 09:11:26,099 [ERROR] LogOutputStream:75 - [STDERR_REDIRECT] 
2025-04-02 09:11:27,089 [ERROR] LogOutputStream:75 - [STDERR_REDIRECT] [Fatal Error] :1:1: Premature end of file.
2025-04-02 09:11:27,089 [ERROR] LogOutputStream:75 - [STDERR_REDIRECT] 
2025-04-02 09:11:28,100 [ERROR] LogOutputStream:75 - [STDERR_REDIRECT] [Fatal Error] :1:1: Premature end of file.
2025-04-02 09:11:28,100 [ERROR] LogOutputStream:75 - [STDERR_REDIRECT] 
2025-04-02 09:11:29,107 [ERROR] LogOutputStream:75 - [STDERR_REDIRECT] [Fatal Error] :1:1: Premature end of file.
2025-04-02 09:11:29,107 [ERROR] LogOutputStream:75 - [STDERR_REDIRECT] 
2025-04-02 09:11:30,076 [ERROR] LogOutputStream:75 - [STDERR_REDIRECT] [Fatal Error] :1:1: Premature end of file.
2025-04-02 09:11:30,076 [ERROR] LogOutputStream:75 - [STDERR_REDIRECT] 
2025-04-02 09:11:31,089 [ERROR] LogOutputStream:75 - [STDERR_REDIRECT] [Fatal Error] :1:1: Premature end of file.
2025-04-02 09:11:31,089 [ERROR] LogOutputStream:75 - [STDERR_REDIRECT] 
2025-04-02 09:11:32,104 [ERROR] LogOutputStream:75 - [STDERR_REDIRECT] [Fatal Error] :1:1: Premature end of file.
2025-04-02 09:11:32,104 [ERROR] LogOutputStream:75 - [STDERR_REDIRECT] 
2025-04-02 09:11:33,099 [ERROR] LogOutputStream:75 - [STDERR_REDIRECT] [Fatal Error] :1:1: Premature end of file.
2025-04-02 09:11:33,099 [ERROR] LogOutputStream:75 - [STDERR_REDIRECT] 
2025-04-02 09:11:34,100 [ERROR] LogOutputStream:75 - [STDERR_REDIRECT] [Fatal Error] :1:1: Premature end of file.
2025-04-02 09:11:34,100 [ERROR] LogOutputStream:75 - [STDERR_REDIRECT] 
2025-04-02 09:11:35,081 [ERROR] LogOutputStream:75 - [STDERR_REDIRECT] [Fatal Error] :1:1: Premature end of file.
2025-04-02 09:11:35,083 [ERROR] LogOutputStream:75 - [STDERR_REDIRECT] 
2025-04-02 09:11:36,077 [ERROR] LogOutputStream:75 - [STDERR_REDIRECT] [Fatal Error] :1:1: Premature end of file.
2025-04-02 09:11:36,077 [ERROR] LogOutputStream:75 - [STDERR_REDIRECT] 
2025-04-02 09:11:37,100 [ERROR] LogOutputStream:75 - [STDERR_REDIRECT] [Fatal Error] :1:1: Premature end of file.
2025-04-02 09:11:37,100 [ERROR] LogOutputStream:75 - [STDERR_REDIRECT] 
2025-04-02 09:11:38,091 [ERROR] LogOutputStream:75 - [STDERR_REDIRECT] [Fatal Error] :1:1: Premature end of file.
2025-04-02 09:11:38,091 [ERROR] LogOutputStream:75 - [STDERR_REDIRECT] 
2025-04-02 09:11:39,093 [ERROR] LogOutputStream:75 - [STDERR_REDIRECT] [Fatal Error] :1:1: Premature end of file.
2025-04-02 09:11:39,093 [ERROR] LogOutputStream:75 - [STDERR_REDIRECT] 
2025-04-02 09:11:40,087 [ERROR] LogOutputStream:75 - [STDERR_REDIRECT] [Fatal Error] :1:1: Premature end of file.
2025-04-02 09:11:40,087 [ERROR] LogOutputStream:75 - [STDERR_REDIRECT] 
2025-04-02 09:11:41,076 [ERROR] LogOutputStream:75 - [STDERR_REDIRECT] [Fatal Error] :1:1: Premature end of file.
2025-04-02 09:11:41,092 [ERROR] LogOutputStream:75 - [STDERR_REDIRECT] 
2025-04-02 09:11:42,096 [ERROR] LogOutputStream:75 - [STDERR_REDIRECT] [Fatal Error] :1:1: Premature end of file.
2025-04-02 09:11:42,096 [ERROR] LogOutputStream:75 - [STDERR_REDIRECT] 
2025-04-02 09:11:43,082 [ERROR] LogOutputStream:75 - [STDERR_REDIRECT] [Fatal Error] :1:1: Premature end of file.
2025-04-02 09:11:43,082 [ERROR] LogOutputStream:75 - [STDERR_REDIRECT] 
2025-04-02 09:11:44,106 [ERROR] LogOutputStream:75 - [STDERR_REDIRECT] [Fatal Error] :1:1: Premature end of file.
2025-04-02 09:11:44,106 [ERROR] LogOutputStream:75 - [STDERR_REDIRECT] 
2025-04-02 09:11:45,094 [ERROR] LogOutputStream:75 - [STDERR_REDIRECT] [Fatal Error] :1:1: Premature end of file.
2025-04-02 09:11:45,094 [ERROR] LogOutputStream:75 - [STDERR_REDIRECT] 
2025-04-02 09:11:46,106 [ERROR] LogOutputStream:75 - [STDERR_REDIRECT] [Fatal Error] :1:1: Premature end of file.
2025-04-02 09:11:46,106 [ERROR] LogOutputStream:75 - [STDERR_REDIRECT] 
2025-04-02 09:11:47,092 [ERROR] LogOutputStream:75 - [STDERR_REDIRECT] [Fatal Error] :1:1: Premature end of file.
2025-04-02 09:11:47,106 [ERROR] LogOutputStream:75 - [STDERR_REDIRECT] 
2025-04-02 09:11:48,110 [ERROR] LogOutputStream:75 - [STDERR_REDIRECT] [Fatal Error] :1:1: Premature end of file.
2025-04-02 09:11:48,110 [ERROR] LogOutputStream:75 - [STDERR_REDIRECT] 
2025-04-02 09:11:49,111 [ERROR] LogOutputStream:75 - [STDERR_REDIRECT] [Fatal Error] :1:1: Premature end of file.
2025-04-02 09:11:49,111 [ERROR] LogOutputStream:75 - [STDERR_REDIRECT] 
2025-04-02 09:11:50,102 [ERROR] LogOutputStream:75 - [STDERR_REDIRECT] [Fatal Error] :1:1: Premature end of file.
2025-04-02 09:11:50,104 [ERROR] LogOutputStream:75 - [STDERR_REDIRECT] 
2025-04-02 09:11:51,087 [ERROR] LogOutputStream:75 - [STDERR_REDIRECT] [Fatal Error] :1:1: Premature end of file.
2025-04-02 09:11:51,087 [ERROR] LogOutputStream:75 - [STDERR_REDIRECT] 
2025-04-02 09:11:52,092 [ERROR] LogOutputStream:75 - [STDERR_REDIRECT] [Fatal Error] :1:1: Premature end of file.
2025-04-02 09:11:52,092 [ERROR] LogOutputStream:75 - [STDERR_REDIRECT] 
2025-04-02 09:11:53,084 [ERROR] LogOutputStream:75 - [STDERR_REDIRECT] [Fatal Error] :1:1: Premature end of file.
2025-04-02 09:11:53,084 [ERROR] LogOutputStream:75 - [STDERR_REDIRECT] 
2025-04-02 09:11:54,090 [ERROR] LogOutputStream:75 - [STDERR_REDIRECT] [Fatal Error] :1:1: Premature end of file.
2025-04-02 09:11:54,090 [ERROR] LogOutputStream:75 - [STDERR_REDIRECT] 
2025-04-02 09:11:55,097 [ERROR] LogOutputStream:75 - [STDERR_REDIRECT] [Fatal Error] :1:1: Premature end of file.
2025-04-02 09:11:55,097 [ERROR] LogOutputStream:75 - [STDERR_REDIRECT] 
2025-04-02 09:11:56,094 [ERROR] LogOutputStream:75 - [STDERR_REDIRECT] [Fatal Error] :1:1: Premature end of file.
2025-04-02 09:11:56,094 [ERROR] LogOutputStream:75 - [STDERR_REDIRECT] 
2025-04-02 09:11:57,089 [ERROR] LogOutputStream:75 - [STDERR_REDIRECT] [Fatal Error] :1:1: Premature end of file.
2025-04-02 09:11:57,089 [ERROR] LogOutputStream:75 - [STDERR_REDIRECT] 
2025-04-02 09:11:58,111 [ERROR] LogOutputStream:75 - [STDERR_REDIRECT] [Fatal Error] :1:1: Premature end of file.
2025-04-02 09:11:58,111 [ERROR] LogOutputStream:75 - [STDERR_REDIRECT] 
2025-04-02 09:11:59,105 [ERROR] LogOutputStream:75 - [STDERR_REDIRECT] [Fatal Error] :1:1: Premature end of file.
2025-04-02 09:11:59,105 [ERROR] LogOutputStream:75 - [STDERR_REDIRECT] 
2025-04-02 09:12:00,095 [ERROR] LogOutputStream:75 - [STDERR_REDIRECT] [Fatal Error] :1:1: Premature end of file.
2025-04-02 09:12:00,095 [ERROR] LogOutputStream:75 - [STDERR_REDIRECT] 
2025-04-02 09:12:01,092 [ERROR] LogOutputStream:75 - [STDERR_REDIRECT] [Fatal Error] :1:1: Premature end of file.
2025-04-02 09:12:01,092 [ERROR] LogOutputStream:75 - [STDERR_REDIRECT] 
2025-04-02 09:12:02,093 [ERROR] LogOutputStream:75 - [STDERR_REDIRECT] [Fatal Error] :1:1: Premature end of file.
2025-04-02 09:12:02,093 [ERROR] LogOutputStream:75 - [STDERR_REDIRECT] 
2025-04-02 09:12:03,100 [ERROR] LogOutputStream:75 - [STDERR_REDIRECT] [Fatal Error] :1:1: Premature end of file.
2025-04-02 09:12:03,100 [ERROR] LogOutputStream:75 - [STDERR_REDIRECT] 
2025-04-02 09:12:04,110 [ERROR] LogOutputStream:75 - [STDERR_REDIRECT] [Fatal Error] :1:1: Premature end of file.
2025-04-02 09:12:04,110 [ERROR] LogOutputStream:75 - [STDERR_REDIRECT] 
2025-04-02 09:12:05,103 [ERROR] LogOutputStream:75 - [STDERR_REDIRECT] [Fatal Error] :1:1: Premature end of file.
2025-04-02 09:12:05,103 [ERROR] LogOutputStream:75 - [STDERR_REDIRECT] 
2025-04-02 09:12:06,095 [ERROR] LogOutputStream:75 - [STDERR_REDIRECT] [Fatal Error] :1:1: Premature end of file.
2025-04-02 09:12:06,095 [ERROR] LogOutputStream:75 - [STDERR_REDIRECT] 
2025-04-02 09:12:07,125 [ERROR] LogOutputStream:75 - [STDERR_REDIRECT] [Fatal Error] :1:1: Premature end of file.
2025-04-02 09:12:07,125 [ERROR] LogOutputStream:75 - [STDERR_REDIRECT] 
2025-04-02 09:12:08,095 [ERROR] LogOutputStream:75 - [STDERR_REDIRECT] [Fatal Error] :1:1: Premature end of file.
2025-04-02 09:12:08,095 [ERROR] LogOutputStream:75 - [STDERR_REDIRECT] 
2025-04-02 09:12:09,093 [ERROR] LogOutputStream:75 - [STDERR_REDIRECT] [Fatal Error] :1:1: Premature end of file.
2025-04-02 09:12:09,093 [ERROR] LogOutputStream:75 - [STDERR_REDIRECT] 
2025-04-02 09:12:10,093 [ERROR] LogOutputStream:75 - [STDERR_REDIRECT] [Fatal Error] :1:1: Premature end of file.
2025-04-02 09:12:10,093 [ERROR] LogOutputStream:75 - [STDERR_REDIRECT] 
2025-04-02 09:12:11,094 [ERROR] LogOutputStream:75 - [STDERR_REDIRECT] [Fatal Error] :1:1: Premature end of file.
2025-04-02 09:12:11,094 [ERROR] LogOutputStream:75 - [STDERR_REDIRECT] 
2025-04-02 09:12:12,107 [ERROR] LogOutputStream:75 - [STDERR_REDIRECT] [Fatal Error] :1:1: Premature end of file.
2025-04-02 09:12:12,111 [ERROR] LogOutputStream:75 - [STDERR_REDIRECT] 
2025-04-02 09:12:13,090 [ERROR] LogOutputStream:75 - [STDERR_REDIRECT] [Fatal Error] :1:1: Premature end of file.
2025-04-02 09:12:13,090 [ERROR] LogOutputStream:75 - [STDERR_REDIRECT] 
2025-04-02 09:12:14,094 [ERROR] LogOutputStream:75 - [STDERR_REDIRECT] [Fatal Error] :1:1: Premature end of file.
2025-04-02 09:12:14,094 [ERROR] LogOutputStream:75 - [STDERR_REDIRECT] 
2025-04-02 09:12:15,083 [ERROR] LogOutputStream:75 - [STDERR_REDIRECT] [Fatal Error] :1:1: Premature end of file.
2025-04-02 09:12:15,083 [ERROR] LogOutputStream:75 - [STDERR_REDIRECT] 
2025-04-02 09:12:16,106 [ERROR] LogOutputStream:75 - [STDERR_REDIRECT] [Fatal Error] :1:1: Premature end of file.
2025-04-02 09:12:16,106 [ERROR] LogOutputStream:75 - [STDERR_REDIRECT] 
2025-04-02 09:12:17,107 [ERROR] LogOutputStream:75 - [STDERR_REDIRECT] [Fatal Error] :1:1: Premature end of file.
2025-04-02 09:12:17,107 [ERROR] LogOutputStream:75 - [STDERR_REDIRECT] 
2025-04-02 09:12:18,089 [ERROR] LogOutputStream:75 - [STDERR_REDIRECT] [Fatal Error] :1:1: Premature end of file.
2025-04-02 09:12:18,089 [ERROR] LogOutputStream:75 - [STDERR_REDIRECT] 
2025-04-02 09:12:19,152 [ERROR] LogOutputStream:75 - [STDERR_REDIRECT] [Fatal Error] :1:1: Premature end of file.
2025-04-02 09:12:19,152 [ERROR] LogOutputStream:75 - [STDERR_REDIRECT] 
2025-04-02 09:12:20,110 [ERROR] LogOutputStream:75 - [STDERR_REDIRECT] [Fatal Error] :1:1: Premature end of file.
2025-04-02 09:12:20,110 [ERROR] LogOutputStream:75 - [STDERR_REDIRECT] 
2025-04-02 09:12:21,095 [ERROR] LogOutputStream:75 - [STDERR_REDIRECT] [Fatal Error] :1:1: Premature end of file.
2025-04-02 09:12:21,095 [ERROR] LogOutputStream:75 - [STDERR_REDIRECT] 
2025-04-02 09:12:22,100 [ERROR] LogOutputStream:75 - [STDERR_REDIRECT] [Fatal Error] :1:1: Premature end of file.
2025-04-02 09:12:22,100 [ERROR] LogOutputStream:75 - [STDERR_REDIRECT] 
2025-04-02 09:12:23,104 [ERROR] LogOutputStream:75 - [STDERR_REDIRECT] [Fatal Error] :1:1: Premature end of file.
2025-04-02 09:12:23,104 [ERROR] LogOutputStream:75 - [STDERR_REDIRECT] 
2025-04-02 09:12:24,104 [ERROR] LogOutputStream:75 - [STDERR_REDIRECT] [Fatal Error] :1:1: Premature end of file.
2025-04-02 09:12:24,104 [ERROR] LogOutputStream:75 - [STDERR_REDIRECT] 
2025-04-02 09:12:25,107 [ERROR] LogOutputStream:75 - [STDERR_REDIRECT] [Fatal Error] :1:1: Premature end of file.
2025-04-02 09:12:25,107 [ERROR] LogOutputStream:75 - [STDERR_REDIRECT] 
2025-04-02 09:12:26,099 [ERROR] LogOutputStream:75 - [STDERR_REDIRECT] [Fatal Error] :1:1: Premature end of file.
2025-04-02 09:12:26,099 [ERROR] LogOutputStream:75 - [STDERR_REDIRECT] 
2025-04-02 09:12:27,100 [ERROR] LogOutputStream:75 - [STDERR_REDIRECT] [Fatal Error] :1:1: Premature end of file.
2025-04-02 09:12:27,100 [ERROR] LogOutputStream:75 - [STDERR_REDIRECT] 
2025-04-02 09:12:28,103 [ERROR] LogOutputStream:75 - [STDERR_REDIRECT] [Fatal Error] :1:1: Premature end of file.
2025-04-02 09:12:28,103 [ERROR] LogOutputStream:75 - [STDERR_REDIRECT] 
2025-04-02 09:12:29,102 [ERROR] LogOutputStream:75 - [STDERR_REDIRECT] [Fatal Error] :1:1: Premature end of file.
2025-04-02 09:12:29,102 [ERROR] LogOutputStream:75 - [STDERR_REDIRECT] 
2025-04-02 09:12:30,094 [ERROR] LogOutputStream:75 - [STDERR_REDIRECT] [Fatal Error] :1:1: Premature end of file.
2025-04-02 09:12:30,094 [ERROR] LogOutputStream:75 - [STDERR_REDIRECT] 
2025-04-02 09:12:31,084 [ERROR] LogOutputStream:75 - [STDERR_REDIRECT] [Fatal Error] :1:1: Premature end of file.
2025-04-02 09:12:31,084 [ERROR] LogOutputStream:75 - [STDERR_REDIRECT] 
2025-04-02 09:12:32,088 [ERROR] LogOutputStream:75 - [STDERR_REDIRECT] [Fatal Error] :1:1: Premature end of file.
2025-04-02 09:12:32,088 [ERROR] LogOutputStream:75 - [STDERR_REDIRECT] 
2025-04-02 09:12:33,087 [ERROR] LogOutputStream:75 - [STDERR_REDIRECT] [Fatal Error] :1:1: Premature end of file.
2025-04-02 09:12:33,087 [ERROR] LogOutputStream:75 - [STDERR_REDIRECT] 
2025-04-02 09:12:34,092 [ERROR] LogOutputStream:75 - [STDERR_REDIRECT] [Fatal Error] :1:1: Premature end of file.
2025-04-02 09:12:34,092 [ERROR] LogOutputStream:75 - [STDERR_REDIRECT] 
2025-04-02 09:12:35,083 [ERROR] LogOutputStream:75 - [STDERR_REDIRECT] [Fatal Error] :1:1: Premature end of file.
2025-04-02 09:12:35,083 [ERROR] LogOutputStream:75 - [STDERR_REDIRECT] 
2025-04-02 09:12:36,107 [ERROR] LogOutputStream:75 - [STDERR_REDIRECT] [Fatal Error] :1:1: Premature end of file.
2025-04-02 09:12:36,107 [ERROR] LogOutputStream:75 - [STDERR_REDIRECT] 
2025-04-02 09:12:37,083 [ERROR] LogOutputStream:75 - [STDERR_REDIRECT] [Fatal Error] :1:1: Premature end of file.
2025-04-02 09:12:37,083 [ERROR] LogOutputStream:75 - [STDERR_REDIRECT] 
2025-04-02 09:12:38,085 [ERROR] LogOutputStream:75 - [STDERR_REDIRECT] [Fatal Error] :1:1: Premature end of file.
2025-04-02 09:12:38,096 [ERROR] LogOutputStream:75 - [STDERR_REDIRECT] 
2025-04-02 09:12:39,091 [ERROR] LogOutputStream:75 - [STDERR_REDIRECT] [Fatal Error] :1:1: Premature end of file.
2025-04-02 09:12:39,091 [ERROR] LogOutputStream:75 - [STDERR_REDIRECT] 
2025-04-02 09:12:40,078 [ERROR] LogOutputStream:75 - [STDERR_REDIRECT] [Fatal Error] :1:1: Premature end of file.
2025-04-02 09:12:40,078 [ERROR] LogOutputStream:75 - [STDERR_REDIRECT] 
2025-04-02 09:12:41,081 [ERROR] LogOutputStream:75 - [STDERR_REDIRECT] [Fatal Error] :1:1: Premature end of file.
2025-04-02 09:12:41,081 [ERROR] LogOutputStream:75 - [STDERR_REDIRECT] 
2025-04-02 09:12:42,102 [ERROR] LogOutputStream:75 - [STDERR_REDIRECT] [Fatal Error] :1:1: Premature end of file.
2025-04-02 09:12:42,102 [ERROR] LogOutputStream:75 - [STDERR_REDIRECT] 
2025-04-02 09:12:43,091 [ERROR] LogOutputStream:75 - [STDERR_REDIRECT] [Fatal Error] :1:1: Premature end of file.
2025-04-02 09:12:43,091 [ERROR] LogOutputStream:75 - [STDERR_REDIRECT] 
2025-04-02 09:12:44,100 [ERROR] LogOutputStream:75 - [STDERR_REDIRECT] [Fatal Error] :1:1: Premature end of file.
2025-04-02 09:12:44,100 [ERROR] LogOutputStream:75 - [STDERR_REDIRECT] 
2025-04-02 09:12:45,097 [ERROR] LogOutputStream:75 - [STDERR_REDIRECT] [Fatal Error] :1:1: Premature end of file.
2025-04-02 09:12:45,097 [ERROR] LogOutputStream:75 - [STDERR_REDIRECT] 
2025-04-02 09:12:46,090 [ERROR] LogOutputStream:75 - [STDERR_REDIRECT] [Fatal Error] :1:1: Premature end of file.
2025-04-02 09:12:46,090 [ERROR] LogOutputStream:75 - [STDERR_REDIRECT] 
2025-04-02 09:12:47,103 [ERROR] LogOutputStream:75 - [STDERR_REDIRECT] [Fatal Error] :1:1: Premature end of file.
2025-04-02 09:12:47,103 [ERROR] LogOutputStream:75 - [STDERR_REDIRECT] 
2025-04-02 09:12:48,078 [ERROR] LogOutputStream:75 - [STDERR_REDIRECT] [Fatal Error] :1:1: Premature end of file.
2025-04-02 09:12:48,078 [ERROR] LogOutputStream:75 - [STDERR_REDIRECT] 
2025-04-02 09:12:49,099 [ERROR] LogOutputStream:75 - [STDERR_REDIRECT] [Fatal Error] :1:1: Premature end of file.
2025-04-02 09:12:49,099 [ERROR] LogOutputStream:75 - [STDERR_REDIRECT] 
2025-04-02 09:12:50,108 [ERROR] LogOutputStream:75 - [STDERR_REDIRECT] [Fatal Error] :1:1: Premature end of file.
2025-04-02 09:12:50,110 [ERROR] LogOutputStream:75 - [STDERR_REDIRECT] 
2025-04-02 09:12:51,116 [ERROR] LogOutputStream:75 - [STDERR_REDIRECT] [Fatal Error] :1:1: Premature end of file.
2025-04-02 09:12:51,116 [ERROR] LogOutputStream:75 - [STDERR_REDIRECT] 
2025-04-02 09:12:52,118 [ERROR] LogOutputStream:75 - [STDERR_REDIRECT] [Fatal Error] :1:1: Premature end of file.
2025-04-02 09:12:52,120 [ERROR] LogOutputStream:75 - [STDERR_REDIRECT] 
2025-04-02 09:12:53,112 [ERROR] LogOutputStream:75 - [STDERR_REDIRECT] [Fatal Error] :1:1: Premature end of file.
2025-04-02 09:12:53,112 [ERROR] LogOutputStream:75 - [STDERR_REDIRECT] 
2025-04-02 09:12:54,088 [ERROR] LogOutputStream:75 - [STDERR_REDIRECT] [Fatal Error] :1:1: Premature end of file.
2025-04-02 09:12:54,088 [ERROR] LogOutputStream:75 - [STDERR_REDIRECT] 
2025-04-02 09:12:55,078 [ERROR] LogOutputStream:75 - [STDERR_REDIRECT] [Fatal Error] :1:1: Premature end of file.
2025-04-02 09:12:55,078 [ERROR] LogOutputStream:75 - [STDERR_REDIRECT] 
2025-04-02 09:12:56,089 [ERROR] LogOutputStream:75 - [STDERR_REDIRECT] [Fatal Error] :1:1: Premature end of file.
2025-04-02 09:12:56,089 [ERROR] LogOutputStream:75 - [STDERR_REDIRECT] 
2025-04-02 09:12:57,092 [ERROR] LogOutputStream:75 - [STDERR_REDIRECT] [Fatal Error] :1:1: Premature end of file.
2025-04-02 09:12:57,092 [ERROR] LogOutputStream:75 - [STDERR_REDIRECT] 
2025-04-02 09:12:58,094 [ERROR] LogOutputStream:75 - [STDERR_REDIRECT] [Fatal Error] :1:1: Premature end of file.
2025-04-02 09:12:58,095 [ERROR] LogOutputStream:75 - [STDERR_REDIRECT] 
2025-04-02 09:12:59,094 [ERROR] LogOutputStream:75 - [STDERR_REDIRECT] [Fatal Error] :1:1: Premature end of file.
2025-04-02 09:12:59,094 [ERROR] LogOutputStream:75 - [STDERR_REDIRECT] 
2025-04-02 09:13:00,112 [ERROR] LogOutputStream:75 - [STDERR_REDIRECT] [Fatal Error] :1:1: Premature end of file.
2025-04-02 09:13:00,112 [ERROR] LogOutputStream:75 - [STDERR_REDIRECT] 
2025-04-02 09:13:01,061 [ERROR] LogOutputStream:75 - [STDERR_REDIRECT] [Fatal Error] :1:1: Premature end of file.
2025-04-02 09:13:01,061 [ERROR] LogOutputStream:75 - [STDERR_REDIRECT] 
2025-04-02 09:13:02,080 [ERROR] LogOutputStream:75 - [STDERR_REDIRECT] [Fatal Error] :1:1: Premature end of file.
2025-04-02 09:13:02,080 [ERROR] LogOutputStream:75 - [STDERR_REDIRECT] 
2025-04-02 09:13:03,123 [ERROR] LogOutputStream:75 - [STDERR_REDIRECT] [Fatal Error] :1:1: Premature end of file.
2025-04-02 09:13:03,123 [ERROR] LogOutputStream:75 - [STDERR_REDIRECT] 
2025-04-02 09:13:04,109 [ERROR] LogOutputStream:75 - [STDERR_REDIRECT] [Fatal Error] :1:1: Premature end of file.
2025-04-02 09:13:04,109 [ERROR] LogOutputStream:75 - [STDERR_REDIRECT] 
2025-04-02 09:13:05,105 [ERROR] LogOutputStream:75 - [STDERR_REDIRECT] [Fatal Error] :1:1: Premature end of file.
2025-04-02 09:13:05,105 [ERROR] LogOutputStream:75 - [STDERR_REDIRECT] 
2025-04-02 09:13:06,110 [ERROR] LogOutputStream:75 - [STDERR_REDIRECT] [Fatal Error] :1:1: Premature end of file.
2025-04-02 09:13:06,110 [ERROR] LogOutputStream:75 - [STDERR_REDIRECT] 
2025-04-02 09:13:07,094 [ERROR] LogOutputStream:75 - [STDERR_REDIRECT] [Fatal Error] :1:1: Premature end of file.
2025-04-02 09:13:07,094 [ERROR] LogOutputStream:75 - [STDERR_REDIRECT] 
2025-04-02 09:13:08,097 [ERROR] LogOutputStream:75 - [STDERR_REDIRECT] [Fatal Error] :1:1: Premature end of file.
2025-04-02 09:13:08,097 [ERROR] LogOutputStream:75 - [STDERR_REDIRECT] 
2025-04-02 09:13:09,084 [ERROR] LogOutputStream:75 - [STDERR_REDIRECT] [Fatal Error] :1:1: Premature end of file.
2025-04-02 09:13:09,084 [ERROR] LogOutputStream:75 - [STDERR_REDIRECT] 
2025-04-02 09:13:10,102 [ERROR] LogOutputStream:75 - [STDERR_REDIRECT] [Fatal Error] :1:1: Premature end of file.
2025-04-02 09:13:10,102 [ERROR] LogOutputStream:75 - [STDERR_REDIRECT] 
2025-04-02 09:13:11,095 [ERROR] LogOutputStream:75 - [STDERR_REDIRECT] [Fatal Error] :1:1: Premature end of file.
2025-04-02 09:13:11,095 [ERROR] LogOutputStream:75 - [STDERR_REDIRECT] 
2025-04-02 09:13:12,111 [ERROR] LogOutputStream:75 - [STDERR_REDIRECT] [Fatal Error] :1:1: Premature end of file.
2025-04-02 09:13:12,111 [ERROR] LogOutputStream:75 - [STDERR_REDIRECT] 
2025-04-02 09:13:13,109 [ERROR] LogOutputStream:75 - [STDERR_REDIRECT] [Fatal Error] :1:1: Premature end of file.
2025-04-02 09:13:13,109 [ERROR] LogOutputStream:75 - [STDERR_REDIRECT] 
2025-04-02 09:13:14,100 [ERROR] LogOutputStream:75 - [STDERR_REDIRECT] [Fatal Error] :1:1: Premature end of file.
2025-04-02 09:13:14,109 [ERROR] LogOutputStream:75 - [STDERR_REDIRECT] 
2025-04-02 09:13:15,103 [ERROR] LogOutputStream:75 - [STDERR_REDIRECT] [Fatal Error] :1:1: Premature end of file.
2025-04-02 09:13:15,103 [ERROR] LogOutputStream:75 - [STDERR_REDIRECT] 
2025-04-02 09:13:16,106 [ERROR] LogOutputStream:75 - [STDERR_REDIRECT] [Fatal Error] :1:1: Premature end of file.
2025-04-02 09:13:16,106 [ERROR] LogOutputStream:75 - [STDERR_REDIRECT] 
2025-04-02 09:13:17,105 [ERROR] LogOutputStream:75 - [STDERR_REDIRECT] [Fatal Error] :1:1: Premature end of file.
2025-04-02 09:13:17,105 [ERROR] LogOutputStream:75 - [STDERR_REDIRECT] 
2025-04-02 09:13:18,115 [ERROR] LogOutputStream:75 - [STDERR_REDIRECT] [Fatal Error] :1:1: Premature end of file.
2025-04-02 09:13:18,115 [ERROR] LogOutputStream:75 - [STDERR_REDIRECT] 
2025-04-02 09:13:19,072 [ERROR] LogOutputStream:75 - [STDERR_REDIRECT] [Fatal Error] :1:1: Premature end of file.
2025-04-02 09:13:19,072 [ERROR] LogOutputStream:75 - [STDERR_REDIRECT] 
2025-04-02 09:13:20,090 [ERROR] LogOutputStream:75 - [STDERR_REDIRECT] [Fatal Error] :1:1: Premature end of file.
2025-04-02 09:13:20,090 [ERROR] LogOutputStream:75 - [STDERR_REDIRECT] 
2025-04-02 09:13:21,101 [ERROR] LogOutputStream:75 - [STDERR_REDIRECT] [Fatal Error] :1:1: Premature end of file.
2025-04-02 09:13:21,101 [ERROR] LogOutputStream:75 - [STDERR_REDIRECT] 
2025-04-02 09:13:22,097 [ERROR] LogOutputStream:75 - [STDERR_REDIRECT] [Fatal Error] :1:1: Premature end of file.
2025-04-02 09:13:22,097 [ERROR] LogOutputStream:75 - [STDERR_REDIRECT] 
2025-04-02 09:13:23,108 [ERROR] LogOutputStream:75 - [STDERR_REDIRECT] [Fatal Error] :1:1: Premature end of file.
2025-04-02 09:13:23,108 [ERROR] LogOutputStream:75 - [STDERR_REDIRECT] 
2025-04-02 09:13:24,103 [ERROR] LogOutputStream:75 - [STDERR_REDIRECT] [Fatal Error] :1:1: Premature end of file.
2025-04-02 09:13:24,103 [ERROR] LogOutputStream:75 - [STDERR_REDIRECT] 
2025-04-02 09:13:25,106 [ERROR] LogOutputStream:75 - [STDERR_REDIRECT] [Fatal Error] :1:1: Premature end of file.
2025-04-02 09:13:25,106 [ERROR] LogOutputStream:75 - [STDERR_REDIRECT] 
2025-04-02 09:13:26,095 [ERROR] LogOutputStream:75 - [STDERR_REDIRECT] [Fatal Error] :1:1: Premature end of file.
2025-04-02 09:13:26,095 [ERROR] LogOutputStream:75 - [STDERR_REDIRECT] 
2025-04-02 09:13:27,108 [ERROR] LogOutputStream:75 - [STDERR_REDIRECT] [Fatal Error] :1:1: Premature end of file.
2025-04-02 09:13:27,108 [ERROR] LogOutputStream:75 - [STDERR_REDIRECT] 
2025-04-02 09:13:28,107 [ERROR] LogOutputStream:75 - [STDERR_REDIRECT] [Fatal Error] :1:1: Premature end of file.
2025-04-02 09:13:28,107 [ERROR] LogOutputStream:75 - [STDERR_REDIRECT] 
2025-04-02 09:13:29,122 [ERROR] LogOutputStream:75 - [STDERR_REDIRECT] [Fatal Error] :1:1: Premature end of file.
2025-04-02 09:13:29,122 [ERROR] LogOutputStream:75 - [STDERR_REDIRECT] 
2025-04-02 09:13:30,103 [ERROR] LogOutputStream:75 - [STDERR_REDIRECT] [Fatal Error] :1:1: Premature end of file.
2025-04-02 09:13:30,103 [ERROR] LogOutputStream:75 - [STDERR_REDIRECT] 
2025-04-02 09:13:31,107 [ERROR] LogOutputStream:75 - [STDERR_REDIRECT] [Fatal Error] :1:1: Premature end of file.
2025-04-02 09:13:31,107 [ERROR] LogOutputStream:75 - [STDERR_REDIRECT] 
2025-04-02 09:13:32,102 [ERROR] LogOutputStream:75 - [STDERR_REDIRECT] [Fatal Error] :1:1: Premature end of file.
2025-04-02 09:13:32,102 [ERROR] LogOutputStream:75 - [STDERR_REDIRECT] 
2025-04-02 09:13:33,109 [ERROR] LogOutputStream:75 - [STDERR_REDIRECT] [Fatal Error] :1:1: Premature end of file.
2025-04-02 09:13:33,109 [ERROR] LogOutputStream:75 - [STDERR_REDIRECT] 
2025-04-02 09:13:34,112 [ERROR] LogOutputStream:75 - [STDERR_REDIRECT] [Fatal Error] :1:1: Premature end of file.
2025-04-02 09:13:34,112 [ERROR] LogOutputStream:75 - [STDERR_REDIRECT] 
2025-04-02 09:13:35,104 [ERROR] LogOutputStream:75 - [STDERR_REDIRECT] [Fatal Error] :1:1: Premature end of file.
2025-04-02 09:13:35,106 [ERROR] LogOutputStream:75 - [STDERR_REDIRECT] 
2025-04-02 09:13:36,105 [ERROR] LogOutputStream:75 - [STDERR_REDIRECT] [Fatal Error] :1:1: Premature end of file.
2025-04-02 09:13:36,105 [ERROR] LogOutputStream:75 - [STDERR_REDIRECT] 
2025-04-02 09:13:37,107 [ERROR] LogOutputStream:75 - [STDERR_REDIRECT] [Fatal Error] :1:1: Premature end of file.
2025-04-02 09:13:37,107 [ERROR] LogOutputStream:75 - [STDERR_REDIRECT] 
2025-04-02 09:13:38,096 [ERROR] LogOutputStream:75 - [STDERR_REDIRECT] [Fatal Error] :1:1: Premature end of file.
2025-04-02 09:13:38,101 [ERROR] LogOutputStream:75 - [STDERR_REDIRECT] 
2025-04-02 09:13:39,094 [ERROR] LogOutputStream:75 - [STDERR_REDIRECT] [Fatal Error] :1:1: Premature end of file.
2025-04-02 09:13:39,094 [ERROR] LogOutputStream:75 - [STDERR_REDIRECT] 
2025-04-02 09:13:40,096 [ERROR] LogOutputStream:75 - [STDERR_REDIRECT] [Fatal Error] :1:1: Premature end of file.
2025-04-02 09:13:40,096 [ERROR] LogOutputStream:75 - [STDERR_REDIRECT] 
2025-04-02 09:13:41,084 [ERROR] LogOutputStream:75 - [STDERR_REDIRECT] [Fatal Error] :1:1: Premature end of file.
2025-04-02 09:13:41,084 [ERROR] LogOutputStream:75 - [STDERR_REDIRECT] 
2025-04-02 09:13:42,094 [ERROR] LogOutputStream:75 - [STDERR_REDIRECT] [Fatal Error] :1:1: Premature end of file.
2025-04-02 09:13:42,094 [ERROR] LogOutputStream:75 - [STDERR_REDIRECT] 
2025-04-02 09:13:43,112 [ERROR] LogOutputStream:75 - [STDERR_REDIRECT] [Fatal Error] :1:1: Premature end of file.
2025-04-02 09:13:43,112 [ERROR] LogOutputStream:75 - [STDERR_REDIRECT] 
2025-04-02 09:13:44,112 [ERROR] LogOutputStream:75 - [STDERR_REDIRECT] [Fatal Error] :1:1: Premature end of file.
2025-04-02 09:13:44,112 [ERROR] LogOutputStream:75 - [STDERR_REDIRECT] 
2025-04-02 09:13:45,096 [ERROR] LogOutputStream:75 - [STDERR_REDIRECT] [Fatal Error] :1:1: Premature end of file.
2025-04-02 09:13:45,096 [ERROR] LogOutputStream:75 - [STDERR_REDIRECT] 
2025-04-02 09:13:46,095 [ERROR] LogOutputStream:75 - [STDERR_REDIRECT] [Fatal Error] :1:1: Premature end of file.
2025-04-02 09:13:46,095 [ERROR] LogOutputStream:75 - [STDERR_REDIRECT] 
2025-04-02 09:13:47,094 [ERROR] LogOutputStream:75 - [STDERR_REDIRECT] [Fatal Error] :1:1: Premature end of file.
2025-04-02 09:13:47,103 [ERROR] LogOutputStream:75 - [STDERR_REDIRECT] 
2025-04-02 09:13:48,087 [ERROR] LogOutputStream:75 - [STDERR_REDIRECT] [Fatal Error] :1:1: Premature end of file.
2025-04-02 09:13:48,087 [ERROR] LogOutputStream:75 - [STDERR_REDIRECT] 
2025-04-02 09:13:49,090 [ERROR] LogOutputStream:75 - [STDERR_REDIRECT] [Fatal Error] :1:1: Premature end of file.
2025-04-02 09:13:49,102 [ERROR] LogOutputStream:75 - [STDERR_REDIRECT] 
2025-04-02 09:13:50,091 [ERROR] LogOutputStream:75 - [STDERR_REDIRECT] [Fatal Error] :1:1: Premature end of file.
2025-04-02 09:13:50,091 [ERROR] LogOutputStream:75 - [STDERR_REDIRECT] 
2025-04-02 09:13:51,100 [ERROR] LogOutputStream:75 - [STDERR_REDIRECT] [Fatal Error] :1:1: Premature end of file.
2025-04-02 09:13:51,100 [ERROR] LogOutputStream:75 - [STDERR_REDIRECT] 
2025-04-02 09:13:52,093 [ERROR] LogOutputStream:75 - [STDERR_REDIRECT] [Fatal Error] :1:1: Premature end of file.
2025-04-02 09:13:52,093 [ERROR] LogOutputStream:75 - [STDERR_REDIRECT] 
2025-04-02 09:13:53,085 [ERROR] LogOutputStream:75 - [STDERR_REDIRECT] [Fatal Error] :1:1: Premature end of file.
2025-04-02 09:13:53,085 [ERROR] LogOutputStream:75 - [STDERR_REDIRECT] 
2025-04-02 09:13:54,104 [ERROR] LogOutputStream:75 - [STDERR_REDIRECT] [Fatal Error] :1:1: Premature end of file.
2025-04-02 09:13:54,104 [ERROR] LogOutputStream:75 - [STDERR_REDIRECT] 
2025-04-02 09:13:55,089 [ERROR] LogOutputStream:75 - [STDERR_REDIRECT] [Fatal Error] :1:1: Premature end of file.
2025-04-02 09:13:55,089 [ERROR] LogOutputStream:75 - [STDERR_REDIRECT] 
2025-04-02 09:13:56,105 [ERROR] LogOutputStream:75 - [STDERR_REDIRECT] [Fatal Error] :1:1: Premature end of file.
2025-04-02 09:13:56,105 [ERROR] LogOutputStream:75 - [STDERR_REDIRECT] 
2025-04-02 09:13:57,093 [ERROR] LogOutputStream:75 - [STDERR_REDIRECT] [Fatal Error] :1:1: Premature end of file.
2025-04-02 09:13:57,093 [ERROR] LogOutputStream:75 - [STDERR_REDIRECT] 
2025-04-02 09:13:58,108 [ERROR] LogOutputStream:75 - [STDERR_REDIRECT] [Fatal Error] :1:1: Premature end of file.
2025-04-02 09:13:58,108 [ERROR] LogOutputStream:75 - [STDERR_REDIRECT] 
2025-04-02 09:13:59,075 [ERROR] LogOutputStream:75 - [STDERR_REDIRECT] [Fatal Error] :1:1: Premature end of file.
2025-04-02 09:13:59,075 [ERROR] LogOutputStream:75 - [STDERR_REDIRECT] 
2025-04-02 09:14:00,095 [ERROR] LogOutputStream:75 - [STDERR_REDIRECT] [Fatal Error] :1:1: Premature end of file.
2025-04-02 09:14:00,095 [ERROR] LogOutputStream:75 - [STDERR_REDIRECT] 
2025-04-02 09:14:01,095 [ERROR] LogOutputStream:75 - [STDERR_REDIRECT] [Fatal Error] :1:1: Premature end of file.
2025-04-02 09:14:01,095 [ERROR] LogOutputStream:75 - [STDERR_REDIRECT] 
2025-04-02 09:14:02,082 [ERROR] LogOutputStream:75 - [STDERR_REDIRECT] [Fatal Error] :1:1: Premature end of file.
2025-04-02 09:14:02,082 [ERROR] LogOutputStream:75 - [STDERR_REDIRECT] 
2025-04-02 09:14:03,106 [ERROR] LogOutputStream:75 - [STDERR_REDIRECT] [Fatal Error] :1:1: Premature end of file.
2025-04-02 09:14:03,106 [ERROR] LogOutputStream:75 - [STDERR_REDIRECT] 
2025-04-02 09:14:04,088 [ERROR] LogOutputStream:75 - [STDERR_REDIRECT] [Fatal Error] :1:1: Premature end of file.
2025-04-02 09:14:04,088 [ERROR] LogOutputStream:75 - [STDERR_REDIRECT] 
2025-04-02 09:14:05,092 [ERROR] LogOutputStream:75 - [STDERR_REDIRECT] [Fatal Error] :1:1: Premature end of file.
2025-04-02 09:14:05,092 [ERROR] LogOutputStream:75 - [STDERR_REDIRECT] 
2025-04-02 09:14:06,104 [ERROR] LogOutputStream:75 - [STDERR_REDIRECT] [Fatal Error] :1:1: Premature end of file.
2025-04-02 09:14:06,104 [ERROR] LogOutputStream:75 - [STDERR_REDIRECT] 
2025-04-02 09:14:07,100 [ERROR] LogOutputStream:75 - [STDERR_REDIRECT] [Fatal Error] :1:1: Premature end of file.
2025-04-02 09:14:07,100 [ERROR] LogOutputStream:75 - [STDERR_REDIRECT] 
2025-04-02 09:14:08,109 [ERROR] LogOutputStream:75 - [STDERR_REDIRECT] [Fatal Error] :1:1: Premature end of file.
2025-04-02 09:14:08,109 [ERROR] LogOutputStream:75 - [STDERR_REDIRECT] 
2025-04-02 09:14:09,107 [ERROR] LogOutputStream:75 - [STDERR_REDIRECT] [Fatal Error] :1:1: Premature end of file.
2025-04-02 09:14:09,107 [ERROR] LogOutputStream:75 - [STDERR_REDIRECT] 
2025-04-02 09:14:10,109 [ERROR] LogOutputStream:75 - [STDERR_REDIRECT] [Fatal Error] :1:1: Premature end of file.
2025-04-02 09:14:10,109 [ERROR] LogOutputStream:75 - [STDERR_REDIRECT] 
2025-04-02 09:14:11,112 [ERROR] LogOutputStream:75 - [STDERR_REDIRECT] [Fatal Error] :1:1: Premature end of file.
2025-04-02 09:14:11,112 [ERROR] LogOutputStream:75 - [STDERR_REDIRECT] 
2025-04-02 09:14:12,113 [ERROR] LogOutputStream:75 - [STDERR_REDIRECT] [Fatal Error] :1:1: Premature end of file.
2025-04-02 09:14:12,113 [ERROR] LogOutputStream:75 - [STDERR_REDIRECT] 
2025-04-02 09:14:13,092 [ERROR] LogOutputStream:75 - [STDERR_REDIRECT] [Fatal Error] :1:1: Premature end of file.
2025-04-02 09:14:13,092 [ERROR] LogOutputStream:75 - [STDERR_REDIRECT] 
2025-04-02 09:14:14,114 [ERROR] LogOutputStream:75 - [STDERR_REDIRECT] [Fatal Error] :1:1: Premature end of file.
2025-04-02 09:14:14,119 [ERROR] LogOutputStream:75 - [STDERR_REDIRECT] 
2025-04-02 09:14:15,079 [ERROR] LogOutputStream:75 - [STDERR_REDIRECT] [Fatal Error] :1:1: Premature end of file.
2025-04-02 09:14:15,079 [ERROR] LogOutputStream:75 - [STDERR_REDIRECT] 
2025-04-02 09:14:16,111 [ERROR] LogOutputStream:75 - [STDERR_REDIRECT] [Fatal Error] :1:1: Premature end of file.
2025-04-02 09:14:16,111 [ERROR] LogOutputStream:75 - [STDERR_REDIRECT] 
2025-04-02 09:14:17,095 [ERROR] LogOutputStream:75 - [STDERR_REDIRECT] [Fatal Error] :1:1: Premature end of file.
2025-04-02 09:14:17,111 [ERROR] LogOutputStream:75 - [STDERR_REDIRECT] 
2025-04-02 09:14:18,096 [ERROR] LogOutputStream:75 - [STDERR_REDIRECT] [Fatal Error] :1:1: Premature end of file.
2025-04-02 09:14:18,096 [ERROR] LogOutputStream:75 - [STDERR_REDIRECT] 
2025-04-02 09:14:19,095 [ERROR] LogOutputStream:75 - [STDERR_REDIRECT] [Fatal Error] :1:1: Premature end of file.
2025-04-02 09:14:19,095 [ERROR] LogOutputStream:75 - [STDERR_REDIRECT] 
2025-04-02 09:14:20,125 [ERROR] LogOutputStream:75 - [STDERR_REDIRECT] [Fatal Error] :1:1: Premature end of file.
2025-04-02 09:14:20,130 [ERROR] LogOutputStream:75 - [STDERR_REDIRECT] 
2025-04-02 09:14:21,093 [ERROR] LogOutputStream:75 - [STDERR_REDIRECT] [Fatal Error] :1:1: Premature end of file.
2025-04-02 09:14:21,093 [ERROR] LogOutputStream:75 - [STDERR_REDIRECT] 
2025-04-02 09:14:22,100 [ERROR] LogOutputStream:75 - [STDERR_REDIRECT] [Fatal Error] :1:1: Premature end of file.
2025-04-02 09:14:22,100 [ERROR] LogOutputStream:75 - [STDERR_REDIRECT] 
2025-04-02 09:14:23,109 [ERROR] LogOutputStream:75 - [STDERR_REDIRECT] [Fatal Error] :1:1: Premature end of file.
2025-04-02 09:14:23,109 [ERROR] LogOutputStream:75 - [STDERR_REDIRECT] 
2025-04-02 09:14:24,092 [ERROR] LogOutputStream:75 - [STDERR_REDIRECT] [Fatal Error] :1:1: Premature end of file.
2025-04-02 09:14:24,092 [ERROR] LogOutputStream:75 - [STDERR_REDIRECT] 
2025-04-02 09:14:25,077 [ERROR] LogOutputStream:75 - [STDERR_REDIRECT] [Fatal Error] :1:1: Premature end of file.
2025-04-02 09:14:25,077 [ERROR] LogOutputStream:75 - [STDERR_REDIRECT] 
2025-04-02 09:14:26,105 [ERROR] LogOutputStream:75 - [STDERR_REDIRECT] [Fatal Error] :1:1: Premature end of file.
2025-04-02 09:14:26,105 [ERROR] LogOutputStream:75 - [STDERR_REDIRECT] 
2025-04-02 09:14:27,095 [ERROR] LogOutputStream:75 - [STDERR_REDIRECT] [Fatal Error] :1:1: Premature end of file.
2025-04-02 09:14:27,095 [ERROR] LogOutputStream:75 - [STDERR_REDIRECT] 
2025-04-02 09:14:28,106 [ERROR] LogOutputStream:75 - [STDERR_REDIRECT] [Fatal Error] :1:1: Premature end of file.
2025-04-02 09:14:28,106 [ERROR] LogOutputStream:75 - [STDERR_REDIRECT] 
2025-04-02 09:14:29,083 [ERROR] LogOutputStream:75 - [STDERR_REDIRECT] [Fatal Error] :1:1: Premature end of file.
2025-04-02 09:14:29,083 [ERROR] LogOutputStream:75 - [STDERR_REDIRECT] 
2025-04-02 09:14:30,114 [ERROR] LogOutputStream:75 - [STDERR_REDIRECT] [Fatal Error] :1:1: Premature end of file.
2025-04-02 09:14:30,114 [ERROR] LogOutputStream:75 - [STDERR_REDIRECT] 
2025-04-02 09:14:31,105 [ERROR] LogOutputStream:75 - [STDERR_REDIRECT] [Fatal Error] :1:1: Premature end of file.
2025-04-02 09:14:31,105 [ERROR] LogOutputStream:75 - [STDERR_REDIRECT] 
2025-04-02 09:14:32,093 [ERROR] LogOutputStream:75 - [STDERR_REDIRECT] [Fatal Error] :1:1: Premature end of file.
2025-04-02 09:14:32,093 [ERROR] LogOutputStream:75 - [STDERR_REDIRECT] 
2025-04-02 09:14:33,088 [ERROR] LogOutputStream:75 - [STDERR_REDIRECT] [Fatal Error] :1:1: Premature end of file.
2025-04-02 09:14:33,088 [ERROR] LogOutputStream:75 - [STDERR_REDIRECT] 
2025-04-02 09:14:34,078 [ERROR] LogOutputStream:75 - [STDERR_REDIRECT] [Fatal Error] :1:1: Premature end of file.
2025-04-02 09:14:34,078 [ERROR] LogOutputStream:75 - [STDERR_REDIRECT] 
2025-04-02 09:14:35,066 [ERROR] LogOutputStream:75 - [STDERR_REDIRECT] [Fatal Error] :1:1: Premature end of file.
2025-04-02 09:14:35,066 [ERROR] LogOutputStream:75 - [STDERR_REDIRECT] 
2025-04-02 09:14:36,109 [ERROR] LogOutputStream:75 - [STDERR_REDIRECT] [Fatal Error] :1:1: Premature end of file.
2025-04-02 09:14:36,109 [ERROR] LogOutputStream:75 - [STDERR_REDIRECT] 
2025-04-02 09:14:37,108 [ERROR] LogOutputStream:75 - [STDERR_REDIRECT] [Fatal Error] :1:1: Premature end of file.
2025-04-02 09:14:37,108 [ERROR] LogOutputStream:75 - [STDERR_REDIRECT] 
2025-04-02 09:14:38,085 [ERROR] LogOutputStream:75 - [STDERR_REDIRECT] [Fatal Error] :1:1: Premature end of file.
2025-04-02 09:14:38,085 [ERROR] LogOutputStream:75 - [STDERR_REDIRECT] 
2025-04-02 09:14:39,098 [ERROR] LogOutputStream:75 - [STDERR_REDIRECT] [Fatal Error] :1:1: Premature end of file.
2025-04-02 09:14:39,098 [ERROR] LogOutputStream:75 - [STDERR_REDIRECT] 
2025-04-02 09:14:40,080 [ERROR] LogOutputStream:75 - [STDERR_REDIRECT] [Fatal Error] :1:1: Premature end of file.
2025-04-02 09:14:40,080 [ERROR] LogOutputStream:75 - [STDERR_REDIRECT] 
2025-04-02 09:14:41,105 [ERROR] LogOutputStream:75 - [STDERR_REDIRECT] [Fatal Error] :1:1: Premature end of file.
2025-04-02 09:14:41,114 [ERROR] LogOutputStream:75 - [STDERR_REDIRECT] 
2025-04-02 09:14:42,106 [ERROR] LogOutputStream:75 - [STDERR_REDIRECT] [Fatal Error] :1:1: Premature end of file.
2025-04-02 09:14:42,108 [ERROR] LogOutputStream:75 - [STDERR_REDIRECT] 
2025-04-02 09:14:43,090 [ERROR] LogOutputStream:75 - [STDERR_REDIRECT] [Fatal Error] :1:1: Premature end of file.
2025-04-02 09:14:43,103 [ERROR] LogOutputStream:75 - [STDERR_REDIRECT] 
2025-04-02 09:14:44,110 [ERROR] LogOutputStream:75 - [STDERR_REDIRECT] [Fatal Error] :1:1: Premature end of file.
2025-04-02 09:14:44,110 [ERROR] LogOutputStream:75 - [STDERR_REDIRECT] 
2025-04-02 09:14:45,093 [ERROR] LogOutputStream:75 - [STDERR_REDIRECT] [Fatal Error] :1:1: Premature end of file.
2025-04-02 09:14:45,093 [ERROR] LogOutputStream:75 - [STDERR_REDIRECT] 
2025-04-02 09:14:46,111 [ERROR] LogOutputStream:75 - [STDERR_REDIRECT] [Fatal Error] :1:1: Premature end of file.
2025-04-02 09:14:46,111 [ERROR] LogOutputStream:75 - [STDERR_REDIRECT] 
2025-04-02 09:14:47,090 [ERROR] LogOutputStream:75 - [STDERR_REDIRECT] [Fatal Error] :1:1: Premature end of file.
2025-04-02 09:14:47,090 [ERROR] LogOutputStream:75 - [STDERR_REDIRECT] 
2025-04-02 09:14:48,096 [ERROR] LogOutputStream:75 - [STDERR_REDIRECT] [Fatal Error] :1:1: Premature end of file.
2025-04-02 09:14:48,096 [ERROR] LogOutputStream:75 - [STDERR_REDIRECT] 
2025-04-02 09:14:49,102 [ERROR] LogOutputStream:75 - [STDERR_REDIRECT] [Fatal Error] :1:1: Premature end of file.
2025-04-02 09:14:49,102 [ERROR] LogOutputStream:75 - [STDERR_REDIRECT] 
2025-04-02 09:14:50,112 [ERROR] LogOutputStream:75 - [STDERR_REDIRECT] [Fatal Error] :1:1: Premature end of file.
2025-04-02 09:14:50,112 [ERROR] LogOutputStream:75 - [STDERR_REDIRECT] 
2025-04-02 09:14:51,104 [ERROR] LogOutputStream:75 - [STDERR_REDIRECT] [Fatal Error] :1:1: Premature end of file.
2025-04-02 09:14:51,106 [ERROR] LogOutputStream:75 - [STDERR_REDIRECT] 
2025-04-02 09:14:52,065 [ERROR] LogOutputStream:75 - [STDERR_REDIRECT] [Fatal Error] :1:1: Premature end of file.
2025-04-02 09:14:52,065 [ERROR] LogOutputStream:75 - [STDERR_REDIRECT] 
2025-04-02 09:14:53,103 [ERROR] LogOutputStream:75 - [STDERR_REDIRECT] [Fatal Error] :1:1: Premature end of file.
2025-04-02 09:14:53,103 [ERROR] LogOutputStream:75 - [STDERR_REDIRECT] 
2025-04-02 09:14:54,117 [ERROR] LogOutputStream:75 - [STDERR_REDIRECT] [Fatal Error] :1:1: Premature end of file.
2025-04-02 09:14:54,117 [ERROR] LogOutputStream:75 - [STDERR_REDIRECT] 
2025-04-02 09:14:55,093 [ERROR] LogOutputStream:75 - [STDERR_REDIRECT] [Fatal Error] :1:1: Premature end of file.
2025-04-02 09:14:55,093 [ERROR] LogOutputStream:75 - [STDERR_REDIRECT] 
2025-04-02 09:14:56,094 [ERROR] LogOutputStream:75 - [STDERR_REDIRECT] [Fatal Error] :1:1: Premature end of file.
2025-04-02 09:14:56,094 [ERROR] LogOutputStream:75 - [STDERR_REDIRECT] 
2025-04-02 09:14:57,079 [ERROR] LogOutputStream:75 - [STDERR_REDIRECT] [Fatal Error] :1:1: Premature end of file.
2025-04-02 09:14:57,079 [ERROR] LogOutputStream:75 - [STDERR_REDIRECT] 
2025-04-02 09:14:58,093 [ERROR] LogOutputStream:75 - [STDERR_REDIRECT] [Fatal Error] :1:1: Premature end of file.
2025-04-02 09:14:58,093 [ERROR] LogOutputStream:75 - [STDERR_REDIRECT] 
2025-04-02 09:14:59,086 [ERROR] LogOutputStream:75 - [STDERR_REDIRECT] [Fatal Error] :1:1: Premature end of file.
2025-04-02 09:14:59,086 [ERROR] LogOutputStream:75 - [STDERR_REDIRECT] 
2025-04-02 09:15:00,104 [ERROR] LogOutputStream:75 - [STDERR_REDIRECT] [Fatal Error] :1:1: Premature end of file.
2025-04-02 09:15:00,104 [ERROR] LogOutputStream:75 - [STDERR_REDIRECT] 
2025-04-02 09:15:01,095 [ERROR] LogOutputStream:75 - [STDERR_REDIRECT] [Fatal Error] :1:1: Premature end of file.
2025-04-02 09:15:01,095 [ERROR] LogOutputStream:75 - [STDERR_REDIRECT] 
2025-04-02 09:15:02,094 [ERROR] LogOutputStream:75 - [STDERR_REDIRECT] [Fatal Error] :1:1: Premature end of file.
2025-04-02 09:15:02,094 [ERROR] LogOutputStream:75 - [STDERR_REDIRECT] 
2025-04-02 09:15:03,075 [ERROR] LogOutputStream:75 - [STDERR_REDIRECT] [Fatal Error] :1:1: Premature end of file.
2025-04-02 09:15:03,075 [ERROR] LogOutputStream:75 - [STDERR_REDIRECT] 
2025-04-02 09:15:04,097 [ERROR] LogOutputStream:75 - [STDERR_REDIRECT] [Fatal Error] :1:1: Premature end of file.
2025-04-02 09:15:04,097 [ERROR] LogOutputStream:75 - [STDERR_REDIRECT] 
2025-04-02 09:15:05,099 [ERROR] LogOutputStream:75 - [STDERR_REDIRECT] [Fatal Error] :1:1: Premature end of file.
2025-04-02 09:15:05,099 [ERROR] LogOutputStream:75 - [STDERR_REDIRECT] 
2025-04-02 09:15:06,090 [ERROR] LogOutputStream:75 - [STDERR_REDIRECT] [Fatal Error] :1:1: Premature end of file.
2025-04-02 09:15:06,090 [ERROR] LogOutputStream:75 - [STDERR_REDIRECT] 
2025-04-02 09:15:07,106 [ERROR] LogOutputStream:75 - [STDERR_REDIRECT] [Fatal Error] :1:1: Premature end of file.
2025-04-02 09:15:07,108 [ERROR] LogOutputStream:75 - [STDERR_REDIRECT] 
2025-04-02 09:15:08,113 [ERROR] LogOutputStream:75 - [STDERR_REDIRECT] [Fatal Error] :1:1: Premature end of file.
2025-04-02 09:15:08,113 [ERROR] LogOutputStream:75 - [STDERR_REDIRECT] 
2025-04-02 09:15:09,106 [ERROR] LogOutputStream:75 - [STDERR_REDIRECT] [Fatal Error] :1:1: Premature end of file.
2025-04-02 09:15:09,106 [ERROR] LogOutputStream:75 - [STDERR_REDIRECT] 
2025-04-02 09:15:10,115 [ERROR] LogOutputStream:75 - [STDERR_REDIRECT] [Fatal Error] :1:1: Premature end of file.
2025-04-02 09:15:10,115 [ERROR] LogOutputStream:75 - [STDERR_REDIRECT] 
2025-04-02 09:15:11,094 [ERROR] LogOutputStream:75 - [STDERR_REDIRECT] [Fatal Error] :1:1: Premature end of file.
2025-04-02 09:15:11,094 [ERROR] LogOutputStream:75 - [STDERR_REDIRECT] 
2025-04-02 09:15:12,109 [ERROR] LogOutputStream:75 - [STDERR_REDIRECT] [Fatal Error] :1:1: Premature end of file.
2025-04-02 09:15:12,109 [ERROR] LogOutputStream:75 - [STDERR_REDIRECT] 
2025-04-02 09:15:13,131 [ERROR] LogOutputStream:75 - [STDERR_REDIRECT] [Fatal Error] :1:1: Premature end of file.
2025-04-02 09:15:13,131 [ERROR] LogOutputStream:75 - [STDERR_REDIRECT] 
2025-04-02 09:15:14,084 [ERROR] LogOutputStream:75 - [STDERR_REDIRECT] [Fatal Error] :1:1: Premature end of file.
2025-04-02 09:15:14,084 [ERROR] LogOutputStream:75 - [STDERR_REDIRECT] 
2025-04-02 09:15:15,088 [ERROR] LogOutputStream:75 - [STDERR_REDIRECT] [Fatal Error] :1:1: Premature end of file.
2025-04-02 09:15:15,088 [ERROR] LogOutputStream:75 - [STDERR_REDIRECT] 
2025-04-02 09:15:16,088 [ERROR] LogOutputStream:75 - [STDERR_REDIRECT] [Fatal Error] :1:1: Premature end of file.
2025-04-02 09:15:16,088 [ERROR] LogOutputStream:75 - [STDERR_REDIRECT] 
2025-04-02 09:15:17,089 [ERROR] LogOutputStream:75 - [STDERR_REDIRECT] [Fatal Error] :1:1: Premature end of file.
2025-04-02 09:15:17,089 [ERROR] LogOutputStream:75 - [STDERR_REDIRECT] 
2025-04-02 09:15:18,119 [ERROR] LogOutputStream:75 - [STDERR_REDIRECT] [Fatal Error] :1:1: Premature end of file.
2025-04-02 09:15:18,119 [ERROR] LogOutputStream:75 - [STDERR_REDIRECT] 
2025-04-02 09:15:19,099 [ERROR] LogOutputStream:75 - [STDERR_REDIRECT] [Fatal Error] :1:1: Premature end of file.
2025-04-02 09:15:19,099 [ERROR] LogOutputStream:75 - [STDERR_REDIRECT] 
2025-04-02 09:15:20,115 [ERROR] LogOutputStream:75 - [STDERR_REDIRECT] [Fatal Error] :1:1: Premature end of file.
2025-04-02 09:15:20,115 [ERROR] LogOutputStream:75 - [STDERR_REDIRECT] 
2025-04-02 09:15:21,107 [ERROR] LogOutputStream:75 - [STDERR_REDIRECT] [Fatal Error] :1:1: Premature end of file.
2025-04-02 09:15:21,111 [ERROR] LogOutputStream:75 - [STDERR_REDIRECT] 
2025-04-02 09:15:22,108 [ERROR] LogOutputStream:75 - [STDERR_REDIRECT] [Fatal Error] :1:1: Premature end of file.
2025-04-02 09:15:22,108 [ERROR] LogOutputStream:75 - [STDERR_REDIRECT] 
2025-04-02 09:15:23,107 [ERROR] LogOutputStream:75 - [STDERR_REDIRECT] [Fatal Error] :1:1: Premature end of file.
2025-04-02 09:15:23,110 [ERROR] LogOutputStream:75 - [STDERR_REDIRECT] 
2025-04-02 09:15:24,098 [ERROR] LogOutputStream:75 - [STDERR_REDIRECT] [Fatal Error] :1:1: Premature end of file.
2025-04-02 09:15:24,098 [ERROR] LogOutputStream:75 - [STDERR_REDIRECT] 
2025-04-02 09:15:25,126 [ERROR] LogOutputStream:75 - [STDERR_REDIRECT] [Fatal Error] :1:1: Premature end of file.
2025-04-02 09:15:25,128 [ERROR] LogOutputStream:75 - [STDERR_REDIRECT] 
2025-04-02 09:15:26,128 [ERROR] LogOutputStream:75 - [STDERR_REDIRECT] [Fatal Error] :1:1: Premature end of file.
2025-04-02 09:15:26,128 [ERROR] LogOutputStream:75 - [STDERR_REDIRECT] 
2025-04-02 09:15:27,128 [ERROR] LogOutputStream:75 - [STDERR_REDIRECT] [Fatal Error] :1:1: Premature end of file.
2025-04-02 09:15:27,130 [ERROR] LogOutputStream:75 - [STDERR_REDIRECT] 
2025-04-02 09:15:28,129 [ERROR] LogOutputStream:75 - [STDERR_REDIRECT] [Fatal Error] :1:1: Premature end of file.
2025-04-02 09:15:28,131 [ERROR] LogOutputStream:75 - [STDERR_REDIRECT] 
2025-04-02 09:15:29,120 [ERROR] LogOutputStream:75 - [STDERR_REDIRECT] [Fatal Error] :1:1: Premature end of file.
2025-04-02 09:15:29,120 [ERROR] LogOutputStream:75 - [STDERR_REDIRECT] 
2025-04-02 09:15:30,079 [ERROR] LogOutputStream:75 - [STDERR_REDIRECT] [Fatal Error] :1:1: Premature end of file.
2025-04-02 09:15:30,079 [ERROR] LogOutputStream:75 - [STDERR_REDIRECT] 
2025-04-02 09:15:31,121 [ERROR] LogOutputStream:75 - [STDERR_REDIRECT] [Fatal Error] :1:1: Premature end of file.
2025-04-02 09:15:31,121 [ERROR] LogOutputStream:75 - [STDERR_REDIRECT] 
2025-04-02 09:15:32,108 [ERROR] LogOutputStream:75 - [STDERR_REDIRECT] [Fatal Error] :1:1: Premature end of file.
2025-04-02 09:15:32,108 [ERROR] LogOutputStream:75 - [STDERR_REDIRECT] 
2025-04-02 09:15:33,143 [ERROR] LogOutputStream:75 - [STDERR_REDIRECT] [Fatal Error] :1:1: Premature end of file.
2025-04-02 09:15:33,143 [ERROR] LogOutputStream:75 - [STDERR_REDIRECT] 
2025-04-02 09:15:34,110 [ERROR] LogOutputStream:75 - [STDERR_REDIRECT] [Fatal Error] :1:1: Premature end of file.
2025-04-02 09:15:34,110 [ERROR] LogOutputStream:75 - [STDERR_REDIRECT] 
2025-04-02 09:15:35,087 [ERROR] LogOutputStream:75 - [STDERR_REDIRECT] [Fatal Error] :1:1: Premature end of file.
2025-04-02 09:15:35,087 [ERROR] LogOutputStream:75 - [STDERR_REDIRECT] 
2025-04-02 09:15:36,136 [ERROR] LogOutputStream:75 - [STDERR_REDIRECT] [Fatal Error] :1:1: Premature end of file.
2025-04-02 09:15:36,136 [ERROR] LogOutputStream:75 - [STDERR_REDIRECT] 
2025-04-02 09:15:37,125 [ERROR] LogOutputStream:75 - [STDERR_REDIRECT] [Fatal Error] :1:1: Premature end of file.
2025-04-02 09:15:37,125 [ERROR] LogOutputStream:75 - [STDERR_REDIRECT] 
2025-04-02 09:15:38,108 [ERROR] LogOutputStream:75 - [STDERR_REDIRECT] [Fatal Error] :1:1: Premature end of file.
2025-04-02 09:15:38,108 [ERROR] LogOutputStream:75 - [STDERR_REDIRECT] 
2025-04-02 09:15:39,113 [ERROR] LogOutputStream:75 - [STDERR_REDIRECT] [Fatal Error] :1:1: Premature end of file.
2025-04-02 09:15:39,113 [ERROR] LogOutputStream:75 - [STDERR_REDIRECT] 
2025-04-02 09:15:40,129 [ERROR] LogOutputStream:75 - [STDERR_REDIRECT] [Fatal Error] :1:1: Premature end of file.
2025-04-02 09:15:40,129 [ERROR] LogOutputStream:75 - [STDERR_REDIRECT] 
2025-04-02 09:15:41,106 [ERROR] LogOutputStream:75 - [STDERR_REDIRECT] [Fatal Error] :1:1: Premature end of file.
2025-04-02 09:15:41,106 [ERROR] LogOutputStream:75 - [STDERR_REDIRECT] 
2025-04-02 09:15:42,113 [ERROR] LogOutputStream:75 - [STDERR_REDIRECT] [Fatal Error] :1:1: Premature end of file.
2025-04-02 09:15:42,113 [ERROR] LogOutputStream:75 - [STDERR_REDIRECT] 
2025-04-02 09:15:43,110 [ERROR] LogOutputStream:75 - [STDERR_REDIRECT] [Fatal Error] :1:1: Premature end of file.
2025-04-02 09:15:43,114 [ERROR] LogOutputStream:75 - [STDERR_REDIRECT] 
2025-04-02 09:15:44,125 [ERROR] LogOutputStream:75 - [STDERR_REDIRECT] [Fatal Error] :1:1: Premature end of file.
2025-04-02 09:15:44,125 [ERROR] LogOutputStream:75 - [STDERR_REDIRECT] 
2025-04-02 09:15:45,093 [ERROR] LogOutputStream:75 - [STDERR_REDIRECT] [Fatal Error] :1:1: Premature end of file.
2025-04-02 09:15:45,093 [ERROR] LogOutputStream:75 - [STDERR_REDIRECT] 
2025-04-02 09:15:46,140 [ERROR] LogOutputStream:75 - [STDERR_REDIRECT] [Fatal Error] :1:1: Premature end of file.
2025-04-02 09:15:46,143 [ERROR] LogOutputStream:75 - [STDERR_REDIRECT] 
2025-04-02 09:15:47,127 [ERROR] LogOutputStream:75 - [STDERR_REDIRECT] [Fatal Error] :1:1: Premature end of file.
2025-04-02 09:15:47,127 [ERROR] LogOutputStream:75 - [STDERR_REDIRECT] 
2025-04-02 09:15:48,117 [ERROR] LogOutputStream:75 - [STDERR_REDIRECT] [Fatal Error] :1:1: Premature end of file.
2025-04-02 09:15:48,117 [ERROR] LogOutputStream:75 - [STDERR_REDIRECT] 
2025-04-02 09:15:49,129 [ERROR] LogOutputStream:75 - [STDERR_REDIRECT] [Fatal Error] :1:1: Premature end of file.
2025-04-02 09:15:49,129 [ERROR] LogOutputStream:75 - [STDERR_REDIRECT] 
2025-04-02 09:15:50,101 [ERROR] LogOutputStream:75 - [STDERR_REDIRECT] [Fatal Error] :1:1: Premature end of file.
2025-04-02 09:15:50,101 [ERROR] LogOutputStream:75 - [STDERR_REDIRECT] 
2025-04-02 09:15:51,120 [ERROR] LogOutputStream:75 - [STDERR_REDIRECT] [Fatal Error] :1:1: Premature end of file.
2025-04-02 09:15:51,120 [ERROR] LogOutputStream:75 - [STDERR_REDIRECT] 
2025-04-02 09:15:52,095 [ERROR] LogOutputStream:75 - [STDERR_REDIRECT] [Fatal Error] :1:1: Premature end of file.
2025-04-02 09:15:52,095 [ERROR] LogOutputStream:75 - [STDERR_REDIRECT] 
2025-04-02 09:15:53,123 [ERROR] LogOutputStream:75 - [STDERR_REDIRECT] [Fatal Error] :1:1: Premature end of file.
2025-04-02 09:15:53,123 [ERROR] LogOutputStream:75 - [STDERR_REDIRECT] 
2025-04-02 09:15:54,130 [ERROR] LogOutputStream:75 - [STDERR_REDIRECT] [Fatal Error] :1:1: Premature end of file.
2025-04-02 09:15:54,130 [ERROR] LogOutputStream:75 - [STDERR_REDIRECT] 
2025-04-02 09:15:55,132 [ERROR] LogOutputStream:75 - [STDERR_REDIRECT] [Fatal Error] :1:1: Premature end of file.
2025-04-02 09:15:55,132 [ERROR] LogOutputStream:75 - [STDERR_REDIRECT] 
2025-04-02 09:15:56,127 [ERROR] LogOutputStream:75 - [STDERR_REDIRECT] [Fatal Error] :1:1: Premature end of file.
2025-04-02 09:15:56,127 [ERROR] LogOutputStream:75 - [STDERR_REDIRECT] 
2025-04-02 09:15:57,131 [ERROR] LogOutputStream:75 - [STDERR_REDIRECT] [Fatal Error] :1:1: Premature end of file.
2025-04-02 09:15:57,131 [ERROR] LogOutputStream:75 - [STDERR_REDIRECT] 
2025-04-02 09:15:58,124 [ERROR] LogOutputStream:75 - [STDERR_REDIRECT] [Fatal Error] :1:1: Premature end of file.
2025-04-02 09:15:58,124 [ERROR] LogOutputStream:75 - [STDERR_REDIRECT] 
2025-04-02 09:15:59,108 [ERROR] LogOutputStream:75 - [STDERR_REDIRECT] [Fatal Error] :1:1: Premature end of file.
2025-04-02 09:15:59,108 [ERROR] LogOutputStream:75 - [STDERR_REDIRECT] 
2025-04-02 09:16:00,124 [ERROR] LogOutputStream:75 - [STDERR_REDIRECT] [Fatal Error] :1:1: Premature end of file.
2025-04-02 09:16:00,124 [ERROR] LogOutputStream:75 - [STDERR_REDIRECT] 
2025-04-02 09:16:01,126 [ERROR] LogOutputStream:75 - [STDERR_REDIRECT] [Fatal Error] :1:1: Premature end of file.
2025-04-02 09:16:01,126 [ERROR] LogOutputStream:75 - [STDERR_REDIRECT] 
2025-04-02 09:16:02,108 [ERROR] LogOutputStream:75 - [STDERR_REDIRECT] [Fatal Error] :1:1: Premature end of file.
2025-04-02 09:16:02,108 [ERROR] LogOutputStream:75 - [STDERR_REDIRECT] 
2025-04-02 09:16:03,108 [ERROR] LogOutputStream:75 - [STDERR_REDIRECT] [Fatal Error] :1:1: Premature end of file.
2025-04-02 09:16:03,108 [ERROR] LogOutputStream:75 - [STDERR_REDIRECT] 
2025-04-02 09:16:04,089 [ERROR] LogOutputStream:75 - [STDERR_REDIRECT] [Fatal Error] :1:1: Premature end of file.
2025-04-02 09:16:04,089 [ERROR] LogOutputStream:75 - [STDERR_REDIRECT] 
2025-04-02 09:16:05,125 [ERROR] LogOutputStream:75 - [STDERR_REDIRECT] [Fatal Error] :1:1: Premature end of file.
2025-04-02 09:16:05,125 [ERROR] LogOutputStream:75 - [STDERR_REDIRECT] 
2025-04-02 09:16:06,116 [ERROR] LogOutputStream:75 - [STDERR_REDIRECT] [Fatal Error] :1:1: Premature end of file.
2025-04-02 09:16:06,116 [ERROR] LogOutputStream:75 - [STDERR_REDIRECT] 
2025-04-02 09:16:07,112 [ERROR] LogOutputStream:75 - [STDERR_REDIRECT] [Fatal Error] :1:1: Premature end of file.
2025-04-02 09:16:07,114 [ERROR] LogOutputStream:75 - [STDERR_REDIRECT] 
2025-04-02 09:16:08,114 [ERROR] LogOutputStream:75 - [STDERR_REDIRECT] [Fatal Error] :1:1: Premature end of file.
2025-04-02 09:16:08,114 [ERROR] LogOutputStream:75 - [STDERR_REDIRECT] 
2025-04-02 09:16:09,098 [ERROR] LogOutputStream:75 - [STDERR_REDIRECT] [Fatal Error] :1:1: Premature end of file.
2025-04-02 09:16:09,098 [ERROR] LogOutputStream:75 - [STDERR_REDIRECT] 
2025-04-02 09:16:10,129 [ERROR] LogOutputStream:75 - [STDERR_REDIRECT] [Fatal Error] :1:1: Premature end of file.
2025-04-02 09:16:10,130 [ERROR] LogOutputStream:75 - [STDERR_REDIRECT] 
2025-04-02 09:16:11,122 [ERROR] LogOutputStream:75 - [STDERR_REDIRECT] [Fatal Error] :1:1: Premature end of file.
2025-04-02 09:16:11,122 [ERROR] LogOutputStream:75 - [STDERR_REDIRECT] 
2025-04-02 09:16:12,124 [ERROR] LogOutputStream:75 - [STDERR_REDIRECT] [Fatal Error] :1:1: Premature end of file.
2025-04-02 09:16:12,124 [ERROR] LogOutputStream:75 - [STDERR_REDIRECT] 
2025-04-02 09:16:13,101 [ERROR] LogOutputStream:75 - [STDERR_REDIRECT] [Fatal Error] :1:1: Premature end of file.
2025-04-02 09:16:13,101 [ERROR] LogOutputStream:75 - [STDERR_REDIRECT] 
2025-04-02 09:16:14,082 [ERROR] LogOutputStream:75 - [STDERR_REDIRECT] [Fatal Error] :1:1: Premature end of file.
2025-04-02 09:16:14,082 [ERROR] LogOutputStream:75 - [STDERR_REDIRECT] 
2025-04-02 09:16:15,132 [ERROR] LogOutputStream:75 - [STDERR_REDIRECT] [Fatal Error] :1:1: Premature end of file.
2025-04-02 09:16:15,132 [ERROR] LogOutputStream:75 - [STDERR_REDIRECT] 
2025-04-02 09:16:16,117 [ERROR] LogOutputStream:75 - [STDERR_REDIRECT] [Fatal Error] :1:1: Premature end of file.
2025-04-02 09:16:16,119 [ERROR] LogOutputStream:75 - [STDERR_REDIRECT] 
2025-04-02 09:16:17,153 [ERROR] LogOutputStream:75 - [STDERR_REDIRECT] [Fatal Error] :1:1: Premature end of file.
2025-04-02 09:16:17,155 [ERROR] LogOutputStream:75 - [STDERR_REDIRECT] 
2025-04-02 09:16:18,084 [ERROR] LogOutputStream:75 - [STDERR_REDIRECT] [Fatal Error] :1:1: Premature end of file.
2025-04-02 09:16:18,084 [ERROR] LogOutputStream:75 - [STDERR_REDIRECT] 
2025-04-02 09:16:19,135 [ERROR] LogOutputStream:75 - [STDERR_REDIRECT] [Fatal Error] :1:1: Premature end of file.
2025-04-02 09:16:19,135 [ERROR] LogOutputStream:75 - [STDERR_REDIRECT] 
2025-04-02 09:16:20,125 [ERROR] LogOutputStream:75 - [STDERR_REDIRECT] [Fatal Error] :1:1: Premature end of file.
2025-04-02 09:16:20,125 [ERROR] LogOutputStream:75 - [STDERR_REDIRECT] 
2025-04-02 09:16:21,141 [ERROR] LogOutputStream:75 - [STDERR_REDIRECT] [Fatal Error] :1:1: Premature end of file.
2025-04-02 09:16:21,141 [ERROR] LogOutputStream:75 - [STDERR_REDIRECT] 
2025-04-02 09:16:22,132 [ERROR] LogOutputStream:75 - [STDERR_REDIRECT] [Fatal Error] :1:1: Premature end of file.
2025-04-02 09:16:22,132 [ERROR] LogOutputStream:75 - [STDERR_REDIRECT] 
2025-04-02 09:16:23,107 [ERROR] LogOutputStream:75 - [STDERR_REDIRECT] [Fatal Error] :1:1: Premature end of file.
2025-04-02 09:16:23,109 [ERROR] LogOutputStream:75 - [STDERR_REDIRECT] 
2025-04-02 09:16:24,129 [ERROR] LogOutputStream:75 - [STDERR_REDIRECT] [Fatal Error] :1:1: Premature end of file.
2025-04-02 09:16:24,132 [ERROR] LogOutputStream:75 - [STDERR_REDIRECT] 
2025-04-02 09:16:25,111 [ERROR] LogOutputStream:75 - [STDERR_REDIRECT] [Fatal Error] :1:1: Premature end of file.
2025-04-02 09:16:25,111 [ERROR] LogOutputStream:75 - [STDERR_REDIRECT] 
2025-04-02 09:16:26,125 [ERROR] LogOutputStream:75 - [STDERR_REDIRECT] [Fatal Error] :1:1: Premature end of file.
2025-04-02 09:16:26,125 [ERROR] LogOutputStream:75 - [STDERR_REDIRECT] 
2025-04-02 09:16:27,095 [ERROR] LogOutputStream:75 - [STDERR_REDIRECT] [Fatal Error] :1:1: Premature end of file.
2025-04-02 09:16:27,099 [ERROR] LogOutputStream:75 - [STDERR_REDIRECT] 
2025-04-02 09:16:28,121 [ERROR] LogOutputStream:75 - [STDERR_REDIRECT] [Fatal Error] :1:1: Premature end of file.
2025-04-02 09:16:28,123 [ERROR] LogOutputStream:75 - [STDERR_REDIRECT] 
2025-04-02 09:16:29,110 [ERROR] LogOutputStream:75 - [STDERR_REDIRECT] [Fatal Error] :1:1: Premature end of file.
2025-04-02 09:16:29,110 [ERROR] LogOutputStream:75 - [STDERR_REDIRECT] 
2025-04-02 09:16:30,087 [ERROR] LogOutputStream:75 - [STDERR_REDIRECT] [Fatal Error] :1:1: Premature end of file.
2025-04-02 09:16:30,087 [ERROR] LogOutputStream:75 - [STDERR_REDIRECT] 
2025-04-02 09:16:31,117 [ERROR] LogOutputStream:75 - [STDERR_REDIRECT] [Fatal Error] :1:1: Premature end of file.
2025-04-02 09:16:31,117 [ERROR] LogOutputStream:75 - [STDERR_REDIRECT] 
2025-04-02 09:16:32,134 [ERROR] LogOutputStream:75 - [STDERR_REDIRECT] [Fatal Error] :1:1: Premature end of file.
2025-04-02 09:16:32,134 [ERROR] LogOutputStream:75 - [STDERR_REDIRECT] 
2025-04-02 09:16:33,127 [ERROR] LogOutputStream:75 - [STDERR_REDIRECT] [Fatal Error] :1:1: Premature end of file.
2025-04-02 09:16:33,127 [ERROR] LogOutputStream:75 - [STDERR_REDIRECT] 
2025-04-02 09:16:34,125 [ERROR] LogOutputStream:75 - [STDERR_REDIRECT] [Fatal Error] :1:1: Premature end of file.
2025-04-02 09:16:34,125 [ERROR] LogOutputStream:75 - [STDERR_REDIRECT] 
2025-04-02 09:16:35,121 [ERROR] LogOutputStream:75 - [STDERR_REDIRECT] [Fatal Error] :1:1: Premature end of file.
2025-04-02 09:16:35,121 [ERROR] LogOutputStream:75 - [STDERR_REDIRECT] 
2025-04-02 09:16:36,111 [ERROR] LogOutputStream:75 - [STDERR_REDIRECT] [Fatal Error] :1:1: Premature end of file.
2025-04-02 09:16:36,111 [ERROR] LogOutputStream:75 - [STDERR_REDIRECT] 
2025-04-02 09:16:37,095 [ERROR] LogOutputStream:75 - [STDERR_REDIRECT] [Fatal Error] :1:1: Premature end of file.
2025-04-02 09:16:37,095 [ERROR] LogOutputStream:75 - [STDERR_REDIRECT] 
2025-04-02 09:16:38,122 [ERROR] LogOutputStream:75 - [STDERR_REDIRECT] [Fatal Error] :1:1: Premature end of file.
2025-04-02 09:16:38,138 [ERROR] LogOutputStream:75 - [STDERR_REDIRECT] 
2025-04-02 09:16:39,336 [ERROR] LogOutputStream:75 - [STDERR_REDIRECT] [Fatal Error] :1:1: Premature end of file.
2025-04-02 09:16:39,336 [ERROR] LogOutputStream:75 - [STDERR_REDIRECT] 
2025-04-02 09:16:40,077 [ERROR] LogOutputStream:75 - [STDERR_REDIRECT] [Fatal Error] :1:1: Premature end of file.
2025-04-02 09:16:40,077 [ERROR] LogOutputStream:75 - [STDERR_REDIRECT] 
2025-04-02 09:16:41,130 [ERROR] LogOutputStream:75 - [STDERR_REDIRECT] [Fatal Error] :1:1: Premature end of file.
2025-04-02 09:16:41,130 [ERROR] LogOutputStream:75 - [STDERR_REDIRECT] 
2025-04-02 09:16:42,137 [ERROR] LogOutputStream:75 - [STDERR_REDIRECT] [Fatal Error] :1:1: Premature end of file.
2025-04-02 09:16:42,137 [ERROR] LogOutputStream:75 - [STDERR_REDIRECT] 
2025-04-02 09:16:43,131 [ERROR] LogOutputStream:75 - [STDERR_REDIRECT] [Fatal Error] :1:1: Premature end of file.
2025-04-02 09:16:43,131 [ERROR] LogOutputStream:75 - [STDERR_REDIRECT] 
2025-04-02 09:16:44,129 [ERROR] LogOutputStream:75 - [STDERR_REDIRECT] [Fatal Error] :1:1: Premature end of file.
2025-04-02 09:16:44,129 [ERROR] LogOutputStream:75 - [STDERR_REDIRECT] 
2025-04-02 09:16:45,118 [ERROR] LogOutputStream:75 - [STDERR_REDIRECT] [Fatal Error] :1:1: Premature end of file.
2025-04-02 09:16:45,118 [ERROR] LogOutputStream:75 - [STDERR_REDIRECT] 
2025-04-02 09:16:46,132 [ERROR] LogOutputStream:75 - [STDERR_REDIRECT] [Fatal Error] :1:1: Premature end of file.
2025-04-02 09:16:46,132 [ERROR] LogOutputStream:75 - [STDERR_REDIRECT] 
2025-04-02 09:16:47,099 [ERROR] LogOutputStream:75 - [STDERR_REDIRECT] [Fatal Error] :1:1: Premature end of file.
2025-04-02 09:16:47,099 [ERROR] LogOutputStream:75 - [STDERR_REDIRECT] 
2025-04-02 09:16:48,120 [ERROR] LogOutputStream:75 - [STDERR_REDIRECT] [Fatal Error] :1:1: Premature end of file.
2025-04-02 09:16:48,122 [ERROR] LogOutputStream:75 - [STDERR_REDIRECT] 
2025-04-02 09:16:49,107 [ERROR] LogOutputStream:75 - [STDERR_REDIRECT] [Fatal Error] :1:1: Premature end of file.
2025-04-02 09:16:49,107 [ERROR] LogOutputStream:75 - [STDERR_REDIRECT] 
2025-04-02 09:16:50,132 [ERROR] LogOutputStream:75 - [STDERR_REDIRECT] [Fatal Error] :1:1: Premature end of file.
2025-04-02 09:16:50,132 [ERROR] LogOutputStream:75 - [STDERR_REDIRECT] 
2025-04-02 09:16:51,116 [ERROR] LogOutputStream:75 - [STDERR_REDIRECT] [Fatal Error] :1:1: Premature end of file.
2025-04-02 09:16:51,116 [ERROR] LogOutputStream:75 - [STDERR_REDIRECT] 
2025-04-02 09:16:52,109 [ERROR] LogOutputStream:75 - [STDERR_REDIRECT] [Fatal Error] :1:1: Premature end of file.
2025-04-02 09:16:52,109 [ERROR] LogOutputStream:75 - [STDERR_REDIRECT] 
2025-04-02 09:16:53,114 [ERROR] LogOutputStream:75 - [STDERR_REDIRECT] [Fatal Error] :1:1: Premature end of file.
2025-04-02 09:16:53,114 [ERROR] LogOutputStream:75 - [STDERR_REDIRECT] 
2025-04-02 09:16:54,115 [ERROR] LogOutputStream:75 - [STDERR_REDIRECT] [Fatal Error] :1:1: Premature end of file.
2025-04-02 09:16:54,115 [ERROR] LogOutputStream:75 - [STDERR_REDIRECT] 
2025-04-02 09:16:55,119 [ERROR] LogOutputStream:75 - [STDERR_REDIRECT] [Fatal Error] :1:1: Premature end of file.
2025-04-02 09:16:55,119 [ERROR] LogOutputStream:75 - [STDERR_REDIRECT] 
2025-04-02 09:16:56,100 [ERROR] LogOutputStream:75 - [STDERR_REDIRECT] [Fatal Error] :1:1: Premature end of file.
2025-04-02 09:16:56,100 [ERROR] LogOutputStream:75 - [STDERR_REDIRECT] 
2025-04-02 09:16:57,111 [ERROR] LogOutputStream:75 - [STDERR_REDIRECT] [Fatal Error] :1:1: Premature end of file.
2025-04-02 09:16:57,111 [ERROR] LogOutputStream:75 - [STDERR_REDIRECT] 
2025-04-02 09:16:58,128 [ERROR] LogOutputStream:75 - [STDERR_REDIRECT] [Fatal Error] :1:1: Premature end of file.
2025-04-02 09:16:58,131 [ERROR] LogOutputStream:75 - [STDERR_REDIRECT] 
2025-04-02 09:16:59,115 [ERROR] LogOutputStream:75 - [STDERR_REDIRECT] [Fatal Error] :1:1: Premature end of file.
2025-04-02 09:16:59,115 [ERROR] LogOutputStream:75 - [STDERR_REDIRECT] 
2025-04-02 09:17:00,117 [ERROR] LogOutputStream:75 - [STDERR_REDIRECT] [Fatal Error] :1:1: Premature end of file.
2025-04-02 09:17:00,117 [ERROR] LogOutputStream:75 - [STDERR_REDIRECT] 
2025-04-02 09:17:01,121 [ERROR] LogOutputStream:75 - [STDERR_REDIRECT] [Fatal Error] :1:1: Premature end of file.
2025-04-02 09:17:01,121 [ERROR] LogOutputStream:75 - [STDERR_REDIRECT] 
2025-04-02 09:17:02,122 [ERROR] LogOutputStream:75 - [STDERR_REDIRECT] [Fatal Error] :1:1: Premature end of file.
2025-04-02 09:17:02,127 [ERROR] LogOutputStream:75 - [STDERR_REDIRECT] 
2025-04-02 09:17:03,109 [ERROR] LogOutputStream:75 - [STDERR_REDIRECT] [Fatal Error] :1:1: Premature end of file.
2025-04-02 09:17:03,115 [ERROR] LogOutputStream:75 - [STDERR_REDIRECT] 
2025-04-02 09:17:04,122 [ERROR] LogOutputStream:75 - [STDERR_REDIRECT] [Fatal Error] :1:1: Premature end of file.
2025-04-02 09:17:04,122 [ERROR] LogOutputStream:75 - [STDERR_REDIRECT] 
2025-04-02 09:17:05,126 [ERROR] LogOutputStream:75 - [STDERR_REDIRECT] [Fatal Error] :1:1: Premature end of file.
2025-04-02 09:17:05,126 [ERROR] LogOutputStream:75 - [STDERR_REDIRECT] 
2025-04-02 09:17:06,133 [ERROR] LogOutputStream:75 - [STDERR_REDIRECT] [Fatal Error] :1:1: Premature end of file.
2025-04-02 09:17:06,133 [ERROR] LogOutputStream:75 - [STDERR_REDIRECT] 
2025-04-02 09:17:07,145 [ERROR] LogOutputStream:75 - [STDERR_REDIRECT] [Fatal Error] :1:1: Premature end of file.
2025-04-02 09:17:07,145 [ERROR] LogOutputStream:75 - [STDERR_REDIRECT] 
2025-04-02 09:17:08,106 [ERROR] LogOutputStream:75 - [STDERR_REDIRECT] [Fatal Error] :1:1: Premature end of file.
2025-04-02 09:17:08,106 [ERROR] LogOutputStream:75 - [STDERR_REDIRECT] 
2025-04-02 09:17:09,100 [ERROR] LogOutputStream:75 - [STDERR_REDIRECT] [Fatal Error] :1:1: Premature end of file.
2025-04-02 09:17:09,100 [ERROR] LogOutputStream:75 - [STDERR_REDIRECT] 
2025-04-02 09:17:10,132 [ERROR] LogOutputStream:75 - [STDERR_REDIRECT] [Fatal Error] :1:1: Premature end of file.
2025-04-02 09:17:10,132 [ERROR] LogOutputStream:75 - [STDERR_REDIRECT] 
2025-04-02 09:17:11,133 [ERROR] LogOutputStream:75 - [STDERR_REDIRECT] [Fatal Error] :1:1: Premature end of file.
2025-04-02 09:17:11,133 [ERROR] LogOutputStream:75 - [STDERR_REDIRECT] 
2025-04-02 09:17:12,124 [ERROR] LogOutputStream:75 - [STDERR_REDIRECT] [Fatal Error] :1:1: Premature end of file.
2025-04-02 09:17:12,124 [ERROR] LogOutputStream:75 - [STDERR_REDIRECT] 
2025-04-02 09:17:13,096 [ERROR] LogOutputStream:75 - [STDERR_REDIRECT] [Fatal Error] :1:1: Premature end of file.
2025-04-02 09:17:13,096 [ERROR] LogOutputStream:75 - [STDERR_REDIRECT] 
2025-04-02 09:17:14,136 [ERROR] LogOutputStream:75 - [STDERR_REDIRECT] [Fatal Error] :1:1: Premature end of file.
2025-04-02 09:17:14,136 [ERROR] LogOutputStream:75 - [STDERR_REDIRECT] 
2025-04-02 09:17:15,148 [ERROR] LogOutputStream:75 - [STDERR_REDIRECT] [Fatal Error] :1:1: Premature end of file.
2025-04-02 09:17:15,155 [ERROR] LogOutputStream:75 - [STDERR_REDIRECT] 
2025-04-02 09:17:16,125 [ERROR] LogOutputStream:75 - [STDERR_REDIRECT] [Fatal Error] :1:1: Premature end of file.
2025-04-02 09:17:16,125 [ERROR] LogOutputStream:75 - [STDERR_REDIRECT] 
2025-04-02 09:17:17,140 [ERROR] LogOutputStream:75 - [STDERR_REDIRECT] [Fatal Error] :1:1: Premature end of file.
2025-04-02 09:17:17,140 [ERROR] LogOutputStream:75 - [STDERR_REDIRECT] 
2025-04-02 09:17:18,116 [ERROR] LogOutputStream:75 - [STDERR_REDIRECT] [Fatal Error] :1:1: Premature end of file.
2025-04-02 09:17:18,116 [ERROR] LogOutputStream:75 - [STDERR_REDIRECT] 
2025-04-02 09:17:19,119 [ERROR] LogOutputStream:75 - [STDERR_REDIRECT] [Fatal Error] :1:1: Premature end of file.
2025-04-02 09:17:19,119 [ERROR] LogOutputStream:75 - [STDERR_REDIRECT] 
2025-04-02 09:17:20,152 [ERROR] LogOutputStream:75 - [STDERR_REDIRECT] [Fatal Error] :1:1: Premature end of file.
2025-04-02 09:17:20,152 [ERROR] LogOutputStream:75 - [STDERR_REDIRECT] 
2025-04-02 09:17:21,128 [ERROR] LogOutputStream:75 - [STDERR_REDIRECT] [Fatal Error] :1:1: Premature end of file.
2025-04-02 09:17:21,129 [ERROR] LogOutputStream:75 - [STDERR_REDIRECT] 
2025-04-02 09:17:22,141 [ERROR] LogOutputStream:75 - [STDERR_REDIRECT] [Fatal Error] :1:1: Premature end of file.
2025-04-02 09:17:22,141 [ERROR] LogOutputStream:75 - [STDERR_REDIRECT] 
2025-04-02 09:17:23,092 [ERROR] LogOutputStream:75 - [STDERR_REDIRECT] [Fatal Error] :1:1: Premature end of file.
2025-04-02 09:17:23,092 [ERROR] LogOutputStream:75 - [STDERR_REDIRECT] 
2025-04-02 09:17:24,123 [ERROR] LogOutputStream:75 - [STDERR_REDIRECT] [Fatal Error] :1:1: Premature end of file.
2025-04-02 09:17:24,123 [ERROR] LogOutputStream:75 - [STDERR_REDIRECT] 
2025-04-02 09:17:25,130 [ERROR] LogOutputStream:75 - [STDERR_REDIRECT] [Fatal Error] :1:1: Premature end of file.
2025-04-02 09:17:25,130 [ERROR] LogOutputStream:75 - [STDERR_REDIRECT] 
2025-04-02 09:17:26,119 [ERROR] LogOutputStream:75 - [STDERR_REDIRECT] [Fatal Error] :1:1: Premature end of file.
2025-04-02 09:17:26,119 [ERROR] LogOutputStream:75 - [STDERR_REDIRECT] 
2025-04-02 09:17:27,136 [ERROR] LogOutputStream:75 - [STDERR_REDIRECT] [Fatal Error] :1:1: Premature end of file.
2025-04-02 09:17:27,136 [ERROR] LogOutputStream:75 - [STDERR_REDIRECT] 
2025-04-02 09:17:28,187 [ERROR] LogOutputStream:75 - [STDERR_REDIRECT] [Fatal Error] :1:1: Premature end of file.
2025-04-02 09:17:28,187 [ERROR] LogOutputStream:75 - [STDERR_REDIRECT] 
2025-04-02 09:17:29,110 [ERROR] LogOutputStream:75 - [STDERR_REDIRECT] [Fatal Error] :1:1: Premature end of file.
2025-04-02 09:17:29,112 [ERROR] LogOutputStream:75 - [STDERR_REDIRECT] 
2025-04-02 09:17:30,124 [ERROR] LogOutputStream:75 - [STDERR_REDIRECT] [Fatal Error] :1:1: Premature end of file.
2025-04-02 09:17:30,124 [ERROR] LogOutputStream:75 - [STDERR_REDIRECT] 
2025-04-02 09:17:31,120 [ERROR] LogOutputStream:75 - [STDERR_REDIRECT] [Fatal Error] :1:1: Premature end of file.
2025-04-02 09:17:31,120 [ERROR] LogOutputStream:75 - [STDERR_REDIRECT] 
2025-04-02 09:17:32,127 [ERROR] LogOutputStream:75 - [STDERR_REDIRECT] [Fatal Error] :1:1: Premature end of file.
2025-04-02 09:17:32,127 [ERROR] LogOutputStream:75 - [STDERR_REDIRECT] 
2025-04-02 09:17:33,124 [ERROR] LogOutputStream:75 - [STDERR_REDIRECT] [Fatal Error] :1:1: Premature end of file.
2025-04-02 09:17:33,124 [ERROR] LogOutputStream:75 - [STDERR_REDIRECT] 
2025-04-02 09:17:34,155 [ERROR] LogOutputStream:75 - [STDERR_REDIRECT] [Fatal Error] :1:1: Premature end of file.
2025-04-02 09:17:34,155 [ERROR] LogOutputStream:75 - [STDERR_REDIRECT] 
2025-04-02 09:17:35,124 [ERROR] LogOutputStream:75 - [STDERR_REDIRECT] [Fatal Error] :1:1: Premature end of file.
2025-04-02 09:17:35,124 [ERROR] LogOutputStream:75 - [STDERR_REDIRECT] 
2025-04-02 09:17:36,130 [ERROR] LogOutputStream:75 - [STDERR_REDIRECT] [Fatal Error] :1:1: Premature end of file.
2025-04-02 09:17:36,130 [ERROR] LogOutputStream:75 - [STDERR_REDIRECT] 
2025-04-02 09:17:37,132 [ERROR] LogOutputStream:75 - [STDERR_REDIRECT] [Fatal Error] :1:1: Premature end of file.
2025-04-02 09:17:37,132 [ERROR] LogOutputStream:75 - [STDERR_REDIRECT] 
2025-04-02 09:17:38,121 [ERROR] LogOutputStream:75 - [STDERR_REDIRECT] [Fatal Error] :1:1: Premature end of file.
2025-04-02 09:17:38,121 [ERROR] LogOutputStream:75 - [STDERR_REDIRECT] 
2025-04-02 09:17:39,124 [ERROR] LogOutputStream:75 - [STDERR_REDIRECT] [Fatal Error] :1:1: Premature end of file.
2025-04-02 09:17:39,124 [ERROR] LogOutputStream:75 - [STDERR_REDIRECT] 
2025-04-02 09:17:40,135 [ERROR] LogOutputStream:75 - [STDERR_REDIRECT] [Fatal Error] :1:1: Premature end of file.
2025-04-02 09:17:40,135 [ERROR] LogOutputStream:75 - [STDERR_REDIRECT] 
2025-04-02 09:17:41,123 [ERROR] LogOutputStream:75 - [STDERR_REDIRECT] [Fatal Error] :1:1: Premature end of file.
2025-04-02 09:17:41,125 [ERROR] LogOutputStream:75 - [STDERR_REDIRECT] 
2025-04-02 09:17:42,119 [ERROR] LogOutputStream:75 - [STDERR_REDIRECT] [Fatal Error] :1:1: Premature end of file.
2025-04-02 09:17:42,119 [ERROR] LogOutputStream:75 - [STDERR_REDIRECT] 
2025-04-02 09:17:43,117 [ERROR] LogOutputStream:75 - [STDERR_REDIRECT] [Fatal Error] :1:1: Premature end of file.
2025-04-02 09:17:43,117 [ERROR] LogOutputStream:75 - [STDERR_REDIRECT] 
2025-04-02 09:17:44,118 [ERROR] LogOutputStream:75 - [STDERR_REDIRECT] [Fatal Error] :1:1: Premature end of file.
2025-04-02 09:17:44,118 [ERROR] LogOutputStream:75 - [STDERR_REDIRECT] 
2025-04-02 09:17:45,120 [ERROR] LogOutputStream:75 - [STDERR_REDIRECT] [Fatal Error] :1:1: Premature end of file.
2025-04-02 09:17:45,120 [ERROR] LogOutputStream:75 - [STDERR_REDIRECT] 
2025-04-02 09:17:46,117 [ERROR] LogOutputStream:75 - [STDERR_REDIRECT] [Fatal Error] :1:1: Premature end of file.
2025-04-02 09:17:46,117 [ERROR] LogOutputStream:75 - [STDERR_REDIRECT] 
2025-04-02 09:17:47,125 [ERROR] LogOutputStream:75 - [STDERR_REDIRECT] [Fatal Error] :1:1: Premature end of file.
2025-04-02 09:17:47,125 [ERROR] LogOutputStream:75 - [STDERR_REDIRECT] 
2025-04-02 09:17:48,127 [ERROR] LogOutputStream:75 - [STDERR_REDIRECT] [Fatal Error] :1:1: Premature end of file.
2025-04-02 09:17:48,127 [ERROR] LogOutputStream:75 - [STDERR_REDIRECT] 
2025-04-02 09:17:49,127 [ERROR] LogOutputStream:75 - [STDERR_REDIRECT] [Fatal Error] :1:1: Premature end of file.
2025-04-02 09:17:49,127 [ERROR] LogOutputStream:75 - [STDERR_REDIRECT] 
2025-04-02 09:17:50,128 [ERROR] LogOutputStream:75 - [STDERR_REDIRECT] [Fatal Error] :1:1: Premature end of file.
2025-04-02 09:17:50,128 [ERROR] LogOutputStream:75 - [STDERR_REDIRECT] 
2025-04-02 09:17:51,112 [ERROR] LogOutputStream:75 - [STDERR_REDIRECT] [Fatal Error] :1:1: Premature end of file.
2025-04-02 09:17:51,114 [ERROR] LogOutputStream:75 - [STDERR_REDIRECT] 
2025-04-02 09:17:52,136 [ERROR] LogOutputStream:75 - [STDERR_REDIRECT] [Fatal Error] :1:1: Premature end of file.
2025-04-02 09:17:52,136 [ERROR] LogOutputStream:75 - [STDERR_REDIRECT] 
2025-04-02 09:17:53,141 [ERROR] LogOutputStream:75 - [STDERR_REDIRECT] [Fatal Error] :1:1: Premature end of file.
2025-04-02 09:17:53,142 [ERROR] LogOutputStream:75 - [STDERR_REDIRECT] 
2025-04-02 09:17:54,122 [ERROR] LogOutputStream:75 - [STDERR_REDIRECT] [Fatal Error] :1:1: Premature end of file.
2025-04-02 09:17:54,122 [ERROR] LogOutputStream:75 - [STDERR_REDIRECT] 
2025-04-02 09:17:55,146 [ERROR] LogOutputStream:75 - [STDERR_REDIRECT] [Fatal Error] :1:1: Premature end of file.
2025-04-02 09:17:55,146 [ERROR] LogOutputStream:75 - [STDERR_REDIRECT] 
2025-04-02 09:17:56,141 [ERROR] LogOutputStream:75 - [STDERR_REDIRECT] [Fatal Error] :1:1: Premature end of file.
2025-04-02 09:17:56,141 [ERROR] LogOutputStream:75 - [STDERR_REDIRECT] 
2025-04-02 09:17:57,132 [ERROR] LogOutputStream:75 - [STDERR_REDIRECT] [Fatal Error] :1:1: Premature end of file.
2025-04-02 09:17:57,134 [ERROR] LogOutputStream:75 - [STDERR_REDIRECT] 
2025-04-02 09:17:58,119 [ERROR] LogOutputStream:75 - [STDERR_REDIRECT] [Fatal Error] :1:1: Premature end of file.
2025-04-02 09:17:58,119 [ERROR] LogOutputStream:75 - [STDERR_REDIRECT] 
2025-04-02 09:17:59,129 [ERROR] LogOutputStream:75 - [STDERR_REDIRECT] [Fatal Error] :1:1: Premature end of file.
2025-04-02 09:17:59,129 [ERROR] LogOutputStream:75 - [STDERR_REDIRECT] 
2025-04-02 09:18:00,114 [ERROR] LogOutputStream:75 - [STDERR_REDIRECT] [Fatal Error] :1:1: Premature end of file.
2025-04-02 09:18:00,116 [ERROR] LogOutputStream:75 - [STDERR_REDIRECT] 
2025-04-02 09:18:01,127 [ERROR] LogOutputStream:75 - [STDERR_REDIRECT] [Fatal Error] :1:1: Premature end of file.
2025-04-02 09:18:01,127 [ERROR] LogOutputStream:75 - [STDERR_REDIRECT] 
2025-04-02 09:18:02,129 [ERROR] LogOutputStream:75 - [STDERR_REDIRECT] [Fatal Error] :1:1: Premature end of file.
2025-04-02 09:18:02,129 [ERROR] LogOutputStream:75 - [STDERR_REDIRECT] 
2025-04-02 09:18:03,120 [ERROR] LogOutputStream:75 - [STDERR_REDIRECT] [Fatal Error] :1:1: Premature end of file.
2025-04-02 09:18:03,120 [ERROR] LogOutputStream:75 - [STDERR_REDIRECT] 
2025-04-02 09:18:04,142 [ERROR] LogOutputStream:75 - [STDERR_REDIRECT] [Fatal Error] :1:1: Premature end of file.
2025-04-02 09:18:04,142 [ERROR] LogOutputStream:75 - [STDERR_REDIRECT] 
2025-04-02 09:18:05,115 [ERROR] LogOutputStream:75 - [STDERR_REDIRECT] [Fatal Error] :1:1: Premature end of file.
2025-04-02 09:18:05,117 [ERROR] LogOutputStream:75 - [STDERR_REDIRECT] 
2025-04-02 09:18:06,121 [ERROR] LogOutputStream:75 - [STDERR_REDIRECT] [Fatal Error] :1:1: Premature end of file.
2025-04-02 09:18:06,121 [ERROR] LogOutputStream:75 - [STDERR_REDIRECT] 
2025-04-02 09:18:07,123 [ERROR] LogOutputStream:75 - [STDERR_REDIRECT] [Fatal Error] :1:1: Premature end of file.
2025-04-02 09:18:07,124 [ERROR] LogOutputStream:75 - [STDERR_REDIRECT] 
2025-04-02 09:18:08,084 [ERROR] LogOutputStream:75 - [STDERR_REDIRECT] [Fatal Error] :1:1: Premature end of file.
2025-04-02 09:18:08,086 [ERROR] LogOutputStream:75 - [STDERR_REDIRECT] 
2025-04-02 09:18:09,117 [ERROR] LogOutputStream:75 - [STDERR_REDIRECT] [Fatal Error] :1:1: Premature end of file.
2025-04-02 09:18:09,117 [ERROR] LogOutputStream:75 - [STDERR_REDIRECT] 
2025-04-02 09:18:10,112 [ERROR] LogOutputStream:75 - [STDERR_REDIRECT] [Fatal Error] :1:1: Premature end of file.
2025-04-02 09:18:10,114 [ERROR] LogOutputStream:75 - [STDERR_REDIRECT] 
2025-04-02 09:18:11,133 [ERROR] LogOutputStream:75 - [STDERR_REDIRECT] [Fatal Error] :1:1: Premature end of file.
2025-04-02 09:18:11,133 [ERROR] LogOutputStream:75 - [STDERR_REDIRECT] 
2025-04-02 09:18:12,119 [ERROR] LogOutputStream:75 - [STDERR_REDIRECT] [Fatal Error] :1:1: Premature end of file.
2025-04-02 09:18:12,119 [ERROR] LogOutputStream:75 - [STDERR_REDIRECT] 
2025-04-02 09:18:13,138 [ERROR] LogOutputStream:75 - [STDERR_REDIRECT] [Fatal Error] :1:1: Premature end of file.
2025-04-02 09:18:13,138 [ERROR] LogOutputStream:75 - [STDERR_REDIRECT] 
2025-04-02 09:18:14,104 [ERROR] LogOutputStream:75 - [STDERR_REDIRECT] [Fatal Error] :1:1: Premature end of file.
2025-04-02 09:18:14,104 [ERROR] LogOutputStream:75 - [STDERR_REDIRECT] 
2025-04-02 09:18:15,128 [ERROR] LogOutputStream:75 - [STDERR_REDIRECT] [Fatal Error] :1:1: Premature end of file.
2025-04-02 09:18:15,128 [ERROR] LogOutputStream:75 - [STDERR_REDIRECT] 
2025-04-02 09:18:16,131 [ERROR] LogOutputStream:75 - [STDERR_REDIRECT] [Fatal Error] :1:1: Premature end of file.
2025-04-02 09:18:16,131 [ERROR] LogOutputStream:75 - [STDERR_REDIRECT] 
2025-04-02 09:18:17,126 [ERROR] LogOutputStream:75 - [STDERR_REDIRECT] [Fatal Error] :1:1: Premature end of file.
2025-04-02 09:18:17,126 [ERROR] LogOutputStream:75 - [STDERR_REDIRECT] 
2025-04-02 09:18:18,111 [ERROR] LogOutputStream:75 - [STDERR_REDIRECT] [Fatal Error] :1:1: Premature end of file.
2025-04-02 09:18:18,111 [ERROR] LogOutputStream:75 - [STDERR_REDIRECT] 
2025-04-02 09:18:19,119 [ERROR] LogOutputStream:75 - [STDERR_REDIRECT] [Fatal Error] :1:1: Premature end of file.
2025-04-02 09:18:19,119 [ERROR] LogOutputStream:75 - [STDERR_REDIRECT] 
2025-04-02 09:18:20,113 [ERROR] LogOutputStream:75 - [STDERR_REDIRECT] [Fatal Error] :1:1: Premature end of file.
2025-04-02 09:18:20,113 [ERROR] LogOutputStream:75 - [STDERR_REDIRECT] 
2025-04-02 09:18:21,110 [ERROR] LogOutputStream:75 - [STDERR_REDIRECT] [Fatal Error] :1:1: Premature end of file.
2025-04-02 09:18:21,110 [ERROR] LogOutputStream:75 - [STDERR_REDIRECT] 
2025-04-02 09:18:22,106 [ERROR] LogOutputStream:75 - [STDERR_REDIRECT] [Fatal Error] :1:1: Premature end of file.
2025-04-02 09:18:22,106 [ERROR] LogOutputStream:75 - [STDERR_REDIRECT] 
2025-04-02 09:18:23,109 [ERROR] LogOutputStream:75 - [STDERR_REDIRECT] [Fatal Error] :1:1: Premature end of file.
2025-04-02 09:18:23,109 [ERROR] LogOutputStream:75 - [STDERR_REDIRECT] 
2025-04-02 09:18:24,110 [ERROR] LogOutputStream:75 - [STDERR_REDIRECT] [Fatal Error] :1:1: Premature end of file.
2025-04-02 09:18:24,110 [ERROR] LogOutputStream:75 - [STDERR_REDIRECT] 
2025-04-02 09:18:25,119 [ERROR] LogOutputStream:75 - [STDERR_REDIRECT] [Fatal Error] :1:1: Premature end of file.
2025-04-02 09:18:25,119 [ERROR] LogOutputStream:75 - [STDERR_REDIRECT] 
2025-04-02 09:18:26,086 [ERROR] LogOutputStream:75 - [STDERR_REDIRECT] [Fatal Error] :1:1: Premature end of file.
2025-04-02 09:18:26,086 [ERROR] LogOutputStream:75 - [STDERR_REDIRECT] 
2025-04-02 09:18:27,130 [ERROR] LogOutputStream:75 - [STDERR_REDIRECT] [Fatal Error] :1:1: Premature end of file.
2025-04-02 09:18:27,132 [ERROR] LogOutputStream:75 - [STDERR_REDIRECT] 
2025-04-02 09:18:28,117 [ERROR] LogOutputStream:75 - [STDERR_REDIRECT] [Fatal Error] :1:1: Premature end of file.
2025-04-02 09:18:28,117 [ERROR] LogOutputStream:75 - [STDERR_REDIRECT] 
2025-04-02 09:18:29,120 [ERROR] LogOutputStream:75 - [STDERR_REDIRECT] [Fatal Error] :1:1: Premature end of file.
2025-04-02 09:18:29,120 [ERROR] LogOutputStream:75 - [STDERR_REDIRECT] 
2025-04-02 09:18:30,185 [ERROR] LogOutputStream:75 - [STDERR_REDIRECT] [Fatal Error] :1:1: Premature end of file.
2025-04-02 09:18:30,185 [ERROR] LogOutputStream:75 - [STDERR_REDIRECT] 
2025-04-02 09:18:31,118 [ERROR] LogOutputStream:75 - [STDERR_REDIRECT] [Fatal Error] :1:1: Premature end of file.
2025-04-02 09:18:31,118 [ERROR] LogOutputStream:75 - [STDERR_REDIRECT] 
2025-04-02 09:18:32,156 [ERROR] LogOutputStream:75 - [STDERR_REDIRECT] [Fatal Error] :1:1: Premature end of file.
2025-04-02 09:18:32,156 [ERROR] LogOutputStream:75 - [STDERR_REDIRECT] 
2025-04-02 09:18:33,112 [ERROR] LogOutputStream:75 - [STDERR_REDIRECT] [Fatal Error] :1:1: Premature end of file.
2025-04-02 09:18:33,112 [ERROR] LogOutputStream:75 - [STDERR_REDIRECT] 
2025-04-02 09:18:34,112 [ERROR] LogOutputStream:75 - [STDERR_REDIRECT] [Fatal Error] :1:1: Premature end of file.
2025-04-02 09:18:34,112 [ERROR] LogOutputStream:75 - [STDERR_REDIRECT] 
2025-04-02 09:18:35,114 [ERROR] LogOutputStream:75 - [STDERR_REDIRECT] [Fatal Error] :1:1: Premature end of file.
2025-04-02 09:18:35,114 [ERROR] LogOutputStream:75 - [STDERR_REDIRECT] 
2025-04-02 09:18:36,103 [ERROR] LogOutputStream:75 - [STDERR_REDIRECT] [Fatal Error] :1:1: Premature end of file.
2025-04-02 09:18:36,103 [ERROR] LogOutputStream:75 - [STDERR_REDIRECT] 
2025-04-02 09:18:37,144 [ERROR] LogOutputStream:75 - [STDERR_REDIRECT] [Fatal Error] :1:1: Premature end of file.
2025-04-02 09:18:37,144 [ERROR] LogOutputStream:75 - [STDERR_REDIRECT] 
2025-04-02 09:18:38,116 [ERROR] LogOutputStream:75 - [STDERR_REDIRECT] [Fatal Error] :1:1: Premature end of file.
2025-04-02 09:18:38,116 [ERROR] LogOutputStream:75 - [STDERR_REDIRECT] 
2025-04-02 09:18:39,104 [ERROR] LogOutputStream:75 - [STDERR_REDIRECT] [Fatal Error] :1:1: Premature end of file.
2025-04-02 09:18:39,104 [ERROR] LogOutputStream:75 - [STDERR_REDIRECT] 
2025-04-02 09:18:40,112 [ERROR] LogOutputStream:75 - [STDERR_REDIRECT] [Fatal Error] :1:1: Premature end of file.
2025-04-02 09:18:40,112 [ERROR] LogOutputStream:75 - [STDERR_REDIRECT] 
2025-04-02 09:18:41,108 [ERROR] LogOutputStream:75 - [STDERR_REDIRECT] [Fatal Error] :1:1: Premature end of file.
2025-04-02 09:18:41,108 [ERROR] LogOutputStream:75 - [STDERR_REDIRECT] 
2025-04-02 09:18:42,108 [ERROR] LogOutputStream:75 - [STDERR_REDIRECT] [Fatal Error] :1:1: Premature end of file.
2025-04-02 09:18:42,108 [ERROR] LogOutputStream:75 - [STDERR_REDIRECT] 
2025-04-02 09:18:43,114 [ERROR] LogOutputStream:75 - [STDERR_REDIRECT] [Fatal Error] :1:1: Premature end of file.
2025-04-02 09:18:43,114 [ERROR] LogOutputStream:75 - [STDERR_REDIRECT] 
2025-04-02 09:18:44,063 [ERROR] LogOutputStream:75 - [STDERR_REDIRECT] [Fatal Error] :1:1: Premature end of file.
2025-04-02 09:18:44,063 [ERROR] LogOutputStream:75 - [STDERR_REDIRECT] 
2025-04-02 09:18:45,115 [ERROR] LogOutputStream:75 - [STDERR_REDIRECT] [Fatal Error] :1:1: Premature end of file.
2025-04-02 09:18:45,115 [ERROR] LogOutputStream:75 - [STDERR_REDIRECT] 
2025-04-02 09:18:46,096 [ERROR] LogOutputStream:75 - [STDERR_REDIRECT] [Fatal Error] :1:1: Premature end of file.
2025-04-02 09:18:46,100 [ERROR] LogOutputStream:75 - [STDERR_REDIRECT] 
2025-04-02 09:18:47,124 [ERROR] LogOutputStream:75 - [STDERR_REDIRECT] [Fatal Error] :1:1: Premature end of file.
2025-04-02 09:18:47,124 [ERROR] LogOutputStream:75 - [STDERR_REDIRECT] 
2025-04-02 09:18:48,110 [ERROR] LogOutputStream:75 - [STDERR_REDIRECT] [Fatal Error] :1:1: Premature end of file.
2025-04-02 09:18:48,110 [ERROR] LogOutputStream:75 - [STDERR_REDIRECT] 
2025-04-02 09:18:49,111 [ERROR] LogOutputStream:75 - [STDERR_REDIRECT] [Fatal Error] :1:1: Premature end of file.
2025-04-02 09:18:49,111 [ERROR] LogOutputStream:75 - [STDERR_REDIRECT] 
2025-04-02 09:18:50,129 [ERROR] LogOutputStream:75 - [STDERR_REDIRECT] [Fatal Error] :1:1: Premature end of file.
2025-04-02 09:18:50,129 [ERROR] LogOutputStream:75 - [STDERR_REDIRECT] 
2025-04-02 09:18:51,111 [ERROR] LogOutputStream:75 - [STDERR_REDIRECT] [Fatal Error] :1:1: Premature end of file.
2025-04-02 09:18:51,111 [ERROR] LogOutputStream:75 - [STDERR_REDIRECT] 
2025-04-02 09:18:52,115 [ERROR] LogOutputStream:75 - [STDERR_REDIRECT] [Fatal Error] :1:1: Premature end of file.
2025-04-02 09:18:52,115 [ERROR] LogOutputStream:75 - [STDERR_REDIRECT] 
2025-04-02 09:18:53,120 [ERROR] LogOutputStream:75 - [STDERR_REDIRECT] [Fatal Error] :1:1: Premature end of file.
2025-04-02 09:18:53,120 [ERROR] LogOutputStream:75 - [STDERR_REDIRECT] 
2025-04-02 09:18:54,106 [ERROR] LogOutputStream:75 - [STDERR_REDIRECT] [Fatal Error] :1:1: Premature end of file.
2025-04-02 09:18:54,108 [ERROR] LogOutputStream:75 - [STDERR_REDIRECT] 
2025-04-02 09:18:55,117 [ERROR] LogOutputStream:75 - [STDERR_REDIRECT] [Fatal Error] :1:1: Premature end of file.
2025-04-02 09:18:55,117 [ERROR] LogOutputStream:75 - [STDERR_REDIRECT] 
2025-04-02 09:18:56,113 [ERROR] LogOutputStream:75 - [STDERR_REDIRECT] [Fatal Error] :1:1: Premature end of file.
2025-04-02 09:18:56,113 [ERROR] LogOutputStream:75 - [STDERR_REDIRECT] 
2025-04-02 09:18:57,099 [ERROR] LogOutputStream:75 - [STDERR_REDIRECT] [Fatal Error] :1:1: Premature end of file.
2025-04-02 09:18:57,099 [ERROR] LogOutputStream:75 - [STDERR_REDIRECT] 
2025-04-02 09:18:58,125 [ERROR] LogOutputStream:75 - [STDERR_REDIRECT] [Fatal Error] :1:1: Premature end of file.
2025-04-02 09:18:58,125 [ERROR] LogOutputStream:75 - [STDERR_REDIRECT] 
2025-04-02 09:18:59,124 [ERROR] LogOutputStream:75 - [STDERR_REDIRECT] [Fatal Error] :1:1: Premature end of file.
2025-04-02 09:18:59,124 [ERROR] LogOutputStream:75 - [STDERR_REDIRECT] 
2025-04-02 09:19:00,096 [ERROR] LogOutputStream:75 - [STDERR_REDIRECT] [Fatal Error] :1:1: Premature end of file.
2025-04-02 09:19:00,096 [ERROR] LogOutputStream:75 - [STDERR_REDIRECT] 
2025-04-02 09:19:01,112 [ERROR] LogOutputStream:75 - [STDERR_REDIRECT] [Fatal Error] :1:1: Premature end of file.
2025-04-02 09:19:01,112 [ERROR] LogOutputStream:75 - [STDERR_REDIRECT] 
2025-04-02 09:19:02,105 [ERROR] LogOutputStream:75 - [STDERR_REDIRECT] [Fatal Error] :1:1: Premature end of file.
2025-04-02 09:19:02,107 [ERROR] LogOutputStream:75 - [STDERR_REDIRECT] 
2025-04-02 09:19:03,086 [ERROR] LogOutputStream:75 - [STDERR_REDIRECT] [Fatal Error] :1:1: Premature end of file.
2025-04-02 09:19:03,086 [ERROR] LogOutputStream:75 - [STDERR_REDIRECT] 
2025-04-02 09:19:04,106 [ERROR] LogOutputStream:75 - [STDERR_REDIRECT] [Fatal Error] :1:1: Premature end of file.
2025-04-02 09:19:04,106 [ERROR] LogOutputStream:75 - [STDERR_REDIRECT] 
2025-04-02 09:19:05,096 [ERROR] LogOutputStream:75 - [STDERR_REDIRECT] [Fatal Error] :1:1: Premature end of file.
2025-04-02 09:19:05,096 [ERROR] LogOutputStream:75 - [STDERR_REDIRECT] 
2025-04-02 09:19:06,115 [ERROR] LogOutputStream:75 - [STDERR_REDIRECT] [Fatal Error] :1:1: Premature end of file.
2025-04-02 09:19:06,115 [ERROR] LogOutputStream:75 - [STDERR_REDIRECT] 
2025-04-02 09:19:07,126 [ERROR] LogOutputStream:75 - [STDERR_REDIRECT] [Fatal Error] :1:1: Premature end of file.
2025-04-02 09:19:07,126 [ERROR] LogOutputStream:75 - [STDERR_REDIRECT] 
2025-04-02 09:19:08,107 [ERROR] LogOutputStream:75 - [STDERR_REDIRECT] [Fatal Error] :1:1: Premature end of file.
2025-04-02 09:19:08,108 [ERROR] LogOutputStream:75 - [STDERR_REDIRECT] 
2025-04-02 09:19:09,121 [ERROR] LogOutputStream:75 - [STDERR_REDIRECT] [Fatal Error] :1:1: Premature end of file.
2025-04-02 09:19:09,121 [ERROR] LogOutputStream:75 - [STDERR_REDIRECT] 
2025-04-02 09:19:10,090 [ERROR] LogOutputStream:75 - [STDERR_REDIRECT] [Fatal Error] :1:1: Premature end of file.
2025-04-02 09:19:10,090 [ERROR] LogOutputStream:75 - [STDERR_REDIRECT] 
2025-04-02 09:19:11,110 [ERROR] LogOutputStream:75 - [STDERR_REDIRECT] [Fatal Error] :1:1: Premature end of file.
2025-04-02 09:19:11,112 [ERROR] LogOutputStream:75 - [STDERR_REDIRECT] 
2025-04-02 09:19:12,105 [ERROR] LogOutputStream:75 - [STDERR_REDIRECT] [Fatal Error] :1:1: Premature end of file.
2025-04-02 09:19:12,105 [ERROR] LogOutputStream:75 - [STDERR_REDIRECT] 
2025-04-02 09:19:13,112 [ERROR] LogOutputStream:75 - [STDERR_REDIRECT] [Fatal Error] :1:1: Premature end of file.
2025-04-02 09:19:13,114 [ERROR] LogOutputStream:75 - [STDERR_REDIRECT] 
2025-04-02 09:19:14,081 [ERROR] LogOutputStream:75 - [STDERR_REDIRECT] [Fatal Error] :1:1: Premature end of file.
2025-04-02 09:19:14,081 [ERROR] LogOutputStream:75 - [STDERR_REDIRECT] 
2025-04-02 09:19:15,101 [ERROR] LogOutputStream:75 - [STDERR_REDIRECT] [Fatal Error] :1:1: Premature end of file.
2025-04-02 09:19:15,101 [ERROR] LogOutputStream:75 - [STDERR_REDIRECT] 
2025-04-02 09:19:16,109 [ERROR] LogOutputStream:75 - [STDERR_REDIRECT] [Fatal Error] :1:1: Premature end of file.
2025-04-02 09:19:16,111 [ERROR] LogOutputStream:75 - [STDERR_REDIRECT] 
2025-04-02 09:19:17,089 [ERROR] LogOutputStream:75 - [STDERR_REDIRECT] [Fatal Error] :1:1: Premature end of file.
2025-04-02 09:19:17,089 [ERROR] LogOutputStream:75 - [STDERR_REDIRECT] 
2025-04-02 09:19:18,105 [ERROR] LogOutputStream:75 - [STDERR_REDIRECT] [Fatal Error] :1:1: Premature end of file.
2025-04-02 09:19:18,105 [ERROR] LogOutputStream:75 - [STDERR_REDIRECT] 
2025-04-02 09:19:19,095 [ERROR] LogOutputStream:75 - [STDERR_REDIRECT] [Fatal Error] :1:1: Premature end of file.
2025-04-02 09:19:19,095 [ERROR] LogOutputStream:75 - [STDERR_REDIRECT] 
2025-04-02 09:19:20,100 [ERROR] LogOutputStream:75 - [STDERR_REDIRECT] [Fatal Error] :1:1: Premature end of file.
2025-04-02 09:19:20,100 [ERROR] LogOutputStream:75 - [STDERR_REDIRECT] 
2025-04-02 09:19:21,109 [ERROR] LogOutputStream:75 - [STDERR_REDIRECT] [Fatal Error] :1:1: Premature end of file.
2025-04-02 09:19:21,109 [ERROR] LogOutputStream:75 - [STDERR_REDIRECT] 
2025-04-02 09:19:22,082 [ERROR] LogOutputStream:75 - [STDERR_REDIRECT] [Fatal Error] :1:1: Premature end of file.
2025-04-02 09:19:22,082 [ERROR] LogOutputStream:75 - [STDERR_REDIRECT] 
2025-04-02 09:19:23,086 [ERROR] LogOutputStream:75 - [STDERR_REDIRECT] [Fatal Error] :1:1: Premature end of file.
2025-04-02 09:19:23,086 [ERROR] LogOutputStream:75 - [STDERR_REDIRECT] 
2025-04-02 09:19:24,100 [ERROR] LogOutputStream:75 - [STDERR_REDIRECT] [Fatal Error] :1:1: Premature end of file.
2025-04-02 09:19:24,100 [ERROR] LogOutputStream:75 - [STDERR_REDIRECT] 
2025-04-02 09:19:25,088 [ERROR] LogOutputStream:75 - [STDERR_REDIRECT] [Fatal Error] :1:1: Premature end of file.
2025-04-02 09:19:25,098 [ERROR] LogOutputStream:75 - [STDERR_REDIRECT] 
2025-04-02 09:19:26,110 [ERROR] LogOutputStream:75 - [STDERR_REDIRECT] [Fatal Error] :1:1: Premature end of file.
2025-04-02 09:19:26,110 [ERROR] LogOutputStream:75 - [STDERR_REDIRECT] 
2025-04-02 09:19:27,105 [ERROR] LogOutputStream:75 - [STDERR_REDIRECT] [Fatal Error] :1:1: Premature end of file.
2025-04-02 09:19:27,105 [ERROR] LogOutputStream:75 - [STDERR_REDIRECT] 
2025-04-02 09:19:28,079 [ERROR] LogOutputStream:75 - [STDERR_REDIRECT] [Fatal Error] :1:1: Premature end of file.
2025-04-02 09:19:28,079 [ERROR] LogOutputStream:75 - [STDERR_REDIRECT] 
2025-04-02 09:19:29,083 [ERROR] LogOutputStream:75 - [STDERR_REDIRECT] [Fatal Error] :1:1: Premature end of file.
2025-04-02 09:19:29,083 [ERROR] LogOutputStream:75 - [STDERR_REDIRECT] 
2025-04-02 09:19:30,191 [ERROR] LogOutputStream:75 - [STDERR_REDIRECT] [Fatal Error] :1:1: Premature end of file.
2025-04-02 09:19:30,193 [ERROR] LogOutputStream:75 - [STDERR_REDIRECT] 
2025-04-02 09:19:31,110 [ERROR] LogOutputStream:75 - [STDERR_REDIRECT] [Fatal Error] :1:1: Premature end of file.
2025-04-02 09:19:31,110 [ERROR] LogOutputStream:75 - [STDERR_REDIRECT] 
2025-04-02 09:19:32,100 [ERROR] LogOutputStream:75 - [STDERR_REDIRECT] [Fatal Error] :1:1: Premature end of file.
2025-04-02 09:19:32,100 [ERROR] LogOutputStream:75 - [STDERR_REDIRECT] 
2025-04-02 09:19:33,125 [ERROR] LogOutputStream:75 - [STDERR_REDIRECT] [Fatal Error] :1:1: Premature end of file.
2025-04-02 09:19:33,125 [ERROR] LogOutputStream:75 - [STDERR_REDIRECT] 
2025-04-02 09:19:34,140 [ERROR] LogOutputStream:75 - [STDERR_REDIRECT] [Fatal Error] :1:1: Premature end of file.
2025-04-02 09:19:34,140 [ERROR] LogOutputStream:75 - [STDERR_REDIRECT] 
2025-04-02 09:19:35,107 [ERROR] LogOutputStream:75 - [STDERR_REDIRECT] [Fatal Error] :1:1: Premature end of file.
2025-04-02 09:19:35,107 [ERROR] LogOutputStream:75 - [STDERR_REDIRECT] 
2025-04-02 09:19:36,124 [ERROR] LogOutputStream:75 - [STDERR_REDIRECT] [Fatal Error] :1:1: Premature end of file.
2025-04-02 09:19:36,124 [ERROR] LogOutputStream:75 - [STDERR_REDIRECT] 
2025-04-02 09:19:37,112 [ERROR] LogOutputStream:75 - [STDERR_REDIRECT] [Fatal Error] :1:1: Premature end of file.
2025-04-02 09:19:37,114 [ERROR] LogOutputStream:75 - [STDERR_REDIRECT] 
2025-04-02 09:19:38,109 [ERROR] LogOutputStream:75 - [STDERR_REDIRECT] [Fatal Error] :1:1: Premature end of file.
2025-04-02 09:19:38,109 [ERROR] LogOutputStream:75 - [STDERR_REDIRECT] 
2025-04-02 09:19:39,104 [ERROR] LogOutputStream:75 - [STDERR_REDIRECT] [Fatal Error] :1:1: Premature end of file.
2025-04-02 09:19:39,104 [ERROR] LogOutputStream:75 - [STDERR_REDIRECT] 
2025-04-02 09:19:40,121 [ERROR] LogOutputStream:75 - [STDERR_REDIRECT] [Fatal Error] :1:1: Premature end of file.
2025-04-02 09:19:40,121 [ERROR] LogOutputStream:75 - [STDERR_REDIRECT] 
2025-04-02 09:19:41,093 [ERROR] LogOutputStream:75 - [STDERR_REDIRECT] [Fatal Error] :1:1: Premature end of file.
2025-04-02 09:19:41,093 [ERROR] LogOutputStream:75 - [STDERR_REDIRECT] 
2025-04-02 09:19:42,120 [ERROR] LogOutputStream:75 - [STDERR_REDIRECT] [Fatal Error] :1:1: Premature end of file.
2025-04-02 09:19:42,120 [ERROR] LogOutputStream:75 - [STDERR_REDIRECT] 
2025-04-02 09:19:43,098 [ERROR] LogOutputStream:75 - [STDERR_REDIRECT] [Fatal Error] :1:1: Premature end of file.
2025-04-02 09:19:43,098 [ERROR] LogOutputStream:75 - [STDERR_REDIRECT] 
2025-04-02 09:19:44,112 [ERROR] LogOutputStream:75 - [STDERR_REDIRECT] [Fatal Error] :1:1: Premature end of file.
2025-04-02 09:19:44,112 [ERROR] LogOutputStream:75 - [STDERR_REDIRECT] 
2025-04-02 09:19:45,113 [ERROR] LogOutputStream:75 - [STDERR_REDIRECT] [Fatal Error] :1:1: Premature end of file.
2025-04-02 09:19:45,113 [ERROR] LogOutputStream:75 - [STDERR_REDIRECT] 
2025-04-02 09:19:46,117 [ERROR] LogOutputStream:75 - [STDERR_REDIRECT] [Fatal Error] :1:1: Premature end of file.
2025-04-02 09:19:46,117 [ERROR] LogOutputStream:75 - [STDERR_REDIRECT] 
2025-04-02 09:19:47,141 [ERROR] LogOutputStream:75 - [STDERR_REDIRECT] [Fatal Error] :1:1: Premature end of file.
2025-04-02 09:19:47,141 [ERROR] LogOutputStream:75 - [STDERR_REDIRECT] 
2025-04-02 09:19:48,130 [ERROR] LogOutputStream:75 - [STDERR_REDIRECT] [Fatal Error] :1:1: Premature end of file.
2025-04-02 09:19:48,130 [ERROR] LogOutputStream:75 - [STDERR_REDIRECT] 
2025-04-02 09:19:49,105 [ERROR] LogOutputStream:75 - [STDERR_REDIRECT] [Fatal Error] :1:1: Premature end of file.
2025-04-02 09:19:49,105 [ERROR] LogOutputStream:75 - [STDERR_REDIRECT] 
2025-04-02 09:19:50,081 [ERROR] LogOutputStream:75 - [STDERR_REDIRECT] [Fatal Error] :1:1: Premature end of file.
2025-04-02 09:19:50,081 [ERROR] LogOutputStream:75 - [STDERR_REDIRECT] 
2025-04-02 09:19:51,121 [ERROR] LogOutputStream:75 - [STDERR_REDIRECT] [Fatal Error] :1:1: Premature end of file.
2025-04-02 09:19:51,121 [ERROR] LogOutputStream:75 - [STDERR_REDIRECT] 
2025-04-02 09:19:52,071 [ERROR] LogOutputStream:75 - [STDERR_REDIRECT] [Fatal Error] :1:1: Premature end of file.
2025-04-02 09:19:52,071 [ERROR] LogOutputStream:75 - [STDERR_REDIRECT] 
2025-04-02 09:19:53,128 [ERROR] LogOutputStream:75 - [STDERR_REDIRECT] [Fatal Error] :1:1: Premature end of file.
2025-04-02 09:19:53,128 [ERROR] LogOutputStream:75 - [STDERR_REDIRECT] 
2025-04-02 09:19:54,096 [ERROR] LogOutputStream:75 - [STDERR_REDIRECT] [Fatal Error] :1:1: Premature end of file.
2025-04-02 09:19:54,096 [ERROR] LogOutputStream:75 - [STDERR_REDIRECT] 
2025-04-02 09:19:55,145 [ERROR] LogOutputStream:75 - [STDERR_REDIRECT] [Fatal Error] :1:1: Premature end of file.
2025-04-02 09:19:55,145 [ERROR] LogOutputStream:75 - [STDERR_REDIRECT] 
2025-04-02 09:19:56,065 [ERROR] LogOutputStream:75 - [STDERR_REDIRECT] [Fatal Error] :1:1: Premature end of file.
2025-04-02 09:19:56,065 [ERROR] LogOutputStream:75 - [STDERR_REDIRECT] 
2025-04-02 09:19:57,104 [ERROR] LogOutputStream:75 - [STDERR_REDIRECT] [Fatal Error] :1:1: Premature end of file.
2025-04-02 09:19:57,104 [ERROR] LogOutputStream:75 - [STDERR_REDIRECT] 
2025-04-02 09:19:58,090 [ERROR] LogOutputStream:75 - [STDERR_REDIRECT] [Fatal Error] :1:1: Premature end of file.
2025-04-02 09:19:58,090 [ERROR] LogOutputStream:75 - [STDERR_REDIRECT] 
2025-04-02 09:19:59,087 [ERROR] LogOutputStream:75 - [STDERR_REDIRECT] [Fatal Error] :1:1: Premature end of file.
2025-04-02 09:19:59,087 [ERROR] LogOutputStream:75 - [STDERR_REDIRECT] 
2025-04-02 09:20:00,115 [ERROR] LogOutputStream:75 - [STDERR_REDIRECT] [Fatal Error] :1:1: Premature end of file.
2025-04-02 09:20:00,115 [ERROR] LogOutputStream:75 - [STDERR_REDIRECT] 
2025-04-02 09:20:01,141 [ERROR] LogOutputStream:75 - [STDERR_REDIRECT] [Fatal Error] :1:1: Premature end of file.
2025-04-02 09:20:01,141 [ERROR] LogOutputStream:75 - [STDERR_REDIRECT] 
2025-04-02 09:20:02,107 [ERROR] LogOutputStream:75 - [STDERR_REDIRECT] [Fatal Error] :1:1: Premature end of file.
2025-04-02 09:20:02,107 [ERROR] LogOutputStream:75 - [STDERR_REDIRECT] 
2025-04-02 09:20:03,116 [ERROR] LogOutputStream:75 - [STDERR_REDIRECT] [Fatal Error] :1:1: Premature end of file.
2025-04-02 09:20:03,116 [ERROR] LogOutputStream:75 - [STDERR_REDIRECT] 
2025-04-02 09:20:04,104 [ERROR] LogOutputStream:75 - [STDERR_REDIRECT] [Fatal Error] :1:1: Premature end of file.
2025-04-02 09:20:04,104 [ERROR] LogOutputStream:75 - [STDERR_REDIRECT] 
2025-04-02 09:20:05,142 [ERROR] LogOutputStream:75 - [STDERR_REDIRECT] [Fatal Error] :1:1: Premature end of file.
2025-04-02 09:20:05,142 [ERROR] LogOutputStream:75 - [STDERR_REDIRECT] 
2025-04-02 09:20:06,139 [ERROR] LogOutputStream:75 - [STDERR_REDIRECT] [Fatal Error] :1:1: Premature end of file.
2025-04-02 09:20:06,148 [ERROR] LogOutputStream:75 - [STDERR_REDIRECT] 
2025-04-02 09:20:07,063 [ERROR] LogOutputStream:75 - [STDERR_REDIRECT] [Fatal Error] :1:1: Premature end of file.
2025-04-02 09:20:07,063 [ERROR] LogOutputStream:75 - [STDERR_REDIRECT] 
2025-04-02 09:20:08,133 [ERROR] LogOutputStream:75 - [STDERR_REDIRECT] [Fatal Error] :1:1: Premature end of file.
2025-04-02 09:20:08,135 [ERROR] LogOutputStream:75 - [STDERR_REDIRECT] 
2025-04-02 09:20:09,113 [ERROR] LogOutputStream:75 - [STDERR_REDIRECT] [Fatal Error] :1:1: Premature end of file.
2025-04-02 09:20:09,113 [ERROR] LogOutputStream:75 - [STDERR_REDIRECT] 
2025-04-02 09:20:10,133 [ERROR] LogOutputStream:75 - [STDERR_REDIRECT] [Fatal Error] :1:1: Premature end of file.
2025-04-02 09:20:10,134 [ERROR] LogOutputStream:75 - [STDERR_REDIRECT] 
2025-04-02 09:20:11,110 [ERROR] LogOutputStream:75 - [STDERR_REDIRECT] [Fatal Error] :1:1: Premature end of file.
2025-04-02 09:20:11,110 [ERROR] LogOutputStream:75 - [STDERR_REDIRECT] 
2025-04-02 09:20:12,125 [ERROR] LogOutputStream:75 - [STDERR_REDIRECT] [Fatal Error] :1:1: Premature end of file.
2025-04-02 09:20:12,125 [ERROR] LogOutputStream:75 - [STDERR_REDIRECT] 
2025-04-02 09:20:13,125 [ERROR] LogOutputStream:75 - [STDERR_REDIRECT] [Fatal Error] :1:1: Premature end of file.
2025-04-02 09:20:13,125 [ERROR] LogOutputStream:75 - [STDERR_REDIRECT] 
2025-04-02 09:20:14,095 [ERROR] LogOutputStream:75 - [STDERR_REDIRECT] [Fatal Error] :1:1: Premature end of file.
2025-04-02 09:20:14,095 [ERROR] LogOutputStream:75 - [STDERR_REDIRECT] 
2025-04-02 09:20:15,112 [ERROR] LogOutputStream:75 - [STDERR_REDIRECT] [Fatal Error] :1:1: Premature end of file.
2025-04-02 09:20:15,112 [ERROR] LogOutputStream:75 - [STDERR_REDIRECT] 
2025-04-02 09:20:16,065 [ERROR] LogOutputStream:75 - [STDERR_REDIRECT] [Fatal Error] :1:1: Premature end of file.
2025-04-02 09:20:16,065 [ERROR] LogOutputStream:75 - [STDERR_REDIRECT] 
2025-04-02 09:20:17,117 [ERROR] LogOutputStream:75 - [STDERR_REDIRECT] [Fatal Error] :1:1: Premature end of file.
2025-04-02 09:20:17,119 [ERROR] LogOutputStream:75 - [STDERR_REDIRECT] 
2025-04-02 09:20:18,090 [ERROR] LogOutputStream:75 - [STDERR_REDIRECT] [Fatal Error] :1:1: Premature end of file.
2025-04-02 09:20:18,090 [ERROR] LogOutputStream:75 - [STDERR_REDIRECT] 
2025-04-02 09:20:19,122 [ERROR] LogOutputStream:75 - [STDERR_REDIRECT] [Fatal Error] :1:1: Premature end of file.
2025-04-02 09:20:19,122 [ERROR] LogOutputStream:75 - [STDERR_REDIRECT] 
2025-04-02 09:20:20,118 [ERROR] LogOutputStream:75 - [STDERR_REDIRECT] [Fatal Error] :1:1: Premature end of file.
2025-04-02 09:20:20,118 [ERROR] LogOutputStream:75 - [STDERR_REDIRECT] 
2025-04-02 09:20:21,104 [ERROR] LogOutputStream:75 - [STDERR_REDIRECT] [Fatal Error] :1:1: Premature end of file.
2025-04-02 09:20:21,104 [ERROR] LogOutputStream:75 - [STDERR_REDIRECT] 
2025-04-02 09:20:22,126 [ERROR] LogOutputStream:75 - [STDERR_REDIRECT] [Fatal Error] :1:1: Premature end of file.
2025-04-02 09:20:22,126 [ERROR] LogOutputStream:75 - [STDERR_REDIRECT] 
2025-04-02 09:20:23,237 [ERROR] LogOutputStream:75 - [STDERR_REDIRECT] [Fatal Error] :1:1: Premature end of file.
2025-04-02 09:20:23,237 [ERROR] LogOutputStream:75 - [STDERR_REDIRECT] 
2025-04-02 09:20:24,136 [ERROR] LogOutputStream:75 - [STDERR_REDIRECT] [Fatal Error] :1:1: Premature end of file.
2025-04-02 09:20:24,136 [ERROR] LogOutputStream:75 - [STDERR_REDIRECT] 
2025-04-02 09:20:25,107 [ERROR] LogOutputStream:75 - [STDERR_REDIRECT] [Fatal Error] :1:1: Premature end of file.
2025-04-02 09:20:25,107 [ERROR] LogOutputStream:75 - [STDERR_REDIRECT] 
2025-04-02 09:20:26,105 [ERROR] LogOutputStream:75 - [STDERR_REDIRECT] [Fatal Error] :1:1: Premature end of file.
2025-04-02 09:20:26,105 [ERROR] LogOutputStream:75 - [STDERR_REDIRECT] 
2025-04-02 09:20:27,147 [ERROR] LogOutputStream:75 - [STDERR_REDIRECT] [Fatal Error] :1:1: Premature end of file.
2025-04-02 09:20:27,147 [ERROR] LogOutputStream:75 - [STDERR_REDIRECT] 
2025-04-02 09:20:28,154 [ERROR] LogOutputStream:75 - [STDERR_REDIRECT] [Fatal Error] :1:1: Premature end of file.
2025-04-02 09:20:28,154 [ERROR] LogOutputStream:75 - [STDERR_REDIRECT] 
2025-04-02 09:20:29,082 [ERROR] LogOutputStream:75 - [STDERR_REDIRECT] [Fatal Error] :1:1: Premature end of file.
2025-04-02 09:20:29,082 [ERROR] LogOutputStream:75 - [STDERR_REDIRECT] 
2025-04-02 09:20:30,114 [ERROR] LogOutputStream:75 - [STDERR_REDIRECT] [Fatal Error] :1:1: Premature end of file.
2025-04-02 09:20:30,114 [ERROR] LogOutputStream:75 - [STDERR_REDIRECT] 
2025-04-02 09:20:31,160 [ERROR] LogOutputStream:75 - [STDERR_REDIRECT] [Fatal Error] :1:1: Premature end of file.
2025-04-02 09:20:31,160 [ERROR] LogOutputStream:75 - [STDERR_REDIRECT] 
2025-04-02 09:20:32,148 [ERROR] LogOutputStream:75 - [STDERR_REDIRECT] [Fatal Error] :1:1: Premature end of file.
2025-04-02 09:20:32,150 [ERROR] LogOutputStream:75 - [STDERR_REDIRECT] 
2025-04-02 09:20:33,117 [ERROR] LogOutputStream:75 - [STDERR_REDIRECT] [Fatal Error] :1:1: Premature end of file.
2025-04-02 09:20:33,117 [ERROR] LogOutputStream:75 - [STDERR_REDIRECT] 
2025-04-02 09:20:34,147 [ERROR] LogOutputStream:75 - [STDERR_REDIRECT] [Fatal Error] :1:1: Premature end of file.
2025-04-02 09:20:34,149 [ERROR] LogOutputStream:75 - [STDERR_REDIRECT] 
2025-04-02 09:20:35,146 [ERROR] LogOutputStream:75 - [STDERR_REDIRECT] [Fatal Error] :1:1: Premature end of file.
2025-04-02 09:20:35,148 [ERROR] LogOutputStream:75 - [STDERR_REDIRECT] 
2025-04-02 09:20:36,131 [ERROR] LogOutputStream:75 - [STDERR_REDIRECT] [Fatal Error] :1:1: Premature end of file.
2025-04-02 09:20:36,131 [ERROR] LogOutputStream:75 - [STDERR_REDIRECT] 
2025-04-02 09:20:37,123 [ERROR] LogOutputStream:75 - [STDERR_REDIRECT] [Fatal Error] :1:1: Premature end of file.
2025-04-02 09:20:37,123 [ERROR] LogOutputStream:75 - [STDERR_REDIRECT] 
2025-04-02 09:20:38,098 [ERROR] LogOutputStream:75 - [STDERR_REDIRECT] [Fatal Error] :1:1: Premature end of file.
2025-04-02 09:20:38,098 [ERROR] LogOutputStream:75 - [STDERR_REDIRECT] 
2025-04-02 09:20:39,074 [ERROR] LogOutputStream:75 - [STDERR_REDIRECT] [Fatal Error] :1:1: Premature end of file.
2025-04-02 09:20:39,081 [ERROR] LogOutputStream:75 - [STDERR_REDIRECT] 
2025-04-02 09:20:40,107 [ERROR] LogOutputStream:75 - [STDERR_REDIRECT] [Fatal Error] :1:1: Premature end of file.
2025-04-02 09:20:40,107 [ERROR] LogOutputStream:75 - [STDERR_REDIRECT] 
2025-04-02 09:20:41,097 [ERROR] LogOutputStream:75 - [STDERR_REDIRECT] [Fatal Error] :1:1: Premature end of file.
2025-04-02 09:20:41,097 [ERROR] LogOutputStream:75 - [STDERR_REDIRECT] 
2025-04-02 09:20:42,106 [ERROR] LogOutputStream:75 - [STDERR_REDIRECT] [Fatal Error] :1:1: Premature end of file.
2025-04-02 09:20:42,106 [ERROR] LogOutputStream:75 - [STDERR_REDIRECT] 
2025-04-02 09:20:43,101 [ERROR] LogOutputStream:75 - [STDERR_REDIRECT] [Fatal Error] :1:1: Premature end of file.
2025-04-02 09:20:43,101 [ERROR] LogOutputStream:75 - [STDERR_REDIRECT] 
2025-04-02 09:20:44,085 [ERROR] LogOutputStream:75 - [STDERR_REDIRECT] [Fatal Error] :1:1: Premature end of file.
2025-04-02 09:20:44,085 [ERROR] LogOutputStream:75 - [STDERR_REDIRECT] 
2025-04-02 09:20:45,111 [ERROR] LogOutputStream:75 - [STDERR_REDIRECT] [Fatal Error] :1:1: Premature end of file.
2025-04-02 09:20:45,111 [ERROR] LogOutputStream:75 - [STDERR_REDIRECT] 
2025-04-02 09:20:46,084 [ERROR] LogOutputStream:75 - [STDERR_REDIRECT] [Fatal Error] :1:1: Premature end of file.
2025-04-02 09:20:46,084 [ERROR] LogOutputStream:75 - [STDERR_REDIRECT] 
2025-04-02 09:20:47,143 [ERROR] LogOutputStream:75 - [STDERR_REDIRECT] [Fatal Error] :1:1: Premature end of file.
2025-04-02 09:20:47,143 [ERROR] LogOutputStream:75 - [STDERR_REDIRECT] 
2025-04-02 09:20:48,119 [ERROR] LogOutputStream:75 - [STDERR_REDIRECT] [Fatal Error] :1:1: Premature end of file.
2025-04-02 09:20:48,119 [ERROR] LogOutputStream:75 - [STDERR_REDIRECT] 
2025-04-02 09:20:49,201 [ERROR] LogOutputStream:75 - [STDERR_REDIRECT] [Fatal Error] :1:1: Premature end of file.
2025-04-02 09:20:49,201 [ERROR] LogOutputStream:75 - [STDERR_REDIRECT] 
2025-04-02 09:20:50,152 [ERROR] LogOutputStream:75 - [STDERR_REDIRECT] [Fatal Error] :1:1: Premature end of file.
2025-04-02 09:20:50,152 [ERROR] LogOutputStream:75 - [STDERR_REDIRECT] 
2025-04-02 09:20:51,149 [ERROR] LogOutputStream:75 - [STDERR_REDIRECT] [Fatal Error] :1:1: Premature end of file.
2025-04-02 09:20:51,149 [ERROR] LogOutputStream:75 - [STDERR_REDIRECT] 
2025-04-02 09:20:52,125 [ERROR] LogOutputStream:75 - [STDERR_REDIRECT] [Fatal Error] :1:1: Premature end of file.
2025-04-02 09:20:52,125 [ERROR] LogOutputStream:75 - [STDERR_REDIRECT] 
2025-04-02 09:20:53,115 [ERROR] LogOutputStream:75 - [STDERR_REDIRECT] [Fatal Error] :1:1: Premature end of file.
2025-04-02 09:20:53,115 [ERROR] LogOutputStream:75 - [STDERR_REDIRECT] 
2025-04-02 09:20:54,131 [ERROR] LogOutputStream:75 - [STDERR_REDIRECT] [Fatal Error] :1:1: Premature end of file.
2025-04-02 09:20:54,131 [ERROR] LogOutputStream:75 - [STDERR_REDIRECT] 
2025-04-02 09:20:55,106 [ERROR] LogOutputStream:75 - [STDERR_REDIRECT] [Fatal Error] :1:1: Premature end of file.
2025-04-02 09:20:55,106 [ERROR] LogOutputStream:75 - [STDERR_REDIRECT] 
2025-04-02 09:20:56,076 [ERROR] LogOutputStream:75 - [STDERR_REDIRECT] [Fatal Error] :1:1: Premature end of file.
2025-04-02 09:20:56,076 [ERROR] LogOutputStream:75 - [STDERR_REDIRECT] 
2025-04-02 09:20:57,101 [ERROR] LogOutputStream:75 - [STDERR_REDIRECT] [Fatal Error] :1:1: Premature end of file.
2025-04-02 09:20:57,101 [ERROR] LogOutputStream:75 - [STDERR_REDIRECT] 
2025-04-02 09:20:58,110 [ERROR] LogOutputStream:75 - [STDERR_REDIRECT] [Fatal Error] :1:1: Premature end of file.
2025-04-02 09:20:58,110 [ERROR] LogOutputStream:75 - [STDERR_REDIRECT] 
2025-04-02 09:20:59,112 [ERROR] LogOutputStream:75 - [STDERR_REDIRECT] [Fatal Error] :1:1: Premature end of file.
2025-04-02 09:20:59,112 [ERROR] LogOutputStream:75 - [STDERR_REDIRECT] 
2025-04-02 09:21:00,120 [ERROR] LogOutputStream:75 - [STDERR_REDIRECT] [Fatal Error] :1:1: Premature end of file.
2025-04-02 09:21:00,120 [ERROR] LogOutputStream:75 - [STDERR_REDIRECT] 
2025-04-02 09:21:01,116 [ERROR] LogOutputStream:75 - [STDERR_REDIRECT] [Fatal Error] :1:1: Premature end of file.
2025-04-02 09:21:01,116 [ERROR] LogOutputStream:75 - [STDERR_REDIRECT] 
2025-04-02 09:21:02,112 [ERROR] LogOutputStream:75 - [STDERR_REDIRECT] [Fatal Error] :1:1: Premature end of file.
2025-04-02 09:21:02,112 [ERROR] LogOutputStream:75 - [STDERR_REDIRECT] 
2025-04-02 09:21:03,124 [ERROR] LogOutputStream:75 - [STDERR_REDIRECT] [Fatal Error] :1:1: Premature end of file.
2025-04-02 09:21:03,124 [ERROR] LogOutputStream:75 - [STDERR_REDIRECT] 
2025-04-02 09:21:04,118 [ERROR] LogOutputStream:75 - [STDERR_REDIRECT] [Fatal Error] :1:1: Premature end of file.
2025-04-02 09:21:04,118 [ERROR] LogOutputStream:75 - [STDERR_REDIRECT] 
2025-04-02 09:21:05,119 [ERROR] LogOutputStream:75 - [STDERR_REDIRECT] [Fatal Error] :1:1: Premature end of file.
2025-04-02 09:21:05,119 [ERROR] LogOutputStream:75 - [STDERR_REDIRECT] 
2025-04-02 09:21:06,114 [ERROR] LogOutputStream:75 - [STDERR_REDIRECT] [Fatal Error] :1:1: Premature end of file.
2025-04-02 09:21:06,114 [ERROR] LogOutputStream:75 - [STDERR_REDIRECT] 
2025-04-02 09:21:07,114 [ERROR] LogOutputStream:75 - [STDERR_REDIRECT] [Fatal Error] :1:1: Premature end of file.
2025-04-02 09:21:07,114 [ERROR] LogOutputStream:75 - [STDERR_REDIRECT] 
2025-04-02 09:21:08,101 [ERROR] LogOutputStream:75 - [STDERR_REDIRECT] [Fatal Error] :1:1: Premature end of file.
2025-04-02 09:21:08,101 [ERROR] LogOutputStream:75 - [STDERR_REDIRECT] 
2025-04-02 09:21:09,089 [ERROR] LogOutputStream:75 - [STDERR_REDIRECT] [Fatal Error] :1:1: Premature end of file.
2025-04-02 09:21:09,089 [ERROR] LogOutputStream:75 - [STDERR_REDIRECT] 
2025-04-02 09:21:10,123 [ERROR] LogOutputStream:75 - [STDERR_REDIRECT] [Fatal Error] :1:1: Premature end of file.
2025-04-02 09:21:10,125 [ERROR] LogOutputStream:75 - [STDERR_REDIRECT] 
2025-04-02 09:21:11,106 [ERROR] LogOutputStream:75 - [STDERR_REDIRECT] [Fatal Error] :1:1: Premature end of file.
2025-04-02 09:21:11,106 [ERROR] LogOutputStream:75 - [STDERR_REDIRECT] 
2025-04-02 09:21:12,119 [ERROR] LogOutputStream:75 - [STDERR_REDIRECT] [Fatal Error] :1:1: Premature end of file.
2025-04-02 09:21:12,119 [ERROR] LogOutputStream:75 - [STDERR_REDIRECT] 
2025-04-02 09:21:13,117 [ERROR] LogOutputStream:75 - [STDERR_REDIRECT] [Fatal Error] :1:1: Premature end of file.
2025-04-02 09:21:13,117 [ERROR] LogOutputStream:75 - [STDERR_REDIRECT] 
2025-04-02 09:21:14,149 [ERROR] LogOutputStream:75 - [STDERR_REDIRECT] [Fatal Error] :1:1: Premature end of file.
2025-04-02 09:21:14,149 [ERROR] LogOutputStream:75 - [STDERR_REDIRECT] 
2025-04-02 09:21:15,156 [ERROR] LogOutputStream:75 - [STDERR_REDIRECT] [Fatal Error] :1:1: Premature end of file.
2025-04-02 09:21:15,156 [ERROR] LogOutputStream:75 - [STDERR_REDIRECT] 
2025-04-02 09:21:16,085 [ERROR] LogOutputStream:75 - [STDERR_REDIRECT] [Fatal Error] :1:1: Premature end of file.
2025-04-02 09:21:16,087 [ERROR] LogOutputStream:75 - [STDERR_REDIRECT] 
2025-04-02 09:21:17,140 [ERROR] LogOutputStream:75 - [STDERR_REDIRECT] [Fatal Error] :1:1: Premature end of file.
2025-04-02 09:21:17,140 [ERROR] LogOutputStream:75 - [STDERR_REDIRECT] 
2025-04-02 09:21:18,158 [ERROR] LogOutputStream:75 - [STDERR_REDIRECT] [Fatal Error] :1:1: Premature end of file.
2025-04-02 09:21:18,159 [ERROR] LogOutputStream:75 - [STDERR_REDIRECT] 
2025-04-02 09:21:19,090 [ERROR] LogOutputStream:75 - [STDERR_REDIRECT] [Fatal Error] :1:1: Premature end of file.
2025-04-02 09:21:19,090 [ERROR] LogOutputStream:75 - [STDERR_REDIRECT] 
2025-04-02 09:21:20,176 [ERROR] LogOutputStream:75 - [STDERR_REDIRECT] [Fatal Error] :1:1: Premature end of file.
2025-04-02 09:21:20,176 [ERROR] LogOutputStream:75 - [STDERR_REDIRECT] 
2025-04-02 09:21:21,118 [ERROR] LogOutputStream:75 - [STDERR_REDIRECT] [Fatal Error] :1:1: Premature end of file.
2025-04-02 09:21:21,131 [ERROR] LogOutputStream:75 - [STDERR_REDIRECT] 
2025-04-02 09:21:22,129 [ERROR] LogOutputStream:75 - [STDERR_REDIRECT] [Fatal Error] :1:1: Premature end of file.
2025-04-02 09:21:22,129 [ERROR] LogOutputStream:75 - [STDERR_REDIRECT] 
2025-04-02 09:21:23,109 [ERROR] LogOutputStream:75 - [STDERR_REDIRECT] [Fatal Error] :1:1: Premature end of file.
2025-04-02 09:21:23,109 [ERROR] LogOutputStream:75 - [STDERR_REDIRECT] 
2025-04-02 09:21:24,140 [ERROR] LogOutputStream:75 - [STDERR_REDIRECT] [Fatal Error] :1:1: Premature end of file.
2025-04-02 09:21:24,140 [ERROR] LogOutputStream:75 - [STDERR_REDIRECT] 
2025-04-02 09:21:25,114 [ERROR] LogOutputStream:75 - [STDERR_REDIRECT] [Fatal Error] :1:1: Premature end of file.
2025-04-02 09:21:25,114 [ERROR] LogOutputStream:75 - [STDERR_REDIRECT] 
2025-04-02 09:21:26,096 [ERROR] LogOutputStream:75 - [STDERR_REDIRECT] [Fatal Error] :1:1: Premature end of file.
2025-04-02 09:21:26,096 [ERROR] LogOutputStream:75 - [STDERR_REDIRECT] 
2025-04-02 09:21:27,097 [ERROR] LogOutputStream:75 - [STDERR_REDIRECT] [Fatal Error] :1:1: Premature end of file.
2025-04-02 09:21:27,097 [ERROR] LogOutputStream:75 - [STDERR_REDIRECT] 
2025-04-02 09:21:28,099 [ERROR] LogOutputStream:75 - [STDERR_REDIRECT] [Fatal Error] :1:1: Premature end of file.
2025-04-02 09:21:28,099 [ERROR] LogOutputStream:75 - [STDERR_REDIRECT] 
2025-04-02 09:21:29,098 [ERROR] LogOutputStream:75 - [STDERR_REDIRECT] [Fatal Error] :1:1: Premature end of file.
2025-04-02 09:21:29,098 [ERROR] LogOutputStream:75 - [STDERR_REDIRECT] 
2025-04-02 09:21:30,114 [ERROR] LogOutputStream:75 - [STDERR_REDIRECT] [Fatal Error] :1:1: Premature end of file.
2025-04-02 09:21:30,114 [ERROR] LogOutputStream:75 - [STDERR_REDIRECT] 
2025-04-02 09:21:31,110 [ERROR] LogOutputStream:75 - [STDERR_REDIRECT] [Fatal Error] :1:1: Premature end of file.
2025-04-02 09:21:31,112 [ERROR] LogOutputStream:75 - [STDERR_REDIRECT] 
2025-04-02 09:21:32,165 [ERROR] LogOutputStream:75 - [STDERR_REDIRECT] [Fatal Error] :1:1: Premature end of file.
2025-04-02 09:21:32,167 [ERROR] LogOutputStream:75 - [STDERR_REDIRECT] 
2025-04-02 09:21:33,069 [ERROR] LogOutputStream:75 - [STDERR_REDIRECT] [Fatal Error] :1:1: Premature end of file.
2025-04-02 09:21:33,069 [ERROR] LogOutputStream:75 - [STDERR_REDIRECT] 
2025-04-02 09:21:34,150 [ERROR] LogOutputStream:75 - [STDERR_REDIRECT] [Fatal Error] :1:1: Premature end of file.
2025-04-02 09:21:34,150 [ERROR] LogOutputStream:75 - [STDERR_REDIRECT] 
2025-04-02 09:21:35,119 [ERROR] LogOutputStream:75 - [STDERR_REDIRECT] [Fatal Error] :1:1: Premature end of file.
2025-04-02 09:21:35,119 [ERROR] LogOutputStream:75 - [STDERR_REDIRECT] 
2025-04-02 09:21:36,067 [ERROR] LogOutputStream:75 - [STDERR_REDIRECT] [Fatal Error] :1:1: Premature end of file.
2025-04-02 09:21:36,067 [ERROR] LogOutputStream:75 - [STDERR_REDIRECT] 
2025-04-02 09:21:37,081 [ERROR] LogOutputStream:75 - [STDERR_REDIRECT] [Fatal Error] :1:1: Premature end of file.
2025-04-02 09:21:37,081 [ERROR] LogOutputStream:75 - [STDERR_REDIRECT] 
2025-04-02 09:21:38,139 [ERROR] LogOutputStream:75 - [STDERR_REDIRECT] [Fatal Error] :1:1: Premature end of file.
2025-04-02 09:21:38,149 [ERROR] LogOutputStream:75 - [STDERR_REDIRECT] 
2025-04-02 09:21:39,113 [ERROR] LogOutputStream:75 - [STDERR_REDIRECT] [Fatal Error] :1:1: Premature end of file.
2025-04-02 09:21:39,113 [ERROR] LogOutputStream:75 - [STDERR_REDIRECT] 
2025-04-02 09:21:40,127 [ERROR] LogOutputStream:75 - [STDERR_REDIRECT] [Fatal Error] :1:1: Premature end of file.
2025-04-02 09:21:40,127 [ERROR] LogOutputStream:75 - [STDERR_REDIRECT] 
2025-04-02 09:21:41,095 [ERROR] LogOutputStream:75 - [STDERR_REDIRECT] [Fatal Error] :1:1: Premature end of file.
2025-04-02 09:21:41,095 [ERROR] LogOutputStream:75 - [STDERR_REDIRECT] 
2025-04-02 09:21:42,083 [ERROR] LogOutputStream:75 - [STDERR_REDIRECT] [Fatal Error] :1:1: Premature end of file.
2025-04-02 09:21:42,083 [ERROR] LogOutputStream:75 - [STDERR_REDIRECT] 
2025-04-02 09:21:43,134 [ERROR] LogOutputStream:75 - [STDERR_REDIRECT] [Fatal Error] :1:1: Premature end of file.
2025-04-02 09:21:43,134 [ERROR] LogOutputStream:75 - [STDERR_REDIRECT] 
2025-04-02 09:21:44,085 [ERROR] LogOutputStream:75 - [STDERR_REDIRECT] [Fatal Error] :1:1: Premature end of file.
2025-04-02 09:21:44,085 [ERROR] LogOutputStream:75 - [STDERR_REDIRECT] 
2025-04-02 09:21:45,106 [ERROR] LogOutputStream:75 - [STDERR_REDIRECT] [Fatal Error] :1:1: Premature end of file.
2025-04-02 09:21:45,106 [ERROR] LogOutputStream:75 - [STDERR_REDIRECT] 
2025-04-02 09:21:46,083 [ERROR] LogOutputStream:75 - [STDERR_REDIRECT] [Fatal Error] :1:1: Premature end of file.
2025-04-02 09:21:46,083 [ERROR] LogOutputStream:75 - [STDERR_REDIRECT] 
2025-04-02 09:21:47,121 [ERROR] LogOutputStream:75 - [STDERR_REDIRECT] [Fatal Error] :1:1: Premature end of file.
2025-04-02 09:21:47,121 [ERROR] LogOutputStream:75 - [STDERR_REDIRECT] 
2025-04-02 09:21:48,108 [ERROR] LogOutputStream:75 - [STDERR_REDIRECT] [Fatal Error] :1:1: Premature end of file.
2025-04-02 09:21:48,108 [ERROR] LogOutputStream:75 - [STDERR_REDIRECT] 
2025-04-02 09:21:49,149 [ERROR] LogOutputStream:75 - [STDERR_REDIRECT] [Fatal Error] :1:1: Premature end of file.
2025-04-02 09:21:49,149 [ERROR] LogOutputStream:75 - [STDERR_REDIRECT] 
2025-04-02 09:21:50,094 [ERROR] LogOutputStream:75 - [STDERR_REDIRECT] [Fatal Error] :1:1: Premature end of file.
2025-04-02 09:21:50,094 [ERROR] LogOutputStream:75 - [STDERR_REDIRECT] 
2025-04-02 09:21:51,166 [ERROR] LogOutputStream:75 - [STDERR_REDIRECT] [Fatal Error] :1:1: Premature end of file.
2025-04-02 09:21:51,166 [ERROR] LogOutputStream:75 - [STDERR_REDIRECT] 
2025-04-02 09:21:52,096 [ERROR] LogOutputStream:75 - [STDERR_REDIRECT] [Fatal Error] :1:1: Premature end of file.
2025-04-02 09:21:52,096 [ERROR] LogOutputStream:75 - [STDERR_REDIRECT] 
2025-04-02 09:21:53,105 [ERROR] LogOutputStream:75 - [STDERR_REDIRECT] [Fatal Error] :1:1: Premature end of file.
2025-04-02 09:21:53,105 [ERROR] LogOutputStream:75 - [STDERR_REDIRECT] 
2025-04-02 09:21:54,107 [ERROR] LogOutputStream:75 - [STDERR_REDIRECT] [Fatal Error] :1:1: Premature end of file.
2025-04-02 09:21:54,107 [ERROR] LogOutputStream:75 - [STDERR_REDIRECT] 
2025-04-02 09:21:55,104 [ERROR] LogOutputStream:75 - [STDERR_REDIRECT] [Fatal Error] :1:1: Premature end of file.
2025-04-02 09:21:55,104 [ERROR] LogOutputStream:75 - [STDERR_REDIRECT] 
2025-04-02 09:21:56,094 [ERROR] LogOutputStream:75 - [STDERR_REDIRECT] [Fatal Error] :1:1: Premature end of file.
2025-04-02 09:21:56,094 [ERROR] LogOutputStream:75 - [STDERR_REDIRECT] 
2025-04-02 09:21:57,095 [ERROR] LogOutputStream:75 - [STDERR_REDIRECT] [Fatal Error] :1:1: Premature end of file.
2025-04-02 09:21:57,096 [ERROR] LogOutputStream:75 - [STDERR_REDIRECT] 
2025-04-02 09:21:58,099 [ERROR] LogOutputStream:75 - [STDERR_REDIRECT] [Fatal Error] :1:1: Premature end of file.
2025-04-02 09:21:58,100 [ERROR] LogOutputStream:75 - [STDERR_REDIRECT] 
2025-04-02 09:21:59,141 [ERROR] LogOutputStream:75 - [STDERR_REDIRECT] [Fatal Error] :1:1: Premature end of file.
2025-04-02 09:21:59,141 [ERROR] LogOutputStream:75 - [STDERR_REDIRECT] 
2025-04-02 09:22:00,094 [ERROR] LogOutputStream:75 - [STDERR_REDIRECT] [Fatal Error] :1:1: Premature end of file.
2025-04-02 09:22:00,094 [ERROR] LogOutputStream:75 - [STDERR_REDIRECT] 
2025-04-02 09:22:01,093 [ERROR] LogOutputStream:75 - [STDERR_REDIRECT] [Fatal Error] :1:1: Premature end of file.
2025-04-02 09:22:01,093 [ERROR] LogOutputStream:75 - [STDERR_REDIRECT] 
2025-04-02 09:22:02,085 [ERROR] LogOutputStream:75 - [STDERR_REDIRECT] [Fatal Error] :1:1: Premature end of file.
2025-04-02 09:22:02,085 [ERROR] LogOutputStream:75 - [STDERR_REDIRECT] 
2025-04-02 09:22:03,124 [ERROR] LogOutputStream:75 - [STDERR_REDIRECT] [Fatal Error] :1:1: Premature end of file.
2025-04-02 09:22:03,125 [ERROR] LogOutputStream:75 - [STDERR_REDIRECT] 
2025-04-02 09:22:04,121 [ERROR] LogOutputStream:75 - [STDERR_REDIRECT] [Fatal Error] :1:1: Premature end of file.
2025-04-02 09:22:04,121 [ERROR] LogOutputStream:75 - [STDERR_REDIRECT] 
2025-04-02 09:22:05,172 [ERROR] LogOutputStream:75 - [STDERR_REDIRECT] [Fatal Error] :1:1: Premature end of file.
2025-04-02 09:22:05,172 [ERROR] LogOutputStream:75 - [STDERR_REDIRECT] 
2025-04-02 09:22:06,103 [ERROR] LogOutputStream:75 - [STDERR_REDIRECT] [Fatal Error] :1:1: Premature end of file.
2025-04-02 09:22:06,104 [ERROR] LogOutputStream:75 - [STDERR_REDIRECT] 
2025-04-02 09:22:07,158 [ERROR] LogOutputStream:75 - [STDERR_REDIRECT] [Fatal Error] :1:1: Premature end of file.
2025-04-02 09:22:07,159 [ERROR] LogOutputStream:75 - [STDERR_REDIRECT] 
2025-04-02 09:22:08,096 [ERROR] LogOutputStream:75 - [STDERR_REDIRECT] [Fatal Error] :1:1: Premature end of file.
2025-04-02 09:22:08,097 [ERROR] LogOutputStream:75 - [STDERR_REDIRECT] 
2025-04-02 09:22:09,102 [ERROR] LogOutputStream:75 - [STDERR_REDIRECT] [Fatal Error] :1:1: Premature end of file.
2025-04-02 09:22:09,103 [ERROR] LogOutputStream:75 - [STDERR_REDIRECT] 
2025-04-02 09:22:10,102 [ERROR] LogOutputStream:75 - [STDERR_REDIRECT] [Fatal Error] :1:1: Premature end of file.
2025-04-02 09:22:10,103 [ERROR] LogOutputStream:75 - [STDERR_REDIRECT] 
2025-04-02 09:22:11,112 [ERROR] LogOutputStream:75 - [STDERR_REDIRECT] [Fatal Error] :1:1: Premature end of file.
2025-04-02 09:22:11,112 [ERROR] LogOutputStream:75 - [STDERR_REDIRECT] 
2025-04-02 09:22:12,090 [ERROR] LogOutputStream:75 - [STDERR_REDIRECT] [Fatal Error] :1:1: Premature end of file.
2025-04-02 09:22:12,090 [ERROR] LogOutputStream:75 - [STDERR_REDIRECT] 
2025-04-02 09:22:13,102 [ERROR] LogOutputStream:75 - [STDERR_REDIRECT] [Fatal Error] :1:1: Premature end of file.
2025-04-02 09:22:13,102 [ERROR] LogOutputStream:75 - [STDERR_REDIRECT] 
2025-04-02 09:22:14,098 [ERROR] LogOutputStream:75 - [STDERR_REDIRECT] [Fatal Error] :1:1: Premature end of file.
2025-04-02 09:22:14,098 [ERROR] LogOutputStream:75 - [STDERR_REDIRECT] 
2025-04-02 09:22:15,107 [ERROR] LogOutputStream:75 - [STDERR_REDIRECT] [Fatal Error] :1:1: Premature end of file.
2025-04-02 09:22:15,108 [ERROR] LogOutputStream:75 - [STDERR_REDIRECT] 
2025-04-02 09:22:16,107 [ERROR] LogOutputStream:75 - [STDERR_REDIRECT] [Fatal Error] :1:1: Premature end of file.
2025-04-02 09:22:16,107 [ERROR] LogOutputStream:75 - [STDERR_REDIRECT] 
2025-04-02 09:22:17,114 [ERROR] LogOutputStream:75 - [STDERR_REDIRECT] [Fatal Error] :1:1: Premature end of file.
2025-04-02 09:22:17,114 [ERROR] LogOutputStream:75 - [STDERR_REDIRECT] 
2025-04-02 09:22:18,092 [ERROR] LogOutputStream:75 - [STDERR_REDIRECT] [Fatal Error] :1:1: Premature end of file.
2025-04-02 09:22:18,092 [ERROR] LogOutputStream:75 - [STDERR_REDIRECT] 
2025-04-02 09:22:19,076 [ERROR] LogOutputStream:75 - [STDERR_REDIRECT] [Fatal Error] :1:1: Premature end of file.
2025-04-02 09:22:19,076 [ERROR] LogOutputStream:75 - [STDERR_REDIRECT] 
2025-04-02 09:22:20,106 [ERROR] LogOutputStream:75 - [STDERR_REDIRECT] [Fatal Error] :1:1: Premature end of file.
2025-04-02 09:22:20,107 [ERROR] LogOutputStream:75 - [STDERR_REDIRECT] 
2025-04-02 09:22:21,077 [ERROR] LogOutputStream:75 - [STDERR_REDIRECT] [Fatal Error] :1:1: Premature end of file.
2025-04-02 09:22:21,077 [ERROR] LogOutputStream:75 - [STDERR_REDIRECT] 
2025-04-02 09:22:22,096 [ERROR] LogOutputStream:75 - [STDERR_REDIRECT] [Fatal Error] :1:1: Premature end of file.
2025-04-02 09:22:22,096 [ERROR] LogOutputStream:75 - [STDERR_REDIRECT] 
2025-04-02 09:22:23,094 [ERROR] LogOutputStream:75 - [STDERR_REDIRECT] [Fatal Error] :1:1: Premature end of file.
2025-04-02 09:22:23,094 [ERROR] LogOutputStream:75 - [STDERR_REDIRECT] 
2025-04-02 09:22:24,073 [ERROR] LogOutputStream:75 - [STDERR_REDIRECT] [Fatal Error] :1:1: Premature end of file.
2025-04-02 09:22:24,073 [ERROR] LogOutputStream:75 - [STDERR_REDIRECT] 
2025-04-02 09:22:25,076 [ERROR] LogOutputStream:75 - [STDERR_REDIRECT] [Fatal Error] :1:1: Premature end of file.
2025-04-02 09:22:25,076 [ERROR] LogOutputStream:75 - [STDERR_REDIRECT] 
2025-04-02 09:22:26,122 [ERROR] LogOutputStream:75 - [STDERR_REDIRECT] [Fatal Error] :1:1: Premature end of file.
2025-04-02 09:22:26,123 [ERROR] LogOutputStream:75 - [STDERR_REDIRECT] 
2025-04-02 09:22:27,099 [ERROR] LogOutputStream:75 - [STDERR_REDIRECT] [Fatal Error] :1:1: Premature end of file.
2025-04-02 09:22:27,100 [ERROR] LogOutputStream:75 - [STDERR_REDIRECT] 
2025-04-02 09:22:28,118 [ERROR] LogOutputStream:75 - [STDERR_REDIRECT] [Fatal Error] :1:1: Premature end of file.
2025-04-02 09:22:28,118 [ERROR] LogOutputStream:75 - [STDERR_REDIRECT] 
2025-04-02 09:22:29,315 [ERROR] LogOutputStream:75 - [STDERR_REDIRECT] [Fatal Error] :1:1: Premature end of file.
2025-04-02 09:22:29,316 [ERROR] LogOutputStream:75 - [STDERR_REDIRECT] 
2025-04-02 09:22:30,123 [ERROR] LogOutputStream:75 - [STDERR_REDIRECT] [Fatal Error] :1:1: Premature end of file.
2025-04-02 09:22:30,123 [ERROR] LogOutputStream:75 - [STDERR_REDIRECT] 
2025-04-02 09:22:31,132 [ERROR] LogOutputStream:75 - [STDERR_REDIRECT] [Fatal Error] :1:1: Premature end of file.
2025-04-02 09:22:31,133 [ERROR] LogOutputStream:75 - [STDERR_REDIRECT] 
2025-04-02 09:22:32,077 [ERROR] LogOutputStream:75 - [STDERR_REDIRECT] [Fatal Error] :1:1: Premature end of file.
2025-04-02 09:22:32,077 [ERROR] LogOutputStream:75 - [STDERR_REDIRECT] 
2025-04-02 09:22:33,065 [ERROR] LogOutputStream:75 - [STDERR_REDIRECT] [Fatal Error] :1:1: Premature end of file.
2025-04-02 09:22:33,065 [ERROR] LogOutputStream:75 - [STDERR_REDIRECT] 
2025-04-02 09:22:34,103 [ERROR] LogOutputStream:75 - [STDERR_REDIRECT] [Fatal Error] :1:1: Premature end of file.
2025-04-02 09:22:34,103 [ERROR] LogOutputStream:75 - [STDERR_REDIRECT] 
2025-04-02 09:22:35,102 [ERROR] LogOutputStream:75 - [STDERR_REDIRECT] [Fatal Error] :1:1: Premature end of file.
2025-04-02 09:22:35,102 [ERROR] LogOutputStream:75 - [STDERR_REDIRECT] 
2025-04-02 09:22:36,088 [ERROR] LogOutputStream:75 - [STDERR_REDIRECT] [Fatal Error] :1:1: Premature end of file.
2025-04-02 09:22:36,089 [ERROR] LogOutputStream:75 - [STDERR_REDIRECT] 
2025-04-02 09:22:37,088 [ERROR] LogOutputStream:75 - [STDERR_REDIRECT] [Fatal Error] :1:1: Premature end of file.
2025-04-02 09:22:37,088 [ERROR] LogOutputStream:75 - [STDERR_REDIRECT] 
2025-04-02 09:22:38,083 [ERROR] LogOutputStream:75 - [STDERR_REDIRECT] [Fatal Error] :1:1: Premature end of file.
2025-04-02 09:22:38,083 [ERROR] LogOutputStream:75 - [STDERR_REDIRECT] 
2025-04-02 09:22:39,108 [ERROR] LogOutputStream:75 - [STDERR_REDIRECT] [Fatal Error] :1:1: Premature end of file.
2025-04-02 09:22:39,108 [ERROR] LogOutputStream:75 - [STDERR_REDIRECT] 
2025-04-02 09:22:40,133 [ERROR] LogOutputStream:75 - [STDERR_REDIRECT] [Fatal Error] :1:1: Premature end of file.
2025-04-02 09:22:40,134 [ERROR] LogOutputStream:75 - [STDERR_REDIRECT] 
2025-04-02 09:22:41,106 [ERROR] LogOutputStream:75 - [STDERR_REDIRECT] [Fatal Error] :1:1: Premature end of file.
2025-04-02 09:22:41,107 [ERROR] LogOutputStream:75 - [STDERR_REDIRECT] 
2025-04-02 09:22:42,110 [ERROR] LogOutputStream:75 - [STDERR_REDIRECT] [Fatal Error] :1:1: Premature end of file.
2025-04-02 09:22:42,110 [ERROR] LogOutputStream:75 - [STDERR_REDIRECT] 
2025-04-02 09:22:43,092 [ERROR] LogOutputStream:75 - [STDERR_REDIRECT] [Fatal Error] :1:1: Premature end of file.
2025-04-02 09:22:43,092 [ERROR] LogOutputStream:75 - [STDERR_REDIRECT] 
2025-04-02 09:22:44,108 [ERROR] LogOutputStream:75 - [STDERR_REDIRECT] [Fatal Error] :1:1: Premature end of file.
2025-04-02 09:22:44,108 [ERROR] LogOutputStream:75 - [STDERR_REDIRECT] 
2025-04-02 09:22:45,093 [ERROR] LogOutputStream:75 - [STDERR_REDIRECT] [Fatal Error] :1:1: Premature end of file.
2025-04-02 09:22:45,094 [ERROR] LogOutputStream:75 - [STDERR_REDIRECT] 
2025-04-02 09:22:46,182 [ERROR] LogOutputStream:75 - [STDERR_REDIRECT] [Fatal Error] :1:1: Premature end of file.
2025-04-02 09:22:46,182 [ERROR] LogOutputStream:75 - [STDERR_REDIRECT] 
2025-04-02 09:22:47,097 [ERROR] LogOutputStream:75 - [STDERR_REDIRECT] [Fatal Error] :1:1: Premature end of file.
2025-04-02 09:22:47,097 [ERROR] LogOutputStream:75 - [STDERR_REDIRECT] 
2025-04-02 09:22:48,116 [ERROR] LogOutputStream:75 - [STDERR_REDIRECT] [Fatal Error] :1:1: Premature end of file.
2025-04-02 09:22:48,116 [ERROR] LogOutputStream:75 - [STDERR_REDIRECT] 
2025-04-02 09:22:49,114 [ERROR] LogOutputStream:75 - [STDERR_REDIRECT] [Fatal Error] :1:1: Premature end of file.
2025-04-02 09:22:49,115 [ERROR] LogOutputStream:75 - [STDERR_REDIRECT] 
2025-04-02 09:22:50,084 [ERROR] LogOutputStream:75 - [STDERR_REDIRECT] [Fatal Error] :1:1: Premature end of file.
2025-04-02 09:22:50,085 [ERROR] LogOutputStream:75 - [STDERR_REDIRECT] 
2025-04-02 09:22:51,105 [ERROR] LogOutputStream:75 - [STDERR_REDIRECT] [Fatal Error] :1:1: Premature end of file.
2025-04-02 09:22:51,106 [ERROR] LogOutputStream:75 - [STDERR_REDIRECT] 
2025-04-02 09:22:52,104 [ERROR] LogOutputStream:75 - [STDERR_REDIRECT] [Fatal Error] :1:1: Premature end of file.
2025-04-02 09:22:52,104 [ERROR] LogOutputStream:75 - [STDERR_REDIRECT] 
2025-04-02 09:22:53,116 [ERROR] LogOutputStream:75 - [STDERR_REDIRECT] [Fatal Error] :1:1: Premature end of file.
2025-04-02 09:22:53,116 [ERROR] LogOutputStream:75 - [STDERR_REDIRECT] 
2025-04-02 09:22:54,125 [ERROR] LogOutputStream:75 - [STDERR_REDIRECT] [Fatal Error] :1:1: Premature end of file.
2025-04-02 09:22:54,125 [ERROR] LogOutputStream:75 - [STDERR_REDIRECT] 
2025-04-02 09:22:55,101 [ERROR] LogOutputStream:75 - [STDERR_REDIRECT] [Fatal Error] :1:1: Premature end of file.
2025-04-02 09:22:55,101 [ERROR] LogOutputStream:75 - [STDERR_REDIRECT] 
2025-04-02 09:22:56,096 [ERROR] LogOutputStream:75 - [STDERR_REDIRECT] [Fatal Error] :1:1: Premature end of file.
2025-04-02 09:22:56,096 [ERROR] LogOutputStream:75 - [STDERR_REDIRECT] 
2025-04-02 09:22:57,095 [ERROR] LogOutputStream:75 - [STDERR_REDIRECT] [Fatal Error] :1:1: Premature end of file.
2025-04-02 09:22:57,095 [ERROR] LogOutputStream:75 - [STDERR_REDIRECT] 
2025-04-02 09:22:58,097 [ERROR] LogOutputStream:75 - [STDERR_REDIRECT] [Fatal Error] :1:1: Premature end of file.
2025-04-02 09:22:58,098 [ERROR] LogOutputStream:75 - [STDERR_REDIRECT] 
2025-04-02 09:22:59,120 [ERROR] LogOutputStream:75 - [STDERR_REDIRECT] [Fatal Error] :1:1: Premature end of file.
2025-04-02 09:22:59,121 [ERROR] LogOutputStream:75 - [STDERR_REDIRECT] 
2025-04-02 09:23:00,090 [ERROR] LogOutputStream:75 - [STDERR_REDIRECT] [Fatal Error] :1:1: Premature end of file.
2025-04-02 09:23:00,090 [ERROR] LogOutputStream:75 - [STDERR_REDIRECT] 
2025-04-02 09:23:01,116 [ERROR] LogOutputStream:75 - [STDERR_REDIRECT] [Fatal Error] :1:1: Premature end of file.
2025-04-02 09:23:01,116 [ERROR] LogOutputStream:75 - [STDERR_REDIRECT] 
2025-04-02 09:23:02,099 [ERROR] LogOutputStream:75 - [STDERR_REDIRECT] [Fatal Error] :1:1: Premature end of file.
2025-04-02 09:23:02,099 [ERROR] LogOutputStream:75 - [STDERR_REDIRECT] 
2025-04-02 09:23:03,094 [ERROR] LogOutputStream:75 - [STDERR_REDIRECT] [Fatal Error] :1:1: Premature end of file.
2025-04-02 09:23:03,094 [ERROR] LogOutputStream:75 - [STDERR_REDIRECT] 
2025-04-02 09:23:04,117 [ERROR] LogOutputStream:75 - [STDERR_REDIRECT] [Fatal Error] :1:1: Premature end of file.
2025-04-02 09:23:04,117 [ERROR] LogOutputStream:75 - [STDERR_REDIRECT] 
2025-04-02 09:23:05,098 [ERROR] LogOutputStream:75 - [STDERR_REDIRECT] [Fatal Error] :1:1: Premature end of file.
2025-04-02 09:23:05,098 [ERROR] LogOutputStream:75 - [STDERR_REDIRECT] 
2025-04-02 09:23:06,093 [ERROR] LogOutputStream:75 - [STDERR_REDIRECT] [Fatal Error] :1:1: Premature end of file.
2025-04-02 09:23:06,093 [ERROR] LogOutputStream:75 - [STDERR_REDIRECT] 
2025-04-02 09:23:07,109 [ERROR] LogOutputStream:75 - [STDERR_REDIRECT] [Fatal Error] :1:1: Premature end of file.
2025-04-02 09:23:07,110 [ERROR] LogOutputStream:75 - [STDERR_REDIRECT] 
2025-04-02 09:23:08,104 [ERROR] LogOutputStream:75 - [STDERR_REDIRECT] [Fatal Error] :1:1: Premature end of file.
2025-04-02 09:23:08,104 [ERROR] LogOutputStream:75 - [STDERR_REDIRECT] 
2025-04-02 09:23:09,138 [ERROR] LogOutputStream:75 - [STDERR_REDIRECT] [Fatal Error] :1:1: Premature end of file.
2025-04-02 09:23:09,138 [ERROR] LogOutputStream:75 - [STDERR_REDIRECT] 
2025-04-02 09:23:10,107 [ERROR] LogOutputStream:75 - [STDERR_REDIRECT] [Fatal Error] :1:1: Premature end of file.
2025-04-02 09:23:10,107 [ERROR] LogOutputStream:75 - [STDERR_REDIRECT] 
2025-04-02 09:23:11,070 [ERROR] LogOutputStream:75 - [STDERR_REDIRECT] [Fatal Error] :1:1: Premature end of file.
2025-04-02 09:23:11,070 [ERROR] LogOutputStream:75 - [STDERR_REDIRECT] 
2025-04-02 09:23:12,152 [ERROR] LogOutputStream:75 - [STDERR_REDIRECT] [Fatal Error] :1:1: Premature end of file.
2025-04-02 09:23:12,152 [ERROR] LogOutputStream:75 - [STDERR_REDIRECT] 
2025-04-02 09:23:13,089 [ERROR] LogOutputStream:75 - [STDERR_REDIRECT] [Fatal Error] :1:1: Premature end of file.
2025-04-02 09:23:13,090 [ERROR] LogOutputStream:75 - [STDERR_REDIRECT] 
2025-04-02 09:23:14,116 [ERROR] LogOutputStream:75 - [STDERR_REDIRECT] [Fatal Error] :1:1: Premature end of file.
2025-04-02 09:23:14,116 [ERROR] LogOutputStream:75 - [STDERR_REDIRECT] 
2025-04-02 09:23:15,078 [ERROR] LogOutputStream:75 - [STDERR_REDIRECT] [Fatal Error] :1:1: Premature end of file.
2025-04-02 09:23:15,078 [ERROR] LogOutputStream:75 - [STDERR_REDIRECT] 
2025-04-02 09:23:16,090 [ERROR] LogOutputStream:75 - [STDERR_REDIRECT] [Fatal Error] :1:1: Premature end of file.
2025-04-02 09:23:16,090 [ERROR] LogOutputStream:75 - [STDERR_REDIRECT] 
2025-04-02 09:23:17,091 [ERROR] LogOutputStream:75 - [STDERR_REDIRECT] [Fatal Error] :1:1: Premature end of file.
2025-04-02 09:23:17,092 [ERROR] LogOutputStream:75 - [STDERR_REDIRECT] 
2025-04-02 09:23:18,111 [ERROR] LogOutputStream:75 - [STDERR_REDIRECT] [Fatal Error] :1:1: Premature end of file.
2025-04-02 09:23:18,112 [ERROR] LogOutputStream:75 - [STDERR_REDIRECT] 
2025-04-02 09:23:19,091 [ERROR] LogOutputStream:75 - [STDERR_REDIRECT] [Fatal Error] :1:1: Premature end of file.
2025-04-02 09:23:19,092 [ERROR] LogOutputStream:75 - [STDERR_REDIRECT] 
2025-04-02 09:23:20,068 [ERROR] LogOutputStream:75 - [STDERR_REDIRECT] [Fatal Error] :1:1: Premature end of file.
2025-04-02 09:23:20,068 [ERROR] LogOutputStream:75 - [STDERR_REDIRECT] 
2025-04-02 09:23:21,128 [ERROR] LogOutputStream:75 - [STDERR_REDIRECT] [Fatal Error] :1:1: Premature end of file.
2025-04-02 09:23:21,128 [ERROR] LogOutputStream:75 - [STDERR_REDIRECT] 
2025-04-02 09:23:22,063 [ERROR] LogOutputStream:75 - [STDERR_REDIRECT] [Fatal Error] :1:1: Premature end of file.
2025-04-02 09:23:22,063 [ERROR] LogOutputStream:75 - [STDERR_REDIRECT] 
2025-04-02 09:23:23,186 [ERROR] LogOutputStream:75 - [STDERR_REDIRECT] [Fatal Error] :1:1: Premature end of file.
2025-04-02 09:23:23,186 [ERROR] LogOutputStream:75 - [STDERR_REDIRECT] 
2025-04-02 09:23:24,100 [ERROR] LogOutputStream:75 - [STDERR_REDIRECT] [Fatal Error] :1:1: Premature end of file.
2025-04-02 09:23:24,100 [ERROR] LogOutputStream:75 - [STDERR_REDIRECT] 
2025-04-02 09:23:25,061 [ERROR] LogOutputStream:75 - [STDERR_REDIRECT] [Fatal Error] :1:1: Premature end of file.
2025-04-02 09:23:25,061 [ERROR] LogOutputStream:75 - [STDERR_REDIRECT] 
2025-04-02 09:23:26,164 [ERROR] LogOutputStream:75 - [STDERR_REDIRECT] [Fatal Error] :1:1: Premature end of file.
2025-04-02 09:23:26,165 [ERROR] LogOutputStream:75 - [STDERR_REDIRECT] 
2025-04-02 09:23:27,110 [ERROR] LogOutputStream:75 - [STDERR_REDIRECT] [Fatal Error] :1:1: Premature end of file.
2025-04-02 09:23:27,110 [ERROR] LogOutputStream:75 - [STDERR_REDIRECT] 
2025-04-02 09:23:28,151 [ERROR] LogOutputStream:75 - [STDERR_REDIRECT] [Fatal Error] :1:1: Premature end of file.
2025-04-02 09:23:28,151 [ERROR] LogOutputStream:75 - [STDERR_REDIRECT] 
2025-04-02 09:23:29,145 [ERROR] LogOutputStream:75 - [STDERR_REDIRECT] [Fatal Error] :1:1: Premature end of file.
2025-04-02 09:23:29,145 [ERROR] LogOutputStream:75 - [STDERR_REDIRECT] 
2025-04-02 09:23:30,114 [ERROR] LogOutputStream:75 - [STDERR_REDIRECT] [Fatal Error] :1:1: Premature end of file.
2025-04-02 09:23:30,114 [ERROR] LogOutputStream:75 - [STDERR_REDIRECT] 
2025-04-02 09:23:31,127 [ERROR] LogOutputStream:75 - [STDERR_REDIRECT] [Fatal Error] :1:1: Premature end of file.
2025-04-02 09:23:31,127 [ERROR] LogOutputStream:75 - [STDERR_REDIRECT] 
2025-04-02 09:23:32,116 [ERROR] LogOutputStream:75 - [STDERR_REDIRECT] [Fatal Error] :1:1: Premature end of file.
2025-04-02 09:23:32,116 [ERROR] LogOutputStream:75 - [STDERR_REDIRECT] 
2025-04-02 09:23:33,097 [ERROR] LogOutputStream:75 - [STDERR_REDIRECT] [Fatal Error] :1:1: Premature end of file.
2025-04-02 09:23:33,097 [ERROR] LogOutputStream:75 - [STDERR_REDIRECT] 
2025-04-02 09:23:34,106 [ERROR] LogOutputStream:75 - [STDERR_REDIRECT] [Fatal Error] :1:1: Premature end of file.
2025-04-02 09:23:34,106 [ERROR] LogOutputStream:75 - [STDERR_REDIRECT] 
2025-04-02 09:23:35,097 [ERROR] LogOutputStream:75 - [STDERR_REDIRECT] [Fatal Error] :1:1: Premature end of file.
2025-04-02 09:23:35,097 [ERROR] LogOutputStream:75 - [STDERR_REDIRECT] 
2025-04-02 09:23:36,093 [ERROR] LogOutputStream:75 - [STDERR_REDIRECT] [Fatal Error] :1:1: Premature end of file.
2025-04-02 09:23:36,093 [ERROR] LogOutputStream:75 - [STDERR_REDIRECT] 
2025-04-02 09:23:37,084 [ERROR] LogOutputStream:75 - [STDERR_REDIRECT] [Fatal Error] :1:1: Premature end of file.
2025-04-02 09:23:37,084 [ERROR] LogOutputStream:75 - [STDERR_REDIRECT] 
2025-04-02 09:23:38,092 [ERROR] LogOutputStream:75 - [STDERR_REDIRECT] [Fatal Error] :1:1: Premature end of file.
2025-04-02 09:23:38,092 [ERROR] LogOutputStream:75 - [STDERR_REDIRECT] 
2025-04-02 09:23:39,079 [ERROR] LogOutputStream:75 - [STDERR_REDIRECT] [Fatal Error] :1:1: Premature end of file.
2025-04-02 09:23:39,079 [ERROR] LogOutputStream:75 - [STDERR_REDIRECT] 
2025-04-02 09:23:40,094 [ERROR] LogOutputStream:75 - [STDERR_REDIRECT] [Fatal Error] :1:1: Premature end of file.
2025-04-02 09:23:40,094 [ERROR] LogOutputStream:75 - [STDERR_REDIRECT] 
2025-04-02 09:23:41,097 [ERROR] LogOutputStream:75 - [STDERR_REDIRECT] [Fatal Error] :1:1: Premature end of file.
2025-04-02 09:23:41,098 [ERROR] LogOutputStream:75 - [STDERR_REDIRECT] 
2025-04-02 09:23:42,083 [ERROR] LogOutputStream:75 - [STDERR_REDIRECT] [Fatal Error] :1:1: Premature end of file.
2025-04-02 09:23:42,084 [ERROR] LogOutputStream:75 - [STDERR_REDIRECT] 
2025-04-02 09:23:43,086 [ERROR] LogOutputStream:75 - [STDERR_REDIRECT] [Fatal Error] :1:1: Premature end of file.
2025-04-02 09:23:43,086 [ERROR] LogOutputStream:75 - [STDERR_REDIRECT] 
2025-04-02 09:23:44,133 [ERROR] LogOutputStream:75 - [STDERR_REDIRECT] [Fatal Error] :1:1: Premature end of file.
2025-04-02 09:23:44,134 [ERROR] LogOutputStream:75 - [STDERR_REDIRECT] 
2025-04-02 09:23:45,117 [ERROR] LogOutputStream:75 - [STDERR_REDIRECT] [Fatal Error] :1:1: Premature end of file.
2025-04-02 09:23:45,117 [ERROR] LogOutputStream:75 - [STDERR_REDIRECT] 
2025-04-02 09:23:46,170 [ERROR] LogOutputStream:75 - [STDERR_REDIRECT] [Fatal Error] :1:1: Premature end of file.
2025-04-02 09:23:46,171 [ERROR] LogOutputStream:75 - [STDERR_REDIRECT] 
2025-04-02 09:23:47,097 [ERROR] LogOutputStream:75 - [STDERR_REDIRECT] [Fatal Error] :1:1: Premature end of file.
2025-04-02 09:23:47,097 [ERROR] LogOutputStream:75 - [STDERR_REDIRECT] 
2025-04-02 09:23:48,107 [ERROR] LogOutputStream:75 - [STDERR_REDIRECT] [Fatal Error] :1:1: Premature end of file.
2025-04-02 09:23:48,108 [ERROR] LogOutputStream:75 - [STDERR_REDIRECT] 
2025-04-02 09:23:49,089 [ERROR] LogOutputStream:75 - [STDERR_REDIRECT] [Fatal Error] :1:1: Premature end of file.
2025-04-02 09:23:49,089 [ERROR] LogOutputStream:75 - [STDERR_REDIRECT] 
2025-04-02 09:23:50,102 [ERROR] LogOutputStream:75 - [STDERR_REDIRECT] [Fatal Error] :1:1: Premature end of file.
2025-04-02 09:23:50,103 [ERROR] LogOutputStream:75 - [STDERR_REDIRECT] 
2025-04-02 09:23:51,076 [ERROR] LogOutputStream:75 - [STDERR_REDIRECT] [Fatal Error] :1:1: Premature end of file.
2025-04-02 09:23:51,077 [ERROR] LogOutputStream:75 - [STDERR_REDIRECT] 
2025-04-02 09:23:52,102 [ERROR] LogOutputStream:75 - [STDERR_REDIRECT] [Fatal Error] :1:1: Premature end of file.
2025-04-02 09:23:52,102 [ERROR] LogOutputStream:75 - [STDERR_REDIRECT] 
2025-04-02 09:23:53,094 [ERROR] LogOutputStream:75 - [STDERR_REDIRECT] [Fatal Error] :1:1: Premature end of file.
2025-04-02 09:23:53,094 [ERROR] LogOutputStream:75 - [STDERR_REDIRECT] 
2025-04-02 09:23:54,096 [ERROR] LogOutputStream:75 - [STDERR_REDIRECT] [Fatal Error] :1:1: Premature end of file.
2025-04-02 09:23:54,096 [ERROR] LogOutputStream:75 - [STDERR_REDIRECT] 
2025-04-02 09:23:55,101 [ERROR] LogOutputStream:75 - [STDERR_REDIRECT] [Fatal Error] :1:1: Premature end of file.
2025-04-02 09:23:55,101 [ERROR] LogOutputStream:75 - [STDERR_REDIRECT] 
2025-04-02 09:23:56,073 [ERROR] LogOutputStream:75 - [STDERR_REDIRECT] [Fatal Error] :1:1: Premature end of file.
2025-04-02 09:23:56,073 [ERROR] LogOutputStream:75 - [STDERR_REDIRECT] 
2025-04-02 09:23:57,092 [ERROR] LogOutputStream:75 - [STDERR_REDIRECT] [Fatal Error] :1:1: Premature end of file.
2025-04-02 09:23:57,092 [ERROR] LogOutputStream:75 - [STDERR_REDIRECT] 
2025-04-02 09:23:58,093 [ERROR] LogOutputStream:75 - [STDERR_REDIRECT] [Fatal Error] :1:1: Premature end of file.
2025-04-02 09:23:58,093 [ERROR] LogOutputStream:75 - [STDERR_REDIRECT] 
2025-04-02 09:23:59,105 [ERROR] LogOutputStream:75 - [STDERR_REDIRECT] [Fatal Error] :1:1: Premature end of file.
2025-04-02 09:23:59,105 [ERROR] LogOutputStream:75 - [STDERR_REDIRECT] 
2025-04-02 09:24:00,109 [ERROR] LogOutputStream:75 - [STDERR_REDIRECT] [Fatal Error] :1:1: Premature end of file.
2025-04-02 09:24:00,110 [ERROR] LogOutputStream:75 - [STDERR_REDIRECT] 
2025-04-02 09:24:01,095 [ERROR] LogOutputStream:75 - [STDERR_REDIRECT] [Fatal Error] :1:1: Premature end of file.
2025-04-02 09:24:01,095 [ERROR] LogOutputStream:75 - [STDERR_REDIRECT] 
2025-04-02 09:24:02,078 [ERROR] LogOutputStream:75 - [STDERR_REDIRECT] [Fatal Error] :1:1: Premature end of file.
2025-04-02 09:24:02,079 [ERROR] LogOutputStream:75 - [STDERR_REDIRECT] 
2025-04-02 09:24:03,095 [ERROR] LogOutputStream:75 - [STDERR_REDIRECT] [Fatal Error] :1:1: Premature end of file.
2025-04-02 09:24:03,095 [ERROR] LogOutputStream:75 - [STDERR_REDIRECT] 
2025-04-02 09:24:04,095 [ERROR] LogOutputStream:75 - [STDERR_REDIRECT] [Fatal Error] :1:1: Premature end of file.
2025-04-02 09:24:04,095 [ERROR] LogOutputStream:75 - [STDERR_REDIRECT] 
2025-04-02 09:24:05,114 [ERROR] LogOutputStream:75 - [STDERR_REDIRECT] [Fatal Error] :1:1: Premature end of file.
2025-04-02 09:24:05,114 [ERROR] LogOutputStream:75 - [STDERR_REDIRECT] 
2025-04-02 09:24:06,073 [ERROR] LogOutputStream:75 - [STDERR_REDIRECT] [Fatal Error] :1:1: Premature end of file.
2025-04-02 09:24:06,073 [ERROR] LogOutputStream:75 - [STDERR_REDIRECT] 
2025-04-02 09:24:07,106 [ERROR] LogOutputStream:75 - [STDERR_REDIRECT] [Fatal Error] :1:1: Premature end of file.
2025-04-02 09:24:07,107 [ERROR] LogOutputStream:75 - [STDERR_REDIRECT] 
2025-04-02 09:24:08,107 [ERROR] LogOutputStream:75 - [STDERR_REDIRECT] [Fatal Error] :1:1: Premature end of file.
2025-04-02 09:24:08,107 [ERROR] LogOutputStream:75 - [STDERR_REDIRECT] 
2025-04-02 09:24:09,085 [ERROR] LogOutputStream:75 - [STDERR_REDIRECT] [Fatal Error] :1:1: Premature end of file.
2025-04-02 09:24:09,086 [ERROR] LogOutputStream:75 - [STDERR_REDIRECT] 
2025-04-02 09:24:10,097 [ERROR] LogOutputStream:75 - [STDERR_REDIRECT] [Fatal Error] :1:1: Premature end of file.
2025-04-02 09:24:10,098 [ERROR] LogOutputStream:75 - [STDERR_REDIRECT] 
2025-04-02 09:24:11,071 [ERROR] LogOutputStream:75 - [STDERR_REDIRECT] [Fatal Error] :1:1: Premature end of file.
2025-04-02 09:24:11,071 [ERROR] LogOutputStream:75 - [STDERR_REDIRECT] 
2025-04-02 09:24:12,170 [ERROR] LogOutputStream:75 - [STDERR_REDIRECT] [Fatal Error] :1:1: Premature end of file.
2025-04-02 09:24:12,170 [ERROR] LogOutputStream:75 - [STDERR_REDIRECT] 
2025-04-02 09:24:13,095 [ERROR] LogOutputStream:75 - [STDERR_REDIRECT] [Fatal Error] :1:1: Premature end of file.
2025-04-02 09:24:13,096 [ERROR] LogOutputStream:75 - [STDERR_REDIRECT] 
2025-04-02 09:24:14,094 [ERROR] LogOutputStream:75 - [STDERR_REDIRECT] [Fatal Error] :1:1: Premature end of file.
2025-04-02 09:24:14,094 [ERROR] LogOutputStream:75 - [STDERR_REDIRECT] 
2025-04-02 09:24:15,109 [ERROR] LogOutputStream:75 - [STDERR_REDIRECT] [Fatal Error] :1:1: Premature end of file.
2025-04-02 09:24:15,110 [ERROR] LogOutputStream:75 - [STDERR_REDIRECT] 
2025-04-02 09:24:16,113 [ERROR] LogOutputStream:75 - [STDERR_REDIRECT] [Fatal Error] :1:1: Premature end of file.
2025-04-02 09:24:16,113 [ERROR] LogOutputStream:75 - [STDERR_REDIRECT] 
2025-04-02 09:24:17,091 [ERROR] LogOutputStream:75 - [STDERR_REDIRECT] [Fatal Error] :1:1: Premature end of file.
2025-04-02 09:24:17,091 [ERROR] LogOutputStream:75 - [STDERR_REDIRECT] 
2025-04-02 09:24:18,112 [ERROR] LogOutputStream:75 - [STDERR_REDIRECT] [Fatal Error] :1:1: Premature end of file.
2025-04-02 09:24:18,113 [ERROR] LogOutputStream:75 - [STDERR_REDIRECT] 
2025-04-02 09:24:19,065 [ERROR] LogOutputStream:75 - [STDERR_REDIRECT] [Fatal Error] :1:1: Premature end of file.
2025-04-02 09:24:19,065 [ERROR] LogOutputStream:75 - [STDERR_REDIRECT] 
2025-04-02 09:24:20,070 [ERROR] LogOutputStream:75 - [STDERR_REDIRECT] [Fatal Error] :1:1: Premature end of file.
2025-04-02 09:24:20,071 [ERROR] LogOutputStream:75 - [STDERR_REDIRECT] 
2025-04-02 09:24:21,075 [ERROR] LogOutputStream:75 - [STDERR_REDIRECT] [Fatal Error] :1:1: Premature end of file.
2025-04-02 09:24:21,075 [ERROR] LogOutputStream:75 - [STDERR_REDIRECT] 
2025-04-02 09:24:22,076 [ERROR] LogOutputStream:75 - [STDERR_REDIRECT] [Fatal Error] :1:1: Premature end of file.
2025-04-02 09:24:22,076 [ERROR] LogOutputStream:75 - [STDERR_REDIRECT] 
2025-04-02 09:24:23,102 [ERROR] LogOutputStream:75 - [STDERR_REDIRECT] [Fatal Error] :1:1: Premature end of file.
2025-04-02 09:24:23,102 [ERROR] LogOutputStream:75 - [STDERR_REDIRECT] 
2025-04-02 09:24:24,137 [ERROR] LogOutputStream:75 - [STDERR_REDIRECT] [Fatal Error] :1:1: Premature end of file.
2025-04-02 09:24:24,137 [ERROR] LogOutputStream:75 - [STDERR_REDIRECT] 
2025-04-02 09:24:25,112 [ERROR] LogOutputStream:75 - [STDERR_REDIRECT] [Fatal Error] :1:1: Premature end of file.
2025-04-02 09:24:25,113 [ERROR] LogOutputStream:75 - [STDERR_REDIRECT] 
2025-04-02 09:24:26,083 [ERROR] LogOutputStream:75 - [STDERR_REDIRECT] [Fatal Error] :1:1: Premature end of file.
2025-04-02 09:24:26,083 [ERROR] LogOutputStream:75 - [STDERR_REDIRECT] 
2025-04-02 09:24:27,064 [ERROR] LogOutputStream:75 - [STDERR_REDIRECT] [Fatal Error] :1:1: Premature end of file.
2025-04-02 09:24:27,064 [ERROR] LogOutputStream:75 - [STDERR_REDIRECT] 
2025-04-02 09:24:28,085 [ERROR] LogOutputStream:75 - [STDERR_REDIRECT] [Fatal Error] :1:1: Premature end of file.
2025-04-02 09:24:28,085 [ERROR] LogOutputStream:75 - [STDERR_REDIRECT] 
2025-04-02 09:24:29,120 [ERROR] LogOutputStream:75 - [STDERR_REDIRECT] [Fatal Error] :1:1: Premature end of file.
2025-04-02 09:24:29,121 [ERROR] LogOutputStream:75 - [STDERR_REDIRECT] 
2025-04-02 09:24:30,116 [ERROR] LogOutputStream:75 - [STDERR_REDIRECT] [Fatal Error] :1:1: Premature end of file.
2025-04-02 09:24:30,116 [ERROR] LogOutputStream:75 - [STDERR_REDIRECT] 
2025-04-02 09:24:31,085 [ERROR] LogOutputStream:75 - [STDERR_REDIRECT] [Fatal Error] :1:1: Premature end of file.
2025-04-02 09:24:31,085 [ERROR] LogOutputStream:75 - [STDERR_REDIRECT] 
2025-04-02 09:24:32,109 [ERROR] LogOutputStream:75 - [STDERR_REDIRECT] [Fatal Error] :1:1: Premature end of file.
2025-04-02 09:24:32,109 [ERROR] LogOutputStream:75 - [STDERR_REDIRECT] 
2025-04-02 09:24:33,074 [ERROR] LogOutputStream:75 - [STDERR_REDIRECT] [Fatal Error] :1:1: Premature end of file.
2025-04-02 09:24:33,074 [ERROR] LogOutputStream:75 - [STDERR_REDIRECT] 
2025-04-02 09:24:34,083 [ERROR] LogOutputStream:75 - [STDERR_REDIRECT] [Fatal Error] :1:1: Premature end of file.
2025-04-02 09:24:34,083 [ERROR] LogOutputStream:75 - [STDERR_REDIRECT] 
2025-04-02 09:24:35,079 [ERROR] LogOutputStream:75 - [STDERR_REDIRECT] [Fatal Error] :1:1: Premature end of file.
2025-04-02 09:24:35,079 [ERROR] LogOutputStream:75 - [STDERR_REDIRECT] 
2025-04-02 09:24:36,098 [ERROR] LogOutputStream:75 - [STDERR_REDIRECT] [Fatal Error] :1:1: Premature end of file.
2025-04-02 09:24:36,098 [ERROR] LogOutputStream:75 - [STDERR_REDIRECT] 
2025-04-02 09:24:37,094 [ERROR] LogOutputStream:75 - [STDERR_REDIRECT] [Fatal Error] :1:1: Premature end of file.
2025-04-02 09:24:37,095 [ERROR] LogOutputStream:75 - [STDERR_REDIRECT] 
2025-04-02 09:24:38,092 [ERROR] LogOutputStream:75 - [STDERR_REDIRECT] [Fatal Error] :1:1: Premature end of file.
2025-04-02 09:24:38,092 [ERROR] LogOutputStream:75 - [STDERR_REDIRECT] 
2025-04-02 09:24:39,097 [ERROR] LogOutputStream:75 - [STDERR_REDIRECT] [Fatal Error] :1:1: Premature end of file.
2025-04-02 09:24:39,098 [ERROR] LogOutputStream:75 - [STDERR_REDIRECT] 
2025-04-02 09:24:40,117 [ERROR] LogOutputStream:75 - [STDERR_REDIRECT] [Fatal Error] :1:1: Premature end of file.
2025-04-02 09:24:40,117 [ERROR] LogOutputStream:75 - [STDERR_REDIRECT] 
2025-04-02 09:24:41,116 [ERROR] LogOutputStream:75 - [STDERR_REDIRECT] [Fatal Error] :1:1: Premature end of file.
2025-04-02 09:24:41,116 [ERROR] LogOutputStream:75 - [STDERR_REDIRECT] 
2025-04-02 09:24:42,097 [ERROR] LogOutputStream:75 - [STDERR_REDIRECT] [Fatal Error] :1:1: Premature end of file.
2025-04-02 09:24:42,097 [ERROR] LogOutputStream:75 - [STDERR_REDIRECT] 
2025-04-02 09:24:43,099 [ERROR] LogOutputStream:75 - [STDERR_REDIRECT] [Fatal Error] :1:1: Premature end of file.
2025-04-02 09:24:43,099 [ERROR] LogOutputStream:75 - [STDERR_REDIRECT] 
2025-04-02 09:24:44,122 [ERROR] LogOutputStream:75 - [STDERR_REDIRECT] [Fatal Error] :1:1: Premature end of file.
2025-04-02 09:24:44,122 [ERROR] LogOutputStream:75 - [STDERR_REDIRECT] 
2025-04-02 09:24:45,101 [ERROR] LogOutputStream:75 - [STDERR_REDIRECT] [Fatal Error] :1:1: Premature end of file.
2025-04-02 09:24:45,101 [ERROR] LogOutputStream:75 - [STDERR_REDIRECT] 
2025-04-02 09:24:46,085 [ERROR] LogOutputStream:75 - [STDERR_REDIRECT] [Fatal Error] :1:1: Premature end of file.
2025-04-02 09:24:46,086 [ERROR] LogOutputStream:75 - [STDERR_REDIRECT] 
2025-04-02 09:24:47,100 [ERROR] LogOutputStream:75 - [STDERR_REDIRECT] [Fatal Error] :1:1: Premature end of file.
2025-04-02 09:24:47,100 [ERROR] LogOutputStream:75 - [STDERR_REDIRECT] 
2025-04-02 09:24:48,094 [ERROR] LogOutputStream:75 - [STDERR_REDIRECT] [Fatal Error] :1:1: Premature end of file.
2025-04-02 09:24:48,095 [ERROR] LogOutputStream:75 - [STDERR_REDIRECT] 
2025-04-02 09:24:49,096 [ERROR] LogOutputStream:75 - [STDERR_REDIRECT] [Fatal Error] :1:1: Premature end of file.
2025-04-02 09:24:49,096 [ERROR] LogOutputStream:75 - [STDERR_REDIRECT] 
2025-04-02 09:24:50,088 [ERROR] LogOutputStream:75 - [STDERR_REDIRECT] [Fatal Error] :1:1: Premature end of file.
2025-04-02 09:24:50,088 [ERROR] LogOutputStream:75 - [STDERR_REDIRECT] 
2025-04-02 09:24:51,111 [ERROR] LogOutputStream:75 - [STDERR_REDIRECT] [Fatal Error] :1:1: Premature end of file.
2025-04-02 09:24:51,111 [ERROR] LogOutputStream:75 - [STDERR_REDIRECT] 
2025-04-02 09:24:52,086 [ERROR] LogOutputStream:75 - [STDERR_REDIRECT] [Fatal Error] :1:1: Premature end of file.
2025-04-02 09:24:52,086 [ERROR] LogOutputStream:75 - [STDERR_REDIRECT] 
2025-04-02 09:24:53,081 [ERROR] LogOutputStream:75 - [STDERR_REDIRECT] [Fatal Error] :1:1: Premature end of file.
2025-04-02 09:24:53,082 [ERROR] LogOutputStream:75 - [STDERR_REDIRECT] 
2025-04-02 09:24:54,104 [ERROR] LogOutputStream:75 - [STDERR_REDIRECT] [Fatal Error] :1:1: Premature end of file.
2025-04-02 09:24:54,104 [ERROR] LogOutputStream:75 - [STDERR_REDIRECT] 
2025-04-02 09:24:55,093 [ERROR] LogOutputStream:75 - [STDERR_REDIRECT] [Fatal Error] :1:1: Premature end of file.
2025-04-02 09:24:55,093 [ERROR] LogOutputStream:75 - [STDERR_REDIRECT] 
2025-04-02 09:24:56,100 [ERROR] LogOutputStream:75 - [STDERR_REDIRECT] [Fatal Error] :1:1: Premature end of file.
2025-04-02 09:24:56,100 [ERROR] LogOutputStream:75 - [STDERR_REDIRECT] 
2025-04-02 09:24:57,133 [ERROR] LogOutputStream:75 - [STDERR_REDIRECT] [Fatal Error] :1:1: Premature end of file.
2025-04-02 09:24:57,133 [ERROR] LogOutputStream:75 - [STDERR_REDIRECT] 
2025-04-02 09:24:58,093 [ERROR] LogOutputStream:75 - [STDERR_REDIRECT] [Fatal Error] :1:1: Premature end of file.
2025-04-02 09:24:58,093 [ERROR] LogOutputStream:75 - [STDERR_REDIRECT] 
2025-04-02 09:24:59,101 [ERROR] LogOutputStream:75 - [STDERR_REDIRECT] [Fatal Error] :1:1: Premature end of file.
2025-04-02 09:24:59,102 [ERROR] LogOutputStream:75 - [STDERR_REDIRECT] 
2025-04-02 09:25:00,093 [ERROR] LogOutputStream:75 - [STDERR_REDIRECT] [Fatal Error] :1:1: Premature end of file.
2025-04-02 09:25:00,093 [ERROR] LogOutputStream:75 - [STDERR_REDIRECT] 
2025-04-02 09:25:01,098 [ERROR] LogOutputStream:75 - [STDERR_REDIRECT] [Fatal Error] :1:1: Premature end of file.
2025-04-02 09:25:01,099 [ERROR] LogOutputStream:75 - [STDERR_REDIRECT] 
2025-04-02 09:25:02,095 [ERROR] LogOutputStream:75 - [STDERR_REDIRECT] [Fatal Error] :1:1: Premature end of file.
2025-04-02 09:25:02,095 [ERROR] LogOutputStream:75 - [STDERR_REDIRECT] 
2025-04-02 09:25:03,085 [ERROR] LogOutputStream:75 - [STDERR_REDIRECT] [Fatal Error] :1:1: Premature end of file.
2025-04-02 09:25:03,085 [ERROR] LogOutputStream:75 - [STDERR_REDIRECT] 
2025-04-02 09:25:04,070 [ERROR] LogOutputStream:75 - [STDERR_REDIRECT] [Fatal Error] :1:1: Premature end of file.
2025-04-02 09:25:04,071 [ERROR] LogOutputStream:75 - [STDERR_REDIRECT] 
2025-04-02 09:25:05,076 [ERROR] LogOutputStream:75 - [STDERR_REDIRECT] [Fatal Error] :1:1: Premature end of file.
2025-04-02 09:25:05,076 [ERROR] LogOutputStream:75 - [STDERR_REDIRECT] 
2025-04-02 09:25:06,069 [ERROR] LogOutputStream:75 - [STDERR_REDIRECT] [Fatal Error] :1:1: Premature end of file.
2025-04-02 09:25:06,069 [ERROR] LogOutputStream:75 - [STDERR_REDIRECT] 
2025-04-02 09:25:07,091 [ERROR] LogOutputStream:75 - [STDERR_REDIRECT] [Fatal Error] :1:1: Premature end of file.
2025-04-02 09:25:07,091 [ERROR] LogOutputStream:75 - [STDERR_REDIRECT] 
2025-04-02 09:25:08,104 [ERROR] LogOutputStream:75 - [STDERR_REDIRECT] [Fatal Error] :1:1: Premature end of file.
2025-04-02 09:25:08,105 [ERROR] LogOutputStream:75 - [STDERR_REDIRECT] 
2025-04-02 09:25:09,146 [ERROR] LogOutputStream:75 - [STDERR_REDIRECT] [Fatal Error] :1:1: Premature end of file.
2025-04-02 09:25:09,146 [ERROR] LogOutputStream:75 - [STDERR_REDIRECT] 
2025-04-02 09:25:10,106 [ERROR] LogOutputStream:75 - [STDERR_REDIRECT] [Fatal Error] :1:1: Premature end of file.
2025-04-02 09:25:10,106 [ERROR] LogOutputStream:75 - [STDERR_REDIRECT] 
2025-04-02 09:25:11,083 [ERROR] LogOutputStream:75 - [STDERR_REDIRECT] [Fatal Error] :1:1: Premature end of file.
2025-04-02 09:25:11,083 [ERROR] LogOutputStream:75 - [STDERR_REDIRECT] 
2025-04-02 09:25:12,112 [ERROR] LogOutputStream:75 - [STDERR_REDIRECT] [Fatal Error] :1:1: Premature end of file.
2025-04-02 09:25:12,112 [ERROR] LogOutputStream:75 - [STDERR_REDIRECT] 
2025-04-02 09:25:13,113 [ERROR] LogOutputStream:75 - [STDERR_REDIRECT] [Fatal Error] :1:1: Premature end of file.
2025-04-02 09:25:13,114 [ERROR] LogOutputStream:75 - [STDERR_REDIRECT] 
2025-04-02 09:25:14,103 [ERROR] LogOutputStream:75 - [STDERR_REDIRECT] [Fatal Error] :1:1: Premature end of file.
2025-04-02 09:25:14,104 [ERROR] LogOutputStream:75 - [STDERR_REDIRECT] 
2025-04-02 09:25:15,148 [ERROR] LogOutputStream:75 - [STDERR_REDIRECT] [Fatal Error] :1:1: Premature end of file.
2025-04-02 09:25:15,149 [ERROR] LogOutputStream:75 - [STDERR_REDIRECT] 
2025-04-02 09:25:16,137 [ERROR] LogOutputStream:75 - [STDERR_REDIRECT] [Fatal Error] :1:1: Premature end of file.
2025-04-02 09:25:16,137 [ERROR] LogOutputStream:75 - [STDERR_REDIRECT] 
2025-04-02 09:25:17,143 [ERROR] LogOutputStream:75 - [STDERR_REDIRECT] [Fatal Error] :1:1: Premature end of file.
2025-04-02 09:25:17,143 [ERROR] LogOutputStream:75 - [STDERR_REDIRECT] 
2025-04-02 09:25:18,136 [ERROR] LogOutputStream:75 - [STDERR_REDIRECT] [Fatal Error] :1:1: Premature end of file.
2025-04-02 09:25:18,137 [ERROR] LogOutputStream:75 - [STDERR_REDIRECT] 
2025-04-02 09:25:19,105 [ERROR] LogOutputStream:75 - [STDERR_REDIRECT] [Fatal Error] :1:1: Premature end of file.
2025-04-02 09:25:19,106 [ERROR] LogOutputStream:75 - [STDERR_REDIRECT] 
2025-04-02 09:25:20,083 [ERROR] LogOutputStream:75 - [STDERR_REDIRECT] [Fatal Error] :1:1: Premature end of file.
2025-04-02 09:25:20,083 [ERROR] LogOutputStream:75 - [STDERR_REDIRECT] 
2025-04-02 09:25:21,108 [ERROR] LogOutputStream:75 - [STDERR_REDIRECT] [Fatal Error] :1:1: Premature end of file.
2025-04-02 09:25:21,109 [ERROR] LogOutputStream:75 - [STDERR_REDIRECT] 
2025-04-02 09:25:22,094 [ERROR] LogOutputStream:75 - [STDERR_REDIRECT] [Fatal Error] :1:1: Premature end of file.
2025-04-02 09:25:22,094 [ERROR] LogOutputStream:75 - [STDERR_REDIRECT] 
2025-04-02 09:25:23,090 [ERROR] LogOutputStream:75 - [STDERR_REDIRECT] [Fatal Error] :1:1: Premature end of file.
2025-04-02 09:25:23,090 [ERROR] LogOutputStream:75 - [STDERR_REDIRECT] 
2025-04-02 09:25:24,108 [ERROR] LogOutputStream:75 - [STDERR_REDIRECT] [Fatal Error] :1:1: Premature end of file.
2025-04-02 09:25:24,108 [ERROR] LogOutputStream:75 - [STDERR_REDIRECT] 
2025-04-02 09:25:25,097 [ERROR] LogOutputStream:75 - [STDERR_REDIRECT] [Fatal Error] :1:1: Premature end of file.
2025-04-02 09:25:25,097 [ERROR] LogOutputStream:75 - [STDERR_REDIRECT] 
2025-04-02 09:25:26,115 [ERROR] LogOutputStream:75 - [STDERR_REDIRECT] [Fatal Error] :1:1: Premature end of file.
2025-04-02 09:25:26,116 [ERROR] LogOutputStream:75 - [STDERR_REDIRECT] 
2025-04-02 09:25:27,093 [ERROR] LogOutputStream:75 - [STDERR_REDIRECT] [Fatal Error] :1:1: Premature end of file.
2025-04-02 09:25:27,093 [ERROR] LogOutputStream:75 - [STDERR_REDIRECT] 
2025-04-02 09:25:28,103 [ERROR] LogOutputStream:75 - [STDERR_REDIRECT] [Fatal Error] :1:1: Premature end of file.
2025-04-02 09:25:28,104 [ERROR] LogOutputStream:75 - [STDERR_REDIRECT] 
2025-04-02 09:25:29,084 [ERROR] LogOutputStream:75 - [STDERR_REDIRECT] [Fatal Error] :1:1: Premature end of file.
2025-04-02 09:25:29,084 [ERROR] LogOutputStream:75 - [STDERR_REDIRECT] 
2025-04-02 09:25:30,097 [ERROR] LogOutputStream:75 - [STDERR_REDIRECT] [Fatal Error] :1:1: Premature end of file.
2025-04-02 09:25:30,097 [ERROR] LogOutputStream:75 - [STDERR_REDIRECT] 
2025-04-02 09:25:31,097 [ERROR] LogOutputStream:75 - [STDERR_REDIRECT] [Fatal Error] :1:1: Premature end of file.
2025-04-02 09:25:31,097 [ERROR] LogOutputStream:75 - [STDERR_REDIRECT] 
2025-04-02 09:25:32,100 [ERROR] LogOutputStream:75 - [STDERR_REDIRECT] [Fatal Error] :1:1: Premature end of file.
2025-04-02 09:25:32,101 [ERROR] LogOutputStream:75 - [STDERR_REDIRECT] 
2025-04-02 09:25:33,133 [ERROR] LogOutputStream:75 - [STDERR_REDIRECT] [Fatal Error] :1:1: Premature end of file.
2025-04-02 09:25:33,133 [ERROR] LogOutputStream:75 - [STDERR_REDIRECT] 
2025-04-02 09:25:34,122 [ERROR] LogOutputStream:75 - [STDERR_REDIRECT] [Fatal Error] :1:1: Premature end of file.
2025-04-02 09:25:34,123 [ERROR] LogOutputStream:75 - [STDERR_REDIRECT] 
2025-04-02 09:25:35,104 [ERROR] LogOutputStream:75 - [STDERR_REDIRECT] [Fatal Error] :1:1: Premature end of file.
2025-04-02 09:25:35,105 [ERROR] LogOutputStream:75 - [STDERR_REDIRECT] 
2025-04-02 09:25:36,125 [ERROR] LogOutputStream:75 - [STDERR_REDIRECT] [Fatal Error] :1:1: Premature end of file.
2025-04-02 09:25:36,125 [ERROR] LogOutputStream:75 - [STDERR_REDIRECT] 
2025-04-02 09:25:37,144 [ERROR] LogOutputStream:75 - [STDERR_REDIRECT] [Fatal Error] :1:1: Premature end of file.
2025-04-02 09:25:37,145 [ERROR] LogOutputStream:75 - [STDERR_REDIRECT] 
2025-04-02 09:25:38,134 [ERROR] LogOutputStream:75 - [STDERR_REDIRECT] [Fatal Error] :1:1: Premature end of file.
2025-04-02 09:25:38,134 [ERROR] LogOutputStream:75 - [STDERR_REDIRECT] 
2025-04-02 09:25:39,109 [ERROR] LogOutputStream:75 - [STDERR_REDIRECT] [Fatal Error] :1:1: Premature end of file.
2025-04-02 09:25:39,109 [ERROR] LogOutputStream:75 - [STDERR_REDIRECT] 
2025-04-02 09:25:40,104 [ERROR] LogOutputStream:75 - [STDERR_REDIRECT] [Fatal Error] :1:1: Premature end of file.
2025-04-02 09:25:40,105 [ERROR] LogOutputStream:75 - [STDERR_REDIRECT] 
2025-04-02 09:25:41,118 [ERROR] LogOutputStream:75 - [STDERR_REDIRECT] [Fatal Error] :1:1: Premature end of file.
2025-04-02 09:25:41,119 [ERROR] LogOutputStream:75 - [STDERR_REDIRECT] 
2025-04-02 09:25:42,112 [ERROR] LogOutputStream:75 - [STDERR_REDIRECT] [Fatal Error] :1:1: Premature end of file.
2025-04-02 09:25:42,112 [ERROR] LogOutputStream:75 - [STDERR_REDIRECT] 
2025-04-02 09:25:43,120 [ERROR] LogOutputStream:75 - [STDERR_REDIRECT] [Fatal Error] :1:1: Premature end of file.
2025-04-02 09:25:43,120 [ERROR] LogOutputStream:75 - [STDERR_REDIRECT] 
2025-04-02 09:25:44,162 [ERROR] LogOutputStream:75 - [STDERR_REDIRECT] [Fatal Error] :1:1: Premature end of file.
2025-04-02 09:25:44,163 [ERROR] LogOutputStream:75 - [STDERR_REDIRECT] 
2025-04-02 09:25:45,145 [ERROR] LogOutputStream:75 - [STDERR_REDIRECT] [Fatal Error] :1:1: Premature end of file.
2025-04-02 09:25:45,146 [ERROR] LogOutputStream:75 - [STDERR_REDIRECT] 
2025-04-02 09:25:46,089 [ERROR] LogOutputStream:75 - [STDERR_REDIRECT] [Fatal Error] :1:1: Premature end of file.
2025-04-02 09:25:46,089 [ERROR] LogOutputStream:75 - [STDERR_REDIRECT] 
2025-04-02 09:25:47,203 [ERROR] LogOutputStream:75 - [STDERR_REDIRECT] [Fatal Error] :1:1: Premature end of file.
2025-04-02 09:25:47,204 [ERROR] LogOutputStream:75 - [STDERR_REDIRECT] 
2025-04-02 09:25:48,077 [ERROR] LogOutputStream:75 - [STDERR_REDIRECT] [Fatal Error] :1:1: Premature end of file.
2025-04-02 09:25:48,077 [ERROR] LogOutputStream:75 - [STDERR_REDIRECT] 
2025-04-02 09:25:49,120 [ERROR] LogOutputStream:75 - [STDERR_REDIRECT] [Fatal Error] :1:1: Premature end of file.
2025-04-02 09:25:49,120 [ERROR] LogOutputStream:75 - [STDERR_REDIRECT] 
2025-04-02 09:25:50,064 [ERROR] LogOutputStream:75 - [STDERR_REDIRECT] [Fatal Error] :1:1: Premature end of file.
2025-04-02 09:25:50,064 [ERROR] LogOutputStream:75 - [STDERR_REDIRECT] 
2025-04-02 09:25:51,146 [ERROR] LogOutputStream:75 - [STDERR_REDIRECT] [Fatal Error] :1:1: Premature end of file.
2025-04-02 09:25:51,147 [ERROR] LogOutputStream:75 - [STDERR_REDIRECT] 
2025-04-02 09:25:52,110 [ERROR] LogOutputStream:75 - [STDERR_REDIRECT] [Fatal Error] :1:1: Premature end of file.
2025-04-02 09:25:52,110 [ERROR] LogOutputStream:75 - [STDERR_REDIRECT] 
2025-04-02 09:25:53,082 [ERROR] LogOutputStream:75 - [STDERR_REDIRECT] [Fatal Error] :1:1: Premature end of file.
2025-04-02 09:25:53,082 [ERROR] LogOutputStream:75 - [STDERR_REDIRECT] 
2025-04-02 09:25:54,096 [ERROR] LogOutputStream:75 - [STDERR_REDIRECT] [Fatal Error] :1:1: Premature end of file.
2025-04-02 09:25:54,096 [ERROR] LogOutputStream:75 - [STDERR_REDIRECT] 
2025-04-02 09:25:55,088 [ERROR] LogOutputStream:75 - [STDERR_REDIRECT] [Fatal Error] :1:1: Premature end of file.
2025-04-02 09:25:55,088 [ERROR] LogOutputStream:75 - [STDERR_REDIRECT] 
2025-04-02 09:25:56,090 [ERROR] LogOutputStream:75 - [STDERR_REDIRECT] [Fatal Error] :1:1: Premature end of file.
2025-04-02 09:25:56,090 [ERROR] LogOutputStream:75 - [STDERR_REDIRECT] 
2025-04-02 09:25:57,139 [ERROR] LogOutputStream:75 - [STDERR_REDIRECT] [Fatal Error] :1:1: Premature end of file.
2025-04-02 09:25:57,139 [ERROR] LogOutputStream:75 - [STDERR_REDIRECT] 
2025-04-02 09:25:58,082 [ERROR] LogOutputStream:75 - [STDERR_REDIRECT] [Fatal Error] :1:1: Premature end of file.
2025-04-02 09:25:58,082 [ERROR] LogOutputStream:75 - [STDERR_REDIRECT] 
2025-04-02 09:25:59,095 [ERROR] LogOutputStream:75 - [STDERR_REDIRECT] [Fatal Error] :1:1: Premature end of file.
2025-04-02 09:25:59,095 [ERROR] LogOutputStream:75 - [STDERR_REDIRECT] 
2025-04-02 09:26:00,129 [ERROR] LogOutputStream:75 - [STDERR_REDIRECT] [Fatal Error] :1:1: Premature end of file.
2025-04-02 09:26:00,129 [ERROR] LogOutputStream:75 - [STDERR_REDIRECT] 
2025-04-02 09:26:01,095 [ERROR] LogOutputStream:75 - [STDERR_REDIRECT] [Fatal Error] :1:1: Premature end of file.
2025-04-02 09:26:01,095 [ERROR] LogOutputStream:75 - [STDERR_REDIRECT] 
2025-04-02 09:26:02,104 [ERROR] LogOutputStream:75 - [STDERR_REDIRECT] [Fatal Error] :1:1: Premature end of file.
2025-04-02 09:26:02,104 [ERROR] LogOutputStream:75 - [STDERR_REDIRECT] 
2025-04-02 09:26:03,122 [ERROR] LogOutputStream:75 - [STDERR_REDIRECT] [Fatal Error] :1:1: Premature end of file.
2025-04-02 09:26:03,122 [ERROR] LogOutputStream:75 - [STDERR_REDIRECT] 
2025-04-02 09:26:04,159 [ERROR] LogOutputStream:75 - [STDERR_REDIRECT] [Fatal Error] :1:1: Premature end of file.
2025-04-02 09:26:04,160 [ERROR] LogOutputStream:75 - [STDERR_REDIRECT] 
2025-04-02 09:26:05,130 [ERROR] LogOutputStream:75 - [STDERR_REDIRECT] [Fatal Error] :1:1: Premature end of file.
2025-04-02 09:26:05,130 [ERROR] LogOutputStream:75 - [STDERR_REDIRECT] 
2025-04-02 09:26:06,104 [ERROR] LogOutputStream:75 - [STDERR_REDIRECT] [Fatal Error] :1:1: Premature end of file.
2025-04-02 09:26:06,105 [ERROR] LogOutputStream:75 - [STDERR_REDIRECT] 
2025-04-02 09:26:07,161 [ERROR] LogOutputStream:75 - [STDERR_REDIRECT] [Fatal Error] :1:1: Premature end of file.
2025-04-02 09:26:07,162 [ERROR] LogOutputStream:75 - [STDERR_REDIRECT] 
2025-04-02 09:26:08,104 [ERROR] LogOutputStream:75 - [STDERR_REDIRECT] [Fatal Error] :1:1: Premature end of file.
2025-04-02 09:26:08,105 [ERROR] LogOutputStream:75 - [STDERR_REDIRECT] 
2025-04-02 09:26:09,120 [ERROR] LogOutputStream:75 - [STDERR_REDIRECT] [Fatal Error] :1:1: Premature end of file.
2025-04-02 09:26:09,121 [ERROR] LogOutputStream:75 - [STDERR_REDIRECT] 
2025-04-02 09:26:10,076 [ERROR] LogOutputStream:75 - [STDERR_REDIRECT] [Fatal Error] :1:1: Premature end of file.
2025-04-02 09:26:10,077 [ERROR] LogOutputStream:75 - [STDERR_REDIRECT] 
2025-04-02 09:26:11,139 [ERROR] LogOutputStream:75 - [STDERR_REDIRECT] [Fatal Error] :1:1: Premature end of file.
2025-04-02 09:26:11,139 [ERROR] LogOutputStream:75 - [STDERR_REDIRECT] 
2025-04-02 09:26:12,075 [ERROR] LogOutputStream:75 - [STDERR_REDIRECT] [Fatal Error] :1:1: Premature end of file.
2025-04-02 09:26:12,075 [ERROR] LogOutputStream:75 - [STDERR_REDIRECT] 
2025-04-02 09:26:13,111 [ERROR] LogOutputStream:75 - [STDERR_REDIRECT] [Fatal Error] :1:1: Premature end of file.
2025-04-02 09:26:13,111 [ERROR] LogOutputStream:75 - [STDERR_REDIRECT] 
2025-04-02 09:26:14,090 [ERROR] LogOutputStream:75 - [STDERR_REDIRECT] [Fatal Error] :1:1: Premature end of file.
2025-04-02 09:26:14,090 [ERROR] LogOutputStream:75 - [STDERR_REDIRECT] 
2025-04-02 09:26:15,075 [ERROR] LogOutputStream:75 - [STDERR_REDIRECT] [Fatal Error] :1:1: Premature end of file.
2025-04-02 09:26:15,075 [ERROR] LogOutputStream:75 - [STDERR_REDIRECT] 
2025-04-02 09:26:16,062 [ERROR] LogOutputStream:75 - [STDERR_REDIRECT] [Fatal Error] :1:1: Premature end of file.
2025-04-02 09:26:16,062 [ERROR] LogOutputStream:75 - [STDERR_REDIRECT] 
2025-04-02 09:26:17,134 [ERROR] LogOutputStream:75 - [STDERR_REDIRECT] [Fatal Error] :1:1: Premature end of file.
2025-04-02 09:26:17,134 [ERROR] LogOutputStream:75 - [STDERR_REDIRECT] 
2025-04-02 09:26:18,149 [ERROR] LogOutputStream:75 - [STDERR_REDIRECT] [Fatal Error] :1:1: Premature end of file.
2025-04-02 09:26:18,149 [ERROR] LogOutputStream:75 - [STDERR_REDIRECT] 
2025-04-02 09:26:19,117 [ERROR] LogOutputStream:75 - [STDERR_REDIRECT] [Fatal Error] :1:1: Premature end of file.
2025-04-02 09:26:19,118 [ERROR] LogOutputStream:75 - [STDERR_REDIRECT] 
2025-04-02 09:26:20,076 [ERROR] LogOutputStream:75 - [STDERR_REDIRECT] [Fatal Error] :1:1: Premature end of file.
2025-04-02 09:26:20,076 [ERROR] LogOutputStream:75 - [STDERR_REDIRECT] 
2025-04-02 09:26:21,145 [ERROR] LogOutputStream:75 - [STDERR_REDIRECT] [Fatal Error] :1:1: Premature end of file.
2025-04-02 09:26:21,145 [ERROR] LogOutputStream:75 - [STDERR_REDIRECT] 
2025-04-02 09:26:22,078 [ERROR] LogOutputStream:75 - [STDERR_REDIRECT] [Fatal Error] :1:1: Premature end of file.
2025-04-02 09:26:22,078 [ERROR] LogOutputStream:75 - [STDERR_REDIRECT] 
2025-04-02 09:26:23,068 [ERROR] LogOutputStream:75 - [STDERR_REDIRECT] [Fatal Error] :1:1: Premature end of file.
2025-04-02 09:26:23,068 [ERROR] LogOutputStream:75 - [STDERR_REDIRECT] 
2025-04-02 09:26:24,095 [ERROR] LogOutputStream:75 - [STDERR_REDIRECT] [Fatal Error] :1:1: Premature end of file.
2025-04-02 09:26:24,095 [ERROR] LogOutputStream:75 - [STDERR_REDIRECT] 
2025-04-02 09:26:25,113 [ERROR] LogOutputStream:75 - [STDERR_REDIRECT] [Fatal Error] :1:1: Premature end of file.
2025-04-02 09:26:25,113 [ERROR] LogOutputStream:75 - [STDERR_REDIRECT] 
2025-04-02 09:26:26,105 [ERROR] LogOutputStream:75 - [STDERR_REDIRECT] [Fatal Error] :1:1: Premature end of file.
2025-04-02 09:26:26,105 [ERROR] LogOutputStream:75 - [STDERR_REDIRECT] 
2025-04-02 09:26:27,198 [ERROR] LogOutputStream:75 - [STDERR_REDIRECT] [Fatal Error] :1:1: Premature end of file.
2025-04-02 09:26:27,199 [ERROR] LogOutputStream:75 - [STDERR_REDIRECT] 
2025-04-02 09:26:28,112 [ERROR] LogOutputStream:75 - [STDERR_REDIRECT] [Fatal Error] :1:1: Premature end of file.
2025-04-02 09:26:28,113 [ERROR] LogOutputStream:75 - [STDERR_REDIRECT] 
2025-04-02 09:26:29,118 [ERROR] LogOutputStream:75 - [STDERR_REDIRECT] [Fatal Error] :1:1: Premature end of file.
2025-04-02 09:26:29,119 [ERROR] LogOutputStream:75 - [STDERR_REDIRECT] 
2025-04-02 09:26:30,081 [ERROR] LogOutputStream:75 - [STDERR_REDIRECT] [Fatal Error] :1:1: Premature end of file.
2025-04-02 09:26:30,081 [ERROR] LogOutputStream:75 - [STDERR_REDIRECT] 
2025-04-02 09:26:31,071 [ERROR] LogOutputStream:75 - [STDERR_REDIRECT] [Fatal Error] :1:1: Premature end of file.
2025-04-02 09:26:31,071 [ERROR] LogOutputStream:75 - [STDERR_REDIRECT] 
2025-04-02 09:26:32,084 [ERROR] LogOutputStream:75 - [STDERR_REDIRECT] [Fatal Error] :1:1: Premature end of file.
2025-04-02 09:26:32,084 [ERROR] LogOutputStream:75 - [STDERR_REDIRECT] 
2025-04-02 09:26:33,151 [ERROR] LogOutputStream:75 - [STDERR_REDIRECT] [Fatal Error] :1:1: Premature end of file.
2025-04-02 09:26:33,151 [ERROR] LogOutputStream:75 - [STDERR_REDIRECT] 
2025-04-02 09:26:34,115 [ERROR] LogOutputStream:75 - [STDERR_REDIRECT] [Fatal Error] :1:1: Premature end of file.
2025-04-02 09:26:34,116 [ERROR] LogOutputStream:75 - [STDERR_REDIRECT] 
2025-04-02 09:26:35,115 [ERROR] LogOutputStream:75 - [STDERR_REDIRECT] [Fatal Error] :1:1: Premature end of file.
2025-04-02 09:26:35,115 [ERROR] LogOutputStream:75 - [STDERR_REDIRECT] 
2025-04-02 09:26:36,111 [ERROR] LogOutputStream:75 - [STDERR_REDIRECT] [Fatal Error] :1:1: Premature end of file.
2025-04-02 09:26:36,111 [ERROR] LogOutputStream:75 - [STDERR_REDIRECT] 
2025-04-02 09:26:37,115 [ERROR] LogOutputStream:75 - [STDERR_REDIRECT] [Fatal Error] :1:1: Premature end of file.
2025-04-02 09:26:37,115 [ERROR] LogOutputStream:75 - [STDERR_REDIRECT] 
2025-04-02 09:26:38,099 [ERROR] LogOutputStream:75 - [STDERR_REDIRECT] [Fatal Error] :1:1: Premature end of file.
2025-04-02 09:26:38,099 [ERROR] LogOutputStream:75 - [STDERR_REDIRECT] 
2025-04-02 09:26:39,096 [ERROR] LogOutputStream:75 - [STDERR_REDIRECT] [Fatal Error] :1:1: Premature end of file.
2025-04-02 09:26:39,097 [ERROR] LogOutputStream:75 - [STDERR_REDIRECT] 
2025-04-02 09:26:40,064 [ERROR] LogOutputStream:75 - [STDERR_REDIRECT] [Fatal Error] :1:1: Premature end of file.
2025-04-02 09:26:40,064 [ERROR] LogOutputStream:75 - [STDERR_REDIRECT] 
2025-04-02 09:26:41,081 [ERROR] LogOutputStream:75 - [STDERR_REDIRECT] [Fatal Error] :1:1: Premature end of file.
2025-04-02 09:26:41,081 [ERROR] LogOutputStream:75 - [STDERR_REDIRECT] 
2025-04-02 09:26:42,107 [ERROR] LogOutputStream:75 - [STDERR_REDIRECT] [Fatal Error] :1:1: Premature end of file.
2025-04-02 09:26:42,107 [ERROR] LogOutputStream:75 - [STDERR_REDIRECT] 
2025-04-02 09:26:43,120 [ERROR] LogOutputStream:75 - [STDERR_REDIRECT] [Fatal Error] :1:1: Premature end of file.
2025-04-02 09:26:43,120 [ERROR] LogOutputStream:75 - [STDERR_REDIRECT] 
2025-04-02 09:26:44,094 [ERROR] LogOutputStream:75 - [STDERR_REDIRECT] [Fatal Error] :1:1: Premature end of file.
2025-04-02 09:26:44,094 [ERROR] LogOutputStream:75 - [STDERR_REDIRECT] 
2025-04-02 09:26:45,087 [ERROR] LogOutputStream:75 - [STDERR_REDIRECT] [Fatal Error] :1:1: Premature end of file.
2025-04-02 09:26:45,087 [ERROR] LogOutputStream:75 - [STDERR_REDIRECT] 
2025-04-02 09:26:46,102 [ERROR] LogOutputStream:75 - [STDERR_REDIRECT] [Fatal Error] :1:1: Premature end of file.
2025-04-02 09:26:46,102 [ERROR] LogOutputStream:75 - [STDERR_REDIRECT] 
2025-04-02 09:26:47,105 [ERROR] LogOutputStream:75 - [STDERR_REDIRECT] [Fatal Error] :1:1: Premature end of file.
2025-04-02 09:26:47,105 [ERROR] LogOutputStream:75 - [STDERR_REDIRECT] 
2025-04-02 09:26:48,088 [ERROR] LogOutputStream:75 - [STDERR_REDIRECT] [Fatal Error] :1:1: Premature end of file.
2025-04-02 09:26:48,089 [ERROR] LogOutputStream:75 - [STDERR_REDIRECT] 
2025-04-02 09:26:49,117 [ERROR] LogOutputStream:75 - [STDERR_REDIRECT] [Fatal Error] :1:1: Premature end of file.
2025-04-02 09:26:49,117 [ERROR] LogOutputStream:75 - [STDERR_REDIRECT] 
2025-04-02 09:26:50,091 [ERROR] LogOutputStream:75 - [STDERR_REDIRECT] [Fatal Error] :1:1: Premature end of file.
2025-04-02 09:26:50,091 [ERROR] LogOutputStream:75 - [STDERR_REDIRECT] 
2025-04-02 09:26:51,107 [ERROR] LogOutputStream:75 - [STDERR_REDIRECT] [Fatal Error] :1:1: Premature end of file.
2025-04-02 09:26:51,107 [ERROR] LogOutputStream:75 - [STDERR_REDIRECT] 
2025-04-02 09:26:52,102 [ERROR] LogOutputStream:75 - [STDERR_REDIRECT] [Fatal Error] :1:1: Premature end of file.
2025-04-02 09:26:52,102 [ERROR] LogOutputStream:75 - [STDERR_REDIRECT] 
2025-04-02 09:26:53,161 [ERROR] LogOutputStream:75 - [STDERR_REDIRECT] [Fatal Error] :1:1: Premature end of file.
2025-04-02 09:26:53,162 [ERROR] LogOutputStream:75 - [STDERR_REDIRECT] 
2025-04-02 09:26:54,099 [ERROR] LogOutputStream:75 - [STDERR_REDIRECT] [Fatal Error] :1:1: Premature end of file.
2025-04-02 09:26:54,099 [ERROR] LogOutputStream:75 - [STDERR_REDIRECT] 
2025-04-02 09:26:55,098 [ERROR] LogOutputStream:75 - [STDERR_REDIRECT] [Fatal Error] :1:1: Premature end of file.
2025-04-02 09:26:55,098 [ERROR] LogOutputStream:75 - [STDERR_REDIRECT] 
2025-04-02 09:26:56,100 [ERROR] LogOutputStream:75 - [STDERR_REDIRECT] [Fatal Error] :1:1: Premature end of file.
2025-04-02 09:26:56,102 [ERROR] LogOutputStream:75 - [STDERR_REDIRECT] 
2025-04-02 09:26:57,077 [ERROR] LogOutputStream:75 - [STDERR_REDIRECT] [Fatal Error] :1:1: Premature end of file.
2025-04-02 09:26:57,077 [ERROR] LogOutputStream:75 - [STDERR_REDIRECT] 
2025-04-02 09:26:58,094 [ERROR] LogOutputStream:75 - [STDERR_REDIRECT] [Fatal Error] :1:1: Premature end of file.
2025-04-02 09:26:58,094 [ERROR] LogOutputStream:75 - [STDERR_REDIRECT] 
2025-04-02 09:26:59,102 [ERROR] LogOutputStream:75 - [STDERR_REDIRECT] [Fatal Error] :1:1: Premature end of file.
2025-04-02 09:26:59,103 [ERROR] LogOutputStream:75 - [STDERR_REDIRECT] 
2025-04-02 09:27:00,134 [ERROR] LogOutputStream:75 - [STDERR_REDIRECT] [Fatal Error] :1:1: Premature end of file.
2025-04-02 09:27:00,134 [ERROR] LogOutputStream:75 - [STDERR_REDIRECT] 
2025-04-02 09:27:01,149 [ERROR] LogOutputStream:75 - [STDERR_REDIRECT] [Fatal Error] :1:1: Premature end of file.
2025-04-02 09:27:01,149 [ERROR] LogOutputStream:75 - [STDERR_REDIRECT] 
2025-04-02 09:27:02,136 [ERROR] LogOutputStream:75 - [STDERR_REDIRECT] [Fatal Error] :1:1: Premature end of file.
2025-04-02 09:27:02,136 [ERROR] LogOutputStream:75 - [STDERR_REDIRECT] 
2025-04-02 09:27:03,111 [ERROR] LogOutputStream:75 - [STDERR_REDIRECT] [Fatal Error] :1:1: Premature end of file.
2025-04-02 09:27:03,112 [ERROR] LogOutputStream:75 - [STDERR_REDIRECT] 
2025-04-02 09:27:04,071 [ERROR] LogOutputStream:75 - [STDERR_REDIRECT] [Fatal Error] :1:1: Premature end of file.
2025-04-02 09:27:04,071 [ERROR] LogOutputStream:75 - [STDERR_REDIRECT] 
2025-04-02 09:27:05,133 [ERROR] LogOutputStream:75 - [STDERR_REDIRECT] [Fatal Error] :1:1: Premature end of file.
2025-04-02 09:27:05,134 [ERROR] LogOutputStream:75 - [STDERR_REDIRECT] 
2025-04-02 09:27:06,104 [ERROR] LogOutputStream:75 - [STDERR_REDIRECT] [Fatal Error] :1:1: Premature end of file.
2025-04-02 09:27:06,104 [ERROR] LogOutputStream:75 - [STDERR_REDIRECT] 
2025-04-02 09:27:07,100 [ERROR] LogOutputStream:75 - [STDERR_REDIRECT] [Fatal Error] :1:1: Premature end of file.
2025-04-02 09:27:07,101 [ERROR] LogOutputStream:75 - [STDERR_REDIRECT] 
2025-04-02 09:27:08,102 [ERROR] LogOutputStream:75 - [STDERR_REDIRECT] [Fatal Error] :1:1: Premature end of file.
2025-04-02 09:27:08,102 [ERROR] LogOutputStream:75 - [STDERR_REDIRECT] 
2025-04-02 09:27:09,104 [ERROR] LogOutputStream:75 - [STDERR_REDIRECT] [Fatal Error] :1:1: Premature end of file.
2025-04-02 09:27:09,104 [ERROR] LogOutputStream:75 - [STDERR_REDIRECT] 
2025-04-02 09:27:10,096 [ERROR] LogOutputStream:75 - [STDERR_REDIRECT] [Fatal Error] :1:1: Premature end of file.
2025-04-02 09:27:10,097 [ERROR] LogOutputStream:75 - [STDERR_REDIRECT] 
2025-04-02 09:27:11,102 [ERROR] LogOutputStream:75 - [STDERR_REDIRECT] [Fatal Error] :1:1: Premature end of file.
2025-04-02 09:27:11,102 [ERROR] LogOutputStream:75 - [STDERR_REDIRECT] 
2025-04-02 09:27:12,138 [ERROR] LogOutputStream:75 - [STDERR_REDIRECT] [Fatal Error] :1:1: Premature end of file.
2025-04-02 09:27:12,138 [ERROR] LogOutputStream:75 - [STDERR_REDIRECT] 
2025-04-02 09:27:13,076 [ERROR] LogOutputStream:75 - [STDERR_REDIRECT] [Fatal Error] :1:1: Premature end of file.
2025-04-02 09:27:13,076 [ERROR] LogOutputStream:75 - [STDERR_REDIRECT] 
2025-04-02 09:27:14,083 [ERROR] LogOutputStream:75 - [STDERR_REDIRECT] [Fatal Error] :1:1: Premature end of file.
2025-04-02 09:27:14,084 [ERROR] LogOutputStream:75 - [STDERR_REDIRECT] 
2025-04-02 09:27:15,092 [ERROR] LogOutputStream:75 - [STDERR_REDIRECT] [Fatal Error] :1:1: Premature end of file.
2025-04-02 09:27:15,092 [ERROR] LogOutputStream:75 - [STDERR_REDIRECT] 
2025-04-02 09:27:16,128 [ERROR] LogOutputStream:75 - [STDERR_REDIRECT] [Fatal Error] :1:1: Premature end of file.
2025-04-02 09:27:16,128 [ERROR] LogOutputStream:75 - [STDERR_REDIRECT] 
2025-04-02 09:27:17,118 [ERROR] LogOutputStream:75 - [STDERR_REDIRECT] [Fatal Error] :1:1: Premature end of file.
2025-04-02 09:27:17,118 [ERROR] LogOutputStream:75 - [STDERR_REDIRECT] 
2025-04-02 09:27:18,089 [ERROR] LogOutputStream:75 - [STDERR_REDIRECT] [Fatal Error] :1:1: Premature end of file.
2025-04-02 09:27:18,089 [ERROR] LogOutputStream:75 - [STDERR_REDIRECT] 
2025-04-02 09:27:19,087 [ERROR] LogOutputStream:75 - [STDERR_REDIRECT] [Fatal Error] :1:1: Premature end of file.
2025-04-02 09:27:19,087 [ERROR] LogOutputStream:75 - [STDERR_REDIRECT] 
2025-04-02 09:27:20,111 [ERROR] LogOutputStream:75 - [STDERR_REDIRECT] [Fatal Error] :1:1: Premature end of file.
2025-04-02 09:27:20,111 [ERROR] LogOutputStream:75 - [STDERR_REDIRECT] 
2025-04-02 09:27:21,095 [ERROR] LogOutputStream:75 - [STDERR_REDIRECT] [Fatal Error] :1:1: Premature end of file.
2025-04-02 09:27:21,095 [ERROR] LogOutputStream:75 - [STDERR_REDIRECT] 
2025-04-02 09:27:22,127 [ERROR] LogOutputStream:75 - [STDERR_REDIRECT] [Fatal Error] :1:1: Premature end of file.
2025-04-02 09:27:22,128 [ERROR] LogOutputStream:75 - [STDERR_REDIRECT] 
2025-04-02 09:27:23,102 [ERROR] LogOutputStream:75 - [STDERR_REDIRECT] [Fatal Error] :1:1: Premature end of file.
2025-04-02 09:27:23,102 [ERROR] LogOutputStream:75 - [STDERR_REDIRECT] 
2025-04-02 09:27:24,103 [ERROR] LogOutputStream:75 - [STDERR_REDIRECT] [Fatal Error] :1:1: Premature end of file.
2025-04-02 09:27:24,103 [ERROR] LogOutputStream:75 - [STDERR_REDIRECT] 
2025-04-02 09:27:25,096 [ERROR] LogOutputStream:75 - [STDERR_REDIRECT] [Fatal Error] :1:1: Premature end of file.
2025-04-02 09:27:25,096 [ERROR] LogOutputStream:75 - [STDERR_REDIRECT] 
2025-04-02 09:27:26,135 [ERROR] LogOutputStream:75 - [STDERR_REDIRECT] [Fatal Error] :1:1: Premature end of file.
2025-04-02 09:27:26,136 [ERROR] LogOutputStream:75 - [STDERR_REDIRECT] 
2025-04-02 09:27:27,147 [ERROR] LogOutputStream:75 - [STDERR_REDIRECT] [Fatal Error] :1:1: Premature end of file.
2025-04-02 09:27:27,147 [ERROR] LogOutputStream:75 - [STDERR_REDIRECT] 
2025-04-02 09:27:28,168 [ERROR] LogOutputStream:75 - [STDERR_REDIRECT] [Fatal Error] :1:1: Premature end of file.
2025-04-02 09:27:28,168 [ERROR] LogOutputStream:75 - [STDERR_REDIRECT] 
2025-04-02 09:27:29,116 [ERROR] LogOutputStream:75 - [STDERR_REDIRECT] [Fatal Error] :1:1: Premature end of file.
2025-04-02 09:27:29,116 [ERROR] LogOutputStream:75 - [STDERR_REDIRECT] 
2025-04-02 09:27:30,117 [ERROR] LogOutputStream:75 - [STDERR_REDIRECT] [Fatal Error] :1:1: Premature end of file.
2025-04-02 09:27:30,117 [ERROR] LogOutputStream:75 - [STDERR_REDIRECT] 
2025-04-02 09:27:31,128 [ERROR] LogOutputStream:75 - [STDERR_REDIRECT] [Fatal Error] :1:1: Premature end of file.
2025-04-02 09:27:31,128 [ERROR] LogOutputStream:75 - [STDERR_REDIRECT] 
2025-04-02 09:27:32,109 [ERROR] LogOutputStream:75 - [STDERR_REDIRECT] [Fatal Error] :1:1: Premature end of file.
2025-04-02 09:27:32,109 [ERROR] LogOutputStream:75 - [STDERR_REDIRECT] 
2025-04-02 09:27:33,070 [ERROR] LogOutputStream:75 - [STDERR_REDIRECT] [Fatal Error] :1:1: Premature end of file.
2025-04-02 09:27:33,070 [ERROR] LogOutputStream:75 - [STDERR_REDIRECT] 
2025-04-02 09:27:34,138 [ERROR] LogOutputStream:75 - [STDERR_REDIRECT] [Fatal Error] :1:1: Premature end of file.
2025-04-02 09:27:34,138 [ERROR] LogOutputStream:75 - [STDERR_REDIRECT] 
2025-04-02 09:27:35,095 [ERROR] LogOutputStream:75 - [STDERR_REDIRECT] [Fatal Error] :1:1: Premature end of file.
2025-04-02 09:27:35,095 [ERROR] LogOutputStream:75 - [STDERR_REDIRECT] 
2025-04-02 09:27:36,121 [ERROR] LogOutputStream:75 - [STDERR_REDIRECT] [Fatal Error] :1:1: Premature end of file.
2025-04-02 09:27:36,121 [ERROR] LogOutputStream:75 - [STDERR_REDIRECT] 
2025-04-02 09:27:37,106 [ERROR] LogOutputStream:75 - [STDERR_REDIRECT] [Fatal Error] :1:1: Premature end of file.
2025-04-02 09:27:37,106 [ERROR] LogOutputStream:75 - [STDERR_REDIRECT] 
2025-04-02 09:27:38,108 [ERROR] LogOutputStream:75 - [STDERR_REDIRECT] [Fatal Error] :1:1: Premature end of file.
2025-04-02 09:27:38,108 [ERROR] LogOutputStream:75 - [STDERR_REDIRECT] 
2025-04-02 09:27:39,097 [ERROR] LogOutputStream:75 - [STDERR_REDIRECT] [Fatal Error] :1:1: Premature end of file.
2025-04-02 09:27:39,097 [ERROR] LogOutputStream:75 - [STDERR_REDIRECT] 
2025-04-02 09:27:40,102 [ERROR] LogOutputStream:75 - [STDERR_REDIRECT] [Fatal Error] :1:1: Premature end of file.
2025-04-02 09:27:40,102 [ERROR] LogOutputStream:75 - [STDERR_REDIRECT] 
2025-04-02 09:27:41,121 [ERROR] LogOutputStream:75 - [STDERR_REDIRECT] [Fatal Error] :1:1: Premature end of file.
2025-04-02 09:27:41,121 [ERROR] LogOutputStream:75 - [STDERR_REDIRECT] 
2025-04-02 09:27:42,134 [ERROR] LogOutputStream:75 - [STDERR_REDIRECT] [Fatal Error] :1:1: Premature end of file.
2025-04-02 09:27:42,134 [ERROR] LogOutputStream:75 - [STDERR_REDIRECT] 
2025-04-02 09:27:43,155 [ERROR] LogOutputStream:75 - [STDERR_REDIRECT] [Fatal Error] :1:1: Premature end of file.
2025-04-02 09:27:43,155 [ERROR] LogOutputStream:75 - [STDERR_REDIRECT] 
2025-04-02 09:27:44,099 [ERROR] LogOutputStream:75 - [STDERR_REDIRECT] [Fatal Error] :1:1: Premature end of file.
2025-04-02 09:27:44,100 [ERROR] LogOutputStream:75 - [STDERR_REDIRECT] 
2025-04-02 09:27:45,153 [ERROR] LogOutputStream:75 - [STDERR_REDIRECT] [Fatal Error] :1:1: Premature end of file.
2025-04-02 09:27:45,154 [ERROR] LogOutputStream:75 - [STDERR_REDIRECT] 
2025-04-02 09:27:46,103 [ERROR] LogOutputStream:75 - [STDERR_REDIRECT] [Fatal Error] :1:1: Premature end of file.
2025-04-02 09:27:46,104 [ERROR] LogOutputStream:75 - [STDERR_REDIRECT] 
2025-04-02 09:27:47,175 [ERROR] LogOutputStream:75 - [STDERR_REDIRECT] [Fatal Error] :1:1: Premature end of file.
2025-04-02 09:27:47,175 [ERROR] LogOutputStream:75 - [STDERR_REDIRECT] 
2025-04-02 09:27:48,066 [ERROR] LogOutputStream:75 - [STDERR_REDIRECT] [Fatal Error] :1:1: Premature end of file.
2025-04-02 09:27:48,066 [ERROR] LogOutputStream:75 - [STDERR_REDIRECT] 
2025-04-02 09:27:49,135 [ERROR] LogOutputStream:75 - [STDERR_REDIRECT] [Fatal Error] :1:1: Premature end of file.
2025-04-02 09:27:49,135 [ERROR] LogOutputStream:75 - [STDERR_REDIRECT] 
2025-04-02 09:27:50,103 [ERROR] LogOutputStream:75 - [STDERR_REDIRECT] [Fatal Error] :1:1: Premature end of file.
2025-04-02 09:27:50,103 [ERROR] LogOutputStream:75 - [STDERR_REDIRECT] 
2025-04-02 09:27:51,098 [ERROR] LogOutputStream:75 - [STDERR_REDIRECT] [Fatal Error] :1:1: Premature end of file.
2025-04-02 09:27:51,098 [ERROR] LogOutputStream:75 - [STDERR_REDIRECT] 
2025-04-02 09:27:52,094 [ERROR] LogOutputStream:75 - [STDERR_REDIRECT] [Fatal Error] :1:1: Premature end of file.
2025-04-02 09:27:52,094 [ERROR] LogOutputStream:75 - [STDERR_REDIRECT] 
2025-04-02 09:27:53,119 [ERROR] LogOutputStream:75 - [STDERR_REDIRECT] [Fatal Error] :1:1: Premature end of file.
2025-04-02 09:27:53,119 [ERROR] LogOutputStream:75 - [STDERR_REDIRECT] 
2025-04-02 09:27:54,097 [ERROR] LogOutputStream:75 - [STDERR_REDIRECT] [Fatal Error] :1:1: Premature end of file.
2025-04-02 09:27:54,097 [ERROR] LogOutputStream:75 - [STDERR_REDIRECT] 
2025-04-02 09:27:55,110 [ERROR] LogOutputStream:75 - [STDERR_REDIRECT] [Fatal Error] :1:1: Premature end of file.
2025-04-02 09:27:55,110 [ERROR] LogOutputStream:75 - [STDERR_REDIRECT] 
2025-04-02 09:27:56,081 [ERROR] LogOutputStream:75 - [STDERR_REDIRECT] [Fatal Error] :1:1: Premature end of file.
2025-04-02 09:27:56,081 [ERROR] LogOutputStream:75 - [STDERR_REDIRECT] 
2025-04-02 09:27:57,065 [ERROR] LogOutputStream:75 - [STDERR_REDIRECT] [Fatal Error] :1:1: Premature end of file.
2025-04-02 09:27:57,065 [ERROR] LogOutputStream:75 - [STDERR_REDIRECT] 
2025-04-02 09:27:58,079 [ERROR] LogOutputStream:75 - [STDERR_REDIRECT] [Fatal Error] :1:1: Premature end of file.
2025-04-02 09:27:58,079 [ERROR] LogOutputStream:75 - [STDERR_REDIRECT] 
2025-04-02 09:27:59,066 [ERROR] LogOutputStream:75 - [STDERR_REDIRECT] [Fatal Error] :1:1: Premature end of file.
2025-04-02 09:27:59,066 [ERROR] LogOutputStream:75 - [STDERR_REDIRECT] 
2025-04-02 09:28:00,073 [ERROR] LogOutputStream:75 - [STDERR_REDIRECT] [Fatal Error] :1:1: Premature end of file.
2025-04-02 09:28:00,073 [ERROR] LogOutputStream:75 - [STDERR_REDIRECT] 
2025-04-02 09:28:01,070 [ERROR] LogOutputStream:75 - [STDERR_REDIRECT] [Fatal Error] :1:1: Premature end of file.
2025-04-02 09:28:01,070 [ERROR] LogOutputStream:75 - [STDERR_REDIRECT] 
2025-04-02 09:28:02,100 [ERROR] LogOutputStream:75 - [STDERR_REDIRECT] [Fatal Error] :1:1: Premature end of file.
2025-04-02 09:28:02,100 [ERROR] LogOutputStream:75 - [STDERR_REDIRECT] 
2025-04-02 09:28:03,116 [ERROR] LogOutputStream:75 - [STDERR_REDIRECT] [Fatal Error] :1:1: Premature end of file.
2025-04-02 09:28:03,116 [ERROR] LogOutputStream:75 - [STDERR_REDIRECT] 
2025-04-02 09:28:04,093 [ERROR] LogOutputStream:75 - [STDERR_REDIRECT] [Fatal Error] :1:1: Premature end of file.
2025-04-02 09:28:04,093 [ERROR] LogOutputStream:75 - [STDERR_REDIRECT] 
2025-04-02 09:28:05,090 [ERROR] LogOutputStream:75 - [STDERR_REDIRECT] [Fatal Error] :1:1: Premature end of file.
2025-04-02 09:28:05,091 [ERROR] LogOutputStream:75 - [STDERR_REDIRECT] 
2025-04-02 09:28:06,084 [ERROR] LogOutputStream:75 - [STDERR_REDIRECT] [Fatal Error] :1:1: Premature end of file.
2025-04-02 09:28:06,084 [ERROR] LogOutputStream:75 - [STDERR_REDIRECT] 
2025-04-02 09:28:07,102 [ERROR] LogOutputStream:75 - [STDERR_REDIRECT] [Fatal Error] :1:1: Premature end of file.
2025-04-02 09:28:07,102 [ERROR] LogOutputStream:75 - [STDERR_REDIRECT] 
2025-04-02 09:28:08,091 [ERROR] LogOutputStream:75 - [STDERR_REDIRECT] [Fatal Error] :1:1: Premature end of file.
2025-04-02 09:28:08,091 [ERROR] LogOutputStream:75 - [STDERR_REDIRECT] 
2025-04-02 09:28:09,103 [ERROR] LogOutputStream:75 - [STDERR_REDIRECT] [Fatal Error] :1:1: Premature end of file.
2025-04-02 09:28:09,104 [ERROR] LogOutputStream:75 - [STDERR_REDIRECT] 
2025-04-02 09:28:10,099 [ERROR] LogOutputStream:75 - [STDERR_REDIRECT] [Fatal Error] :1:1: Premature end of file.
2025-04-02 09:28:10,100 [ERROR] LogOutputStream:75 - [STDERR_REDIRECT] 
2025-04-02 09:28:11,084 [ERROR] LogOutputStream:75 - [STDERR_REDIRECT] [Fatal Error] :1:1: Premature end of file.
2025-04-02 09:28:11,084 [ERROR] LogOutputStream:75 - [STDERR_REDIRECT] 
2025-04-02 09:28:12,086 [ERROR] LogOutputStream:75 - [STDERR_REDIRECT] [Fatal Error] :1:1: Premature end of file.
2025-04-02 09:28:12,086 [ERROR] LogOutputStream:75 - [STDERR_REDIRECT] 
2025-04-02 09:28:13,065 [ERROR] LogOutputStream:75 - [STDERR_REDIRECT] [Fatal Error] :1:1: Premature end of file.
2025-04-02 09:28:13,066 [ERROR] LogOutputStream:75 - [STDERR_REDIRECT] 
2025-04-02 09:28:14,091 [ERROR] LogOutputStream:75 - [STDERR_REDIRECT] [Fatal Error] :1:1: Premature end of file.
2025-04-02 09:28:14,091 [ERROR] LogOutputStream:75 - [STDERR_REDIRECT] 
2025-04-02 09:28:15,076 [ERROR] LogOutputStream:75 - [STDERR_REDIRECT] [Fatal Error] :1:1: Premature end of file.
2025-04-02 09:28:15,076 [ERROR] LogOutputStream:75 - [STDERR_REDIRECT] 
2025-04-02 09:28:16,114 [ERROR] LogOutputStream:75 - [STDERR_REDIRECT] [Fatal Error] :1:1: Premature end of file.
2025-04-02 09:28:16,114 [ERROR] LogOutputStream:75 - [STDERR_REDIRECT] 
2025-04-02 09:28:17,083 [ERROR] LogOutputStream:75 - [STDERR_REDIRECT] [Fatal Error] :1:1: Premature end of file.
2025-04-02 09:28:17,083 [ERROR] LogOutputStream:75 - [STDERR_REDIRECT] 
2025-04-02 09:28:18,118 [ERROR] LogOutputStream:75 - [STDERR_REDIRECT] [Fatal Error] :1:1: Premature end of file.
2025-04-02 09:28:18,118 [ERROR] LogOutputStream:75 - [STDERR_REDIRECT] 
2025-04-02 09:28:19,071 [ERROR] LogOutputStream:75 - [STDERR_REDIRECT] [Fatal Error] :1:1: Premature end of file.
2025-04-02 09:28:19,072 [ERROR] LogOutputStream:75 - [STDERR_REDIRECT] 
2025-04-02 09:28:20,080 [ERROR] LogOutputStream:75 - [STDERR_REDIRECT] [Fatal Error] :1:1: Premature end of file.
2025-04-02 09:28:20,080 [ERROR] LogOutputStream:75 - [STDERR_REDIRECT] 
2025-04-02 09:28:21,109 [ERROR] LogOutputStream:75 - [STDERR_REDIRECT] [Fatal Error] :1:1: Premature end of file.
2025-04-02 09:28:21,110 [ERROR] LogOutputStream:75 - [STDERR_REDIRECT] 
2025-04-02 09:28:22,131 [ERROR] LogOutputStream:75 - [STDERR_REDIRECT] [Fatal Error] :1:1: Premature end of file.
2025-04-02 09:28:22,131 [ERROR] LogOutputStream:75 - [STDERR_REDIRECT] 
2025-04-02 09:28:23,084 [ERROR] LogOutputStream:75 - [STDERR_REDIRECT] [Fatal Error] :1:1: Premature end of file.
2025-04-02 09:28:23,084 [ERROR] LogOutputStream:75 - [STDERR_REDIRECT] 
2025-04-02 09:28:24,111 [ERROR] LogOutputStream:75 - [STDERR_REDIRECT] [Fatal Error] :1:1: Premature end of file.
2025-04-02 09:28:24,111 [ERROR] LogOutputStream:75 - [STDERR_REDIRECT] 
2025-04-02 09:28:24,569 [ERROR] LogOutputStream:75 - [STDERR_REDIRECT] Apr 02, 2025 9:28:24 AM java.util.prefs.WindowsPreferences WindowsRegOpenKey1
2025-04-02 09:28:24,575 [ERROR] LogOutputStream:75 - [STDERR_REDIRECT] WARNING: Trying to recreate Windows registry node Software\JavaSoft\Prefs\com\st\library\analyticscore at root 0xffffffff80000001.
2025-04-02 09:28:24,575 [ERROR] LogOutputStream:75 - [STDERR_REDIRECT] 
2025-04-02 09:28:25,081 [ERROR] LogOutputStream:75 - [STDERR_REDIRECT] [Fatal Error] :1:1: Premature end of file.
2025-04-02 09:28:25,081 [ERROR] LogOutputStream:75 - [STDERR_REDIRECT] 
2025-04-02 09:28:26,069 [ERROR] LogOutputStream:75 - [STDERR_REDIRECT] [Fatal Error] :1:1: Premature end of file.
2025-04-02 09:28:26,069 [ERROR] LogOutputStream:75 - [STDERR_REDIRECT] 
2025-04-02 09:28:27,089 [ERROR] LogOutputStream:75 - [STDERR_REDIRECT] [Fatal Error] :1:1: Premature end of file.
2025-04-02 09:28:27,089 [ERROR] LogOutputStream:75 - [STDERR_REDIRECT] 
2025-04-02 09:28:28,000 [ERROR] LogOutputStream:75 - [STDERR_REDIRECT] 
2025-04-02 09:28:28,001 [ERROR] LogOutputStream:75 - [STDERR_REDIRECT] 
