2025-03-05 07:59:10,201 [INFO] Activator:176 - 


2025-03-05 07:59:10,209 [INFO] Activator:177 - !SESSION log4j initialized
2025-03-05 07:59:17,210 [ERROR] LogOutputStream:75 - [STDERR_REDIRECT] [Fatal Error] :1:1: Premature end of file.
2025-03-05 07:59:17,211 [ERROR] LogOutputStream:75 - [STDERR_REDIRECT] 
2025-03-05 07:59:18,104 [ERROR] LogOutputStream:75 - [STDERR_REDIRECT] [Fatal Error] :1:1: Premature end of file.
2025-03-05 07:59:18,105 [ERROR] LogOutputStream:75 - [STDERR_REDIRECT] 
2025-03-05 07:59:19,089 [ERROR] LogOutputStream:75 - [STDERR_REDIRECT] [Fatal Error] :1:1: Premature end of file.
2025-03-05 07:59:19,090 [ERROR] LogOutputStream:75 - [STDERR_REDIRECT] 
2025-03-05 07:59:19,151 [INFO] LogOutputStream:77 - [STDOUT_REDIRECT] 
2025-03-05 07:59:20,089 [ERROR] LogOutputStream:75 - [STDERR_REDIRECT] [Fatal Error] :1:1: Premature end of file.
2025-03-05 07:59:20,090 [ERROR] LogOutputStream:75 - [STDERR_REDIRECT] 
2025-03-05 07:59:20,784 [INFO] ApplicationProperties:184 - Using Application install path: C:\ST\STM32CubeIDE_1.17.0\STM32CubeIDE\plugins\com.st.stm32cube.common.mx_6.14.0.202502271554
2025-03-05 07:59:20,817 [INFO] DbMcusXml:78 - Set database path to: C:\ST\STM32CubeIDE_1.17.0\STM32CubeIDE\plugins\com.st.stm32cube.common.mx_6.14.0.202502271554\\db\/mcu/
2025-03-05 07:59:20,817 [INFO] ApiDb:274 - Set plugin database path to: C:\ST\STM32CubeIDE_1.17.0\STM32CubeIDE\plugins\com.st.stm32cube.common.mx_6.14.0.202502271554\\db\/plugins/boardmanager/
2025-03-05 07:59:20,817 [WARN] ApiDb:259 - Overriding images path with different value:  => C:\ST\STM32CubeIDE_1.17.0\STM32CubeIDE\plugins\com.st.stm32cube.common.mx_6.14.0.202502271554\\db\/plugins/mcufinder/images/
2025-03-05 07:59:20,833 [INFO] ApiDb:250 - Set database path to: C:\Users\raj\.stmcufinder\plugins\mcufinder//mcu/
2025-03-05 07:59:20,836 [INFO] DbMcusAds:125 - Set database path to: C:\Users\raj\.stmcufinder\plugins\mcufinder//mcu/
2025-03-05 07:59:20,840 [INFO] CrossReferenceDbSqlite:203 - Set database path to: C:\Users\raj\.stmcufinder\plugins\mcufinder//mcu/cs/
2025-03-05 07:59:21,041 [INFO] RulesReader:64 - Compatibility file has been processed (301 Rules)
2025-03-05 07:59:21,096 [ERROR] LogOutputStream:75 - [STDERR_REDIRECT] [Fatal Error] :1:1: Premature end of file.
2025-03-05 07:59:21,097 [ERROR] LogOutputStream:75 - [STDERR_REDIRECT] 
2025-03-05 07:59:21,178 [INFO] DbMcusXml:78 - Set database path to: C:\ST\STM32CubeIDE_1.17.0\STM32CubeIDE\plugins\com.st.stm32cube.common.mx_6.14.0.202502271554\\db\/mcu/
2025-03-05 07:59:21,178 [INFO] ApiDb:274 - Set plugin database path to: C:\ST\STM32CubeIDE_1.17.0\STM32CubeIDE\plugins\com.st.stm32cube.common.mx_6.14.0.202502271554\\db\/plugins/boardmanager/
2025-03-05 07:59:21,178 [INFO] ApiDb:261 - Set plugin images path to: C:\ST\STM32CubeIDE_1.17.0\STM32CubeIDE\plugins\com.st.stm32cube.common.mx_6.14.0.202502271554\\db\/plugins/mcufinder/images/
2025-03-05 07:59:21,178 [WARN] DbFile:41 - Overriding database path with different value: C:\Users\raj\.stmcufinder\plugins\mcufinder/ => C:\Users\raj\.stmcufinder\plugins\mcufinder
2025-03-05 07:59:21,178 [INFO] ApiDb:250 - Set database path to: C:\Users\raj\.stmcufinder\plugins\mcufinder//mcu/
2025-03-05 07:59:21,178 [WARN] DbFile:41 - Overriding database path with different value: C:\Users\raj\.stmcufinder\plugins\mcufinder/ => C:\Users\raj\.stmcufinder\plugins\mcufinder
2025-03-05 07:59:21,178 [INFO] DbMcusAds:125 - Set database path to: C:\Users\raj\.stmcufinder\plugins\mcufinder//mcu/
2025-03-05 07:59:21,178 [WARN] DbFile:41 - Overriding database path with different value: C:\Users\raj\.stmcufinder\plugins\mcufinder/ => C:\Users\raj\.stmcufinder\plugins\mcufinder
2025-03-05 07:59:21,179 [WARN] DbFile:41 - Overriding database path with different value: C:\Users\raj\.stmcufinder\plugins\mcufinder/ => C:\Users\raj\.stmcufinder\plugins\mcufinder
2025-03-05 07:59:21,179 [INFO] CrossReferenceDbSqlite:203 - Set database path to: C:\Users\raj\.stmcufinder\plugins\mcufinder//mcu/cs/
2025-03-05 07:59:21,320 [INFO] MainPanel:272 - HeapMemory: 268435456
2025-03-05 07:59:21,535 [INFO] DbMcusXml:78 - Set database path to: C:\ST\STM32CubeIDE_1.17.0\STM32CubeIDE\plugins\com.st.stm32cube.common.mx_6.14.0.202502271554\\db\/mcu/
2025-03-05 07:59:21,535 [INFO] ApiDb:274 - Set plugin database path to: C:\ST\STM32CubeIDE_1.17.0\STM32CubeIDE\plugins\com.st.stm32cube.common.mx_6.14.0.202502271554\\db\/plugins/boardmanager/
2025-03-05 07:59:21,535 [INFO] ApiDb:261 - Set plugin images path to: C:\ST\STM32CubeIDE_1.17.0\STM32CubeIDE\plugins\com.st.stm32cube.common.mx_6.14.0.202502271554\\db\/plugins/mcufinder/images/
2025-03-05 07:59:21,536 [WARN] DbFile:41 - Overriding database path with different value: C:\Users\raj\.stmcufinder\plugins\mcufinder/ => C:\Users\raj\.stmcufinder\plugins\mcufinder
2025-03-05 07:59:21,536 [INFO] ApiDb:250 - Set database path to: C:\Users\raj\.stmcufinder\plugins\mcufinder//mcu/
2025-03-05 07:59:21,536 [WARN] DbFile:41 - Overriding database path with different value: C:\Users\raj\.stmcufinder\plugins\mcufinder/ => C:\Users\raj\.stmcufinder\plugins\mcufinder
2025-03-05 07:59:21,536 [INFO] DbMcusAds:125 - Set database path to: C:\Users\raj\.stmcufinder\plugins\mcufinder//mcu/
2025-03-05 07:59:21,536 [WARN] DbFile:41 - Overriding database path with different value: C:\Users\raj\.stmcufinder\plugins\mcufinder/ => C:\Users\raj\.stmcufinder\plugins\mcufinder
2025-03-05 07:59:21,536 [WARN] DbFile:41 - Overriding database path with different value: C:\Users\raj\.stmcufinder\plugins\mcufinder/ => C:\Users\raj\.stmcufinder\plugins\mcufinder
2025-03-05 07:59:21,537 [INFO] CrossReferenceDbSqlite:203 - Set database path to: C:\Users\raj\.stmcufinder\plugins\mcufinder//mcu/cs/
2025-03-05 07:59:21,564 [INFO] ApplicationProperties:184 - Using Application install path: C:\ST\STM32CubeIDE_1.17.0\STM32CubeIDE\plugins\com.st.stm32cube.common.mx_6.14.0.202502271554
2025-03-05 07:59:21,566 [INFO] PluginManage:196 - Search for loadable plugins [exclusion list=, ]
2025-03-05 07:59:21,569 [INFO] PluginManage:310 - Check plugin analytics
2025-03-05 07:59:21,874 [INFO] AnalyticsPlugin:253 - Accepted Software Licenses: 
2025-03-05 07:59:21,875 [INFO] AnalyticsPlugin:255 - Accepted CMSIS Pack Licenses: 
2025-03-05 07:59:21,875 [INFO] AnalyticsPlugin:257 - Accepted Firmware Licenses: FW.L4.1.18.0
2025-03-05 07:59:21,879 [INFO] PluginManage:359 - Loaded plugin analytics (category:tool,tabindex:-1)
2025-03-05 07:59:21,879 [INFO] PluginManage:310 - Check plugin cadmodel
2025-03-05 07:59:21,905 [INFO] CADModel:105 - Init CAD model plugin
2025-03-05 07:59:21,906 [INFO] PluginManage:359 - Loaded plugin cadmodel (category:power,tabindex:5)
2025-03-05 07:59:21,906 [INFO] PluginManage:310 - Check plugin clock
2025-03-05 07:59:21,939 [INFO] PluginManage:359 - Loaded plugin clock (category:base,tabindex:2)
2025-03-05 07:59:21,940 [INFO] PluginManage:310 - Check plugin ddr
2025-03-05 07:59:21,943 [INFO] PluginManage:359 - Loaded plugin ddr (category:tool,tabindex:6)
2025-03-05 07:59:21,943 [INFO] PluginManage:310 - Check plugin filemanager
2025-03-05 07:59:22,088 [ERROR] LogOutputStream:75 - [STDERR_REDIRECT] [Fatal Error] :1:1: Premature end of file.
2025-03-05 07:59:22,089 [ERROR] LogOutputStream:75 - [STDERR_REDIRECT] 
2025-03-05 07:59:22,129 [INFO] PluginManage:359 - Loaded plugin filemanager (category:base,tabindex:10)
2025-03-05 07:59:22,129 [INFO] PluginManage:310 - Check plugin ipmanager
2025-03-05 07:59:22,135 [INFO] PluginManage:359 - Loaded plugin ipmanager (category:base,tabindex:5)
2025-03-05 07:59:22,136 [INFO] PluginManage:310 - Check plugin lpbam
2025-03-05 07:59:22,176 [INFO] PluginManage:359 - Loaded plugin lpbam (category:base,tabindex:0)
2025-03-05 07:59:22,176 [INFO] PluginManage:310 - Check plugin memorymap
2025-03-05 07:59:22,213 [INFO] PluginManage:359 - Loaded plugin memorymap (category:base,tabindex:4)
2025-03-05 07:59:22,213 [INFO] PluginManage:310 - Check plugin pinoutandconfiguration
2025-03-05 07:59:22,263 [INFO] PluginManage:359 - Loaded plugin pinoutandconfiguration (category:base,tabindex:1)
2025-03-05 07:59:22,263 [INFO] PluginManage:310 - Check plugin pinoutconfig
2025-03-05 07:59:22,390 [WARN] SupportedApi:132 - Cannot load RTOS API schema: s4s-elt-must-match.1: The content of 'definitions' must match (annotation?, (simpleType | complexType)?, (unique | key | keyref)*)). A problem was found starting at: attribute.
2025-03-05 07:59:22,497 [INFO] PluginManage:359 - Loaded plugin pinoutconfig (category:base,tabindex:0)
2025-03-05 07:59:22,497 [INFO] PluginManage:310 - Check plugin power
2025-03-05 07:59:22,520 [INFO] PluginManage:359 - Loaded plugin power (category:power,tabindex:4)
2025-03-05 07:59:22,520 [INFO] PluginManage:310 - Check plugin projectmanager
2025-03-05 07:59:22,534 [INFO] PluginManage:359 - Loaded plugin projectmanager (category:projectmanager,tabindex:4)
2025-03-05 07:59:22,534 [INFO] PluginManage:310 - Check plugin rif
2025-03-05 07:59:22,580 [INFO] PluginManage:359 - Loaded plugin rif (category:base,tabindex:3)
2025-03-05 07:59:22,581 [INFO] PluginManage:310 - Check plugin thirdparty
2025-03-05 07:59:23,100 [ERROR] LogOutputStream:75 - [STDERR_REDIRECT] [Fatal Error] :1:1: Premature end of file.
2025-03-05 07:59:23,101 [ERROR] LogOutputStream:75 - [STDERR_REDIRECT] 
2025-03-05 07:59:23,356 [WARN] IntegrityCheckThread:84 - waiting for thirdparty lock release [integrity check]
2025-03-05 07:59:23,357 [INFO] PluginManage:359 - Loaded plugin thirdparty (category:base,tabindex:-1)
2025-03-05 07:59:23,357 [INFO] IntegrityCheckThread:86 - entering critical section [integrity check]
2025-03-05 07:59:23,358 [INFO] ThirdPartyUpdaterWithRetryManager:70 - Updater plugin not ready yet. [1/15]
2025-03-05 07:59:23,358 [INFO] PluginManage:310 - Check plugin tools
2025-03-05 07:59:23,527 [INFO] PluginManage:359 - Loaded plugin tools (category:base,tabindex:7)
2025-03-05 07:59:23,528 [INFO] PluginManage:310 - Check plugin tutovideos
2025-03-05 07:59:23,791 [INFO] PluginManage:359 - Loaded plugin tutovideos (category:base,tabindex:-1)
2025-03-05 07:59:23,791 [INFO] PluginManage:310 - Check plugin updater
2025-03-05 07:59:23,820 [INFO] PluginManage:359 - Loaded plugin updater (category:base,tabindex:12)
2025-03-05 07:59:23,821 [INFO] PluginManage:310 - Check plugin userauth
2025-03-05 07:59:23,826 [INFO] UserAuth:118 - Init User Auth plugin
2025-03-05 07:59:23,827 [INFO] PluginManage:359 - Loaded plugin userauth (category:base,tabindex:14)
2025-03-05 07:59:23,827 [INFO] PluginManage:283 - PluginManage : Loaded plugins [18]
2025-03-05 07:59:24,019 [INFO] PinOutPanel:1589 - setPackage(No Configuration,No Configuration)
2025-03-05 07:59:24,093 [ERROR] LogOutputStream:75 - [STDERR_REDIRECT] [Fatal Error] :1:1: Premature end of file.
2025-03-05 07:59:24,093 [ERROR] LogOutputStream:75 - [STDERR_REDIRECT] 
2025-03-05 07:59:24,116 [INFO] CADModel:165 - CPN selected for project level
2025-03-05 07:59:24,116 [INFO] CADModel:114 - Register for checkConnection events
2025-03-05 07:59:24,167 [INFO] IPUIPlugin:80 - create IPUIPlugin
2025-03-05 07:59:24,167 [INFO] PluginManager:220 - loadIPPluginJar : add adc
2025-03-05 07:59:24,309 [INFO] IPUIPlugin:80 - create IPUIPlugin
2025-03-05 07:59:24,309 [INFO] PluginManager:220 - loadIPPluginJar : add aes
2025-03-05 07:59:24,457 [INFO] IPUIPlugin:80 - create IPUIPlugin
2025-03-05 07:59:24,457 [INFO] PluginManager:220 - loadIPPluginJar : add can
2025-03-05 07:59:24,569 [INFO] IPUIPlugin:80 - create IPUIPlugin
2025-03-05 07:59:24,569 [INFO] PluginManager:220 - loadIPPluginJar : add comp
2025-03-05 07:59:24,724 [INFO] IPUIPlugin:80 - create IPUIPlugin
2025-03-05 07:59:24,725 [INFO] PluginManager:220 - loadIPPluginJar : add cryp
2025-03-05 07:59:24,774 [INFO] IPUIPlugin:80 - create IPUIPlugin
2025-03-05 07:59:24,775 [INFO] PluginManager:220 - loadIPPluginJar : add ddr_ctrl_phy
2025-03-05 07:59:24,812 [INFO] IPUIPlugin:80 - create IPUIPlugin
2025-03-05 07:59:24,812 [INFO] PluginManager:220 - loadIPPluginJar : add dfsdm
2025-03-05 07:59:24,861 [INFO] IPUIPlugin:80 - create IPUIPlugin
2025-03-05 07:59:24,862 [INFO] PluginManager:220 - loadIPPluginJar : add dma
2025-03-05 07:59:25,043 [INFO] IPUIPlugin:80 - create IPUIPlugin
2025-03-05 07:59:25,043 [INFO] PluginManager:220 - loadIPPluginJar : add dma3
2025-03-05 07:59:25,108 [ERROR] LogOutputStream:75 - [STDERR_REDIRECT] [Fatal Error] :1:1: Premature end of file.
2025-03-05 07:59:25,109 [ERROR] LogOutputStream:75 - [STDERR_REDIRECT] 
2025-03-05 07:59:25,258 [INFO] IPUIPlugin:80 - create IPUIPlugin
2025-03-05 07:59:25,258 [INFO] PluginManager:220 - loadIPPluginJar : add extmemmanager
2025-03-05 07:59:25,366 [INFO] IPUIPlugin:80 - create IPUIPlugin
2025-03-05 07:59:25,366 [INFO] PluginManager:220 - loadIPPluginJar : add fatfs
2025-03-05 07:59:25,591 [INFO] IPUIPlugin:80 - create IPUIPlugin
2025-03-05 07:59:25,591 [INFO] PluginManager:220 - loadIPPluginJar : add fmc
2025-03-05 07:59:25,652 [INFO] IPUIPlugin:80 - create IPUIPlugin
2025-03-05 07:59:25,653 [INFO] PluginManager:220 - loadIPPluginJar : add freertos
2025-03-05 07:59:25,719 [INFO] IPUIPlugin:80 - create IPUIPlugin
2025-03-05 07:59:25,719 [INFO] PluginManager:220 - loadIPPluginJar : add genericplugin
2025-03-05 07:59:26,127 [INFO] IPUIPlugin:80 - create IPUIPlugin
2025-03-05 07:59:26,127 [INFO] PluginManager:220 - loadIPPluginJar : add gfxmmu
2025-03-05 07:59:26,129 [ERROR] LogOutputStream:75 - [STDERR_REDIRECT] [Fatal Error] :1:1: Premature end of file.
2025-03-05 07:59:26,130 [ERROR] LogOutputStream:75 - [STDERR_REDIRECT] 
2025-03-05 07:59:26,360 [INFO] ThirdPartyUpdaterWithRetryManager:70 - Updater plugin not ready yet. [2/15]
2025-03-05 07:59:26,682 [INFO] IPUIPlugin:80 - create IPUIPlugin
2025-03-05 07:59:26,683 [INFO] PluginManager:220 - loadIPPluginJar : add gic
2025-03-05 07:59:26,737 [INFO] IPUIPlugin:80 - create IPUIPlugin
2025-03-05 07:59:26,737 [INFO] PluginManager:220 - loadIPPluginJar : add gpio
2025-03-05 07:59:27,109 [ERROR] LogOutputStream:75 - [STDERR_REDIRECT] [Fatal Error] :1:1: Premature end of file.
2025-03-05 07:59:27,110 [ERROR] LogOutputStream:75 - [STDERR_REDIRECT] 
2025-03-05 07:59:27,152 [INFO] IPUIPlugin:80 - create IPUIPlugin
2025-03-05 07:59:27,153 [INFO] PluginManager:220 - loadIPPluginJar : add gtzc
2025-03-05 07:59:27,308 [INFO] IPUIPlugin:80 - create IPUIPlugin
2025-03-05 07:59:27,309 [INFO] PluginManager:220 - loadIPPluginJar : add hash
2025-03-05 07:59:27,530 [INFO] IPUIPlugin:80 - create IPUIPlugin
2025-03-05 07:59:27,530 [INFO] PluginManager:220 - loadIPPluginJar : add i2c
2025-03-05 07:59:27,716 [INFO] IPUIPlugin:80 - create IPUIPlugin
2025-03-05 07:59:27,717 [INFO] PluginManager:220 - loadIPPluginJar : add i2s
2025-03-05 07:59:27,885 [INFO] IPUIPlugin:80 - create IPUIPlugin
2025-03-05 07:59:27,886 [INFO] PluginManager:220 - loadIPPluginJar : add i3c
2025-03-05 07:59:28,115 [ERROR] LogOutputStream:75 - [STDERR_REDIRECT] [Fatal Error] :1:1: Premature end of file.
2025-03-05 07:59:28,116 [ERROR] LogOutputStream:75 - [STDERR_REDIRECT] 
2025-03-05 07:59:28,295 [INFO] IPUIPlugin:80 - create IPUIPlugin
2025-03-05 07:59:28,296 [INFO] PluginManager:220 - loadIPPluginJar : add ipddr
2025-03-05 07:59:28,725 [INFO] IPUIPlugin:80 - create IPUIPlugin
2025-03-05 07:59:28,726 [INFO] PluginManager:220 - loadIPPluginJar : add linkedlist
2025-03-05 07:59:28,888 [INFO] IPUIPlugin:80 - create IPUIPlugin
2025-03-05 07:59:28,888 [INFO] PluginManager:220 - loadIPPluginJar : add lorawan
2025-03-05 07:59:29,063 [INFO] IPUIPlugin:80 - create IPUIPlugin
2025-03-05 07:59:29,063 [INFO] PluginManager:220 - loadIPPluginJar : add ltdc
2025-03-05 07:59:29,101 [ERROR] LogOutputStream:75 - [STDERR_REDIRECT] [Fatal Error] :1:1: Premature end of file.
2025-03-05 07:59:29,101 [ERROR] LogOutputStream:75 - [STDERR_REDIRECT] 
2025-03-05 07:59:29,106 [INFO] IPUIPlugin:80 - create IPUIPlugin
2025-03-05 07:59:29,106 [INFO] PluginManager:220 - loadIPPluginJar : add mdma
2025-03-05 07:59:29,155 [INFO] IPUIPlugin:80 - create IPUIPlugin
2025-03-05 07:59:29,155 [INFO] PluginManager:220 - loadIPPluginJar : add nvic
2025-03-05 07:59:29,315 [INFO] IPUIPlugin:80 - create IPUIPlugin
2025-03-05 07:59:29,315 [INFO] PluginManager:220 - loadIPPluginJar : add opamp
2025-03-05 07:59:29,361 [INFO] ThirdPartyUpdaterWithRetryManager:70 - Updater plugin not ready yet. [3/15]
2025-03-05 07:59:29,601 [INFO] IPUIPlugin:80 - create IPUIPlugin
2025-03-05 07:59:29,601 [INFO] PluginManager:220 - loadIPPluginJar : add openamp
2025-03-05 07:59:29,768 [INFO] IPUIPlugin:80 - create IPUIPlugin
2025-03-05 07:59:29,768 [INFO] PluginManager:220 - loadIPPluginJar : add pdm2pcm
2025-03-05 07:59:29,826 [INFO] IPUIPlugin:80 - create IPUIPlugin
2025-03-05 07:59:29,832 [INFO] PluginManager:220 - loadIPPluginJar : add plateformsettings
2025-03-05 07:59:29,937 [INFO] IPUIPlugin:80 - create IPUIPlugin
2025-03-05 07:59:29,937 [INFO] PluginManager:220 - loadIPPluginJar : add quadspi
2025-03-05 07:59:30,059 [INFO] IPUIPlugin:80 - create IPUIPlugin
2025-03-05 07:59:30,060 [INFO] PluginManager:220 - loadIPPluginJar : add radio
2025-03-05 07:59:30,106 [INFO] IPUIPlugin:80 - create IPUIPlugin
2025-03-05 07:59:30,107 [INFO] PluginManager:220 - loadIPPluginJar : add resmgrutility
2025-03-05 07:59:30,111 [ERROR] LogOutputStream:75 - [STDERR_REDIRECT] [Fatal Error] :1:1: Premature end of file.
2025-03-05 07:59:30,111 [ERROR] LogOutputStream:75 - [STDERR_REDIRECT] 
2025-03-05 07:59:30,303 [INFO] IPUIPlugin:80 - create IPUIPlugin
2025-03-05 07:59:30,303 [INFO] PluginManager:220 - loadIPPluginJar : add sai
2025-03-05 07:59:30,464 [INFO] IPUIPlugin:80 - create IPUIPlugin
2025-03-05 07:59:30,464 [INFO] PluginManager:220 - loadIPPluginJar : add spi
2025-03-05 07:59:30,594 [INFO] IPUIPlugin:80 - create IPUIPlugin
2025-03-05 07:59:30,594 [INFO] PluginManager:220 - loadIPPluginJar : add stm32_wpan
2025-03-05 07:59:30,628 [INFO] IPUIPlugin:80 - create IPUIPlugin
2025-03-05 07:59:30,628 [INFO] PluginManager:220 - loadIPPluginJar : add tim
2025-03-05 07:59:30,773 [INFO] IPUIPlugin:80 - create IPUIPlugin
2025-03-05 07:59:30,774 [INFO] PluginManager:220 - loadIPPluginJar : add touchsensing
2025-03-05 07:59:30,810 [INFO] IPUIPlugin:80 - create IPUIPlugin
2025-03-05 07:59:30,810 [INFO] PluginManager:220 - loadIPPluginJar : add tracer_emb
2025-03-05 07:59:30,842 [INFO] IPUIPlugin:80 - create IPUIPlugin
2025-03-05 07:59:30,842 [INFO] PluginManager:220 - loadIPPluginJar : add ts
2025-03-05 07:59:30,875 [INFO] IPUIPlugin:80 - create IPUIPlugin
2025-03-05 07:59:30,876 [INFO] PluginManager:220 - loadIPPluginJar : add tsc
2025-03-05 07:59:30,913 [INFO] IPUIPlugin:80 - create IPUIPlugin
2025-03-05 07:59:30,913 [INFO] PluginManager:220 - loadIPPluginJar : add ucpd
2025-03-05 07:59:30,961 [INFO] IPUIPlugin:80 - create IPUIPlugin
2025-03-05 07:59:30,962 [INFO] PluginManager:220 - loadIPPluginJar : add usart
2025-03-05 07:59:31,003 [INFO] IPUIPlugin:80 - create IPUIPlugin
2025-03-05 07:59:31,003 [INFO] PluginManager:220 - loadIPPluginJar : add usbx
2025-03-05 07:59:31,075 [ERROR] LogOutputStream:75 - [STDERR_REDIRECT] [Fatal Error] :1:1: Premature end of file.
2025-03-05 07:59:31,075 [ERROR] LogOutputStream:75 - [STDERR_REDIRECT] 
2025-03-05 07:59:31,129 [FATAL] Updater:351 - Updater called before beeing initialized
2025-03-05 07:59:31,170 [INFO] RulesReader:64 - Compatibility file has been processed (301 Rules)
2025-03-05 07:59:31,181 [INFO] RulesReader:64 - Compatibility file has been processed (301 Rules)
2025-03-05 07:59:31,190 [INFO] CADModel:165 - CPN selected for project level
2025-03-05 07:59:31,190 [INFO] CADModel:114 - Register for checkConnection events
2025-03-05 07:59:31,190 [FATAL] Updater:351 - Updater called before beeing initialized
2025-03-05 07:59:31,190 [ERROR] CADModel:125 - Updater not yet initialized, retry later 
2025-03-05 07:59:31,302 [FATAL] Updater:351 - Updater called before beeing initialized
2025-03-05 07:59:31,303 [INFO] CADModel:165 - CPN selected for project level
2025-03-05 07:59:31,305 [INFO] CADModel:114 - Register for checkConnection events
2025-03-05 07:59:31,305 [FATAL] Updater:351 - Updater called before beeing initialized
2025-03-05 07:59:31,305 [ERROR] CADModel:125 - Updater not yet initialized, retry later 
2025-03-05 07:59:31,306 [FATAL] Updater:351 - Updater called before beeing initialized
2025-03-05 07:59:31,410 [FATAL] Updater:351 - Updater called before beeing initialized
2025-03-05 07:59:31,421 [INFO] DbMcusAds:53 - JSON generation date=Thu Sep 30 08:55:09 CEST 2021 (1632984909247)
2025-03-05 07:59:31,421 [FATAL] Updater:351 - Updater called before beeing initialized
2025-03-05 07:59:31,451 [WARN] DetailPanel:346 - Failed to get advertising image, set to default
2025-03-05 07:59:31,603 [FATAL] Updater:351 - Updater called before beeing initialized
2025-03-05 07:59:31,604 [FATAL] Updater:351 - Updater called before beeing initialized
2025-03-05 07:59:31,604 [FATAL] Updater:351 - Updater called before beeing initialized
2025-03-05 07:59:31,605 [WARN] DetailPanel:346 - Failed to get advertising image, set to default
2025-03-05 07:59:31,605 [FATAL] Updater:351 - Updater called before beeing initialized
2025-03-05 07:59:31,658 [ERROR] Updater:1198 - MainUpdater not yet initialized. External WinMGr cannot be set.
2025-03-05 07:59:31,669 [INFO] Updater:1134 - Updater Version found : 6.14.0
2025-03-05 07:59:31,686 [INFO] ApplicationProperties:184 - Using Application install path: C:\ST\STM32CubeIDE_1.17.0\STM32CubeIDE\plugins\com.st.stm32cube.common.mx_6.14.0.202502271554
2025-03-05 07:59:32,104 [ERROR] LogOutputStream:75 - [STDERR_REDIRECT] [Fatal Error] :1:1: Premature end of file.
2025-03-05 07:59:32,105 [ERROR] LogOutputStream:75 - [STDERR_REDIRECT] 
2025-03-05 07:59:32,363 [INFO] ThirdPartyUpdaterWithRetryManager:70 - Updater plugin not ready yet. [4/15]
2025-03-05 07:59:33,081 [ERROR] LogOutputStream:75 - [STDERR_REDIRECT] [Fatal Error] :1:1: Premature end of file.
2025-03-05 07:59:33,081 [ERROR] LogOutputStream:75 - [STDERR_REDIRECT] 
2025-03-05 07:59:33,273 [ERROR] LogOutputStream:75 - [STDERR_REDIRECT] Mar 05, 2025 7:59:33 AM java.util.prefs.WindowsPreferences <init>
2025-03-05 07:59:33,275 [ERROR] LogOutputStream:75 - [STDERR_REDIRECT] WARNING: Could not open/create prefs root node Software\JavaSoft\Prefs at root 0xffffffff80000002. Windows RegCreateKeyEx(...) returned error code 5.
2025-03-05 07:59:33,275 [ERROR] LogOutputStream:75 - [STDERR_REDIRECT] 
2025-03-05 07:59:33,736 [INFO] MainUpdater:2872 - connection check result : 10
2025-03-05 07:59:33,737 [INFO] MainUpdater:289 - Updater Check For Update Now.
2025-03-05 07:59:33,737 [INFO] MicroXplorer:498 - Change Database Version : DB.6.0.140
2025-03-05 07:59:33,761 [INFO] McuFinderGlobals:63 - Set McuFinder mode to 2 (CubeIDE integrated)
2025-03-05 07:59:33,774 [INFO] UserAuth:486 - Internet connection configuration mode: 1
2025-03-05 07:59:33,825 [INFO] JxBrowserEngine:152 - Initiate JxBrowser Engine with user profile folder
2025-03-05 07:59:33,941 [INFO] CheckServerUpdateThread:120 - End of CheckServer Thread
2025-03-05 07:59:34,090 [ERROR] LogOutputStream:75 - [STDERR_REDIRECT] [Fatal Error] :1:1: Premature end of file.
2025-03-05 07:59:34,090 [ERROR] LogOutputStream:75 - [STDERR_REDIRECT] 
2025-03-05 07:59:34,824 [INFO] WebApp:169 - Instantiating new browser for Auth
2025-03-05 07:59:35,086 [ERROR] LogOutputStream:75 - [STDERR_REDIRECT] [Fatal Error] :1:1: Premature end of file.
2025-03-05 07:59:35,087 [ERROR] LogOutputStream:75 - [STDERR_REDIRECT] 
2025-03-05 07:59:35,715 [WARN] PackLoader:240 - Cannot read IP mode file for STMicroelectronics.FP-SNS-MOTENVWB1.1.4.0
2025-03-05 07:59:35,741 [INFO] WebApp:463 - Apply proxy settings
2025-03-05 07:59:35,741 [INFO] WebApp:548 - Chromium requires no authentication
2025-03-05 07:59:35,741 [WARN] PackLoader:240 - Cannot read IP mode file for STMicroelectronics.FP-ATR-ASTRA1.2.0.2
2025-03-05 07:59:35,753 [INFO] WebApp:491 - Direct internet connection detected
2025-03-05 07:59:35,761 [WARN] PackLoader:240 - Cannot read IP mode file for STMicroelectronics.FP-ATR-ASTRA1.2.0.1
2025-03-05 07:59:35,789 [WARN] PackLoader:240 - Cannot read IP mode file for STMicroelectronics.X-CUBE-SMBUS.2.1.0
2025-03-05 07:59:35,819 [INFO] WebApp:894 - Register for checkConnection events
2025-03-05 07:59:35,820 [INFO] WebApp:463 - Apply proxy settings
2025-03-05 07:59:35,820 [INFO] WebApp:548 - Chromium requires no authentication
2025-03-05 07:59:35,821 [INFO] WebApp:491 - Direct internet connection detected
2025-03-05 07:59:35,826 [WARN] PackLoader:240 - Cannot read IP mode file for STMicroelectronics.X-CUBE-WB05N.1.1.0
2025-03-05 07:59:35,875 [WARN] PackLoader:240 - Cannot read IP mode file for STMicroelectronics.X-CUBE-AZRTOS-F7.1.1.0
2025-03-05 07:59:35,954 [WARN] PackLoader:240 - Cannot read IP mode file for STMicroelectronics.X-CUBE-MEMS1.11.0.0
2025-03-05 07:59:36,035 [WARN] PackLoader:240 - Cannot read IP mode file for STMicroelectronics.FP-SNS-FLIGHT1.5.0.2
2025-03-05 07:59:36,068 [WARN] PackLoader:240 - Cannot read IP mode file for Infineon.AIROC-Wi-Fi-Bluetooth-STM32.1.7.0
2025-03-05 07:59:36,110 [INFO] WebApp:191 - Connection restablished
2025-03-05 07:59:36,117 [WARN] PackLoader:240 - Cannot read IP mode file for STMicroelectronics.X-CUBE-DISPLAY.3.0.0
2025-03-05 07:59:36,136 [ERROR] LogOutputStream:75 - [STDERR_REDIRECT] [Fatal Error] :1:1: Premature end of file.
2025-03-05 07:59:36,137 [ERROR] LogOutputStream:75 - [STDERR_REDIRECT] 
2025-03-05 07:59:36,149 [WARN] PackLoader:240 - Cannot read IP mode file for STMicroelectronics.X-CUBE-BLE1.7.0.0
2025-03-05 07:59:36,170 [WARN] PackLoader:240 - Cannot read IP mode file for STMicroelectronics.X-CUBE-NFC10.1.0.0
2025-03-05 07:59:36,190 [WARN] PackLoader:240 - Cannot read IP mode file for STMicroelectronics.X-CUBE-BLEMGR.4.0.0
2025-03-05 07:59:36,213 [WARN] PackLoader:240 - Cannot read IP mode file for emotas.I-CUBE-CANOPEN.1.3.0
2025-03-05 07:59:36,240 [WARN] PackLoader:240 - Cannot read IP mode file for STMicroelectronics.X-CUBE-BLEMGR.3.1.0
2025-03-05 07:59:36,256 [WARN] PackLoader:240 - Cannot read IP mode file for STMicroelectronics.X-CUBE-AI.10.0.0
2025-03-05 07:59:36,278 [WARN] PackLoader:240 - Cannot read IP mode file for STMicroelectronics.FP-SNS-SMARTAG2.1.2.0
2025-03-05 07:59:36,339 [WARN] PackLoader:240 - Cannot read IP mode file for STMicroelectronics.X-CUBE-MEMS1.11.1.0
2025-03-05 07:59:36,344 [INFO] WebApp:225 - Starting web application
2025-03-05 07:59:36,345 [INFO] WebApp:593 - Web application path used C:\ST\STM32CubeIDE_1.17.0\STM32CubeIDE\plugins\com.st.stm32cube.common.mx_6.14.0.202502271554\db\plugins\mcufinder\reactClient1\index.html
2025-03-05 07:59:36,512 [INFO] LogOutputStream:77 - [STDOUT_REDIRECT] 1 : Invalid condition id : UX_CORESTACK_Condition cause : null
2025-03-05 07:59:36,514 [INFO] LogOutputStream:77 - [STDOUT_REDIRECT] 1 : Invalid condition id : UX_CORESTACK_Condition cause : null
2025-03-05 07:59:36,515 [INFO] LogOutputStream:77 - [STDOUT_REDIRECT] 1 : Invalid condition id : UX_CORESTACK_Condition cause : null
2025-03-05 07:59:36,516 [INFO] LogOutputStream:77 - [STDOUT_REDIRECT] 1 : Invalid condition id : UX_CORESTACK_Condition cause : null
2025-03-05 07:59:36,518 [INFO] LogOutputStream:77 - [STDOUT_REDIRECT] 1 : Invalid condition id : UX_CORESTACK_Condition cause : null
2025-03-05 07:59:36,522 [WARN] PackLoader:240 - Cannot read IP mode file for STMicroelectronics.X-CUBE-AZRTOS-WL.2.0.0
2025-03-05 07:59:36,553 [WARN] PackLoader:240 - Cannot read IP mode file for STMicroelectronics.FP-SNS-MOTENV1.5.0.0
2025-03-05 07:59:36,579 [WARN] PackLoader:240 - Cannot read IP mode file for wolfSSL.I-CUBE-wolfMQTT.1.19.0
2025-03-05 07:59:36,601 [WARN] PackLoader:240 - Cannot read IP mode file for WES.I-CUBE-Cesium.1.3.0
2025-03-05 07:59:36,629 [INFO] UserAuth:486 - Internet connection configuration mode: 1
2025-03-05 07:59:36,629 [WARN] PackLoader:240 - Cannot read IP mode file for STMicroelectronics.X-CUBE-BLE2.3.3.0
2025-03-05 07:59:36,667 [WARN] PackLoader:240 - Cannot read IP mode file for STMicroelectronics.X-CUBE-NFC9.1.0.0
2025-03-05 07:59:36,696 [WARN] PackLoader:240 - Cannot read IP mode file for STMicroelectronics.X-CUBE-TCPP.4.1.0
2025-03-05 07:59:36,742 [WARN] PackLoader:240 - Cannot read IP mode file for STMicroelectronics.X-CUBE-AZRTOS-G0.1.1.0
2025-03-05 07:59:36,769 [WARN] PackLoader:240 - Cannot read IP mode file for STMicroelectronics.X-CUBE-SAFEA1.1.2.2
2025-03-05 07:59:36,786 [WARN] PackLoader:240 - Cannot read IP mode file for STMicroelectronics.X-CUBE-NFC4.3.0.0
2025-03-05 07:59:36,808 [WARN] PackLoader:240 - Cannot read IP mode file for EmbeddedOffice.I-CUBE-FS-RTOS.1.0.1
2025-03-05 07:59:36,822 [WARN] PackLoader:240 - Cannot read IP mode file for STMicroelectronics.X-CUBE-TCPP.4.2.0
2025-03-05 07:59:36,835 [WARN] PackLoader:240 - Cannot read IP mode file for RealThread.X-CUBE-RT-Thread_Nano.4.1.1
2025-03-05 07:59:36,850 [WARN] PackLoader:240 - Cannot read IP mode file for STMicroelectronics.FP-ATR-SIGFOX1.3.2.0
2025-03-05 07:59:36,862 [WARN] ConditionMgr:438 - getConditionDescription Invalid condition id : Cortex-A Device cause : null
2025-03-05 07:59:36,891 [WARN] ConditionMgr:1044 - genDependencies : Invalid condition id : Cortex-A Device cause : null
2025-03-05 07:59:36,891 [WARN] ConditionMgr:1044 - genDependencies : Invalid condition id : Cortex-A Device cause : null
2025-03-05 07:59:36,891 [WARN] ConditionMgr:1044 - genDependencies : Invalid condition id : Cortex-A Device cause : null
2025-03-05 07:59:36,911 [WARN] PackLoader:240 - Cannot read IP mode file for STMicroelectronics.X-CUBE-EEPRMA1.5.1.0
2025-03-05 07:59:36,932 [WARN] PackLoader:240 - Cannot read IP mode file for wolfSSL.I-CUBE-wolfSSL.5.7.4
2025-03-05 07:59:36,954 [WARN] PackLoader:240 - Cannot read IP mode file for ITTIA_DB.I-CUBE-ITTIADB.8.9.0
2025-03-05 07:59:36,990 [WARN] PackLoader:240 - Cannot read IP mode file for SEGGER.I-CUBE-embOS.1.3.1
2025-03-05 07:59:37,016 [WARN] PackLoader:240 - Cannot read IP mode file for STMicroelectronics.X-CUBE-ALGOBUILD.1.4.0
2025-03-05 07:59:37,031 [WARN] PackLoader:240 - Cannot read IP mode file for STMicroelectronics.X-CUBE-AI.9.1.0
2025-03-05 07:59:37,063 [WARN] PackLoader:240 - Cannot read IP mode file for STMicroelectronics.X-CUBE-AZRTOS-F4.1.1.0
2025-03-05 07:59:37,080 [WARN] PackLoader:240 - Cannot read IP mode file for STMicroelectronics.X-CUBE-ISPU.2.1.0
2025-03-05 07:59:37,098 [ERROR] LogOutputStream:75 - [STDERR_REDIRECT] [Fatal Error] :1:1: Premature end of file.
2025-03-05 07:59:37,098 [ERROR] LogOutputStream:75 - [STDERR_REDIRECT] 
2025-03-05 07:59:37,099 [WARN] PackLoader:240 - Cannot read IP mode file for STMicroelectronics.X-CUBE-FREERTOS.1.2.0
2025-03-05 07:59:37,118 [WARN] PackLoader:240 - Cannot read IP mode file for STMicroelectronics.X-CUBE-AZRTOS-L5.2.0.0
2025-03-05 07:59:37,131 [WARN] PackLoader:240 - Cannot read IP mode file for STMicroelectronics.X-CUBE-NFC6.3.1.0
2025-03-05 07:59:37,143 [WARN] PackLoader:240 - Cannot read IP mode file for STMicroelectronics.X-CUBE-DPower.1.2.0
2025-03-05 07:59:37,154 [WARN] PackLoader:240 - Cannot read IP mode file for STMicroelectronics.X-CUBE-FREERTOS.1.3.0
2025-03-05 07:59:37,169 [WARN] PackLoader:240 - Cannot read IP mode file for STMicroelectronics.X-CUBE-NFC7.1.0.1
2025-03-05 07:59:37,195 [WARN] ConditionMgr:438 - getConditionDescription Invalid condition id : LAN8742 Phy interface Condition cause : null
2025-03-05 07:59:37,196 [WARN] PackLoader:240 - Cannot read IP mode file for STMicroelectronics.X-CUBE-AZRTOS-L4.2.0.0
2025-03-05 07:59:37,197 [WARN] ConditionMgr:1044 - genDependencies : Invalid condition id : LAN8742 Phy interface Condition cause : null
2025-03-05 07:59:37,198 [WARN] ConditionMgr:1044 - genDependencies : Invalid condition id : LAN8742 Phy interface Condition cause : null
2025-03-05 07:59:37,198 [WARN] ConditionMgr:1044 - genDependencies : Invalid condition id : LAN8742 Phy interface Condition cause : null
2025-03-05 07:59:37,216 [WARN] PackLoader:240 - Cannot read IP mode file for STMicroelectronics.X-CUBE-SFXS2LP1.4.0.0
2025-03-05 07:59:37,244 [WARN] PackLoader:240 - Cannot read IP mode file for STMicroelectronics.X-CUBE-AZRTOS-H7.3.3.0
2025-03-05 07:59:37,265 [WARN] PackLoader:240 - Cannot read IP mode file for STMicroelectronics.X-CUBE-IPS.3.0.0
2025-03-05 07:59:37,297 [WARN] ConditionMgr:438 - getConditionDescription Invalid condition id : UX DEVICE CLASS RTOS Condition cause : null
2025-03-05 07:59:37,298 [WARN] ConditionMgr:438 - getConditionDescription Invalid condition id : UX DEVICE CLASS RTOS Condition cause : null
2025-03-05 07:59:37,299 [WARN] PackLoader:240 - Cannot read IP mode file for STMicroelectronics.X-CUBE-AZRTOS-WB.2.0.0
2025-03-05 07:59:37,300 [WARN] ConditionMgr:1044 - genDependencies : Invalid condition id : UX DEVICE CLASS RTOS Condition cause : null
2025-03-05 07:59:37,300 [WARN] ConditionMgr:1044 - genDependencies : Invalid condition id : UX DEVICE CLASS RTOS Condition cause : null
2025-03-05 07:59:37,300 [WARN] ConditionMgr:1044 - genDependencies : Invalid condition id : UX DEVICE CLASS RTOS Condition cause : null
2025-03-05 07:59:37,300 [WARN] ConditionMgr:1044 - genDependencies : Invalid condition id : UX DEVICE CLASS RTOS Condition cause : null
2025-03-05 07:59:37,300 [WARN] ConditionMgr:1044 - genDependencies : Invalid condition id : UX DEVICE CLASS RTOS Condition cause : null
2025-03-05 07:59:37,319 [WARN] PackLoader:240 - Cannot read IP mode file for STMicroelectronics.X-CUBE-GNSS1.7.0.0
2025-03-05 07:59:37,333 [WARN] PackLoader:240 - Cannot read IP mode file for STMicroelectronics.X-CUBE-GNSS1.7.0.1
2025-03-05 07:59:37,347 [WARN] PackLoader:240 - Cannot read IP mode file for STMicroelectronics.FP-SNS-STBOX1.2.0.0
2025-03-05 07:59:37,363 [WARN] PackLoader:240 - Cannot read IP mode file for STMicroelectronics.X-CUBE-SUBG2.5.0.0
2025-03-05 07:59:37,378 [WARN] PackLoader:240 - Cannot read IP mode file for Cesanta.I-CUBE-Mongoose.7.13.0
2025-03-05 07:59:37,407 [WARN] PackLoader:240 - Cannot read IP mode file for STMicroelectronics.X-CUBE-AZRTOS-G4.2.0.0
2025-03-05 07:59:37,428 [WARN] PackLoader:240 - Cannot read IP mode file for STMicroelectronics.X-CUBE-IPS.3.1.0
2025-03-05 07:59:37,446 [WARN] PackLoader:240 - Cannot read IP mode file for STMicroelectronics.X-CUBE-ALS.1.0.2
2025-03-05 07:59:37,461 [WARN] PackLoader:240 - Cannot read IP mode file for STMicroelectronics.X-CUBE-TOUCHGFX.4.24.2
2025-03-05 07:59:37,475 [WARN] PackLoader:240 - Cannot read IP mode file for STMicroelectronics.X-CUBE-TOUCHGFX.4.24.1
2025-03-05 07:59:37,487 [WARN] PackLoader:240 - Cannot read IP mode file for wolfSSL.I-CUBE-wolfTPM.3.4.0
2025-03-05 07:59:37,499 [WARN] PackLoader:240 - Cannot read IP mode file for portGmbH.I-Cube-SoM-uGOAL.1.1.0
2025-03-05 07:59:37,518 [WARN] PackLoader:240 - Cannot read IP mode file for STMicroelectronics.X-CUBE-AZRTOS-H7RS.1.0.0
2025-03-05 07:59:37,532 [WARN] PackLoader:240 - Cannot read IP mode file for STMicroelectronics.FP-ATR-ASTRA1.2.0.0
2025-03-05 07:59:37,548 [WARN] PackLoader:240 - Cannot read IP mode file for STMicroelectronics.X-CUBE-TOF1.3.4.2
2025-03-05 07:59:37,572 [WARN] PackLoader:240 - Cannot read IP mode file for Infineon.AIROC-Wi-Fi-Bluetooth-STM32.1.6.1
2025-03-05 07:59:37,586 [WARN] PackLoader:240 - Cannot read IP mode file for wolfSSL.I-CUBE-wolfSSH.1.4.17
2025-03-05 07:59:37,587 [INFO] ThirdParty:978 - Integrity check success = true
2025-03-05 07:59:37,587 [INFO] IntegrityCheckThread:100 - exiting critical section [integrity check]
2025-03-05 07:59:37,587 [INFO] IntegrityCheckThread:103 - End integrity checks thread
2025-03-05 07:59:38,125 [ERROR] LogOutputStream:75 - [STDERR_REDIRECT] [Fatal Error] :1:1: Premature end of file.
2025-03-05 07:59:38,126 [ERROR] LogOutputStream:75 - [STDERR_REDIRECT] 
2025-03-05 07:59:39,105 [ERROR] LogOutputStream:75 - [STDERR_REDIRECT] [Fatal Error] :1:1: Premature end of file.
2025-03-05 07:59:39,107 [ERROR] LogOutputStream:75 - [STDERR_REDIRECT] 
2025-03-05 07:59:40,125 [ERROR] LogOutputStream:75 - [STDERR_REDIRECT] [Fatal Error] :1:1: Premature end of file.
2025-03-05 07:59:40,125 [ERROR] LogOutputStream:75 - [STDERR_REDIRECT] 
2025-03-05 07:59:41,136 [ERROR] LogOutputStream:75 - [STDERR_REDIRECT] [Fatal Error] :1:1: Premature end of file.
2025-03-05 07:59:41,137 [ERROR] LogOutputStream:75 - [STDERR_REDIRECT] 
2025-03-05 07:59:42,134 [ERROR] LogOutputStream:75 - [STDERR_REDIRECT] [Fatal Error] :1:1: Premature end of file.
2025-03-05 07:59:42,134 [ERROR] LogOutputStream:75 - [STDERR_REDIRECT] 
2025-03-05 07:59:43,097 [ERROR] LogOutputStream:75 - [STDERR_REDIRECT] [Fatal Error] :1:1: Premature end of file.
2025-03-05 07:59:43,098 [ERROR] LogOutputStream:75 - [STDERR_REDIRECT] 
2025-03-05 07:59:44,190 [ERROR] LogOutputStream:75 - [STDERR_REDIRECT] [Fatal Error] :1:1: Premature end of file.
2025-03-05 07:59:44,190 [ERROR] LogOutputStream:75 - [STDERR_REDIRECT] 
2025-03-05 07:59:45,090 [ERROR] LogOutputStream:75 - [STDERR_REDIRECT] [Fatal Error] :1:1: Premature end of file.
2025-03-05 07:59:45,090 [ERROR] LogOutputStream:75 - [STDERR_REDIRECT] 
2025-03-05 07:59:46,092 [ERROR] LogOutputStream:75 - [STDERR_REDIRECT] [Fatal Error] :1:1: Premature end of file.
2025-03-05 07:59:46,092 [ERROR] LogOutputStream:75 - [STDERR_REDIRECT] 
2025-03-05 07:59:47,104 [ERROR] LogOutputStream:75 - [STDERR_REDIRECT] [Fatal Error] :1:1: Premature end of file.
2025-03-05 07:59:47,104 [ERROR] LogOutputStream:75 - [STDERR_REDIRECT] 
2025-03-05 07:59:48,079 [ERROR] LogOutputStream:75 - [STDERR_REDIRECT] [Fatal Error] :1:1: Premature end of file.
2025-03-05 07:59:48,079 [ERROR] LogOutputStream:75 - [STDERR_REDIRECT] 
2025-03-05 07:59:49,096 [ERROR] LogOutputStream:75 - [STDERR_REDIRECT] [Fatal Error] :1:1: Premature end of file.
2025-03-05 07:59:49,097 [ERROR] LogOutputStream:75 - [STDERR_REDIRECT] 
2025-03-05 07:59:50,099 [ERROR] LogOutputStream:75 - [STDERR_REDIRECT] [Fatal Error] :1:1: Premature end of file.
2025-03-05 07:59:50,100 [ERROR] LogOutputStream:75 - [STDERR_REDIRECT] 
2025-03-05 07:59:51,111 [ERROR] LogOutputStream:75 - [STDERR_REDIRECT] [Fatal Error] :1:1: Premature end of file.
2025-03-05 07:59:51,112 [ERROR] LogOutputStream:75 - [STDERR_REDIRECT] 
2025-03-05 07:59:52,119 [ERROR] LogOutputStream:75 - [STDERR_REDIRECT] [Fatal Error] :1:1: Premature end of file.
2025-03-05 07:59:52,119 [ERROR] LogOutputStream:75 - [STDERR_REDIRECT] 
2025-03-05 07:59:53,115 [ERROR] LogOutputStream:75 - [STDERR_REDIRECT] [Fatal Error] :1:1: Premature end of file.
2025-03-05 07:59:53,116 [ERROR] LogOutputStream:75 - [STDERR_REDIRECT] 
2025-03-05 07:59:54,120 [ERROR] LogOutputStream:75 - [STDERR_REDIRECT] [Fatal Error] :1:1: Premature end of file.
2025-03-05 07:59:54,120 [ERROR] LogOutputStream:75 - [STDERR_REDIRECT] 
2025-03-05 07:59:55,089 [ERROR] LogOutputStream:75 - [STDERR_REDIRECT] [Fatal Error] :1:1: Premature end of file.
2025-03-05 07:59:55,090 [ERROR] LogOutputStream:75 - [STDERR_REDIRECT] 
2025-03-05 07:59:56,116 [ERROR] LogOutputStream:75 - [STDERR_REDIRECT] [Fatal Error] :1:1: Premature end of file.
2025-03-05 07:59:56,116 [ERROR] LogOutputStream:75 - [STDERR_REDIRECT] 
2025-03-05 07:59:57,093 [ERROR] LogOutputStream:75 - [STDERR_REDIRECT] [Fatal Error] :1:1: Premature end of file.
2025-03-05 07:59:57,093 [ERROR] LogOutputStream:75 - [STDERR_REDIRECT] 
2025-03-05 07:59:58,088 [ERROR] LogOutputStream:75 - [STDERR_REDIRECT] [Fatal Error] :1:1: Premature end of file.
2025-03-05 07:59:58,089 [ERROR] LogOutputStream:75 - [STDERR_REDIRECT] 
2025-03-05 07:59:59,097 [ERROR] LogOutputStream:75 - [STDERR_REDIRECT] [Fatal Error] :1:1: Premature end of file.
2025-03-05 07:59:59,097 [ERROR] LogOutputStream:75 - [STDERR_REDIRECT] 
2025-03-05 08:00:00,134 [ERROR] LogOutputStream:75 - [STDERR_REDIRECT] [Fatal Error] :1:1: Premature end of file.
2025-03-05 08:00:00,135 [ERROR] LogOutputStream:75 - [STDERR_REDIRECT] 
2025-03-05 08:00:01,101 [ERROR] LogOutputStream:75 - [STDERR_REDIRECT] [Fatal Error] :1:1: Premature end of file.
2025-03-05 08:00:01,101 [ERROR] LogOutputStream:75 - [STDERR_REDIRECT] 
2025-03-05 08:00:02,142 [ERROR] LogOutputStream:75 - [STDERR_REDIRECT] [Fatal Error] :1:1: Premature end of file.
2025-03-05 08:00:02,143 [ERROR] LogOutputStream:75 - [STDERR_REDIRECT] 
2025-03-05 08:00:03,086 [ERROR] LogOutputStream:75 - [STDERR_REDIRECT] [Fatal Error] :1:1: Premature end of file.
2025-03-05 08:00:03,087 [ERROR] LogOutputStream:75 - [STDERR_REDIRECT] 
2025-03-05 08:00:04,093 [ERROR] LogOutputStream:75 - [STDERR_REDIRECT] [Fatal Error] :1:1: Premature end of file.
2025-03-05 08:00:04,093 [ERROR] LogOutputStream:75 - [STDERR_REDIRECT] 
2025-03-05 08:00:05,086 [ERROR] LogOutputStream:75 - [STDERR_REDIRECT] [Fatal Error] :1:1: Premature end of file.
2025-03-05 08:00:05,087 [ERROR] LogOutputStream:75 - [STDERR_REDIRECT] 
2025-03-05 08:00:06,097 [ERROR] LogOutputStream:75 - [STDERR_REDIRECT] [Fatal Error] :1:1: Premature end of file.
2025-03-05 08:00:06,097 [ERROR] LogOutputStream:75 - [STDERR_REDIRECT] 
2025-03-05 08:00:07,114 [ERROR] LogOutputStream:75 - [STDERR_REDIRECT] [Fatal Error] :1:1: Premature end of file.
2025-03-05 08:00:07,114 [ERROR] LogOutputStream:75 - [STDERR_REDIRECT] 
2025-03-05 08:00:08,100 [ERROR] LogOutputStream:75 - [STDERR_REDIRECT] [Fatal Error] :1:1: Premature end of file.
2025-03-05 08:00:08,100 [ERROR] LogOutputStream:75 - [STDERR_REDIRECT] 
2025-03-05 08:00:09,118 [ERROR] LogOutputStream:75 - [STDERR_REDIRECT] [Fatal Error] :1:1: Premature end of file.
2025-03-05 08:00:09,118 [ERROR] LogOutputStream:75 - [STDERR_REDIRECT] 
2025-03-05 08:00:10,094 [ERROR] LogOutputStream:75 - [STDERR_REDIRECT] [Fatal Error] :1:1: Premature end of file.
2025-03-05 08:00:10,094 [ERROR] LogOutputStream:75 - [STDERR_REDIRECT] 
2025-03-05 08:00:11,100 [ERROR] LogOutputStream:75 - [STDERR_REDIRECT] [Fatal Error] :1:1: Premature end of file.
2025-03-05 08:00:11,100 [ERROR] LogOutputStream:75 - [STDERR_REDIRECT] 
2025-03-05 08:00:12,100 [ERROR] LogOutputStream:75 - [STDERR_REDIRECT] [Fatal Error] :1:1: Premature end of file.
2025-03-05 08:00:12,100 [ERROR] LogOutputStream:75 - [STDERR_REDIRECT] 
2025-03-05 08:00:13,080 [ERROR] LogOutputStream:75 - [STDERR_REDIRECT] [Fatal Error] :1:1: Premature end of file.
2025-03-05 08:00:13,081 [ERROR] LogOutputStream:75 - [STDERR_REDIRECT] 
2025-03-05 08:00:14,083 [ERROR] LogOutputStream:75 - [STDERR_REDIRECT] [Fatal Error] :1:1: Premature end of file.
2025-03-05 08:00:14,083 [ERROR] LogOutputStream:75 - [STDERR_REDIRECT] 
2025-03-05 08:00:15,105 [ERROR] LogOutputStream:75 - [STDERR_REDIRECT] [Fatal Error] :1:1: Premature end of file.
2025-03-05 08:00:15,105 [ERROR] LogOutputStream:75 - [STDERR_REDIRECT] 
2025-03-05 08:00:16,110 [ERROR] LogOutputStream:75 - [STDERR_REDIRECT] [Fatal Error] :1:1: Premature end of file.
2025-03-05 08:00:16,110 [ERROR] LogOutputStream:75 - [STDERR_REDIRECT] 
2025-03-05 08:00:17,090 [ERROR] LogOutputStream:75 - [STDERR_REDIRECT] [Fatal Error] :1:1: Premature end of file.
2025-03-05 08:00:17,091 [ERROR] LogOutputStream:75 - [STDERR_REDIRECT] 
2025-03-05 08:00:18,107 [ERROR] LogOutputStream:75 - [STDERR_REDIRECT] [Fatal Error] :1:1: Premature end of file.
2025-03-05 08:00:18,108 [ERROR] LogOutputStream:75 - [STDERR_REDIRECT] 
2025-03-05 08:00:19,089 [ERROR] LogOutputStream:75 - [STDERR_REDIRECT] [Fatal Error] :1:1: Premature end of file.
2025-03-05 08:00:19,090 [ERROR] LogOutputStream:75 - [STDERR_REDIRECT] 
2025-03-05 08:00:20,101 [ERROR] LogOutputStream:75 - [STDERR_REDIRECT] [Fatal Error] :1:1: Premature end of file.
2025-03-05 08:00:20,101 [ERROR] LogOutputStream:75 - [STDERR_REDIRECT] 
2025-03-05 08:00:21,088 [ERROR] LogOutputStream:75 - [STDERR_REDIRECT] [Fatal Error] :1:1: Premature end of file.
2025-03-05 08:00:21,088 [ERROR] LogOutputStream:75 - [STDERR_REDIRECT] 
2025-03-05 08:00:22,136 [ERROR] LogOutputStream:75 - [STDERR_REDIRECT] [Fatal Error] :1:1: Premature end of file.
2025-03-05 08:00:22,137 [ERROR] LogOutputStream:75 - [STDERR_REDIRECT] 
2025-03-05 08:00:23,103 [ERROR] LogOutputStream:75 - [STDERR_REDIRECT] [Fatal Error] :1:1: Premature end of file.
2025-03-05 08:00:23,103 [ERROR] LogOutputStream:75 - [STDERR_REDIRECT] 
2025-03-05 08:00:24,101 [ERROR] LogOutputStream:75 - [STDERR_REDIRECT] [Fatal Error] :1:1: Premature end of file.
2025-03-05 08:00:24,101 [ERROR] LogOutputStream:75 - [STDERR_REDIRECT] 
2025-03-05 08:00:25,121 [ERROR] LogOutputStream:75 - [STDERR_REDIRECT] [Fatal Error] :1:1: Premature end of file.
2025-03-05 08:00:25,121 [ERROR] LogOutputStream:75 - [STDERR_REDIRECT] 
2025-03-05 08:00:26,128 [ERROR] LogOutputStream:75 - [STDERR_REDIRECT] [Fatal Error] :1:1: Premature end of file.
2025-03-05 08:00:26,129 [ERROR] LogOutputStream:75 - [STDERR_REDIRECT] 
2025-03-05 08:00:27,106 [ERROR] LogOutputStream:75 - [STDERR_REDIRECT] [Fatal Error] :1:1: Premature end of file.
2025-03-05 08:00:27,106 [ERROR] LogOutputStream:75 - [STDERR_REDIRECT] 
2025-03-05 08:00:28,127 [ERROR] LogOutputStream:75 - [STDERR_REDIRECT] [Fatal Error] :1:1: Premature end of file.
2025-03-05 08:00:28,127 [ERROR] LogOutputStream:75 - [STDERR_REDIRECT] 
2025-03-05 08:00:29,091 [ERROR] LogOutputStream:75 - [STDERR_REDIRECT] [Fatal Error] :1:1: Premature end of file.
2025-03-05 08:00:29,091 [ERROR] LogOutputStream:75 - [STDERR_REDIRECT] 
2025-03-05 08:00:30,111 [ERROR] LogOutputStream:75 - [STDERR_REDIRECT] [Fatal Error] :1:1: Premature end of file.
2025-03-05 08:00:30,112 [ERROR] LogOutputStream:75 - [STDERR_REDIRECT] 
2025-03-05 08:00:31,115 [ERROR] LogOutputStream:75 - [STDERR_REDIRECT] [Fatal Error] :1:1: Premature end of file.
2025-03-05 08:00:31,116 [ERROR] LogOutputStream:75 - [STDERR_REDIRECT] 
2025-03-05 08:00:32,121 [ERROR] LogOutputStream:75 - [STDERR_REDIRECT] [Fatal Error] :1:1: Premature end of file.
2025-03-05 08:00:32,121 [ERROR] LogOutputStream:75 - [STDERR_REDIRECT] 
2025-03-05 08:00:33,078 [ERROR] LogOutputStream:75 - [STDERR_REDIRECT] [Fatal Error] :1:1: Premature end of file.
2025-03-05 08:00:33,078 [ERROR] LogOutputStream:75 - [STDERR_REDIRECT] 
2025-03-05 08:00:34,116 [ERROR] LogOutputStream:75 - [STDERR_REDIRECT] [Fatal Error] :1:1: Premature end of file.
2025-03-05 08:00:34,117 [ERROR] LogOutputStream:75 - [STDERR_REDIRECT] 
2025-03-05 08:00:35,116 [ERROR] LogOutputStream:75 - [STDERR_REDIRECT] [Fatal Error] :1:1: Premature end of file.
2025-03-05 08:00:35,116 [ERROR] LogOutputStream:75 - [STDERR_REDIRECT] 
2025-03-05 08:00:36,119 [ERROR] LogOutputStream:75 - [STDERR_REDIRECT] [Fatal Error] :1:1: Premature end of file.
2025-03-05 08:00:36,119 [ERROR] LogOutputStream:75 - [STDERR_REDIRECT] 
2025-03-05 08:00:37,119 [ERROR] LogOutputStream:75 - [STDERR_REDIRECT] [Fatal Error] :1:1: Premature end of file.
2025-03-05 08:00:37,119 [ERROR] LogOutputStream:75 - [STDERR_REDIRECT] 
2025-03-05 08:00:38,116 [ERROR] LogOutputStream:75 - [STDERR_REDIRECT] [Fatal Error] :1:1: Premature end of file.
2025-03-05 08:00:38,116 [ERROR] LogOutputStream:75 - [STDERR_REDIRECT] 
2025-03-05 08:00:39,089 [ERROR] LogOutputStream:75 - [STDERR_REDIRECT] [Fatal Error] :1:1: Premature end of file.
2025-03-05 08:00:39,090 [ERROR] LogOutputStream:75 - [STDERR_REDIRECT] 
2025-03-05 08:00:40,106 [ERROR] LogOutputStream:75 - [STDERR_REDIRECT] [Fatal Error] :1:1: Premature end of file.
2025-03-05 08:00:40,107 [ERROR] LogOutputStream:75 - [STDERR_REDIRECT] 
2025-03-05 08:00:41,124 [ERROR] LogOutputStream:75 - [STDERR_REDIRECT] [Fatal Error] :1:1: Premature end of file.
2025-03-05 08:00:41,124 [ERROR] LogOutputStream:75 - [STDERR_REDIRECT] 
2025-03-05 08:00:42,119 [ERROR] LogOutputStream:75 - [STDERR_REDIRECT] [Fatal Error] :1:1: Premature end of file.
2025-03-05 08:00:42,119 [ERROR] LogOutputStream:75 - [STDERR_REDIRECT] 
2025-03-05 08:00:43,126 [ERROR] LogOutputStream:75 - [STDERR_REDIRECT] [Fatal Error] :1:1: Premature end of file.
2025-03-05 08:00:43,126 [ERROR] LogOutputStream:75 - [STDERR_REDIRECT] 
2025-03-05 08:00:44,115 [ERROR] LogOutputStream:75 - [STDERR_REDIRECT] [Fatal Error] :1:1: Premature end of file.
2025-03-05 08:00:44,116 [ERROR] LogOutputStream:75 - [STDERR_REDIRECT] 
2025-03-05 08:00:45,120 [ERROR] LogOutputStream:75 - [STDERR_REDIRECT] [Fatal Error] :1:1: Premature end of file.
2025-03-05 08:00:45,120 [ERROR] LogOutputStream:75 - [STDERR_REDIRECT] 
2025-03-05 08:00:46,119 [ERROR] LogOutputStream:75 - [STDERR_REDIRECT] [Fatal Error] :1:1: Premature end of file.
2025-03-05 08:00:46,119 [ERROR] LogOutputStream:75 - [STDERR_REDIRECT] 
2025-03-05 08:00:47,143 [ERROR] LogOutputStream:75 - [STDERR_REDIRECT] [Fatal Error] :1:1: Premature end of file.
2025-03-05 08:00:47,143 [ERROR] LogOutputStream:75 - [STDERR_REDIRECT] 
2025-03-05 08:00:48,105 [ERROR] LogOutputStream:75 - [STDERR_REDIRECT] [Fatal Error] :1:1: Premature end of file.
2025-03-05 08:00:48,106 [ERROR] LogOutputStream:75 - [STDERR_REDIRECT] 
2025-03-05 08:00:49,142 [ERROR] LogOutputStream:75 - [STDERR_REDIRECT] [Fatal Error] :1:1: Premature end of file.
2025-03-05 08:00:49,143 [ERROR] LogOutputStream:75 - [STDERR_REDIRECT] 
2025-03-05 08:00:50,091 [ERROR] LogOutputStream:75 - [STDERR_REDIRECT] [Fatal Error] :1:1: Premature end of file.
2025-03-05 08:00:50,091 [ERROR] LogOutputStream:75 - [STDERR_REDIRECT] 
2025-03-05 08:00:51,121 [ERROR] LogOutputStream:75 - [STDERR_REDIRECT] [Fatal Error] :1:1: Premature end of file.
2025-03-05 08:00:51,121 [ERROR] LogOutputStream:75 - [STDERR_REDIRECT] 
2025-03-05 08:00:52,113 [ERROR] LogOutputStream:75 - [STDERR_REDIRECT] [Fatal Error] :1:1: Premature end of file.
2025-03-05 08:00:52,113 [ERROR] LogOutputStream:75 - [STDERR_REDIRECT] 
2025-03-05 08:00:53,115 [ERROR] LogOutputStream:75 - [STDERR_REDIRECT] [Fatal Error] :1:1: Premature end of file.
2025-03-05 08:00:53,115 [ERROR] LogOutputStream:75 - [STDERR_REDIRECT] 
2025-03-05 08:00:54,117 [ERROR] LogOutputStream:75 - [STDERR_REDIRECT] [Fatal Error] :1:1: Premature end of file.
2025-03-05 08:00:54,117 [ERROR] LogOutputStream:75 - [STDERR_REDIRECT] 
2025-03-05 08:00:55,117 [ERROR] LogOutputStream:75 - [STDERR_REDIRECT] [Fatal Error] :1:1: Premature end of file.
2025-03-05 08:00:55,118 [ERROR] LogOutputStream:75 - [STDERR_REDIRECT] 
2025-03-05 08:00:56,115 [ERROR] LogOutputStream:75 - [STDERR_REDIRECT] [Fatal Error] :1:1: Premature end of file.
2025-03-05 08:00:56,115 [ERROR] LogOutputStream:75 - [STDERR_REDIRECT] 
2025-03-05 08:00:57,117 [ERROR] LogOutputStream:75 - [STDERR_REDIRECT] [Fatal Error] :1:1: Premature end of file.
2025-03-05 08:00:57,118 [ERROR] LogOutputStream:75 - [STDERR_REDIRECT] 
2025-03-05 08:00:58,097 [ERROR] LogOutputStream:75 - [STDERR_REDIRECT] [Fatal Error] :1:1: Premature end of file.
2025-03-05 08:00:58,097 [ERROR] LogOutputStream:75 - [STDERR_REDIRECT] 
2025-03-05 08:00:58,550 [INFO] McuFinderGlobals:63 - Set McuFinder mode to 2 (CubeIDE integrated)
2025-03-05 08:00:58,584 [INFO] MainUpdater:2872 - connection check result : 10
2025-03-05 08:00:58,594 [INFO] MainUpdater:2872 - connection check result : 10
2025-03-05 08:00:58,800 [INFO] MicroXplorer:468 - Change Database Path : 
2025-03-05 08:00:58,800 [INFO] MicroXplorer:498 - Change Database Version : DB.6.0.140
2025-03-05 08:00:58,805 [WARN] ThirdParty:871 - waiting for thirdparty lock release [close project]
2025-03-05 08:00:58,806 [INFO] ThirdParty:873 - entering critical section [close project]
2025-03-05 08:00:58,807 [INFO] ThirdParty:883 - exiting critical section [close project]
2025-03-05 08:00:58,808 [INFO] PinOutPanel:1589 - setPackage(No Configuration,No Configuration)
2025-03-05 08:00:58,811 [INFO] UtilMem:75 - Begin LoadConfig() Used Memory: 667907512 Bytes (912261120)
2025-03-05 08:00:58,815 [INFO] MicroXplorer:468 - Change Database Path : C:/Users/raj/.stm32cubemx/databases/DB.6.0.130/db/
2025-03-05 08:00:58,815 [INFO] MicroXplorer:498 - Change Database Version : DB.6.0.130
2025-03-05 08:00:59,102 [ERROR] LogOutputStream:75 - [STDERR_REDIRECT] [Fatal Error] :1:1: Premature end of file.
2025-03-05 08:00:59,102 [ERROR] LogOutputStream:75 - [STDERR_REDIRECT] 
2025-03-05 08:01:00,121 [ERROR] LogOutputStream:75 - [STDERR_REDIRECT] [Fatal Error] :1:1: Premature end of file.
2025-03-05 08:01:00,121 [ERROR] LogOutputStream:75 - [STDERR_REDIRECT] 
2025-03-05 08:01:01,118 [ERROR] LogOutputStream:75 - [STDERR_REDIRECT] [Fatal Error] :1:1: Premature end of file.
2025-03-05 08:01:01,118 [ERROR] LogOutputStream:75 - [STDERR_REDIRECT] 
2025-03-05 08:01:01,224 [INFO] MicroXplorer:468 - Change Database Path : 
2025-03-05 08:01:01,225 [INFO] MicroXplorer:498 - Change Database Version : DB.6.0.140
2025-03-05 08:01:01,225 [INFO] OpenFileManager:354 - Change cursor
2025-03-05 08:01:01,262 [INFO] Mcu:2011 - Initializing MCU STM32F303R(D-E)Tx STM32F303RETx STM32F303RET6
2025-03-05 08:01:02,093 [ERROR] LogOutputStream:75 - [STDERR_REDIRECT] [Fatal Error] :1:1: Premature end of file.
2025-03-05 08:01:02,094 [ERROR] LogOutputStream:75 - [STDERR_REDIRECT] 
2025-03-05 08:01:03,090 [ERROR] LogOutputStream:75 - [STDERR_REDIRECT] [Fatal Error] :1:1: Premature end of file.
2025-03-05 08:01:03,091 [ERROR] LogOutputStream:75 - [STDERR_REDIRECT] 
2025-03-05 08:01:03,171 [INFO] Context:756 - Trying to add GPIOservice into a context  which must be forbidden
2025-03-05 08:01:03,559 [INFO] Rule:224 - rule Adapt Old IOC before rework replace old CORTEX_M33/CORTEX_M55 attributes by the new one. is applicable
2025-03-05 08:01:03,559 [INFO] Rule:224 - rule Rename parametre of RCC RCC_APBDBG_DIV2 to RCC_TIMPRES_DIV2 is applicable
2025-03-05 08:01:03,559 [INFO] Rule:224 - rule Rename DIE493 pin PA10 [PA12] -> PA10 is applicable
2025-03-05 08:01:03,559 [INFO] Rule:224 - rule Rename DIE493 pin PA9 [PA11] -> PA9 is applicable
2025-03-05 08:01:03,560 [INFO] DbConfProperties:307 - Apply Compatibility (0/4 Rules)
2025-03-05 08:01:03,604 [INFO] ImportTextPane:218 - (OptionalMessage_ERROR) Pin19 (VP_RIF_VS_RIF1) cannot be retrieved for this MCU
2025-03-05 08:01:03,779 [INFO] RtosManager:558 - Registered RTOS mode: class=CMSIS, group=RTOS, mode=CMSIS_V1, owner=FREERTOS
2025-03-05 08:01:03,779 [INFO] RtosManager:558 - Registered RTOS mode: class=CMSIS, group=RTOS2, mode=CMSIS_V2, owner=FREERTOS
2025-03-05 08:01:03,779 [INFO] RtosManager:558 - Registered RTOS mode: class=RTOS, group=Core, mode=CMSIS_V1, owner=FREERTOS
2025-03-05 08:01:03,779 [INFO] RtosManager:558 - Registered RTOS mode: class=RTOS, group=Core, mode=CMSIS_V2, owner=FREERTOS
2025-03-05 08:01:03,779 [WARN] ModelIntegratedComponent:184 - Missing modes for component STMicroelectronics:FreeRTOS:0.0.1:STMicroelectronics:RTOS:FreeRTOS:Core:::10.2.0:
2025-03-05 08:01:03,800 [WARN] ModelIntegratedComponent:63 - No mode defined for component null
2025-03-05 08:01:03,800 [WARN] ModelIntegratedComponent:63 - No mode defined for component null
2025-03-05 08:01:03,800 [WARN] ModelIntegratedComponent:63 - No mode defined for component null
2025-03-05 08:01:03,800 [WARN] ModelIntegratedComponent:63 - No mode defined for component null
2025-03-05 08:01:03,800 [WARN] ModelIntegratedComponent:63 - No mode defined for component null
2025-03-05 08:01:03,800 [WARN] ModelIntegratedComponent:63 - No mode defined for component null
2025-03-05 08:01:03,800 [WARN] ModelIntegratedComponent:63 - No mode defined for component null
2025-03-05 08:01:03,800 [WARN] ModelIntegratedComponent:63 - No mode defined for component null
2025-03-05 08:01:03,800 [WARN] ModelIntegratedComponent:63 - No mode defined for component null
2025-03-05 08:01:03,800 [WARN] ModelIntegratedComponent:63 - No mode defined for component null
2025-03-05 08:01:03,800 [WARN] ModelIntegratedComponent:63 - No mode defined for component null
2025-03-05 08:01:03,800 [WARN] ModelIntegratedComponent:63 - No mode defined for component null
2025-03-05 08:01:03,800 [WARN] ModelIntegratedComponent:63 - No mode defined for component null
2025-03-05 08:01:03,800 [WARN] ModelIntegratedComponent:63 - No mode defined for component null
2025-03-05 08:01:03,800 [WARN] ModelIntegratedComponent:63 - No mode defined for component null
2025-03-05 08:01:03,800 [WARN] ModelIntegratedComponent:63 - No mode defined for component null
2025-03-05 08:01:03,800 [WARN] ModelIntegratedComponent:63 - No mode defined for component null
2025-03-05 08:01:03,800 [WARN] ModelIntegratedComponent:63 - No mode defined for component null
2025-03-05 08:01:03,800 [WARN] ModelIntegratedComponent:63 - No mode defined for component null
2025-03-05 08:01:03,800 [WARN] ModelIntegratedComponent:63 - No mode defined for component null
2025-03-05 08:01:03,800 [WARN] ModelIntegratedComponent:63 - No mode defined for component null
2025-03-05 08:01:03,800 [WARN] ModelIntegratedComponent:63 - No mode defined for component null
2025-03-05 08:01:03,800 [WARN] ModelIntegratedComponent:63 - No mode defined for component null
2025-03-05 08:01:03,800 [WARN] ModelIntegratedComponent:63 - No mode defined for component null
2025-03-05 08:01:03,800 [WARN] ModelIntegratedComponent:63 - No mode defined for component null
2025-03-05 08:01:03,800 [WARN] ModelIntegratedComponent:63 - No mode defined for component null
2025-03-05 08:01:03,800 [WARN] ModelIntegratedComponent:63 - No mode defined for component null
2025-03-05 08:01:03,800 [WARN] ModelIntegratedComponent:63 - No mode defined for component null
2025-03-05 08:01:03,800 [WARN] ModelIntegratedComponent:63 - No mode defined for component null
2025-03-05 08:01:03,800 [WARN] ModelIntegratedComponent:63 - No mode defined for component null
2025-03-05 08:01:03,800 [WARN] ModelIntegratedComponent:63 - No mode defined for component null
2025-03-05 08:01:03,800 [WARN] ModelIntegratedComponent:63 - No mode defined for component null
2025-03-05 08:01:03,800 [WARN] ModelIntegratedComponent:63 - No mode defined for component null
2025-03-05 08:01:03,800 [WARN] ModelIntegratedComponent:63 - No mode defined for component null
2025-03-05 08:01:03,800 [WARN] ModelIntegratedComponent:63 - No mode defined for component null
2025-03-05 08:01:03,801 [WARN] ModelPack:524 - Component already loaded: STMicroelectronics:HAL Drivers:0.0.0:STMicroelectronics:Device:STMicro_Driver:XSPI:HAL::0.0.1:HAL_XSPI
2025-03-05 08:01:03,886 [INFO] ThirdPartyModel:298 - Start build external matchings
2025-03-05 08:01:04,084 [ERROR] LogOutputStream:75 - [STDERR_REDIRECT] [Fatal Error] :1:1: Premature end of file.
2025-03-05 08:01:04,085 [ERROR] LogOutputStream:75 - [STDERR_REDIRECT] 
2025-03-05 08:01:04,183 [INFO] ThirdPartyModel:316 - End build external matchings
2025-03-05 08:01:04,200 [INFO] ImportTextPane:218 - (OptionalMessage_ERROR) IP (RCC) : Invalid parameter (FamilyName)
2025-03-05 08:01:04,201 [INFO] ImportTextPane:218 - (OptionalMessage_ERROR) IP (RCC) : Invalid parameter (PLLM)
2025-03-05 08:01:04,201 [INFO] ImportTextPane:218 - (OptionalMessage_ERROR) IP (RCC) : Invalid parameter (PLLN)
2025-03-05 08:01:04,201 [INFO] ImportTextPane:218 - (OptionalMessage_ERROR) IP (RCC) : Invalid parameter (PLLP)
2025-03-05 08:01:04,201 [INFO] ImportTextPane:218 - (OptionalMessage_ERROR) IP (RCC) : Invalid parameter (PLLQ)
2025-03-05 08:01:04,201 [INFO] ImportTextPane:218 - (OptionalMessage_ERROR) IP (RCC) : Invalid parameter (RCC_PLLsource_Clock_Source_FROM_HSE)
2025-03-05 08:01:04,201 [INFO] ImportTextPane:218 - (OptionalMessage_ERROR) IP (RCC) : Parameter (USBFreq_Value) has invalid value (72000000)
2025-03-05 08:01:04,782 [INFO] ApiDb:581 - Connected to CubeFinder SQLite database (C:\Users\raj\.stmcufinder\plugins\mcufinder\mcu\cube-finder-db.db)
2025-03-05 08:01:04,858 [INFO] ApiDb:668 - CubeFinder database Data Model version=2.1
2025-03-05 08:01:04,858 [INFO] ApiDb:669 - CubeFinder database Configuration version=3.0.39
2025-03-05 08:01:04,858 [INFO] ApiDb:670 - CubeFinder database generation date=2025-02-18 (1739885696)
2025-03-05 08:01:04,858 [INFO] ApiDb:671 - CubeFinder database FW Pack versions=[FP-ATR-ASTRA1_V2.0.0, FP-SNS-FLIGHT1_V5.0.2, FP-SNS-MOTENV1_V5.0.0, FP-SNS-MOTENVWB1_V1.4.0, FP-SNS-SMARTAG2_V1.2.0, FP-SNS-STBOX1_V2.0.0, STM32Cube_FW_C0_V1.4.0, STM32Cube_FW_F4_V1.28.1, STM32Cube_FW_F7_V1.17.2, STM32Cube_FW_G0_V1.6.2, STM32Cube_FW_G4_V1.6.1, STM32Cube_FW_H5_V1.5.0, STM32Cube_FW_H7RS_V1.2.0, STM32Cube_FW_H7_V1.12.1, STM32Cube_FW_L0_V1.12.2, STM32Cube_FW_L4_V1.18.1, STM32Cube_FW_L5_V1.5.1, STM32Cube_FW_N6_V1.1.0, STM32Cube_FW_U0_V1.2.0, STM32Cube_FW_U3_V1.1.0, STM32Cube_FW_U5_V1.7.0, STM32Cube_FW_WB0_V1.2.0, STM32Cube_FW_WBA_V1.6.0, STM32Cube_FW_WB_V1.22.0, STM32Cube_FW_WL3_V1.1.0, STM32Cube_FW_WL_V1.3.1, X-CUBE-ALGOBUILD_V1.4.0, X-CUBE-ALS_V1.0.2, X-CUBE-AZRTOS-F4_V1.1.0, X-CUBE-AZRTOS-F7_V1.1.0, X-CUBE-AZRTOS-G0_V1.1.0, X-CUBE-AZRTOS-G4_V2.0.0, X-CUBE-AZRTOS-H7RS_V1.0.0, X-CUBE-AZRTOS-H7_V3.3.0, X-CUBE-AZRTOS-L4_V2.0.0, X-CUBE-AZRTOS-L5_V2.0.0, X-CUBE-AZRTOS-WB_V2.0.0, X-CUBE-AZRTOS-WL_V2.0.0, X-CUBE-BLE1_V7.0.0, X-CUBE-BLE2_V3.3.0, X-CUBE-BLEMGR_V4.0.0, X-CUBE-EEPRMA1_V5.1.0, X-CUBE-FREERTOS_V1.3.0, X-CUBE-GNSS1_V6.0.0, X-CUBE-MEMS1_V11.1.0, X-CUBE-NFC4_V3.0.0, X-CUBE-NFC7_V1.0.1, X-CUBE-SFXS2LP1_V4.0.0, X-CUBE-SUBG2_V5.0.0, X-CUBE-TOF1_V3.4.2]
2025-03-05 08:01:05,033 [INFO] DbBoardsSqlite:226 - include board P-NUCLEO-WB55-NUCLEO as a kit item of type 'Nucleo-64'
2025-03-05 08:01:05,033 [INFO] DbBoardsSqlite:226 - include board P-NUCLEO-WB55-USBDONGLE as a kit item of type 'Nucleo USB Dongle'
2025-03-05 08:01:05,035 [INFO] DbBoardsSqlite:226 - include board STEVAL-IDP005V1 as a kit item of type 'Evaluation Board'
2025-03-05 08:01:05,035 [INFO] DbBoardsSqlite:226 - include board STEVAL-IDP005V2 as a kit item of type 'Evaluation Board'
2025-03-05 08:01:05,125 [ERROR] LogOutputStream:75 - [STDERR_REDIRECT] [Fatal Error] :1:1: Premature end of file.
2025-03-05 08:01:05,126 [ERROR] LogOutputStream:75 - [STDERR_REDIRECT] 
2025-03-05 08:01:05,629 [INFO] ApiDb:240 - Found 895 in-development CPN: [B-G473E-ZEST1S, B-WB1M-WPAN1, B-WBA5M-WPAN, B-WL5M-SUBG1, NUCLEO-C031C6, NUCLEO-C051C8, NUCLEO-C071RB, NUCLEO-C092RC, NUCLEO-H503RB, NUCLEO-H533RE, NUCLEO-H563ZI, NUCLEO-H7S3L8, NUCLEO-N657X0-Q, NUCLEO-U031R8, NUCLEO-U083RC, NUCLEO-U385RG-Q, NUCLEO-U545RE-Q, NUCLEO-U5A5ZJ-Q, NUCLEO-WB05KZ, NUCLEO-WB07CC, NUCLEO-WB09KE, NUCLEO-WBA52CG, NUCLEO-WBA55CG, NUCLEO-WBA65RI, NUCLEO-WL33CC1, NUCLEO-WL33CC2, STEVAL-PROTEUS1, STEVAL-SMARTAG2, STEVAL-STWINBX1, STM320518-EVAL, STM32C0116-DK, STM32C011D6Y3TR, STM32C011D6Y6TR, STM32C011F4P3, STM32C011F4P6, STM32C011F4U3, STM32C011F4U6TR, STM32C011F6P3, STM32C011F6P6, STM32C011F6U3, STM32C011F6U6TR, STM32C011J4M3, STM32C011J4M6, STM32C011J6M3, STM32C011J6M6, STM32C0316-DK, STM32C031C4T3, STM32C031C4T6, STM32C031C4U3, STM32C031C4U6, STM32C031C6T3, STM32C031C6T6, STM32C031C6U3, STM32C031C6U6, STM32C031F4P3, STM32C031F4P6, STM32C031F6P3, STM32C031F6P6, STM32C031G4U3, STM32C031G4U6, STM32C031G6U3, STM32C031G6U6, STM32C031K4T3, STM32C031K4T6, STM32C031K4U3, STM32C031K4U6, STM32C031K6T3, STM32C031K6T6, STM32C031K6U3, STM32C031K6U6, STM32C051C6T6, STM32C051C6U6, STM32C051C8T6, STM32C051C8U6, STM32C051D8Y6TR, STM32C051F6P6, STM32C051F8P6, STM32C051G6U6, STM32C051G8U6, STM32C051K6T6, STM32C051K6U6, STM32C051K8T6, STM32C071C8T6, STM32C071C8T6N, STM32C071C8U6, STM32C071C8U6N, STM32C071CBT6, STM32C071CBT6N, STM32C071CBU6, STM32C071CBU6N, STM32C071F8P6, STM32C071F8P6N, STM32C071FBP6, STM32C071FBP6N, STM32C071FBY6TR, STM32C071G8U6, STM32C071G8U6N, STM32C071GBU6, STM32C071GBU6N, STM32C071K8T6, STM32C071K8T6N, STM32C071K8U6, STM32C071K8U6N, STM32C071KBT6, STM32C071KBT6N, STM32C071KBU6, STM32C071KBU6N, STM32C071R8T6, STM32C071R8T6N, STM32C071RBI6N, STM32C071RBT6, STM32C071RBT6N, STM32C091CBT6, STM32C091CBU6, STM32C091CCT6, STM32C091CCU6, STM32C091ECY6TR, STM32C091FBP6, STM32C091FCP6, STM32C091GBU6, STM32C091GCU6, STM32C091KBT6, STM32C091KBU6, STM32C091KCT6, STM32C091KCU6, STM32C091RBT6, STM32C091RCI6, STM32C091RCT6, STM32C092CBT6, STM32C092CBU6, STM32C092CCT6, STM32C092CCU6, STM32C092ECY6TR, STM32C092FBP6, STM32C092FCP6, STM32C092GBU6, STM32C092GCU6, STM32C092KBT6, STM32C092KBU6, STM32C092KCT6, STM32C092KCU6, STM32C092RBT6, STM32C092RCI6, STM32C092RCT6, STM32G071K8TXN, STM32G071K8UXN, STM32G081GBU6N, STM32G081KBT6N, STM32G081KBUXN, STM32G0B1CCT6N, STM32G0B1KCT6, STM32G0B1NEY6TR, STM32G0B1RCT6N, STM32G0C1CCT6, STM32G0C1CCT6N, STM32G0C1CCU6N, STM32G0C1CET6N, STM32G0C1CEU6N, STM32G0C1KCT6, STM32G0C1NEY6TR, STM32G0C1RCI6N, STM32G0C1RCT6N, STM32G0C1REI6N, STM32G0C1RET6N, STM32G0C1VCI6, STM32G0C1VEI6, STM32G411C6T3, STM32G411C6T6, STM32G411C6U3, STM32G411C6U6, STM32G411C8T3, STM32G411C8T6, STM32G411C8U3, STM32G411C8U6, STM32G411CBT3, STM32G411CBT6, STM32G411CBU3, STM32G411CBU6, STM32G411CCT3, STM32G411CCT6, STM32G411CCU3, STM32G411CCU6, STM32G411K6T3, STM32G411K6T6, STM32G411K6U3, STM32G411K6U6, STM32G411K8T3, STM32G411K8T6, STM32G411K8U3, STM32G411K8U6, STM32G411KBT3, STM32G411KBT6, STM32G411KBU3, STM32G411KBU6, STM32G411M6T3, STM32G411M6T6, STM32G411M8T3, STM32G411M8T6, STM32G411MBT3, STM32G411MBT6, STM32G411MCT3, STM32G411MCT6, STM32G411R6T3, STM32G411R6T6, STM32G411R8T3, STM32G411R8T6, STM32G411RBT3, STM32G411RBT6, STM32G411RCT3, STM32G411RCT6, STM32G414CBT3, STM32G414CBT6, STM32G414CBU3, STM32G414CBU6, STM32G414CCT3, STM32G414CCT6, STM32G414CCU3, STM32G414CCU6, STM32G414MBT3, STM32G414MBT6, STM32G414MCT3, STM32G414MCT6, STM32G414RBT3, STM32G414RBT6, STM32G414RCT3, STM32G414RCT6, STM32G414VBT3, STM32G414VBT6, STM32G414VCT3, STM32G414VCT6, STM32G431CBT3Z, STM32G431RBT3Z, STM32G471CCT6, STM32G471CCU6, STM32G471CET3, STM32G471CET6, STM32G471CEU3, STM32G471CEU6, STM32G471MCT6, STM32G471MET3, STM32G471MET6, STM32G471MEY6TR, STM32G471QCT6, STM32G471QET3, STM32G471RCT6, STM32G471RET3, STM32G471RET6, STM32G471VCH6, STM32G471VCI6, STM32G471VCT6, STM32G471VEH3, STM32G471VEH6, STM32G471VEI3, STM32G471VEI6, STM32G471VET3, STM32G471VET6, STM32G473QET3Z, STM32G473RET3Z, STM32G474CCT6, STM32G491RET3Z, STM32H503CBT6, STM32H503CBU6, STM32H503EBY6TR, STM32H503KBU6, STM32H503RBT6, STM32H523CCT6, STM32H523CCU6, STM32H523CET6, STM32H523CEU6, STM32H523HEY6TR, STM32H523RCT6, STM32H523RET6, STM32H523VCI6, STM32H523VCT6, STM32H523VEI6, STM32H523VET6, STM32H523ZCJ6, STM32H523ZCT6, STM32H523ZEJ6, STM32H523ZET6, STM32H533CET6, STM32H533CEU6, STM32H533HEY6TR, STM32H533RET6, STM32H533VEI6, STM32H533VET6, STM32H533ZEJ6, STM32H533ZET6, STM32H562AGI6, STM32H562AII6, STM32H562IGK6, STM32H562IGT6, STM32H562IIK6, STM32H562IIT6, STM32H562RGT6, STM32H562RGV6, STM32H562RIT6, STM32H562RIV6, STM32H562VGT6, STM32H562VIT6, STM32H562ZGT6, STM32H562ZIT6, STM32H563AGI6, STM32H563AII3Q, STM32H563AII6, STM32H563IGK6, STM32H563IGT6, STM32H563IIK3Q, STM32H563IIK6, STM32H563IIT3Q, STM32H563IIT6, STM32H563MIY3QTR, STM32H563RGT6, STM32H563RGV6, STM32H563RIT6, STM32H563RIV6, STM32H563VGT6, STM32H563VIT3Q, STM32H563VIT6, STM32H563ZGT6, STM32H563ZIT3Q, STM32H563ZIT6, STM32H573AII3Q, STM32H573AII6, STM32H573I-DK, STM32H573IIK3Q, STM32H573IIK6, STM32H573IIT3Q, STM32H573IIT6, STM32H573MIY3QTR, STM32H573RIT6, STM32H573RIV6, STM32H573VIT3Q, STM32H573VIT6, STM32H573ZIT3Q, STM32H573ZIT6, STM32H7R3A8I6, STM32H7R3I8K6, STM32H7R3I8T6, STM32H7R3L8H6, STM32H7R3L8H6H, STM32H7R3R8V6, STM32H7R3V8H6, STM32H7R3V8T6, STM32H7R3V8Y6TR, STM32H7R3Z8J6, STM32H7R3Z8T6, STM32H7R7A8I6, STM32H7R7I8K6, STM32H7R7I8T6, STM32H7R7L8H6, STM32H7R7L8H6H, STM32H7R7Z8J6, STM32H7S3A8I6, STM32H7S3I8K6, STM32H7S3I8T6, STM32H7S3L8H6, STM32H7S3L8H6H, STM32H7S3R8V6, STM32H7S3V8H6, STM32H7S3V8T6, STM32H7S3V8Y6TR, STM32H7S3Z8J6, STM32H7S3Z8T6, STM32H7S78-DK, STM32H7S7A8I6, STM32H7S7I8K6, STM32H7S7I8T6, STM32H7S7L8H6, STM32H7S7L8H6H, STM32H7S7Z8J6, STM32L4R5QGI6STR, STM32MP131AAE3, STM32MP131AAF3, STM32MP131AAG3, STM32MP131CAE3, STM32MP131CAF3, STM32MP131CAG3, STM32MP131DAE7, STM32MP131DAF7, STM32MP131DAG7, STM32MP131FAE7, STM32MP131FAF7, STM32MP131FAG7, STM32MP133AAE3, STM32MP133AAF3, STM32MP133AAG3, STM32MP133CAE3, STM32MP133CAF3, STM32MP133CAG3, STM32MP133DAE7, STM32MP133DAF7, STM32MP133DAG7, STM32MP133FAE7, STM32MP133FAF7, STM32MP133FAG7, STM32MP135AAE3, STM32MP135AAF3, STM32MP135AAG3, STM32MP135CAE3, STM32MP135CAF3, STM32MP135CAG3, STM32MP135DAE7, STM32MP135DAF7, STM32MP135DAG7, STM32MP135F-DK, STM32MP135FAE7, STM32MP135FAF7, STM32MP135FAF7T, STM32MP135FAF7U, STM32MP135FAG7, STM32MP231AAJ3, STM32MP231AAK3, STM32MP231AAL3, STM32MP231CAJ3, STM32MP231CAK3, STM32MP231CAL3, STM32MP231DAJ3, STM32MP231DAK3, STM32MP231DAL3, STM32MP231FAJ3, STM32MP231FAK3, STM32MP231FAL3, STM32MP233AAJ3, STM32MP233AAK3, STM32MP233AAL3, STM32MP233CAJ3, STM32MP233CAK3, STM32MP233CAL3, STM32MP233DAJ3, STM32MP233DAK3, STM32MP233DAL3, STM32MP233FAJ3, STM32MP233FAK3, STM32MP233FAL3, STM32MP235AAJ3, STM32MP235AAK3, STM32MP235AAL3, STM32MP235CAJ3, STM32MP235CAK3, STM32MP235CAL3, STM32MP235DAJ3, STM32MP235DAK3, STM32MP235DAL3, STM32MP235FAJ3, STM32MP235FAK3, STM32MP235FAL3, STM32MP251AAI3, STM32MP251AAJ3, STM32MP251AAK3, STM32MP251AAL3, STM32MP251CAI3, STM32MP251CAJ3, STM32MP251CAK3, STM32MP251CAL3, STM32MP251DAI3, STM32MP251DAJ3, STM32MP251DAK3, STM32MP251DAL3, STM32MP251FAI3, STM32MP251FAJ3, STM32MP251FAK3, STM32MP251FAL3, STM32MP253AAI3, STM32MP253AAJ3, STM32MP253AAK3, STM32MP253AAL3, STM32MP253CAI3, STM32MP253CAJ3, STM32MP253CAK3, STM32MP253CAL3, STM32MP253DAI3, STM32MP253DAJ3, STM32MP253DAK3, STM32MP253DAL3, STM32MP253FAI3, STM32MP253FAJ3, STM32MP253FAK3, STM32MP253FAL3, STM32MP255AAI3, STM32MP255AAJ3, STM32MP255AAK3, STM32MP255AAL3, STM32MP255CAI3, STM32MP255CAJ3, STM32MP255CAK3, STM32MP255CAL3, STM32MP255DAI3, STM32MP255DAJ3, STM32MP255DAK3, STM32MP255DAL3, STM32MP255FAI3, STM32MP255FAJ3, STM32MP255FAK3, STM32MP255FAL3, STM32MP257AAI3, STM32MP257AAJ3, STM32MP257AAK3, STM32MP257AAL3, STM32MP257CAI3, STM32MP257CAJ3, STM32MP257CAK3, STM32MP257CAL3, STM32MP257DAI3, STM32MP257DAJ3, STM32MP257DAK3, STM32MP257DAL3, STM32MP257F-DK, STM32MP257F-EV1, STM32MP257FAI3, STM32MP257FAJ3, STM32MP257FAK3, STM32MP257FAL3, STM32N645A0H3Q, STM32N645B0H3Q, STM32N645I0H3Q, STM32N645L0H3Q, STM32N645X0H3Q, STM32N645Z0H3Q, STM32N647A0H3Q, STM32N647B0H3Q, STM32N647I0H3Q, STM32N647L0H3Q, STM32N647X0H3Q, STM32N647Z0H3Q, STM32N655A0H3Q, STM32N655B0H3Q, STM32N655I0H3Q, STM32N655L0H3Q, STM32N655X0H3Q, STM32N655Z0H3Q, STM32N6570-DK, STM32N657A0H3Q, STM32N657B0H3Q, STM32N657I0H3Q, STM32N657L0H3Q, STM32N657X0H3Q, STM32N657Z0H3Q, STM32U031C6T6, STM32U031C6U6, STM32U031C8T6, STM32U031C8U6, STM32U031F4P6, STM32U031F6P6, STM32U031F8P6, STM32U031G6Y6TR, STM32U031G8Y6TR, STM32U031K4U6, STM32U031K6U6, STM32U031K8U6, STM32U031R6I6, STM32U031R6T6, STM32U031R8I6, STM32U031R8T6, STM32U073C8T6, STM32U073C8U6, STM32U073CBT6, STM32U073CBU6, STM32U073CCT6, STM32U073CCU6, STM32U073H8Y6TR, STM32U073HBY6TR, STM32U073HCY6TR, STM32U073K8U6, STM32U073KBU6, STM32U073KCU6, STM32U073M8I6, STM32U073M8T6, STM32U073MBI6, STM32U073MBT6, STM32U073MCI6, STM32U073MCT6, STM32U073R8I6, STM32U073R8T6, STM32U073RBI6, STM32U073RBT6, STM32U073RCI6, STM32U073RCT6, STM32U083C-DK, STM32U083CCT6, STM32U083CCU6, STM32U083HCY6TR, STM32U083KCU6, STM32U083MCI6, STM32U083MCT6, STM32U083RCI6, STM32U083RCT6, STM32U375CET6, STM32U375CET6Q, STM32U375CEU6, STM32U375CEU6Q, STM32U375CEY6QTR, STM32U375CGT6, STM32U375CGT6Q, STM32U375CGU6, STM32U375CGU6Q, STM32U375CGY6QTR, STM32U375KEU6, STM32U375KGU6, STM32U375REI6, STM32U375REI6Q, STM32U375RET6, STM32U375RET6Q, STM32U375REY6GTR, STM32U375REY6QTR, STM32U375RGI6, STM32U375RGI6Q, STM32U375RGT6, STM32U375RGT6Q, STM32U375RGY6GTR, STM32U375RGY6QTR, STM32U375VEI6, STM32U375VEI6Q, STM32U375VET6, STM32U375VET6Q, STM32U375VGI6, STM32U375VGI6Q, STM32U375VGT6, STM32U375VGT6Q, STM32U385CGT6, STM32U385CGT6Q, STM32U385CGU6, STM32U385CGU6Q, STM32U385CGY6QTR, STM32U385KGU6, STM32U385RGI6, STM32U385RGI6Q, STM32U385RGT6, STM32U385RGT6Q, STM32U385RGY6GTR, STM32U385RGY6QTR, STM32U385VGI6, STM32U385VGI6Q, STM32U385VGT6, STM32U385VGT6Q, STM32U535CBT6, STM32U535CBT6Q, STM32U535CBU6, STM32U535CBU6Q, STM32U535CCT6, STM32U535CCT6Q, STM32U535CCU6, STM32U535CCU6Q, STM32U535CET6, STM32U535CET6Q, STM32U535CEU6, STM32U535CEU6Q, STM32U535JEY6QTR, STM32U535NCY6QTR, STM32U535NEY6QTR, STM32U535RBI6, STM32U535RBI6Q, STM32U535RBT6, STM32U535RBT6Q, STM32U535RCI6, STM32U535RCI6Q, STM32U535RCT6, STM32U535RCT6Q, STM32U535REI6, STM32U535REI6Q, STM32U535RET6, STM32U535RET6Q, STM32U535VCI6, STM32U535VCI6Q, STM32U535VCT6, STM32U535VCT6Q, STM32U535VEI6, STM32U535VEI6Q, STM32U535VET6, STM32U535VET6Q, STM32U545CET6, STM32U545CET6Q, STM32U545CEU6, STM32U545CEU6Q, STM32U545JEY6QTR, STM32U545NEY6QTR, STM32U545REI6, STM32U545REI6Q, STM32U545RET6, STM32U545RET6Q, STM32U545VEI6, STM32U545VEI6Q, STM32U545VET6, STM32U545VET6Q, STM32U595AIH6, STM32U595AIH6Q, STM32U595AJH6, STM32U595AJH6Q, STM32U595QII6, STM32U595QII6Q, STM32U595QJI6, STM32U595QJI6Q, STM32U595RIT6, STM32U595RIT6Q, STM32U595RJT6, STM32U595RJT6Q, STM32U595VIT6, STM32U595VIT6Q, STM32U595VJT6, STM32U595VJT6Q, STM32U595ZIT6, STM32U595ZIT6Q, STM32U595ZIY6QTR, STM32U595ZJT6, STM32U595ZJT6Q, STM32U595ZJY6QTR, STM32U599BJY6QTR, STM32U599NIH6Q, STM32U599NJH6Q, STM32U599VIT6Q, STM32U599VJT6, STM32U599VJT6Q, STM32U599ZIT6Q, STM32U599ZIY6QTR, STM32U599ZJT6Q, STM32U599ZJY6QTR, STM32U5A5AJH6, STM32U5A5AJH6Q, STM32U5A5QII3Q , STM32U5A5QJI6, STM32U5A5QJI6Q, STM32U5A5RJT6, STM32U5A5RJT6Q, STM32U5A5VJT6, STM32U5A5VJT6Q, STM32U5A5ZJT6, STM32U5A5ZJT6Q, STM32U5A5ZJY6QTR, STM32U5A9BJY6QTR, STM32U5A9J-DK, STM32U5A9NJH6Q, STM32U5A9VJT6Q, STM32U5A9ZJT6Q, STM32U5A9ZJY6QTR, STM32U5F7VIT6, STM32U5F7VIT6Q, STM32U5F7VJT6, STM32U5F7VJT6Q, STM32U5F9BJY6QTR, STM32U5F9NJH6Q, STM32U5F9VIT6Q, STM32U5F9VJT6Q, STM32U5F9ZIJ6QTR, STM32U5F9ZIT6Q, STM32U5F9ZJJ6QTR, STM32U5F9ZJT6Q, STM32U5G7VJT6, STM32U5G7VJT6Q, STM32U5G9BJY6QTR, STM32U5G9J-DK1, STM32U5G9J-DK2, STM32U5G9NJH6Q, STM32U5G9VJT6Q, STM32U5G9ZJJ6QTR, STM32U5G9ZJT6Q, STM32WB05KZV6TR, STM32WB05KZV7TR, STM32WB05TZF6TR, STM32WB05TZF7TR, STM32WB06CCF6TR, STM32WB06CCF7TR, STM32WB06CCV6TR, STM32WB06CCV7TR, STM32WB06KCV6TR, STM32WB06KCV7TR, STM32WB07CCF6TR, STM32WB07CCF7TR, STM32WB07CCV6TR, STM32WB07CCV7TR, STM32WB07KCV6TR, STM32WB07KCV7TR, STM32WB09KEV6TR, STM32WB09KEV7TR, STM32WB09TEF6TR, STM32WB09TEF7TR, STM32WB1MMCH6, STM32WBA50KGU6, STM32WBA50KGU6TR, STM32WBA52CEU6, STM32WBA52CEU6TR, STM32WBA52CEU7, STM32WBA52CEU7TR, STM32WBA52CGU6, STM32WBA52CGU6TR, STM32WBA52CGU6U, STM32WBA52CGU7, STM32WBA52CGU7TR, STM32WBA52KEU6, STM32WBA52KEU6TR, STM32WBA52KGU6, STM32WBA52KGU6TR, STM32WBA54CEU6, STM32WBA54CEU6TR, STM32WBA54CEU7, STM32WBA54CEU7TR, STM32WBA54CGU6, STM32WBA54CGU6TR, STM32WBA54CGU7, STM32WBA54CGU7TR, STM32WBA54KEU6, STM32WBA54KEU6TR, STM32WBA54KEU7, STM32WBA54KEU7TR, STM32WBA54KGU6, STM32WBA54KGU6TR, STM32WBA54KGU7, STM32WBA54KGU7TR, STM32WBA55CEU6, STM32WBA55CEU6TR, STM32WBA55CEU7, STM32WBA55CEU7TR, STM32WBA55CGU6, STM32WBA55CGU6TR, STM32WBA55CGU6U, STM32WBA55CGU7, STM32WBA55CGU7TR, STM32WBA55G-DK1, STM32WBA55HEF6, STM32WBA55HEF7, STM32WBA55HGF6, STM32WBA55HGF7, STM32WBA55UEI6, STM32WBA55UEI6TR, STM32WBA55UEI7, STM32WBA55UEI7TR, STM32WBA55UGI6, STM32WBA55UGI6TR, STM32WBA55UGI7, STM32WBA55UGI7TR, STM32WBA5MJGH6TR, STM32WBA62CGU6, STM32WBA62CIU6, STM32WBA62MGF6, STM32WBA62MIF6, STM32WBA62PGI6, STM32WBA62PII6, STM32WBA63CGU6, STM32WBA63CGU7, STM32WBA63CIU6, STM32WBA63CIU7, STM32WBA64CGU6, STM32WBA64CGU7, STM32WBA64CIU6, STM32WBA64CIU7, STM32WBA65CGU6, STM32WBA65CGU7, STM32WBA65CIU6, STM32WBA65CIU7, STM32WBA65I-DK1, STM32WBA65MGF6, STM32WBA65MGF7, STM32WBA65MIF6, STM32WBA65MIF7, STM32WBA65PGI6, STM32WBA65PGI7, STM32WBA65PII6, STM32WBA65PII7, STM32WBA65RGV6, STM32WBA65RGV7, STM32WBA65RIV6, STM32WBA65RIV7, STM32WL30K8V6, STM32WL30KBV6, STM32WL31C8V6, STM32WL31CBV6, STM32WL31K8V6, STM32WL31KBV6, STM32WL33C8V6, STM32WL33C8V6TR, STM32WL33C8V7, STM32WL33C8V7TR, STM32WL33CBV6, STM32WL33CBV6TR, STM32WL33CBV7, STM32WL33CBV7TR, STM32WL33CCV6, STM32WL33CCV6TR, STM32WL33CCV7, STM32WL33CCV7A, STM32WL33CCV7ATR, STM32WL33CCV7TR, STM32WL33K8V6, STM32WL33K8V6TR, STM32WL33K8V7, STM32WL33K8V7TR, STM32WL33KBV6, STM32WL33KBV6TR, STM32WL33KBV7, STM32WL33KBV7TR, STM32WL33KCV6, STM32WL33KCV6TR, STM32WL33KCV7, STM32WL33KCV7TR, STM32WL5MOCH6, STM32WL5MOCH6TR]
2025-03-05 08:01:05,844 [INFO] BoardInfo:889 - No configuration file found for board P-NUCLEO-WB55
2025-03-05 08:01:05,845 [INFO] DbBoards:161 - Kit is not supported: P-NUCLEO-WB55
2025-03-05 08:01:05,852 [INFO] BoardInfo:889 - No configuration file found for board STEVAL-BFA001V1B
2025-03-05 08:01:05,854 [INFO] DbBoards:161 - Kit is not supported: STEVAL-BFA001V1B
2025-03-05 08:01:05,855 [INFO] BoardInfo:889 - No configuration file found for board STEVAL-BFA001V2B
2025-03-05 08:01:05,857 [INFO] DbBoards:161 - Kit is not supported: STEVAL-BFA001V2B
2025-03-05 08:01:06,025 [INFO] DbBoards:168 - Found 211 boards, 208 are supported
2025-03-05 08:01:06,026 [INFO] DbBoards:169 - Found 211 boards, 43 of them is supported for  Bsp
2025-03-05 08:01:06,029 [INFO] ApiDb:668 - CubeFinder database Data Model version=2.1
2025-03-05 08:01:06,030 [INFO] ApiDb:669 - CubeFinder database Configuration version=3.0.39
2025-03-05 08:01:06,030 [INFO] ApiDb:670 - CubeFinder database generation date=2025-02-18 (1739885696)
2025-03-05 08:01:06,030 [INFO] ApiDb:671 - CubeFinder database FW Pack versions=[FP-ATR-ASTRA1_V2.0.0, FP-SNS-FLIGHT1_V5.0.2, FP-SNS-MOTENV1_V5.0.0, FP-SNS-MOTENVWB1_V1.4.0, FP-SNS-SMARTAG2_V1.2.0, FP-SNS-STBOX1_V2.0.0, STM32Cube_FW_C0_V1.4.0, STM32Cube_FW_F4_V1.28.1, STM32Cube_FW_F7_V1.17.2, STM32Cube_FW_G0_V1.6.2, STM32Cube_FW_G4_V1.6.1, STM32Cube_FW_H5_V1.5.0, STM32Cube_FW_H7RS_V1.2.0, STM32Cube_FW_H7_V1.12.1, STM32Cube_FW_L0_V1.12.2, STM32Cube_FW_L4_V1.18.1, STM32Cube_FW_L5_V1.5.1, STM32Cube_FW_N6_V1.1.0, STM32Cube_FW_U0_V1.2.0, STM32Cube_FW_U3_V1.1.0, STM32Cube_FW_U5_V1.7.0, STM32Cube_FW_WB0_V1.2.0, STM32Cube_FW_WBA_V1.6.0, STM32Cube_FW_WB_V1.22.0, STM32Cube_FW_WL3_V1.1.0, STM32Cube_FW_WL_V1.3.1, X-CUBE-ALGOBUILD_V1.4.0, X-CUBE-ALS_V1.0.2, X-CUBE-AZRTOS-F4_V1.1.0, X-CUBE-AZRTOS-F7_V1.1.0, X-CUBE-AZRTOS-G0_V1.1.0, X-CUBE-AZRTOS-G4_V2.0.0, X-CUBE-AZRTOS-H7RS_V1.0.0, X-CUBE-AZRTOS-H7_V3.3.0, X-CUBE-AZRTOS-L4_V2.0.0, X-CUBE-AZRTOS-L5_V2.0.0, X-CUBE-AZRTOS-WB_V2.0.0, X-CUBE-AZRTOS-WL_V2.0.0, X-CUBE-BLE1_V7.0.0, X-CUBE-BLE2_V3.3.0, X-CUBE-BLEMGR_V4.0.0, X-CUBE-EEPRMA1_V5.1.0, X-CUBE-FREERTOS_V1.3.0, X-CUBE-GNSS1_V6.0.0, X-CUBE-MEMS1_V11.1.0, X-CUBE-NFC4_V3.0.0, X-CUBE-NFC7_V1.0.1, X-CUBE-SFXS2LP1_V4.0.0, X-CUBE-SUBG2_V5.0.0, X-CUBE-TOF1_V3.4.2]
2025-03-05 08:01:06,096 [ERROR] LogOutputStream:75 - [STDERR_REDIRECT] [Fatal Error] :1:1: Premature end of file.
2025-03-05 08:01:06,096 [ERROR] LogOutputStream:75 - [STDERR_REDIRECT] 
2025-03-05 08:01:07,081 [ERROR] LogOutputStream:75 - [STDERR_REDIRECT] [Fatal Error] :1:1: Premature end of file.
2025-03-05 08:01:07,081 [ERROR] LogOutputStream:75 - [STDERR_REDIRECT] 
2025-03-05 08:01:07,639 [INFO] ApiDb:240 - Found 895 in-development CPN: [B-G473E-ZEST1S, B-WB1M-WPAN1, B-WBA5M-WPAN, B-WL5M-SUBG1, NUCLEO-C031C6, NUCLEO-C051C8, NUCLEO-C071RB, NUCLEO-C092RC, NUCLEO-H503RB, NUCLEO-H533RE, NUCLEO-H563ZI, NUCLEO-H7S3L8, NUCLEO-N657X0-Q, NUCLEO-U031R8, NUCLEO-U083RC, NUCLEO-U385RG-Q, NUCLEO-U545RE-Q, NUCLEO-U5A5ZJ-Q, NUCLEO-WB05KZ, NUCLEO-WB07CC, NUCLEO-WB09KE, NUCLEO-WBA52CG, NUCLEO-WBA55CG, NUCLEO-WBA65RI, NUCLEO-WL33CC1, NUCLEO-WL33CC2, STEVAL-PROTEUS1, STEVAL-SMARTAG2, STEVAL-STWINBX1, STM320518-EVAL, STM32C0116-DK, STM32C011D6Y3TR, STM32C011D6Y6TR, STM32C011F4P3, STM32C011F4P6, STM32C011F4U3, STM32C011F4U6TR, STM32C011F6P3, STM32C011F6P6, STM32C011F6U3, STM32C011F6U6TR, STM32C011J4M3, STM32C011J4M6, STM32C011J6M3, STM32C011J6M6, STM32C0316-DK, STM32C031C4T3, STM32C031C4T6, STM32C031C4U3, STM32C031C4U6, STM32C031C6T3, STM32C031C6T6, STM32C031C6U3, STM32C031C6U6, STM32C031F4P3, STM32C031F4P6, STM32C031F6P3, STM32C031F6P6, STM32C031G4U3, STM32C031G4U6, STM32C031G6U3, STM32C031G6U6, STM32C031K4T3, STM32C031K4T6, STM32C031K4U3, STM32C031K4U6, STM32C031K6T3, STM32C031K6T6, STM32C031K6U3, STM32C031K6U6, STM32C051C6T6, STM32C051C6U6, STM32C051C8T6, STM32C051C8U6, STM32C051D8Y6TR, STM32C051F6P6, STM32C051F8P6, STM32C051G6U6, STM32C051G8U6, STM32C051K6T6, STM32C051K6U6, STM32C051K8T6, STM32C071C8T6, STM32C071C8T6N, STM32C071C8U6, STM32C071C8U6N, STM32C071CBT6, STM32C071CBT6N, STM32C071CBU6, STM32C071CBU6N, STM32C071F8P6, STM32C071F8P6N, STM32C071FBP6, STM32C071FBP6N, STM32C071FBY6TR, STM32C071G8U6, STM32C071G8U6N, STM32C071GBU6, STM32C071GBU6N, STM32C071K8T6, STM32C071K8T6N, STM32C071K8U6, STM32C071K8U6N, STM32C071KBT6, STM32C071KBT6N, STM32C071KBU6, STM32C071KBU6N, STM32C071R8T6, STM32C071R8T6N, STM32C071RBI6N, STM32C071RBT6, STM32C071RBT6N, STM32C091CBT6, STM32C091CBU6, STM32C091CCT6, STM32C091CCU6, STM32C091ECY6TR, STM32C091FBP6, STM32C091FCP6, STM32C091GBU6, STM32C091GCU6, STM32C091KBT6, STM32C091KBU6, STM32C091KCT6, STM32C091KCU6, STM32C091RBT6, STM32C091RCI6, STM32C091RCT6, STM32C092CBT6, STM32C092CBU6, STM32C092CCT6, STM32C092CCU6, STM32C092ECY6TR, STM32C092FBP6, STM32C092FCP6, STM32C092GBU6, STM32C092GCU6, STM32C092KBT6, STM32C092KBU6, STM32C092KCT6, STM32C092KCU6, STM32C092RBT6, STM32C092RCI6, STM32C092RCT6, STM32G071K8TXN, STM32G071K8UXN, STM32G081GBU6N, STM32G081KBT6N, STM32G081KBUXN, STM32G0B1CCT6N, STM32G0B1KCT6, STM32G0B1NEY6TR, STM32G0B1RCT6N, STM32G0C1CCT6, STM32G0C1CCT6N, STM32G0C1CCU6N, STM32G0C1CET6N, STM32G0C1CEU6N, STM32G0C1KCT6, STM32G0C1NEY6TR, STM32G0C1RCI6N, STM32G0C1RCT6N, STM32G0C1REI6N, STM32G0C1RET6N, STM32G0C1VCI6, STM32G0C1VEI6, STM32G411C6T3, STM32G411C6T6, STM32G411C6U3, STM32G411C6U6, STM32G411C8T3, STM32G411C8T6, STM32G411C8U3, STM32G411C8U6, STM32G411CBT3, STM32G411CBT6, STM32G411CBU3, STM32G411CBU6, STM32G411CCT3, STM32G411CCT6, STM32G411CCU3, STM32G411CCU6, STM32G411K6T3, STM32G411K6T6, STM32G411K6U3, STM32G411K6U6, STM32G411K8T3, STM32G411K8T6, STM32G411K8U3, STM32G411K8U6, STM32G411KBT3, STM32G411KBT6, STM32G411KBU3, STM32G411KBU6, STM32G411M6T3, STM32G411M6T6, STM32G411M8T3, STM32G411M8T6, STM32G411MBT3, STM32G411MBT6, STM32G411MCT3, STM32G411MCT6, STM32G411R6T3, STM32G411R6T6, STM32G411R8T3, STM32G411R8T6, STM32G411RBT3, STM32G411RBT6, STM32G411RCT3, STM32G411RCT6, STM32G414CBT3, STM32G414CBT6, STM32G414CBU3, STM32G414CBU6, STM32G414CCT3, STM32G414CCT6, STM32G414CCU3, STM32G414CCU6, STM32G414MBT3, STM32G414MBT6, STM32G414MCT3, STM32G414MCT6, STM32G414RBT3, STM32G414RBT6, STM32G414RCT3, STM32G414RCT6, STM32G414VBT3, STM32G414VBT6, STM32G414VCT3, STM32G414VCT6, STM32G431CBT3Z, STM32G431RBT3Z, STM32G471CCT6, STM32G471CCU6, STM32G471CET3, STM32G471CET6, STM32G471CEU3, STM32G471CEU6, STM32G471MCT6, STM32G471MET3, STM32G471MET6, STM32G471MEY6TR, STM32G471QCT6, STM32G471QET3, STM32G471RCT6, STM32G471RET3, STM32G471RET6, STM32G471VCH6, STM32G471VCI6, STM32G471VCT6, STM32G471VEH3, STM32G471VEH6, STM32G471VEI3, STM32G471VEI6, STM32G471VET3, STM32G471VET6, STM32G473QET3Z, STM32G473RET3Z, STM32G474CCT6, STM32G491RET3Z, STM32H503CBT6, STM32H503CBU6, STM32H503EBY6TR, STM32H503KBU6, STM32H503RBT6, STM32H523CCT6, STM32H523CCU6, STM32H523CET6, STM32H523CEU6, STM32H523HEY6TR, STM32H523RCT6, STM32H523RET6, STM32H523VCI6, STM32H523VCT6, STM32H523VEI6, STM32H523VET6, STM32H523ZCJ6, STM32H523ZCT6, STM32H523ZEJ6, STM32H523ZET6, STM32H533CET6, STM32H533CEU6, STM32H533HEY6TR, STM32H533RET6, STM32H533VEI6, STM32H533VET6, STM32H533ZEJ6, STM32H533ZET6, STM32H562AGI6, STM32H562AII6, STM32H562IGK6, STM32H562IGT6, STM32H562IIK6, STM32H562IIT6, STM32H562RGT6, STM32H562RGV6, STM32H562RIT6, STM32H562RIV6, STM32H562VGT6, STM32H562VIT6, STM32H562ZGT6, STM32H562ZIT6, STM32H563AGI6, STM32H563AII3Q, STM32H563AII6, STM32H563IGK6, STM32H563IGT6, STM32H563IIK3Q, STM32H563IIK6, STM32H563IIT3Q, STM32H563IIT6, STM32H563MIY3QTR, STM32H563RGT6, STM32H563RGV6, STM32H563RIT6, STM32H563RIV6, STM32H563VGT6, STM32H563VIT3Q, STM32H563VIT6, STM32H563ZGT6, STM32H563ZIT3Q, STM32H563ZIT6, STM32H573AII3Q, STM32H573AII6, STM32H573I-DK, STM32H573IIK3Q, STM32H573IIK6, STM32H573IIT3Q, STM32H573IIT6, STM32H573MIY3QTR, STM32H573RIT6, STM32H573RIV6, STM32H573VIT3Q, STM32H573VIT6, STM32H573ZIT3Q, STM32H573ZIT6, STM32H7R3A8I6, STM32H7R3I8K6, STM32H7R3I8T6, STM32H7R3L8H6, STM32H7R3L8H6H, STM32H7R3R8V6, STM32H7R3V8H6, STM32H7R3V8T6, STM32H7R3V8Y6TR, STM32H7R3Z8J6, STM32H7R3Z8T6, STM32H7R7A8I6, STM32H7R7I8K6, STM32H7R7I8T6, STM32H7R7L8H6, STM32H7R7L8H6H, STM32H7R7Z8J6, STM32H7S3A8I6, STM32H7S3I8K6, STM32H7S3I8T6, STM32H7S3L8H6, STM32H7S3L8H6H, STM32H7S3R8V6, STM32H7S3V8H6, STM32H7S3V8T6, STM32H7S3V8Y6TR, STM32H7S3Z8J6, STM32H7S3Z8T6, STM32H7S78-DK, STM32H7S7A8I6, STM32H7S7I8K6, STM32H7S7I8T6, STM32H7S7L8H6, STM32H7S7L8H6H, STM32H7S7Z8J6, STM32L4R5QGI6STR, STM32MP131AAE3, STM32MP131AAF3, STM32MP131AAG3, STM32MP131CAE3, STM32MP131CAF3, STM32MP131CAG3, STM32MP131DAE7, STM32MP131DAF7, STM32MP131DAG7, STM32MP131FAE7, STM32MP131FAF7, STM32MP131FAG7, STM32MP133AAE3, STM32MP133AAF3, STM32MP133AAG3, STM32MP133CAE3, STM32MP133CAF3, STM32MP133CAG3, STM32MP133DAE7, STM32MP133DAF7, STM32MP133DAG7, STM32MP133FAE7, STM32MP133FAF7, STM32MP133FAG7, STM32MP135AAE3, STM32MP135AAF3, STM32MP135AAG3, STM32MP135CAE3, STM32MP135CAF3, STM32MP135CAG3, STM32MP135DAE7, STM32MP135DAF7, STM32MP135DAG7, STM32MP135F-DK, STM32MP135FAE7, STM32MP135FAF7, STM32MP135FAF7T, STM32MP135FAF7U, STM32MP135FAG7, STM32MP231AAJ3, STM32MP231AAK3, STM32MP231AAL3, STM32MP231CAJ3, STM32MP231CAK3, STM32MP231CAL3, STM32MP231DAJ3, STM32MP231DAK3, STM32MP231DAL3, STM32MP231FAJ3, STM32MP231FAK3, STM32MP231FAL3, STM32MP233AAJ3, STM32MP233AAK3, STM32MP233AAL3, STM32MP233CAJ3, STM32MP233CAK3, STM32MP233CAL3, STM32MP233DAJ3, STM32MP233DAK3, STM32MP233DAL3, STM32MP233FAJ3, STM32MP233FAK3, STM32MP233FAL3, STM32MP235AAJ3, STM32MP235AAK3, STM32MP235AAL3, STM32MP235CAJ3, STM32MP235CAK3, STM32MP235CAL3, STM32MP235DAJ3, STM32MP235DAK3, STM32MP235DAL3, STM32MP235FAJ3, STM32MP235FAK3, STM32MP235FAL3, STM32MP251AAI3, STM32MP251AAJ3, STM32MP251AAK3, STM32MP251AAL3, STM32MP251CAI3, STM32MP251CAJ3, STM32MP251CAK3, STM32MP251CAL3, STM32MP251DAI3, STM32MP251DAJ3, STM32MP251DAK3, STM32MP251DAL3, STM32MP251FAI3, STM32MP251FAJ3, STM32MP251FAK3, STM32MP251FAL3, STM32MP253AAI3, STM32MP253AAJ3, STM32MP253AAK3, STM32MP253AAL3, STM32MP253CAI3, STM32MP253CAJ3, STM32MP253CAK3, STM32MP253CAL3, STM32MP253DAI3, STM32MP253DAJ3, STM32MP253DAK3, STM32MP253DAL3, STM32MP253FAI3, STM32MP253FAJ3, STM32MP253FAK3, STM32MP253FAL3, STM32MP255AAI3, STM32MP255AAJ3, STM32MP255AAK3, STM32MP255AAL3, STM32MP255CAI3, STM32MP255CAJ3, STM32MP255CAK3, STM32MP255CAL3, STM32MP255DAI3, STM32MP255DAJ3, STM32MP255DAK3, STM32MP255DAL3, STM32MP255FAI3, STM32MP255FAJ3, STM32MP255FAK3, STM32MP255FAL3, STM32MP257AAI3, STM32MP257AAJ3, STM32MP257AAK3, STM32MP257AAL3, STM32MP257CAI3, STM32MP257CAJ3, STM32MP257CAK3, STM32MP257CAL3, STM32MP257DAI3, STM32MP257DAJ3, STM32MP257DAK3, STM32MP257DAL3, STM32MP257F-DK, STM32MP257F-EV1, STM32MP257FAI3, STM32MP257FAJ3, STM32MP257FAK3, STM32MP257FAL3, STM32N645A0H3Q, STM32N645B0H3Q, STM32N645I0H3Q, STM32N645L0H3Q, STM32N645X0H3Q, STM32N645Z0H3Q, STM32N647A0H3Q, STM32N647B0H3Q, STM32N647I0H3Q, STM32N647L0H3Q, STM32N647X0H3Q, STM32N647Z0H3Q, STM32N655A0H3Q, STM32N655B0H3Q, STM32N655I0H3Q, STM32N655L0H3Q, STM32N655X0H3Q, STM32N655Z0H3Q, STM32N6570-DK, STM32N657A0H3Q, STM32N657B0H3Q, STM32N657I0H3Q, STM32N657L0H3Q, STM32N657X0H3Q, STM32N657Z0H3Q, STM32U031C6T6, STM32U031C6U6, STM32U031C8T6, STM32U031C8U6, STM32U031F4P6, STM32U031F6P6, STM32U031F8P6, STM32U031G6Y6TR, STM32U031G8Y6TR, STM32U031K4U6, STM32U031K6U6, STM32U031K8U6, STM32U031R6I6, STM32U031R6T6, STM32U031R8I6, STM32U031R8T6, STM32U073C8T6, STM32U073C8U6, STM32U073CBT6, STM32U073CBU6, STM32U073CCT6, STM32U073CCU6, STM32U073H8Y6TR, STM32U073HBY6TR, STM32U073HCY6TR, STM32U073K8U6, STM32U073KBU6, STM32U073KCU6, STM32U073M8I6, STM32U073M8T6, STM32U073MBI6, STM32U073MBT6, STM32U073MCI6, STM32U073MCT6, STM32U073R8I6, STM32U073R8T6, STM32U073RBI6, STM32U073RBT6, STM32U073RCI6, STM32U073RCT6, STM32U083C-DK, STM32U083CCT6, STM32U083CCU6, STM32U083HCY6TR, STM32U083KCU6, STM32U083MCI6, STM32U083MCT6, STM32U083RCI6, STM32U083RCT6, STM32U375CET6, STM32U375CET6Q, STM32U375CEU6, STM32U375CEU6Q, STM32U375CEY6QTR, STM32U375CGT6, STM32U375CGT6Q, STM32U375CGU6, STM32U375CGU6Q, STM32U375CGY6QTR, STM32U375KEU6, STM32U375KGU6, STM32U375REI6, STM32U375REI6Q, STM32U375RET6, STM32U375RET6Q, STM32U375REY6GTR, STM32U375REY6QTR, STM32U375RGI6, STM32U375RGI6Q, STM32U375RGT6, STM32U375RGT6Q, STM32U375RGY6GTR, STM32U375RGY6QTR, STM32U375VEI6, STM32U375VEI6Q, STM32U375VET6, STM32U375VET6Q, STM32U375VGI6, STM32U375VGI6Q, STM32U375VGT6, STM32U375VGT6Q, STM32U385CGT6, STM32U385CGT6Q, STM32U385CGU6, STM32U385CGU6Q, STM32U385CGY6QTR, STM32U385KGU6, STM32U385RGI6, STM32U385RGI6Q, STM32U385RGT6, STM32U385RGT6Q, STM32U385RGY6GTR, STM32U385RGY6QTR, STM32U385VGI6, STM32U385VGI6Q, STM32U385VGT6, STM32U385VGT6Q, STM32U535CBT6, STM32U535CBT6Q, STM32U535CBU6, STM32U535CBU6Q, STM32U535CCT6, STM32U535CCT6Q, STM32U535CCU6, STM32U535CCU6Q, STM32U535CET6, STM32U535CET6Q, STM32U535CEU6, STM32U535CEU6Q, STM32U535JEY6QTR, STM32U535NCY6QTR, STM32U535NEY6QTR, STM32U535RBI6, STM32U535RBI6Q, STM32U535RBT6, STM32U535RBT6Q, STM32U535RCI6, STM32U535RCI6Q, STM32U535RCT6, STM32U535RCT6Q, STM32U535REI6, STM32U535REI6Q, STM32U535RET6, STM32U535RET6Q, STM32U535VCI6, STM32U535VCI6Q, STM32U535VCT6, STM32U535VCT6Q, STM32U535VEI6, STM32U535VEI6Q, STM32U535VET6, STM32U535VET6Q, STM32U545CET6, STM32U545CET6Q, STM32U545CEU6, STM32U545CEU6Q, STM32U545JEY6QTR, STM32U545NEY6QTR, STM32U545REI6, STM32U545REI6Q, STM32U545RET6, STM32U545RET6Q, STM32U545VEI6, STM32U545VEI6Q, STM32U545VET6, STM32U545VET6Q, STM32U595AIH6, STM32U595AIH6Q, STM32U595AJH6, STM32U595AJH6Q, STM32U595QII6, STM32U595QII6Q, STM32U595QJI6, STM32U595QJI6Q, STM32U595RIT6, STM32U595RIT6Q, STM32U595RJT6, STM32U595RJT6Q, STM32U595VIT6, STM32U595VIT6Q, STM32U595VJT6, STM32U595VJT6Q, STM32U595ZIT6, STM32U595ZIT6Q, STM32U595ZIY6QTR, STM32U595ZJT6, STM32U595ZJT6Q, STM32U595ZJY6QTR, STM32U599BJY6QTR, STM32U599NIH6Q, STM32U599NJH6Q, STM32U599VIT6Q, STM32U599VJT6, STM32U599VJT6Q, STM32U599ZIT6Q, STM32U599ZIY6QTR, STM32U599ZJT6Q, STM32U599ZJY6QTR, STM32U5A5AJH6, STM32U5A5AJH6Q, STM32U5A5QII3Q , STM32U5A5QJI6, STM32U5A5QJI6Q, STM32U5A5RJT6, STM32U5A5RJT6Q, STM32U5A5VJT6, STM32U5A5VJT6Q, STM32U5A5ZJT6, STM32U5A5ZJT6Q, STM32U5A5ZJY6QTR, STM32U5A9BJY6QTR, STM32U5A9J-DK, STM32U5A9NJH6Q, STM32U5A9VJT6Q, STM32U5A9ZJT6Q, STM32U5A9ZJY6QTR, STM32U5F7VIT6, STM32U5F7VIT6Q, STM32U5F7VJT6, STM32U5F7VJT6Q, STM32U5F9BJY6QTR, STM32U5F9NJH6Q, STM32U5F9VIT6Q, STM32U5F9VJT6Q, STM32U5F9ZIJ6QTR, STM32U5F9ZIT6Q, STM32U5F9ZJJ6QTR, STM32U5F9ZJT6Q, STM32U5G7VJT6, STM32U5G7VJT6Q, STM32U5G9BJY6QTR, STM32U5G9J-DK1, STM32U5G9J-DK2, STM32U5G9NJH6Q, STM32U5G9VJT6Q, STM32U5G9ZJJ6QTR, STM32U5G9ZJT6Q, STM32WB05KZV6TR, STM32WB05KZV7TR, STM32WB05TZF6TR, STM32WB05TZF7TR, STM32WB06CCF6TR, STM32WB06CCF7TR, STM32WB06CCV6TR, STM32WB06CCV7TR, STM32WB06KCV6TR, STM32WB06KCV7TR, STM32WB07CCF6TR, STM32WB07CCF7TR, STM32WB07CCV6TR, STM32WB07CCV7TR, STM32WB07KCV6TR, STM32WB07KCV7TR, STM32WB09KEV6TR, STM32WB09KEV7TR, STM32WB09TEF6TR, STM32WB09TEF7TR, STM32WB1MMCH6, STM32WBA50KGU6, STM32WBA50KGU6TR, STM32WBA52CEU6, STM32WBA52CEU6TR, STM32WBA52CEU7, STM32WBA52CEU7TR, STM32WBA52CGU6, STM32WBA52CGU6TR, STM32WBA52CGU6U, STM32WBA52CGU7, STM32WBA52CGU7TR, STM32WBA52KEU6, STM32WBA52KEU6TR, STM32WBA52KGU6, STM32WBA52KGU6TR, STM32WBA54CEU6, STM32WBA54CEU6TR, STM32WBA54CEU7, STM32WBA54CEU7TR, STM32WBA54CGU6, STM32WBA54CGU6TR, STM32WBA54CGU7, STM32WBA54CGU7TR, STM32WBA54KEU6, STM32WBA54KEU6TR, STM32WBA54KEU7, STM32WBA54KEU7TR, STM32WBA54KGU6, STM32WBA54KGU6TR, STM32WBA54KGU7, STM32WBA54KGU7TR, STM32WBA55CEU6, STM32WBA55CEU6TR, STM32WBA55CEU7, STM32WBA55CEU7TR, STM32WBA55CGU6, STM32WBA55CGU6TR, STM32WBA55CGU6U, STM32WBA55CGU7, STM32WBA55CGU7TR, STM32WBA55G-DK1, STM32WBA55HEF6, STM32WBA55HEF7, STM32WBA55HGF6, STM32WBA55HGF7, STM32WBA55UEI6, STM32WBA55UEI6TR, STM32WBA55UEI7, STM32WBA55UEI7TR, STM32WBA55UGI6, STM32WBA55UGI6TR, STM32WBA55UGI7, STM32WBA55UGI7TR, STM32WBA5MJGH6TR, STM32WBA62CGU6, STM32WBA62CIU6, STM32WBA62MGF6, STM32WBA62MIF6, STM32WBA62PGI6, STM32WBA62PII6, STM32WBA63CGU6, STM32WBA63CGU7, STM32WBA63CIU6, STM32WBA63CIU7, STM32WBA64CGU6, STM32WBA64CGU7, STM32WBA64CIU6, STM32WBA64CIU7, STM32WBA65CGU6, STM32WBA65CGU7, STM32WBA65CIU6, STM32WBA65CIU7, STM32WBA65I-DK1, STM32WBA65MGF6, STM32WBA65MGF7, STM32WBA65MIF6, STM32WBA65MIF7, STM32WBA65PGI6, STM32WBA65PGI7, STM32WBA65PII6, STM32WBA65PII7, STM32WBA65RGV6, STM32WBA65RGV7, STM32WBA65RIV6, STM32WBA65RIV7, STM32WL30K8V6, STM32WL30KBV6, STM32WL31C8V6, STM32WL31CBV6, STM32WL31K8V6, STM32WL31KBV6, STM32WL33C8V6, STM32WL33C8V6TR, STM32WL33C8V7, STM32WL33C8V7TR, STM32WL33CBV6, STM32WL33CBV6TR, STM32WL33CBV7, STM32WL33CBV7TR, STM32WL33CCV6, STM32WL33CCV6TR, STM32WL33CCV7, STM32WL33CCV7A, STM32WL33CCV7ATR, STM32WL33CCV7TR, STM32WL33K8V6, STM32WL33K8V6TR, STM32WL33K8V7, STM32WL33K8V7TR, STM32WL33KBV6, STM32WL33KBV6TR, STM32WL33KBV7, STM32WL33KBV7TR, STM32WL33KCV6, STM32WL33KCV6TR, STM32WL33KCV7, STM32WL33KCV7TR, STM32WL5MOCH6, STM32WL5MOCH6TR]
2025-03-05 08:01:07,644 [INFO] DbMcus:218 - Found 4682 MCUs, 4682 are supported
2025-03-05 08:01:07,646 [INFO] ApiDb:423 - Load user favorites file C:\Users\raj/.stm32cubeide/favorites.mcus.txt: 0 item(s)
2025-03-05 08:01:07,647 [INFO] ApiDb:427 - User favorites MCUs=[]
2025-03-05 08:01:07,647 [INFO] DbMcus:224 - Set 0 / 0 favorites MCUs
2025-03-05 08:01:08,107 [ERROR] LogOutputStream:75 - [STDERR_REDIRECT] [Fatal Error] :1:1: Premature end of file.
2025-03-05 08:01:08,108 [ERROR] LogOutputStream:75 - [STDERR_REDIRECT] 
2025-03-05 08:01:08,154 [INFO] ApiDb:423 - Load user favorites file C:\Users\raj/.stm32cubeide/favorites.boards.txt: 0 item(s)
2025-03-05 08:01:08,155 [INFO] ApiDb:427 - User favorites Boards=[]
2025-03-05 08:01:08,155 [INFO] DbBoards:198 - Set 0 / 0 favorites Boards
2025-03-05 08:01:08,198 [INFO] UtilMem:75 - End LoadConfig() Used Memory: 630492832 Bytes (1073741824)
2025-03-05 08:01:08,320 [WARN] ThirdParty:833 - waiting for thirdparty lock release [change project]
2025-03-05 08:01:08,320 [INFO] ThirdParty:835 - entering critical section [change project]
2025-03-05 08:01:08,320 [INFO] ThirdParty:1030 - CMSIS Pack Vendor :STMicroelectronics USBPD 4.1
2025-03-05 08:01:08,321 [INFO] ThirdParty:1030 - CMSIS Pack Vendor :STMicroelectronics X-CUBE-AZRTOS-H7 3.3.0
2025-03-05 08:01:08,321 [INFO] ThirdParty:1030 - CMSIS Pack Vendor :STMicroelectronics X-CUBE-NFC9 1.0.0
2025-03-05 08:01:08,321 [INFO] ThirdParty:1030 - CMSIS Pack Vendor :STMicroelectronics USB_HOST 2.0.0
2025-03-05 08:01:08,321 [INFO] ThirdParty:1030 - CMSIS Pack Vendor :STMicroelectronics FP-SNS-MOTENVWB1 1.4.0
2025-03-05 08:01:08,321 [INFO] ThirdParty:1030 - CMSIS Pack Vendor :STMicroelectronics X-CUBE-AZRTOS-F4 1.1.0
2025-03-05 08:01:08,321 [INFO] ThirdParty:1030 - CMSIS Pack Vendor :STMicroelectronics LIBJPEG 8.0.0
2025-03-05 08:01:08,321 [INFO] ThirdParty:1030 - CMSIS Pack Vendor :STMicroelectronics FP-ATR-ASTRA1 2.0.2
2025-03-05 08:01:08,321 [INFO] ThirdParty:1030 - CMSIS Pack Vendor :STMicroelectronics FP-ATR-ASTRA1 2.0.1
2025-03-05 08:01:08,321 [INFO] ThirdParty:1030 - CMSIS Pack Vendor :STMicroelectronics X-CUBE-SMBUS 2.1.0
2025-03-05 08:01:08,321 [INFO] ThirdParty:1030 - CMSIS Pack Vendor :STMicroelectronics X-CUBE-WB05N 1.1.0
2025-03-05 08:01:08,321 [INFO] ThirdParty:1030 - CMSIS Pack Vendor :STMicroelectronics USB_DEVICE 3.0.0
2025-03-05 08:01:08,321 [INFO] ThirdParty:1030 - CMSIS Pack Vendor :STMicroelectronics X-CUBE-TCPP 4.1.0
2025-03-05 08:01:08,321 [INFO] ThirdParty:1030 - CMSIS Pack Vendor :STMicroelectronics X-CUBE-ISPU 2.1.0
2025-03-05 08:01:08,321 [INFO] ThirdParty:1030 - CMSIS Pack Vendor :STMicroelectronics X-CUBE-FREERTOS 1.2.0
2025-03-05 08:01:08,321 [INFO] ThirdParty:1030 - CMSIS Pack Vendor :STMicroelectronics X-CUBE-IPS 3.0.0
2025-03-05 08:01:08,321 [INFO] ThirdParty:1030 - CMSIS Pack Vendor :STMicroelectronics X-CUBE-AZRTOS-WB 2.0.0
2025-03-05 08:01:08,321 [INFO] ThirdParty:1030 - CMSIS Pack Vendor :STMicroelectronics X-CUBE-GNSS1 7.0.0
2025-03-05 08:01:08,321 [INFO] ThirdParty:1030 - CMSIS Pack Vendor :STMicroelectronics X-CUBE-GNSS1 7.0.1
2025-03-05 08:01:08,321 [INFO] ThirdParty:1030 - CMSIS Pack Vendor :STMicroelectronics X-CUBE-AZRTOS-F7 1.1.0
2025-03-05 08:01:08,321 [INFO] ThirdParty:1030 - CMSIS Pack Vendor :STMicroelectronics X-CUBE-AZRTOS-L5 2.0.0
2025-03-05 08:01:08,321 [INFO] ThirdParty:1030 - CMSIS Pack Vendor :STMicroelectronics USB_DEVICE 2.0.0
2025-03-05 08:01:08,321 [INFO] ThirdParty:1030 - CMSIS Pack Vendor :STMicroelectronics X-CUBE-NFC6 3.1.0
2025-03-05 08:01:08,321 [INFO] ThirdParty:1030 - CMSIS Pack Vendor :STMicroelectronics FP-SNS-STBOX1 2.0.0
2025-03-05 08:01:08,321 [INFO] ThirdParty:1030 - CMSIS Pack Vendor :STMicroelectronics X-CUBE-MEMS1 11.0.0
2025-03-05 08:01:08,321 [INFO] ThirdParty:1030 - CMSIS Pack Vendor :STMicroelectronics FreeRTOS 0.0.1
2025-03-05 08:01:08,321 [INFO] ThirdParty:1030 - CMSIS Pack Vendor :STMicroelectronics X-CUBE-AZRTOS-G0 1.1.0
2025-03-05 08:01:08,321 [INFO] ThirdParty:1030 - CMSIS Pack Vendor :STMicroelectronics X-CUBE-SAFEA1 1.2.2
2025-03-05 08:01:08,321 [INFO] ThirdParty:1030 - CMSIS Pack Vendor :STMicroelectronics X-CUBE-NFC4 3.0.0
2025-03-05 08:01:08,321 [INFO] ThirdParty:1030 - CMSIS Pack Vendor :STMicroelectronics X-CUBE-DPower 1.2.0
2025-03-05 08:01:08,322 [INFO] ThirdParty:1030 - CMSIS Pack Vendor :STMicroelectronics X-CUBE-SUBG2 5.0.0
2025-03-05 08:01:08,322 [INFO] ThirdParty:1030 - CMSIS Pack Vendor :STMicroelectronics STM32_WPAN 1.0.0
2025-03-05 08:01:08,322 [INFO] ThirdParty:1030 - CMSIS Pack Vendor :EmbeddedOffice I-CUBE-FS-RTOS 1.0.1
2025-03-05 08:01:08,322 [INFO] ThirdParty:1030 - CMSIS Pack Vendor :STMicroelectronics lwIP 2.0.3
2025-03-05 08:01:08,322 [INFO] ThirdParty:1030 - CMSIS Pack Vendor :STMicroelectronics FP-SNS-FLIGHT1 5.0.2
2025-03-05 08:01:08,322 [INFO] ThirdParty:1030 - CMSIS Pack Vendor :Cesanta I-CUBE-Mongoose 7.13.0
2025-03-05 08:01:08,322 [INFO] ThirdParty:1030 - CMSIS Pack Vendor :STMicroelectronics USB_HOST 1.0.0
2025-03-05 08:01:08,322 [INFO] ThirdParty:1030 - CMSIS Pack Vendor :Infineon AIROC-Wi-Fi-Bluetooth-STM32 1.7.0
2025-03-05 08:01:08,322 [INFO] ThirdParty:1030 - CMSIS Pack Vendor :STMicroelectronics X-CUBE-AZRTOS-G4 2.0.0
2025-03-05 08:01:08,322 [INFO] ThirdParty:1030 - CMSIS Pack Vendor :STMicroelectronics PDM2PCM 3.1.0
2025-03-05 08:01:08,322 [INFO] ThirdParty:1030 - CMSIS Pack Vendor :STMicroelectronics PDM2PCM 3.3.0
2025-03-05 08:01:08,322 [INFO] ThirdParty:1030 - CMSIS Pack Vendor :STMicroelectronics X-CUBE-DISPLAY 3.0.0
2025-03-05 08:01:08,322 [INFO] ThirdParty:1030 - CMSIS Pack Vendor :STMicroelectronics X-CUBE-TCPP 4.2.0
2025-03-05 08:01:08,322 [INFO] ThirdParty:1030 - CMSIS Pack Vendor :RealThread X-CUBE-RT-Thread_Nano 4.1.1
2025-03-05 08:01:08,322 [INFO] ThirdParty:1030 - CMSIS Pack Vendor :STMicroelectronics X-CUBE-BLE1 7.0.0
2025-03-05 08:01:08,322 [INFO] ThirdParty:1030 - CMSIS Pack Vendor :STMicroelectronics FP-ATR-SIGFOX1 3.2.0
2025-03-05 08:01:08,322 [INFO] ThirdParty:1030 - CMSIS Pack Vendor :STMicroelectronics X-CUBE-NFC10 1.0.0
2025-03-05 08:01:08,322 [INFO] ThirdParty:1030 - CMSIS Pack Vendor :quantropi X-CUBE-qispace-sdk-base 1.9.3
2025-03-05 08:01:08,322 [INFO] ThirdParty:1030 - CMSIS Pack Vendor :STMicroelectronics X-CUBE-BLEMGR 4.0.0
2025-03-05 08:01:08,322 [INFO] ThirdParty:1030 - CMSIS Pack Vendor :STMicroelectronics X-CUBE-EEPRMA1 5.1.0
2025-03-05 08:01:08,322 [INFO] ThirdParty:1030 - CMSIS Pack Vendor :STMicroelectronics HAL Drivers 0.0.0
2025-03-05 08:01:08,322 [INFO] ThirdParty:1030 - CMSIS Pack Vendor :STMicroelectronics MBEDTLS 2.16.2
2025-03-05 08:01:08,322 [INFO] ThirdParty:1030 - CMSIS Pack Vendor :STMicroelectronics X-CUBE-IPS 3.1.0
2025-03-05 08:01:08,322 [INFO] ThirdParty:1030 - CMSIS Pack Vendor :STMicroelectronics X-CUBE-ALS 1.0.2
2025-03-05 08:01:08,322 [INFO] ThirdParty:1030 - CMSIS Pack Vendor :emotas I-CUBE-CANOPEN 1.3.0
2025-03-05 08:01:08,322 [INFO] ThirdParty:1030 - CMSIS Pack Vendor :STMicroelectronics X-CUBE-FREERTOS 1.3.0
2025-03-05 08:01:08,322 [INFO] ThirdParty:1030 - CMSIS Pack Vendor :wolfSSL I-CUBE-wolfSSL 5.7.4
2025-03-05 08:01:08,322 [INFO] ThirdParty:1030 - CMSIS Pack Vendor :STMicroelectronics X-CUBE-NFC7 1.0.1
2025-03-05 08:01:08,323 [INFO] ThirdParty:1030 - CMSIS Pack Vendor :STMicroelectronics MBEDTLS 2.14.1
2025-03-05 08:01:08,323 [INFO] ThirdParty:1030 - CMSIS Pack Vendor :ITTIA_DB I-CUBE-ITTIADB 8.9.0
2025-03-05 08:01:08,324 [INFO] ThirdParty:1030 - CMSIS Pack Vendor :STMicroelectronics X-CUBE-TOUCHGFX 4.24.2
2025-03-05 08:01:08,324 [INFO] ThirdParty:1030 - CMSIS Pack Vendor :STMicroelectronics X-CUBE-TOUCHGFX 4.24.1
2025-03-05 08:01:08,324 [INFO] ThirdParty:1030 - CMSIS Pack Vendor :wolfSSL I-CUBE-wolfTPM 3.4.0
2025-03-05 08:01:08,324 [INFO] ThirdParty:1030 - CMSIS Pack Vendor :portGmbH I-Cube-SoM-uGOAL 1.1.0
2025-03-05 08:01:08,324 [INFO] ThirdParty:1030 - CMSIS Pack Vendor :STMicroelectronics X-CUBE-BLEMGR 3.1.0
2025-03-05 08:01:08,324 [INFO] ThirdParty:1030 - CMSIS Pack Vendor :STMicroelectronics X-CUBE-AI 10.0.0
2025-03-05 08:01:08,324 [INFO] ThirdParty:1030 - CMSIS Pack Vendor :STMicroelectronics ThreadX 1.0.0
2025-03-05 08:01:08,324 [INFO] ThirdParty:1030 - CMSIS Pack Vendor :STMicroelectronics FP-SNS-SMARTAG2 1.2.0
2025-03-05 08:01:08,324 [INFO] ThirdParty:1030 - CMSIS Pack Vendor :STMicroelectronics X-CUBE-MEMS1 11.1.0
2025-03-05 08:01:08,324 [INFO] ThirdParty:1030 - CMSIS Pack Vendor :STMicroelectronics X-CUBE-AZRTOS-WL 2.0.0
2025-03-05 08:01:08,324 [INFO] ThirdParty:1030 - CMSIS Pack Vendor :SEGGER I-CUBE-embOS 1.3.1
2025-03-05 08:01:08,324 [INFO] ThirdParty:1030 - CMSIS Pack Vendor :STMicroelectronics X-CUBE-ALGOBUILD 1.4.0
2025-03-05 08:01:08,324 [INFO] ThirdParty:1030 - CMSIS Pack Vendor :STMicroelectronics FP-SNS-MOTENV1 5.0.0
2025-03-05 08:01:08,324 [INFO] ThirdParty:1030 - CMSIS Pack Vendor :STMicroelectronics USB_DEVICE 1.0.0
2025-03-05 08:01:08,324 [INFO] ThirdParty:1030 - CMSIS Pack Vendor :STMicroelectronics X-CUBE-AZRTOS-H7RS 1.0.0
2025-03-05 08:01:08,324 [INFO] ThirdParty:1030 - CMSIS Pack Vendor :wolfSSL I-CUBE-wolfMQTT 1.19.0
2025-03-05 08:01:08,324 [INFO] ThirdParty:1030 - CMSIS Pack Vendor :STMicroelectronics X-CUBE-AZRTOS-L4 2.0.0
2025-03-05 08:01:08,324 [INFO] ThirdParty:1030 - CMSIS Pack Vendor :STMicroelectronics ThreadX 0.0.2
2025-03-05 08:01:08,324 [INFO] ThirdParty:1030 - CMSIS Pack Vendor :WES I-CUBE-Cesium 1.3.0
2025-03-05 08:01:08,325 [INFO] ThirdParty:1030 - CMSIS Pack Vendor :STMicroelectronics FP-ATR-ASTRA1 2.0.0
2025-03-05 08:01:08,325 [INFO] ThirdParty:1030 - CMSIS Pack Vendor :STMicroelectronics lwIP 2.1.2
2025-03-05 08:01:08,325 [INFO] ThirdParty:1030 - CMSIS Pack Vendor :STMicroelectronics X-CUBE-SFXS2LP1 4.0.0
2025-03-05 08:01:08,325 [INFO] ThirdParty:1030 - CMSIS Pack Vendor :STMicroelectronics X-CUBE-BLE2 3.3.0
2025-03-05 08:01:08,325 [INFO] ThirdParty:1030 - CMSIS Pack Vendor :STMicroelectronics X-CUBE-TOF1 3.4.2
2025-03-05 08:01:08,325 [INFO] ThirdParty:1030 - CMSIS Pack Vendor :STMicroelectronics X-CUBE-AI 9.1.0
2025-03-05 08:01:08,325 [INFO] ThirdParty:1030 - CMSIS Pack Vendor :Infineon AIROC-Wi-Fi-Bluetooth-STM32 1.6.1
2025-03-05 08:01:08,325 [INFO] ThirdParty:1030 - CMSIS Pack Vendor :STMicroelectronics PDM2PCM 3.2.0
2025-03-05 08:01:08,325 [INFO] ThirdParty:1030 - CMSIS Pack Vendor :wolfSSL I-CUBE-wolfSSH 1.4.17
2025-03-05 08:01:08,325 [INFO] ThirdParty:841 - exiting critical section [change project]
2025-03-05 08:01:08,781 [INFO] PinOutPanel:1589 - setPackage(No Configuration,No Configuration)
2025-03-05 08:01:08,783 [INFO] PinOutPanel:1589 - setPackage(STM32F303RETx,LQFP64)
2025-03-05 08:01:09,085 [ERROR] LogOutputStream:75 - [STDERR_REDIRECT] [Fatal Error] :1:1: Premature end of file.
2025-03-05 08:01:09,086 [ERROR] LogOutputStream:75 - [STDERR_REDIRECT] 
2025-03-05 08:01:09,317 [INFO] UtilMem:75 - Before build in PCC Used Memory: 890573960 Bytes (1073741824)
2025-03-05 08:01:10,088 [ERROR] LogOutputStream:75 - [STDERR_REDIRECT] [Fatal Error] :1:1: Premature end of file.
2025-03-05 08:01:10,089 [ERROR] LogOutputStream:75 - [STDERR_REDIRECT] 
2025-03-05 08:01:10,371 [INFO] UtilMem:75 - After build in PCC Used Memory: 959279840 Bytes (1073741824)
2025-03-05 08:01:10,401 [INFO] IPUIPlugin:80 - create IPUIPlugin
2025-03-05 08:01:10,401 [INFO] IPUIPlugin:80 - create IPUIPlugin
2025-03-05 08:01:10,401 [INFO] IPUIPlugin:80 - create IPUIPlugin
2025-03-05 08:01:10,401 [INFO] IPUIPlugin:80 - create IPUIPlugin
2025-03-05 08:01:10,401 [INFO] IPUIPlugin:80 - create IPUIPlugin
2025-03-05 08:01:10,401 [INFO] IPUIPlugin:80 - create IPUIPlugin
2025-03-05 08:01:10,401 [INFO] IPUIPlugin:80 - create IPUIPlugin
2025-03-05 08:01:10,401 [INFO] IPUIPlugin:80 - create IPUIPlugin
2025-03-05 08:01:10,402 [INFO] IPUIPlugin:80 - create IPUIPlugin
2025-03-05 08:01:10,402 [INFO] IPUIPlugin:80 - create IPUIPlugin
2025-03-05 08:01:10,402 [INFO] IPUIPlugin:80 - create IPUIPlugin
2025-03-05 08:01:10,402 [INFO] IPUIPlugin:80 - create IPUIPlugin
2025-03-05 08:01:10,402 [INFO] IPUIPlugin:80 - create IPUIPlugin
2025-03-05 08:01:10,402 [INFO] IPUIPlugin:80 - create IPUIPlugin
2025-03-05 08:01:10,402 [INFO] IPUIPlugin:80 - create IPUIPlugin
2025-03-05 08:01:10,402 [INFO] IPUIPlugin:80 - create IPUIPlugin
2025-03-05 08:01:10,402 [INFO] IPUIPlugin:80 - create IPUIPlugin
2025-03-05 08:01:10,402 [INFO] IPUIPlugin:80 - create IPUIPlugin
2025-03-05 08:01:10,402 [INFO] IPUIPlugin:80 - create IPUIPlugin
2025-03-05 08:01:10,402 [INFO] IPUIPlugin:80 - create IPUIPlugin
2025-03-05 08:01:10,402 [INFO] IPUIPlugin:80 - create IPUIPlugin
2025-03-05 08:01:10,402 [INFO] IPUIPlugin:80 - create IPUIPlugin
2025-03-05 08:01:10,402 [INFO] IPUIPlugin:80 - create IPUIPlugin
2025-03-05 08:01:10,402 [INFO] IPUIPlugin:80 - create IPUIPlugin
2025-03-05 08:01:10,403 [INFO] IPUIPlugin:80 - create IPUIPlugin
2025-03-05 08:01:10,403 [INFO] IPUIPlugin:80 - create IPUIPlugin
2025-03-05 08:01:10,403 [INFO] IPUIPlugin:80 - create IPUIPlugin
2025-03-05 08:01:10,422 [INFO] IPUIPlugin:80 - create IPUIPlugin
2025-03-05 08:01:10,423 [INFO] IPUIPlugin:80 - create IPUIPlugin
2025-03-05 08:01:10,423 [INFO] IPUIPlugin:80 - create IPUIPlugin
2025-03-05 08:01:10,423 [INFO] IPUIPlugin:80 - create IPUIPlugin
2025-03-05 08:01:10,424 [INFO] IPUIPlugin:80 - create IPUIPlugin
2025-03-05 08:01:10,424 [INFO] IPUIPlugin:80 - create IPUIPlugin
2025-03-05 08:01:10,424 [INFO] IPUIPlugin:80 - create IPUIPlugin
2025-03-05 08:01:10,424 [INFO] IPUIPlugin:80 - create IPUIPlugin
2025-03-05 08:01:10,424 [INFO] IPUIPlugin:80 - create IPUIPlugin
2025-03-05 08:01:10,424 [INFO] IPUIPlugin:80 - create IPUIPlugin
2025-03-05 08:01:10,424 [INFO] IPUIPlugin:80 - create IPUIPlugin
2025-03-05 08:01:10,424 [INFO] IPUIPlugin:80 - create IPUIPlugin
2025-03-05 08:01:10,426 [INFO] IPUIPlugin:80 - create IPUIPlugin
2025-03-05 08:01:10,426 [INFO] IPUIPlugin:80 - create IPUIPlugin
2025-03-05 08:01:10,426 [INFO] IPUIPlugin:80 - create IPUIPlugin
2025-03-05 08:01:10,426 [INFO] IPUIPlugin:80 - create IPUIPlugin
2025-03-05 08:01:10,426 [INFO] IPUIPlugin:80 - create IPUIPlugin
2025-03-05 08:01:10,426 [INFO] IPUIPlugin:80 - create IPUIPlugin
2025-03-05 08:01:10,426 [INFO] IPUIPlugin:80 - create IPUIPlugin
2025-03-05 08:01:10,427 [INFO] IPUIPlugin:80 - create IPUIPlugin
2025-03-05 08:01:10,427 [INFO] IPUIPlugin:80 - create IPUIPlugin
2025-03-05 08:01:10,427 [INFO] IPUIPlugin:80 - create IPUIPlugin
2025-03-05 08:01:10,427 [INFO] IPUIPlugin:80 - create IPUIPlugin
2025-03-05 08:01:10,427 [INFO] IPUIPlugin:80 - create IPUIPlugin
2025-03-05 08:01:10,427 [INFO] IPUIPlugin:80 - create IPUIPlugin
2025-03-05 08:01:10,427 [INFO] IPUIPlugin:80 - create IPUIPlugin
2025-03-05 08:01:10,428 [INFO] IPUIPlugin:80 - create IPUIPlugin
2025-03-05 08:01:10,428 [INFO] IPUIPlugin:80 - create IPUIPlugin
2025-03-05 08:01:10,428 [INFO] IPUIPlugin:80 - create IPUIPlugin
2025-03-05 08:01:10,661 [INFO] CADModel:165 - CPN selected for project levelSTM32F303RET6
2025-03-05 08:01:10,662 [INFO] CADModel:114 - Register for checkConnection events
2025-03-05 08:01:10,701 [INFO] OpenFileManager:385 - Restore cursor
2025-03-05 08:01:11,089 [ERROR] LogOutputStream:75 - [STDERR_REDIRECT] [Fatal Error] :1:1: Premature end of file.
2025-03-05 08:01:11,090 [ERROR] LogOutputStream:75 - [STDERR_REDIRECT] 
2025-03-05 08:01:12,094 [ERROR] LogOutputStream:75 - [STDERR_REDIRECT] [Fatal Error] :1:1: Premature end of file.
2025-03-05 08:01:12,094 [ERROR] LogOutputStream:75 - [STDERR_REDIRECT] 
2025-03-05 08:01:13,125 [ERROR] LogOutputStream:75 - [STDERR_REDIRECT] [Fatal Error] :1:1: Premature end of file.
2025-03-05 08:01:13,126 [ERROR] LogOutputStream:75 - [STDERR_REDIRECT] 
2025-03-05 08:01:14,125 [ERROR] LogOutputStream:75 - [STDERR_REDIRECT] [Fatal Error] :1:1: Premature end of file.
2025-03-05 08:01:14,126 [ERROR] LogOutputStream:75 - [STDERR_REDIRECT] 
2025-03-05 08:01:15,129 [ERROR] LogOutputStream:75 - [STDERR_REDIRECT] [Fatal Error] :1:1: Premature end of file.
2025-03-05 08:01:15,130 [ERROR] LogOutputStream:75 - [STDERR_REDIRECT] 
2025-03-05 08:01:16,133 [ERROR] LogOutputStream:75 - [STDERR_REDIRECT] [Fatal Error] :1:1: Premature end of file.
2025-03-05 08:01:16,133 [ERROR] LogOutputStream:75 - [STDERR_REDIRECT] 
2025-03-05 08:01:17,126 [ERROR] LogOutputStream:75 - [STDERR_REDIRECT] [Fatal Error] :1:1: Premature end of file.
2025-03-05 08:01:17,126 [ERROR] LogOutputStream:75 - [STDERR_REDIRECT] 
2025-03-05 08:01:18,118 [ERROR] LogOutputStream:75 - [STDERR_REDIRECT] [Fatal Error] :1:1: Premature end of file.
2025-03-05 08:01:18,118 [ERROR] LogOutputStream:75 - [STDERR_REDIRECT] 
2025-03-05 08:01:19,110 [ERROR] LogOutputStream:75 - [STDERR_REDIRECT] [Fatal Error] :1:1: Premature end of file.
2025-03-05 08:01:19,110 [ERROR] LogOutputStream:75 - [STDERR_REDIRECT] 
2025-03-05 08:01:20,124 [ERROR] LogOutputStream:75 - [STDERR_REDIRECT] [Fatal Error] :1:1: Premature end of file.
2025-03-05 08:01:20,124 [ERROR] LogOutputStream:75 - [STDERR_REDIRECT] 
2025-03-05 08:01:21,122 [ERROR] LogOutputStream:75 - [STDERR_REDIRECT] [Fatal Error] :1:1: Premature end of file.
2025-03-05 08:01:21,123 [ERROR] LogOutputStream:75 - [STDERR_REDIRECT] 
2025-03-05 08:01:22,119 [ERROR] LogOutputStream:75 - [STDERR_REDIRECT] [Fatal Error] :1:1: Premature end of file.
2025-03-05 08:01:22,119 [ERROR] LogOutputStream:75 - [STDERR_REDIRECT] 
2025-03-05 08:01:23,110 [ERROR] LogOutputStream:75 - [STDERR_REDIRECT] [Fatal Error] :1:1: Premature end of file.
2025-03-05 08:01:23,111 [ERROR] LogOutputStream:75 - [STDERR_REDIRECT] 
2025-03-05 08:01:24,120 [ERROR] LogOutputStream:75 - [STDERR_REDIRECT] [Fatal Error] :1:1: Premature end of file.
2025-03-05 08:01:24,121 [ERROR] LogOutputStream:75 - [STDERR_REDIRECT] 
2025-03-05 08:01:25,117 [ERROR] LogOutputStream:75 - [STDERR_REDIRECT] [Fatal Error] :1:1: Premature end of file.
2025-03-05 08:01:25,117 [ERROR] LogOutputStream:75 - [STDERR_REDIRECT] 
2025-03-05 08:01:26,129 [ERROR] LogOutputStream:75 - [STDERR_REDIRECT] [Fatal Error] :1:1: Premature end of file.
2025-03-05 08:01:26,130 [ERROR] LogOutputStream:75 - [STDERR_REDIRECT] 
2025-03-05 08:01:27,104 [ERROR] LogOutputStream:75 - [STDERR_REDIRECT] [Fatal Error] :1:1: Premature end of file.
2025-03-05 08:01:27,105 [ERROR] LogOutputStream:75 - [STDERR_REDIRECT] 
2025-03-05 08:01:28,122 [ERROR] LogOutputStream:75 - [STDERR_REDIRECT] [Fatal Error] :1:1: Premature end of file.
2025-03-05 08:01:28,123 [ERROR] LogOutputStream:75 - [STDERR_REDIRECT] 
2025-03-05 08:01:28,455 [INFO] UtilMem:75 - End SaveConfig() Used Memory: 618137592 Bytes (1073741824)
2025-03-05 08:01:28,577 [INFO] UtilMem:75 - End SaveConfig() Used Memory: 637534200 Bytes (1073741824)
2025-03-05 08:01:29,038 [INFO] UtilMem:75 - End SaveConfig() Used Memory: 729808880 Bytes (1073741824)
2025-03-05 08:01:29,127 [ERROR] LogOutputStream:75 - [STDERR_REDIRECT] [Fatal Error] :1:1: Premature end of file.
2025-03-05 08:01:29,128 [ERROR] LogOutputStream:75 - [STDERR_REDIRECT] 
2025-03-05 08:01:29,468 [INFO] BlockDiagram:2775 - set Specific Code input for plugin: SYS
2025-03-05 08:01:29,468 [INFO] BlockDiagram:2775 - set Specific Code input for plugin: RCC
2025-03-05 08:01:29,468 [INFO] BlockDiagram:2775 - set Specific Code input for plugin: NVIC
2025-03-05 08:01:29,468 [INFO] BlockDiagram:2775 - set Specific Code input for plugin: USART
2025-03-05 08:01:29,469 [INFO] BlockDiagram:2775 - set Specific Code input for plugin: GPIO
2025-03-05 08:01:29,470 [INFO] CodeGenerator:882 - code generatio: config db path: C:\ST\STM32CubeIDE_1.17.0\STM32CubeIDE\plugins\com.st.stm32cube.common.mx_6.14.0.202502271554\\db\
2025-03-05 08:01:29,610 [INFO] CodeEngine:263 - oldGeneratedFile, C:\Users\raj\Project\Project\Test\Display\2025_02_18_Fast_Display\MXTmpFiles\license.tmp_save
2025-03-05 08:01:29,924 [INFO] CodeEngine:287 - Generated code: C:\Users\raj\Project\Project\Test\Display\2025_02_18_Fast_Display\MXTmpFiles\license.tmp
2025-03-05 08:01:30,014 [INFO] CodeEngine:263 - oldGeneratedFile, C:\Users\raj\Project\Project\Test\Display\2025_02_18_Fast_Display\MXTmpFiles\gpio.tmp_save
2025-03-05 08:01:30,118 [ERROR] LogOutputStream:75 - [STDERR_REDIRECT] [Fatal Error] :1:1: Premature end of file.
2025-03-05 08:01:30,118 [ERROR] LogOutputStream:75 - [STDERR_REDIRECT] 
2025-03-05 08:01:30,185 [INFO] CodeEngine:287 - Generated code: C:\Users\raj\Project\Project\Test\Display\2025_02_18_Fast_Display\MXTmpFiles\gpio.tmp
2025-03-05 08:01:30,311 [INFO] CodeEngine:263 - oldGeneratedFile, C:\Users\raj\Project\Project\Test\Display\2025_02_18_Fast_Display\Core\Src\stm32f3xx_it.c_save
2025-03-05 08:01:30,400 [INFO] CodeEngine:287 - Generated code: C:\Users\raj\Project\Project\Test\Display\2025_02_18_Fast_Display\Core\Src\stm32f3xx_it.c
2025-03-05 08:01:30,405 [INFO] CodeEngine:263 - oldGeneratedFile, C:\Users\raj\Project\Project\Test\Display\2025_02_18_Fast_Display\Core\Inc\stm32f3xx_it.h_save
2025-03-05 08:01:30,477 [INFO] CodeEngine:287 - Generated code: C:\Users\raj\Project\Project\Test\Display\2025_02_18_Fast_Display\Core\Inc\stm32f3xx_it.h
2025-03-05 08:01:30,503 [INFO] CodeEngine:263 - oldGeneratedFile, C:\Users\raj\Project\Project\Test\Display\2025_02_18_Fast_Display\Core\Src\stm32f3xx_hal_msp.c_save
2025-03-05 08:01:30,634 [INFO] CodeEngine:287 - Generated code: C:\Users\raj\Project\Project\Test\Display\2025_02_18_Fast_Display\Core\Src\stm32f3xx_hal_msp.c
2025-03-05 08:01:30,640 [INFO] CodeEngine:263 - oldGeneratedFile, C:\Users\raj\Project\Project\Test\Display\2025_02_18_Fast_Display\MXTmpFiles\system.tmp_save
2025-03-05 08:01:30,694 [INFO] CodeEngine:287 - Generated code: C:\Users\raj\Project\Project\Test\Display\2025_02_18_Fast_Display\MXTmpFiles\system.tmp
2025-03-05 08:01:30,720 [INFO] CodeEngine:319 - oldGeneratedFile, C:\Users\raj\Project\Project\Test\Display\2025_02_18_Fast_Display\Core\Inc\stm32f3xx_hal_conf.h_save
2025-03-05 08:01:30,812 [INFO] CodeEngine:343 - Generated code: C:\Users\raj\Project\Project\Test\Display\2025_02_18_Fast_Display\Core\Inc\stm32f3xx_hal_conf.h
2025-03-05 08:01:30,866 [INFO] ApiDbMcu:508 - Load IP Config File for USART2
2025-03-05 08:01:30,869 [INFO] ApiDbMcu:508 - Load IP Config File for RCC
2025-03-05 08:01:30,905 [INFO] CodeEngine:263 - oldGeneratedFile, C:\Users\raj\Project\Project\Test\Display\2025_02_18_Fast_Display\Core\Inc\main.h_save
2025-03-05 08:01:31,010 [INFO] CodeEngine:287 - Generated code: C:\Users\raj\Project\Project\Test\Display\2025_02_18_Fast_Display\Core\Inc\main.h
2025-03-05 08:01:31,029 [INFO] CodeEngine:263 - oldGeneratedFile, C:\Users\raj\Project\Project\Test\Display\2025_02_18_Fast_Display\Core\Src\main.c_save
2025-03-05 08:01:31,103 [ERROR] LogOutputStream:75 - [STDERR_REDIRECT] [Fatal Error] :1:1: Premature end of file.
2025-03-05 08:01:31,103 [ERROR] LogOutputStream:75 - [STDERR_REDIRECT] 
2025-03-05 08:01:31,177 [INFO] CodeEngine:287 - Generated code: C:\Users\raj\Project\Project\Test\Display\2025_02_18_Fast_Display\Core\Src\main.c
2025-03-05 08:01:31,480 [INFO] ProjectBuilder:3324 - Time for Copy HAL[1] : 169mS.
2025-03-05 08:01:31,484 [INFO] ProjectBuilder:4912 - Project Generator version: 4.6.0-B36
2025-03-05 08:01:31,538 [INFO] ConfigFileManager:1590 - The Die is : DIE446
2025-03-05 08:01:31,550 [INFO] ApiDbMcu:508 - Load IP Config File for FATFS
2025-03-05 08:01:31,556 [INFO] ApiDbMcu:508 - Load IP Config File for FREERTOS
2025-03-05 08:01:31,565 [INFO] ApiDbMcu:508 - Load IP Config File for TOUCHSENSING
2025-03-05 08:01:31,570 [INFO] ApiDbMcu:508 - Load IP Config File for USB_DEVICE
2025-03-05 08:01:31,987 [INFO] LogOutputStream:77 - [STDOUT_REDIRECT] 
2025-03-05 08:01:32,109 [ERROR] LogOutputStream:75 - [STDERR_REDIRECT] [Fatal Error] :1:1: Premature end of file.
2025-03-05 08:01:32,109 [ERROR] LogOutputStream:75 - [STDERR_REDIRECT] 
2025-03-05 08:01:32,801 [INFO] ProjectBuilder:5191 - Time for Generating toolchain IDE Files: 1317mS.
2025-03-05 08:01:32,802 [INFO] ProjectBuilder:3181 - Time for Copy CMSIS : 0mS.
2025-03-05 08:01:32,804 [INFO] ProjectBuilder:3181 - Time for Copy CMSIS : 0mS.
2025-03-05 08:01:33,117 [ERROR] LogOutputStream:75 - [STDERR_REDIRECT] [Fatal Error] :1:1: Premature end of file.
2025-03-05 08:01:33,117 [ERROR] LogOutputStream:75 - [STDERR_REDIRECT] 
2025-03-05 08:01:34,115 [ERROR] LogOutputStream:75 - [STDERR_REDIRECT] [Fatal Error] :1:1: Premature end of file.
2025-03-05 08:01:34,115 [ERROR] LogOutputStream:75 - [STDERR_REDIRECT] 
2025-03-05 08:01:35,102 [ERROR] LogOutputStream:75 - [STDERR_REDIRECT] [Fatal Error] :1:1: Premature end of file.
2025-03-05 08:01:35,102 [ERROR] LogOutputStream:75 - [STDERR_REDIRECT] 
2025-03-05 08:01:36,117 [ERROR] LogOutputStream:75 - [STDERR_REDIRECT] [Fatal Error] :1:1: Premature end of file.
2025-03-05 08:01:36,117 [ERROR] LogOutputStream:75 - [STDERR_REDIRECT] 
2025-03-05 08:01:37,099 [ERROR] LogOutputStream:75 - [STDERR_REDIRECT] [Fatal Error] :1:1: Premature end of file.
2025-03-05 08:01:37,099 [ERROR] LogOutputStream:75 - [STDERR_REDIRECT] 
2025-03-05 08:01:38,118 [ERROR] LogOutputStream:75 - [STDERR_REDIRECT] [Fatal Error] :1:1: Premature end of file.
2025-03-05 08:01:38,118 [ERROR] LogOutputStream:75 - [STDERR_REDIRECT] 
2025-03-05 08:01:39,119 [ERROR] LogOutputStream:75 - [STDERR_REDIRECT] [Fatal Error] :1:1: Premature end of file.
2025-03-05 08:01:39,119 [ERROR] LogOutputStream:75 - [STDERR_REDIRECT] 
2025-03-05 08:01:40,122 [ERROR] LogOutputStream:75 - [STDERR_REDIRECT] [Fatal Error] :1:1: Premature end of file.
2025-03-05 08:01:40,123 [ERROR] LogOutputStream:75 - [STDERR_REDIRECT] 
2025-03-05 08:01:41,118 [ERROR] LogOutputStream:75 - [STDERR_REDIRECT] [Fatal Error] :1:1: Premature end of file.
2025-03-05 08:01:41,118 [ERROR] LogOutputStream:75 - [STDERR_REDIRECT] 
2025-03-05 08:01:42,105 [ERROR] LogOutputStream:75 - [STDERR_REDIRECT] [Fatal Error] :1:1: Premature end of file.
2025-03-05 08:01:42,105 [ERROR] LogOutputStream:75 - [STDERR_REDIRECT] 
2025-03-05 08:01:43,114 [ERROR] LogOutputStream:75 - [STDERR_REDIRECT] [Fatal Error] :1:1: Premature end of file.
2025-03-05 08:01:43,115 [ERROR] LogOutputStream:75 - [STDERR_REDIRECT] 
2025-03-05 08:01:44,116 [ERROR] LogOutputStream:75 - [STDERR_REDIRECT] [Fatal Error] :1:1: Premature end of file.
2025-03-05 08:01:44,116 [ERROR] LogOutputStream:75 - [STDERR_REDIRECT] 
2025-03-05 08:01:45,116 [ERROR] LogOutputStream:75 - [STDERR_REDIRECT] [Fatal Error] :1:1: Premature end of file.
2025-03-05 08:01:45,116 [ERROR] LogOutputStream:75 - [STDERR_REDIRECT] 
2025-03-05 08:01:46,117 [ERROR] LogOutputStream:75 - [STDERR_REDIRECT] [Fatal Error] :1:1: Premature end of file.
2025-03-05 08:01:46,118 [ERROR] LogOutputStream:75 - [STDERR_REDIRECT] 
2025-03-05 08:01:47,110 [ERROR] LogOutputStream:75 - [STDERR_REDIRECT] [Fatal Error] :1:1: Premature end of file.
2025-03-05 08:01:47,110 [ERROR] LogOutputStream:75 - [STDERR_REDIRECT] 
2025-03-05 08:01:48,119 [ERROR] LogOutputStream:75 - [STDERR_REDIRECT] [Fatal Error] :1:1: Premature end of file.
2025-03-05 08:01:48,119 [ERROR] LogOutputStream:75 - [STDERR_REDIRECT] 
2025-03-05 08:01:49,094 [ERROR] LogOutputStream:75 - [STDERR_REDIRECT] [Fatal Error] :1:1: Premature end of file.
2025-03-05 08:01:49,094 [ERROR] LogOutputStream:75 - [STDERR_REDIRECT] 
2025-03-05 08:01:50,125 [ERROR] LogOutputStream:75 - [STDERR_REDIRECT] [Fatal Error] :1:1: Premature end of file.
2025-03-05 08:01:50,125 [ERROR] LogOutputStream:75 - [STDERR_REDIRECT] 
2025-03-05 08:01:51,119 [ERROR] LogOutputStream:75 - [STDERR_REDIRECT] [Fatal Error] :1:1: Premature end of file.
2025-03-05 08:01:51,119 [ERROR] LogOutputStream:75 - [STDERR_REDIRECT] 
2025-03-05 08:01:52,115 [ERROR] LogOutputStream:75 - [STDERR_REDIRECT] [Fatal Error] :1:1: Premature end of file.
2025-03-05 08:01:52,115 [ERROR] LogOutputStream:75 - [STDERR_REDIRECT] 
2025-03-05 08:01:53,117 [ERROR] LogOutputStream:75 - [STDERR_REDIRECT] [Fatal Error] :1:1: Premature end of file.
2025-03-05 08:01:53,118 [ERROR] LogOutputStream:75 - [STDERR_REDIRECT] 
2025-03-05 08:01:54,127 [ERROR] LogOutputStream:75 - [STDERR_REDIRECT] [Fatal Error] :1:1: Premature end of file.
2025-03-05 08:01:54,127 [ERROR] LogOutputStream:75 - [STDERR_REDIRECT] 
2025-03-05 08:01:55,129 [ERROR] LogOutputStream:75 - [STDERR_REDIRECT] [Fatal Error] :1:1: Premature end of file.
2025-03-05 08:01:55,129 [ERROR] LogOutputStream:75 - [STDERR_REDIRECT] 
2025-03-05 08:01:56,111 [ERROR] LogOutputStream:75 - [STDERR_REDIRECT] [Fatal Error] :1:1: Premature end of file.
2025-03-05 08:01:56,111 [ERROR] LogOutputStream:75 - [STDERR_REDIRECT] 
2025-03-05 08:01:57,117 [ERROR] LogOutputStream:75 - [STDERR_REDIRECT] [Fatal Error] :1:1: Premature end of file.
2025-03-05 08:01:57,117 [ERROR] LogOutputStream:75 - [STDERR_REDIRECT] 
2025-03-05 08:01:58,120 [ERROR] LogOutputStream:75 - [STDERR_REDIRECT] [Fatal Error] :1:1: Premature end of file.
2025-03-05 08:01:58,120 [ERROR] LogOutputStream:75 - [STDERR_REDIRECT] 
2025-03-05 08:01:59,127 [ERROR] LogOutputStream:75 - [STDERR_REDIRECT] [Fatal Error] :1:1: Premature end of file.
2025-03-05 08:01:59,127 [ERROR] LogOutputStream:75 - [STDERR_REDIRECT] 
2025-03-05 08:02:00,117 [ERROR] LogOutputStream:75 - [STDERR_REDIRECT] [Fatal Error] :1:1: Premature end of file.
2025-03-05 08:02:00,117 [ERROR] LogOutputStream:75 - [STDERR_REDIRECT] 
2025-03-05 08:02:01,121 [ERROR] LogOutputStream:75 - [STDERR_REDIRECT] [Fatal Error] :1:1: Premature end of file.
2025-03-05 08:02:01,121 [ERROR] LogOutputStream:75 - [STDERR_REDIRECT] 
2025-03-05 08:02:02,129 [ERROR] LogOutputStream:75 - [STDERR_REDIRECT] [Fatal Error] :1:1: Premature end of file.
2025-03-05 08:02:02,130 [ERROR] LogOutputStream:75 - [STDERR_REDIRECT] 
2025-03-05 08:02:03,114 [ERROR] LogOutputStream:75 - [STDERR_REDIRECT] [Fatal Error] :1:1: Premature end of file.
2025-03-05 08:02:03,115 [ERROR] LogOutputStream:75 - [STDERR_REDIRECT] 
2025-03-05 08:02:04,121 [ERROR] LogOutputStream:75 - [STDERR_REDIRECT] [Fatal Error] :1:1: Premature end of file.
2025-03-05 08:02:04,121 [ERROR] LogOutputStream:75 - [STDERR_REDIRECT] 
2025-03-05 08:02:05,141 [ERROR] LogOutputStream:75 - [STDERR_REDIRECT] [Fatal Error] :1:1: Premature end of file.
2025-03-05 08:02:05,142 [ERROR] LogOutputStream:75 - [STDERR_REDIRECT] 
2025-03-05 08:02:06,121 [ERROR] LogOutputStream:75 - [STDERR_REDIRECT] [Fatal Error] :1:1: Premature end of file.
2025-03-05 08:02:06,121 [ERROR] LogOutputStream:75 - [STDERR_REDIRECT] 
2025-03-05 08:02:07,140 [ERROR] LogOutputStream:75 - [STDERR_REDIRECT] [Fatal Error] :1:1: Premature end of file.
2025-03-05 08:02:07,140 [ERROR] LogOutputStream:75 - [STDERR_REDIRECT] 
2025-03-05 08:02:08,129 [ERROR] LogOutputStream:75 - [STDERR_REDIRECT] [Fatal Error] :1:1: Premature end of file.
2025-03-05 08:02:08,129 [ERROR] LogOutputStream:75 - [STDERR_REDIRECT] 
2025-03-05 08:02:09,131 [ERROR] LogOutputStream:75 - [STDERR_REDIRECT] [Fatal Error] :1:1: Premature end of file.
2025-03-05 08:02:09,131 [ERROR] LogOutputStream:75 - [STDERR_REDIRECT] 
2025-03-05 08:02:10,135 [ERROR] LogOutputStream:75 - [STDERR_REDIRECT] [Fatal Error] :1:1: Premature end of file.
2025-03-05 08:02:10,135 [ERROR] LogOutputStream:75 - [STDERR_REDIRECT] 
2025-03-05 08:02:11,124 [ERROR] LogOutputStream:75 - [STDERR_REDIRECT] [Fatal Error] :1:1: Premature end of file.
2025-03-05 08:02:11,125 [ERROR] LogOutputStream:75 - [STDERR_REDIRECT] 
2025-03-05 08:02:12,115 [ERROR] LogOutputStream:75 - [STDERR_REDIRECT] [Fatal Error] :1:1: Premature end of file.
2025-03-05 08:02:12,115 [ERROR] LogOutputStream:75 - [STDERR_REDIRECT] 
2025-03-05 08:02:13,115 [ERROR] LogOutputStream:75 - [STDERR_REDIRECT] [Fatal Error] :1:1: Premature end of file.
2025-03-05 08:02:13,115 [ERROR] LogOutputStream:75 - [STDERR_REDIRECT] 
2025-03-05 08:02:14,118 [ERROR] LogOutputStream:75 - [STDERR_REDIRECT] [Fatal Error] :1:1: Premature end of file.
2025-03-05 08:02:14,118 [ERROR] LogOutputStream:75 - [STDERR_REDIRECT] 
2025-03-05 08:02:15,115 [ERROR] LogOutputStream:75 - [STDERR_REDIRECT] [Fatal Error] :1:1: Premature end of file.
2025-03-05 08:02:15,115 [ERROR] LogOutputStream:75 - [STDERR_REDIRECT] 
2025-03-05 08:02:16,090 [ERROR] LogOutputStream:75 - [STDERR_REDIRECT] [Fatal Error] :1:1: Premature end of file.
2025-03-05 08:02:16,091 [ERROR] LogOutputStream:75 - [STDERR_REDIRECT] 
2025-03-05 08:02:17,086 [ERROR] LogOutputStream:75 - [STDERR_REDIRECT] [Fatal Error] :1:1: Premature end of file.
2025-03-05 08:02:17,086 [ERROR] LogOutputStream:75 - [STDERR_REDIRECT] 
2025-03-05 08:02:18,119 [ERROR] LogOutputStream:75 - [STDERR_REDIRECT] [Fatal Error] :1:1: Premature end of file.
2025-03-05 08:02:18,119 [ERROR] LogOutputStream:75 - [STDERR_REDIRECT] 
2025-03-05 08:02:19,119 [ERROR] LogOutputStream:75 - [STDERR_REDIRECT] [Fatal Error] :1:1: Premature end of file.
2025-03-05 08:02:19,119 [ERROR] LogOutputStream:75 - [STDERR_REDIRECT] 
2025-03-05 08:02:20,136 [ERROR] LogOutputStream:75 - [STDERR_REDIRECT] [Fatal Error] :1:1: Premature end of file.
2025-03-05 08:02:20,137 [ERROR] LogOutputStream:75 - [STDERR_REDIRECT] 
2025-03-05 08:02:21,129 [ERROR] LogOutputStream:75 - [STDERR_REDIRECT] [Fatal Error] :1:1: Premature end of file.
2025-03-05 08:02:21,130 [ERROR] LogOutputStream:75 - [STDERR_REDIRECT] 
2025-03-05 08:02:22,143 [ERROR] LogOutputStream:75 - [STDERR_REDIRECT] [Fatal Error] :1:1: Premature end of file.
2025-03-05 08:02:22,144 [ERROR] LogOutputStream:75 - [STDERR_REDIRECT] 
2025-03-05 08:02:23,122 [ERROR] LogOutputStream:75 - [STDERR_REDIRECT] [Fatal Error] :1:1: Premature end of file.
2025-03-05 08:02:23,123 [ERROR] LogOutputStream:75 - [STDERR_REDIRECT] 
2025-03-05 08:02:23,754 [INFO] I2cTimingTraitement:330 - 0x00201D2B
2025-03-05 08:02:24,099 [ERROR] LogOutputStream:75 - [STDERR_REDIRECT] [Fatal Error] :1:1: Premature end of file.
2025-03-05 08:02:24,099 [ERROR] LogOutputStream:75 - [STDERR_REDIRECT] 
2025-03-05 08:02:25,120 [ERROR] LogOutputStream:75 - [STDERR_REDIRECT] [Fatal Error] :1:1: Premature end of file.
2025-03-05 08:02:25,121 [ERROR] LogOutputStream:75 - [STDERR_REDIRECT] 
2025-03-05 08:02:26,140 [ERROR] LogOutputStream:75 - [STDERR_REDIRECT] [Fatal Error] :1:1: Premature end of file.
2025-03-05 08:02:26,140 [ERROR] LogOutputStream:75 - [STDERR_REDIRECT] 
2025-03-05 08:02:27,122 [ERROR] LogOutputStream:75 - [STDERR_REDIRECT] [Fatal Error] :1:1: Premature end of file.
2025-03-05 08:02:27,122 [ERROR] LogOutputStream:75 - [STDERR_REDIRECT] 
2025-03-05 08:02:28,136 [ERROR] LogOutputStream:75 - [STDERR_REDIRECT] [Fatal Error] :1:1: Premature end of file.
2025-03-05 08:02:28,137 [ERROR] LogOutputStream:75 - [STDERR_REDIRECT] 
2025-03-05 08:02:29,121 [ERROR] LogOutputStream:75 - [STDERR_REDIRECT] [Fatal Error] :1:1: Premature end of file.
2025-03-05 08:02:29,122 [ERROR] LogOutputStream:75 - [STDERR_REDIRECT] 
2025-03-05 08:02:30,115 [ERROR] LogOutputStream:75 - [STDERR_REDIRECT] [Fatal Error] :1:1: Premature end of file.
2025-03-05 08:02:30,116 [ERROR] LogOutputStream:75 - [STDERR_REDIRECT] 
2025-03-05 08:02:31,111 [ERROR] LogOutputStream:75 - [STDERR_REDIRECT] [Fatal Error] :1:1: Premature end of file.
2025-03-05 08:02:31,111 [ERROR] LogOutputStream:75 - [STDERR_REDIRECT] 
2025-03-05 08:02:32,118 [ERROR] LogOutputStream:75 - [STDERR_REDIRECT] [Fatal Error] :1:1: Premature end of file.
2025-03-05 08:02:32,118 [ERROR] LogOutputStream:75 - [STDERR_REDIRECT] 
2025-03-05 08:02:33,121 [ERROR] LogOutputStream:75 - [STDERR_REDIRECT] [Fatal Error] :1:1: Premature end of file.
2025-03-05 08:02:33,121 [ERROR] LogOutputStream:75 - [STDERR_REDIRECT] 
2025-03-05 08:02:34,126 [ERROR] LogOutputStream:75 - [STDERR_REDIRECT] [Fatal Error] :1:1: Premature end of file.
2025-03-05 08:02:34,126 [ERROR] LogOutputStream:75 - [STDERR_REDIRECT] 
2025-03-05 08:02:35,043 [INFO] UtilMem:75 - End SaveConfig() Used Memory: 701953168 Bytes (1073741824)
2025-03-05 08:02:35,145 [ERROR] LogOutputStream:75 - [STDERR_REDIRECT] [Fatal Error] :1:1: Premature end of file.
2025-03-05 08:02:35,146 [ERROR] LogOutputStream:75 - [STDERR_REDIRECT] 
2025-03-05 08:02:35,182 [INFO] UtilMem:75 - End SaveConfig() Used Memory: 721876112 Bytes (1073741824)
2025-03-05 08:02:35,547 [INFO] UtilMem:75 - End SaveConfig() Used Memory: 754904424 Bytes (1073741824)
2025-03-05 08:02:35,687 [INFO] BlockDiagram:2775 - set Specific Code input for plugin: SYS
2025-03-05 08:02:35,687 [INFO] BlockDiagram:2775 - set Specific Code input for plugin: RCC
2025-03-05 08:02:35,688 [INFO] BlockDiagram:2775 - set Specific Code input for plugin: I2C
2025-03-05 08:02:35,688 [INFO] BlockDiagram:2775 - set Specific Code input for plugin: NVIC
2025-03-05 08:02:35,688 [INFO] BlockDiagram:2775 - set Specific Code input for plugin: USART
2025-03-05 08:02:35,688 [INFO] BlockDiagram:2775 - set Specific Code input for plugin: GPIO
2025-03-05 08:02:35,689 [INFO] CodeGenerator:882 - code generatio: config db path: C:\ST\STM32CubeIDE_1.17.0\STM32CubeIDE\plugins\com.st.stm32cube.common.mx_6.14.0.202502271554\\db\
2025-03-05 08:02:35,793 [INFO] CodeEngine:263 - oldGeneratedFile, C:\Users\raj\Project\Project\Test\Display\2025_02_18_Fast_Display\MXTmpFiles\license.tmp_save
2025-03-05 08:02:35,863 [INFO] CodeEngine:287 - Generated code: C:\Users\raj\Project\Project\Test\Display\2025_02_18_Fast_Display\MXTmpFiles\license.tmp
2025-03-05 08:02:35,912 [INFO] CodeEngine:263 - oldGeneratedFile, C:\Users\raj\Project\Project\Test\Display\2025_02_18_Fast_Display\MXTmpFiles\gpio.tmp_save
2025-03-05 08:02:35,992 [INFO] CodeEngine:287 - Generated code: C:\Users\raj\Project\Project\Test\Display\2025_02_18_Fast_Display\MXTmpFiles\gpio.tmp
2025-03-05 08:02:36,103 [ERROR] LogOutputStream:75 - [STDERR_REDIRECT] [Fatal Error] :1:1: Premature end of file.
2025-03-05 08:02:36,103 [ERROR] LogOutputStream:75 - [STDERR_REDIRECT] 
2025-03-05 08:02:36,192 [INFO] CodeEngine:263 - oldGeneratedFile, C:\Users\raj\Project\Project\Test\Display\2025_02_18_Fast_Display\Core\Src\stm32f3xx_it.c_save
2025-03-05 08:02:36,292 [INFO] CodeEngine:287 - Generated code: C:\Users\raj\Project\Project\Test\Display\2025_02_18_Fast_Display\Core\Src\stm32f3xx_it.c
2025-03-05 08:02:36,315 [INFO] CodeEngine:263 - oldGeneratedFile, C:\Users\raj\Project\Project\Test\Display\2025_02_18_Fast_Display\Core\Inc\stm32f3xx_it.h_save
2025-03-05 08:02:36,385 [INFO] CodeEngine:287 - Generated code: C:\Users\raj\Project\Project\Test\Display\2025_02_18_Fast_Display\Core\Inc\stm32f3xx_it.h
2025-03-05 08:02:36,423 [INFO] CodeEngine:263 - oldGeneratedFile, C:\Users\raj\Project\Project\Test\Display\2025_02_18_Fast_Display\Core\Src\stm32f3xx_hal_msp.c_save
2025-03-05 08:02:36,521 [INFO] CodeEngine:287 - Generated code: C:\Users\raj\Project\Project\Test\Display\2025_02_18_Fast_Display\Core\Src\stm32f3xx_hal_msp.c
2025-03-05 08:02:36,533 [INFO] CodeEngine:263 - oldGeneratedFile, C:\Users\raj\Project\Project\Test\Display\2025_02_18_Fast_Display\MXTmpFiles\system.tmp_save
2025-03-05 08:02:36,596 [INFO] CodeEngine:287 - Generated code: C:\Users\raj\Project\Project\Test\Display\2025_02_18_Fast_Display\MXTmpFiles\system.tmp
2025-03-05 08:02:36,637 [INFO] CodeEngine:319 - oldGeneratedFile, C:\Users\raj\Project\Project\Test\Display\2025_02_18_Fast_Display\Core\Inc\stm32f3xx_hal_conf.h_save
2025-03-05 08:02:36,735 [INFO] CodeEngine:343 - Generated code: C:\Users\raj\Project\Project\Test\Display\2025_02_18_Fast_Display\Core\Inc\stm32f3xx_hal_conf.h
2025-03-05 08:02:36,764 [INFO] ApiDbMcu:508 - Load IP Config File for I2C2
2025-03-05 08:02:36,806 [INFO] CodeEngine:263 - oldGeneratedFile, C:\Users\raj\Project\Project\Test\Display\2025_02_18_Fast_Display\Core\Inc\main.h_save
2025-03-05 08:02:36,881 [INFO] CodeEngine:287 - Generated code: C:\Users\raj\Project\Project\Test\Display\2025_02_18_Fast_Display\Core\Inc\main.h
2025-03-05 08:02:36,902 [INFO] CodeEngine:263 - oldGeneratedFile, C:\Users\raj\Project\Project\Test\Display\2025_02_18_Fast_Display\Core\Src\main.c_save
2025-03-05 08:02:37,001 [INFO] CodeEngine:287 - Generated code: C:\Users\raj\Project\Project\Test\Display\2025_02_18_Fast_Display\Core\Src\main.c
2025-03-05 08:02:37,093 [ERROR] LogOutputStream:75 - [STDERR_REDIRECT] [Fatal Error] :1:1: Premature end of file.
2025-03-05 08:02:37,093 [ERROR] LogOutputStream:75 - [STDERR_REDIRECT] 
2025-03-05 08:02:37,198 [INFO] ProjectBuilder:3324 - Time for Copy HAL[1] : 100mS.
2025-03-05 08:02:37,201 [INFO] ProjectBuilder:4912 - Project Generator version: 4.6.0-B36
2025-03-05 08:02:37,250 [INFO] ConfigFileManager:1590 - The Die is : DIE446
2025-03-05 08:02:38,136 [ERROR] LogOutputStream:75 - [STDERR_REDIRECT] [Fatal Error] :1:1: Premature end of file.
2025-03-05 08:02:38,136 [ERROR] LogOutputStream:75 - [STDERR_REDIRECT] 
2025-03-05 08:02:39,116 [ERROR] LogOutputStream:75 - [STDERR_REDIRECT] [Fatal Error] :1:1: Premature end of file.
2025-03-05 08:02:39,116 [ERROR] LogOutputStream:75 - [STDERR_REDIRECT] 
2025-03-05 08:02:40,170 [ERROR] LogOutputStream:75 - [STDERR_REDIRECT] [Fatal Error] :1:1: Premature end of file.
2025-03-05 08:02:40,171 [ERROR] LogOutputStream:75 - [STDERR_REDIRECT] 
2025-03-05 08:02:40,633 [INFO] ProjectBuilder:5191 - Time for Generating toolchain IDE Files: 3431mS.
2025-03-05 08:02:40,633 [INFO] ProjectBuilder:3181 - Time for Copy CMSIS : 0mS.
2025-03-05 08:02:40,637 [INFO] ProjectBuilder:3181 - Time for Copy CMSIS : 0mS.
2025-03-05 08:02:41,124 [ERROR] LogOutputStream:75 - [STDERR_REDIRECT] [Fatal Error] :1:1: Premature end of file.
2025-03-05 08:02:41,124 [ERROR] LogOutputStream:75 - [STDERR_REDIRECT] 
2025-03-05 08:02:42,136 [ERROR] LogOutputStream:75 - [STDERR_REDIRECT] [Fatal Error] :1:1: Premature end of file.
2025-03-05 08:02:42,137 [ERROR] LogOutputStream:75 - [STDERR_REDIRECT] 
2025-03-05 08:02:43,140 [ERROR] LogOutputStream:75 - [STDERR_REDIRECT] [Fatal Error] :1:1: Premature end of file.
2025-03-05 08:02:43,141 [ERROR] LogOutputStream:75 - [STDERR_REDIRECT] 
2025-03-05 08:02:44,122 [ERROR] LogOutputStream:75 - [STDERR_REDIRECT] [Fatal Error] :1:1: Premature end of file.
2025-03-05 08:02:44,122 [ERROR] LogOutputStream:75 - [STDERR_REDIRECT] 
2025-03-05 08:02:45,115 [ERROR] LogOutputStream:75 - [STDERR_REDIRECT] [Fatal Error] :1:1: Premature end of file.
2025-03-05 08:02:45,115 [ERROR] LogOutputStream:75 - [STDERR_REDIRECT] 
2025-03-05 08:02:46,083 [ERROR] LogOutputStream:75 - [STDERR_REDIRECT] [Fatal Error] :1:1: Premature end of file.
2025-03-05 08:02:46,083 [ERROR] LogOutputStream:75 - [STDERR_REDIRECT] 
2025-03-05 08:02:47,076 [ERROR] LogOutputStream:75 - [STDERR_REDIRECT] [Fatal Error] :1:1: Premature end of file.
2025-03-05 08:02:47,077 [ERROR] LogOutputStream:75 - [STDERR_REDIRECT] 
2025-03-05 08:02:48,077 [ERROR] LogOutputStream:75 - [STDERR_REDIRECT] [Fatal Error] :1:1: Premature end of file.
2025-03-05 08:02:48,077 [ERROR] LogOutputStream:75 - [STDERR_REDIRECT] 
2025-03-05 08:02:49,104 [ERROR] LogOutputStream:75 - [STDERR_REDIRECT] [Fatal Error] :1:1: Premature end of file.
2025-03-05 08:02:49,105 [ERROR] LogOutputStream:75 - [STDERR_REDIRECT] 
2025-03-05 08:02:50,122 [ERROR] LogOutputStream:75 - [STDERR_REDIRECT] [Fatal Error] :1:1: Premature end of file.
2025-03-05 08:02:50,122 [ERROR] LogOutputStream:75 - [STDERR_REDIRECT] 
2025-03-05 08:02:51,129 [ERROR] LogOutputStream:75 - [STDERR_REDIRECT] [Fatal Error] :1:1: Premature end of file.
2025-03-05 08:02:51,130 [ERROR] LogOutputStream:75 - [STDERR_REDIRECT] 
2025-03-05 08:02:52,119 [ERROR] LogOutputStream:75 - [STDERR_REDIRECT] [Fatal Error] :1:1: Premature end of file.
2025-03-05 08:02:52,119 [ERROR] LogOutputStream:75 - [STDERR_REDIRECT] 
2025-03-05 08:02:53,118 [ERROR] LogOutputStream:75 - [STDERR_REDIRECT] [Fatal Error] :1:1: Premature end of file.
2025-03-05 08:02:53,119 [ERROR] LogOutputStream:75 - [STDERR_REDIRECT] 
2025-03-05 08:02:54,127 [ERROR] LogOutputStream:75 - [STDERR_REDIRECT] [Fatal Error] :1:1: Premature end of file.
2025-03-05 08:02:54,127 [ERROR] LogOutputStream:75 - [STDERR_REDIRECT] 
2025-03-05 08:02:55,115 [ERROR] LogOutputStream:75 - [STDERR_REDIRECT] [Fatal Error] :1:1: Premature end of file.
2025-03-05 08:02:55,116 [ERROR] LogOutputStream:75 - [STDERR_REDIRECT] 
2025-03-05 08:02:56,121 [ERROR] LogOutputStream:75 - [STDERR_REDIRECT] [Fatal Error] :1:1: Premature end of file.
2025-03-05 08:02:56,121 [ERROR] LogOutputStream:75 - [STDERR_REDIRECT] 
2025-03-05 08:02:57,120 [ERROR] LogOutputStream:75 - [STDERR_REDIRECT] [Fatal Error] :1:1: Premature end of file.
2025-03-05 08:02:57,120 [ERROR] LogOutputStream:75 - [STDERR_REDIRECT] 
2025-03-05 08:02:58,120 [ERROR] LogOutputStream:75 - [STDERR_REDIRECT] [Fatal Error] :1:1: Premature end of file.
2025-03-05 08:02:58,121 [ERROR] LogOutputStream:75 - [STDERR_REDIRECT] 
2025-03-05 08:02:59,113 [ERROR] LogOutputStream:75 - [STDERR_REDIRECT] [Fatal Error] :1:1: Premature end of file.
2025-03-05 08:02:59,113 [ERROR] LogOutputStream:75 - [STDERR_REDIRECT] 
2025-03-05 08:03:00,114 [ERROR] LogOutputStream:75 - [STDERR_REDIRECT] [Fatal Error] :1:1: Premature end of file.
2025-03-05 08:03:00,115 [ERROR] LogOutputStream:75 - [STDERR_REDIRECT] 
2025-03-05 08:03:01,122 [ERROR] LogOutputStream:75 - [STDERR_REDIRECT] [Fatal Error] :1:1: Premature end of file.
2025-03-05 08:03:01,123 [ERROR] LogOutputStream:75 - [STDERR_REDIRECT] 
2025-03-05 08:03:02,119 [ERROR] LogOutputStream:75 - [STDERR_REDIRECT] [Fatal Error] :1:1: Premature end of file.
2025-03-05 08:03:02,119 [ERROR] LogOutputStream:75 - [STDERR_REDIRECT] 
2025-03-05 08:03:03,117 [ERROR] LogOutputStream:75 - [STDERR_REDIRECT] [Fatal Error] :1:1: Premature end of file.
2025-03-05 08:03:03,118 [ERROR] LogOutputStream:75 - [STDERR_REDIRECT] 
2025-03-05 08:03:04,119 [ERROR] LogOutputStream:75 - [STDERR_REDIRECT] [Fatal Error] :1:1: Premature end of file.
2025-03-05 08:03:04,120 [ERROR] LogOutputStream:75 - [STDERR_REDIRECT] 
2025-03-05 08:03:05,124 [ERROR] LogOutputStream:75 - [STDERR_REDIRECT] [Fatal Error] :1:1: Premature end of file.
2025-03-05 08:03:05,126 [ERROR] LogOutputStream:75 - [STDERR_REDIRECT] 
2025-03-05 08:03:06,121 [ERROR] LogOutputStream:75 - [STDERR_REDIRECT] [Fatal Error] :1:1: Premature end of file.
2025-03-05 08:03:06,121 [ERROR] LogOutputStream:75 - [STDERR_REDIRECT] 
2025-03-05 08:03:07,144 [ERROR] LogOutputStream:75 - [STDERR_REDIRECT] [Fatal Error] :1:1: Premature end of file.
2025-03-05 08:03:07,145 [ERROR] LogOutputStream:75 - [STDERR_REDIRECT] 
2025-03-05 08:03:08,126 [ERROR] LogOutputStream:75 - [STDERR_REDIRECT] [Fatal Error] :1:1: Premature end of file.
2025-03-05 08:03:08,127 [ERROR] LogOutputStream:75 - [STDERR_REDIRECT] 
2025-03-05 08:03:09,126 [ERROR] LogOutputStream:75 - [STDERR_REDIRECT] [Fatal Error] :1:1: Premature end of file.
2025-03-05 08:03:09,126 [ERROR] LogOutputStream:75 - [STDERR_REDIRECT] 
2025-03-05 08:03:10,125 [ERROR] LogOutputStream:75 - [STDERR_REDIRECT] [Fatal Error] :1:1: Premature end of file.
2025-03-05 08:03:10,125 [ERROR] LogOutputStream:75 - [STDERR_REDIRECT] 
2025-03-05 08:03:11,119 [ERROR] LogOutputStream:75 - [STDERR_REDIRECT] [Fatal Error] :1:1: Premature end of file.
2025-03-05 08:03:11,119 [ERROR] LogOutputStream:75 - [STDERR_REDIRECT] 
2025-03-05 08:03:12,127 [ERROR] LogOutputStream:75 - [STDERR_REDIRECT] [Fatal Error] :1:1: Premature end of file.
2025-03-05 08:03:12,128 [ERROR] LogOutputStream:75 - [STDERR_REDIRECT] 
2025-03-05 08:03:13,122 [ERROR] LogOutputStream:75 - [STDERR_REDIRECT] [Fatal Error] :1:1: Premature end of file.
2025-03-05 08:03:13,122 [ERROR] LogOutputStream:75 - [STDERR_REDIRECT] 
2025-03-05 08:03:14,120 [ERROR] LogOutputStream:75 - [STDERR_REDIRECT] [Fatal Error] :1:1: Premature end of file.
2025-03-05 08:03:14,121 [ERROR] LogOutputStream:75 - [STDERR_REDIRECT] 
2025-03-05 08:03:15,115 [ERROR] LogOutputStream:75 - [STDERR_REDIRECT] [Fatal Error] :1:1: Premature end of file.
2025-03-05 08:03:15,115 [ERROR] LogOutputStream:75 - [STDERR_REDIRECT] 
2025-03-05 08:03:16,146 [ERROR] LogOutputStream:75 - [STDERR_REDIRECT] [Fatal Error] :1:1: Premature end of file.
2025-03-05 08:03:16,146 [ERROR] LogOutputStream:75 - [STDERR_REDIRECT] 
2025-03-05 08:03:17,119 [ERROR] LogOutputStream:75 - [STDERR_REDIRECT] [Fatal Error] :1:1: Premature end of file.
2025-03-05 08:03:17,119 [ERROR] LogOutputStream:75 - [STDERR_REDIRECT] 
2025-03-05 08:03:18,120 [ERROR] LogOutputStream:75 - [STDERR_REDIRECT] [Fatal Error] :1:1: Premature end of file.
2025-03-05 08:03:18,120 [ERROR] LogOutputStream:75 - [STDERR_REDIRECT] 
2025-03-05 08:03:19,135 [ERROR] LogOutputStream:75 - [STDERR_REDIRECT] [Fatal Error] :1:1: Premature end of file.
2025-03-05 08:03:19,136 [ERROR] LogOutputStream:75 - [STDERR_REDIRECT] 
2025-03-05 08:03:20,127 [ERROR] LogOutputStream:75 - [STDERR_REDIRECT] [Fatal Error] :1:1: Premature end of file.
2025-03-05 08:03:20,127 [ERROR] LogOutputStream:75 - [STDERR_REDIRECT] 
2025-03-05 08:03:21,123 [ERROR] LogOutputStream:75 - [STDERR_REDIRECT] [Fatal Error] :1:1: Premature end of file.
2025-03-05 08:03:21,123 [ERROR] LogOutputStream:75 - [STDERR_REDIRECT] 
2025-03-05 08:03:22,123 [ERROR] LogOutputStream:75 - [STDERR_REDIRECT] [Fatal Error] :1:1: Premature end of file.
2025-03-05 08:03:22,123 [ERROR] LogOutputStream:75 - [STDERR_REDIRECT] 
2025-03-05 08:03:23,119 [ERROR] LogOutputStream:75 - [STDERR_REDIRECT] [Fatal Error] :1:1: Premature end of file.
2025-03-05 08:03:23,119 [ERROR] LogOutputStream:75 - [STDERR_REDIRECT] 
2025-03-05 08:03:24,120 [ERROR] LogOutputStream:75 - [STDERR_REDIRECT] [Fatal Error] :1:1: Premature end of file.
2025-03-05 08:03:24,120 [ERROR] LogOutputStream:75 - [STDERR_REDIRECT] 
2025-03-05 08:03:25,137 [ERROR] LogOutputStream:75 - [STDERR_REDIRECT] [Fatal Error] :1:1: Premature end of file.
2025-03-05 08:03:25,137 [ERROR] LogOutputStream:75 - [STDERR_REDIRECT] 
2025-03-05 08:03:26,104 [ERROR] LogOutputStream:75 - [STDERR_REDIRECT] [Fatal Error] :1:1: Premature end of file.
2025-03-05 08:03:26,104 [ERROR] LogOutputStream:75 - [STDERR_REDIRECT] 
2025-03-05 08:03:27,079 [ERROR] LogOutputStream:75 - [STDERR_REDIRECT] [Fatal Error] :1:1: Premature end of file.
2025-03-05 08:03:27,079 [ERROR] LogOutputStream:75 - [STDERR_REDIRECT] 
2025-03-05 08:03:28,122 [ERROR] LogOutputStream:75 - [STDERR_REDIRECT] [Fatal Error] :1:1: Premature end of file.
2025-03-05 08:03:28,122 [ERROR] LogOutputStream:75 - [STDERR_REDIRECT] 
2025-03-05 08:03:29,121 [ERROR] LogOutputStream:75 - [STDERR_REDIRECT] [Fatal Error] :1:1: Premature end of file.
2025-03-05 08:03:29,121 [ERROR] LogOutputStream:75 - [STDERR_REDIRECT] 
2025-03-05 08:03:30,115 [ERROR] LogOutputStream:75 - [STDERR_REDIRECT] [Fatal Error] :1:1: Premature end of file.
2025-03-05 08:03:30,115 [ERROR] LogOutputStream:75 - [STDERR_REDIRECT] 
2025-03-05 08:03:31,129 [ERROR] LogOutputStream:75 - [STDERR_REDIRECT] [Fatal Error] :1:1: Premature end of file.
2025-03-05 08:03:31,130 [ERROR] LogOutputStream:75 - [STDERR_REDIRECT] 
2025-03-05 08:03:32,129 [ERROR] LogOutputStream:75 - [STDERR_REDIRECT] [Fatal Error] :1:1: Premature end of file.
2025-03-05 08:03:32,129 [ERROR] LogOutputStream:75 - [STDERR_REDIRECT] 
2025-03-05 08:03:33,113 [ERROR] LogOutputStream:75 - [STDERR_REDIRECT] [Fatal Error] :1:1: Premature end of file.
2025-03-05 08:03:33,113 [ERROR] LogOutputStream:75 - [STDERR_REDIRECT] 
2025-03-05 08:03:34,128 [ERROR] LogOutputStream:75 - [STDERR_REDIRECT] [Fatal Error] :1:1: Premature end of file.
2025-03-05 08:03:34,128 [ERROR] LogOutputStream:75 - [STDERR_REDIRECT] 
2025-03-05 08:03:35,113 [ERROR] LogOutputStream:75 - [STDERR_REDIRECT] [Fatal Error] :1:1: Premature end of file.
2025-03-05 08:03:35,113 [ERROR] LogOutputStream:75 - [STDERR_REDIRECT] 
2025-03-05 08:03:36,112 [ERROR] LogOutputStream:75 - [STDERR_REDIRECT] [Fatal Error] :1:1: Premature end of file.
2025-03-05 08:03:36,112 [ERROR] LogOutputStream:75 - [STDERR_REDIRECT] 
2025-03-05 08:03:37,122 [ERROR] LogOutputStream:75 - [STDERR_REDIRECT] [Fatal Error] :1:1: Premature end of file.
2025-03-05 08:03:37,122 [ERROR] LogOutputStream:75 - [STDERR_REDIRECT] 
2025-03-05 08:03:38,119 [ERROR] LogOutputStream:75 - [STDERR_REDIRECT] [Fatal Error] :1:1: Premature end of file.
2025-03-05 08:03:38,119 [ERROR] LogOutputStream:75 - [STDERR_REDIRECT] 
2025-03-05 08:03:39,122 [ERROR] LogOutputStream:75 - [STDERR_REDIRECT] [Fatal Error] :1:1: Premature end of file.
2025-03-05 08:03:39,122 [ERROR] LogOutputStream:75 - [STDERR_REDIRECT] 
2025-03-05 08:03:40,125 [ERROR] LogOutputStream:75 - [STDERR_REDIRECT] [Fatal Error] :1:1: Premature end of file.
2025-03-05 08:03:40,125 [ERROR] LogOutputStream:75 - [STDERR_REDIRECT] 
2025-03-05 08:03:41,115 [ERROR] LogOutputStream:75 - [STDERR_REDIRECT] [Fatal Error] :1:1: Premature end of file.
2025-03-05 08:03:41,115 [ERROR] LogOutputStream:75 - [STDERR_REDIRECT] 
2025-03-05 08:03:42,126 [ERROR] LogOutputStream:75 - [STDERR_REDIRECT] [Fatal Error] :1:1: Premature end of file.
2025-03-05 08:03:42,126 [ERROR] LogOutputStream:75 - [STDERR_REDIRECT] 
2025-03-05 08:03:43,117 [ERROR] LogOutputStream:75 - [STDERR_REDIRECT] [Fatal Error] :1:1: Premature end of file.
2025-03-05 08:03:43,118 [ERROR] LogOutputStream:75 - [STDERR_REDIRECT] 
2025-03-05 08:03:44,124 [ERROR] LogOutputStream:75 - [STDERR_REDIRECT] [Fatal Error] :1:1: Premature end of file.
2025-03-05 08:03:44,125 [ERROR] LogOutputStream:75 - [STDERR_REDIRECT] 
2025-03-05 08:03:45,132 [ERROR] LogOutputStream:75 - [STDERR_REDIRECT] [Fatal Error] :1:1: Premature end of file.
2025-03-05 08:03:45,132 [ERROR] LogOutputStream:75 - [STDERR_REDIRECT] 
2025-03-05 08:03:46,126 [ERROR] LogOutputStream:75 - [STDERR_REDIRECT] [Fatal Error] :1:1: Premature end of file.
2025-03-05 08:03:46,127 [ERROR] LogOutputStream:75 - [STDERR_REDIRECT] 
2025-03-05 08:03:47,118 [ERROR] LogOutputStream:75 - [STDERR_REDIRECT] [Fatal Error] :1:1: Premature end of file.
2025-03-05 08:03:47,119 [ERROR] LogOutputStream:75 - [STDERR_REDIRECT] 
2025-03-05 08:03:48,123 [ERROR] LogOutputStream:75 - [STDERR_REDIRECT] [Fatal Error] :1:1: Premature end of file.
2025-03-05 08:03:48,123 [ERROR] LogOutputStream:75 - [STDERR_REDIRECT] 
2025-03-05 08:03:49,122 [ERROR] LogOutputStream:75 - [STDERR_REDIRECT] [Fatal Error] :1:1: Premature end of file.
2025-03-05 08:03:49,122 [ERROR] LogOutputStream:75 - [STDERR_REDIRECT] 
2025-03-05 08:03:50,124 [ERROR] LogOutputStream:75 - [STDERR_REDIRECT] [Fatal Error] :1:1: Premature end of file.
2025-03-05 08:03:50,124 [ERROR] LogOutputStream:75 - [STDERR_REDIRECT] 
2025-03-05 08:03:51,122 [ERROR] LogOutputStream:75 - [STDERR_REDIRECT] [Fatal Error] :1:1: Premature end of file.
2025-03-05 08:03:51,123 [ERROR] LogOutputStream:75 - [STDERR_REDIRECT] 
2025-03-05 08:03:52,122 [ERROR] LogOutputStream:75 - [STDERR_REDIRECT] [Fatal Error] :1:1: Premature end of file.
2025-03-05 08:03:52,122 [ERROR] LogOutputStream:75 - [STDERR_REDIRECT] 
2025-03-05 08:03:53,115 [ERROR] LogOutputStream:75 - [STDERR_REDIRECT] [Fatal Error] :1:1: Premature end of file.
2025-03-05 08:03:53,115 [ERROR] LogOutputStream:75 - [STDERR_REDIRECT] 
2025-03-05 08:03:54,117 [ERROR] LogOutputStream:75 - [STDERR_REDIRECT] [Fatal Error] :1:1: Premature end of file.
2025-03-05 08:03:54,117 [ERROR] LogOutputStream:75 - [STDERR_REDIRECT] 
2025-03-05 08:03:55,129 [ERROR] LogOutputStream:75 - [STDERR_REDIRECT] [Fatal Error] :1:1: Premature end of file.
2025-03-05 08:03:55,130 [ERROR] LogOutputStream:75 - [STDERR_REDIRECT] 
2025-03-05 08:03:56,117 [ERROR] LogOutputStream:75 - [STDERR_REDIRECT] [Fatal Error] :1:1: Premature end of file.
2025-03-05 08:03:56,117 [ERROR] LogOutputStream:75 - [STDERR_REDIRECT] 
2025-03-05 08:03:57,125 [ERROR] LogOutputStream:75 - [STDERR_REDIRECT] [Fatal Error] :1:1: Premature end of file.
2025-03-05 08:03:57,126 [ERROR] LogOutputStream:75 - [STDERR_REDIRECT] 
2025-03-05 08:03:58,123 [ERROR] LogOutputStream:75 - [STDERR_REDIRECT] [Fatal Error] :1:1: Premature end of file.
2025-03-05 08:03:58,124 [ERROR] LogOutputStream:75 - [STDERR_REDIRECT] 
2025-03-05 08:03:59,124 [ERROR] LogOutputStream:75 - [STDERR_REDIRECT] [Fatal Error] :1:1: Premature end of file.
2025-03-05 08:03:59,125 [ERROR] LogOutputStream:75 - [STDERR_REDIRECT] 
2025-03-05 08:04:00,123 [ERROR] LogOutputStream:75 - [STDERR_REDIRECT] [Fatal Error] :1:1: Premature end of file.
2025-03-05 08:04:00,123 [ERROR] LogOutputStream:75 - [STDERR_REDIRECT] 
2025-03-05 08:04:01,125 [ERROR] LogOutputStream:75 - [STDERR_REDIRECT] [Fatal Error] :1:1: Premature end of file.
2025-03-05 08:04:01,125 [ERROR] LogOutputStream:75 - [STDERR_REDIRECT] 
2025-03-05 08:04:02,114 [ERROR] LogOutputStream:75 - [STDERR_REDIRECT] [Fatal Error] :1:1: Premature end of file.
2025-03-05 08:04:02,115 [ERROR] LogOutputStream:75 - [STDERR_REDIRECT] 
2025-03-05 08:04:03,117 [ERROR] LogOutputStream:75 - [STDERR_REDIRECT] [Fatal Error] :1:1: Premature end of file.
2025-03-05 08:04:03,118 [ERROR] LogOutputStream:75 - [STDERR_REDIRECT] 
2025-03-05 08:04:04,119 [ERROR] LogOutputStream:75 - [STDERR_REDIRECT] [Fatal Error] :1:1: Premature end of file.
2025-03-05 08:04:04,119 [ERROR] LogOutputStream:75 - [STDERR_REDIRECT] 
2025-03-05 08:04:05,112 [ERROR] LogOutputStream:75 - [STDERR_REDIRECT] [Fatal Error] :1:1: Premature end of file.
2025-03-05 08:04:05,113 [ERROR] LogOutputStream:75 - [STDERR_REDIRECT] 
2025-03-05 08:04:06,115 [ERROR] LogOutputStream:75 - [STDERR_REDIRECT] [Fatal Error] :1:1: Premature end of file.
2025-03-05 08:04:06,115 [ERROR] LogOutputStream:75 - [STDERR_REDIRECT] 
2025-03-05 08:04:07,122 [ERROR] LogOutputStream:75 - [STDERR_REDIRECT] [Fatal Error] :1:1: Premature end of file.
2025-03-05 08:04:07,123 [ERROR] LogOutputStream:75 - [STDERR_REDIRECT] 
2025-03-05 08:04:08,128 [ERROR] LogOutputStream:75 - [STDERR_REDIRECT] [Fatal Error] :1:1: Premature end of file.
2025-03-05 08:04:08,128 [ERROR] LogOutputStream:75 - [STDERR_REDIRECT] 
2025-03-05 08:04:09,138 [ERROR] LogOutputStream:75 - [STDERR_REDIRECT] [Fatal Error] :1:1: Premature end of file.
2025-03-05 08:04:09,139 [ERROR] LogOutputStream:75 - [STDERR_REDIRECT] 
2025-03-05 08:04:10,122 [ERROR] LogOutputStream:75 - [STDERR_REDIRECT] [Fatal Error] :1:1: Premature end of file.
2025-03-05 08:04:10,122 [ERROR] LogOutputStream:75 - [STDERR_REDIRECT] 
2025-03-05 08:04:11,122 [ERROR] LogOutputStream:75 - [STDERR_REDIRECT] [Fatal Error] :1:1: Premature end of file.
2025-03-05 08:04:11,122 [ERROR] LogOutputStream:75 - [STDERR_REDIRECT] 
2025-03-05 08:04:12,137 [ERROR] LogOutputStream:75 - [STDERR_REDIRECT] [Fatal Error] :1:1: Premature end of file.
2025-03-05 08:04:12,138 [ERROR] LogOutputStream:75 - [STDERR_REDIRECT] 
2025-03-05 08:04:13,133 [ERROR] LogOutputStream:75 - [STDERR_REDIRECT] [Fatal Error] :1:1: Premature end of file.
2025-03-05 08:04:13,134 [ERROR] LogOutputStream:75 - [STDERR_REDIRECT] 
2025-03-05 08:04:14,122 [ERROR] LogOutputStream:75 - [STDERR_REDIRECT] [Fatal Error] :1:1: Premature end of file.
2025-03-05 08:04:14,123 [ERROR] LogOutputStream:75 - [STDERR_REDIRECT] 
2025-03-05 08:04:15,110 [ERROR] LogOutputStream:75 - [STDERR_REDIRECT] [Fatal Error] :1:1: Premature end of file.
2025-03-05 08:04:15,110 [ERROR] LogOutputStream:75 - [STDERR_REDIRECT] 
2025-03-05 08:04:16,120 [ERROR] LogOutputStream:75 - [STDERR_REDIRECT] [Fatal Error] :1:1: Premature end of file.
2025-03-05 08:04:16,121 [ERROR] LogOutputStream:75 - [STDERR_REDIRECT] 
2025-03-05 08:04:17,098 [ERROR] LogOutputStream:75 - [STDERR_REDIRECT] [Fatal Error] :1:1: Premature end of file.
2025-03-05 08:04:17,098 [ERROR] LogOutputStream:75 - [STDERR_REDIRECT] 
2025-03-05 08:04:18,120 [ERROR] LogOutputStream:75 - [STDERR_REDIRECT] [Fatal Error] :1:1: Premature end of file.
2025-03-05 08:04:18,121 [ERROR] LogOutputStream:75 - [STDERR_REDIRECT] 
2025-03-05 08:04:19,121 [ERROR] LogOutputStream:75 - [STDERR_REDIRECT] [Fatal Error] :1:1: Premature end of file.
2025-03-05 08:04:19,121 [ERROR] LogOutputStream:75 - [STDERR_REDIRECT] 
2025-03-05 08:04:20,120 [ERROR] LogOutputStream:75 - [STDERR_REDIRECT] [Fatal Error] :1:1: Premature end of file.
2025-03-05 08:04:20,120 [ERROR] LogOutputStream:75 - [STDERR_REDIRECT] 
2025-03-05 08:04:21,122 [ERROR] LogOutputStream:75 - [STDERR_REDIRECT] [Fatal Error] :1:1: Premature end of file.
2025-03-05 08:04:21,123 [ERROR] LogOutputStream:75 - [STDERR_REDIRECT] 
2025-03-05 08:04:22,123 [ERROR] LogOutputStream:75 - [STDERR_REDIRECT] [Fatal Error] :1:1: Premature end of file.
2025-03-05 08:04:22,124 [ERROR] LogOutputStream:75 - [STDERR_REDIRECT] 
2025-03-05 08:04:23,125 [ERROR] LogOutputStream:75 - [STDERR_REDIRECT] [Fatal Error] :1:1: Premature end of file.
2025-03-05 08:04:23,125 [ERROR] LogOutputStream:75 - [STDERR_REDIRECT] 
2025-03-05 08:04:24,116 [ERROR] LogOutputStream:75 - [STDERR_REDIRECT] [Fatal Error] :1:1: Premature end of file.
2025-03-05 08:04:24,116 [ERROR] LogOutputStream:75 - [STDERR_REDIRECT] 
2025-03-05 08:04:25,116 [ERROR] LogOutputStream:75 - [STDERR_REDIRECT] [Fatal Error] :1:1: Premature end of file.
2025-03-05 08:04:25,116 [ERROR] LogOutputStream:75 - [STDERR_REDIRECT] 
2025-03-05 08:04:26,126 [ERROR] LogOutputStream:75 - [STDERR_REDIRECT] [Fatal Error] :1:1: Premature end of file.
2025-03-05 08:04:26,127 [ERROR] LogOutputStream:75 - [STDERR_REDIRECT] 
2025-03-05 08:04:27,081 [ERROR] LogOutputStream:75 - [STDERR_REDIRECT] [Fatal Error] :1:1: Premature end of file.
2025-03-05 08:04:27,081 [ERROR] LogOutputStream:75 - [STDERR_REDIRECT] 
2025-03-05 08:04:28,087 [ERROR] LogOutputStream:75 - [STDERR_REDIRECT] [Fatal Error] :1:1: Premature end of file.
2025-03-05 08:04:28,087 [ERROR] LogOutputStream:75 - [STDERR_REDIRECT] 
2025-03-05 08:04:29,115 [ERROR] LogOutputStream:75 - [STDERR_REDIRECT] [Fatal Error] :1:1: Premature end of file.
2025-03-05 08:04:29,116 [ERROR] LogOutputStream:75 - [STDERR_REDIRECT] 
2025-03-05 08:04:30,121 [ERROR] LogOutputStream:75 - [STDERR_REDIRECT] [Fatal Error] :1:1: Premature end of file.
2025-03-05 08:04:30,122 [ERROR] LogOutputStream:75 - [STDERR_REDIRECT] 
2025-03-05 08:04:31,127 [ERROR] LogOutputStream:75 - [STDERR_REDIRECT] [Fatal Error] :1:1: Premature end of file.
2025-03-05 08:04:31,128 [ERROR] LogOutputStream:75 - [STDERR_REDIRECT] 
2025-03-05 08:04:32,157 [ERROR] LogOutputStream:75 - [STDERR_REDIRECT] [Fatal Error] :1:1: Premature end of file.
2025-03-05 08:04:32,158 [ERROR] LogOutputStream:75 - [STDERR_REDIRECT] 
2025-03-05 08:04:33,134 [ERROR] LogOutputStream:75 - [STDERR_REDIRECT] [Fatal Error] :1:1: Premature end of file.
2025-03-05 08:04:33,135 [ERROR] LogOutputStream:75 - [STDERR_REDIRECT] 
2025-03-05 08:04:34,130 [ERROR] LogOutputStream:75 - [STDERR_REDIRECT] [Fatal Error] :1:1: Premature end of file.
2025-03-05 08:04:34,130 [ERROR] LogOutputStream:75 - [STDERR_REDIRECT] 
2025-03-05 08:04:35,131 [ERROR] LogOutputStream:75 - [STDERR_REDIRECT] [Fatal Error] :1:1: Premature end of file.
2025-03-05 08:04:35,131 [ERROR] LogOutputStream:75 - [STDERR_REDIRECT] 
2025-03-05 08:04:36,085 [ERROR] LogOutputStream:75 - [STDERR_REDIRECT] [Fatal Error] :1:1: Premature end of file.
2025-03-05 08:04:36,085 [ERROR] LogOutputStream:75 - [STDERR_REDIRECT] 
2025-03-05 08:04:37,124 [ERROR] LogOutputStream:75 - [STDERR_REDIRECT] [Fatal Error] :1:1: Premature end of file.
2025-03-05 08:04:37,127 [ERROR] LogOutputStream:75 - [STDERR_REDIRECT] 
2025-03-05 08:04:38,126 [ERROR] LogOutputStream:75 - [STDERR_REDIRECT] [Fatal Error] :1:1: Premature end of file.
2025-03-05 08:04:38,126 [ERROR] LogOutputStream:75 - [STDERR_REDIRECT] 
2025-03-05 08:04:39,096 [ERROR] LogOutputStream:75 - [STDERR_REDIRECT] [Fatal Error] :1:1: Premature end of file.
2025-03-05 08:04:39,097 [ERROR] LogOutputStream:75 - [STDERR_REDIRECT] 
2025-03-05 08:04:40,120 [ERROR] LogOutputStream:75 - [STDERR_REDIRECT] [Fatal Error] :1:1: Premature end of file.
2025-03-05 08:04:40,120 [ERROR] LogOutputStream:75 - [STDERR_REDIRECT] 
2025-03-05 08:04:41,145 [ERROR] LogOutputStream:75 - [STDERR_REDIRECT] [Fatal Error] :1:1: Premature end of file.
2025-03-05 08:04:41,145 [ERROR] LogOutputStream:75 - [STDERR_REDIRECT] 
2025-03-05 08:04:42,148 [ERROR] LogOutputStream:75 - [STDERR_REDIRECT] [Fatal Error] :1:1: Premature end of file.
2025-03-05 08:04:42,149 [ERROR] LogOutputStream:75 - [STDERR_REDIRECT] 
2025-03-05 08:04:43,135 [ERROR] LogOutputStream:75 - [STDERR_REDIRECT] [Fatal Error] :1:1: Premature end of file.
2025-03-05 08:04:43,135 [ERROR] LogOutputStream:75 - [STDERR_REDIRECT] 
2025-03-05 08:04:44,144 [ERROR] LogOutputStream:75 - [STDERR_REDIRECT] [Fatal Error] :1:1: Premature end of file.
2025-03-05 08:04:44,145 [ERROR] LogOutputStream:75 - [STDERR_REDIRECT] 
2025-03-05 08:04:45,146 [ERROR] LogOutputStream:75 - [STDERR_REDIRECT] [Fatal Error] :1:1: Premature end of file.
2025-03-05 08:04:45,147 [ERROR] LogOutputStream:75 - [STDERR_REDIRECT] 
2025-03-05 08:04:46,157 [ERROR] LogOutputStream:75 - [STDERR_REDIRECT] [Fatal Error] :1:1: Premature end of file.
2025-03-05 08:04:46,158 [ERROR] LogOutputStream:75 - [STDERR_REDIRECT] 
2025-03-05 08:04:47,125 [ERROR] LogOutputStream:75 - [STDERR_REDIRECT] [Fatal Error] :1:1: Premature end of file.
2025-03-05 08:04:47,127 [ERROR] LogOutputStream:75 - [STDERR_REDIRECT] 
2025-03-05 08:04:48,145 [ERROR] LogOutputStream:75 - [STDERR_REDIRECT] [Fatal Error] :1:1: Premature end of file.
2025-03-05 08:04:48,146 [ERROR] LogOutputStream:75 - [STDERR_REDIRECT] 
2025-03-05 08:04:49,139 [ERROR] LogOutputStream:75 - [STDERR_REDIRECT] [Fatal Error] :1:1: Premature end of file.
2025-03-05 08:04:49,140 [ERROR] LogOutputStream:75 - [STDERR_REDIRECT] 
2025-03-05 08:04:50,132 [ERROR] LogOutputStream:75 - [STDERR_REDIRECT] [Fatal Error] :1:1: Premature end of file.
2025-03-05 08:04:50,133 [ERROR] LogOutputStream:75 - [STDERR_REDIRECT] 
2025-03-05 08:04:51,124 [ERROR] LogOutputStream:75 - [STDERR_REDIRECT] [Fatal Error] :1:1: Premature end of file.
2025-03-05 08:04:51,125 [ERROR] LogOutputStream:75 - [STDERR_REDIRECT] 
2025-03-05 08:04:52,120 [ERROR] LogOutputStream:75 - [STDERR_REDIRECT] [Fatal Error] :1:1: Premature end of file.
2025-03-05 08:04:52,121 [ERROR] LogOutputStream:75 - [STDERR_REDIRECT] 
2025-03-05 08:04:53,131 [ERROR] LogOutputStream:75 - [STDERR_REDIRECT] [Fatal Error] :1:1: Premature end of file.
2025-03-05 08:04:53,131 [ERROR] LogOutputStream:75 - [STDERR_REDIRECT] 
2025-03-05 08:04:54,141 [ERROR] LogOutputStream:75 - [STDERR_REDIRECT] [Fatal Error] :1:1: Premature end of file.
2025-03-05 08:04:54,141 [ERROR] LogOutputStream:75 - [STDERR_REDIRECT] 
2025-03-05 08:04:55,127 [ERROR] LogOutputStream:75 - [STDERR_REDIRECT] [Fatal Error] :1:1: Premature end of file.
2025-03-05 08:04:55,128 [ERROR] LogOutputStream:75 - [STDERR_REDIRECT] 
2025-03-05 08:04:56,118 [ERROR] LogOutputStream:75 - [STDERR_REDIRECT] [Fatal Error] :1:1: Premature end of file.
2025-03-05 08:04:56,118 [ERROR] LogOutputStream:75 - [STDERR_REDIRECT] 
2025-03-05 08:04:57,112 [ERROR] LogOutputStream:75 - [STDERR_REDIRECT] [Fatal Error] :1:1: Premature end of file.
2025-03-05 08:04:57,113 [ERROR] LogOutputStream:75 - [STDERR_REDIRECT] 
2025-03-05 08:04:58,117 [ERROR] LogOutputStream:75 - [STDERR_REDIRECT] [Fatal Error] :1:1: Premature end of file.
2025-03-05 08:04:58,117 [ERROR] LogOutputStream:75 - [STDERR_REDIRECT] 
2025-03-05 08:04:59,122 [ERROR] LogOutputStream:75 - [STDERR_REDIRECT] [Fatal Error] :1:1: Premature end of file.
2025-03-05 08:04:59,122 [ERROR] LogOutputStream:75 - [STDERR_REDIRECT] 
2025-03-05 08:05:00,151 [ERROR] LogOutputStream:75 - [STDERR_REDIRECT] [Fatal Error] :1:1: Premature end of file.
2025-03-05 08:05:00,152 [ERROR] LogOutputStream:75 - [STDERR_REDIRECT] 
2025-03-05 08:05:01,120 [ERROR] LogOutputStream:75 - [STDERR_REDIRECT] [Fatal Error] :1:1: Premature end of file.
2025-03-05 08:05:01,120 [ERROR] LogOutputStream:75 - [STDERR_REDIRECT] 
2025-03-05 08:05:02,115 [ERROR] LogOutputStream:75 - [STDERR_REDIRECT] [Fatal Error] :1:1: Premature end of file.
2025-03-05 08:05:02,115 [ERROR] LogOutputStream:75 - [STDERR_REDIRECT] 
2025-03-05 08:05:03,111 [ERROR] LogOutputStream:75 - [STDERR_REDIRECT] [Fatal Error] :1:1: Premature end of file.
2025-03-05 08:05:03,111 [ERROR] LogOutputStream:75 - [STDERR_REDIRECT] 
2025-03-05 08:05:04,115 [ERROR] LogOutputStream:75 - [STDERR_REDIRECT] [Fatal Error] :1:1: Premature end of file.
2025-03-05 08:05:04,115 [ERROR] LogOutputStream:75 - [STDERR_REDIRECT] 
2025-03-05 08:05:05,118 [ERROR] LogOutputStream:75 - [STDERR_REDIRECT] [Fatal Error] :1:1: Premature end of file.
2025-03-05 08:05:05,118 [ERROR] LogOutputStream:75 - [STDERR_REDIRECT] 
2025-03-05 08:05:06,094 [ERROR] LogOutputStream:75 - [STDERR_REDIRECT] [Fatal Error] :1:1: Premature end of file.
2025-03-05 08:05:06,094 [ERROR] LogOutputStream:75 - [STDERR_REDIRECT] 
2025-03-05 08:05:07,123 [ERROR] LogOutputStream:75 - [STDERR_REDIRECT] [Fatal Error] :1:1: Premature end of file.
2025-03-05 08:05:07,123 [ERROR] LogOutputStream:75 - [STDERR_REDIRECT] 
2025-03-05 08:05:08,116 [ERROR] LogOutputStream:75 - [STDERR_REDIRECT] [Fatal Error] :1:1: Premature end of file.
2025-03-05 08:05:08,117 [ERROR] LogOutputStream:75 - [STDERR_REDIRECT] 
2025-03-05 08:05:09,134 [ERROR] LogOutputStream:75 - [STDERR_REDIRECT] [Fatal Error] :1:1: Premature end of file.
2025-03-05 08:05:09,134 [ERROR] LogOutputStream:75 - [STDERR_REDIRECT] 
2025-03-05 08:05:10,156 [ERROR] LogOutputStream:75 - [STDERR_REDIRECT] [Fatal Error] :1:1: Premature end of file.
2025-03-05 08:05:10,156 [ERROR] LogOutputStream:75 - [STDERR_REDIRECT] 
2025-03-05 08:05:11,091 [ERROR] LogOutputStream:75 - [STDERR_REDIRECT] [Fatal Error] :1:1: Premature end of file.
2025-03-05 08:05:11,091 [ERROR] LogOutputStream:75 - [STDERR_REDIRECT] 
2025-03-05 08:05:12,123 [ERROR] LogOutputStream:75 - [STDERR_REDIRECT] [Fatal Error] :1:1: Premature end of file.
2025-03-05 08:05:12,124 [ERROR] LogOutputStream:75 - [STDERR_REDIRECT] 
2025-03-05 08:05:13,119 [ERROR] LogOutputStream:75 - [STDERR_REDIRECT] [Fatal Error] :1:1: Premature end of file.
2025-03-05 08:05:13,119 [ERROR] LogOutputStream:75 - [STDERR_REDIRECT] 
2025-03-05 08:05:14,120 [ERROR] LogOutputStream:75 - [STDERR_REDIRECT] [Fatal Error] :1:1: Premature end of file.
2025-03-05 08:05:14,120 [ERROR] LogOutputStream:75 - [STDERR_REDIRECT] 
2025-03-05 08:05:15,123 [ERROR] LogOutputStream:75 - [STDERR_REDIRECT] [Fatal Error] :1:1: Premature end of file.
2025-03-05 08:05:15,123 [ERROR] LogOutputStream:75 - [STDERR_REDIRECT] 
2025-03-05 08:05:16,091 [ERROR] LogOutputStream:75 - [STDERR_REDIRECT] [Fatal Error] :1:1: Premature end of file.
2025-03-05 08:05:16,091 [ERROR] LogOutputStream:75 - [STDERR_REDIRECT] 
2025-03-05 08:05:17,117 [ERROR] LogOutputStream:75 - [STDERR_REDIRECT] [Fatal Error] :1:1: Premature end of file.
2025-03-05 08:05:17,117 [ERROR] LogOutputStream:75 - [STDERR_REDIRECT] 
2025-03-05 08:05:18,122 [ERROR] LogOutputStream:75 - [STDERR_REDIRECT] [Fatal Error] :1:1: Premature end of file.
2025-03-05 08:05:18,122 [ERROR] LogOutputStream:75 - [STDERR_REDIRECT] 
2025-03-05 08:05:19,119 [ERROR] LogOutputStream:75 - [STDERR_REDIRECT] [Fatal Error] :1:1: Premature end of file.
2025-03-05 08:05:19,120 [ERROR] LogOutputStream:75 - [STDERR_REDIRECT] 
2025-03-05 08:05:20,123 [ERROR] LogOutputStream:75 - [STDERR_REDIRECT] [Fatal Error] :1:1: Premature end of file.
2025-03-05 08:05:20,124 [ERROR] LogOutputStream:75 - [STDERR_REDIRECT] 
2025-03-05 08:05:21,123 [ERROR] LogOutputStream:75 - [STDERR_REDIRECT] [Fatal Error] :1:1: Premature end of file.
2025-03-05 08:05:21,123 [ERROR] LogOutputStream:75 - [STDERR_REDIRECT] 
2025-03-05 08:05:22,085 [ERROR] LogOutputStream:75 - [STDERR_REDIRECT] [Fatal Error] :1:1: Premature end of file.
2025-03-05 08:05:22,086 [ERROR] LogOutputStream:75 - [STDERR_REDIRECT] 
2025-03-05 08:05:23,118 [ERROR] LogOutputStream:75 - [STDERR_REDIRECT] [Fatal Error] :1:1: Premature end of file.
2025-03-05 08:05:23,118 [ERROR] LogOutputStream:75 - [STDERR_REDIRECT] 
2025-03-05 08:05:24,122 [ERROR] LogOutputStream:75 - [STDERR_REDIRECT] [Fatal Error] :1:1: Premature end of file.
2025-03-05 08:05:24,123 [ERROR] LogOutputStream:75 - [STDERR_REDIRECT] 
2025-03-05 08:05:25,088 [ERROR] LogOutputStream:75 - [STDERR_REDIRECT] [Fatal Error] :1:1: Premature end of file.
2025-03-05 08:05:25,088 [ERROR] LogOutputStream:75 - [STDERR_REDIRECT] 
2025-03-05 08:05:26,118 [ERROR] LogOutputStream:75 - [STDERR_REDIRECT] [Fatal Error] :1:1: Premature end of file.
2025-03-05 08:05:26,119 [ERROR] LogOutputStream:75 - [STDERR_REDIRECT] 
2025-03-05 08:05:27,151 [ERROR] LogOutputStream:75 - [STDERR_REDIRECT] [Fatal Error] :1:1: Premature end of file.
2025-03-05 08:05:27,152 [ERROR] LogOutputStream:75 - [STDERR_REDIRECT] 
2025-03-05 08:05:28,109 [ERROR] LogOutputStream:75 - [STDERR_REDIRECT] [Fatal Error] :1:1: Premature end of file.
2025-03-05 08:05:28,110 [ERROR] LogOutputStream:75 - [STDERR_REDIRECT] 
2025-03-05 08:05:29,113 [ERROR] LogOutputStream:75 - [STDERR_REDIRECT] [Fatal Error] :1:1: Premature end of file.
2025-03-05 08:05:29,113 [ERROR] LogOutputStream:75 - [STDERR_REDIRECT] 
2025-03-05 08:05:30,119 [ERROR] LogOutputStream:75 - [STDERR_REDIRECT] [Fatal Error] :1:1: Premature end of file.
2025-03-05 08:05:30,119 [ERROR] LogOutputStream:75 - [STDERR_REDIRECT] 
2025-03-05 08:05:31,118 [ERROR] LogOutputStream:75 - [STDERR_REDIRECT] [Fatal Error] :1:1: Premature end of file.
2025-03-05 08:05:31,118 [ERROR] LogOutputStream:75 - [STDERR_REDIRECT] 
2025-03-05 08:05:32,121 [ERROR] LogOutputStream:75 - [STDERR_REDIRECT] [Fatal Error] :1:1: Premature end of file.
2025-03-05 08:05:32,121 [ERROR] LogOutputStream:75 - [STDERR_REDIRECT] 
2025-03-05 08:05:33,121 [ERROR] LogOutputStream:75 - [STDERR_REDIRECT] [Fatal Error] :1:1: Premature end of file.
2025-03-05 08:05:33,121 [ERROR] LogOutputStream:75 - [STDERR_REDIRECT] 
2025-03-05 08:05:34,117 [ERROR] LogOutputStream:75 - [STDERR_REDIRECT] [Fatal Error] :1:1: Premature end of file.
2025-03-05 08:05:34,117 [ERROR] LogOutputStream:75 - [STDERR_REDIRECT] 
2025-03-05 08:05:35,117 [ERROR] LogOutputStream:75 - [STDERR_REDIRECT] [Fatal Error] :1:1: Premature end of file.
2025-03-05 08:05:35,117 [ERROR] LogOutputStream:75 - [STDERR_REDIRECT] 
2025-03-05 08:05:36,117 [ERROR] LogOutputStream:75 - [STDERR_REDIRECT] [Fatal Error] :1:1: Premature end of file.
2025-03-05 08:05:36,117 [ERROR] LogOutputStream:75 - [STDERR_REDIRECT] 
2025-03-05 08:05:37,117 [ERROR] LogOutputStream:75 - [STDERR_REDIRECT] [Fatal Error] :1:1: Premature end of file.
2025-03-05 08:05:37,117 [ERROR] LogOutputStream:75 - [STDERR_REDIRECT] 
2025-03-05 08:05:38,118 [ERROR] LogOutputStream:75 - [STDERR_REDIRECT] [Fatal Error] :1:1: Premature end of file.
2025-03-05 08:05:38,118 [ERROR] LogOutputStream:75 - [STDERR_REDIRECT] 
2025-03-05 08:05:39,122 [ERROR] LogOutputStream:75 - [STDERR_REDIRECT] [Fatal Error] :1:1: Premature end of file.
2025-03-05 08:05:39,122 [ERROR] LogOutputStream:75 - [STDERR_REDIRECT] 
2025-03-05 08:05:40,104 [ERROR] LogOutputStream:75 - [STDERR_REDIRECT] [Fatal Error] :1:1: Premature end of file.
2025-03-05 08:05:40,104 [ERROR] LogOutputStream:75 - [STDERR_REDIRECT] 
2025-03-05 08:05:41,122 [ERROR] LogOutputStream:75 - [STDERR_REDIRECT] [Fatal Error] :1:1: Premature end of file.
2025-03-05 08:05:41,122 [ERROR] LogOutputStream:75 - [STDERR_REDIRECT] 
2025-03-05 08:05:42,116 [ERROR] LogOutputStream:75 - [STDERR_REDIRECT] [Fatal Error] :1:1: Premature end of file.
2025-03-05 08:05:42,116 [ERROR] LogOutputStream:75 - [STDERR_REDIRECT] 
2025-03-05 08:05:43,132 [ERROR] LogOutputStream:75 - [STDERR_REDIRECT] [Fatal Error] :1:1: Premature end of file.
2025-03-05 08:05:43,133 [ERROR] LogOutputStream:75 - [STDERR_REDIRECT] 
2025-03-05 08:05:44,081 [ERROR] LogOutputStream:75 - [STDERR_REDIRECT] [Fatal Error] :1:1: Premature end of file.
2025-03-05 08:05:44,081 [ERROR] LogOutputStream:75 - [STDERR_REDIRECT] 
2025-03-05 08:05:45,119 [ERROR] LogOutputStream:75 - [STDERR_REDIRECT] [Fatal Error] :1:1: Premature end of file.
2025-03-05 08:05:45,119 [ERROR] LogOutputStream:75 - [STDERR_REDIRECT] 
2025-03-05 08:05:46,098 [ERROR] LogOutputStream:75 - [STDERR_REDIRECT] [Fatal Error] :1:1: Premature end of file.
2025-03-05 08:05:46,098 [ERROR] LogOutputStream:75 - [STDERR_REDIRECT] 
2025-03-05 08:05:47,104 [ERROR] LogOutputStream:75 - [STDERR_REDIRECT] [Fatal Error] :1:1: Premature end of file.
2025-03-05 08:05:47,104 [ERROR] LogOutputStream:75 - [STDERR_REDIRECT] 
2025-03-05 08:05:48,099 [ERROR] LogOutputStream:75 - [STDERR_REDIRECT] [Fatal Error] :1:1: Premature end of file.
2025-03-05 08:05:48,099 [ERROR] LogOutputStream:75 - [STDERR_REDIRECT] 
2025-03-05 08:05:49,113 [ERROR] LogOutputStream:75 - [STDERR_REDIRECT] [Fatal Error] :1:1: Premature end of file.
2025-03-05 08:05:49,113 [ERROR] LogOutputStream:75 - [STDERR_REDIRECT] 
2025-03-05 08:05:50,092 [ERROR] LogOutputStream:75 - [STDERR_REDIRECT] [Fatal Error] :1:1: Premature end of file.
2025-03-05 08:05:50,092 [ERROR] LogOutputStream:75 - [STDERR_REDIRECT] 
2025-03-05 08:05:51,123 [ERROR] LogOutputStream:75 - [STDERR_REDIRECT] [Fatal Error] :1:1: Premature end of file.
2025-03-05 08:05:51,123 [ERROR] LogOutputStream:75 - [STDERR_REDIRECT] 
2025-03-05 08:05:52,119 [ERROR] LogOutputStream:75 - [STDERR_REDIRECT] [Fatal Error] :1:1: Premature end of file.
2025-03-05 08:05:52,119 [ERROR] LogOutputStream:75 - [STDERR_REDIRECT] 
2025-03-05 08:05:53,116 [ERROR] LogOutputStream:75 - [STDERR_REDIRECT] [Fatal Error] :1:1: Premature end of file.
2025-03-05 08:05:53,116 [ERROR] LogOutputStream:75 - [STDERR_REDIRECT] 
2025-03-05 08:05:54,131 [ERROR] LogOutputStream:75 - [STDERR_REDIRECT] [Fatal Error] :1:1: Premature end of file.
2025-03-05 08:05:54,131 [ERROR] LogOutputStream:75 - [STDERR_REDIRECT] 
2025-03-05 08:05:55,125 [ERROR] LogOutputStream:75 - [STDERR_REDIRECT] [Fatal Error] :1:1: Premature end of file.
2025-03-05 08:05:55,126 [ERROR] LogOutputStream:75 - [STDERR_REDIRECT] 
2025-03-05 08:05:56,119 [ERROR] LogOutputStream:75 - [STDERR_REDIRECT] [Fatal Error] :1:1: Premature end of file.
2025-03-05 08:05:56,119 [ERROR] LogOutputStream:75 - [STDERR_REDIRECT] 
2025-03-05 08:05:57,126 [ERROR] LogOutputStream:75 - [STDERR_REDIRECT] [Fatal Error] :1:1: Premature end of file.
2025-03-05 08:05:57,127 [ERROR] LogOutputStream:75 - [STDERR_REDIRECT] 
2025-03-05 08:05:58,110 [ERROR] LogOutputStream:75 - [STDERR_REDIRECT] [Fatal Error] :1:1: Premature end of file.
2025-03-05 08:05:58,110 [ERROR] LogOutputStream:75 - [STDERR_REDIRECT] 
2025-03-05 08:05:59,119 [ERROR] LogOutputStream:75 - [STDERR_REDIRECT] [Fatal Error] :1:1: Premature end of file.
2025-03-05 08:05:59,119 [ERROR] LogOutputStream:75 - [STDERR_REDIRECT] 
2025-03-05 08:06:00,117 [ERROR] LogOutputStream:75 - [STDERR_REDIRECT] [Fatal Error] :1:1: Premature end of file.
2025-03-05 08:06:00,117 [ERROR] LogOutputStream:75 - [STDERR_REDIRECT] 
2025-03-05 08:06:01,121 [ERROR] LogOutputStream:75 - [STDERR_REDIRECT] [Fatal Error] :1:1: Premature end of file.
2025-03-05 08:06:01,121 [ERROR] LogOutputStream:75 - [STDERR_REDIRECT] 
2025-03-05 08:06:02,115 [ERROR] LogOutputStream:75 - [STDERR_REDIRECT] [Fatal Error] :1:1: Premature end of file.
2025-03-05 08:06:02,115 [ERROR] LogOutputStream:75 - [STDERR_REDIRECT] 
2025-03-05 08:06:03,119 [ERROR] LogOutputStream:75 - [STDERR_REDIRECT] [Fatal Error] :1:1: Premature end of file.
2025-03-05 08:06:03,119 [ERROR] LogOutputStream:75 - [STDERR_REDIRECT] 
2025-03-05 08:06:04,119 [ERROR] LogOutputStream:75 - [STDERR_REDIRECT] [Fatal Error] :1:1: Premature end of file.
2025-03-05 08:06:04,119 [ERROR] LogOutputStream:75 - [STDERR_REDIRECT] 
2025-03-05 08:06:05,123 [ERROR] LogOutputStream:75 - [STDERR_REDIRECT] [Fatal Error] :1:1: Premature end of file.
2025-03-05 08:06:05,123 [ERROR] LogOutputStream:75 - [STDERR_REDIRECT] 
2025-03-05 08:06:06,099 [ERROR] LogOutputStream:75 - [STDERR_REDIRECT] [Fatal Error] :1:1: Premature end of file.
2025-03-05 08:06:06,099 [ERROR] LogOutputStream:75 - [STDERR_REDIRECT] 
2025-03-05 08:06:07,140 [ERROR] LogOutputStream:75 - [STDERR_REDIRECT] [Fatal Error] :1:1: Premature end of file.
2025-03-05 08:06:07,141 [ERROR] LogOutputStream:75 - [STDERR_REDIRECT] 
2025-03-05 08:06:08,120 [ERROR] LogOutputStream:75 - [STDERR_REDIRECT] [Fatal Error] :1:1: Premature end of file.
2025-03-05 08:06:08,121 [ERROR] LogOutputStream:75 - [STDERR_REDIRECT] 
2025-03-05 08:06:09,119 [ERROR] LogOutputStream:75 - [STDERR_REDIRECT] [Fatal Error] :1:1: Premature end of file.
2025-03-05 08:06:09,120 [ERROR] LogOutputStream:75 - [STDERR_REDIRECT] 
2025-03-05 08:06:10,126 [ERROR] LogOutputStream:75 - [STDERR_REDIRECT] [Fatal Error] :1:1: Premature end of file.
2025-03-05 08:06:10,127 [ERROR] LogOutputStream:75 - [STDERR_REDIRECT] 
2025-03-05 08:06:11,125 [ERROR] LogOutputStream:75 - [STDERR_REDIRECT] [Fatal Error] :1:1: Premature end of file.
2025-03-05 08:06:11,125 [ERROR] LogOutputStream:75 - [STDERR_REDIRECT] 
2025-03-05 08:06:12,129 [ERROR] LogOutputStream:75 - [STDERR_REDIRECT] [Fatal Error] :1:1: Premature end of file.
2025-03-05 08:06:12,129 [ERROR] LogOutputStream:75 - [STDERR_REDIRECT] 
2025-03-05 08:06:13,140 [ERROR] LogOutputStream:75 - [STDERR_REDIRECT] [Fatal Error] :1:1: Premature end of file.
2025-03-05 08:06:13,140 [ERROR] LogOutputStream:75 - [STDERR_REDIRECT] 
2025-03-05 08:06:14,116 [ERROR] LogOutputStream:75 - [STDERR_REDIRECT] [Fatal Error] :1:1: Premature end of file.
2025-03-05 08:06:14,117 [ERROR] LogOutputStream:75 - [STDERR_REDIRECT] 
2025-03-05 08:06:15,124 [ERROR] LogOutputStream:75 - [STDERR_REDIRECT] [Fatal Error] :1:1: Premature end of file.
2025-03-05 08:06:15,124 [ERROR] LogOutputStream:75 - [STDERR_REDIRECT] 
2025-03-05 08:06:16,104 [ERROR] LogOutputStream:75 - [STDERR_REDIRECT] [Fatal Error] :1:1: Premature end of file.
2025-03-05 08:06:16,104 [ERROR] LogOutputStream:75 - [STDERR_REDIRECT] 
2025-03-05 08:06:17,110 [ERROR] LogOutputStream:75 - [STDERR_REDIRECT] [Fatal Error] :1:1: Premature end of file.
2025-03-05 08:06:17,110 [ERROR] LogOutputStream:75 - [STDERR_REDIRECT] 
2025-03-05 08:06:18,122 [ERROR] LogOutputStream:75 - [STDERR_REDIRECT] [Fatal Error] :1:1: Premature end of file.
2025-03-05 08:06:18,123 [ERROR] LogOutputStream:75 - [STDERR_REDIRECT] 
2025-03-05 08:06:19,116 [ERROR] LogOutputStream:75 - [STDERR_REDIRECT] [Fatal Error] :1:1: Premature end of file.
2025-03-05 08:06:19,116 [ERROR] LogOutputStream:75 - [STDERR_REDIRECT] 
2025-03-05 08:06:20,131 [ERROR] LogOutputStream:75 - [STDERR_REDIRECT] [Fatal Error] :1:1: Premature end of file.
2025-03-05 08:06:20,131 [ERROR] LogOutputStream:75 - [STDERR_REDIRECT] 
2025-03-05 08:06:21,119 [ERROR] LogOutputStream:75 - [STDERR_REDIRECT] [Fatal Error] :1:1: Premature end of file.
2025-03-05 08:06:21,120 [ERROR] LogOutputStream:75 - [STDERR_REDIRECT] 
2025-03-05 08:06:22,120 [ERROR] LogOutputStream:75 - [STDERR_REDIRECT] [Fatal Error] :1:1: Premature end of file.
2025-03-05 08:06:22,120 [ERROR] LogOutputStream:75 - [STDERR_REDIRECT] 
2025-03-05 08:06:23,103 [ERROR] LogOutputStream:75 - [STDERR_REDIRECT] [Fatal Error] :1:1: Premature end of file.
2025-03-05 08:06:23,103 [ERROR] LogOutputStream:75 - [STDERR_REDIRECT] 
2025-03-05 08:06:24,120 [ERROR] LogOutputStream:75 - [STDERR_REDIRECT] [Fatal Error] :1:1: Premature end of file.
2025-03-05 08:06:24,121 [ERROR] LogOutputStream:75 - [STDERR_REDIRECT] 
2025-03-05 08:06:25,124 [ERROR] LogOutputStream:75 - [STDERR_REDIRECT] [Fatal Error] :1:1: Premature end of file.
2025-03-05 08:06:25,124 [ERROR] LogOutputStream:75 - [STDERR_REDIRECT] 
2025-03-05 08:06:26,112 [ERROR] LogOutputStream:75 - [STDERR_REDIRECT] [Fatal Error] :1:1: Premature end of file.
2025-03-05 08:06:26,113 [ERROR] LogOutputStream:75 - [STDERR_REDIRECT] 
2025-03-05 08:06:27,113 [ERROR] LogOutputStream:75 - [STDERR_REDIRECT] [Fatal Error] :1:1: Premature end of file.
2025-03-05 08:06:27,113 [ERROR] LogOutputStream:75 - [STDERR_REDIRECT] 
2025-03-05 08:06:28,128 [ERROR] LogOutputStream:75 - [STDERR_REDIRECT] [Fatal Error] :1:1: Premature end of file.
2025-03-05 08:06:28,129 [ERROR] LogOutputStream:75 - [STDERR_REDIRECT] 
2025-03-05 08:06:29,104 [ERROR] LogOutputStream:75 - [STDERR_REDIRECT] [Fatal Error] :1:1: Premature end of file.
2025-03-05 08:06:29,104 [ERROR] LogOutputStream:75 - [STDERR_REDIRECT] 
2025-03-05 08:06:30,119 [ERROR] LogOutputStream:75 - [STDERR_REDIRECT] [Fatal Error] :1:1: Premature end of file.
2025-03-05 08:06:30,119 [ERROR] LogOutputStream:75 - [STDERR_REDIRECT] 
2025-03-05 08:06:31,133 [ERROR] LogOutputStream:75 - [STDERR_REDIRECT] [Fatal Error] :1:1: Premature end of file.
2025-03-05 08:06:31,134 [ERROR] LogOutputStream:75 - [STDERR_REDIRECT] 
2025-03-05 08:06:32,123 [ERROR] LogOutputStream:75 - [STDERR_REDIRECT] [Fatal Error] :1:1: Premature end of file.
2025-03-05 08:06:32,123 [ERROR] LogOutputStream:75 - [STDERR_REDIRECT] 
2025-03-05 08:06:33,132 [ERROR] LogOutputStream:75 - [STDERR_REDIRECT] [Fatal Error] :1:1: Premature end of file.
2025-03-05 08:06:33,133 [ERROR] LogOutputStream:75 - [STDERR_REDIRECT] 
2025-03-05 08:06:34,103 [ERROR] LogOutputStream:75 - [STDERR_REDIRECT] [Fatal Error] :1:1: Premature end of file.
2025-03-05 08:06:34,103 [ERROR] LogOutputStream:75 - [STDERR_REDIRECT] 
2025-03-05 08:06:35,173 [ERROR] LogOutputStream:75 - [STDERR_REDIRECT] [Fatal Error] :1:1: Premature end of file.
2025-03-05 08:06:35,174 [ERROR] LogOutputStream:75 - [STDERR_REDIRECT] 
2025-03-05 08:06:36,145 [ERROR] LogOutputStream:75 - [STDERR_REDIRECT] 
2025-03-05 08:06:36,146 [ERROR] LogOutputStream:75 - [STDERR_REDIRECT] 
2025-03-05 08:11:55,045 [INFO] Activator:176 - 


2025-03-05 08:11:55,047 [INFO] Activator:177 - !SESSION log4j initialized
2025-03-05 08:11:59,282 [ERROR] LogOutputStream:75 - [STDERR_REDIRECT] [Fatal Error] :1:1: Premature end of file.
2025-03-05 08:11:59,283 [ERROR] LogOutputStream:75 - [STDERR_REDIRECT] 
2025-03-05 08:11:59,873 [INFO] LogOutputStream:77 - [STDOUT_REDIRECT] 
2025-03-05 08:12:00,281 [ERROR] LogOutputStream:75 - [STDERR_REDIRECT] [Fatal Error] :1:1: Premature end of file.
2025-03-05 08:12:00,282 [ERROR] LogOutputStream:75 - [STDERR_REDIRECT] 
2025-03-05 08:12:00,613 [INFO] ApplicationProperties:184 - Using Application install path: C:\ST\STM32CubeIDE_1.17.0\STM32CubeIDE\plugins\com.st.stm32cube.common.mx_6.14.0.202502271554
2025-03-05 08:12:00,629 [INFO] DbMcusXml:78 - Set database path to: C:\ST\STM32CubeIDE_1.17.0\STM32CubeIDE\plugins\com.st.stm32cube.common.mx_6.14.0.202502271554\\db\/mcu/
2025-03-05 08:12:00,629 [INFO] ApiDb:274 - Set plugin database path to: C:\ST\STM32CubeIDE_1.17.0\STM32CubeIDE\plugins\com.st.stm32cube.common.mx_6.14.0.202502271554\\db\/plugins/boardmanager/
2025-03-05 08:12:00,630 [WARN] ApiDb:259 - Overriding images path with different value:  => C:\ST\STM32CubeIDE_1.17.0\STM32CubeIDE\plugins\com.st.stm32cube.common.mx_6.14.0.202502271554\\db\/plugins/mcufinder/images/
2025-03-05 08:12:00,635 [INFO] ApiDb:250 - Set database path to: C:\Users\raj\.stmcufinder\plugins\mcufinder//mcu/
2025-03-05 08:12:00,636 [INFO] DbMcusAds:125 - Set database path to: C:\Users\raj\.stmcufinder\plugins\mcufinder//mcu/
2025-03-05 08:12:00,638 [INFO] CrossReferenceDbSqlite:203 - Set database path to: C:\Users\raj\.stmcufinder\plugins\mcufinder//mcu/cs/
2025-03-05 08:12:00,813 [INFO] RulesReader:64 - Compatibility file has been processed (301 Rules)
2025-03-05 08:12:00,958 [INFO] DbMcusXml:78 - Set database path to: C:\ST\STM32CubeIDE_1.17.0\STM32CubeIDE\plugins\com.st.stm32cube.common.mx_6.14.0.202502271554\\db\/mcu/
2025-03-05 08:12:00,960 [INFO] ApiDb:274 - Set plugin database path to: C:\ST\STM32CubeIDE_1.17.0\STM32CubeIDE\plugins\com.st.stm32cube.common.mx_6.14.0.202502271554\\db\/plugins/boardmanager/
2025-03-05 08:12:00,960 [INFO] ApiDb:261 - Set plugin images path to: C:\ST\STM32CubeIDE_1.17.0\STM32CubeIDE\plugins\com.st.stm32cube.common.mx_6.14.0.202502271554\\db\/plugins/mcufinder/images/
2025-03-05 08:12:00,960 [WARN] DbFile:41 - Overriding database path with different value: C:\Users\raj\.stmcufinder\plugins\mcufinder/ => C:\Users\raj\.stmcufinder\plugins\mcufinder
2025-03-05 08:12:00,961 [INFO] ApiDb:250 - Set database path to: C:\Users\raj\.stmcufinder\plugins\mcufinder//mcu/
2025-03-05 08:12:00,961 [WARN] DbFile:41 - Overriding database path with different value: C:\Users\raj\.stmcufinder\plugins\mcufinder/ => C:\Users\raj\.stmcufinder\plugins\mcufinder
2025-03-05 08:12:00,961 [INFO] DbMcusAds:125 - Set database path to: C:\Users\raj\.stmcufinder\plugins\mcufinder//mcu/
2025-03-05 08:12:00,961 [WARN] DbFile:41 - Overriding database path with different value: C:\Users\raj\.stmcufinder\plugins\mcufinder/ => C:\Users\raj\.stmcufinder\plugins\mcufinder
2025-03-05 08:12:00,962 [WARN] DbFile:41 - Overriding database path with different value: C:\Users\raj\.stmcufinder\plugins\mcufinder/ => C:\Users\raj\.stmcufinder\plugins\mcufinder
2025-03-05 08:12:00,962 [INFO] CrossReferenceDbSqlite:203 - Set database path to: C:\Users\raj\.stmcufinder\plugins\mcufinder//mcu/cs/
2025-03-05 08:12:01,097 [INFO] MainPanel:272 - HeapMemory: 268435456
2025-03-05 08:12:01,216 [INFO] DbMcusXml:78 - Set database path to: C:\ST\STM32CubeIDE_1.17.0\STM32CubeIDE\plugins\com.st.stm32cube.common.mx_6.14.0.202502271554\\db\/mcu/
2025-03-05 08:12:01,216 [INFO] ApiDb:274 - Set plugin database path to: C:\ST\STM32CubeIDE_1.17.0\STM32CubeIDE\plugins\com.st.stm32cube.common.mx_6.14.0.202502271554\\db\/plugins/boardmanager/
2025-03-05 08:12:01,216 [INFO] ApiDb:261 - Set plugin images path to: C:\ST\STM32CubeIDE_1.17.0\STM32CubeIDE\plugins\com.st.stm32cube.common.mx_6.14.0.202502271554\\db\/plugins/mcufinder/images/
2025-03-05 08:12:01,217 [WARN] DbFile:41 - Overriding database path with different value: C:\Users\raj\.stmcufinder\plugins\mcufinder/ => C:\Users\raj\.stmcufinder\plugins\mcufinder
2025-03-05 08:12:01,217 [INFO] ApiDb:250 - Set database path to: C:\Users\raj\.stmcufinder\plugins\mcufinder//mcu/
2025-03-05 08:12:01,217 [WARN] DbFile:41 - Overriding database path with different value: C:\Users\raj\.stmcufinder\plugins\mcufinder/ => C:\Users\raj\.stmcufinder\plugins\mcufinder
2025-03-05 08:12:01,217 [INFO] DbMcusAds:125 - Set database path to: C:\Users\raj\.stmcufinder\plugins\mcufinder//mcu/
2025-03-05 08:12:01,217 [WARN] DbFile:41 - Overriding database path with different value: C:\Users\raj\.stmcufinder\plugins\mcufinder/ => C:\Users\raj\.stmcufinder\plugins\mcufinder
2025-03-05 08:12:01,217 [WARN] DbFile:41 - Overriding database path with different value: C:\Users\raj\.stmcufinder\plugins\mcufinder/ => C:\Users\raj\.stmcufinder\plugins\mcufinder
2025-03-05 08:12:01,217 [INFO] CrossReferenceDbSqlite:203 - Set database path to: C:\Users\raj\.stmcufinder\plugins\mcufinder//mcu/cs/
2025-03-05 08:12:01,237 [INFO] ApplicationProperties:184 - Using Application install path: C:\ST\STM32CubeIDE_1.17.0\STM32CubeIDE\plugins\com.st.stm32cube.common.mx_6.14.0.202502271554
2025-03-05 08:12:01,238 [INFO] PluginManage:196 - Search for loadable plugins [exclusion list=, ]
2025-03-05 08:12:01,239 [INFO] PluginManage:310 - Check plugin analytics
2025-03-05 08:12:01,255 [ERROR] LogOutputStream:75 - [STDERR_REDIRECT] [Fatal Error] :1:1: Premature end of file.
2025-03-05 08:12:01,255 [ERROR] LogOutputStream:75 - [STDERR_REDIRECT] 
2025-03-05 08:12:01,461 [INFO] AnalyticsPlugin:253 - Accepted Software Licenses: 
2025-03-05 08:12:01,461 [INFO] AnalyticsPlugin:255 - Accepted CMSIS Pack Licenses: 
2025-03-05 08:12:01,462 [INFO] AnalyticsPlugin:257 - Accepted Firmware Licenses: FW.L4.1.18.0
2025-03-05 08:12:01,466 [INFO] PluginManage:359 - Loaded plugin analytics (category:tool,tabindex:-1)
2025-03-05 08:12:01,467 [INFO] PluginManage:310 - Check plugin cadmodel
2025-03-05 08:12:01,473 [INFO] CADModel:105 - Init CAD model plugin
2025-03-05 08:12:01,473 [INFO] PluginManage:359 - Loaded plugin cadmodel (category:power,tabindex:5)
2025-03-05 08:12:01,473 [INFO] PluginManage:310 - Check plugin clock
2025-03-05 08:12:01,488 [INFO] PluginManage:359 - Loaded plugin clock (category:base,tabindex:2)
2025-03-05 08:12:01,488 [INFO] PluginManage:310 - Check plugin ddr
2025-03-05 08:12:01,494 [INFO] PluginManage:359 - Loaded plugin ddr (category:tool,tabindex:6)
2025-03-05 08:12:01,494 [INFO] PluginManage:310 - Check plugin filemanager
2025-03-05 08:12:01,662 [INFO] PluginManage:359 - Loaded plugin filemanager (category:base,tabindex:10)
2025-03-05 08:12:01,662 [INFO] PluginManage:310 - Check plugin ipmanager
2025-03-05 08:12:01,666 [INFO] PluginManage:359 - Loaded plugin ipmanager (category:base,tabindex:5)
2025-03-05 08:12:01,667 [INFO] PluginManage:310 - Check plugin lpbam
2025-03-05 08:12:01,673 [INFO] PluginManage:359 - Loaded plugin lpbam (category:base,tabindex:0)
2025-03-05 08:12:01,673 [INFO] PluginManage:310 - Check plugin memorymap
2025-03-05 08:12:01,682 [INFO] PluginManage:359 - Loaded plugin memorymap (category:base,tabindex:4)
2025-03-05 08:12:01,682 [INFO] PluginManage:310 - Check plugin pinoutandconfiguration
2025-03-05 08:12:01,687 [INFO] PluginManage:359 - Loaded plugin pinoutandconfiguration (category:base,tabindex:1)
2025-03-05 08:12:01,688 [INFO] PluginManage:310 - Check plugin pinoutconfig
2025-03-05 08:12:01,767 [WARN] SupportedApi:132 - Cannot load RTOS API schema: s4s-elt-must-match.1: The content of 'definitions' must match (annotation?, (simpleType | complexType)?, (unique | key | keyref)*)). A problem was found starting at: attribute.
2025-03-05 08:12:01,897 [INFO] PluginManage:359 - Loaded plugin pinoutconfig (category:base,tabindex:0)
2025-03-05 08:12:01,897 [INFO] PluginManage:310 - Check plugin power
2025-03-05 08:12:01,906 [INFO] PluginManage:359 - Loaded plugin power (category:power,tabindex:4)
2025-03-05 08:12:01,906 [INFO] PluginManage:310 - Check plugin projectmanager
2025-03-05 08:12:01,925 [INFO] PluginManage:359 - Loaded plugin projectmanager (category:projectmanager,tabindex:4)
2025-03-05 08:12:01,925 [INFO] PluginManage:310 - Check plugin rif
2025-03-05 08:12:01,931 [INFO] PluginManage:359 - Loaded plugin rif (category:base,tabindex:3)
2025-03-05 08:12:01,931 [INFO] PluginManage:310 - Check plugin thirdparty
2025-03-05 08:12:02,073 [WARN] IntegrityCheckThread:84 - waiting for thirdparty lock release [integrity check]
2025-03-05 08:12:02,073 [INFO] IntegrityCheckThread:86 - entering critical section [integrity check]
2025-03-05 08:12:02,073 [INFO] PluginManage:359 - Loaded plugin thirdparty (category:base,tabindex:-1)
2025-03-05 08:12:02,073 [INFO] PluginManage:310 - Check plugin tools
2025-03-05 08:12:02,073 [INFO] ThirdPartyUpdaterWithRetryManager:70 - Updater plugin not ready yet. [1/15]
2025-03-05 08:12:02,076 [INFO] PluginManage:359 - Loaded plugin tools (category:base,tabindex:7)
2025-03-05 08:12:02,077 [INFO] PluginManage:310 - Check plugin tutovideos
2025-03-05 08:12:02,320 [ERROR] LogOutputStream:75 - [STDERR_REDIRECT] [Fatal Error] :1:1: Premature end of file.
2025-03-05 08:12:02,320 [ERROR] LogOutputStream:75 - [STDERR_REDIRECT] 
2025-03-05 08:12:02,329 [INFO] PluginManage:359 - Loaded plugin tutovideos (category:base,tabindex:-1)
2025-03-05 08:12:02,330 [INFO] PluginManage:310 - Check plugin updater
2025-03-05 08:12:02,363 [INFO] PluginManage:359 - Loaded plugin updater (category:base,tabindex:12)
2025-03-05 08:12:02,363 [INFO] PluginManage:310 - Check plugin userauth
2025-03-05 08:12:02,374 [INFO] UserAuth:118 - Init User Auth plugin
2025-03-05 08:12:02,376 [INFO] PluginManage:359 - Loaded plugin userauth (category:base,tabindex:14)
2025-03-05 08:12:02,376 [INFO] PluginManage:283 - PluginManage : Loaded plugins [18]
2025-03-05 08:12:02,625 [INFO] PinOutPanel:1589 - setPackage(No Configuration,No Configuration)
2025-03-05 08:12:02,736 [INFO] CADModel:165 - CPN selected for project level
2025-03-05 08:12:02,736 [INFO] CADModel:114 - Register for checkConnection events
2025-03-05 08:12:02,770 [INFO] IPUIPlugin:80 - create IPUIPlugin
2025-03-05 08:12:02,771 [INFO] PluginManager:220 - loadIPPluginJar : add adc
2025-03-05 08:12:02,774 [INFO] IPUIPlugin:80 - create IPUIPlugin
2025-03-05 08:12:02,775 [INFO] PluginManager:220 - loadIPPluginJar : add aes
2025-03-05 08:12:02,781 [INFO] IPUIPlugin:80 - create IPUIPlugin
2025-03-05 08:12:02,781 [INFO] PluginManager:220 - loadIPPluginJar : add can
2025-03-05 08:12:02,786 [INFO] IPUIPlugin:80 - create IPUIPlugin
2025-03-05 08:12:02,786 [INFO] PluginManager:220 - loadIPPluginJar : add comp
2025-03-05 08:12:02,791 [INFO] IPUIPlugin:80 - create IPUIPlugin
2025-03-05 08:12:02,792 [INFO] PluginManager:220 - loadIPPluginJar : add cryp
2025-03-05 08:12:02,799 [INFO] IPUIPlugin:80 - create IPUIPlugin
2025-03-05 08:12:02,799 [INFO] PluginManager:220 - loadIPPluginJar : add ddr_ctrl_phy
2025-03-05 08:12:02,804 [INFO] IPUIPlugin:80 - create IPUIPlugin
2025-03-05 08:12:02,804 [INFO] PluginManager:220 - loadIPPluginJar : add dfsdm
2025-03-05 08:12:02,817 [INFO] IPUIPlugin:80 - create IPUIPlugin
2025-03-05 08:12:02,818 [INFO] PluginManager:220 - loadIPPluginJar : add dma
2025-03-05 08:12:02,822 [INFO] IPUIPlugin:80 - create IPUIPlugin
2025-03-05 08:12:02,822 [INFO] PluginManager:220 - loadIPPluginJar : add dma3
2025-03-05 08:12:02,827 [INFO] IPUIPlugin:80 - create IPUIPlugin
2025-03-05 08:12:02,827 [INFO] PluginManager:220 - loadIPPluginJar : add extmemmanager
2025-03-05 08:12:02,829 [INFO] IPUIPlugin:80 - create IPUIPlugin
2025-03-05 08:12:02,829 [INFO] PluginManager:220 - loadIPPluginJar : add fatfs
2025-03-05 08:12:02,837 [INFO] IPUIPlugin:80 - create IPUIPlugin
2025-03-05 08:12:02,838 [INFO] PluginManager:220 - loadIPPluginJar : add fmc
2025-03-05 08:12:02,844 [INFO] IPUIPlugin:80 - create IPUIPlugin
2025-03-05 08:12:02,844 [INFO] PluginManager:220 - loadIPPluginJar : add freertos
2025-03-05 08:12:02,845 [INFO] IPUIPlugin:80 - create IPUIPlugin
2025-03-05 08:12:02,845 [INFO] PluginManager:220 - loadIPPluginJar : add genericplugin
2025-03-05 08:12:02,848 [INFO] IPUIPlugin:80 - create IPUIPlugin
2025-03-05 08:12:02,848 [INFO] PluginManager:220 - loadIPPluginJar : add gfxmmu
2025-03-05 08:12:02,854 [INFO] IPUIPlugin:80 - create IPUIPlugin
2025-03-05 08:12:02,854 [INFO] PluginManager:220 - loadIPPluginJar : add gic
2025-03-05 08:12:02,858 [INFO] IPUIPlugin:80 - create IPUIPlugin
2025-03-05 08:12:02,858 [INFO] PluginManager:220 - loadIPPluginJar : add gpio
2025-03-05 08:12:02,863 [INFO] IPUIPlugin:80 - create IPUIPlugin
2025-03-05 08:12:02,863 [INFO] PluginManager:220 - loadIPPluginJar : add gtzc
2025-03-05 08:12:02,867 [INFO] IPUIPlugin:80 - create IPUIPlugin
2025-03-05 08:12:02,867 [INFO] PluginManager:220 - loadIPPluginJar : add hash
2025-03-05 08:12:02,871 [INFO] IPUIPlugin:80 - create IPUIPlugin
2025-03-05 08:12:02,871 [INFO] PluginManager:220 - loadIPPluginJar : add i2c
2025-03-05 08:12:02,875 [INFO] IPUIPlugin:80 - create IPUIPlugin
2025-03-05 08:12:02,875 [INFO] PluginManager:220 - loadIPPluginJar : add i2s
2025-03-05 08:12:02,878 [INFO] IPUIPlugin:80 - create IPUIPlugin
2025-03-05 08:12:02,879 [INFO] PluginManager:220 - loadIPPluginJar : add i3c
2025-03-05 08:12:02,883 [INFO] IPUIPlugin:80 - create IPUIPlugin
2025-03-05 08:12:02,883 [INFO] PluginManager:220 - loadIPPluginJar : add ipddr
2025-03-05 08:12:02,893 [INFO] IPUIPlugin:80 - create IPUIPlugin
2025-03-05 08:12:02,894 [INFO] PluginManager:220 - loadIPPluginJar : add linkedlist
2025-03-05 08:12:02,900 [INFO] IPUIPlugin:80 - create IPUIPlugin
2025-03-05 08:12:02,900 [INFO] PluginManager:220 - loadIPPluginJar : add lorawan
2025-03-05 08:12:02,902 [INFO] IPUIPlugin:80 - create IPUIPlugin
2025-03-05 08:12:02,903 [INFO] PluginManager:220 - loadIPPluginJar : add ltdc
2025-03-05 08:12:02,911 [INFO] IPUIPlugin:80 - create IPUIPlugin
2025-03-05 08:12:02,911 [INFO] PluginManager:220 - loadIPPluginJar : add mdma
2025-03-05 08:12:02,915 [INFO] IPUIPlugin:80 - create IPUIPlugin
2025-03-05 08:12:02,915 [INFO] PluginManager:220 - loadIPPluginJar : add nvic
2025-03-05 08:12:02,918 [INFO] IPUIPlugin:80 - create IPUIPlugin
2025-03-05 08:12:02,918 [INFO] PluginManager:220 - loadIPPluginJar : add opamp
2025-03-05 08:12:02,922 [INFO] IPUIPlugin:80 - create IPUIPlugin
2025-03-05 08:12:02,923 [INFO] PluginManager:220 - loadIPPluginJar : add openamp
2025-03-05 08:12:02,928 [INFO] IPUIPlugin:80 - create IPUIPlugin
2025-03-05 08:12:02,928 [INFO] PluginManager:220 - loadIPPluginJar : add pdm2pcm
2025-03-05 08:12:02,938 [INFO] IPUIPlugin:80 - create IPUIPlugin
2025-03-05 08:12:02,941 [INFO] PluginManager:220 - loadIPPluginJar : add plateformsettings
2025-03-05 08:12:02,946 [INFO] IPUIPlugin:80 - create IPUIPlugin
2025-03-05 08:12:02,946 [INFO] PluginManager:220 - loadIPPluginJar : add quadspi
2025-03-05 08:12:02,950 [INFO] IPUIPlugin:80 - create IPUIPlugin
2025-03-05 08:12:02,952 [INFO] PluginManager:220 - loadIPPluginJar : add radio
2025-03-05 08:12:02,959 [INFO] IPUIPlugin:80 - create IPUIPlugin
2025-03-05 08:12:02,959 [INFO] PluginManager:220 - loadIPPluginJar : add resmgrutility
2025-03-05 08:12:02,964 [INFO] IPUIPlugin:80 - create IPUIPlugin
2025-03-05 08:12:02,964 [INFO] PluginManager:220 - loadIPPluginJar : add sai
2025-03-05 08:12:02,968 [INFO] IPUIPlugin:80 - create IPUIPlugin
2025-03-05 08:12:02,968 [INFO] PluginManager:220 - loadIPPluginJar : add spi
2025-03-05 08:12:02,976 [INFO] IPUIPlugin:80 - create IPUIPlugin
2025-03-05 08:12:02,977 [INFO] PluginManager:220 - loadIPPluginJar : add stm32_wpan
2025-03-05 08:12:02,980 [INFO] IPUIPlugin:80 - create IPUIPlugin
2025-03-05 08:12:02,980 [INFO] PluginManager:220 - loadIPPluginJar : add tim
2025-03-05 08:12:02,984 [INFO] IPUIPlugin:80 - create IPUIPlugin
2025-03-05 08:12:02,985 [INFO] PluginManager:220 - loadIPPluginJar : add touchsensing
2025-03-05 08:12:02,989 [INFO] IPUIPlugin:80 - create IPUIPlugin
2025-03-05 08:12:02,989 [INFO] PluginManager:220 - loadIPPluginJar : add tracer_emb
2025-03-05 08:12:02,991 [INFO] IPUIPlugin:80 - create IPUIPlugin
2025-03-05 08:12:02,991 [INFO] PluginManager:220 - loadIPPluginJar : add ts
2025-03-05 08:12:02,993 [INFO] IPUIPlugin:80 - create IPUIPlugin
2025-03-05 08:12:02,994 [INFO] PluginManager:220 - loadIPPluginJar : add tsc
2025-03-05 08:12:02,996 [INFO] IPUIPlugin:80 - create IPUIPlugin
2025-03-05 08:12:02,997 [INFO] PluginManager:220 - loadIPPluginJar : add ucpd
2025-03-05 08:12:03,001 [INFO] IPUIPlugin:80 - create IPUIPlugin
2025-03-05 08:12:03,001 [INFO] PluginManager:220 - loadIPPluginJar : add usart
2025-03-05 08:12:03,004 [INFO] IPUIPlugin:80 - create IPUIPlugin
2025-03-05 08:12:03,004 [INFO] PluginManager:220 - loadIPPluginJar : add usbx
2025-03-05 08:12:03,118 [FATAL] Updater:351 - Updater called before beeing initialized
2025-03-05 08:12:03,142 [INFO] RulesReader:64 - Compatibility file has been processed (301 Rules)
2025-03-05 08:12:03,151 [INFO] RulesReader:64 - Compatibility file has been processed (301 Rules)
2025-03-05 08:12:03,168 [INFO] CADModel:165 - CPN selected for project level
2025-03-05 08:12:03,168 [INFO] CADModel:114 - Register for checkConnection events
2025-03-05 08:12:03,168 [FATAL] Updater:351 - Updater called before beeing initialized
2025-03-05 08:12:03,168 [ERROR] CADModel:125 - Updater not yet initialized, retry later 
2025-03-05 08:12:03,246 [ERROR] LogOutputStream:75 - [STDERR_REDIRECT] [Fatal Error] :1:1: Premature end of file.
2025-03-05 08:12:03,246 [ERROR] LogOutputStream:75 - [STDERR_REDIRECT] 
2025-03-05 08:12:03,321 [FATAL] Updater:351 - Updater called before beeing initialized
2025-03-05 08:12:03,323 [INFO] CADModel:165 - CPN selected for project level
2025-03-05 08:12:03,323 [INFO] CADModel:114 - Register for checkConnection events
2025-03-05 08:12:03,323 [FATAL] Updater:351 - Updater called before beeing initialized
2025-03-05 08:12:03,323 [ERROR] CADModel:125 - Updater not yet initialized, retry later 
2025-03-05 08:12:03,327 [FATAL] Updater:351 - Updater called before beeing initialized
2025-03-05 08:12:03,418 [FATAL] Updater:351 - Updater called before beeing initialized
2025-03-05 08:12:03,421 [INFO] DbMcusAds:53 - JSON generation date=Thu Sep 30 08:55:09 CEST 2021 (1632984909247)
2025-03-05 08:12:03,421 [FATAL] Updater:351 - Updater called before beeing initialized
2025-03-05 08:12:03,470 [WARN] DetailPanel:346 - Failed to get advertising image, set to default
2025-03-05 08:12:03,671 [FATAL] Updater:351 - Updater called before beeing initialized
2025-03-05 08:12:03,673 [FATAL] Updater:351 - Updater called before beeing initialized
2025-03-05 08:12:03,673 [FATAL] Updater:351 - Updater called before beeing initialized
2025-03-05 08:12:03,673 [WARN] DetailPanel:346 - Failed to get advertising image, set to default
2025-03-05 08:12:03,674 [FATAL] Updater:351 - Updater called before beeing initialized
2025-03-05 08:12:03,705 [ERROR] Updater:1198 - MainUpdater not yet initialized. External WinMGr cannot be set.
2025-03-05 08:12:03,707 [INFO] Updater:1134 - Updater Version found : 6.14.0
2025-03-05 08:12:03,717 [INFO] ApplicationProperties:184 - Using Application install path: C:\ST\STM32CubeIDE_1.17.0\STM32CubeIDE\plugins\com.st.stm32cube.common.mx_6.14.0.202502271554
2025-03-05 08:12:04,262 [ERROR] LogOutputStream:75 - [STDERR_REDIRECT] [Fatal Error] :1:1: Premature end of file.
2025-03-05 08:12:04,263 [ERROR] LogOutputStream:75 - [STDERR_REDIRECT] 
2025-03-05 08:12:05,074 [INFO] ThirdPartyUpdaterWithRetryManager:70 - Updater plugin not ready yet. [2/15]
2025-03-05 08:12:05,274 [ERROR] LogOutputStream:75 - [STDERR_REDIRECT] [Fatal Error] :1:1: Premature end of file.
2025-03-05 08:12:05,274 [ERROR] LogOutputStream:75 - [STDERR_REDIRECT] 
2025-03-05 08:12:05,293 [ERROR] LogOutputStream:75 - [STDERR_REDIRECT] Mar 05, 2025 8:12:05 AM java.util.prefs.WindowsPreferences <init>
2025-03-05 08:12:05,297 [ERROR] LogOutputStream:75 - [STDERR_REDIRECT] WARNING: Could not open/create prefs root node Software\JavaSoft\Prefs at root 0xffffffff80000002. Windows RegCreateKeyEx(...) returned error code 5.
2025-03-05 08:12:05,298 [ERROR] LogOutputStream:75 - [STDERR_REDIRECT] 
2025-03-05 08:12:05,701 [INFO] MainUpdater:2872 - connection check result : 10
2025-03-05 08:12:05,704 [INFO] MainUpdater:289 - Updater Check For Update Now.
2025-03-05 08:12:05,704 [INFO] MicroXplorer:498 - Change Database Version : DB.6.0.140
2025-03-05 08:12:05,761 [INFO] McuFinderGlobals:63 - Set McuFinder mode to 2 (CubeIDE integrated)
2025-03-05 08:12:05,763 [INFO] UserAuth:486 - Internet connection configuration mode: 1
2025-03-05 08:12:05,816 [INFO] JxBrowserEngine:152 - Initiate JxBrowser Engine with user profile folder
2025-03-05 08:12:05,947 [INFO] CheckServerUpdateThread:120 - End of CheckServer Thread
2025-03-05 08:12:06,285 [ERROR] LogOutputStream:75 - [STDERR_REDIRECT] [Fatal Error] :1:1: Premature end of file.
2025-03-05 08:12:06,285 [ERROR] LogOutputStream:75 - [STDERR_REDIRECT] 
2025-03-05 08:12:06,549 [INFO] WebApp:169 - Instantiating new browser for Auth
2025-03-05 08:12:07,237 [INFO] WebApp:463 - Apply proxy settings
2025-03-05 08:12:07,238 [INFO] WebApp:548 - Chromium requires no authentication
2025-03-05 08:12:07,244 [INFO] WebApp:491 - Direct internet connection detected
2025-03-05 08:12:07,261 [ERROR] LogOutputStream:75 - [STDERR_REDIRECT] [Fatal Error] :1:1: Premature end of file.
2025-03-05 08:12:07,261 [ERROR] LogOutputStream:75 - [STDERR_REDIRECT] 
2025-03-05 08:12:07,274 [INFO] WebApp:894 - Register for checkConnection events
2025-03-05 08:12:07,275 [INFO] WebApp:463 - Apply proxy settings
2025-03-05 08:12:07,275 [INFO] WebApp:548 - Chromium requires no authentication
2025-03-05 08:12:07,276 [INFO] WebApp:491 - Direct internet connection detected
2025-03-05 08:12:07,442 [INFO] WebApp:225 - Starting web application
2025-03-05 08:12:07,442 [INFO] WebApp:593 - Web application path used C:\ST\STM32CubeIDE_1.17.0\STM32CubeIDE\plugins\com.st.stm32cube.common.mx_6.14.0.202502271554\db\plugins\mcufinder\reactClient1\index.html
2025-03-05 08:12:07,557 [INFO] UserAuth:486 - Internet connection configuration mode: 1
2025-03-05 08:12:07,648 [INFO] WebApp:191 - Connection restablished
2025-03-05 08:12:08,251 [ERROR] LogOutputStream:75 - [STDERR_REDIRECT] [Fatal Error] :1:1: Premature end of file.
2025-03-05 08:12:08,251 [ERROR] LogOutputStream:75 - [STDERR_REDIRECT] 
2025-03-05 08:12:08,259 [WARN] PackLoader:240 - Cannot read IP mode file for STMicroelectronics.FP-SNS-MOTENVWB1.1.4.0
2025-03-05 08:12:08,274 [WARN] PackLoader:240 - Cannot read IP mode file for STMicroelectronics.FP-ATR-ASTRA1.2.0.2
2025-03-05 08:12:08,277 [WARN] PackLoader:240 - Cannot read IP mode file for STMicroelectronics.FP-ATR-ASTRA1.2.0.1
2025-03-05 08:12:08,294 [WARN] PackLoader:240 - Cannot read IP mode file for STMicroelectronics.X-CUBE-SMBUS.2.1.0
2025-03-05 08:12:08,310 [WARN] PackLoader:240 - Cannot read IP mode file for STMicroelectronics.X-CUBE-WB05N.1.1.0
2025-03-05 08:12:08,351 [WARN] PackLoader:240 - Cannot read IP mode file for STMicroelectronics.X-CUBE-AZRTOS-F7.1.1.0
2025-03-05 08:12:08,401 [WARN] PackLoader:240 - Cannot read IP mode file for STMicroelectronics.X-CUBE-MEMS1.11.0.0
2025-03-05 08:12:08,514 [WARN] PackLoader:240 - Cannot read IP mode file for STMicroelectronics.FP-SNS-FLIGHT1.5.0.2
2025-03-05 08:12:08,525 [WARN] PackLoader:240 - Cannot read IP mode file for Infineon.AIROC-Wi-Fi-Bluetooth-STM32.1.7.0
2025-03-05 08:12:08,533 [WARN] PackLoader:240 - Cannot read IP mode file for STMicroelectronics.X-CUBE-DISPLAY.3.0.0
2025-03-05 08:12:08,538 [WARN] PackLoader:240 - Cannot read IP mode file for STMicroelectronics.X-CUBE-BLE1.7.0.0
2025-03-05 08:12:08,541 [WARN] PackLoader:240 - Cannot read IP mode file for STMicroelectronics.X-CUBE-NFC10.1.0.0
2025-03-05 08:12:08,550 [WARN] PackLoader:240 - Cannot read IP mode file for STMicroelectronics.X-CUBE-BLEMGR.4.0.0
2025-03-05 08:12:08,565 [WARN] PackLoader:240 - Cannot read IP mode file for emotas.I-CUBE-CANOPEN.1.3.0
2025-03-05 08:12:08,575 [WARN] PackLoader:240 - Cannot read IP mode file for STMicroelectronics.X-CUBE-BLEMGR.3.1.0
2025-03-05 08:12:08,585 [WARN] PackLoader:240 - Cannot read IP mode file for STMicroelectronics.X-CUBE-AI.10.0.0
2025-03-05 08:12:08,592 [WARN] PackLoader:240 - Cannot read IP mode file for STMicroelectronics.FP-SNS-SMARTAG2.1.2.0
2025-03-05 08:12:08,663 [WARN] PackLoader:240 - Cannot read IP mode file for STMicroelectronics.X-CUBE-MEMS1.11.1.0
2025-03-05 08:12:08,772 [INFO] LogOutputStream:77 - [STDOUT_REDIRECT] 1 : Invalid condition id : UX_CORESTACK_Condition cause : null
2025-03-05 08:12:08,772 [INFO] LogOutputStream:77 - [STDOUT_REDIRECT] 1 : Invalid condition id : UX_CORESTACK_Condition cause : null
2025-03-05 08:12:08,773 [INFO] LogOutputStream:77 - [STDOUT_REDIRECT] 1 : Invalid condition id : UX_CORESTACK_Condition cause : null
2025-03-05 08:12:08,773 [INFO] LogOutputStream:77 - [STDOUT_REDIRECT] 1 : Invalid condition id : UX_CORESTACK_Condition cause : null
2025-03-05 08:12:08,773 [INFO] LogOutputStream:77 - [STDOUT_REDIRECT] 1 : Invalid condition id : UX_CORESTACK_Condition cause : null
2025-03-05 08:12:08,775 [WARN] PackLoader:240 - Cannot read IP mode file for STMicroelectronics.X-CUBE-AZRTOS-WL.2.0.0
2025-03-05 08:12:08,778 [WARN] PackLoader:240 - Cannot read IP mode file for STMicroelectronics.FP-SNS-MOTENV1.5.0.0
2025-03-05 08:12:08,783 [WARN] PackLoader:240 - Cannot read IP mode file for wolfSSL.I-CUBE-wolfMQTT.1.19.0
2025-03-05 08:12:08,788 [WARN] PackLoader:240 - Cannot read IP mode file for WES.I-CUBE-Cesium.1.3.0
2025-03-05 08:12:08,791 [WARN] PackLoader:240 - Cannot read IP mode file for STMicroelectronics.X-CUBE-BLE2.3.3.0
2025-03-05 08:12:08,795 [WARN] PackLoader:240 - Cannot read IP mode file for STMicroelectronics.X-CUBE-NFC9.1.0.0
2025-03-05 08:12:08,800 [WARN] PackLoader:240 - Cannot read IP mode file for STMicroelectronics.X-CUBE-TCPP.4.1.0
2025-03-05 08:12:08,807 [WARN] PackLoader:240 - Cannot read IP mode file for STMicroelectronics.X-CUBE-AZRTOS-G0.1.1.0
2025-03-05 08:12:08,811 [WARN] PackLoader:240 - Cannot read IP mode file for STMicroelectronics.X-CUBE-SAFEA1.1.2.2
2025-03-05 08:12:08,816 [WARN] PackLoader:240 - Cannot read IP mode file for STMicroelectronics.X-CUBE-NFC4.3.0.0
2025-03-05 08:12:08,821 [WARN] PackLoader:240 - Cannot read IP mode file for EmbeddedOffice.I-CUBE-FS-RTOS.1.0.1
2025-03-05 08:12:08,824 [WARN] PackLoader:240 - Cannot read IP mode file for STMicroelectronics.X-CUBE-TCPP.4.2.0
2025-03-05 08:12:08,831 [WARN] PackLoader:240 - Cannot read IP mode file for RealThread.X-CUBE-RT-Thread_Nano.4.1.1
2025-03-05 08:12:08,834 [WARN] PackLoader:240 - Cannot read IP mode file for STMicroelectronics.FP-ATR-SIGFOX1.3.2.0
2025-03-05 08:12:08,837 [WARN] ConditionMgr:438 - getConditionDescription Invalid condition id : Cortex-A Device cause : null
2025-03-05 08:12:08,852 [WARN] ConditionMgr:1044 - genDependencies : Invalid condition id : Cortex-A Device cause : null
2025-03-05 08:12:08,852 [WARN] ConditionMgr:1044 - genDependencies : Invalid condition id : Cortex-A Device cause : null
2025-03-05 08:12:08,853 [WARN] ConditionMgr:1044 - genDependencies : Invalid condition id : Cortex-A Device cause : null
2025-03-05 08:12:08,856 [WARN] PackLoader:240 - Cannot read IP mode file for STMicroelectronics.X-CUBE-EEPRMA1.5.1.0
2025-03-05 08:12:08,861 [WARN] PackLoader:240 - Cannot read IP mode file for wolfSSL.I-CUBE-wolfSSL.5.7.4
2025-03-05 08:12:08,867 [WARN] PackLoader:240 - Cannot read IP mode file for ITTIA_DB.I-CUBE-ITTIADB.8.9.0
2025-03-05 08:12:08,885 [WARN] PackLoader:240 - Cannot read IP mode file for SEGGER.I-CUBE-embOS.1.3.1
2025-03-05 08:12:08,911 [WARN] PackLoader:240 - Cannot read IP mode file for STMicroelectronics.X-CUBE-ALGOBUILD.1.4.0
2025-03-05 08:12:08,914 [WARN] PackLoader:240 - Cannot read IP mode file for STMicroelectronics.X-CUBE-AI.9.1.0
2025-03-05 08:12:08,922 [WARN] PackLoader:240 - Cannot read IP mode file for STMicroelectronics.X-CUBE-AZRTOS-F4.1.1.0
2025-03-05 08:12:08,926 [WARN] PackLoader:240 - Cannot read IP mode file for STMicroelectronics.X-CUBE-ISPU.2.1.0
2025-03-05 08:12:08,930 [WARN] PackLoader:240 - Cannot read IP mode file for STMicroelectronics.X-CUBE-FREERTOS.1.2.0
2025-03-05 08:12:08,939 [WARN] PackLoader:240 - Cannot read IP mode file for STMicroelectronics.X-CUBE-AZRTOS-L5.2.0.0
2025-03-05 08:12:08,944 [WARN] PackLoader:240 - Cannot read IP mode file for STMicroelectronics.X-CUBE-NFC6.3.1.0
2025-03-05 08:12:08,948 [WARN] PackLoader:240 - Cannot read IP mode file for STMicroelectronics.X-CUBE-DPower.1.2.0
2025-03-05 08:12:08,951 [WARN] PackLoader:240 - Cannot read IP mode file for STMicroelectronics.X-CUBE-FREERTOS.1.3.0
2025-03-05 08:12:08,954 [WARN] PackLoader:240 - Cannot read IP mode file for STMicroelectronics.X-CUBE-NFC7.1.0.1
2025-03-05 08:12:08,961 [WARN] ConditionMgr:438 - getConditionDescription Invalid condition id : LAN8742 Phy interface Condition cause : null
2025-03-05 08:12:08,962 [WARN] PackLoader:240 - Cannot read IP mode file for STMicroelectronics.X-CUBE-AZRTOS-L4.2.0.0
2025-03-05 08:12:08,962 [WARN] ConditionMgr:1044 - genDependencies : Invalid condition id : LAN8742 Phy interface Condition cause : null
2025-03-05 08:12:08,962 [WARN] ConditionMgr:1044 - genDependencies : Invalid condition id : LAN8742 Phy interface Condition cause : null
2025-03-05 08:12:08,962 [WARN] ConditionMgr:1044 - genDependencies : Invalid condition id : LAN8742 Phy interface Condition cause : null
2025-03-05 08:12:08,967 [WARN] PackLoader:240 - Cannot read IP mode file for STMicroelectronics.X-CUBE-SFXS2LP1.4.0.0
2025-03-05 08:12:08,976 [WARN] PackLoader:240 - Cannot read IP mode file for STMicroelectronics.X-CUBE-AZRTOS-H7.3.3.0
2025-03-05 08:12:08,986 [WARN] PackLoader:240 - Cannot read IP mode file for STMicroelectronics.X-CUBE-IPS.3.0.0
2025-03-05 08:12:08,996 [WARN] ConditionMgr:438 - getConditionDescription Invalid condition id : UX DEVICE CLASS RTOS Condition cause : null
2025-03-05 08:12:08,996 [WARN] ConditionMgr:438 - getConditionDescription Invalid condition id : UX DEVICE CLASS RTOS Condition cause : null
2025-03-05 08:12:08,997 [WARN] PackLoader:240 - Cannot read IP mode file for STMicroelectronics.X-CUBE-AZRTOS-WB.2.0.0
2025-03-05 08:12:08,997 [WARN] ConditionMgr:1044 - genDependencies : Invalid condition id : UX DEVICE CLASS RTOS Condition cause : null
2025-03-05 08:12:08,997 [WARN] ConditionMgr:1044 - genDependencies : Invalid condition id : UX DEVICE CLASS RTOS Condition cause : null
2025-03-05 08:12:08,998 [WARN] ConditionMgr:1044 - genDependencies : Invalid condition id : UX DEVICE CLASS RTOS Condition cause : null
2025-03-05 08:12:08,998 [WARN] ConditionMgr:1044 - genDependencies : Invalid condition id : UX DEVICE CLASS RTOS Condition cause : null
2025-03-05 08:12:08,998 [WARN] ConditionMgr:1044 - genDependencies : Invalid condition id : UX DEVICE CLASS RTOS Condition cause : null
2025-03-05 08:12:09,002 [WARN] PackLoader:240 - Cannot read IP mode file for STMicroelectronics.X-CUBE-GNSS1.7.0.0
2025-03-05 08:12:09,004 [WARN] PackLoader:240 - Cannot read IP mode file for STMicroelectronics.X-CUBE-GNSS1.7.0.1
2025-03-05 08:12:09,009 [WARN] PackLoader:240 - Cannot read IP mode file for STMicroelectronics.FP-SNS-STBOX1.2.0.0
2025-03-05 08:12:09,016 [WARN] PackLoader:240 - Cannot read IP mode file for STMicroelectronics.X-CUBE-SUBG2.5.0.0
2025-03-05 08:12:09,021 [WARN] PackLoader:240 - Cannot read IP mode file for Cesanta.I-CUBE-Mongoose.7.13.0
2025-03-05 08:12:09,027 [WARN] PackLoader:240 - Cannot read IP mode file for STMicroelectronics.X-CUBE-AZRTOS-G4.2.0.0
2025-03-05 08:12:09,035 [WARN] PackLoader:240 - Cannot read IP mode file for STMicroelectronics.X-CUBE-IPS.3.1.0
2025-03-05 08:12:09,040 [WARN] PackLoader:240 - Cannot read IP mode file for STMicroelectronics.X-CUBE-ALS.1.0.2
2025-03-05 08:12:09,046 [WARN] PackLoader:240 - Cannot read IP mode file for STMicroelectronics.X-CUBE-TOUCHGFX.4.24.2
2025-03-05 08:12:09,049 [WARN] PackLoader:240 - Cannot read IP mode file for STMicroelectronics.X-CUBE-TOUCHGFX.4.24.1
2025-03-05 08:12:09,051 [WARN] PackLoader:240 - Cannot read IP mode file for wolfSSL.I-CUBE-wolfTPM.3.4.0
2025-03-05 08:12:09,062 [WARN] PackLoader:240 - Cannot read IP mode file for portGmbH.I-Cube-SoM-uGOAL.1.1.0
2025-03-05 08:12:09,084 [WARN] PackLoader:240 - Cannot read IP mode file for STMicroelectronics.X-CUBE-AZRTOS-H7RS.1.0.0
2025-03-05 08:12:09,090 [WARN] PackLoader:240 - Cannot read IP mode file for STMicroelectronics.FP-ATR-ASTRA1.2.0.0
2025-03-05 08:12:09,102 [WARN] PackLoader:240 - Cannot read IP mode file for STMicroelectronics.X-CUBE-TOF1.3.4.2
2025-03-05 08:12:09,141 [WARN] PackLoader:240 - Cannot read IP mode file for Infineon.AIROC-Wi-Fi-Bluetooth-STM32.1.6.1
2025-03-05 08:12:09,151 [WARN] PackLoader:240 - Cannot read IP mode file for wolfSSL.I-CUBE-wolfSSH.1.4.17
2025-03-05 08:12:09,152 [INFO] ThirdParty:978 - Integrity check success = true
2025-03-05 08:12:09,152 [INFO] IntegrityCheckThread:100 - exiting critical section [integrity check]
2025-03-05 08:12:09,152 [INFO] IntegrityCheckThread:103 - End integrity checks thread
2025-03-05 08:12:09,249 [ERROR] LogOutputStream:75 - [STDERR_REDIRECT] [Fatal Error] :1:1: Premature end of file.
2025-03-05 08:12:09,250 [ERROR] LogOutputStream:75 - [STDERR_REDIRECT] 
2025-03-05 08:12:10,253 [ERROR] LogOutputStream:75 - [STDERR_REDIRECT] [Fatal Error] :1:1: Premature end of file.
2025-03-05 08:12:10,253 [ERROR] LogOutputStream:75 - [STDERR_REDIRECT] 
2025-03-05 08:12:11,249 [ERROR] LogOutputStream:75 - [STDERR_REDIRECT] [Fatal Error] :1:1: Premature end of file.
2025-03-05 08:12:11,249 [ERROR] LogOutputStream:75 - [STDERR_REDIRECT] 
2025-03-05 08:12:12,287 [ERROR] LogOutputStream:75 - [STDERR_REDIRECT] [Fatal Error] :1:1: Premature end of file.
2025-03-05 08:12:12,288 [ERROR] LogOutputStream:75 - [STDERR_REDIRECT] 
2025-03-05 08:12:13,277 [ERROR] LogOutputStream:75 - [STDERR_REDIRECT] [Fatal Error] :1:1: Premature end of file.
2025-03-05 08:12:13,277 [ERROR] LogOutputStream:75 - [STDERR_REDIRECT] 
2025-03-05 08:12:14,251 [ERROR] LogOutputStream:75 - [STDERR_REDIRECT] [Fatal Error] :1:1: Premature end of file.
2025-03-05 08:12:14,251 [ERROR] LogOutputStream:75 - [STDERR_REDIRECT] 
2025-03-05 08:12:15,291 [ERROR] LogOutputStream:75 - [STDERR_REDIRECT] [Fatal Error] :1:1: Premature end of file.
2025-03-05 08:12:15,291 [ERROR] LogOutputStream:75 - [STDERR_REDIRECT] 
2025-03-05 08:12:16,283 [ERROR] LogOutputStream:75 - [STDERR_REDIRECT] [Fatal Error] :1:1: Premature end of file.
2025-03-05 08:12:16,283 [ERROR] LogOutputStream:75 - [STDERR_REDIRECT] 
2025-03-05 08:12:17,275 [ERROR] LogOutputStream:75 - [STDERR_REDIRECT] [Fatal Error] :1:1: Premature end of file.
2025-03-05 08:12:17,276 [ERROR] LogOutputStream:75 - [STDERR_REDIRECT] 
2025-03-05 08:12:18,272 [ERROR] LogOutputStream:75 - [STDERR_REDIRECT] [Fatal Error] :1:1: Premature end of file.
2025-03-05 08:12:18,272 [ERROR] LogOutputStream:75 - [STDERR_REDIRECT] 
2025-03-05 08:12:19,285 [ERROR] LogOutputStream:75 - [STDERR_REDIRECT] [Fatal Error] :1:1: Premature end of file.
2025-03-05 08:12:19,285 [ERROR] LogOutputStream:75 - [STDERR_REDIRECT] 
2025-03-05 08:12:20,266 [ERROR] LogOutputStream:75 - [STDERR_REDIRECT] [Fatal Error] :1:1: Premature end of file.
2025-03-05 08:12:20,266 [ERROR] LogOutputStream:75 - [STDERR_REDIRECT] 
2025-03-05 08:12:21,280 [ERROR] LogOutputStream:75 - [STDERR_REDIRECT] [Fatal Error] :1:1: Premature end of file.
2025-03-05 08:12:21,280 [ERROR] LogOutputStream:75 - [STDERR_REDIRECT] 
2025-03-05 08:12:22,273 [ERROR] LogOutputStream:75 - [STDERR_REDIRECT] [Fatal Error] :1:1: Premature end of file.
2025-03-05 08:12:22,274 [ERROR] LogOutputStream:75 - [STDERR_REDIRECT] 
2025-03-05 08:12:23,277 [ERROR] LogOutputStream:75 - [STDERR_REDIRECT] [Fatal Error] :1:1: Premature end of file.
2025-03-05 08:12:23,277 [ERROR] LogOutputStream:75 - [STDERR_REDIRECT] 
2025-03-05 08:12:24,278 [ERROR] LogOutputStream:75 - [STDERR_REDIRECT] [Fatal Error] :1:1: Premature end of file.
2025-03-05 08:12:24,279 [ERROR] LogOutputStream:75 - [STDERR_REDIRECT] 
2025-03-05 08:12:25,283 [ERROR] LogOutputStream:75 - [STDERR_REDIRECT] [Fatal Error] :1:1: Premature end of file.
2025-03-05 08:12:25,284 [ERROR] LogOutputStream:75 - [STDERR_REDIRECT] 
2025-03-05 08:12:26,267 [ERROR] LogOutputStream:75 - [STDERR_REDIRECT] [Fatal Error] :1:1: Premature end of file.
2025-03-05 08:12:26,267 [ERROR] LogOutputStream:75 - [STDERR_REDIRECT] 
2025-03-05 08:12:27,278 [ERROR] LogOutputStream:75 - [STDERR_REDIRECT] [Fatal Error] :1:1: Premature end of file.
2025-03-05 08:12:27,279 [ERROR] LogOutputStream:75 - [STDERR_REDIRECT] 
2025-03-05 08:12:28,257 [ERROR] LogOutputStream:75 - [STDERR_REDIRECT] [Fatal Error] :1:1: Premature end of file.
2025-03-05 08:12:28,259 [ERROR] LogOutputStream:75 - [STDERR_REDIRECT] 
2025-03-05 08:12:29,255 [ERROR] LogOutputStream:75 - [STDERR_REDIRECT] [Fatal Error] :1:1: Premature end of file.
2025-03-05 08:12:29,255 [ERROR] LogOutputStream:75 - [STDERR_REDIRECT] 
2025-03-05 08:12:30,313 [ERROR] LogOutputStream:75 - [STDERR_REDIRECT] [Fatal Error] :1:1: Premature end of file.
2025-03-05 08:12:30,314 [ERROR] LogOutputStream:75 - [STDERR_REDIRECT] 
2025-03-05 08:12:31,246 [ERROR] LogOutputStream:75 - [STDERR_REDIRECT] [Fatal Error] :1:1: Premature end of file.
2025-03-05 08:12:31,246 [ERROR] LogOutputStream:75 - [STDERR_REDIRECT] 
2025-03-05 08:12:32,254 [ERROR] LogOutputStream:75 - [STDERR_REDIRECT] [Fatal Error] :1:1: Premature end of file.
2025-03-05 08:12:32,254 [ERROR] LogOutputStream:75 - [STDERR_REDIRECT] 
2025-03-05 08:12:33,257 [ERROR] LogOutputStream:75 - [STDERR_REDIRECT] [Fatal Error] :1:1: Premature end of file.
2025-03-05 08:12:33,258 [ERROR] LogOutputStream:75 - [STDERR_REDIRECT] 
2025-03-05 08:12:34,301 [ERROR] LogOutputStream:75 - [STDERR_REDIRECT] [Fatal Error] :1:1: Premature end of file.
2025-03-05 08:12:34,301 [ERROR] LogOutputStream:75 - [STDERR_REDIRECT] 
2025-03-05 08:12:35,277 [ERROR] LogOutputStream:75 - [STDERR_REDIRECT] [Fatal Error] :1:1: Premature end of file.
2025-03-05 08:12:35,277 [ERROR] LogOutputStream:75 - [STDERR_REDIRECT] 
2025-03-05 08:12:36,308 [ERROR] LogOutputStream:75 - [STDERR_REDIRECT] [Fatal Error] :1:1: Premature end of file.
2025-03-05 08:12:36,308 [ERROR] LogOutputStream:75 - [STDERR_REDIRECT] 
2025-03-05 08:12:37,259 [ERROR] LogOutputStream:75 - [STDERR_REDIRECT] [Fatal Error] :1:1: Premature end of file.
2025-03-05 08:12:37,259 [ERROR] LogOutputStream:75 - [STDERR_REDIRECT] 
2025-03-05 08:12:38,282 [ERROR] LogOutputStream:75 - [STDERR_REDIRECT] [Fatal Error] :1:1: Premature end of file.
2025-03-05 08:12:38,282 [ERROR] LogOutputStream:75 - [STDERR_REDIRECT] 
2025-03-05 08:12:39,264 [ERROR] LogOutputStream:75 - [STDERR_REDIRECT] [Fatal Error] :1:1: Premature end of file.
2025-03-05 08:12:39,265 [ERROR] LogOutputStream:75 - [STDERR_REDIRECT] 
2025-03-05 08:12:40,244 [ERROR] LogOutputStream:75 - [STDERR_REDIRECT] [Fatal Error] :1:1: Premature end of file.
2025-03-05 08:12:40,244 [ERROR] LogOutputStream:75 - [STDERR_REDIRECT] 
2025-03-05 08:12:41,254 [ERROR] LogOutputStream:75 - [STDERR_REDIRECT] [Fatal Error] :1:1: Premature end of file.
2025-03-05 08:12:41,255 [ERROR] LogOutputStream:75 - [STDERR_REDIRECT] 
2025-03-05 08:12:42,287 [ERROR] LogOutputStream:75 - [STDERR_REDIRECT] [Fatal Error] :1:1: Premature end of file.
2025-03-05 08:12:42,288 [ERROR] LogOutputStream:75 - [STDERR_REDIRECT] 
2025-03-05 08:12:43,284 [ERROR] LogOutputStream:75 - [STDERR_REDIRECT] [Fatal Error] :1:1: Premature end of file.
2025-03-05 08:12:43,284 [ERROR] LogOutputStream:75 - [STDERR_REDIRECT] 
2025-03-05 08:12:44,295 [ERROR] LogOutputStream:75 - [STDERR_REDIRECT] [Fatal Error] :1:1: Premature end of file.
2025-03-05 08:12:44,296 [ERROR] LogOutputStream:75 - [STDERR_REDIRECT] 
2025-03-05 08:12:45,275 [ERROR] LogOutputStream:75 - [STDERR_REDIRECT] [Fatal Error] :1:1: Premature end of file.
2025-03-05 08:12:45,275 [ERROR] LogOutputStream:75 - [STDERR_REDIRECT] 
2025-03-05 08:12:46,298 [ERROR] LogOutputStream:75 - [STDERR_REDIRECT] [Fatal Error] :1:1: Premature end of file.
2025-03-05 08:12:46,298 [ERROR] LogOutputStream:75 - [STDERR_REDIRECT] 
2025-03-05 08:12:47,274 [ERROR] LogOutputStream:75 - [STDERR_REDIRECT] [Fatal Error] :1:1: Premature end of file.
2025-03-05 08:12:47,275 [ERROR] LogOutputStream:75 - [STDERR_REDIRECT] 
2025-03-05 08:12:48,267 [ERROR] LogOutputStream:75 - [STDERR_REDIRECT] [Fatal Error] :1:1: Premature end of file.
2025-03-05 08:12:48,268 [ERROR] LogOutputStream:75 - [STDERR_REDIRECT] 
2025-03-05 08:12:49,283 [ERROR] LogOutputStream:75 - [STDERR_REDIRECT] [Fatal Error] :1:1: Premature end of file.
2025-03-05 08:12:49,283 [ERROR] LogOutputStream:75 - [STDERR_REDIRECT] 
2025-03-05 08:12:50,256 [ERROR] LogOutputStream:75 - [STDERR_REDIRECT] [Fatal Error] :1:1: Premature end of file.
2025-03-05 08:12:50,256 [ERROR] LogOutputStream:75 - [STDERR_REDIRECT] 
2025-03-05 08:12:51,267 [ERROR] LogOutputStream:75 - [STDERR_REDIRECT] [Fatal Error] :1:1: Premature end of file.
2025-03-05 08:12:51,267 [ERROR] LogOutputStream:75 - [STDERR_REDIRECT] 
2025-03-05 08:12:52,283 [ERROR] LogOutputStream:75 - [STDERR_REDIRECT] [Fatal Error] :1:1: Premature end of file.
2025-03-05 08:12:52,283 [ERROR] LogOutputStream:75 - [STDERR_REDIRECT] 
2025-03-05 08:12:53,291 [ERROR] LogOutputStream:75 - [STDERR_REDIRECT] [Fatal Error] :1:1: Premature end of file.
2025-03-05 08:12:53,291 [ERROR] LogOutputStream:75 - [STDERR_REDIRECT] 
2025-03-05 08:12:54,250 [ERROR] LogOutputStream:75 - [STDERR_REDIRECT] [Fatal Error] :1:1: Premature end of file.
2025-03-05 08:12:54,250 [ERROR] LogOutputStream:75 - [STDERR_REDIRECT] 
2025-03-05 08:12:55,253 [ERROR] LogOutputStream:75 - [STDERR_REDIRECT] [Fatal Error] :1:1: Premature end of file.
2025-03-05 08:12:55,253 [ERROR] LogOutputStream:75 - [STDERR_REDIRECT] 
2025-03-05 08:12:56,316 [ERROR] LogOutputStream:75 - [STDERR_REDIRECT] [Fatal Error] :1:1: Premature end of file.
2025-03-05 08:12:56,316 [ERROR] LogOutputStream:75 - [STDERR_REDIRECT] 
2025-03-05 08:12:57,309 [ERROR] LogOutputStream:75 - [STDERR_REDIRECT] [Fatal Error] :1:1: Premature end of file.
2025-03-05 08:12:57,310 [ERROR] LogOutputStream:75 - [STDERR_REDIRECT] 
2025-03-05 08:12:58,264 [ERROR] LogOutputStream:75 - [STDERR_REDIRECT] [Fatal Error] :1:1: Premature end of file.
2025-03-05 08:12:58,265 [ERROR] LogOutputStream:75 - [STDERR_REDIRECT] 
2025-03-05 08:12:59,281 [ERROR] LogOutputStream:75 - [STDERR_REDIRECT] [Fatal Error] :1:1: Premature end of file.
2025-03-05 08:12:59,282 [ERROR] LogOutputStream:75 - [STDERR_REDIRECT] 
2025-03-05 08:13:00,251 [ERROR] LogOutputStream:75 - [STDERR_REDIRECT] [Fatal Error] :1:1: Premature end of file.
2025-03-05 08:13:00,251 [ERROR] LogOutputStream:75 - [STDERR_REDIRECT] 
2025-03-05 08:13:01,254 [ERROR] LogOutputStream:75 - [STDERR_REDIRECT] [Fatal Error] :1:1: Premature end of file.
2025-03-05 08:13:01,255 [ERROR] LogOutputStream:75 - [STDERR_REDIRECT] 
2025-03-05 08:13:02,285 [ERROR] LogOutputStream:75 - [STDERR_REDIRECT] [Fatal Error] :1:1: Premature end of file.
2025-03-05 08:13:02,285 [ERROR] LogOutputStream:75 - [STDERR_REDIRECT] 
2025-03-05 08:13:03,306 [ERROR] LogOutputStream:75 - [STDERR_REDIRECT] [Fatal Error] :1:1: Premature end of file.
2025-03-05 08:13:03,307 [ERROR] LogOutputStream:75 - [STDERR_REDIRECT] 
2025-03-05 08:13:04,306 [ERROR] LogOutputStream:75 - [STDERR_REDIRECT] [Fatal Error] :1:1: Premature end of file.
2025-03-05 08:13:04,307 [ERROR] LogOutputStream:75 - [STDERR_REDIRECT] 
2025-03-05 08:13:05,282 [ERROR] LogOutputStream:75 - [STDERR_REDIRECT] [Fatal Error] :1:1: Premature end of file.
2025-03-05 08:13:05,283 [ERROR] LogOutputStream:75 - [STDERR_REDIRECT] 
2025-03-05 08:13:06,280 [ERROR] LogOutputStream:75 - [STDERR_REDIRECT] [Fatal Error] :1:1: Premature end of file.
2025-03-05 08:13:06,281 [ERROR] LogOutputStream:75 - [STDERR_REDIRECT] 
2025-03-05 08:13:07,275 [ERROR] LogOutputStream:75 - [STDERR_REDIRECT] [Fatal Error] :1:1: Premature end of file.
2025-03-05 08:13:07,276 [ERROR] LogOutputStream:75 - [STDERR_REDIRECT] 
2025-03-05 08:13:08,297 [ERROR] LogOutputStream:75 - [STDERR_REDIRECT] [Fatal Error] :1:1: Premature end of file.
2025-03-05 08:13:08,298 [ERROR] LogOutputStream:75 - [STDERR_REDIRECT] 
2025-03-05 08:13:09,294 [ERROR] LogOutputStream:75 - [STDERR_REDIRECT] [Fatal Error] :1:1: Premature end of file.
2025-03-05 08:13:09,295 [ERROR] LogOutputStream:75 - [STDERR_REDIRECT] 
2025-03-05 08:13:10,277 [ERROR] LogOutputStream:75 - [STDERR_REDIRECT] [Fatal Error] :1:1: Premature end of file.
2025-03-05 08:13:10,278 [ERROR] LogOutputStream:75 - [STDERR_REDIRECT] 
2025-03-05 08:13:11,307 [ERROR] LogOutputStream:75 - [STDERR_REDIRECT] [Fatal Error] :1:1: Premature end of file.
2025-03-05 08:13:11,308 [ERROR] LogOutputStream:75 - [STDERR_REDIRECT] 
2025-03-05 08:13:12,283 [ERROR] LogOutputStream:75 - [STDERR_REDIRECT] [Fatal Error] :1:1: Premature end of file.
2025-03-05 08:13:12,284 [ERROR] LogOutputStream:75 - [STDERR_REDIRECT] 
2025-03-05 08:13:13,294 [ERROR] LogOutputStream:75 - [STDERR_REDIRECT] [Fatal Error] :1:1: Premature end of file.
2025-03-05 08:13:13,294 [ERROR] LogOutputStream:75 - [STDERR_REDIRECT] 
2025-03-05 08:13:14,286 [ERROR] LogOutputStream:75 - [STDERR_REDIRECT] [Fatal Error] :1:1: Premature end of file.
2025-03-05 08:13:14,286 [ERROR] LogOutputStream:75 - [STDERR_REDIRECT] 
2025-03-05 08:13:15,280 [ERROR] LogOutputStream:75 - [STDERR_REDIRECT] [Fatal Error] :1:1: Premature end of file.
2025-03-05 08:13:15,280 [ERROR] LogOutputStream:75 - [STDERR_REDIRECT] 
2025-03-05 08:13:16,253 [ERROR] LogOutputStream:75 - [STDERR_REDIRECT] [Fatal Error] :1:1: Premature end of file.
2025-03-05 08:13:16,253 [ERROR] LogOutputStream:75 - [STDERR_REDIRECT] 
2025-03-05 08:13:17,269 [ERROR] LogOutputStream:75 - [STDERR_REDIRECT] [Fatal Error] :1:1: Premature end of file.
2025-03-05 08:13:17,269 [ERROR] LogOutputStream:75 - [STDERR_REDIRECT] 
2025-03-05 08:13:18,249 [ERROR] LogOutputStream:75 - [STDERR_REDIRECT] [Fatal Error] :1:1: Premature end of file.
2025-03-05 08:13:18,250 [ERROR] LogOutputStream:75 - [STDERR_REDIRECT] 
2025-03-05 08:13:19,293 [ERROR] LogOutputStream:75 - [STDERR_REDIRECT] [Fatal Error] :1:1: Premature end of file.
2025-03-05 08:13:19,293 [ERROR] LogOutputStream:75 - [STDERR_REDIRECT] 
2025-03-05 08:13:20,293 [ERROR] LogOutputStream:75 - [STDERR_REDIRECT] [Fatal Error] :1:1: Premature end of file.
2025-03-05 08:13:20,293 [ERROR] LogOutputStream:75 - [STDERR_REDIRECT] 
2025-03-05 08:13:21,286 [ERROR] LogOutputStream:75 - [STDERR_REDIRECT] [Fatal Error] :1:1: Premature end of file.
2025-03-05 08:13:21,286 [ERROR] LogOutputStream:75 - [STDERR_REDIRECT] 
2025-03-05 08:13:22,280 [ERROR] LogOutputStream:75 - [STDERR_REDIRECT] [Fatal Error] :1:1: Premature end of file.
2025-03-05 08:13:22,280 [ERROR] LogOutputStream:75 - [STDERR_REDIRECT] 
2025-03-05 08:13:23,272 [ERROR] LogOutputStream:75 - [STDERR_REDIRECT] [Fatal Error] :1:1: Premature end of file.
2025-03-05 08:13:23,272 [ERROR] LogOutputStream:75 - [STDERR_REDIRECT] 
2025-03-05 08:13:24,250 [ERROR] LogOutputStream:75 - [STDERR_REDIRECT] [Fatal Error] :1:1: Premature end of file.
2025-03-05 08:13:24,250 [ERROR] LogOutputStream:75 - [STDERR_REDIRECT] 
2025-03-05 08:13:25,252 [ERROR] LogOutputStream:75 - [STDERR_REDIRECT] [Fatal Error] :1:1: Premature end of file.
2025-03-05 08:13:25,252 [ERROR] LogOutputStream:75 - [STDERR_REDIRECT] 
2025-03-05 08:13:26,266 [ERROR] LogOutputStream:75 - [STDERR_REDIRECT] [Fatal Error] :1:1: Premature end of file.
2025-03-05 08:13:26,267 [ERROR] LogOutputStream:75 - [STDERR_REDIRECT] 
2025-03-05 08:13:27,285 [ERROR] LogOutputStream:75 - [STDERR_REDIRECT] [Fatal Error] :1:1: Premature end of file.
2025-03-05 08:13:27,285 [ERROR] LogOutputStream:75 - [STDERR_REDIRECT] 
2025-03-05 08:13:28,317 [ERROR] LogOutputStream:75 - [STDERR_REDIRECT] [Fatal Error] :1:1: Premature end of file.
2025-03-05 08:13:28,317 [ERROR] LogOutputStream:75 - [STDERR_REDIRECT] 
2025-03-05 08:13:29,286 [ERROR] LogOutputStream:75 - [STDERR_REDIRECT] [Fatal Error] :1:1: Premature end of file.
2025-03-05 08:13:29,287 [ERROR] LogOutputStream:75 - [STDERR_REDIRECT] 
2025-03-05 08:13:30,278 [ERROR] LogOutputStream:75 - [STDERR_REDIRECT] [Fatal Error] :1:1: Premature end of file.
2025-03-05 08:13:30,279 [ERROR] LogOutputStream:75 - [STDERR_REDIRECT] 
2025-03-05 08:13:31,277 [ERROR] LogOutputStream:75 - [STDERR_REDIRECT] [Fatal Error] :1:1: Premature end of file.
2025-03-05 08:13:31,277 [ERROR] LogOutputStream:75 - [STDERR_REDIRECT] 
2025-03-05 08:13:32,255 [ERROR] LogOutputStream:75 - [STDERR_REDIRECT] [Fatal Error] :1:1: Premature end of file.
2025-03-05 08:13:32,255 [ERROR] LogOutputStream:75 - [STDERR_REDIRECT] 
2025-03-05 08:13:33,282 [ERROR] LogOutputStream:75 - [STDERR_REDIRECT] [Fatal Error] :1:1: Premature end of file.
2025-03-05 08:13:33,283 [ERROR] LogOutputStream:75 - [STDERR_REDIRECT] 
2025-03-05 08:13:34,260 [ERROR] LogOutputStream:75 - [STDERR_REDIRECT] [Fatal Error] :1:1: Premature end of file.
2025-03-05 08:13:34,261 [ERROR] LogOutputStream:75 - [STDERR_REDIRECT] 
2025-03-05 08:13:35,283 [ERROR] LogOutputStream:75 - [STDERR_REDIRECT] [Fatal Error] :1:1: Premature end of file.
2025-03-05 08:13:35,283 [ERROR] LogOutputStream:75 - [STDERR_REDIRECT] 
2025-03-05 08:13:36,276 [ERROR] LogOutputStream:75 - [STDERR_REDIRECT] [Fatal Error] :1:1: Premature end of file.
2025-03-05 08:13:36,277 [ERROR] LogOutputStream:75 - [STDERR_REDIRECT] 
2025-03-05 08:13:37,280 [ERROR] LogOutputStream:75 - [STDERR_REDIRECT] [Fatal Error] :1:1: Premature end of file.
2025-03-05 08:13:37,280 [ERROR] LogOutputStream:75 - [STDERR_REDIRECT] 
2025-03-05 08:13:38,289 [ERROR] LogOutputStream:75 - [STDERR_REDIRECT] [Fatal Error] :1:1: Premature end of file.
2025-03-05 08:13:38,290 [ERROR] LogOutputStream:75 - [STDERR_REDIRECT] 
2025-03-05 08:13:39,278 [ERROR] LogOutputStream:75 - [STDERR_REDIRECT] [Fatal Error] :1:1: Premature end of file.
2025-03-05 08:13:39,278 [ERROR] LogOutputStream:75 - [STDERR_REDIRECT] 
2025-03-05 08:13:40,280 [ERROR] LogOutputStream:75 - [STDERR_REDIRECT] [Fatal Error] :1:1: Premature end of file.
2025-03-05 08:13:40,280 [ERROR] LogOutputStream:75 - [STDERR_REDIRECT] 
2025-03-05 08:13:41,311 [ERROR] LogOutputStream:75 - [STDERR_REDIRECT] [Fatal Error] :1:1: Premature end of file.
2025-03-05 08:13:41,312 [ERROR] LogOutputStream:75 - [STDERR_REDIRECT] 
2025-03-05 08:13:42,301 [ERROR] LogOutputStream:75 - [STDERR_REDIRECT] [Fatal Error] :1:1: Premature end of file.
2025-03-05 08:13:42,302 [ERROR] LogOutputStream:75 - [STDERR_REDIRECT] 
2025-03-05 08:13:43,287 [ERROR] LogOutputStream:75 - [STDERR_REDIRECT] [Fatal Error] :1:1: Premature end of file.
2025-03-05 08:13:43,287 [ERROR] LogOutputStream:75 - [STDERR_REDIRECT] 
2025-03-05 08:13:44,297 [ERROR] LogOutputStream:75 - [STDERR_REDIRECT] [Fatal Error] :1:1: Premature end of file.
2025-03-05 08:13:44,298 [ERROR] LogOutputStream:75 - [STDERR_REDIRECT] 
2025-03-05 08:13:45,293 [ERROR] LogOutputStream:75 - [STDERR_REDIRECT] [Fatal Error] :1:1: Premature end of file.
2025-03-05 08:13:45,294 [ERROR] LogOutputStream:75 - [STDERR_REDIRECT] 
2025-03-05 08:13:46,291 [ERROR] LogOutputStream:75 - [STDERR_REDIRECT] [Fatal Error] :1:1: Premature end of file.
2025-03-05 08:13:46,292 [ERROR] LogOutputStream:75 - [STDERR_REDIRECT] 
2025-03-05 08:13:47,269 [ERROR] LogOutputStream:75 - [STDERR_REDIRECT] [Fatal Error] :1:1: Premature end of file.
2025-03-05 08:13:47,270 [ERROR] LogOutputStream:75 - [STDERR_REDIRECT] 
2025-03-05 08:13:48,257 [ERROR] LogOutputStream:75 - [STDERR_REDIRECT] [Fatal Error] :1:1: Premature end of file.
2025-03-05 08:13:48,257 [ERROR] LogOutputStream:75 - [STDERR_REDIRECT] 
2025-03-05 08:13:49,288 [ERROR] LogOutputStream:75 - [STDERR_REDIRECT] [Fatal Error] :1:1: Premature end of file.
2025-03-05 08:13:49,289 [ERROR] LogOutputStream:75 - [STDERR_REDIRECT] 
2025-03-05 08:13:50,302 [ERROR] LogOutputStream:75 - [STDERR_REDIRECT] [Fatal Error] :1:1: Premature end of file.
2025-03-05 08:13:50,303 [ERROR] LogOutputStream:75 - [STDERR_REDIRECT] 
2025-03-05 08:13:51,283 [ERROR] LogOutputStream:75 - [STDERR_REDIRECT] [Fatal Error] :1:1: Premature end of file.
2025-03-05 08:13:51,284 [ERROR] LogOutputStream:75 - [STDERR_REDIRECT] 
2025-03-05 08:13:52,289 [ERROR] LogOutputStream:75 - [STDERR_REDIRECT] [Fatal Error] :1:1: Premature end of file.
2025-03-05 08:13:52,289 [ERROR] LogOutputStream:75 - [STDERR_REDIRECT] 
2025-03-05 08:13:53,284 [ERROR] LogOutputStream:75 - [STDERR_REDIRECT] [Fatal Error] :1:1: Premature end of file.
2025-03-05 08:13:53,285 [ERROR] LogOutputStream:75 - [STDERR_REDIRECT] 
2025-03-05 08:13:54,289 [ERROR] LogOutputStream:75 - [STDERR_REDIRECT] [Fatal Error] :1:1: Premature end of file.
2025-03-05 08:13:54,290 [ERROR] LogOutputStream:75 - [STDERR_REDIRECT] 
2025-03-05 08:13:55,289 [ERROR] LogOutputStream:75 - [STDERR_REDIRECT] [Fatal Error] :1:1: Premature end of file.
2025-03-05 08:13:55,290 [ERROR] LogOutputStream:75 - [STDERR_REDIRECT] 
2025-03-05 08:13:56,278 [ERROR] LogOutputStream:75 - [STDERR_REDIRECT] [Fatal Error] :1:1: Premature end of file.
2025-03-05 08:13:56,278 [ERROR] LogOutputStream:75 - [STDERR_REDIRECT] 
2025-03-05 08:13:57,283 [ERROR] LogOutputStream:75 - [STDERR_REDIRECT] [Fatal Error] :1:1: Premature end of file.
2025-03-05 08:13:57,283 [ERROR] LogOutputStream:75 - [STDERR_REDIRECT] 
2025-03-05 08:13:58,289 [ERROR] LogOutputStream:75 - [STDERR_REDIRECT] [Fatal Error] :1:1: Premature end of file.
2025-03-05 08:13:58,290 [ERROR] LogOutputStream:75 - [STDERR_REDIRECT] 
2025-03-05 08:13:59,281 [ERROR] LogOutputStream:75 - [STDERR_REDIRECT] [Fatal Error] :1:1: Premature end of file.
2025-03-05 08:13:59,283 [ERROR] LogOutputStream:75 - [STDERR_REDIRECT] 
2025-03-05 08:14:00,291 [ERROR] LogOutputStream:75 - [STDERR_REDIRECT] [Fatal Error] :1:1: Premature end of file.
2025-03-05 08:14:00,291 [ERROR] LogOutputStream:75 - [STDERR_REDIRECT] 
2025-03-05 08:14:01,295 [ERROR] LogOutputStream:75 - [STDERR_REDIRECT] [Fatal Error] :1:1: Premature end of file.
2025-03-05 08:14:01,295 [ERROR] LogOutputStream:75 - [STDERR_REDIRECT] 
2025-03-05 08:14:02,300 [ERROR] LogOutputStream:75 - [STDERR_REDIRECT] [Fatal Error] :1:1: Premature end of file.
2025-03-05 08:14:02,300 [ERROR] LogOutputStream:75 - [STDERR_REDIRECT] 
2025-03-05 08:14:03,273 [ERROR] LogOutputStream:75 - [STDERR_REDIRECT] [Fatal Error] :1:1: Premature end of file.
2025-03-05 08:14:03,274 [ERROR] LogOutputStream:75 - [STDERR_REDIRECT] 
2025-03-05 08:14:04,292 [ERROR] LogOutputStream:75 - [STDERR_REDIRECT] [Fatal Error] :1:1: Premature end of file.
2025-03-05 08:14:04,292 [ERROR] LogOutputStream:75 - [STDERR_REDIRECT] 
2025-03-05 08:14:05,284 [ERROR] LogOutputStream:75 - [STDERR_REDIRECT] [Fatal Error] :1:1: Premature end of file.
2025-03-05 08:14:05,284 [ERROR] LogOutputStream:75 - [STDERR_REDIRECT] 
2025-03-05 08:14:06,289 [ERROR] LogOutputStream:75 - [STDERR_REDIRECT] [Fatal Error] :1:1: Premature end of file.
2025-03-05 08:14:06,289 [ERROR] LogOutputStream:75 - [STDERR_REDIRECT] 
2025-03-05 08:14:07,298 [ERROR] LogOutputStream:75 - [STDERR_REDIRECT] [Fatal Error] :1:1: Premature end of file.
2025-03-05 08:14:07,298 [ERROR] LogOutputStream:75 - [STDERR_REDIRECT] 
2025-03-05 08:14:08,276 [ERROR] LogOutputStream:75 - [STDERR_REDIRECT] [Fatal Error] :1:1: Premature end of file.
2025-03-05 08:14:08,276 [ERROR] LogOutputStream:75 - [STDERR_REDIRECT] 
2025-03-05 08:14:09,277 [ERROR] LogOutputStream:75 - [STDERR_REDIRECT] [Fatal Error] :1:1: Premature end of file.
2025-03-05 08:14:09,277 [ERROR] LogOutputStream:75 - [STDERR_REDIRECT] 
2025-03-05 08:14:10,285 [ERROR] LogOutputStream:75 - [STDERR_REDIRECT] [Fatal Error] :1:1: Premature end of file.
2025-03-05 08:14:10,285 [ERROR] LogOutputStream:75 - [STDERR_REDIRECT] 
2025-03-05 08:14:11,287 [ERROR] LogOutputStream:75 - [STDERR_REDIRECT] [Fatal Error] :1:1: Premature end of file.
2025-03-05 08:14:11,287 [ERROR] LogOutputStream:75 - [STDERR_REDIRECT] 
2025-03-05 08:14:12,273 [ERROR] LogOutputStream:75 - [STDERR_REDIRECT] [Fatal Error] :1:1: Premature end of file.
2025-03-05 08:14:12,273 [ERROR] LogOutputStream:75 - [STDERR_REDIRECT] 
2025-03-05 08:14:13,272 [ERROR] LogOutputStream:75 - [STDERR_REDIRECT] [Fatal Error] :1:1: Premature end of file.
2025-03-05 08:14:13,273 [ERROR] LogOutputStream:75 - [STDERR_REDIRECT] 
2025-03-05 08:14:14,272 [ERROR] LogOutputStream:75 - [STDERR_REDIRECT] [Fatal Error] :1:1: Premature end of file.
2025-03-05 08:14:14,272 [ERROR] LogOutputStream:75 - [STDERR_REDIRECT] 
2025-03-05 08:14:15,308 [ERROR] LogOutputStream:75 - [STDERR_REDIRECT] [Fatal Error] :1:1: Premature end of file.
2025-03-05 08:14:15,309 [ERROR] LogOutputStream:75 - [STDERR_REDIRECT] 
2025-03-05 08:14:16,287 [ERROR] LogOutputStream:75 - [STDERR_REDIRECT] [Fatal Error] :1:1: Premature end of file.
2025-03-05 08:14:16,287 [ERROR] LogOutputStream:75 - [STDERR_REDIRECT] 
2025-03-05 08:14:17,276 [ERROR] LogOutputStream:75 - [STDERR_REDIRECT] [Fatal Error] :1:1: Premature end of file.
2025-03-05 08:14:17,276 [ERROR] LogOutputStream:75 - [STDERR_REDIRECT] 
2025-03-05 08:14:18,292 [ERROR] LogOutputStream:75 - [STDERR_REDIRECT] [Fatal Error] :1:1: Premature end of file.
2025-03-05 08:14:18,293 [ERROR] LogOutputStream:75 - [STDERR_REDIRECT] 
2025-03-05 08:14:19,246 [ERROR] LogOutputStream:75 - [STDERR_REDIRECT] [Fatal Error] :1:1: Premature end of file.
2025-03-05 08:14:19,246 [ERROR] LogOutputStream:75 - [STDERR_REDIRECT] 
2025-03-05 08:14:20,306 [ERROR] LogOutputStream:75 - [STDERR_REDIRECT] [Fatal Error] :1:1: Premature end of file.
2025-03-05 08:14:20,306 [ERROR] LogOutputStream:75 - [STDERR_REDIRECT] 
2025-03-05 08:14:21,261 [ERROR] LogOutputStream:75 - [STDERR_REDIRECT] [Fatal Error] :1:1: Premature end of file.
2025-03-05 08:14:21,261 [ERROR] LogOutputStream:75 - [STDERR_REDIRECT] 
2025-03-05 08:14:22,272 [ERROR] LogOutputStream:75 - [STDERR_REDIRECT] [Fatal Error] :1:1: Premature end of file.
2025-03-05 08:14:22,272 [ERROR] LogOutputStream:75 - [STDERR_REDIRECT] 
2025-03-05 08:14:23,291 [ERROR] LogOutputStream:75 - [STDERR_REDIRECT] [Fatal Error] :1:1: Premature end of file.
2025-03-05 08:14:23,292 [ERROR] LogOutputStream:75 - [STDERR_REDIRECT] 
2025-03-05 08:14:24,244 [ERROR] LogOutputStream:75 - [STDERR_REDIRECT] [Fatal Error] :1:1: Premature end of file.
2025-03-05 08:14:24,245 [ERROR] LogOutputStream:75 - [STDERR_REDIRECT] 
2025-03-05 08:14:25,260 [ERROR] LogOutputStream:75 - [STDERR_REDIRECT] [Fatal Error] :1:1: Premature end of file.
2025-03-05 08:14:25,260 [ERROR] LogOutputStream:75 - [STDERR_REDIRECT] 
2025-03-05 08:14:26,299 [ERROR] LogOutputStream:75 - [STDERR_REDIRECT] [Fatal Error] :1:1: Premature end of file.
2025-03-05 08:14:26,299 [ERROR] LogOutputStream:75 - [STDERR_REDIRECT] 
2025-03-05 08:14:27,314 [ERROR] LogOutputStream:75 - [STDERR_REDIRECT] [Fatal Error] :1:1: Premature end of file.
2025-03-05 08:14:27,314 [ERROR] LogOutputStream:75 - [STDERR_REDIRECT] 
2025-03-05 08:14:28,305 [ERROR] LogOutputStream:75 - [STDERR_REDIRECT] [Fatal Error] :1:1: Premature end of file.
2025-03-05 08:14:28,306 [ERROR] LogOutputStream:75 - [STDERR_REDIRECT] 
2025-03-05 08:14:29,301 [ERROR] LogOutputStream:75 - [STDERR_REDIRECT] [Fatal Error] :1:1: Premature end of file.
2025-03-05 08:14:29,301 [ERROR] LogOutputStream:75 - [STDERR_REDIRECT] 
2025-03-05 08:14:30,275 [ERROR] LogOutputStream:75 - [STDERR_REDIRECT] [Fatal Error] :1:1: Premature end of file.
2025-03-05 08:14:30,275 [ERROR] LogOutputStream:75 - [STDERR_REDIRECT] 
2025-03-05 08:14:31,285 [ERROR] LogOutputStream:75 - [STDERR_REDIRECT] [Fatal Error] :1:1: Premature end of file.
2025-03-05 08:14:31,286 [ERROR] LogOutputStream:75 - [STDERR_REDIRECT] 
2025-03-05 08:14:32,284 [ERROR] LogOutputStream:75 - [STDERR_REDIRECT] [Fatal Error] :1:1: Premature end of file.
2025-03-05 08:14:32,284 [ERROR] LogOutputStream:75 - [STDERR_REDIRECT] 
2025-03-05 08:14:33,299 [ERROR] LogOutputStream:75 - [STDERR_REDIRECT] [Fatal Error] :1:1: Premature end of file.
2025-03-05 08:14:33,300 [ERROR] LogOutputStream:75 - [STDERR_REDIRECT] 
2025-03-05 08:14:34,287 [ERROR] LogOutputStream:75 - [STDERR_REDIRECT] [Fatal Error] :1:1: Premature end of file.
2025-03-05 08:14:34,288 [ERROR] LogOutputStream:75 - [STDERR_REDIRECT] 
2025-03-05 08:14:35,286 [ERROR] LogOutputStream:75 - [STDERR_REDIRECT] [Fatal Error] :1:1: Premature end of file.
2025-03-05 08:14:35,287 [ERROR] LogOutputStream:75 - [STDERR_REDIRECT] 
2025-03-05 08:14:36,309 [ERROR] LogOutputStream:75 - [STDERR_REDIRECT] [Fatal Error] :1:1: Premature end of file.
2025-03-05 08:14:36,310 [ERROR] LogOutputStream:75 - [STDERR_REDIRECT] 
2025-03-05 08:14:37,300 [ERROR] LogOutputStream:75 - [STDERR_REDIRECT] [Fatal Error] :1:1: Premature end of file.
2025-03-05 08:14:37,301 [ERROR] LogOutputStream:75 - [STDERR_REDIRECT] 
2025-03-05 08:14:38,296 [ERROR] LogOutputStream:75 - [STDERR_REDIRECT] [Fatal Error] :1:1: Premature end of file.
2025-03-05 08:14:38,297 [ERROR] LogOutputStream:75 - [STDERR_REDIRECT] 
2025-03-05 08:14:39,296 [ERROR] LogOutputStream:75 - [STDERR_REDIRECT] [Fatal Error] :1:1: Premature end of file.
2025-03-05 08:14:39,297 [ERROR] LogOutputStream:75 - [STDERR_REDIRECT] 
2025-03-05 08:14:40,295 [ERROR] LogOutputStream:75 - [STDERR_REDIRECT] [Fatal Error] :1:1: Premature end of file.
2025-03-05 08:14:40,295 [ERROR] LogOutputStream:75 - [STDERR_REDIRECT] 
2025-03-05 08:14:41,298 [ERROR] LogOutputStream:75 - [STDERR_REDIRECT] [Fatal Error] :1:1: Premature end of file.
2025-03-05 08:14:41,299 [ERROR] LogOutputStream:75 - [STDERR_REDIRECT] 
2025-03-05 08:14:42,276 [ERROR] LogOutputStream:75 - [STDERR_REDIRECT] [Fatal Error] :1:1: Premature end of file.
2025-03-05 08:14:42,276 [ERROR] LogOutputStream:75 - [STDERR_REDIRECT] 
2025-03-05 08:14:43,298 [ERROR] LogOutputStream:75 - [STDERR_REDIRECT] [Fatal Error] :1:1: Premature end of file.
2025-03-05 08:14:43,299 [ERROR] LogOutputStream:75 - [STDERR_REDIRECT] 
2025-03-05 08:14:44,325 [ERROR] LogOutputStream:75 - [STDERR_REDIRECT] [Fatal Error] :1:1: Premature end of file.
2025-03-05 08:14:44,326 [ERROR] LogOutputStream:75 - [STDERR_REDIRECT] 
2025-03-05 08:14:45,287 [ERROR] LogOutputStream:75 - [STDERR_REDIRECT] [Fatal Error] :1:1: Premature end of file.
2025-03-05 08:14:45,287 [ERROR] LogOutputStream:75 - [STDERR_REDIRECT] 
2025-03-05 08:14:46,288 [ERROR] LogOutputStream:75 - [STDERR_REDIRECT] [Fatal Error] :1:1: Premature end of file.
2025-03-05 08:14:46,289 [ERROR] LogOutputStream:75 - [STDERR_REDIRECT] 
2025-03-05 08:14:47,272 [ERROR] LogOutputStream:75 - [STDERR_REDIRECT] [Fatal Error] :1:1: Premature end of file.
2025-03-05 08:14:47,272 [ERROR] LogOutputStream:75 - [STDERR_REDIRECT] 
2025-03-05 08:14:48,302 [ERROR] LogOutputStream:75 - [STDERR_REDIRECT] [Fatal Error] :1:1: Premature end of file.
2025-03-05 08:14:48,303 [ERROR] LogOutputStream:75 - [STDERR_REDIRECT] 
2025-03-05 08:14:49,289 [ERROR] LogOutputStream:75 - [STDERR_REDIRECT] [Fatal Error] :1:1: Premature end of file.
2025-03-05 08:14:49,289 [ERROR] LogOutputStream:75 - [STDERR_REDIRECT] 
2025-03-05 08:14:50,287 [ERROR] LogOutputStream:75 - [STDERR_REDIRECT] [Fatal Error] :1:1: Premature end of file.
2025-03-05 08:14:50,287 [ERROR] LogOutputStream:75 - [STDERR_REDIRECT] 
2025-03-05 08:14:51,307 [ERROR] LogOutputStream:75 - [STDERR_REDIRECT] [Fatal Error] :1:1: Premature end of file.
2025-03-05 08:14:51,307 [ERROR] LogOutputStream:75 - [STDERR_REDIRECT] 
2025-03-05 08:14:52,261 [ERROR] LogOutputStream:75 - [STDERR_REDIRECT] [Fatal Error] :1:1: Premature end of file.
2025-03-05 08:14:52,261 [ERROR] LogOutputStream:75 - [STDERR_REDIRECT] 
2025-03-05 08:14:53,267 [ERROR] LogOutputStream:75 - [STDERR_REDIRECT] [Fatal Error] :1:1: Premature end of file.
2025-03-05 08:14:53,267 [ERROR] LogOutputStream:75 - [STDERR_REDIRECT] 
2025-03-05 08:14:54,279 [ERROR] LogOutputStream:75 - [STDERR_REDIRECT] [Fatal Error] :1:1: Premature end of file.
2025-03-05 08:14:54,280 [ERROR] LogOutputStream:75 - [STDERR_REDIRECT] 
2025-03-05 08:14:55,287 [ERROR] LogOutputStream:75 - [STDERR_REDIRECT] [Fatal Error] :1:1: Premature end of file.
2025-03-05 08:14:55,287 [ERROR] LogOutputStream:75 - [STDERR_REDIRECT] 
2025-03-05 08:14:56,287 [ERROR] LogOutputStream:75 - [STDERR_REDIRECT] [Fatal Error] :1:1: Premature end of file.
2025-03-05 08:14:56,287 [ERROR] LogOutputStream:75 - [STDERR_REDIRECT] 
2025-03-05 08:14:57,300 [ERROR] LogOutputStream:75 - [STDERR_REDIRECT] [Fatal Error] :1:1: Premature end of file.
2025-03-05 08:14:57,301 [ERROR] LogOutputStream:75 - [STDERR_REDIRECT] 
2025-03-05 08:14:58,289 [ERROR] LogOutputStream:75 - [STDERR_REDIRECT] [Fatal Error] :1:1: Premature end of file.
2025-03-05 08:14:58,290 [ERROR] LogOutputStream:75 - [STDERR_REDIRECT] 
2025-03-05 08:14:59,301 [ERROR] LogOutputStream:75 - [STDERR_REDIRECT] [Fatal Error] :1:1: Premature end of file.
2025-03-05 08:14:59,301 [ERROR] LogOutputStream:75 - [STDERR_REDIRECT] 
2025-03-05 08:15:00,291 [ERROR] LogOutputStream:75 - [STDERR_REDIRECT] [Fatal Error] :1:1: Premature end of file.
2025-03-05 08:15:00,292 [ERROR] LogOutputStream:75 - [STDERR_REDIRECT] 
2025-03-05 08:15:01,285 [ERROR] LogOutputStream:75 - [STDERR_REDIRECT] [Fatal Error] :1:1: Premature end of file.
2025-03-05 08:15:01,285 [ERROR] LogOutputStream:75 - [STDERR_REDIRECT] 
2025-03-05 08:15:02,303 [ERROR] LogOutputStream:75 - [STDERR_REDIRECT] [Fatal Error] :1:1: Premature end of file.
2025-03-05 08:15:02,304 [ERROR] LogOutputStream:75 - [STDERR_REDIRECT] 
2025-03-05 08:15:03,291 [ERROR] LogOutputStream:75 - [STDERR_REDIRECT] [Fatal Error] :1:1: Premature end of file.
2025-03-05 08:15:03,291 [ERROR] LogOutputStream:75 - [STDERR_REDIRECT] 
2025-03-05 08:15:04,279 [ERROR] LogOutputStream:75 - [STDERR_REDIRECT] [Fatal Error] :1:1: Premature end of file.
2025-03-05 08:15:04,280 [ERROR] LogOutputStream:75 - [STDERR_REDIRECT] 
2025-03-05 08:15:05,261 [ERROR] LogOutputStream:75 - [STDERR_REDIRECT] [Fatal Error] :1:1: Premature end of file.
2025-03-05 08:15:05,262 [ERROR] LogOutputStream:75 - [STDERR_REDIRECT] 
2025-03-05 08:15:06,302 [ERROR] LogOutputStream:75 - [STDERR_REDIRECT] [Fatal Error] :1:1: Premature end of file.
2025-03-05 08:15:06,302 [ERROR] LogOutputStream:75 - [STDERR_REDIRECT] 
2025-03-05 08:15:07,291 [ERROR] LogOutputStream:75 - [STDERR_REDIRECT] [Fatal Error] :1:1: Premature end of file.
2025-03-05 08:15:07,291 [ERROR] LogOutputStream:75 - [STDERR_REDIRECT] 
2025-03-05 08:15:08,303 [ERROR] LogOutputStream:75 - [STDERR_REDIRECT] [Fatal Error] :1:1: Premature end of file.
2025-03-05 08:15:08,304 [ERROR] LogOutputStream:75 - [STDERR_REDIRECT] 
2025-03-05 08:15:09,313 [ERROR] LogOutputStream:75 - [STDERR_REDIRECT] [Fatal Error] :1:1: Premature end of file.
2025-03-05 08:15:09,314 [ERROR] LogOutputStream:75 - [STDERR_REDIRECT] 
2025-03-05 08:15:10,287 [ERROR] LogOutputStream:75 - [STDERR_REDIRECT] [Fatal Error] :1:1: Premature end of file.
2025-03-05 08:15:10,288 [ERROR] LogOutputStream:75 - [STDERR_REDIRECT] 
2025-03-05 08:15:11,293 [ERROR] LogOutputStream:75 - [STDERR_REDIRECT] [Fatal Error] :1:1: Premature end of file.
2025-03-05 08:15:11,293 [ERROR] LogOutputStream:75 - [STDERR_REDIRECT] 
2025-03-05 08:15:12,272 [ERROR] LogOutputStream:75 - [STDERR_REDIRECT] [Fatal Error] :1:1: Premature end of file.
2025-03-05 08:15:12,272 [ERROR] LogOutputStream:75 - [STDERR_REDIRECT] 
2025-03-05 08:15:13,289 [ERROR] LogOutputStream:75 - [STDERR_REDIRECT] [Fatal Error] :1:1: Premature end of file.
2025-03-05 08:15:13,290 [ERROR] LogOutputStream:75 - [STDERR_REDIRECT] 
2025-03-05 08:15:14,288 [ERROR] LogOutputStream:75 - [STDERR_REDIRECT] [Fatal Error] :1:1: Premature end of file.
2025-03-05 08:15:14,289 [ERROR] LogOutputStream:75 - [STDERR_REDIRECT] 
2025-03-05 08:15:15,318 [ERROR] LogOutputStream:75 - [STDERR_REDIRECT] [Fatal Error] :1:1: Premature end of file.
2025-03-05 08:15:15,319 [ERROR] LogOutputStream:75 - [STDERR_REDIRECT] 
2025-03-05 08:15:16,286 [ERROR] LogOutputStream:75 - [STDERR_REDIRECT] [Fatal Error] :1:1: Premature end of file.
2025-03-05 08:15:16,286 [ERROR] LogOutputStream:75 - [STDERR_REDIRECT] 
2025-03-05 08:15:17,286 [ERROR] LogOutputStream:75 - [STDERR_REDIRECT] [Fatal Error] :1:1: Premature end of file.
2025-03-05 08:15:17,287 [ERROR] LogOutputStream:75 - [STDERR_REDIRECT] 
2025-03-05 08:15:18,281 [ERROR] LogOutputStream:75 - [STDERR_REDIRECT] [Fatal Error] :1:1: Premature end of file.
2025-03-05 08:15:18,282 [ERROR] LogOutputStream:75 - [STDERR_REDIRECT] 
2025-03-05 08:15:19,278 [ERROR] LogOutputStream:75 - [STDERR_REDIRECT] [Fatal Error] :1:1: Premature end of file.
2025-03-05 08:15:19,278 [ERROR] LogOutputStream:75 - [STDERR_REDIRECT] 
2025-03-05 08:15:20,284 [ERROR] LogOutputStream:75 - [STDERR_REDIRECT] [Fatal Error] :1:1: Premature end of file.
2025-03-05 08:15:20,284 [ERROR] LogOutputStream:75 - [STDERR_REDIRECT] 
2025-03-05 08:15:21,288 [ERROR] LogOutputStream:75 - [STDERR_REDIRECT] [Fatal Error] :1:1: Premature end of file.
2025-03-05 08:15:21,289 [ERROR] LogOutputStream:75 - [STDERR_REDIRECT] 
2025-03-05 08:15:22,292 [ERROR] LogOutputStream:75 - [STDERR_REDIRECT] [Fatal Error] :1:1: Premature end of file.
2025-03-05 08:15:22,293 [ERROR] LogOutputStream:75 - [STDERR_REDIRECT] 
2025-03-05 08:15:23,288 [ERROR] LogOutputStream:75 - [STDERR_REDIRECT] [Fatal Error] :1:1: Premature end of file.
2025-03-05 08:15:23,289 [ERROR] LogOutputStream:75 - [STDERR_REDIRECT] 
2025-03-05 08:15:24,293 [ERROR] LogOutputStream:75 - [STDERR_REDIRECT] [Fatal Error] :1:1: Premature end of file.
2025-03-05 08:15:24,293 [ERROR] LogOutputStream:75 - [STDERR_REDIRECT] 
2025-03-05 08:15:25,287 [ERROR] LogOutputStream:75 - [STDERR_REDIRECT] [Fatal Error] :1:1: Premature end of file.
2025-03-05 08:15:25,287 [ERROR] LogOutputStream:75 - [STDERR_REDIRECT] 
2025-03-05 08:15:26,272 [ERROR] LogOutputStream:75 - [STDERR_REDIRECT] [Fatal Error] :1:1: Premature end of file.
2025-03-05 08:15:26,272 [ERROR] LogOutputStream:75 - [STDERR_REDIRECT] 
2025-03-05 08:15:27,318 [ERROR] LogOutputStream:75 - [STDERR_REDIRECT] [Fatal Error] :1:1: Premature end of file.
2025-03-05 08:15:27,319 [ERROR] LogOutputStream:75 - [STDERR_REDIRECT] 
2025-03-05 08:15:28,299 [ERROR] LogOutputStream:75 - [STDERR_REDIRECT] [Fatal Error] :1:1: Premature end of file.
2025-03-05 08:15:28,299 [ERROR] LogOutputStream:75 - [STDERR_REDIRECT] 
2025-03-05 08:15:29,313 [ERROR] LogOutputStream:75 - [STDERR_REDIRECT] [Fatal Error] :1:1: Premature end of file.
2025-03-05 08:15:29,314 [ERROR] LogOutputStream:75 - [STDERR_REDIRECT] 
2025-03-05 08:15:30,296 [ERROR] LogOutputStream:75 - [STDERR_REDIRECT] [Fatal Error] :1:1: Premature end of file.
2025-03-05 08:15:30,296 [ERROR] LogOutputStream:75 - [STDERR_REDIRECT] 
2025-03-05 08:15:31,312 [ERROR] LogOutputStream:75 - [STDERR_REDIRECT] [Fatal Error] :1:1: Premature end of file.
2025-03-05 08:15:31,313 [ERROR] LogOutputStream:75 - [STDERR_REDIRECT] 
2025-03-05 08:15:32,288 [ERROR] LogOutputStream:75 - [STDERR_REDIRECT] [Fatal Error] :1:1: Premature end of file.
2025-03-05 08:15:32,288 [ERROR] LogOutputStream:75 - [STDERR_REDIRECT] 
2025-03-05 08:15:33,288 [ERROR] LogOutputStream:75 - [STDERR_REDIRECT] [Fatal Error] :1:1: Premature end of file.
2025-03-05 08:15:33,289 [ERROR] LogOutputStream:75 - [STDERR_REDIRECT] 
2025-03-05 08:15:34,289 [ERROR] LogOutputStream:75 - [STDERR_REDIRECT] [Fatal Error] :1:1: Premature end of file.
2025-03-05 08:15:34,289 [ERROR] LogOutputStream:75 - [STDERR_REDIRECT] 
2025-03-05 08:15:35,305 [ERROR] LogOutputStream:75 - [STDERR_REDIRECT] [Fatal Error] :1:1: Premature end of file.
2025-03-05 08:15:35,305 [ERROR] LogOutputStream:75 - [STDERR_REDIRECT] 
2025-03-05 08:15:36,294 [ERROR] LogOutputStream:75 - [STDERR_REDIRECT] [Fatal Error] :1:1: Premature end of file.
2025-03-05 08:15:36,294 [ERROR] LogOutputStream:75 - [STDERR_REDIRECT] 
2025-03-05 08:15:37,268 [ERROR] LogOutputStream:75 - [STDERR_REDIRECT] [Fatal Error] :1:1: Premature end of file.
2025-03-05 08:15:37,268 [ERROR] LogOutputStream:75 - [STDERR_REDIRECT] 
2025-03-05 08:15:38,284 [ERROR] LogOutputStream:75 - [STDERR_REDIRECT] [Fatal Error] :1:1: Premature end of file.
2025-03-05 08:15:38,285 [ERROR] LogOutputStream:75 - [STDERR_REDIRECT] 
2025-03-05 08:15:39,293 [ERROR] LogOutputStream:75 - [STDERR_REDIRECT] [Fatal Error] :1:1: Premature end of file.
2025-03-05 08:15:39,294 [ERROR] LogOutputStream:75 - [STDERR_REDIRECT] 
2025-03-05 08:15:40,277 [ERROR] LogOutputStream:75 - [STDERR_REDIRECT] [Fatal Error] :1:1: Premature end of file.
2025-03-05 08:15:40,278 [ERROR] LogOutputStream:75 - [STDERR_REDIRECT] 
2025-03-05 08:15:41,274 [ERROR] LogOutputStream:75 - [STDERR_REDIRECT] [Fatal Error] :1:1: Premature end of file.
2025-03-05 08:15:41,274 [ERROR] LogOutputStream:75 - [STDERR_REDIRECT] 
2025-03-05 08:15:42,293 [ERROR] LogOutputStream:75 - [STDERR_REDIRECT] [Fatal Error] :1:1: Premature end of file.
2025-03-05 08:15:42,294 [ERROR] LogOutputStream:75 - [STDERR_REDIRECT] 
2025-03-05 08:15:43,243 [ERROR] LogOutputStream:75 - [STDERR_REDIRECT] [Fatal Error] :1:1: Premature end of file.
2025-03-05 08:15:43,244 [ERROR] LogOutputStream:75 - [STDERR_REDIRECT] 
2025-03-05 08:15:44,253 [ERROR] LogOutputStream:75 - [STDERR_REDIRECT] [Fatal Error] :1:1: Premature end of file.
2025-03-05 08:15:44,253 [ERROR] LogOutputStream:75 - [STDERR_REDIRECT] 
2025-03-05 08:15:45,283 [ERROR] LogOutputStream:75 - [STDERR_REDIRECT] [Fatal Error] :1:1: Premature end of file.
2025-03-05 08:15:45,283 [ERROR] LogOutputStream:75 - [STDERR_REDIRECT] 
2025-03-05 08:15:46,283 [ERROR] LogOutputStream:75 - [STDERR_REDIRECT] [Fatal Error] :1:1: Premature end of file.
2025-03-05 08:15:46,284 [ERROR] LogOutputStream:75 - [STDERR_REDIRECT] 
2025-03-05 08:15:47,312 [ERROR] LogOutputStream:75 - [STDERR_REDIRECT] [Fatal Error] :1:1: Premature end of file.
2025-03-05 08:15:47,313 [ERROR] LogOutputStream:75 - [STDERR_REDIRECT] 
2025-03-05 08:15:48,299 [ERROR] LogOutputStream:75 - [STDERR_REDIRECT] [Fatal Error] :1:1: Premature end of file.
2025-03-05 08:15:48,300 [ERROR] LogOutputStream:75 - [STDERR_REDIRECT] 
2025-03-05 08:15:49,295 [ERROR] LogOutputStream:75 - [STDERR_REDIRECT] [Fatal Error] :1:1: Premature end of file.
2025-03-05 08:15:49,295 [ERROR] LogOutputStream:75 - [STDERR_REDIRECT] 
2025-03-05 08:15:50,310 [ERROR] LogOutputStream:75 - [STDERR_REDIRECT] [Fatal Error] :1:1: Premature end of file.
2025-03-05 08:15:50,310 [ERROR] LogOutputStream:75 - [STDERR_REDIRECT] 
2025-03-05 08:15:51,303 [ERROR] LogOutputStream:75 - [STDERR_REDIRECT] [Fatal Error] :1:1: Premature end of file.
2025-03-05 08:15:51,303 [ERROR] LogOutputStream:75 - [STDERR_REDIRECT] 
2025-03-05 08:15:52,291 [ERROR] LogOutputStream:75 - [STDERR_REDIRECT] [Fatal Error] :1:1: Premature end of file.
2025-03-05 08:15:52,291 [ERROR] LogOutputStream:75 - [STDERR_REDIRECT] 
2025-03-05 08:15:53,290 [ERROR] LogOutputStream:75 - [STDERR_REDIRECT] [Fatal Error] :1:1: Premature end of file.
2025-03-05 08:15:53,290 [ERROR] LogOutputStream:75 - [STDERR_REDIRECT] 
2025-03-05 08:15:54,294 [ERROR] LogOutputStream:75 - [STDERR_REDIRECT] [Fatal Error] :1:1: Premature end of file.
2025-03-05 08:15:54,295 [ERROR] LogOutputStream:75 - [STDERR_REDIRECT] 
2025-03-05 08:15:55,281 [ERROR] LogOutputStream:75 - [STDERR_REDIRECT] [Fatal Error] :1:1: Premature end of file.
2025-03-05 08:15:55,281 [ERROR] LogOutputStream:75 - [STDERR_REDIRECT] 
2025-03-05 08:15:56,295 [ERROR] LogOutputStream:75 - [STDERR_REDIRECT] [Fatal Error] :1:1: Premature end of file.
2025-03-05 08:15:56,295 [ERROR] LogOutputStream:75 - [STDERR_REDIRECT] 
2025-03-05 08:15:57,284 [ERROR] LogOutputStream:75 - [STDERR_REDIRECT] [Fatal Error] :1:1: Premature end of file.
2025-03-05 08:15:57,284 [ERROR] LogOutputStream:75 - [STDERR_REDIRECT] 
2025-03-05 08:15:58,271 [ERROR] LogOutputStream:75 - [STDERR_REDIRECT] [Fatal Error] :1:1: Premature end of file.
2025-03-05 08:15:58,271 [ERROR] LogOutputStream:75 - [STDERR_REDIRECT] 
2025-03-05 08:15:59,264 [ERROR] LogOutputStream:75 - [STDERR_REDIRECT] [Fatal Error] :1:1: Premature end of file.
2025-03-05 08:15:59,265 [ERROR] LogOutputStream:75 - [STDERR_REDIRECT] 
2025-03-05 08:16:00,270 [ERROR] LogOutputStream:75 - [STDERR_REDIRECT] [Fatal Error] :1:1: Premature end of file.
2025-03-05 08:16:00,271 [ERROR] LogOutputStream:75 - [STDERR_REDIRECT] 
2025-03-05 08:16:01,287 [ERROR] LogOutputStream:75 - [STDERR_REDIRECT] [Fatal Error] :1:1: Premature end of file.
2025-03-05 08:16:01,287 [ERROR] LogOutputStream:75 - [STDERR_REDIRECT] 
2025-03-05 08:16:02,340 [ERROR] LogOutputStream:75 - [STDERR_REDIRECT] [Fatal Error] :1:1: Premature end of file.
2025-03-05 08:16:02,341 [ERROR] LogOutputStream:75 - [STDERR_REDIRECT] 
2025-03-05 08:16:03,297 [ERROR] LogOutputStream:75 - [STDERR_REDIRECT] [Fatal Error] :1:1: Premature end of file.
2025-03-05 08:16:03,298 [ERROR] LogOutputStream:75 - [STDERR_REDIRECT] 
2025-03-05 08:16:04,303 [ERROR] LogOutputStream:75 - [STDERR_REDIRECT] [Fatal Error] :1:1: Premature end of file.
2025-03-05 08:16:04,303 [ERROR] LogOutputStream:75 - [STDERR_REDIRECT] 
2025-03-05 08:16:05,274 [ERROR] LogOutputStream:75 - [STDERR_REDIRECT] [Fatal Error] :1:1: Premature end of file.
2025-03-05 08:16:05,274 [ERROR] LogOutputStream:75 - [STDERR_REDIRECT] 
2025-03-05 08:16:06,289 [ERROR] LogOutputStream:75 - [STDERR_REDIRECT] [Fatal Error] :1:1: Premature end of file.
2025-03-05 08:16:06,289 [ERROR] LogOutputStream:75 - [STDERR_REDIRECT] 
2025-03-05 08:16:07,282 [ERROR] LogOutputStream:75 - [STDERR_REDIRECT] [Fatal Error] :1:1: Premature end of file.
2025-03-05 08:16:07,283 [ERROR] LogOutputStream:75 - [STDERR_REDIRECT] 
2025-03-05 08:16:08,286 [ERROR] LogOutputStream:75 - [STDERR_REDIRECT] [Fatal Error] :1:1: Premature end of file.
2025-03-05 08:16:08,287 [ERROR] LogOutputStream:75 - [STDERR_REDIRECT] 
2025-03-05 08:16:09,292 [ERROR] LogOutputStream:75 - [STDERR_REDIRECT] [Fatal Error] :1:1: Premature end of file.
2025-03-05 08:16:09,292 [ERROR] LogOutputStream:75 - [STDERR_REDIRECT] 
2025-03-05 08:16:10,290 [ERROR] LogOutputStream:75 - [STDERR_REDIRECT] [Fatal Error] :1:1: Premature end of file.
2025-03-05 08:16:10,291 [ERROR] LogOutputStream:75 - [STDERR_REDIRECT] 
2025-03-05 08:16:11,292 [ERROR] LogOutputStream:75 - [STDERR_REDIRECT] [Fatal Error] :1:1: Premature end of file.
2025-03-05 08:16:11,292 [ERROR] LogOutputStream:75 - [STDERR_REDIRECT] 
2025-03-05 08:16:12,279 [ERROR] LogOutputStream:75 - [STDERR_REDIRECT] [Fatal Error] :1:1: Premature end of file.
2025-03-05 08:16:12,279 [ERROR] LogOutputStream:75 - [STDERR_REDIRECT] 
2025-03-05 08:16:13,315 [ERROR] LogOutputStream:75 - [STDERR_REDIRECT] [Fatal Error] :1:1: Premature end of file.
2025-03-05 08:16:13,316 [ERROR] LogOutputStream:75 - [STDERR_REDIRECT] 
2025-03-05 08:16:14,316 [ERROR] LogOutputStream:75 - [STDERR_REDIRECT] [Fatal Error] :1:1: Premature end of file.
2025-03-05 08:16:14,316 [ERROR] LogOutputStream:75 - [STDERR_REDIRECT] 
2025-03-05 08:16:15,296 [ERROR] LogOutputStream:75 - [STDERR_REDIRECT] [Fatal Error] :1:1: Premature end of file.
2025-03-05 08:16:15,296 [ERROR] LogOutputStream:75 - [STDERR_REDIRECT] 
2025-03-05 08:16:16,280 [ERROR] LogOutputStream:75 - [STDERR_REDIRECT] [Fatal Error] :1:1: Premature end of file.
2025-03-05 08:16:16,280 [ERROR] LogOutputStream:75 - [STDERR_REDIRECT] 
2025-03-05 08:16:17,288 [ERROR] LogOutputStream:75 - [STDERR_REDIRECT] [Fatal Error] :1:1: Premature end of file.
2025-03-05 08:16:17,289 [ERROR] LogOutputStream:75 - [STDERR_REDIRECT] 
2025-03-05 08:16:18,301 [ERROR] LogOutputStream:75 - [STDERR_REDIRECT] [Fatal Error] :1:1: Premature end of file.
2025-03-05 08:16:18,301 [ERROR] LogOutputStream:75 - [STDERR_REDIRECT] 
2025-03-05 08:16:19,306 [ERROR] LogOutputStream:75 - [STDERR_REDIRECT] [Fatal Error] :1:1: Premature end of file.
2025-03-05 08:16:19,306 [ERROR] LogOutputStream:75 - [STDERR_REDIRECT] 
2025-03-05 08:16:20,302 [ERROR] LogOutputStream:75 - [STDERR_REDIRECT] [Fatal Error] :1:1: Premature end of file.
2025-03-05 08:16:20,302 [ERROR] LogOutputStream:75 - [STDERR_REDIRECT] 
2025-03-05 08:16:21,302 [ERROR] LogOutputStream:75 - [STDERR_REDIRECT] [Fatal Error] :1:1: Premature end of file.
2025-03-05 08:16:21,303 [ERROR] LogOutputStream:75 - [STDERR_REDIRECT] 
2025-03-05 08:16:22,256 [ERROR] LogOutputStream:75 - [STDERR_REDIRECT] [Fatal Error] :1:1: Premature end of file.
2025-03-05 08:16:22,256 [ERROR] LogOutputStream:75 - [STDERR_REDIRECT] 
2025-03-05 08:16:23,297 [ERROR] LogOutputStream:75 - [STDERR_REDIRECT] [Fatal Error] :1:1: Premature end of file.
2025-03-05 08:16:23,297 [ERROR] LogOutputStream:75 - [STDERR_REDIRECT] 
2025-03-05 08:16:24,310 [ERROR] LogOutputStream:75 - [STDERR_REDIRECT] [Fatal Error] :1:1: Premature end of file.
2025-03-05 08:16:24,311 [ERROR] LogOutputStream:75 - [STDERR_REDIRECT] 
2025-03-05 08:16:25,285 [ERROR] LogOutputStream:75 - [STDERR_REDIRECT] [Fatal Error] :1:1: Premature end of file.
2025-03-05 08:16:25,285 [ERROR] LogOutputStream:75 - [STDERR_REDIRECT] 
2025-03-05 08:16:26,286 [ERROR] LogOutputStream:75 - [STDERR_REDIRECT] [Fatal Error] :1:1: Premature end of file.
2025-03-05 08:16:26,286 [ERROR] LogOutputStream:75 - [STDERR_REDIRECT] 
2025-03-05 08:16:27,276 [ERROR] LogOutputStream:75 - [STDERR_REDIRECT] [Fatal Error] :1:1: Premature end of file.
2025-03-05 08:16:27,277 [ERROR] LogOutputStream:75 - [STDERR_REDIRECT] 
2025-03-05 08:16:28,299 [ERROR] LogOutputStream:75 - [STDERR_REDIRECT] [Fatal Error] :1:1: Premature end of file.
2025-03-05 08:16:28,299 [ERROR] LogOutputStream:75 - [STDERR_REDIRECT] 
2025-03-05 08:16:29,275 [ERROR] LogOutputStream:75 - [STDERR_REDIRECT] [Fatal Error] :1:1: Premature end of file.
2025-03-05 08:16:29,276 [ERROR] LogOutputStream:75 - [STDERR_REDIRECT] 
2025-03-05 08:16:30,282 [ERROR] LogOutputStream:75 - [STDERR_REDIRECT] [Fatal Error] :1:1: Premature end of file.
2025-03-05 08:16:30,284 [ERROR] LogOutputStream:75 - [STDERR_REDIRECT] 
2025-03-05 08:16:31,301 [ERROR] LogOutputStream:75 - [STDERR_REDIRECT] [Fatal Error] :1:1: Premature end of file.
2025-03-05 08:16:31,301 [ERROR] LogOutputStream:75 - [STDERR_REDIRECT] 
2025-03-05 08:16:32,320 [ERROR] LogOutputStream:75 - [STDERR_REDIRECT] [Fatal Error] :1:1: Premature end of file.
2025-03-05 08:16:32,320 [ERROR] LogOutputStream:75 - [STDERR_REDIRECT] 
2025-03-05 08:16:33,287 [ERROR] LogOutputStream:75 - [STDERR_REDIRECT] [Fatal Error] :1:1: Premature end of file.
2025-03-05 08:16:33,288 [ERROR] LogOutputStream:75 - [STDERR_REDIRECT] 
2025-03-05 08:16:34,288 [ERROR] LogOutputStream:75 - [STDERR_REDIRECT] [Fatal Error] :1:1: Premature end of file.
2025-03-05 08:16:34,289 [ERROR] LogOutputStream:75 - [STDERR_REDIRECT] 
2025-03-05 08:16:35,271 [ERROR] LogOutputStream:75 - [STDERR_REDIRECT] [Fatal Error] :1:1: Premature end of file.
2025-03-05 08:16:35,272 [ERROR] LogOutputStream:75 - [STDERR_REDIRECT] 
2025-03-05 08:16:36,279 [ERROR] LogOutputStream:75 - [STDERR_REDIRECT] [Fatal Error] :1:1: Premature end of file.
2025-03-05 08:16:36,279 [ERROR] LogOutputStream:75 - [STDERR_REDIRECT] 
2025-03-05 08:16:37,280 [ERROR] LogOutputStream:75 - [STDERR_REDIRECT] [Fatal Error] :1:1: Premature end of file.
2025-03-05 08:16:37,281 [ERROR] LogOutputStream:75 - [STDERR_REDIRECT] 
2025-03-05 08:16:38,277 [ERROR] LogOutputStream:75 - [STDERR_REDIRECT] [Fatal Error] :1:1: Premature end of file.
2025-03-05 08:16:38,278 [ERROR] LogOutputStream:75 - [STDERR_REDIRECT] 
2025-03-05 08:16:39,264 [ERROR] LogOutputStream:75 - [STDERR_REDIRECT] [Fatal Error] :1:1: Premature end of file.
2025-03-05 08:16:39,265 [ERROR] LogOutputStream:75 - [STDERR_REDIRECT] 
2025-03-05 08:16:40,280 [ERROR] LogOutputStream:75 - [STDERR_REDIRECT] [Fatal Error] :1:1: Premature end of file.
2025-03-05 08:16:40,280 [ERROR] LogOutputStream:75 - [STDERR_REDIRECT] 
2025-03-05 08:16:41,273 [ERROR] LogOutputStream:75 - [STDERR_REDIRECT] [Fatal Error] :1:1: Premature end of file.
2025-03-05 08:16:41,273 [ERROR] LogOutputStream:75 - [STDERR_REDIRECT] 
2025-03-05 08:16:42,271 [ERROR] LogOutputStream:75 - [STDERR_REDIRECT] [Fatal Error] :1:1: Premature end of file.
2025-03-05 08:16:42,271 [ERROR] LogOutputStream:75 - [STDERR_REDIRECT] 
2025-03-05 08:16:43,282 [ERROR] LogOutputStream:75 - [STDERR_REDIRECT] [Fatal Error] :1:1: Premature end of file.
2025-03-05 08:16:43,283 [ERROR] LogOutputStream:75 - [STDERR_REDIRECT] 
2025-03-05 08:16:44,278 [ERROR] LogOutputStream:75 - [STDERR_REDIRECT] [Fatal Error] :1:1: Premature end of file.
2025-03-05 08:16:44,278 [ERROR] LogOutputStream:75 - [STDERR_REDIRECT] 
2025-03-05 08:16:45,270 [ERROR] LogOutputStream:75 - [STDERR_REDIRECT] [Fatal Error] :1:1: Premature end of file.
2025-03-05 08:16:45,270 [ERROR] LogOutputStream:75 - [STDERR_REDIRECT] 
2025-03-05 08:16:46,282 [ERROR] LogOutputStream:75 - [STDERR_REDIRECT] [Fatal Error] :1:1: Premature end of file.
2025-03-05 08:16:46,282 [ERROR] LogOutputStream:75 - [STDERR_REDIRECT] 
2025-03-05 08:16:47,297 [ERROR] LogOutputStream:75 - [STDERR_REDIRECT] [Fatal Error] :1:1: Premature end of file.
2025-03-05 08:16:47,298 [ERROR] LogOutputStream:75 - [STDERR_REDIRECT] 
2025-03-05 08:16:48,282 [ERROR] LogOutputStream:75 - [STDERR_REDIRECT] [Fatal Error] :1:1: Premature end of file.
2025-03-05 08:16:48,282 [ERROR] LogOutputStream:75 - [STDERR_REDIRECT] 
2025-03-05 08:16:49,296 [ERROR] LogOutputStream:75 - [STDERR_REDIRECT] [Fatal Error] :1:1: Premature end of file.
2025-03-05 08:16:49,296 [ERROR] LogOutputStream:75 - [STDERR_REDIRECT] 
2025-03-05 08:16:50,273 [ERROR] LogOutputStream:75 - [STDERR_REDIRECT] [Fatal Error] :1:1: Premature end of file.
2025-03-05 08:16:50,273 [ERROR] LogOutputStream:75 - [STDERR_REDIRECT] 
2025-03-05 08:16:51,273 [ERROR] LogOutputStream:75 - [STDERR_REDIRECT] [Fatal Error] :1:1: Premature end of file.
2025-03-05 08:16:51,273 [ERROR] LogOutputStream:75 - [STDERR_REDIRECT] 
2025-03-05 08:16:52,297 [ERROR] LogOutputStream:75 - [STDERR_REDIRECT] [Fatal Error] :1:1: Premature end of file.
2025-03-05 08:16:52,298 [ERROR] LogOutputStream:75 - [STDERR_REDIRECT] 
2025-03-05 08:16:53,290 [ERROR] LogOutputStream:75 - [STDERR_REDIRECT] [Fatal Error] :1:1: Premature end of file.
2025-03-05 08:16:53,291 [ERROR] LogOutputStream:75 - [STDERR_REDIRECT] 
2025-03-05 08:16:54,323 [ERROR] LogOutputStream:75 - [STDERR_REDIRECT] [Fatal Error] :1:1: Premature end of file.
2025-03-05 08:16:54,324 [ERROR] LogOutputStream:75 - [STDERR_REDIRECT] 
2025-03-05 08:16:55,267 [ERROR] LogOutputStream:75 - [STDERR_REDIRECT] [Fatal Error] :1:1: Premature end of file.
2025-03-05 08:16:55,267 [ERROR] LogOutputStream:75 - [STDERR_REDIRECT] 
2025-03-05 08:16:56,286 [ERROR] LogOutputStream:75 - [STDERR_REDIRECT] [Fatal Error] :1:1: Premature end of file.
2025-03-05 08:16:56,287 [ERROR] LogOutputStream:75 - [STDERR_REDIRECT] 
2025-03-05 08:16:57,280 [ERROR] LogOutputStream:75 - [STDERR_REDIRECT] [Fatal Error] :1:1: Premature end of file.
2025-03-05 08:16:57,280 [ERROR] LogOutputStream:75 - [STDERR_REDIRECT] 
2025-03-05 08:16:58,290 [ERROR] LogOutputStream:75 - [STDERR_REDIRECT] [Fatal Error] :1:1: Premature end of file.
2025-03-05 08:16:58,290 [ERROR] LogOutputStream:75 - [STDERR_REDIRECT] 
2025-03-05 08:16:59,287 [ERROR] LogOutputStream:75 - [STDERR_REDIRECT] [Fatal Error] :1:1: Premature end of file.
2025-03-05 08:16:59,287 [ERROR] LogOutputStream:75 - [STDERR_REDIRECT] 
2025-03-05 08:17:00,288 [ERROR] LogOutputStream:75 - [STDERR_REDIRECT] [Fatal Error] :1:1: Premature end of file.
2025-03-05 08:17:00,288 [ERROR] LogOutputStream:75 - [STDERR_REDIRECT] 
2025-03-05 08:17:01,276 [ERROR] LogOutputStream:75 - [STDERR_REDIRECT] [Fatal Error] :1:1: Premature end of file.
2025-03-05 08:17:01,276 [ERROR] LogOutputStream:75 - [STDERR_REDIRECT] 
2025-03-05 08:17:02,288 [ERROR] LogOutputStream:75 - [STDERR_REDIRECT] [Fatal Error] :1:1: Premature end of file.
2025-03-05 08:17:02,289 [ERROR] LogOutputStream:75 - [STDERR_REDIRECT] 
2025-03-05 08:17:03,286 [ERROR] LogOutputStream:75 - [STDERR_REDIRECT] [Fatal Error] :1:1: Premature end of file.
2025-03-05 08:17:03,286 [ERROR] LogOutputStream:75 - [STDERR_REDIRECT] 
2025-03-05 08:17:04,315 [ERROR] LogOutputStream:75 - [STDERR_REDIRECT] [Fatal Error] :1:1: Premature end of file.
2025-03-05 08:17:04,316 [ERROR] LogOutputStream:75 - [STDERR_REDIRECT] 
2025-03-05 08:17:05,291 [ERROR] LogOutputStream:75 - [STDERR_REDIRECT] [Fatal Error] :1:1: Premature end of file.
2025-03-05 08:17:05,291 [ERROR] LogOutputStream:75 - [STDERR_REDIRECT] 
2025-03-05 08:17:06,294 [ERROR] LogOutputStream:75 - [STDERR_REDIRECT] [Fatal Error] :1:1: Premature end of file.
2025-03-05 08:17:06,295 [ERROR] LogOutputStream:75 - [STDERR_REDIRECT] 
2025-03-05 08:17:07,281 [ERROR] LogOutputStream:75 - [STDERR_REDIRECT] [Fatal Error] :1:1: Premature end of file.
2025-03-05 08:17:07,282 [ERROR] LogOutputStream:75 - [STDERR_REDIRECT] 
2025-03-05 08:17:08,292 [ERROR] LogOutputStream:75 - [STDERR_REDIRECT] [Fatal Error] :1:1: Premature end of file.
2025-03-05 08:17:08,293 [ERROR] LogOutputStream:75 - [STDERR_REDIRECT] 
2025-03-05 08:17:09,285 [ERROR] LogOutputStream:75 - [STDERR_REDIRECT] [Fatal Error] :1:1: Premature end of file.
2025-03-05 08:17:09,285 [ERROR] LogOutputStream:75 - [STDERR_REDIRECT] 
2025-03-05 08:17:10,288 [ERROR] LogOutputStream:75 - [STDERR_REDIRECT] [Fatal Error] :1:1: Premature end of file.
2025-03-05 08:17:10,288 [ERROR] LogOutputStream:75 - [STDERR_REDIRECT] 
2025-03-05 08:17:11,288 [ERROR] LogOutputStream:75 - [STDERR_REDIRECT] [Fatal Error] :1:1: Premature end of file.
2025-03-05 08:17:11,288 [ERROR] LogOutputStream:75 - [STDERR_REDIRECT] 
2025-03-05 08:17:12,292 [ERROR] LogOutputStream:75 - [STDERR_REDIRECT] [Fatal Error] :1:1: Premature end of file.
2025-03-05 08:17:12,292 [ERROR] LogOutputStream:75 - [STDERR_REDIRECT] 
2025-03-05 08:17:13,255 [ERROR] LogOutputStream:75 - [STDERR_REDIRECT] [Fatal Error] :1:1: Premature end of file.
2025-03-05 08:17:13,256 [ERROR] LogOutputStream:75 - [STDERR_REDIRECT] 
2025-03-05 08:17:14,283 [ERROR] LogOutputStream:75 - [STDERR_REDIRECT] [Fatal Error] :1:1: Premature end of file.
2025-03-05 08:17:14,284 [ERROR] LogOutputStream:75 - [STDERR_REDIRECT] 
2025-03-05 08:17:15,285 [ERROR] LogOutputStream:75 - [STDERR_REDIRECT] [Fatal Error] :1:1: Premature end of file.
2025-03-05 08:17:15,286 [ERROR] LogOutputStream:75 - [STDERR_REDIRECT] 
2025-03-05 08:17:16,282 [ERROR] LogOutputStream:75 - [STDERR_REDIRECT] [Fatal Error] :1:1: Premature end of file.
2025-03-05 08:17:16,283 [ERROR] LogOutputStream:75 - [STDERR_REDIRECT] 
2025-03-05 08:17:17,281 [ERROR] LogOutputStream:75 - [STDERR_REDIRECT] [Fatal Error] :1:1: Premature end of file.
2025-03-05 08:17:17,282 [ERROR] LogOutputStream:75 - [STDERR_REDIRECT] 
2025-03-05 08:17:18,285 [ERROR] LogOutputStream:75 - [STDERR_REDIRECT] [Fatal Error] :1:1: Premature end of file.
2025-03-05 08:17:18,285 [ERROR] LogOutputStream:75 - [STDERR_REDIRECT] 
2025-03-05 08:17:19,272 [ERROR] LogOutputStream:75 - [STDERR_REDIRECT] [Fatal Error] :1:1: Premature end of file.
2025-03-05 08:17:19,272 [ERROR] LogOutputStream:75 - [STDERR_REDIRECT] 
2025-03-05 08:17:20,274 [ERROR] LogOutputStream:75 - [STDERR_REDIRECT] [Fatal Error] :1:1: Premature end of file.
2025-03-05 08:17:20,274 [ERROR] LogOutputStream:75 - [STDERR_REDIRECT] 
2025-03-05 08:17:21,265 [ERROR] LogOutputStream:75 - [STDERR_REDIRECT] [Fatal Error] :1:1: Premature end of file.
2025-03-05 08:17:21,265 [ERROR] LogOutputStream:75 - [STDERR_REDIRECT] 
2025-03-05 08:17:22,263 [ERROR] LogOutputStream:75 - [STDERR_REDIRECT] [Fatal Error] :1:1: Premature end of file.
2025-03-05 08:17:22,263 [ERROR] LogOutputStream:75 - [STDERR_REDIRECT] 
2025-03-05 08:17:23,292 [ERROR] LogOutputStream:75 - [STDERR_REDIRECT] [Fatal Error] :1:1: Premature end of file.
2025-03-05 08:17:23,293 [ERROR] LogOutputStream:75 - [STDERR_REDIRECT] 
2025-03-05 08:17:24,279 [ERROR] LogOutputStream:75 - [STDERR_REDIRECT] [Fatal Error] :1:1: Premature end of file.
2025-03-05 08:17:24,279 [ERROR] LogOutputStream:75 - [STDERR_REDIRECT] 
2025-03-05 08:17:25,295 [ERROR] LogOutputStream:75 - [STDERR_REDIRECT] [Fatal Error] :1:1: Premature end of file.
2025-03-05 08:17:25,295 [ERROR] LogOutputStream:75 - [STDERR_REDIRECT] 
2025-03-05 08:17:26,287 [ERROR] LogOutputStream:75 - [STDERR_REDIRECT] [Fatal Error] :1:1: Premature end of file.
2025-03-05 08:17:26,287 [ERROR] LogOutputStream:75 - [STDERR_REDIRECT] 
2025-03-05 08:17:27,282 [ERROR] LogOutputStream:75 - [STDERR_REDIRECT] [Fatal Error] :1:1: Premature end of file.
2025-03-05 08:17:27,282 [ERROR] LogOutputStream:75 - [STDERR_REDIRECT] 
2025-03-05 08:17:28,287 [ERROR] LogOutputStream:75 - [STDERR_REDIRECT] [Fatal Error] :1:1: Premature end of file.
2025-03-05 08:17:28,288 [ERROR] LogOutputStream:75 - [STDERR_REDIRECT] 
2025-03-05 08:17:29,285 [ERROR] LogOutputStream:75 - [STDERR_REDIRECT] [Fatal Error] :1:1: Premature end of file.
2025-03-05 08:17:29,286 [ERROR] LogOutputStream:75 - [STDERR_REDIRECT] 
2025-03-05 08:17:30,274 [ERROR] LogOutputStream:75 - [STDERR_REDIRECT] [Fatal Error] :1:1: Premature end of file.
2025-03-05 08:17:30,274 [ERROR] LogOutputStream:75 - [STDERR_REDIRECT] 
2025-03-05 08:17:31,294 [ERROR] LogOutputStream:75 - [STDERR_REDIRECT] [Fatal Error] :1:1: Premature end of file.
2025-03-05 08:17:31,294 [ERROR] LogOutputStream:75 - [STDERR_REDIRECT] 
2025-03-05 08:17:32,275 [ERROR] LogOutputStream:75 - [STDERR_REDIRECT] [Fatal Error] :1:1: Premature end of file.
2025-03-05 08:17:32,275 [ERROR] LogOutputStream:75 - [STDERR_REDIRECT] 
2025-03-05 08:17:33,257 [ERROR] LogOutputStream:75 - [STDERR_REDIRECT] [Fatal Error] :1:1: Premature end of file.
2025-03-05 08:17:33,257 [ERROR] LogOutputStream:75 - [STDERR_REDIRECT] 
2025-03-05 08:17:34,285 [ERROR] LogOutputStream:75 - [STDERR_REDIRECT] [Fatal Error] :1:1: Premature end of file.
2025-03-05 08:17:34,285 [ERROR] LogOutputStream:75 - [STDERR_REDIRECT] 
2025-03-05 08:17:35,268 [ERROR] LogOutputStream:75 - [STDERR_REDIRECT] [Fatal Error] :1:1: Premature end of file.
2025-03-05 08:17:35,268 [ERROR] LogOutputStream:75 - [STDERR_REDIRECT] 
2025-03-05 08:17:36,260 [ERROR] LogOutputStream:75 - [STDERR_REDIRECT] [Fatal Error] :1:1: Premature end of file.
2025-03-05 08:17:36,260 [ERROR] LogOutputStream:75 - [STDERR_REDIRECT] 
2025-03-05 08:17:37,281 [ERROR] LogOutputStream:75 - [STDERR_REDIRECT] [Fatal Error] :1:1: Premature end of file.
2025-03-05 08:17:37,281 [ERROR] LogOutputStream:75 - [STDERR_REDIRECT] 
2025-03-05 08:17:38,270 [ERROR] LogOutputStream:75 - [STDERR_REDIRECT] [Fatal Error] :1:1: Premature end of file.
2025-03-05 08:17:38,270 [ERROR] LogOutputStream:75 - [STDERR_REDIRECT] 
2025-03-05 08:17:39,293 [ERROR] LogOutputStream:75 - [STDERR_REDIRECT] [Fatal Error] :1:1: Premature end of file.
2025-03-05 08:17:39,293 [ERROR] LogOutputStream:75 - [STDERR_REDIRECT] 
2025-03-05 08:17:40,282 [ERROR] LogOutputStream:75 - [STDERR_REDIRECT] [Fatal Error] :1:1: Premature end of file.
2025-03-05 08:17:40,282 [ERROR] LogOutputStream:75 - [STDERR_REDIRECT] 
2025-03-05 08:17:41,278 [ERROR] LogOutputStream:75 - [STDERR_REDIRECT] [Fatal Error] :1:1: Premature end of file.
2025-03-05 08:17:41,278 [ERROR] LogOutputStream:75 - [STDERR_REDIRECT] 
2025-03-05 08:17:42,273 [ERROR] LogOutputStream:75 - [STDERR_REDIRECT] [Fatal Error] :1:1: Premature end of file.
2025-03-05 08:17:42,273 [ERROR] LogOutputStream:75 - [STDERR_REDIRECT] 
2025-03-05 08:17:43,291 [ERROR] LogOutputStream:75 - [STDERR_REDIRECT] [Fatal Error] :1:1: Premature end of file.
2025-03-05 08:17:43,291 [ERROR] LogOutputStream:75 - [STDERR_REDIRECT] 
2025-03-05 08:17:44,251 [ERROR] LogOutputStream:75 - [STDERR_REDIRECT] [Fatal Error] :1:1: Premature end of file.
2025-03-05 08:17:44,251 [ERROR] LogOutputStream:75 - [STDERR_REDIRECT] 
2025-03-05 08:17:45,273 [ERROR] LogOutputStream:75 - [STDERR_REDIRECT] [Fatal Error] :1:1: Premature end of file.
2025-03-05 08:17:45,273 [ERROR] LogOutputStream:75 - [STDERR_REDIRECT] 
2025-03-05 08:17:46,273 [ERROR] LogOutputStream:75 - [STDERR_REDIRECT] [Fatal Error] :1:1: Premature end of file.
2025-03-05 08:17:46,273 [ERROR] LogOutputStream:75 - [STDERR_REDIRECT] 
2025-03-05 08:17:47,266 [ERROR] LogOutputStream:75 - [STDERR_REDIRECT] [Fatal Error] :1:1: Premature end of file.
2025-03-05 08:17:47,267 [ERROR] LogOutputStream:75 - [STDERR_REDIRECT] 
2025-03-05 08:17:48,278 [ERROR] LogOutputStream:75 - [STDERR_REDIRECT] [Fatal Error] :1:1: Premature end of file.
2025-03-05 08:17:48,279 [ERROR] LogOutputStream:75 - [STDERR_REDIRECT] 
2025-03-05 08:17:49,282 [ERROR] LogOutputStream:75 - [STDERR_REDIRECT] [Fatal Error] :1:1: Premature end of file.
2025-03-05 08:17:49,282 [ERROR] LogOutputStream:75 - [STDERR_REDIRECT] 
2025-03-05 08:17:50,284 [ERROR] LogOutputStream:75 - [STDERR_REDIRECT] [Fatal Error] :1:1: Premature end of file.
2025-03-05 08:17:50,285 [ERROR] LogOutputStream:75 - [STDERR_REDIRECT] 
2025-03-05 08:17:51,276 [ERROR] LogOutputStream:75 - [STDERR_REDIRECT] [Fatal Error] :1:1: Premature end of file.
2025-03-05 08:17:51,276 [ERROR] LogOutputStream:75 - [STDERR_REDIRECT] 
2025-03-05 08:17:52,276 [ERROR] LogOutputStream:75 - [STDERR_REDIRECT] [Fatal Error] :1:1: Premature end of file.
2025-03-05 08:17:52,276 [ERROR] LogOutputStream:75 - [STDERR_REDIRECT] 
2025-03-05 08:17:53,274 [ERROR] LogOutputStream:75 - [STDERR_REDIRECT] [Fatal Error] :1:1: Premature end of file.
2025-03-05 08:17:53,274 [ERROR] LogOutputStream:75 - [STDERR_REDIRECT] 
2025-03-05 08:17:54,272 [ERROR] LogOutputStream:75 - [STDERR_REDIRECT] [Fatal Error] :1:1: Premature end of file.
2025-03-05 08:17:54,272 [ERROR] LogOutputStream:75 - [STDERR_REDIRECT] 
2025-03-05 08:17:55,273 [ERROR] LogOutputStream:75 - [STDERR_REDIRECT] [Fatal Error] :1:1: Premature end of file.
2025-03-05 08:17:55,273 [ERROR] LogOutputStream:75 - [STDERR_REDIRECT] 
2025-03-05 08:17:56,274 [ERROR] LogOutputStream:75 - [STDERR_REDIRECT] [Fatal Error] :1:1: Premature end of file.
2025-03-05 08:17:56,274 [ERROR] LogOutputStream:75 - [STDERR_REDIRECT] 
2025-03-05 08:17:57,281 [ERROR] LogOutputStream:75 - [STDERR_REDIRECT] [Fatal Error] :1:1: Premature end of file.
2025-03-05 08:17:57,281 [ERROR] LogOutputStream:75 - [STDERR_REDIRECT] 
2025-03-05 08:17:58,281 [ERROR] LogOutputStream:75 - [STDERR_REDIRECT] [Fatal Error] :1:1: Premature end of file.
2025-03-05 08:17:58,281 [ERROR] LogOutputStream:75 - [STDERR_REDIRECT] 
2025-03-05 08:17:59,281 [ERROR] LogOutputStream:75 - [STDERR_REDIRECT] [Fatal Error] :1:1: Premature end of file.
2025-03-05 08:17:59,282 [ERROR] LogOutputStream:75 - [STDERR_REDIRECT] 
2025-03-05 08:18:00,294 [ERROR] LogOutputStream:75 - [STDERR_REDIRECT] [Fatal Error] :1:1: Premature end of file.
2025-03-05 08:18:00,295 [ERROR] LogOutputStream:75 - [STDERR_REDIRECT] 
2025-03-05 08:18:01,289 [ERROR] LogOutputStream:75 - [STDERR_REDIRECT] [Fatal Error] :1:1: Premature end of file.
2025-03-05 08:18:01,289 [ERROR] LogOutputStream:75 - [STDERR_REDIRECT] 
2025-03-05 08:18:02,295 [ERROR] LogOutputStream:75 - [STDERR_REDIRECT] [Fatal Error] :1:1: Premature end of file.
2025-03-05 08:18:02,296 [ERROR] LogOutputStream:75 - [STDERR_REDIRECT] 
2025-03-05 08:18:03,283 [ERROR] LogOutputStream:75 - [STDERR_REDIRECT] [Fatal Error] :1:1: Premature end of file.
2025-03-05 08:18:03,284 [ERROR] LogOutputStream:75 - [STDERR_REDIRECT] 
2025-03-05 08:18:04,289 [ERROR] LogOutputStream:75 - [STDERR_REDIRECT] [Fatal Error] :1:1: Premature end of file.
2025-03-05 08:18:04,290 [ERROR] LogOutputStream:75 - [STDERR_REDIRECT] 
2025-03-05 08:18:05,286 [ERROR] LogOutputStream:75 - [STDERR_REDIRECT] [Fatal Error] :1:1: Premature end of file.
2025-03-05 08:18:05,286 [ERROR] LogOutputStream:75 - [STDERR_REDIRECT] 
2025-03-05 08:18:05,441 [INFO] McuFinderGlobals:63 - Set McuFinder mode to 2 (CubeIDE integrated)
2025-03-05 08:18:05,501 [INFO] MainUpdater:2872 - connection check result : 10
2025-03-05 08:18:05,510 [INFO] MainUpdater:2872 - connection check result : 10
2025-03-05 08:18:05,802 [INFO] MicroXplorer:468 - Change Database Path : 
2025-03-05 08:18:05,803 [INFO] MicroXplorer:498 - Change Database Version : DB.6.0.140
2025-03-05 08:18:05,821 [WARN] ThirdParty:871 - waiting for thirdparty lock release [close project]
2025-03-05 08:18:05,822 [INFO] ThirdParty:873 - entering critical section [close project]
2025-03-05 08:18:05,866 [INFO] ThirdParty:883 - exiting critical section [close project]
2025-03-05 08:18:05,869 [INFO] PinOutPanel:1589 - setPackage(No Configuration,No Configuration)
2025-03-05 08:18:05,876 [INFO] UtilMem:75 - Begin LoadConfig() Used Memory: 642573792 Bytes (909115392)
2025-03-05 08:18:05,879 [INFO] MicroXplorer:468 - Change Database Path : 
2025-03-05 08:18:05,879 [INFO] MicroXplorer:498 - Change Database Version : DB.6.0.140
2025-03-05 08:18:05,879 [INFO] OpenFileManager:354 - Change cursor
2025-03-05 08:18:05,970 [INFO] Mcu:2011 - Initializing MCU STM32F303R(D-E)Tx STM32F303RETx STM32F303RET6
2025-03-05 08:18:06,291 [ERROR] LogOutputStream:75 - [STDERR_REDIRECT] [Fatal Error] :1:1: Premature end of file.
2025-03-05 08:18:06,292 [ERROR] LogOutputStream:75 - [STDERR_REDIRECT] 
2025-03-05 08:18:07,286 [ERROR] LogOutputStream:75 - [STDERR_REDIRECT] [Fatal Error] :1:1: Premature end of file.
2025-03-05 08:18:07,287 [ERROR] LogOutputStream:75 - [STDERR_REDIRECT] 
2025-03-05 08:18:08,227 [INFO] Context:756 - Trying to add GPIOservice into a context  which must be forbidden
2025-03-05 08:18:08,250 [ERROR] LogOutputStream:75 - [STDERR_REDIRECT] [Fatal Error] :1:1: Premature end of file.
2025-03-05 08:18:08,250 [ERROR] LogOutputStream:75 - [STDERR_REDIRECT] 
2025-03-05 08:18:09,042 [INFO] ImportTextPane:218 - (OptionalMessage_ERROR) Pin20 (VP_RIF_VS_RIF1) cannot be retrieved for this MCU
2025-03-05 08:18:09,221 [INFO] RtosManager:558 - Registered RTOS mode: class=CMSIS, group=RTOS, mode=CMSIS_V1, owner=FREERTOS
2025-03-05 08:18:09,221 [INFO] RtosManager:558 - Registered RTOS mode: class=CMSIS, group=RTOS2, mode=CMSIS_V2, owner=FREERTOS
2025-03-05 08:18:09,221 [INFO] RtosManager:558 - Registered RTOS mode: class=RTOS, group=Core, mode=CMSIS_V1, owner=FREERTOS
2025-03-05 08:18:09,221 [INFO] RtosManager:558 - Registered RTOS mode: class=RTOS, group=Core, mode=CMSIS_V2, owner=FREERTOS
2025-03-05 08:18:09,222 [WARN] ModelIntegratedComponent:184 - Missing modes for component STMicroelectronics:FreeRTOS:0.0.1:STMicroelectronics:RTOS:FreeRTOS:Core:::10.2.0:
2025-03-05 08:18:09,247 [WARN] ModelIntegratedComponent:63 - No mode defined for component null
2025-03-05 08:18:09,247 [WARN] ModelIntegratedComponent:63 - No mode defined for component null
2025-03-05 08:18:09,247 [WARN] ModelIntegratedComponent:63 - No mode defined for component null
2025-03-05 08:18:09,247 [WARN] ModelIntegratedComponent:63 - No mode defined for component null
2025-03-05 08:18:09,247 [WARN] ModelIntegratedComponent:63 - No mode defined for component null
2025-03-05 08:18:09,247 [WARN] ModelIntegratedComponent:63 - No mode defined for component null
2025-03-05 08:18:09,247 [WARN] ModelIntegratedComponent:63 - No mode defined for component null
2025-03-05 08:18:09,247 [WARN] ModelIntegratedComponent:63 - No mode defined for component null
2025-03-05 08:18:09,247 [WARN] ModelIntegratedComponent:63 - No mode defined for component null
2025-03-05 08:18:09,247 [WARN] ModelIntegratedComponent:63 - No mode defined for component null
2025-03-05 08:18:09,247 [WARN] ModelIntegratedComponent:63 - No mode defined for component null
2025-03-05 08:18:09,247 [WARN] ModelIntegratedComponent:63 - No mode defined for component null
2025-03-05 08:18:09,247 [WARN] ModelIntegratedComponent:63 - No mode defined for component null
2025-03-05 08:18:09,247 [WARN] ModelIntegratedComponent:63 - No mode defined for component null
2025-03-05 08:18:09,247 [WARN] ModelIntegratedComponent:63 - No mode defined for component null
2025-03-05 08:18:09,247 [WARN] ModelIntegratedComponent:63 - No mode defined for component null
2025-03-05 08:18:09,248 [WARN] ModelIntegratedComponent:63 - No mode defined for component null
2025-03-05 08:18:09,248 [WARN] ModelIntegratedComponent:63 - No mode defined for component null
2025-03-05 08:18:09,248 [WARN] ModelIntegratedComponent:63 - No mode defined for component null
2025-03-05 08:18:09,248 [WARN] ModelIntegratedComponent:63 - No mode defined for component null
2025-03-05 08:18:09,248 [WARN] ModelIntegratedComponent:63 - No mode defined for component null
2025-03-05 08:18:09,248 [WARN] ModelIntegratedComponent:63 - No mode defined for component null
2025-03-05 08:18:09,248 [WARN] ModelIntegratedComponent:63 - No mode defined for component null
2025-03-05 08:18:09,248 [WARN] ModelIntegratedComponent:63 - No mode defined for component null
2025-03-05 08:18:09,248 [WARN] ModelIntegratedComponent:63 - No mode defined for component null
2025-03-05 08:18:09,248 [WARN] ModelIntegratedComponent:63 - No mode defined for component null
2025-03-05 08:18:09,248 [WARN] ModelIntegratedComponent:63 - No mode defined for component null
2025-03-05 08:18:09,248 [WARN] ModelIntegratedComponent:63 - No mode defined for component null
2025-03-05 08:18:09,248 [WARN] ModelIntegratedComponent:63 - No mode defined for component null
2025-03-05 08:18:09,248 [WARN] ModelIntegratedComponent:63 - No mode defined for component null
2025-03-05 08:18:09,248 [WARN] ModelIntegratedComponent:63 - No mode defined for component null
2025-03-05 08:18:09,248 [WARN] ModelIntegratedComponent:63 - No mode defined for component null
2025-03-05 08:18:09,248 [WARN] ModelIntegratedComponent:63 - No mode defined for component null
2025-03-05 08:18:09,248 [WARN] ModelIntegratedComponent:63 - No mode defined for component null
2025-03-05 08:18:09,248 [WARN] ModelIntegratedComponent:63 - No mode defined for component null
2025-03-05 08:18:09,248 [WARN] ModelPack:524 - Component already loaded: STMicroelectronics:HAL Drivers:0.0.0:STMicroelectronics:Device:STMicro_Driver:XSPI:HAL::0.0.1:HAL_XSPI
2025-03-05 08:18:09,262 [ERROR] LogOutputStream:75 - [STDERR_REDIRECT] [Fatal Error] :1:1: Premature end of file.
2025-03-05 08:18:09,262 [ERROR] LogOutputStream:75 - [STDERR_REDIRECT] 
2025-03-05 08:18:09,347 [INFO] ThirdPartyModel:298 - Start build external matchings
2025-03-05 08:18:09,615 [INFO] ThirdPartyModel:316 - End build external matchings
2025-03-05 08:18:09,628 [INFO] ImportTextPane:218 - (OptionalMessage_ERROR) IP (RCC) : Invalid parameter (FamilyName)
2025-03-05 08:18:09,629 [INFO] ImportTextPane:218 - (OptionalMessage_ERROR) IP (RCC) : Invalid parameter (PLLM)
2025-03-05 08:18:09,629 [INFO] ImportTextPane:218 - (OptionalMessage_ERROR) IP (RCC) : Invalid parameter (PLLN)
2025-03-05 08:18:09,629 [INFO] ImportTextPane:218 - (OptionalMessage_ERROR) IP (RCC) : Invalid parameter (PLLP)
2025-03-05 08:18:09,629 [INFO] ImportTextPane:218 - (OptionalMessage_ERROR) IP (RCC) : Invalid parameter (PLLQ)
2025-03-05 08:18:09,629 [INFO] ImportTextPane:218 - (OptionalMessage_ERROR) IP (RCC) : Invalid parameter (RCC_PLLsource_Clock_Source_FROM_HSE)
2025-03-05 08:18:09,629 [INFO] ImportTextPane:218 - (OptionalMessage_ERROR) IP (RCC) : Parameter (USBFreq_Value) has invalid value (72000000)
2025-03-05 08:18:10,031 [INFO] ApiDb:581 - Connected to CubeFinder SQLite database (C:\Users\raj\.stmcufinder\plugins\mcufinder\mcu\cube-finder-db.db)
2025-03-05 08:18:10,125 [INFO] ApiDb:668 - CubeFinder database Data Model version=2.1
2025-03-05 08:18:10,125 [INFO] ApiDb:669 - CubeFinder database Configuration version=3.0.39
2025-03-05 08:18:10,126 [INFO] ApiDb:670 - CubeFinder database generation date=2025-02-18 (1739885696)
2025-03-05 08:18:10,126 [INFO] ApiDb:671 - CubeFinder database FW Pack versions=[FP-ATR-ASTRA1_V2.0.0, FP-SNS-FLIGHT1_V5.0.2, FP-SNS-MOTENV1_V5.0.0, FP-SNS-MOTENVWB1_V1.4.0, FP-SNS-SMARTAG2_V1.2.0, FP-SNS-STBOX1_V2.0.0, STM32Cube_FW_C0_V1.4.0, STM32Cube_FW_F4_V1.28.1, STM32Cube_FW_F7_V1.17.2, STM32Cube_FW_G0_V1.6.2, STM32Cube_FW_G4_V1.6.1, STM32Cube_FW_H5_V1.5.0, STM32Cube_FW_H7RS_V1.2.0, STM32Cube_FW_H7_V1.12.1, STM32Cube_FW_L0_V1.12.2, STM32Cube_FW_L4_V1.18.1, STM32Cube_FW_L5_V1.5.1, STM32Cube_FW_N6_V1.1.0, STM32Cube_FW_U0_V1.2.0, STM32Cube_FW_U3_V1.1.0, STM32Cube_FW_U5_V1.7.0, STM32Cube_FW_WB0_V1.2.0, STM32Cube_FW_WBA_V1.6.0, STM32Cube_FW_WB_V1.22.0, STM32Cube_FW_WL3_V1.1.0, STM32Cube_FW_WL_V1.3.1, X-CUBE-ALGOBUILD_V1.4.0, X-CUBE-ALS_V1.0.2, X-CUBE-AZRTOS-F4_V1.1.0, X-CUBE-AZRTOS-F7_V1.1.0, X-CUBE-AZRTOS-G0_V1.1.0, X-CUBE-AZRTOS-G4_V2.0.0, X-CUBE-AZRTOS-H7RS_V1.0.0, X-CUBE-AZRTOS-H7_V3.3.0, X-CUBE-AZRTOS-L4_V2.0.0, X-CUBE-AZRTOS-L5_V2.0.0, X-CUBE-AZRTOS-WB_V2.0.0, X-CUBE-AZRTOS-WL_V2.0.0, X-CUBE-BLE1_V7.0.0, X-CUBE-BLE2_V3.3.0, X-CUBE-BLEMGR_V4.0.0, X-CUBE-EEPRMA1_V5.1.0, X-CUBE-FREERTOS_V1.3.0, X-CUBE-GNSS1_V6.0.0, X-CUBE-MEMS1_V11.1.0, X-CUBE-NFC4_V3.0.0, X-CUBE-NFC7_V1.0.1, X-CUBE-SFXS2LP1_V4.0.0, X-CUBE-SUBG2_V5.0.0, X-CUBE-TOF1_V3.4.2]
2025-03-05 08:18:10,254 [ERROR] LogOutputStream:75 - [STDERR_REDIRECT] [Fatal Error] :1:1: Premature end of file.
2025-03-05 08:18:10,254 [ERROR] LogOutputStream:75 - [STDERR_REDIRECT] 
2025-03-05 08:18:10,256 [INFO] DbBoardsSqlite:226 - include board P-NUCLEO-WB55-NUCLEO as a kit item of type 'Nucleo-64'
2025-03-05 08:18:10,256 [INFO] DbBoardsSqlite:226 - include board P-NUCLEO-WB55-USBDONGLE as a kit item of type 'Nucleo USB Dongle'
2025-03-05 08:18:10,258 [INFO] DbBoardsSqlite:226 - include board STEVAL-IDP005V1 as a kit item of type 'Evaluation Board'
2025-03-05 08:18:10,258 [INFO] DbBoardsSqlite:226 - include board STEVAL-IDP005V2 as a kit item of type 'Evaluation Board'
2025-03-05 08:18:10,608 [INFO] ApiDb:240 - Found 895 in-development CPN: [B-G473E-ZEST1S, B-WB1M-WPAN1, B-WBA5M-WPAN, B-WL5M-SUBG1, NUCLEO-C031C6, NUCLEO-C051C8, NUCLEO-C071RB, NUCLEO-C092RC, NUCLEO-H503RB, NUCLEO-H533RE, NUCLEO-H563ZI, NUCLEO-H7S3L8, NUCLEO-N657X0-Q, NUCLEO-U031R8, NUCLEO-U083RC, NUCLEO-U385RG-Q, NUCLEO-U545RE-Q, NUCLEO-U5A5ZJ-Q, NUCLEO-WB05KZ, NUCLEO-WB07CC, NUCLEO-WB09KE, NUCLEO-WBA52CG, NUCLEO-WBA55CG, NUCLEO-WBA65RI, NUCLEO-WL33CC1, NUCLEO-WL33CC2, STEVAL-PROTEUS1, STEVAL-SMARTAG2, STEVAL-STWINBX1, STM320518-EVAL, STM32C0116-DK, STM32C011D6Y3TR, STM32C011D6Y6TR, STM32C011F4P3, STM32C011F4P6, STM32C011F4U3, STM32C011F4U6TR, STM32C011F6P3, STM32C011F6P6, STM32C011F6U3, STM32C011F6U6TR, STM32C011J4M3, STM32C011J4M6, STM32C011J6M3, STM32C011J6M6, STM32C0316-DK, STM32C031C4T3, STM32C031C4T6, STM32C031C4U3, STM32C031C4U6, STM32C031C6T3, STM32C031C6T6, STM32C031C6U3, STM32C031C6U6, STM32C031F4P3, STM32C031F4P6, STM32C031F6P3, STM32C031F6P6, STM32C031G4U3, STM32C031G4U6, STM32C031G6U3, STM32C031G6U6, STM32C031K4T3, STM32C031K4T6, STM32C031K4U3, STM32C031K4U6, STM32C031K6T3, STM32C031K6T6, STM32C031K6U3, STM32C031K6U6, STM32C051C6T6, STM32C051C6U6, STM32C051C8T6, STM32C051C8U6, STM32C051D8Y6TR, STM32C051F6P6, STM32C051F8P6, STM32C051G6U6, STM32C051G8U6, STM32C051K6T6, STM32C051K6U6, STM32C051K8T6, STM32C071C8T6, STM32C071C8T6N, STM32C071C8U6, STM32C071C8U6N, STM32C071CBT6, STM32C071CBT6N, STM32C071CBU6, STM32C071CBU6N, STM32C071F8P6, STM32C071F8P6N, STM32C071FBP6, STM32C071FBP6N, STM32C071FBY6TR, STM32C071G8U6, STM32C071G8U6N, STM32C071GBU6, STM32C071GBU6N, STM32C071K8T6, STM32C071K8T6N, STM32C071K8U6, STM32C071K8U6N, STM32C071KBT6, STM32C071KBT6N, STM32C071KBU6, STM32C071KBU6N, STM32C071R8T6, STM32C071R8T6N, STM32C071RBI6N, STM32C071RBT6, STM32C071RBT6N, STM32C091CBT6, STM32C091CBU6, STM32C091CCT6, STM32C091CCU6, STM32C091ECY6TR, STM32C091FBP6, STM32C091FCP6, STM32C091GBU6, STM32C091GCU6, STM32C091KBT6, STM32C091KBU6, STM32C091KCT6, STM32C091KCU6, STM32C091RBT6, STM32C091RCI6, STM32C091RCT6, STM32C092CBT6, STM32C092CBU6, STM32C092CCT6, STM32C092CCU6, STM32C092ECY6TR, STM32C092FBP6, STM32C092FCP6, STM32C092GBU6, STM32C092GCU6, STM32C092KBT6, STM32C092KBU6, STM32C092KCT6, STM32C092KCU6, STM32C092RBT6, STM32C092RCI6, STM32C092RCT6, STM32G071K8TXN, STM32G071K8UXN, STM32G081GBU6N, STM32G081KBT6N, STM32G081KBUXN, STM32G0B1CCT6N, STM32G0B1KCT6, STM32G0B1NEY6TR, STM32G0B1RCT6N, STM32G0C1CCT6, STM32G0C1CCT6N, STM32G0C1CCU6N, STM32G0C1CET6N, STM32G0C1CEU6N, STM32G0C1KCT6, STM32G0C1NEY6TR, STM32G0C1RCI6N, STM32G0C1RCT6N, STM32G0C1REI6N, STM32G0C1RET6N, STM32G0C1VCI6, STM32G0C1VEI6, STM32G411C6T3, STM32G411C6T6, STM32G411C6U3, STM32G411C6U6, STM32G411C8T3, STM32G411C8T6, STM32G411C8U3, STM32G411C8U6, STM32G411CBT3, STM32G411CBT6, STM32G411CBU3, STM32G411CBU6, STM32G411CCT3, STM32G411CCT6, STM32G411CCU3, STM32G411CCU6, STM32G411K6T3, STM32G411K6T6, STM32G411K6U3, STM32G411K6U6, STM32G411K8T3, STM32G411K8T6, STM32G411K8U3, STM32G411K8U6, STM32G411KBT3, STM32G411KBT6, STM32G411KBU3, STM32G411KBU6, STM32G411M6T3, STM32G411M6T6, STM32G411M8T3, STM32G411M8T6, STM32G411MBT3, STM32G411MBT6, STM32G411MCT3, STM32G411MCT6, STM32G411R6T3, STM32G411R6T6, STM32G411R8T3, STM32G411R8T6, STM32G411RBT3, STM32G411RBT6, STM32G411RCT3, STM32G411RCT6, STM32G414CBT3, STM32G414CBT6, STM32G414CBU3, STM32G414CBU6, STM32G414CCT3, STM32G414CCT6, STM32G414CCU3, STM32G414CCU6, STM32G414MBT3, STM32G414MBT6, STM32G414MCT3, STM32G414MCT6, STM32G414RBT3, STM32G414RBT6, STM32G414RCT3, STM32G414RCT6, STM32G414VBT3, STM32G414VBT6, STM32G414VCT3, STM32G414VCT6, STM32G431CBT3Z, STM32G431RBT3Z, STM32G471CCT6, STM32G471CCU6, STM32G471CET3, STM32G471CET6, STM32G471CEU3, STM32G471CEU6, STM32G471MCT6, STM32G471MET3, STM32G471MET6, STM32G471MEY6TR, STM32G471QCT6, STM32G471QET3, STM32G471RCT6, STM32G471RET3, STM32G471RET6, STM32G471VCH6, STM32G471VCI6, STM32G471VCT6, STM32G471VEH3, STM32G471VEH6, STM32G471VEI3, STM32G471VEI6, STM32G471VET3, STM32G471VET6, STM32G473QET3Z, STM32G473RET3Z, STM32G474CCT6, STM32G491RET3Z, STM32H503CBT6, STM32H503CBU6, STM32H503EBY6TR, STM32H503KBU6, STM32H503RBT6, STM32H523CCT6, STM32H523CCU6, STM32H523CET6, STM32H523CEU6, STM32H523HEY6TR, STM32H523RCT6, STM32H523RET6, STM32H523VCI6, STM32H523VCT6, STM32H523VEI6, STM32H523VET6, STM32H523ZCJ6, STM32H523ZCT6, STM32H523ZEJ6, STM32H523ZET6, STM32H533CET6, STM32H533CEU6, STM32H533HEY6TR, STM32H533RET6, STM32H533VEI6, STM32H533VET6, STM32H533ZEJ6, STM32H533ZET6, STM32H562AGI6, STM32H562AII6, STM32H562IGK6, STM32H562IGT6, STM32H562IIK6, STM32H562IIT6, STM32H562RGT6, STM32H562RGV6, STM32H562RIT6, STM32H562RIV6, STM32H562VGT6, STM32H562VIT6, STM32H562ZGT6, STM32H562ZIT6, STM32H563AGI6, STM32H563AII3Q, STM32H563AII6, STM32H563IGK6, STM32H563IGT6, STM32H563IIK3Q, STM32H563IIK6, STM32H563IIT3Q, STM32H563IIT6, STM32H563MIY3QTR, STM32H563RGT6, STM32H563RGV6, STM32H563RIT6, STM32H563RIV6, STM32H563VGT6, STM32H563VIT3Q, STM32H563VIT6, STM32H563ZGT6, STM32H563ZIT3Q, STM32H563ZIT6, STM32H573AII3Q, STM32H573AII6, STM32H573I-DK, STM32H573IIK3Q, STM32H573IIK6, STM32H573IIT3Q, STM32H573IIT6, STM32H573MIY3QTR, STM32H573RIT6, STM32H573RIV6, STM32H573VIT3Q, STM32H573VIT6, STM32H573ZIT3Q, STM32H573ZIT6, STM32H7R3A8I6, STM32H7R3I8K6, STM32H7R3I8T6, STM32H7R3L8H6, STM32H7R3L8H6H, STM32H7R3R8V6, STM32H7R3V8H6, STM32H7R3V8T6, STM32H7R3V8Y6TR, STM32H7R3Z8J6, STM32H7R3Z8T6, STM32H7R7A8I6, STM32H7R7I8K6, STM32H7R7I8T6, STM32H7R7L8H6, STM32H7R7L8H6H, STM32H7R7Z8J6, STM32H7S3A8I6, STM32H7S3I8K6, STM32H7S3I8T6, STM32H7S3L8H6, STM32H7S3L8H6H, STM32H7S3R8V6, STM32H7S3V8H6, STM32H7S3V8T6, STM32H7S3V8Y6TR, STM32H7S3Z8J6, STM32H7S3Z8T6, STM32H7S78-DK, STM32H7S7A8I6, STM32H7S7I8K6, STM32H7S7I8T6, STM32H7S7L8H6, STM32H7S7L8H6H, STM32H7S7Z8J6, STM32L4R5QGI6STR, STM32MP131AAE3, STM32MP131AAF3, STM32MP131AAG3, STM32MP131CAE3, STM32MP131CAF3, STM32MP131CAG3, STM32MP131DAE7, STM32MP131DAF7, STM32MP131DAG7, STM32MP131FAE7, STM32MP131FAF7, STM32MP131FAG7, STM32MP133AAE3, STM32MP133AAF3, STM32MP133AAG3, STM32MP133CAE3, STM32MP133CAF3, STM32MP133CAG3, STM32MP133DAE7, STM32MP133DAF7, STM32MP133DAG7, STM32MP133FAE7, STM32MP133FAF7, STM32MP133FAG7, STM32MP135AAE3, STM32MP135AAF3, STM32MP135AAG3, STM32MP135CAE3, STM32MP135CAF3, STM32MP135CAG3, STM32MP135DAE7, STM32MP135DAF7, STM32MP135DAG7, STM32MP135F-DK, STM32MP135FAE7, STM32MP135FAF7, STM32MP135FAF7T, STM32MP135FAF7U, STM32MP135FAG7, STM32MP231AAJ3, STM32MP231AAK3, STM32MP231AAL3, STM32MP231CAJ3, STM32MP231CAK3, STM32MP231CAL3, STM32MP231DAJ3, STM32MP231DAK3, STM32MP231DAL3, STM32MP231FAJ3, STM32MP231FAK3, STM32MP231FAL3, STM32MP233AAJ3, STM32MP233AAK3, STM32MP233AAL3, STM32MP233CAJ3, STM32MP233CAK3, STM32MP233CAL3, STM32MP233DAJ3, STM32MP233DAK3, STM32MP233DAL3, STM32MP233FAJ3, STM32MP233FAK3, STM32MP233FAL3, STM32MP235AAJ3, STM32MP235AAK3, STM32MP235AAL3, STM32MP235CAJ3, STM32MP235CAK3, STM32MP235CAL3, STM32MP235DAJ3, STM32MP235DAK3, STM32MP235DAL3, STM32MP235FAJ3, STM32MP235FAK3, STM32MP235FAL3, STM32MP251AAI3, STM32MP251AAJ3, STM32MP251AAK3, STM32MP251AAL3, STM32MP251CAI3, STM32MP251CAJ3, STM32MP251CAK3, STM32MP251CAL3, STM32MP251DAI3, STM32MP251DAJ3, STM32MP251DAK3, STM32MP251DAL3, STM32MP251FAI3, STM32MP251FAJ3, STM32MP251FAK3, STM32MP251FAL3, STM32MP253AAI3, STM32MP253AAJ3, STM32MP253AAK3, STM32MP253AAL3, STM32MP253CAI3, STM32MP253CAJ3, STM32MP253CAK3, STM32MP253CAL3, STM32MP253DAI3, STM32MP253DAJ3, STM32MP253DAK3, STM32MP253DAL3, STM32MP253FAI3, STM32MP253FAJ3, STM32MP253FAK3, STM32MP253FAL3, STM32MP255AAI3, STM32MP255AAJ3, STM32MP255AAK3, STM32MP255AAL3, STM32MP255CAI3, STM32MP255CAJ3, STM32MP255CAK3, STM32MP255CAL3, STM32MP255DAI3, STM32MP255DAJ3, STM32MP255DAK3, STM32MP255DAL3, STM32MP255FAI3, STM32MP255FAJ3, STM32MP255FAK3, STM32MP255FAL3, STM32MP257AAI3, STM32MP257AAJ3, STM32MP257AAK3, STM32MP257AAL3, STM32MP257CAI3, STM32MP257CAJ3, STM32MP257CAK3, STM32MP257CAL3, STM32MP257DAI3, STM32MP257DAJ3, STM32MP257DAK3, STM32MP257DAL3, STM32MP257F-DK, STM32MP257F-EV1, STM32MP257FAI3, STM32MP257FAJ3, STM32MP257FAK3, STM32MP257FAL3, STM32N645A0H3Q, STM32N645B0H3Q, STM32N645I0H3Q, STM32N645L0H3Q, STM32N645X0H3Q, STM32N645Z0H3Q, STM32N647A0H3Q, STM32N647B0H3Q, STM32N647I0H3Q, STM32N647L0H3Q, STM32N647X0H3Q, STM32N647Z0H3Q, STM32N655A0H3Q, STM32N655B0H3Q, STM32N655I0H3Q, STM32N655L0H3Q, STM32N655X0H3Q, STM32N655Z0H3Q, STM32N6570-DK, STM32N657A0H3Q, STM32N657B0H3Q, STM32N657I0H3Q, STM32N657L0H3Q, STM32N657X0H3Q, STM32N657Z0H3Q, STM32U031C6T6, STM32U031C6U6, STM32U031C8T6, STM32U031C8U6, STM32U031F4P6, STM32U031F6P6, STM32U031F8P6, STM32U031G6Y6TR, STM32U031G8Y6TR, STM32U031K4U6, STM32U031K6U6, STM32U031K8U6, STM32U031R6I6, STM32U031R6T6, STM32U031R8I6, STM32U031R8T6, STM32U073C8T6, STM32U073C8U6, STM32U073CBT6, STM32U073CBU6, STM32U073CCT6, STM32U073CCU6, STM32U073H8Y6TR, STM32U073HBY6TR, STM32U073HCY6TR, STM32U073K8U6, STM32U073KBU6, STM32U073KCU6, STM32U073M8I6, STM32U073M8T6, STM32U073MBI6, STM32U073MBT6, STM32U073MCI6, STM32U073MCT6, STM32U073R8I6, STM32U073R8T6, STM32U073RBI6, STM32U073RBT6, STM32U073RCI6, STM32U073RCT6, STM32U083C-DK, STM32U083CCT6, STM32U083CCU6, STM32U083HCY6TR, STM32U083KCU6, STM32U083MCI6, STM32U083MCT6, STM32U083RCI6, STM32U083RCT6, STM32U375CET6, STM32U375CET6Q, STM32U375CEU6, STM32U375CEU6Q, STM32U375CEY6QTR, STM32U375CGT6, STM32U375CGT6Q, STM32U375CGU6, STM32U375CGU6Q, STM32U375CGY6QTR, STM32U375KEU6, STM32U375KGU6, STM32U375REI6, STM32U375REI6Q, STM32U375RET6, STM32U375RET6Q, STM32U375REY6GTR, STM32U375REY6QTR, STM32U375RGI6, STM32U375RGI6Q, STM32U375RGT6, STM32U375RGT6Q, STM32U375RGY6GTR, STM32U375RGY6QTR, STM32U375VEI6, STM32U375VEI6Q, STM32U375VET6, STM32U375VET6Q, STM32U375VGI6, STM32U375VGI6Q, STM32U375VGT6, STM32U375VGT6Q, STM32U385CGT6, STM32U385CGT6Q, STM32U385CGU6, STM32U385CGU6Q, STM32U385CGY6QTR, STM32U385KGU6, STM32U385RGI6, STM32U385RGI6Q, STM32U385RGT6, STM32U385RGT6Q, STM32U385RGY6GTR, STM32U385RGY6QTR, STM32U385VGI6, STM32U385VGI6Q, STM32U385VGT6, STM32U385VGT6Q, STM32U535CBT6, STM32U535CBT6Q, STM32U535CBU6, STM32U535CBU6Q, STM32U535CCT6, STM32U535CCT6Q, STM32U535CCU6, STM32U535CCU6Q, STM32U535CET6, STM32U535CET6Q, STM32U535CEU6, STM32U535CEU6Q, STM32U535JEY6QTR, STM32U535NCY6QTR, STM32U535NEY6QTR, STM32U535RBI6, STM32U535RBI6Q, STM32U535RBT6, STM32U535RBT6Q, STM32U535RCI6, STM32U535RCI6Q, STM32U535RCT6, STM32U535RCT6Q, STM32U535REI6, STM32U535REI6Q, STM32U535RET6, STM32U535RET6Q, STM32U535VCI6, STM32U535VCI6Q, STM32U535VCT6, STM32U535VCT6Q, STM32U535VEI6, STM32U535VEI6Q, STM32U535VET6, STM32U535VET6Q, STM32U545CET6, STM32U545CET6Q, STM32U545CEU6, STM32U545CEU6Q, STM32U545JEY6QTR, STM32U545NEY6QTR, STM32U545REI6, STM32U545REI6Q, STM32U545RET6, STM32U545RET6Q, STM32U545VEI6, STM32U545VEI6Q, STM32U545VET6, STM32U545VET6Q, STM32U595AIH6, STM32U595AIH6Q, STM32U595AJH6, STM32U595AJH6Q, STM32U595QII6, STM32U595QII6Q, STM32U595QJI6, STM32U595QJI6Q, STM32U595RIT6, STM32U595RIT6Q, STM32U595RJT6, STM32U595RJT6Q, STM32U595VIT6, STM32U595VIT6Q, STM32U595VJT6, STM32U595VJT6Q, STM32U595ZIT6, STM32U595ZIT6Q, STM32U595ZIY6QTR, STM32U595ZJT6, STM32U595ZJT6Q, STM32U595ZJY6QTR, STM32U599BJY6QTR, STM32U599NIH6Q, STM32U599NJH6Q, STM32U599VIT6Q, STM32U599VJT6, STM32U599VJT6Q, STM32U599ZIT6Q, STM32U599ZIY6QTR, STM32U599ZJT6Q, STM32U599ZJY6QTR, STM32U5A5AJH6, STM32U5A5AJH6Q, STM32U5A5QII3Q , STM32U5A5QJI6, STM32U5A5QJI6Q, STM32U5A5RJT6, STM32U5A5RJT6Q, STM32U5A5VJT6, STM32U5A5VJT6Q, STM32U5A5ZJT6, STM32U5A5ZJT6Q, STM32U5A5ZJY6QTR, STM32U5A9BJY6QTR, STM32U5A9J-DK, STM32U5A9NJH6Q, STM32U5A9VJT6Q, STM32U5A9ZJT6Q, STM32U5A9ZJY6QTR, STM32U5F7VIT6, STM32U5F7VIT6Q, STM32U5F7VJT6, STM32U5F7VJT6Q, STM32U5F9BJY6QTR, STM32U5F9NJH6Q, STM32U5F9VIT6Q, STM32U5F9VJT6Q, STM32U5F9ZIJ6QTR, STM32U5F9ZIT6Q, STM32U5F9ZJJ6QTR, STM32U5F9ZJT6Q, STM32U5G7VJT6, STM32U5G7VJT6Q, STM32U5G9BJY6QTR, STM32U5G9J-DK1, STM32U5G9J-DK2, STM32U5G9NJH6Q, STM32U5G9VJT6Q, STM32U5G9ZJJ6QTR, STM32U5G9ZJT6Q, STM32WB05KZV6TR, STM32WB05KZV7TR, STM32WB05TZF6TR, STM32WB05TZF7TR, STM32WB06CCF6TR, STM32WB06CCF7TR, STM32WB06CCV6TR, STM32WB06CCV7TR, STM32WB06KCV6TR, STM32WB06KCV7TR, STM32WB07CCF6TR, STM32WB07CCF7TR, STM32WB07CCV6TR, STM32WB07CCV7TR, STM32WB07KCV6TR, STM32WB07KCV7TR, STM32WB09KEV6TR, STM32WB09KEV7TR, STM32WB09TEF6TR, STM32WB09TEF7TR, STM32WB1MMCH6, STM32WBA50KGU6, STM32WBA50KGU6TR, STM32WBA52CEU6, STM32WBA52CEU6TR, STM32WBA52CEU7, STM32WBA52CEU7TR, STM32WBA52CGU6, STM32WBA52CGU6TR, STM32WBA52CGU6U, STM32WBA52CGU7, STM32WBA52CGU7TR, STM32WBA52KEU6, STM32WBA52KEU6TR, STM32WBA52KGU6, STM32WBA52KGU6TR, STM32WBA54CEU6, STM32WBA54CEU6TR, STM32WBA54CEU7, STM32WBA54CEU7TR, STM32WBA54CGU6, STM32WBA54CGU6TR, STM32WBA54CGU7, STM32WBA54CGU7TR, STM32WBA54KEU6, STM32WBA54KEU6TR, STM32WBA54KEU7, STM32WBA54KEU7TR, STM32WBA54KGU6, STM32WBA54KGU6TR, STM32WBA54KGU7, STM32WBA54KGU7TR, STM32WBA55CEU6, STM32WBA55CEU6TR, STM32WBA55CEU7, STM32WBA55CEU7TR, STM32WBA55CGU6, STM32WBA55CGU6TR, STM32WBA55CGU6U, STM32WBA55CGU7, STM32WBA55CGU7TR, STM32WBA55G-DK1, STM32WBA55HEF6, STM32WBA55HEF7, STM32WBA55HGF6, STM32WBA55HGF7, STM32WBA55UEI6, STM32WBA55UEI6TR, STM32WBA55UEI7, STM32WBA55UEI7TR, STM32WBA55UGI6, STM32WBA55UGI6TR, STM32WBA55UGI7, STM32WBA55UGI7TR, STM32WBA5MJGH6TR, STM32WBA62CGU6, STM32WBA62CIU6, STM32WBA62MGF6, STM32WBA62MIF6, STM32WBA62PGI6, STM32WBA62PII6, STM32WBA63CGU6, STM32WBA63CGU7, STM32WBA63CIU6, STM32WBA63CIU7, STM32WBA64CGU6, STM32WBA64CGU7, STM32WBA64CIU6, STM32WBA64CIU7, STM32WBA65CGU6, STM32WBA65CGU7, STM32WBA65CIU6, STM32WBA65CIU7, STM32WBA65I-DK1, STM32WBA65MGF6, STM32WBA65MGF7, STM32WBA65MIF6, STM32WBA65MIF7, STM32WBA65PGI6, STM32WBA65PGI7, STM32WBA65PII6, STM32WBA65PII7, STM32WBA65RGV6, STM32WBA65RGV7, STM32WBA65RIV6, STM32WBA65RIV7, STM32WL30K8V6, STM32WL30KBV6, STM32WL31C8V6, STM32WL31CBV6, STM32WL31K8V6, STM32WL31KBV6, STM32WL33C8V6, STM32WL33C8V6TR, STM32WL33C8V7, STM32WL33C8V7TR, STM32WL33CBV6, STM32WL33CBV6TR, STM32WL33CBV7, STM32WL33CBV7TR, STM32WL33CCV6, STM32WL33CCV6TR, STM32WL33CCV7, STM32WL33CCV7A, STM32WL33CCV7ATR, STM32WL33CCV7TR, STM32WL33K8V6, STM32WL33K8V6TR, STM32WL33K8V7, STM32WL33K8V7TR, STM32WL33KBV6, STM32WL33KBV6TR, STM32WL33KBV7, STM32WL33KBV7TR, STM32WL33KCV6, STM32WL33KCV6TR, STM32WL33KCV7, STM32WL33KCV7TR, STM32WL5MOCH6, STM32WL5MOCH6TR]
2025-03-05 08:18:10,777 [INFO] BoardInfo:889 - No configuration file found for board P-NUCLEO-WB55
2025-03-05 08:18:10,778 [INFO] DbBoards:161 - Kit is not supported: P-NUCLEO-WB55
2025-03-05 08:18:10,783 [INFO] BoardInfo:889 - No configuration file found for board STEVAL-BFA001V1B
2025-03-05 08:18:10,784 [INFO] DbBoards:161 - Kit is not supported: STEVAL-BFA001V1B
2025-03-05 08:18:10,785 [INFO] BoardInfo:889 - No configuration file found for board STEVAL-BFA001V2B
2025-03-05 08:18:10,786 [INFO] DbBoards:161 - Kit is not supported: STEVAL-BFA001V2B
2025-03-05 08:18:10,933 [INFO] DbBoards:168 - Found 211 boards, 208 are supported
2025-03-05 08:18:10,934 [INFO] DbBoards:169 - Found 211 boards, 43 of them is supported for  Bsp
2025-03-05 08:18:10,937 [INFO] ApiDb:668 - CubeFinder database Data Model version=2.1
2025-03-05 08:18:10,937 [INFO] ApiDb:669 - CubeFinder database Configuration version=3.0.39
2025-03-05 08:18:10,937 [INFO] ApiDb:670 - CubeFinder database generation date=2025-02-18 (1739885696)
2025-03-05 08:18:10,937 [INFO] ApiDb:671 - CubeFinder database FW Pack versions=[FP-ATR-ASTRA1_V2.0.0, FP-SNS-FLIGHT1_V5.0.2, FP-SNS-MOTENV1_V5.0.0, FP-SNS-MOTENVWB1_V1.4.0, FP-SNS-SMARTAG2_V1.2.0, FP-SNS-STBOX1_V2.0.0, STM32Cube_FW_C0_V1.4.0, STM32Cube_FW_F4_V1.28.1, STM32Cube_FW_F7_V1.17.2, STM32Cube_FW_G0_V1.6.2, STM32Cube_FW_G4_V1.6.1, STM32Cube_FW_H5_V1.5.0, STM32Cube_FW_H7RS_V1.2.0, STM32Cube_FW_H7_V1.12.1, STM32Cube_FW_L0_V1.12.2, STM32Cube_FW_L4_V1.18.1, STM32Cube_FW_L5_V1.5.1, STM32Cube_FW_N6_V1.1.0, STM32Cube_FW_U0_V1.2.0, STM32Cube_FW_U3_V1.1.0, STM32Cube_FW_U5_V1.7.0, STM32Cube_FW_WB0_V1.2.0, STM32Cube_FW_WBA_V1.6.0, STM32Cube_FW_WB_V1.22.0, STM32Cube_FW_WL3_V1.1.0, STM32Cube_FW_WL_V1.3.1, X-CUBE-ALGOBUILD_V1.4.0, X-CUBE-ALS_V1.0.2, X-CUBE-AZRTOS-F4_V1.1.0, X-CUBE-AZRTOS-F7_V1.1.0, X-CUBE-AZRTOS-G0_V1.1.0, X-CUBE-AZRTOS-G4_V2.0.0, X-CUBE-AZRTOS-H7RS_V1.0.0, X-CUBE-AZRTOS-H7_V3.3.0, X-CUBE-AZRTOS-L4_V2.0.0, X-CUBE-AZRTOS-L5_V2.0.0, X-CUBE-AZRTOS-WB_V2.0.0, X-CUBE-AZRTOS-WL_V2.0.0, X-CUBE-BLE1_V7.0.0, X-CUBE-BLE2_V3.3.0, X-CUBE-BLEMGR_V4.0.0, X-CUBE-EEPRMA1_V5.1.0, X-CUBE-FREERTOS_V1.3.0, X-CUBE-GNSS1_V6.0.0, X-CUBE-MEMS1_V11.1.0, X-CUBE-NFC4_V3.0.0, X-CUBE-NFC7_V1.0.1, X-CUBE-SFXS2LP1_V4.0.0, X-CUBE-SUBG2_V5.0.0, X-CUBE-TOF1_V3.4.2]
2025-03-05 08:18:11,254 [ERROR] LogOutputStream:75 - [STDERR_REDIRECT] [Fatal Error] :1:1: Premature end of file.
2025-03-05 08:18:11,254 [ERROR] LogOutputStream:75 - [STDERR_REDIRECT] 
2025-03-05 08:18:12,259 [ERROR] LogOutputStream:75 - [STDERR_REDIRECT] [Fatal Error] :1:1: Premature end of file.
2025-03-05 08:18:12,259 [ERROR] LogOutputStream:75 - [STDERR_REDIRECT] 
2025-03-05 08:18:12,405 [INFO] ApiDb:240 - Found 895 in-development CPN: [B-G473E-ZEST1S, B-WB1M-WPAN1, B-WBA5M-WPAN, B-WL5M-SUBG1, NUCLEO-C031C6, NUCLEO-C051C8, NUCLEO-C071RB, NUCLEO-C092RC, NUCLEO-H503RB, NUCLEO-H533RE, NUCLEO-H563ZI, NUCLEO-H7S3L8, NUCLEO-N657X0-Q, NUCLEO-U031R8, NUCLEO-U083RC, NUCLEO-U385RG-Q, NUCLEO-U545RE-Q, NUCLEO-U5A5ZJ-Q, NUCLEO-WB05KZ, NUCLEO-WB07CC, NUCLEO-WB09KE, NUCLEO-WBA52CG, NUCLEO-WBA55CG, NUCLEO-WBA65RI, NUCLEO-WL33CC1, NUCLEO-WL33CC2, STEVAL-PROTEUS1, STEVAL-SMARTAG2, STEVAL-STWINBX1, STM320518-EVAL, STM32C0116-DK, STM32C011D6Y3TR, STM32C011D6Y6TR, STM32C011F4P3, STM32C011F4P6, STM32C011F4U3, STM32C011F4U6TR, STM32C011F6P3, STM32C011F6P6, STM32C011F6U3, STM32C011F6U6TR, STM32C011J4M3, STM32C011J4M6, STM32C011J6M3, STM32C011J6M6, STM32C0316-DK, STM32C031C4T3, STM32C031C4T6, STM32C031C4U3, STM32C031C4U6, STM32C031C6T3, STM32C031C6T6, STM32C031C6U3, STM32C031C6U6, STM32C031F4P3, STM32C031F4P6, STM32C031F6P3, STM32C031F6P6, STM32C031G4U3, STM32C031G4U6, STM32C031G6U3, STM32C031G6U6, STM32C031K4T3, STM32C031K4T6, STM32C031K4U3, STM32C031K4U6, STM32C031K6T3, STM32C031K6T6, STM32C031K6U3, STM32C031K6U6, STM32C051C6T6, STM32C051C6U6, STM32C051C8T6, STM32C051C8U6, STM32C051D8Y6TR, STM32C051F6P6, STM32C051F8P6, STM32C051G6U6, STM32C051G8U6, STM32C051K6T6, STM32C051K6U6, STM32C051K8T6, STM32C071C8T6, STM32C071C8T6N, STM32C071C8U6, STM32C071C8U6N, STM32C071CBT6, STM32C071CBT6N, STM32C071CBU6, STM32C071CBU6N, STM32C071F8P6, STM32C071F8P6N, STM32C071FBP6, STM32C071FBP6N, STM32C071FBY6TR, STM32C071G8U6, STM32C071G8U6N, STM32C071GBU6, STM32C071GBU6N, STM32C071K8T6, STM32C071K8T6N, STM32C071K8U6, STM32C071K8U6N, STM32C071KBT6, STM32C071KBT6N, STM32C071KBU6, STM32C071KBU6N, STM32C071R8T6, STM32C071R8T6N, STM32C071RBI6N, STM32C071RBT6, STM32C071RBT6N, STM32C091CBT6, STM32C091CBU6, STM32C091CCT6, STM32C091CCU6, STM32C091ECY6TR, STM32C091FBP6, STM32C091FCP6, STM32C091GBU6, STM32C091GCU6, STM32C091KBT6, STM32C091KBU6, STM32C091KCT6, STM32C091KCU6, STM32C091RBT6, STM32C091RCI6, STM32C091RCT6, STM32C092CBT6, STM32C092CBU6, STM32C092CCT6, STM32C092CCU6, STM32C092ECY6TR, STM32C092FBP6, STM32C092FCP6, STM32C092GBU6, STM32C092GCU6, STM32C092KBT6, STM32C092KBU6, STM32C092KCT6, STM32C092KCU6, STM32C092RBT6, STM32C092RCI6, STM32C092RCT6, STM32G071K8TXN, STM32G071K8UXN, STM32G081GBU6N, STM32G081KBT6N, STM32G081KBUXN, STM32G0B1CCT6N, STM32G0B1KCT6, STM32G0B1NEY6TR, STM32G0B1RCT6N, STM32G0C1CCT6, STM32G0C1CCT6N, STM32G0C1CCU6N, STM32G0C1CET6N, STM32G0C1CEU6N, STM32G0C1KCT6, STM32G0C1NEY6TR, STM32G0C1RCI6N, STM32G0C1RCT6N, STM32G0C1REI6N, STM32G0C1RET6N, STM32G0C1VCI6, STM32G0C1VEI6, STM32G411C6T3, STM32G411C6T6, STM32G411C6U3, STM32G411C6U6, STM32G411C8T3, STM32G411C8T6, STM32G411C8U3, STM32G411C8U6, STM32G411CBT3, STM32G411CBT6, STM32G411CBU3, STM32G411CBU6, STM32G411CCT3, STM32G411CCT6, STM32G411CCU3, STM32G411CCU6, STM32G411K6T3, STM32G411K6T6, STM32G411K6U3, STM32G411K6U6, STM32G411K8T3, STM32G411K8T6, STM32G411K8U3, STM32G411K8U6, STM32G411KBT3, STM32G411KBT6, STM32G411KBU3, STM32G411KBU6, STM32G411M6T3, STM32G411M6T6, STM32G411M8T3, STM32G411M8T6, STM32G411MBT3, STM32G411MBT6, STM32G411MCT3, STM32G411MCT6, STM32G411R6T3, STM32G411R6T6, STM32G411R8T3, STM32G411R8T6, STM32G411RBT3, STM32G411RBT6, STM32G411RCT3, STM32G411RCT6, STM32G414CBT3, STM32G414CBT6, STM32G414CBU3, STM32G414CBU6, STM32G414CCT3, STM32G414CCT6, STM32G414CCU3, STM32G414CCU6, STM32G414MBT3, STM32G414MBT6, STM32G414MCT3, STM32G414MCT6, STM32G414RBT3, STM32G414RBT6, STM32G414RCT3, STM32G414RCT6, STM32G414VBT3, STM32G414VBT6, STM32G414VCT3, STM32G414VCT6, STM32G431CBT3Z, STM32G431RBT3Z, STM32G471CCT6, STM32G471CCU6, STM32G471CET3, STM32G471CET6, STM32G471CEU3, STM32G471CEU6, STM32G471MCT6, STM32G471MET3, STM32G471MET6, STM32G471MEY6TR, STM32G471QCT6, STM32G471QET3, STM32G471RCT6, STM32G471RET3, STM32G471RET6, STM32G471VCH6, STM32G471VCI6, STM32G471VCT6, STM32G471VEH3, STM32G471VEH6, STM32G471VEI3, STM32G471VEI6, STM32G471VET3, STM32G471VET6, STM32G473QET3Z, STM32G473RET3Z, STM32G474CCT6, STM32G491RET3Z, STM32H503CBT6, STM32H503CBU6, STM32H503EBY6TR, STM32H503KBU6, STM32H503RBT6, STM32H523CCT6, STM32H523CCU6, STM32H523CET6, STM32H523CEU6, STM32H523HEY6TR, STM32H523RCT6, STM32H523RET6, STM32H523VCI6, STM32H523VCT6, STM32H523VEI6, STM32H523VET6, STM32H523ZCJ6, STM32H523ZCT6, STM32H523ZEJ6, STM32H523ZET6, STM32H533CET6, STM32H533CEU6, STM32H533HEY6TR, STM32H533RET6, STM32H533VEI6, STM32H533VET6, STM32H533ZEJ6, STM32H533ZET6, STM32H562AGI6, STM32H562AII6, STM32H562IGK6, STM32H562IGT6, STM32H562IIK6, STM32H562IIT6, STM32H562RGT6, STM32H562RGV6, STM32H562RIT6, STM32H562RIV6, STM32H562VGT6, STM32H562VIT6, STM32H562ZGT6, STM32H562ZIT6, STM32H563AGI6, STM32H563AII3Q, STM32H563AII6, STM32H563IGK6, STM32H563IGT6, STM32H563IIK3Q, STM32H563IIK6, STM32H563IIT3Q, STM32H563IIT6, STM32H563MIY3QTR, STM32H563RGT6, STM32H563RGV6, STM32H563RIT6, STM32H563RIV6, STM32H563VGT6, STM32H563VIT3Q, STM32H563VIT6, STM32H563ZGT6, STM32H563ZIT3Q, STM32H563ZIT6, STM32H573AII3Q, STM32H573AII6, STM32H573I-DK, STM32H573IIK3Q, STM32H573IIK6, STM32H573IIT3Q, STM32H573IIT6, STM32H573MIY3QTR, STM32H573RIT6, STM32H573RIV6, STM32H573VIT3Q, STM32H573VIT6, STM32H573ZIT3Q, STM32H573ZIT6, STM32H7R3A8I6, STM32H7R3I8K6, STM32H7R3I8T6, STM32H7R3L8H6, STM32H7R3L8H6H, STM32H7R3R8V6, STM32H7R3V8H6, STM32H7R3V8T6, STM32H7R3V8Y6TR, STM32H7R3Z8J6, STM32H7R3Z8T6, STM32H7R7A8I6, STM32H7R7I8K6, STM32H7R7I8T6, STM32H7R7L8H6, STM32H7R7L8H6H, STM32H7R7Z8J6, STM32H7S3A8I6, STM32H7S3I8K6, STM32H7S3I8T6, STM32H7S3L8H6, STM32H7S3L8H6H, STM32H7S3R8V6, STM32H7S3V8H6, STM32H7S3V8T6, STM32H7S3V8Y6TR, STM32H7S3Z8J6, STM32H7S3Z8T6, STM32H7S78-DK, STM32H7S7A8I6, STM32H7S7I8K6, STM32H7S7I8T6, STM32H7S7L8H6, STM32H7S7L8H6H, STM32H7S7Z8J6, STM32L4R5QGI6STR, STM32MP131AAE3, STM32MP131AAF3, STM32MP131AAG3, STM32MP131CAE3, STM32MP131CAF3, STM32MP131CAG3, STM32MP131DAE7, STM32MP131DAF7, STM32MP131DAG7, STM32MP131FAE7, STM32MP131FAF7, STM32MP131FAG7, STM32MP133AAE3, STM32MP133AAF3, STM32MP133AAG3, STM32MP133CAE3, STM32MP133CAF3, STM32MP133CAG3, STM32MP133DAE7, STM32MP133DAF7, STM32MP133DAG7, STM32MP133FAE7, STM32MP133FAF7, STM32MP133FAG7, STM32MP135AAE3, STM32MP135AAF3, STM32MP135AAG3, STM32MP135CAE3, STM32MP135CAF3, STM32MP135CAG3, STM32MP135DAE7, STM32MP135DAF7, STM32MP135DAG7, STM32MP135F-DK, STM32MP135FAE7, STM32MP135FAF7, STM32MP135FAF7T, STM32MP135FAF7U, STM32MP135FAG7, STM32MP231AAJ3, STM32MP231AAK3, STM32MP231AAL3, STM32MP231CAJ3, STM32MP231CAK3, STM32MP231CAL3, STM32MP231DAJ3, STM32MP231DAK3, STM32MP231DAL3, STM32MP231FAJ3, STM32MP231FAK3, STM32MP231FAL3, STM32MP233AAJ3, STM32MP233AAK3, STM32MP233AAL3, STM32MP233CAJ3, STM32MP233CAK3, STM32MP233CAL3, STM32MP233DAJ3, STM32MP233DAK3, STM32MP233DAL3, STM32MP233FAJ3, STM32MP233FAK3, STM32MP233FAL3, STM32MP235AAJ3, STM32MP235AAK3, STM32MP235AAL3, STM32MP235CAJ3, STM32MP235CAK3, STM32MP235CAL3, STM32MP235DAJ3, STM32MP235DAK3, STM32MP235DAL3, STM32MP235FAJ3, STM32MP235FAK3, STM32MP235FAL3, STM32MP251AAI3, STM32MP251AAJ3, STM32MP251AAK3, STM32MP251AAL3, STM32MP251CAI3, STM32MP251CAJ3, STM32MP251CAK3, STM32MP251CAL3, STM32MP251DAI3, STM32MP251DAJ3, STM32MP251DAK3, STM32MP251DAL3, STM32MP251FAI3, STM32MP251FAJ3, STM32MP251FAK3, STM32MP251FAL3, STM32MP253AAI3, STM32MP253AAJ3, STM32MP253AAK3, STM32MP253AAL3, STM32MP253CAI3, STM32MP253CAJ3, STM32MP253CAK3, STM32MP253CAL3, STM32MP253DAI3, STM32MP253DAJ3, STM32MP253DAK3, STM32MP253DAL3, STM32MP253FAI3, STM32MP253FAJ3, STM32MP253FAK3, STM32MP253FAL3, STM32MP255AAI3, STM32MP255AAJ3, STM32MP255AAK3, STM32MP255AAL3, STM32MP255CAI3, STM32MP255CAJ3, STM32MP255CAK3, STM32MP255CAL3, STM32MP255DAI3, STM32MP255DAJ3, STM32MP255DAK3, STM32MP255DAL3, STM32MP255FAI3, STM32MP255FAJ3, STM32MP255FAK3, STM32MP255FAL3, STM32MP257AAI3, STM32MP257AAJ3, STM32MP257AAK3, STM32MP257AAL3, STM32MP257CAI3, STM32MP257CAJ3, STM32MP257CAK3, STM32MP257CAL3, STM32MP257DAI3, STM32MP257DAJ3, STM32MP257DAK3, STM32MP257DAL3, STM32MP257F-DK, STM32MP257F-EV1, STM32MP257FAI3, STM32MP257FAJ3, STM32MP257FAK3, STM32MP257FAL3, STM32N645A0H3Q, STM32N645B0H3Q, STM32N645I0H3Q, STM32N645L0H3Q, STM32N645X0H3Q, STM32N645Z0H3Q, STM32N647A0H3Q, STM32N647B0H3Q, STM32N647I0H3Q, STM32N647L0H3Q, STM32N647X0H3Q, STM32N647Z0H3Q, STM32N655A0H3Q, STM32N655B0H3Q, STM32N655I0H3Q, STM32N655L0H3Q, STM32N655X0H3Q, STM32N655Z0H3Q, STM32N6570-DK, STM32N657A0H3Q, STM32N657B0H3Q, STM32N657I0H3Q, STM32N657L0H3Q, STM32N657X0H3Q, STM32N657Z0H3Q, STM32U031C6T6, STM32U031C6U6, STM32U031C8T6, STM32U031C8U6, STM32U031F4P6, STM32U031F6P6, STM32U031F8P6, STM32U031G6Y6TR, STM32U031G8Y6TR, STM32U031K4U6, STM32U031K6U6, STM32U031K8U6, STM32U031R6I6, STM32U031R6T6, STM32U031R8I6, STM32U031R8T6, STM32U073C8T6, STM32U073C8U6, STM32U073CBT6, STM32U073CBU6, STM32U073CCT6, STM32U073CCU6, STM32U073H8Y6TR, STM32U073HBY6TR, STM32U073HCY6TR, STM32U073K8U6, STM32U073KBU6, STM32U073KCU6, STM32U073M8I6, STM32U073M8T6, STM32U073MBI6, STM32U073MBT6, STM32U073MCI6, STM32U073MCT6, STM32U073R8I6, STM32U073R8T6, STM32U073RBI6, STM32U073RBT6, STM32U073RCI6, STM32U073RCT6, STM32U083C-DK, STM32U083CCT6, STM32U083CCU6, STM32U083HCY6TR, STM32U083KCU6, STM32U083MCI6, STM32U083MCT6, STM32U083RCI6, STM32U083RCT6, STM32U375CET6, STM32U375CET6Q, STM32U375CEU6, STM32U375CEU6Q, STM32U375CEY6QTR, STM32U375CGT6, STM32U375CGT6Q, STM32U375CGU6, STM32U375CGU6Q, STM32U375CGY6QTR, STM32U375KEU6, STM32U375KGU6, STM32U375REI6, STM32U375REI6Q, STM32U375RET6, STM32U375RET6Q, STM32U375REY6GTR, STM32U375REY6QTR, STM32U375RGI6, STM32U375RGI6Q, STM32U375RGT6, STM32U375RGT6Q, STM32U375RGY6GTR, STM32U375RGY6QTR, STM32U375VEI6, STM32U375VEI6Q, STM32U375VET6, STM32U375VET6Q, STM32U375VGI6, STM32U375VGI6Q, STM32U375VGT6, STM32U375VGT6Q, STM32U385CGT6, STM32U385CGT6Q, STM32U385CGU6, STM32U385CGU6Q, STM32U385CGY6QTR, STM32U385KGU6, STM32U385RGI6, STM32U385RGI6Q, STM32U385RGT6, STM32U385RGT6Q, STM32U385RGY6GTR, STM32U385RGY6QTR, STM32U385VGI6, STM32U385VGI6Q, STM32U385VGT6, STM32U385VGT6Q, STM32U535CBT6, STM32U535CBT6Q, STM32U535CBU6, STM32U535CBU6Q, STM32U535CCT6, STM32U535CCT6Q, STM32U535CCU6, STM32U535CCU6Q, STM32U535CET6, STM32U535CET6Q, STM32U535CEU6, STM32U535CEU6Q, STM32U535JEY6QTR, STM32U535NCY6QTR, STM32U535NEY6QTR, STM32U535RBI6, STM32U535RBI6Q, STM32U535RBT6, STM32U535RBT6Q, STM32U535RCI6, STM32U535RCI6Q, STM32U535RCT6, STM32U535RCT6Q, STM32U535REI6, STM32U535REI6Q, STM32U535RET6, STM32U535RET6Q, STM32U535VCI6, STM32U535VCI6Q, STM32U535VCT6, STM32U535VCT6Q, STM32U535VEI6, STM32U535VEI6Q, STM32U535VET6, STM32U535VET6Q, STM32U545CET6, STM32U545CET6Q, STM32U545CEU6, STM32U545CEU6Q, STM32U545JEY6QTR, STM32U545NEY6QTR, STM32U545REI6, STM32U545REI6Q, STM32U545RET6, STM32U545RET6Q, STM32U545VEI6, STM32U545VEI6Q, STM32U545VET6, STM32U545VET6Q, STM32U595AIH6, STM32U595AIH6Q, STM32U595AJH6, STM32U595AJH6Q, STM32U595QII6, STM32U595QII6Q, STM32U595QJI6, STM32U595QJI6Q, STM32U595RIT6, STM32U595RIT6Q, STM32U595RJT6, STM32U595RJT6Q, STM32U595VIT6, STM32U595VIT6Q, STM32U595VJT6, STM32U595VJT6Q, STM32U595ZIT6, STM32U595ZIT6Q, STM32U595ZIY6QTR, STM32U595ZJT6, STM32U595ZJT6Q, STM32U595ZJY6QTR, STM32U599BJY6QTR, STM32U599NIH6Q, STM32U599NJH6Q, STM32U599VIT6Q, STM32U599VJT6, STM32U599VJT6Q, STM32U599ZIT6Q, STM32U599ZIY6QTR, STM32U599ZJT6Q, STM32U599ZJY6QTR, STM32U5A5AJH6, STM32U5A5AJH6Q, STM32U5A5QII3Q , STM32U5A5QJI6, STM32U5A5QJI6Q, STM32U5A5RJT6, STM32U5A5RJT6Q, STM32U5A5VJT6, STM32U5A5VJT6Q, STM32U5A5ZJT6, STM32U5A5ZJT6Q, STM32U5A5ZJY6QTR, STM32U5A9BJY6QTR, STM32U5A9J-DK, STM32U5A9NJH6Q, STM32U5A9VJT6Q, STM32U5A9ZJT6Q, STM32U5A9ZJY6QTR, STM32U5F7VIT6, STM32U5F7VIT6Q, STM32U5F7VJT6, STM32U5F7VJT6Q, STM32U5F9BJY6QTR, STM32U5F9NJH6Q, STM32U5F9VIT6Q, STM32U5F9VJT6Q, STM32U5F9ZIJ6QTR, STM32U5F9ZIT6Q, STM32U5F9ZJJ6QTR, STM32U5F9ZJT6Q, STM32U5G7VJT6, STM32U5G7VJT6Q, STM32U5G9BJY6QTR, STM32U5G9J-DK1, STM32U5G9J-DK2, STM32U5G9NJH6Q, STM32U5G9VJT6Q, STM32U5G9ZJJ6QTR, STM32U5G9ZJT6Q, STM32WB05KZV6TR, STM32WB05KZV7TR, STM32WB05TZF6TR, STM32WB05TZF7TR, STM32WB06CCF6TR, STM32WB06CCF7TR, STM32WB06CCV6TR, STM32WB06CCV7TR, STM32WB06KCV6TR, STM32WB06KCV7TR, STM32WB07CCF6TR, STM32WB07CCF7TR, STM32WB07CCV6TR, STM32WB07CCV7TR, STM32WB07KCV6TR, STM32WB07KCV7TR, STM32WB09KEV6TR, STM32WB09KEV7TR, STM32WB09TEF6TR, STM32WB09TEF7TR, STM32WB1MMCH6, STM32WBA50KGU6, STM32WBA50KGU6TR, STM32WBA52CEU6, STM32WBA52CEU6TR, STM32WBA52CEU7, STM32WBA52CEU7TR, STM32WBA52CGU6, STM32WBA52CGU6TR, STM32WBA52CGU6U, STM32WBA52CGU7, STM32WBA52CGU7TR, STM32WBA52KEU6, STM32WBA52KEU6TR, STM32WBA52KGU6, STM32WBA52KGU6TR, STM32WBA54CEU6, STM32WBA54CEU6TR, STM32WBA54CEU7, STM32WBA54CEU7TR, STM32WBA54CGU6, STM32WBA54CGU6TR, STM32WBA54CGU7, STM32WBA54CGU7TR, STM32WBA54KEU6, STM32WBA54KEU6TR, STM32WBA54KEU7, STM32WBA54KEU7TR, STM32WBA54KGU6, STM32WBA54KGU6TR, STM32WBA54KGU7, STM32WBA54KGU7TR, STM32WBA55CEU6, STM32WBA55CEU6TR, STM32WBA55CEU7, STM32WBA55CEU7TR, STM32WBA55CGU6, STM32WBA55CGU6TR, STM32WBA55CGU6U, STM32WBA55CGU7, STM32WBA55CGU7TR, STM32WBA55G-DK1, STM32WBA55HEF6, STM32WBA55HEF7, STM32WBA55HGF6, STM32WBA55HGF7, STM32WBA55UEI6, STM32WBA55UEI6TR, STM32WBA55UEI7, STM32WBA55UEI7TR, STM32WBA55UGI6, STM32WBA55UGI6TR, STM32WBA55UGI7, STM32WBA55UGI7TR, STM32WBA5MJGH6TR, STM32WBA62CGU6, STM32WBA62CIU6, STM32WBA62MGF6, STM32WBA62MIF6, STM32WBA62PGI6, STM32WBA62PII6, STM32WBA63CGU6, STM32WBA63CGU7, STM32WBA63CIU6, STM32WBA63CIU7, STM32WBA64CGU6, STM32WBA64CGU7, STM32WBA64CIU6, STM32WBA64CIU7, STM32WBA65CGU6, STM32WBA65CGU7, STM32WBA65CIU6, STM32WBA65CIU7, STM32WBA65I-DK1, STM32WBA65MGF6, STM32WBA65MGF7, STM32WBA65MIF6, STM32WBA65MIF7, STM32WBA65PGI6, STM32WBA65PGI7, STM32WBA65PII6, STM32WBA65PII7, STM32WBA65RGV6, STM32WBA65RGV7, STM32WBA65RIV6, STM32WBA65RIV7, STM32WL30K8V6, STM32WL30KBV6, STM32WL31C8V6, STM32WL31CBV6, STM32WL31K8V6, STM32WL31KBV6, STM32WL33C8V6, STM32WL33C8V6TR, STM32WL33C8V7, STM32WL33C8V7TR, STM32WL33CBV6, STM32WL33CBV6TR, STM32WL33CBV7, STM32WL33CBV7TR, STM32WL33CCV6, STM32WL33CCV6TR, STM32WL33CCV7, STM32WL33CCV7A, STM32WL33CCV7ATR, STM32WL33CCV7TR, STM32WL33K8V6, STM32WL33K8V6TR, STM32WL33K8V7, STM32WL33K8V7TR, STM32WL33KBV6, STM32WL33KBV6TR, STM32WL33KBV7, STM32WL33KBV7TR, STM32WL33KCV6, STM32WL33KCV6TR, STM32WL33KCV7, STM32WL33KCV7TR, STM32WL5MOCH6, STM32WL5MOCH6TR]
2025-03-05 08:18:12,409 [INFO] DbMcus:218 - Found 4682 MCUs, 4682 are supported
2025-03-05 08:18:12,409 [INFO] ApiDb:423 - Load user favorites file C:\Users\raj/.stm32cubeide/favorites.mcus.txt: 0 item(s)
2025-03-05 08:18:12,409 [INFO] ApiDb:427 - User favorites MCUs=[]
2025-03-05 08:18:12,409 [INFO] DbMcus:224 - Set 0 / 0 favorites MCUs
2025-03-05 08:18:12,689 [INFO] ApiDb:423 - Load user favorites file C:\Users\raj/.stm32cubeide/favorites.boards.txt: 0 item(s)
2025-03-05 08:18:12,690 [INFO] ApiDb:427 - User favorites Boards=[]
2025-03-05 08:18:12,690 [INFO] DbBoards:198 - Set 0 / 0 favorites Boards
2025-03-05 08:18:12,772 [INFO] UtilMem:75 - End LoadConfig() Used Memory: 662835808 Bytes (1048576000)
2025-03-05 08:18:12,904 [WARN] ThirdParty:833 - waiting for thirdparty lock release [change project]
2025-03-05 08:18:12,905 [INFO] ThirdParty:835 - entering critical section [change project]
2025-03-05 08:18:12,905 [INFO] ThirdParty:1030 - CMSIS Pack Vendor :STMicroelectronics USBPD 4.1
2025-03-05 08:18:12,905 [INFO] ThirdParty:1030 - CMSIS Pack Vendor :STMicroelectronics X-CUBE-AZRTOS-H7 3.3.0
2025-03-05 08:18:12,905 [INFO] ThirdParty:1030 - CMSIS Pack Vendor :STMicroelectronics X-CUBE-NFC9 1.0.0
2025-03-05 08:18:12,905 [INFO] ThirdParty:1030 - CMSIS Pack Vendor :STMicroelectronics USB_HOST 2.0.0
2025-03-05 08:18:12,905 [INFO] ThirdParty:1030 - CMSIS Pack Vendor :STMicroelectronics FP-SNS-MOTENVWB1 1.4.0
2025-03-05 08:18:12,905 [INFO] ThirdParty:1030 - CMSIS Pack Vendor :STMicroelectronics X-CUBE-AZRTOS-F4 1.1.0
2025-03-05 08:18:12,905 [INFO] ThirdParty:1030 - CMSIS Pack Vendor :STMicroelectronics LIBJPEG 8.0.0
2025-03-05 08:18:12,905 [INFO] ThirdParty:1030 - CMSIS Pack Vendor :STMicroelectronics FP-ATR-ASTRA1 2.0.2
2025-03-05 08:18:12,905 [INFO] ThirdParty:1030 - CMSIS Pack Vendor :STMicroelectronics FP-ATR-ASTRA1 2.0.1
2025-03-05 08:18:12,905 [INFO] ThirdParty:1030 - CMSIS Pack Vendor :STMicroelectronics X-CUBE-SMBUS 2.1.0
2025-03-05 08:18:12,905 [INFO] ThirdParty:1030 - CMSIS Pack Vendor :STMicroelectronics X-CUBE-WB05N 1.1.0
2025-03-05 08:18:12,905 [INFO] ThirdParty:1030 - CMSIS Pack Vendor :STMicroelectronics USB_DEVICE 3.0.0
2025-03-05 08:18:12,905 [INFO] ThirdParty:1030 - CMSIS Pack Vendor :STMicroelectronics X-CUBE-TCPP 4.1.0
2025-03-05 08:18:12,905 [INFO] ThirdParty:1030 - CMSIS Pack Vendor :STMicroelectronics X-CUBE-ISPU 2.1.0
2025-03-05 08:18:12,905 [INFO] ThirdParty:1030 - CMSIS Pack Vendor :STMicroelectronics X-CUBE-FREERTOS 1.2.0
2025-03-05 08:18:12,905 [INFO] ThirdParty:1030 - CMSIS Pack Vendor :STMicroelectronics X-CUBE-IPS 3.0.0
2025-03-05 08:18:12,905 [INFO] ThirdParty:1030 - CMSIS Pack Vendor :STMicroelectronics X-CUBE-AZRTOS-WB 2.0.0
2025-03-05 08:18:12,905 [INFO] ThirdParty:1030 - CMSIS Pack Vendor :STMicroelectronics X-CUBE-GNSS1 7.0.0
2025-03-05 08:18:12,905 [INFO] ThirdParty:1030 - CMSIS Pack Vendor :STMicroelectronics X-CUBE-GNSS1 7.0.1
2025-03-05 08:18:12,905 [INFO] ThirdParty:1030 - CMSIS Pack Vendor :STMicroelectronics X-CUBE-AZRTOS-F7 1.1.0
2025-03-05 08:18:12,905 [INFO] ThirdParty:1030 - CMSIS Pack Vendor :STMicroelectronics X-CUBE-AZRTOS-L5 2.0.0
2025-03-05 08:18:12,905 [INFO] ThirdParty:1030 - CMSIS Pack Vendor :STMicroelectronics USB_DEVICE 2.0.0
2025-03-05 08:18:12,905 [INFO] ThirdParty:1030 - CMSIS Pack Vendor :STMicroelectronics X-CUBE-NFC6 3.1.0
2025-03-05 08:18:12,905 [INFO] ThirdParty:1030 - CMSIS Pack Vendor :STMicroelectronics FP-SNS-STBOX1 2.0.0
2025-03-05 08:18:12,905 [INFO] ThirdParty:1030 - CMSIS Pack Vendor :STMicroelectronics X-CUBE-MEMS1 11.0.0
2025-03-05 08:18:12,905 [INFO] ThirdParty:1030 - CMSIS Pack Vendor :STMicroelectronics FreeRTOS 0.0.1
2025-03-05 08:18:12,905 [INFO] ThirdParty:1030 - CMSIS Pack Vendor :STMicroelectronics X-CUBE-AZRTOS-G0 1.1.0
2025-03-05 08:18:12,905 [INFO] ThirdParty:1030 - CMSIS Pack Vendor :STMicroelectronics X-CUBE-SAFEA1 1.2.2
2025-03-05 08:18:12,905 [INFO] ThirdParty:1030 - CMSIS Pack Vendor :STMicroelectronics X-CUBE-NFC4 3.0.0
2025-03-05 08:18:12,905 [INFO] ThirdParty:1030 - CMSIS Pack Vendor :STMicroelectronics X-CUBE-DPower 1.2.0
2025-03-05 08:18:12,905 [INFO] ThirdParty:1030 - CMSIS Pack Vendor :STMicroelectronics X-CUBE-SUBG2 5.0.0
2025-03-05 08:18:12,905 [INFO] ThirdParty:1030 - CMSIS Pack Vendor :STMicroelectronics STM32_WPAN 1.0.0
2025-03-05 08:18:12,906 [INFO] ThirdParty:1030 - CMSIS Pack Vendor :EmbeddedOffice I-CUBE-FS-RTOS 1.0.1
2025-03-05 08:18:12,906 [INFO] ThirdParty:1030 - CMSIS Pack Vendor :STMicroelectronics lwIP 2.0.3
2025-03-05 08:18:12,906 [INFO] ThirdParty:1030 - CMSIS Pack Vendor :STMicroelectronics FP-SNS-FLIGHT1 5.0.2
2025-03-05 08:18:12,906 [INFO] ThirdParty:1030 - CMSIS Pack Vendor :Cesanta I-CUBE-Mongoose 7.13.0
2025-03-05 08:18:12,906 [INFO] ThirdParty:1030 - CMSIS Pack Vendor :STMicroelectronics USB_HOST 1.0.0
2025-03-05 08:18:12,906 [INFO] ThirdParty:1030 - CMSIS Pack Vendor :Infineon AIROC-Wi-Fi-Bluetooth-STM32 1.7.0
2025-03-05 08:18:12,906 [INFO] ThirdParty:1030 - CMSIS Pack Vendor :STMicroelectronics X-CUBE-AZRTOS-G4 2.0.0
2025-03-05 08:18:12,906 [INFO] ThirdParty:1030 - CMSIS Pack Vendor :STMicroelectronics PDM2PCM 3.1.0
2025-03-05 08:18:12,906 [INFO] ThirdParty:1030 - CMSIS Pack Vendor :STMicroelectronics PDM2PCM 3.3.0
2025-03-05 08:18:12,906 [INFO] ThirdParty:1030 - CMSIS Pack Vendor :STMicroelectronics X-CUBE-DISPLAY 3.0.0
2025-03-05 08:18:12,906 [INFO] ThirdParty:1030 - CMSIS Pack Vendor :STMicroelectronics X-CUBE-TCPP 4.2.0
2025-03-05 08:18:12,906 [INFO] ThirdParty:1030 - CMSIS Pack Vendor :RealThread X-CUBE-RT-Thread_Nano 4.1.1
2025-03-05 08:18:12,906 [INFO] ThirdParty:1030 - CMSIS Pack Vendor :STMicroelectronics X-CUBE-BLE1 7.0.0
2025-03-05 08:18:12,906 [INFO] ThirdParty:1030 - CMSIS Pack Vendor :STMicroelectronics FP-ATR-SIGFOX1 3.2.0
2025-03-05 08:18:12,906 [INFO] ThirdParty:1030 - CMSIS Pack Vendor :STMicroelectronics X-CUBE-NFC10 1.0.0
2025-03-05 08:18:12,906 [INFO] ThirdParty:1030 - CMSIS Pack Vendor :quantropi X-CUBE-qispace-sdk-base 1.9.3
2025-03-05 08:18:12,906 [INFO] ThirdParty:1030 - CMSIS Pack Vendor :STMicroelectronics X-CUBE-BLEMGR 4.0.0
2025-03-05 08:18:12,906 [INFO] ThirdParty:1030 - CMSIS Pack Vendor :STMicroelectronics X-CUBE-EEPRMA1 5.1.0
2025-03-05 08:18:12,906 [INFO] ThirdParty:1030 - CMSIS Pack Vendor :STMicroelectronics HAL Drivers 0.0.0
2025-03-05 08:18:12,906 [INFO] ThirdParty:1030 - CMSIS Pack Vendor :STMicroelectronics MBEDTLS 2.16.2
2025-03-05 08:18:12,906 [INFO] ThirdParty:1030 - CMSIS Pack Vendor :STMicroelectronics X-CUBE-IPS 3.1.0
2025-03-05 08:18:12,906 [INFO] ThirdParty:1030 - CMSIS Pack Vendor :STMicroelectronics X-CUBE-ALS 1.0.2
2025-03-05 08:18:12,906 [INFO] ThirdParty:1030 - CMSIS Pack Vendor :emotas I-CUBE-CANOPEN 1.3.0
2025-03-05 08:18:12,906 [INFO] ThirdParty:1030 - CMSIS Pack Vendor :STMicroelectronics X-CUBE-FREERTOS 1.3.0
2025-03-05 08:18:12,906 [INFO] ThirdParty:1030 - CMSIS Pack Vendor :wolfSSL I-CUBE-wolfSSL 5.7.4
2025-03-05 08:18:12,906 [INFO] ThirdParty:1030 - CMSIS Pack Vendor :STMicroelectronics X-CUBE-NFC7 1.0.1
2025-03-05 08:18:12,906 [INFO] ThirdParty:1030 - CMSIS Pack Vendor :STMicroelectronics MBEDTLS 2.14.1
2025-03-05 08:18:12,906 [INFO] ThirdParty:1030 - CMSIS Pack Vendor :ITTIA_DB I-CUBE-ITTIADB 8.9.0
2025-03-05 08:18:12,906 [INFO] ThirdParty:1030 - CMSIS Pack Vendor :STMicroelectronics X-CUBE-TOUCHGFX 4.24.2
2025-03-05 08:18:12,906 [INFO] ThirdParty:1030 - CMSIS Pack Vendor :STMicroelectronics X-CUBE-TOUCHGFX 4.24.1
2025-03-05 08:18:12,906 [INFO] ThirdParty:1030 - CMSIS Pack Vendor :wolfSSL I-CUBE-wolfTPM 3.4.0
2025-03-05 08:18:12,906 [INFO] ThirdParty:1030 - CMSIS Pack Vendor :portGmbH I-Cube-SoM-uGOAL 1.1.0
2025-03-05 08:18:12,906 [INFO] ThirdParty:1030 - CMSIS Pack Vendor :STMicroelectronics X-CUBE-BLEMGR 3.1.0
2025-03-05 08:18:12,906 [INFO] ThirdParty:1030 - CMSIS Pack Vendor :STMicroelectronics X-CUBE-AI 10.0.0
2025-03-05 08:18:12,906 [INFO] ThirdParty:1030 - CMSIS Pack Vendor :STMicroelectronics ThreadX 1.0.0
2025-03-05 08:18:12,906 [INFO] ThirdParty:1030 - CMSIS Pack Vendor :STMicroelectronics FP-SNS-SMARTAG2 1.2.0
2025-03-05 08:18:12,906 [INFO] ThirdParty:1030 - CMSIS Pack Vendor :STMicroelectronics X-CUBE-MEMS1 11.1.0
2025-03-05 08:18:12,906 [INFO] ThirdParty:1030 - CMSIS Pack Vendor :STMicroelectronics X-CUBE-AZRTOS-WL 2.0.0
2025-03-05 08:18:12,906 [INFO] ThirdParty:1030 - CMSIS Pack Vendor :SEGGER I-CUBE-embOS 1.3.1
2025-03-05 08:18:12,906 [INFO] ThirdParty:1030 - CMSIS Pack Vendor :STMicroelectronics X-CUBE-ALGOBUILD 1.4.0
2025-03-05 08:18:12,906 [INFO] ThirdParty:1030 - CMSIS Pack Vendor :STMicroelectronics FP-SNS-MOTENV1 5.0.0
2025-03-05 08:18:12,906 [INFO] ThirdParty:1030 - CMSIS Pack Vendor :STMicroelectronics USB_DEVICE 1.0.0
2025-03-05 08:18:12,906 [INFO] ThirdParty:1030 - CMSIS Pack Vendor :STMicroelectronics X-CUBE-AZRTOS-H7RS 1.0.0
2025-03-05 08:18:12,906 [INFO] ThirdParty:1030 - CMSIS Pack Vendor :wolfSSL I-CUBE-wolfMQTT 1.19.0
2025-03-05 08:18:12,906 [INFO] ThirdParty:1030 - CMSIS Pack Vendor :STMicroelectronics X-CUBE-AZRTOS-L4 2.0.0
2025-03-05 08:18:12,906 [INFO] ThirdParty:1030 - CMSIS Pack Vendor :STMicroelectronics ThreadX 0.0.2
2025-03-05 08:18:12,906 [INFO] ThirdParty:1030 - CMSIS Pack Vendor :WES I-CUBE-Cesium 1.3.0
2025-03-05 08:18:12,906 [INFO] ThirdParty:1030 - CMSIS Pack Vendor :STMicroelectronics FP-ATR-ASTRA1 2.0.0
2025-03-05 08:18:12,906 [INFO] ThirdParty:1030 - CMSIS Pack Vendor :STMicroelectronics lwIP 2.1.2
2025-03-05 08:18:12,906 [INFO] ThirdParty:1030 - CMSIS Pack Vendor :STMicroelectronics X-CUBE-SFXS2LP1 4.0.0
2025-03-05 08:18:12,906 [INFO] ThirdParty:1030 - CMSIS Pack Vendor :STMicroelectronics X-CUBE-BLE2 3.3.0
2025-03-05 08:18:12,906 [INFO] ThirdParty:1030 - CMSIS Pack Vendor :STMicroelectronics X-CUBE-TOF1 3.4.2
2025-03-05 08:18:12,906 [INFO] ThirdParty:1030 - CMSIS Pack Vendor :STMicroelectronics X-CUBE-AI 9.1.0
2025-03-05 08:18:12,907 [INFO] ThirdParty:1030 - CMSIS Pack Vendor :Infineon AIROC-Wi-Fi-Bluetooth-STM32 1.6.1
2025-03-05 08:18:12,907 [INFO] ThirdParty:1030 - CMSIS Pack Vendor :STMicroelectronics PDM2PCM 3.2.0
2025-03-05 08:18:12,907 [INFO] ThirdParty:1030 - CMSIS Pack Vendor :wolfSSL I-CUBE-wolfSSH 1.4.17
2025-03-05 08:18:12,907 [INFO] ThirdParty:841 - exiting critical section [change project]
2025-03-05 08:18:13,255 [ERROR] LogOutputStream:75 - [STDERR_REDIRECT] [Fatal Error] :1:1: Premature end of file.
2025-03-05 08:18:13,255 [ERROR] LogOutputStream:75 - [STDERR_REDIRECT] 
2025-03-05 08:18:13,348 [INFO] PinOutPanel:1589 - setPackage(No Configuration,No Configuration)
2025-03-05 08:18:13,356 [INFO] PinOutPanel:1589 - setPackage(STM32F303RETx,LQFP64)
2025-03-05 08:18:14,004 [INFO] UtilMem:75 - Before build in PCC Used Memory: 639662432 Bytes (1048576000)
2025-03-05 08:18:14,251 [ERROR] LogOutputStream:75 - [STDERR_REDIRECT] [Fatal Error] :1:1: Premature end of file.
2025-03-05 08:18:14,252 [ERROR] LogOutputStream:75 - [STDERR_REDIRECT] 
2025-03-05 08:18:14,856 [INFO] UtilMem:75 - After build in PCC Used Memory: 705722720 Bytes (1048576000)
2025-03-05 08:18:14,881 [INFO] IPUIPlugin:80 - create IPUIPlugin
2025-03-05 08:18:14,881 [INFO] IPUIPlugin:80 - create IPUIPlugin
2025-03-05 08:18:14,881 [INFO] IPUIPlugin:80 - create IPUIPlugin
2025-03-05 08:18:14,881 [INFO] IPUIPlugin:80 - create IPUIPlugin
2025-03-05 08:18:14,881 [INFO] IPUIPlugin:80 - create IPUIPlugin
2025-03-05 08:18:14,881 [INFO] IPUIPlugin:80 - create IPUIPlugin
2025-03-05 08:18:14,881 [INFO] IPUIPlugin:80 - create IPUIPlugin
2025-03-05 08:18:14,881 [INFO] IPUIPlugin:80 - create IPUIPlugin
2025-03-05 08:18:14,881 [INFO] IPUIPlugin:80 - create IPUIPlugin
2025-03-05 08:18:14,881 [INFO] IPUIPlugin:80 - create IPUIPlugin
2025-03-05 08:18:14,881 [INFO] IPUIPlugin:80 - create IPUIPlugin
2025-03-05 08:18:14,881 [INFO] IPUIPlugin:80 - create IPUIPlugin
2025-03-05 08:18:14,882 [INFO] IPUIPlugin:80 - create IPUIPlugin
2025-03-05 08:18:14,882 [INFO] IPUIPlugin:80 - create IPUIPlugin
2025-03-05 08:18:14,882 [INFO] IPUIPlugin:80 - create IPUIPlugin
2025-03-05 08:18:14,882 [INFO] IPUIPlugin:80 - create IPUIPlugin
2025-03-05 08:18:14,882 [INFO] IPUIPlugin:80 - create IPUIPlugin
2025-03-05 08:18:14,882 [INFO] IPUIPlugin:80 - create IPUIPlugin
2025-03-05 08:18:14,882 [INFO] IPUIPlugin:80 - create IPUIPlugin
2025-03-05 08:18:14,882 [INFO] IPUIPlugin:80 - create IPUIPlugin
2025-03-05 08:18:14,882 [INFO] IPUIPlugin:80 - create IPUIPlugin
2025-03-05 08:18:14,882 [INFO] IPUIPlugin:80 - create IPUIPlugin
2025-03-05 08:18:14,883 [INFO] IPUIPlugin:80 - create IPUIPlugin
2025-03-05 08:18:14,883 [INFO] IPUIPlugin:80 - create IPUIPlugin
2025-03-05 08:18:14,884 [INFO] IPUIPlugin:80 - create IPUIPlugin
2025-03-05 08:18:14,884 [INFO] IPUIPlugin:80 - create IPUIPlugin
2025-03-05 08:18:14,884 [INFO] IPUIPlugin:80 - create IPUIPlugin
2025-03-05 08:18:14,884 [INFO] IPUIPlugin:80 - create IPUIPlugin
2025-03-05 08:18:14,884 [INFO] IPUIPlugin:80 - create IPUIPlugin
2025-03-05 08:18:14,884 [INFO] IPUIPlugin:80 - create IPUIPlugin
2025-03-05 08:18:14,884 [INFO] IPUIPlugin:80 - create IPUIPlugin
2025-03-05 08:18:14,884 [INFO] IPUIPlugin:80 - create IPUIPlugin
2025-03-05 08:18:14,884 [INFO] IPUIPlugin:80 - create IPUIPlugin
2025-03-05 08:18:14,885 [INFO] IPUIPlugin:80 - create IPUIPlugin
2025-03-05 08:18:14,885 [INFO] IPUIPlugin:80 - create IPUIPlugin
2025-03-05 08:18:14,885 [INFO] IPUIPlugin:80 - create IPUIPlugin
2025-03-05 08:18:14,885 [INFO] IPUIPlugin:80 - create IPUIPlugin
2025-03-05 08:18:14,885 [INFO] IPUIPlugin:80 - create IPUIPlugin
2025-03-05 08:18:14,885 [INFO] IPUIPlugin:80 - create IPUIPlugin
2025-03-05 08:18:14,885 [INFO] IPUIPlugin:80 - create IPUIPlugin
2025-03-05 08:18:14,885 [INFO] IPUIPlugin:80 - create IPUIPlugin
2025-03-05 08:18:14,885 [INFO] IPUIPlugin:80 - create IPUIPlugin
2025-03-05 08:18:14,886 [INFO] IPUIPlugin:80 - create IPUIPlugin
2025-03-05 08:18:14,886 [INFO] IPUIPlugin:80 - create IPUIPlugin
2025-03-05 08:18:14,886 [INFO] IPUIPlugin:80 - create IPUIPlugin
2025-03-05 08:18:14,886 [INFO] IPUIPlugin:80 - create IPUIPlugin
2025-03-05 08:18:14,886 [INFO] IPUIPlugin:80 - create IPUIPlugin
2025-03-05 08:18:14,886 [INFO] IPUIPlugin:80 - create IPUIPlugin
2025-03-05 08:18:14,886 [INFO] IPUIPlugin:80 - create IPUIPlugin
2025-03-05 08:18:14,887 [INFO] IPUIPlugin:80 - create IPUIPlugin
2025-03-05 08:18:14,887 [INFO] IPUIPlugin:80 - create IPUIPlugin
2025-03-05 08:18:14,887 [INFO] IPUIPlugin:80 - create IPUIPlugin
2025-03-05 08:18:14,887 [INFO] IPUIPlugin:80 - create IPUIPlugin
2025-03-05 08:18:14,887 [INFO] IPUIPlugin:80 - create IPUIPlugin
2025-03-05 08:18:14,887 [INFO] IPUIPlugin:80 - create IPUIPlugin
2025-03-05 08:18:14,888 [INFO] IPUIPlugin:80 - create IPUIPlugin
2025-03-05 08:18:15,148 [INFO] CADModel:165 - CPN selected for project levelSTM32F303RET6
2025-03-05 08:18:15,148 [INFO] CADModel:114 - Register for checkConnection events
2025-03-05 08:18:15,209 [INFO] OpenFileManager:385 - Restore cursor
2025-03-05 08:18:15,258 [ERROR] LogOutputStream:75 - [STDERR_REDIRECT] [Fatal Error] :1:1: Premature end of file.
2025-03-05 08:18:15,258 [ERROR] LogOutputStream:75 - [STDERR_REDIRECT] 
2025-03-05 08:18:16,256 [ERROR] LogOutputStream:75 - [STDERR_REDIRECT] [Fatal Error] :1:1: Premature end of file.
2025-03-05 08:18:16,256 [ERROR] LogOutputStream:75 - [STDERR_REDIRECT] 
2025-03-05 08:18:17,260 [ERROR] LogOutputStream:75 - [STDERR_REDIRECT] [Fatal Error] :1:1: Premature end of file.
2025-03-05 08:18:17,260 [ERROR] LogOutputStream:75 - [STDERR_REDIRECT] 
2025-03-05 08:18:18,266 [ERROR] LogOutputStream:75 - [STDERR_REDIRECT] [Fatal Error] :1:1: Premature end of file.
2025-03-05 08:18:18,266 [ERROR] LogOutputStream:75 - [STDERR_REDIRECT] 
2025-03-05 08:18:19,246 [ERROR] LogOutputStream:75 - [STDERR_REDIRECT] [Fatal Error] :1:1: Premature end of file.
2025-03-05 08:18:19,246 [ERROR] LogOutputStream:75 - [STDERR_REDIRECT] 
2025-03-05 08:18:20,274 [ERROR] LogOutputStream:75 - [STDERR_REDIRECT] [Fatal Error] :1:1: Premature end of file.
2025-03-05 08:18:20,274 [ERROR] LogOutputStream:75 - [STDERR_REDIRECT] 
2025-03-05 08:18:21,280 [ERROR] LogOutputStream:75 - [STDERR_REDIRECT] [Fatal Error] :1:1: Premature end of file.
2025-03-05 08:18:21,281 [ERROR] LogOutputStream:75 - [STDERR_REDIRECT] 
2025-03-05 08:18:22,277 [ERROR] LogOutputStream:75 - [STDERR_REDIRECT] [Fatal Error] :1:1: Premature end of file.
2025-03-05 08:18:22,277 [ERROR] LogOutputStream:75 - [STDERR_REDIRECT] 
2025-03-05 08:18:23,343 [ERROR] LogOutputStream:75 - [STDERR_REDIRECT] [Fatal Error] :1:1: Premature end of file.
2025-03-05 08:18:23,343 [ERROR] LogOutputStream:75 - [STDERR_REDIRECT] 
2025-03-05 08:18:24,262 [ERROR] LogOutputStream:75 - [STDERR_REDIRECT] [Fatal Error] :1:1: Premature end of file.
2025-03-05 08:18:24,262 [ERROR] LogOutputStream:75 - [STDERR_REDIRECT] 
2025-03-05 08:18:25,299 [ERROR] LogOutputStream:75 - [STDERR_REDIRECT] [Fatal Error] :1:1: Premature end of file.
2025-03-05 08:18:25,300 [ERROR] LogOutputStream:75 - [STDERR_REDIRECT] 
2025-03-05 08:18:26,261 [ERROR] LogOutputStream:75 - [STDERR_REDIRECT] [Fatal Error] :1:1: Premature end of file.
2025-03-05 08:18:26,261 [ERROR] LogOutputStream:75 - [STDERR_REDIRECT] 
2025-03-05 08:18:27,274 [ERROR] LogOutputStream:75 - [STDERR_REDIRECT] [Fatal Error] :1:1: Premature end of file.
2025-03-05 08:18:27,274 [ERROR] LogOutputStream:75 - [STDERR_REDIRECT] 
2025-03-05 08:18:28,278 [ERROR] LogOutputStream:75 - [STDERR_REDIRECT] [Fatal Error] :1:1: Premature end of file.
2025-03-05 08:18:28,278 [ERROR] LogOutputStream:75 - [STDERR_REDIRECT] 
2025-03-05 08:18:29,273 [ERROR] LogOutputStream:75 - [STDERR_REDIRECT] [Fatal Error] :1:1: Premature end of file.
2025-03-05 08:18:29,273 [ERROR] LogOutputStream:75 - [STDERR_REDIRECT] 
2025-03-05 08:18:30,288 [ERROR] LogOutputStream:75 - [STDERR_REDIRECT] [Fatal Error] :1:1: Premature end of file.
2025-03-05 08:18:30,289 [ERROR] LogOutputStream:75 - [STDERR_REDIRECT] 
2025-03-05 08:18:31,280 [ERROR] LogOutputStream:75 - [STDERR_REDIRECT] [Fatal Error] :1:1: Premature end of file.
2025-03-05 08:18:31,280 [ERROR] LogOutputStream:75 - [STDERR_REDIRECT] 
2025-03-05 08:18:32,280 [ERROR] LogOutputStream:75 - [STDERR_REDIRECT] [Fatal Error] :1:1: Premature end of file.
2025-03-05 08:18:32,281 [ERROR] LogOutputStream:75 - [STDERR_REDIRECT] 
2025-03-05 08:18:33,247 [ERROR] LogOutputStream:75 - [STDERR_REDIRECT] [Fatal Error] :1:1: Premature end of file.
2025-03-05 08:18:33,247 [ERROR] LogOutputStream:75 - [STDERR_REDIRECT] 
2025-03-05 08:18:34,287 [ERROR] LogOutputStream:75 - [STDERR_REDIRECT] [Fatal Error] :1:1: Premature end of file.
2025-03-05 08:18:34,287 [ERROR] LogOutputStream:75 - [STDERR_REDIRECT] 
2025-03-05 08:18:35,250 [ERROR] LogOutputStream:75 - [STDERR_REDIRECT] [Fatal Error] :1:1: Premature end of file.
2025-03-05 08:18:35,250 [ERROR] LogOutputStream:75 - [STDERR_REDIRECT] 
2025-03-05 08:18:36,272 [ERROR] LogOutputStream:75 - [STDERR_REDIRECT] [Fatal Error] :1:1: Premature end of file.
2025-03-05 08:18:36,273 [ERROR] LogOutputStream:75 - [STDERR_REDIRECT] 
2025-03-05 08:18:37,268 [ERROR] LogOutputStream:75 - [STDERR_REDIRECT] [Fatal Error] :1:1: Premature end of file.
2025-03-05 08:18:37,270 [ERROR] LogOutputStream:75 - [STDERR_REDIRECT] 
2025-03-05 08:18:38,254 [ERROR] LogOutputStream:75 - [STDERR_REDIRECT] [Fatal Error] :1:1: Premature end of file.
2025-03-05 08:18:38,254 [ERROR] LogOutputStream:75 - [STDERR_REDIRECT] 
2025-03-05 08:18:39,264 [ERROR] LogOutputStream:75 - [STDERR_REDIRECT] [Fatal Error] :1:1: Premature end of file.
2025-03-05 08:18:39,265 [ERROR] LogOutputStream:75 - [STDERR_REDIRECT] 
2025-03-05 08:18:40,263 [ERROR] LogOutputStream:75 - [STDERR_REDIRECT] [Fatal Error] :1:1: Premature end of file.
2025-03-05 08:18:40,263 [ERROR] LogOutputStream:75 - [STDERR_REDIRECT] 
2025-03-05 08:18:41,253 [ERROR] LogOutputStream:75 - [STDERR_REDIRECT] [Fatal Error] :1:1: Premature end of file.
2025-03-05 08:18:41,253 [ERROR] LogOutputStream:75 - [STDERR_REDIRECT] 
2025-03-05 08:18:42,281 [ERROR] LogOutputStream:75 - [STDERR_REDIRECT] [Fatal Error] :1:1: Premature end of file.
2025-03-05 08:18:42,281 [ERROR] LogOutputStream:75 - [STDERR_REDIRECT] 
2025-03-05 08:18:43,262 [ERROR] LogOutputStream:75 - [STDERR_REDIRECT] [Fatal Error] :1:1: Premature end of file.
2025-03-05 08:18:43,262 [ERROR] LogOutputStream:75 - [STDERR_REDIRECT] 
2025-03-05 08:18:44,275 [ERROR] LogOutputStream:75 - [STDERR_REDIRECT] [Fatal Error] :1:1: Premature end of file.
2025-03-05 08:18:44,275 [ERROR] LogOutputStream:75 - [STDERR_REDIRECT] 
2025-03-05 08:18:45,245 [ERROR] LogOutputStream:75 - [STDERR_REDIRECT] [Fatal Error] :1:1: Premature end of file.
2025-03-05 08:18:45,247 [ERROR] LogOutputStream:75 - [STDERR_REDIRECT] 
2025-03-05 08:18:46,268 [ERROR] LogOutputStream:75 - [STDERR_REDIRECT] [Fatal Error] :1:1: Premature end of file.
2025-03-05 08:18:46,268 [ERROR] LogOutputStream:75 - [STDERR_REDIRECT] 
2025-03-05 08:18:47,264 [ERROR] LogOutputStream:75 - [STDERR_REDIRECT] [Fatal Error] :1:1: Premature end of file.
2025-03-05 08:18:47,265 [ERROR] LogOutputStream:75 - [STDERR_REDIRECT] 
2025-03-05 08:18:48,285 [ERROR] LogOutputStream:75 - [STDERR_REDIRECT] [Fatal Error] :1:1: Premature end of file.
2025-03-05 08:18:48,285 [ERROR] LogOutputStream:75 - [STDERR_REDIRECT] 
2025-03-05 08:18:49,287 [ERROR] LogOutputStream:75 - [STDERR_REDIRECT] [Fatal Error] :1:1: Premature end of file.
2025-03-05 08:18:49,288 [ERROR] LogOutputStream:75 - [STDERR_REDIRECT] 
2025-03-05 08:18:50,288 [ERROR] LogOutputStream:75 - [STDERR_REDIRECT] [Fatal Error] :1:1: Premature end of file.
2025-03-05 08:18:50,288 [ERROR] LogOutputStream:75 - [STDERR_REDIRECT] 
2025-03-05 08:18:51,270 [ERROR] LogOutputStream:75 - [STDERR_REDIRECT] [Fatal Error] :1:1: Premature end of file.
2025-03-05 08:18:51,270 [ERROR] LogOutputStream:75 - [STDERR_REDIRECT] 
2025-03-05 08:18:52,252 [ERROR] LogOutputStream:75 - [STDERR_REDIRECT] [Fatal Error] :1:1: Premature end of file.
2025-03-05 08:18:52,253 [ERROR] LogOutputStream:75 - [STDERR_REDIRECT] 
2025-03-05 08:18:53,273 [ERROR] LogOutputStream:75 - [STDERR_REDIRECT] [Fatal Error] :1:1: Premature end of file.
2025-03-05 08:18:53,273 [ERROR] LogOutputStream:75 - [STDERR_REDIRECT] 
2025-03-05 08:18:53,920 [INFO] UtilMem:75 - End SaveConfig() Used Memory: 752806040 Bytes (1073741824)
2025-03-05 08:18:54,066 [INFO] UtilMem:75 - End SaveConfig() Used Memory: 782665064 Bytes (1073741824)
2025-03-05 08:18:54,257 [ERROR] LogOutputStream:75 - [STDERR_REDIRECT] [Fatal Error] :1:1: Premature end of file.
2025-03-05 08:18:54,258 [ERROR] LogOutputStream:75 - [STDERR_REDIRECT] 
2025-03-05 08:18:55,120 [INFO] UtilMem:75 - End SaveConfig() Used Memory: 846087936 Bytes (1073741824)
2025-03-05 08:18:55,268 [ERROR] LogOutputStream:75 - [STDERR_REDIRECT] [Fatal Error] :1:1: Premature end of file.
2025-03-05 08:18:55,268 [ERROR] LogOutputStream:75 - [STDERR_REDIRECT] 
2025-03-05 08:18:55,676 [INFO] BlockDiagram:2775 - set Specific Code input for plugin: SYS
2025-03-05 08:18:55,676 [INFO] BlockDiagram:2775 - set Specific Code input for plugin: RCC
2025-03-05 08:18:55,676 [INFO] BlockDiagram:2775 - set Specific Code input for plugin: I2C
2025-03-05 08:18:55,676 [INFO] BlockDiagram:2775 - set Specific Code input for plugin: NVIC
2025-03-05 08:18:55,676 [INFO] BlockDiagram:2775 - set Specific Code input for plugin: USART
2025-03-05 08:18:55,677 [INFO] BlockDiagram:2775 - set Specific Code input for plugin: GPIO
2025-03-05 08:18:55,680 [INFO] CodeGenerator:882 - code generatio: config db path: C:\ST\STM32CubeIDE_1.17.0\STM32CubeIDE\plugins\com.st.stm32cube.common.mx_6.14.0.202502271554\\db\
2025-03-05 08:18:55,894 [INFO] CodeEngine:263 - oldGeneratedFile, C:\Users\raj\Project\Project\Test\Display\2025_02_18_Fast_Display\MXTmpFiles\license.tmp_save
2025-03-05 08:18:56,269 [ERROR] LogOutputStream:75 - [STDERR_REDIRECT] [Fatal Error] :1:1: Premature end of file.
2025-03-05 08:18:56,270 [ERROR] LogOutputStream:75 - [STDERR_REDIRECT] 
2025-03-05 08:18:56,612 [INFO] CodeEngine:287 - Generated code: C:\Users\raj\Project\Project\Test\Display\2025_02_18_Fast_Display\MXTmpFiles\license.tmp
2025-03-05 08:18:56,780 [INFO] CodeEngine:263 - oldGeneratedFile, C:\Users\raj\Project\Project\Test\Display\2025_02_18_Fast_Display\MXTmpFiles\gpio.tmp_save
2025-03-05 08:18:56,925 [INFO] CodeEngine:287 - Generated code: C:\Users\raj\Project\Project\Test\Display\2025_02_18_Fast_Display\MXTmpFiles\gpio.tmp
2025-03-05 08:18:57,121 [INFO] CodeEngine:263 - oldGeneratedFile, C:\Users\raj\Project\Project\Test\Display\2025_02_18_Fast_Display\Core\Src\stm32f3xx_it.c_save
2025-03-05 08:18:57,240 [INFO] CodeEngine:287 - Generated code: C:\Users\raj\Project\Project\Test\Display\2025_02_18_Fast_Display\Core\Src\stm32f3xx_it.c
2025-03-05 08:18:57,259 [ERROR] LogOutputStream:75 - [STDERR_REDIRECT] [Fatal Error] :1:1: Premature end of file.
2025-03-05 08:18:57,260 [ERROR] LogOutputStream:75 - [STDERR_REDIRECT] 
2025-03-05 08:18:57,274 [INFO] CodeEngine:263 - oldGeneratedFile, C:\Users\raj\Project\Project\Test\Display\2025_02_18_Fast_Display\Core\Inc\stm32f3xx_it.h_save
2025-03-05 08:18:57,356 [INFO] CodeEngine:287 - Generated code: C:\Users\raj\Project\Project\Test\Display\2025_02_18_Fast_Display\Core\Inc\stm32f3xx_it.h
2025-03-05 08:18:57,402 [INFO] CodeEngine:263 - oldGeneratedFile, C:\Users\raj\Project\Project\Test\Display\2025_02_18_Fast_Display\Core\Src\stm32f3xx_hal_msp.c_save
2025-03-05 08:18:57,518 [INFO] CodeEngine:287 - Generated code: C:\Users\raj\Project\Project\Test\Display\2025_02_18_Fast_Display\Core\Src\stm32f3xx_hal_msp.c
2025-03-05 08:18:57,530 [INFO] CodeEngine:263 - oldGeneratedFile, C:\Users\raj\Project\Project\Test\Display\2025_02_18_Fast_Display\MXTmpFiles\system.tmp_save
2025-03-05 08:18:57,590 [INFO] CodeEngine:287 - Generated code: C:\Users\raj\Project\Project\Test\Display\2025_02_18_Fast_Display\MXTmpFiles\system.tmp
2025-03-05 08:18:57,623 [INFO] CodeEngine:319 - oldGeneratedFile, C:\Users\raj\Project\Project\Test\Display\2025_02_18_Fast_Display\Core\Inc\stm32f3xx_hal_conf.h_save
2025-03-05 08:18:57,709 [INFO] CodeEngine:343 - Generated code: C:\Users\raj\Project\Project\Test\Display\2025_02_18_Fast_Display\Core\Inc\stm32f3xx_hal_conf.h
2025-03-05 08:18:57,754 [INFO] ApiDbMcu:508 - Load IP Config File for I2C2
2025-03-05 08:18:57,757 [INFO] ApiDbMcu:508 - Load IP Config File for USART2
2025-03-05 08:18:57,760 [INFO] ApiDbMcu:508 - Load IP Config File for RCC
2025-03-05 08:18:57,810 [INFO] CodeEngine:263 - oldGeneratedFile, C:\Users\raj\Project\Project\Test\Display\2025_02_18_Fast_Display\Core\Inc\main.h_save
2025-03-05 08:18:57,904 [INFO] CodeEngine:287 - Generated code: C:\Users\raj\Project\Project\Test\Display\2025_02_18_Fast_Display\Core\Inc\main.h
2025-03-05 08:18:57,930 [INFO] CodeEngine:263 - oldGeneratedFile, C:\Users\raj\Project\Project\Test\Display\2025_02_18_Fast_Display\Core\Src\main.c_save
2025-03-05 08:18:58,075 [INFO] CodeEngine:287 - Generated code: C:\Users\raj\Project\Project\Test\Display\2025_02_18_Fast_Display\Core\Src\main.c
2025-03-05 08:18:58,241 [ERROR] LogOutputStream:75 - [STDERR_REDIRECT] [Fatal Error] :1:1: Premature end of file.
2025-03-05 08:18:58,241 [ERROR] LogOutputStream:75 - [STDERR_REDIRECT] 
2025-03-05 08:18:58,378 [INFO] ProjectBuilder:3324 - Time for Copy HAL[1] : 172mS.
2025-03-05 08:18:58,386 [INFO] ProjectBuilder:4912 - Project Generator version: 4.6.0-B36
2025-03-05 08:18:58,448 [INFO] ConfigFileManager:1590 - The Die is : DIE446
2025-03-05 08:18:58,464 [INFO] ApiDbMcu:508 - Load IP Config File for FATFS
2025-03-05 08:18:58,479 [INFO] ApiDbMcu:508 - Load IP Config File for FREERTOS
2025-03-05 08:18:58,497 [INFO] ApiDbMcu:508 - Load IP Config File for TOUCHSENSING
2025-03-05 08:18:58,512 [INFO] ApiDbMcu:508 - Load IP Config File for USB_DEVICE
2025-03-05 08:18:59,315 [ERROR] LogOutputStream:75 - [STDERR_REDIRECT] [Fatal Error] :1:1: Premature end of file.
2025-03-05 08:18:59,315 [ERROR] LogOutputStream:75 - [STDERR_REDIRECT] 
2025-03-05 08:18:59,384 [INFO] LogOutputStream:77 - [STDOUT_REDIRECT] 
2025-03-05 08:19:00,260 [ERROR] LogOutputStream:75 - [STDERR_REDIRECT] [Fatal Error] :1:1: Premature end of file.
2025-03-05 08:19:00,260 [ERROR] LogOutputStream:75 - [STDERR_REDIRECT] 
2025-03-05 08:19:01,252 [ERROR] LogOutputStream:75 - [STDERR_REDIRECT] [Fatal Error] :1:1: Premature end of file.
2025-03-05 08:19:01,253 [ERROR] LogOutputStream:75 - [STDERR_REDIRECT] 
2025-03-05 08:19:01,739 [INFO] ProjectBuilder:5191 - Time for Generating toolchain IDE Files: 3353mS.
2025-03-05 08:19:01,741 [INFO] ProjectBuilder:3181 - Time for Copy CMSIS : 1mS.
2025-03-05 08:19:01,743 [INFO] ProjectBuilder:3181 - Time for Copy CMSIS : 1mS.
2025-03-05 08:19:02,271 [ERROR] LogOutputStream:75 - [STDERR_REDIRECT] [Fatal Error] :1:1: Premature end of file.
2025-03-05 08:19:02,271 [ERROR] LogOutputStream:75 - [STDERR_REDIRECT] 
2025-03-05 08:19:03,250 [ERROR] LogOutputStream:75 - [STDERR_REDIRECT] [Fatal Error] :1:1: Premature end of file.
2025-03-05 08:19:03,250 [ERROR] LogOutputStream:75 - [STDERR_REDIRECT] 
2025-03-05 08:19:04,280 [ERROR] LogOutputStream:75 - [STDERR_REDIRECT] [Fatal Error] :1:1: Premature end of file.
2025-03-05 08:19:04,281 [ERROR] LogOutputStream:75 - [STDERR_REDIRECT] 
2025-03-05 08:19:05,276 [ERROR] LogOutputStream:75 - [STDERR_REDIRECT] [Fatal Error] :1:1: Premature end of file.
2025-03-05 08:19:05,276 [ERROR] LogOutputStream:75 - [STDERR_REDIRECT] 
2025-03-05 08:19:06,283 [ERROR] LogOutputStream:75 - [STDERR_REDIRECT] [Fatal Error] :1:1: Premature end of file.
2025-03-05 08:19:06,284 [ERROR] LogOutputStream:75 - [STDERR_REDIRECT] 
2025-03-05 08:19:07,284 [ERROR] LogOutputStream:75 - [STDERR_REDIRECT] [Fatal Error] :1:1: Premature end of file.
2025-03-05 08:19:07,285 [ERROR] LogOutputStream:75 - [STDERR_REDIRECT] 
2025-03-05 08:19:08,270 [ERROR] LogOutputStream:75 - [STDERR_REDIRECT] [Fatal Error] :1:1: Premature end of file.
2025-03-05 08:19:08,270 [ERROR] LogOutputStream:75 - [STDERR_REDIRECT] 
2025-03-05 08:19:09,265 [ERROR] LogOutputStream:75 - [STDERR_REDIRECT] [Fatal Error] :1:1: Premature end of file.
2025-03-05 08:19:09,266 [ERROR] LogOutputStream:75 - [STDERR_REDIRECT] 
2025-03-05 08:19:10,280 [ERROR] LogOutputStream:75 - [STDERR_REDIRECT] [Fatal Error] :1:1: Premature end of file.
2025-03-05 08:19:10,280 [ERROR] LogOutputStream:75 - [STDERR_REDIRECT] 
2025-03-05 08:19:11,275 [ERROR] LogOutputStream:75 - [STDERR_REDIRECT] [Fatal Error] :1:1: Premature end of file.
2025-03-05 08:19:11,276 [ERROR] LogOutputStream:75 - [STDERR_REDIRECT] 
2025-03-05 08:19:12,273 [ERROR] LogOutputStream:75 - [STDERR_REDIRECT] [Fatal Error] :1:1: Premature end of file.
2025-03-05 08:19:12,273 [ERROR] LogOutputStream:75 - [STDERR_REDIRECT] 
2025-03-05 08:19:13,282 [ERROR] LogOutputStream:75 - [STDERR_REDIRECT] [Fatal Error] :1:1: Premature end of file.
2025-03-05 08:19:13,283 [ERROR] LogOutputStream:75 - [STDERR_REDIRECT] 
2025-03-05 08:19:14,261 [ERROR] LogOutputStream:75 - [STDERR_REDIRECT] [Fatal Error] :1:1: Premature end of file.
2025-03-05 08:19:14,261 [ERROR] LogOutputStream:75 - [STDERR_REDIRECT] 
2025-03-05 08:19:15,254 [ERROR] LogOutputStream:75 - [STDERR_REDIRECT] [Fatal Error] :1:1: Premature end of file.
2025-03-05 08:19:15,254 [ERROR] LogOutputStream:75 - [STDERR_REDIRECT] 
2025-03-05 08:19:16,258 [ERROR] LogOutputStream:75 - [STDERR_REDIRECT] [Fatal Error] :1:1: Premature end of file.
2025-03-05 08:19:16,258 [ERROR] LogOutputStream:75 - [STDERR_REDIRECT] 
2025-03-05 08:19:17,280 [ERROR] LogOutputStream:75 - [STDERR_REDIRECT] [Fatal Error] :1:1: Premature end of file.
2025-03-05 08:19:17,280 [ERROR] LogOutputStream:75 - [STDERR_REDIRECT] 
2025-03-05 08:19:18,287 [ERROR] LogOutputStream:75 - [STDERR_REDIRECT] [Fatal Error] :1:1: Premature end of file.
2025-03-05 08:19:18,287 [ERROR] LogOutputStream:75 - [STDERR_REDIRECT] 
2025-03-05 08:19:19,296 [ERROR] LogOutputStream:75 - [STDERR_REDIRECT] [Fatal Error] :1:1: Premature end of file.
2025-03-05 08:19:19,296 [ERROR] LogOutputStream:75 - [STDERR_REDIRECT] 
2025-03-05 08:19:20,252 [ERROR] LogOutputStream:75 - [STDERR_REDIRECT] [Fatal Error] :1:1: Premature end of file.
2025-03-05 08:19:20,253 [ERROR] LogOutputStream:75 - [STDERR_REDIRECT] 
2025-03-05 08:19:21,275 [ERROR] LogOutputStream:75 - [STDERR_REDIRECT] [Fatal Error] :1:1: Premature end of file.
2025-03-05 08:19:21,276 [ERROR] LogOutputStream:75 - [STDERR_REDIRECT] 
2025-03-05 08:19:22,278 [ERROR] LogOutputStream:75 - [STDERR_REDIRECT] [Fatal Error] :1:1: Premature end of file.
2025-03-05 08:19:22,279 [ERROR] LogOutputStream:75 - [STDERR_REDIRECT] 
2025-03-05 08:19:23,281 [ERROR] LogOutputStream:75 - [STDERR_REDIRECT] [Fatal Error] :1:1: Premature end of file.
2025-03-05 08:19:23,281 [ERROR] LogOutputStream:75 - [STDERR_REDIRECT] 
2025-03-05 08:19:24,267 [ERROR] LogOutputStream:75 - [STDERR_REDIRECT] [Fatal Error] :1:1: Premature end of file.
2025-03-05 08:19:24,267 [ERROR] LogOutputStream:75 - [STDERR_REDIRECT] 
2025-03-05 08:19:25,276 [ERROR] LogOutputStream:75 - [STDERR_REDIRECT] [Fatal Error] :1:1: Premature end of file.
2025-03-05 08:19:25,277 [ERROR] LogOutputStream:75 - [STDERR_REDIRECT] 
2025-03-05 08:19:26,264 [ERROR] LogOutputStream:75 - [STDERR_REDIRECT] [Fatal Error] :1:1: Premature end of file.
2025-03-05 08:19:26,264 [ERROR] LogOutputStream:75 - [STDERR_REDIRECT] 
2025-03-05 08:19:27,275 [ERROR] LogOutputStream:75 - [STDERR_REDIRECT] [Fatal Error] :1:1: Premature end of file.
2025-03-05 08:19:27,275 [ERROR] LogOutputStream:75 - [STDERR_REDIRECT] 
2025-03-05 08:19:28,274 [ERROR] LogOutputStream:75 - [STDERR_REDIRECT] [Fatal Error] :1:1: Premature end of file.
2025-03-05 08:19:28,275 [ERROR] LogOutputStream:75 - [STDERR_REDIRECT] 
2025-03-05 08:19:29,265 [ERROR] LogOutputStream:75 - [STDERR_REDIRECT] [Fatal Error] :1:1: Premature end of file.
2025-03-05 08:19:29,265 [ERROR] LogOutputStream:75 - [STDERR_REDIRECT] 
2025-03-05 08:19:30,259 [ERROR] LogOutputStream:75 - [STDERR_REDIRECT] [Fatal Error] :1:1: Premature end of file.
2025-03-05 08:19:30,259 [ERROR] LogOutputStream:75 - [STDERR_REDIRECT] 
2025-03-05 08:19:31,256 [ERROR] LogOutputStream:75 - [STDERR_REDIRECT] [Fatal Error] :1:1: Premature end of file.
2025-03-05 08:19:31,257 [ERROR] LogOutputStream:75 - [STDERR_REDIRECT] 
2025-03-05 08:19:32,257 [ERROR] LogOutputStream:75 - [STDERR_REDIRECT] [Fatal Error] :1:1: Premature end of file.
2025-03-05 08:19:32,258 [ERROR] LogOutputStream:75 - [STDERR_REDIRECT] 
2025-03-05 08:19:33,246 [ERROR] LogOutputStream:75 - [STDERR_REDIRECT] [Fatal Error] :1:1: Premature end of file.
2025-03-05 08:19:33,247 [ERROR] LogOutputStream:75 - [STDERR_REDIRECT] 
2025-03-05 08:19:34,283 [ERROR] LogOutputStream:75 - [STDERR_REDIRECT] [Fatal Error] :1:1: Premature end of file.
2025-03-05 08:19:34,283 [ERROR] LogOutputStream:75 - [STDERR_REDIRECT] 
2025-03-05 08:19:35,317 [ERROR] LogOutputStream:75 - [STDERR_REDIRECT] [Fatal Error] :1:1: Premature end of file.
2025-03-05 08:19:35,317 [ERROR] LogOutputStream:75 - [STDERR_REDIRECT] 
2025-03-05 08:19:36,282 [ERROR] LogOutputStream:75 - [STDERR_REDIRECT] [Fatal Error] :1:1: Premature end of file.
2025-03-05 08:19:36,282 [ERROR] LogOutputStream:75 - [STDERR_REDIRECT] 
2025-03-05 08:19:37,277 [ERROR] LogOutputStream:75 - [STDERR_REDIRECT] [Fatal Error] :1:1: Premature end of file.
2025-03-05 08:19:37,277 [ERROR] LogOutputStream:75 - [STDERR_REDIRECT] 
2025-03-05 08:19:38,270 [ERROR] LogOutputStream:75 - [STDERR_REDIRECT] [Fatal Error] :1:1: Premature end of file.
2025-03-05 08:19:38,270 [ERROR] LogOutputStream:75 - [STDERR_REDIRECT] 
2025-03-05 08:19:39,268 [ERROR] LogOutputStream:75 - [STDERR_REDIRECT] [Fatal Error] :1:1: Premature end of file.
2025-03-05 08:19:39,269 [ERROR] LogOutputStream:75 - [STDERR_REDIRECT] 
2025-03-05 08:19:40,255 [ERROR] LogOutputStream:75 - [STDERR_REDIRECT] [Fatal Error] :1:1: Premature end of file.
2025-03-05 08:19:40,255 [ERROR] LogOutputStream:75 - [STDERR_REDIRECT] 
2025-03-05 08:19:41,313 [ERROR] LogOutputStream:75 - [STDERR_REDIRECT] [Fatal Error] :1:1: Premature end of file.
2025-03-05 08:19:41,313 [ERROR] LogOutputStream:75 - [STDERR_REDIRECT] 
2025-03-05 08:19:42,307 [ERROR] LogOutputStream:75 - [STDERR_REDIRECT] [Fatal Error] :1:1: Premature end of file.
2025-03-05 08:19:42,307 [ERROR] LogOutputStream:75 - [STDERR_REDIRECT] 
2025-03-05 08:19:43,289 [ERROR] LogOutputStream:75 - [STDERR_REDIRECT] [Fatal Error] :1:1: Premature end of file.
2025-03-05 08:19:43,289 [ERROR] LogOutputStream:75 - [STDERR_REDIRECT] 
2025-03-05 08:19:44,286 [ERROR] LogOutputStream:75 - [STDERR_REDIRECT] [Fatal Error] :1:1: Premature end of file.
2025-03-05 08:19:44,287 [ERROR] LogOutputStream:75 - [STDERR_REDIRECT] 
2025-03-05 08:19:45,292 [ERROR] LogOutputStream:75 - [STDERR_REDIRECT] [Fatal Error] :1:1: Premature end of file.
2025-03-05 08:19:45,294 [ERROR] LogOutputStream:75 - [STDERR_REDIRECT] 
2025-03-05 08:19:46,285 [ERROR] LogOutputStream:75 - [STDERR_REDIRECT] [Fatal Error] :1:1: Premature end of file.
2025-03-05 08:19:46,286 [ERROR] LogOutputStream:75 - [STDERR_REDIRECT] 
2025-03-05 08:19:47,288 [ERROR] LogOutputStream:75 - [STDERR_REDIRECT] [Fatal Error] :1:1: Premature end of file.
2025-03-05 08:19:47,288 [ERROR] LogOutputStream:75 - [STDERR_REDIRECT] 
2025-03-05 08:19:48,294 [ERROR] LogOutputStream:75 - [STDERR_REDIRECT] [Fatal Error] :1:1: Premature end of file.
2025-03-05 08:19:48,294 [ERROR] LogOutputStream:75 - [STDERR_REDIRECT] 
2025-03-05 08:19:49,291 [ERROR] LogOutputStream:75 - [STDERR_REDIRECT] [Fatal Error] :1:1: Premature end of file.
2025-03-05 08:19:49,291 [ERROR] LogOutputStream:75 - [STDERR_REDIRECT] 
2025-03-05 08:19:50,279 [ERROR] LogOutputStream:75 - [STDERR_REDIRECT] [Fatal Error] :1:1: Premature end of file.
2025-03-05 08:19:50,279 [ERROR] LogOutputStream:75 - [STDERR_REDIRECT] 
2025-03-05 08:19:51,280 [ERROR] LogOutputStream:75 - [STDERR_REDIRECT] [Fatal Error] :1:1: Premature end of file.
2025-03-05 08:19:51,280 [ERROR] LogOutputStream:75 - [STDERR_REDIRECT] 
2025-03-05 08:19:52,299 [ERROR] LogOutputStream:75 - [STDERR_REDIRECT] [Fatal Error] :1:1: Premature end of file.
2025-03-05 08:19:52,299 [ERROR] LogOutputStream:75 - [STDERR_REDIRECT] 
2025-03-05 08:19:53,296 [ERROR] LogOutputStream:75 - [STDERR_REDIRECT] [Fatal Error] :1:1: Premature end of file.
2025-03-05 08:19:53,296 [ERROR] LogOutputStream:75 - [STDERR_REDIRECT] 
2025-03-05 08:19:54,304 [ERROR] LogOutputStream:75 - [STDERR_REDIRECT] [Fatal Error] :1:1: Premature end of file.
2025-03-05 08:19:54,305 [ERROR] LogOutputStream:75 - [STDERR_REDIRECT] 
2025-03-05 08:19:55,292 [ERROR] LogOutputStream:75 - [STDERR_REDIRECT] [Fatal Error] :1:1: Premature end of file.
2025-03-05 08:19:55,293 [ERROR] LogOutputStream:75 - [STDERR_REDIRECT] 
2025-03-05 08:19:56,312 [ERROR] LogOutputStream:75 - [STDERR_REDIRECT] [Fatal Error] :1:1: Premature end of file.
2025-03-05 08:19:56,312 [ERROR] LogOutputStream:75 - [STDERR_REDIRECT] 
2025-03-05 08:19:57,268 [ERROR] LogOutputStream:75 - [STDERR_REDIRECT] [Fatal Error] :1:1: Premature end of file.
2025-03-05 08:19:57,269 [ERROR] LogOutputStream:75 - [STDERR_REDIRECT] 
2025-03-05 08:19:58,299 [ERROR] LogOutputStream:75 - [STDERR_REDIRECT] [Fatal Error] :1:1: Premature end of file.
2025-03-05 08:19:58,300 [ERROR] LogOutputStream:75 - [STDERR_REDIRECT] 
2025-03-05 08:19:59,313 [ERROR] LogOutputStream:75 - [STDERR_REDIRECT] [Fatal Error] :1:1: Premature end of file.
2025-03-05 08:19:59,314 [ERROR] LogOutputStream:75 - [STDERR_REDIRECT] 
2025-03-05 08:20:00,314 [ERROR] LogOutputStream:75 - [STDERR_REDIRECT] [Fatal Error] :1:1: Premature end of file.
2025-03-05 08:20:00,315 [ERROR] LogOutputStream:75 - [STDERR_REDIRECT] 
2025-03-05 08:20:01,291 [ERROR] LogOutputStream:75 - [STDERR_REDIRECT] [Fatal Error] :1:1: Premature end of file.
2025-03-05 08:20:01,292 [ERROR] LogOutputStream:75 - [STDERR_REDIRECT] 
2025-03-05 08:20:02,314 [ERROR] LogOutputStream:75 - [STDERR_REDIRECT] [Fatal Error] :1:1: Premature end of file.
2025-03-05 08:20:02,314 [ERROR] LogOutputStream:75 - [STDERR_REDIRECT] 
2025-03-05 08:20:03,306 [ERROR] LogOutputStream:75 - [STDERR_REDIRECT] [Fatal Error] :1:1: Premature end of file.
2025-03-05 08:20:03,306 [ERROR] LogOutputStream:75 - [STDERR_REDIRECT] 
2025-03-05 08:20:04,267 [ERROR] LogOutputStream:75 - [STDERR_REDIRECT] [Fatal Error] :1:1: Premature end of file.
2025-03-05 08:20:04,267 [ERROR] LogOutputStream:75 - [STDERR_REDIRECT] 
2025-03-05 08:20:05,259 [ERROR] LogOutputStream:75 - [STDERR_REDIRECT] [Fatal Error] :1:1: Premature end of file.
2025-03-05 08:20:05,259 [ERROR] LogOutputStream:75 - [STDERR_REDIRECT] 
2025-03-05 08:20:06,294 [ERROR] LogOutputStream:75 - [STDERR_REDIRECT] [Fatal Error] :1:1: Premature end of file.
2025-03-05 08:20:06,294 [ERROR] LogOutputStream:75 - [STDERR_REDIRECT] 
2025-03-05 08:20:07,291 [ERROR] LogOutputStream:75 - [STDERR_REDIRECT] [Fatal Error] :1:1: Premature end of file.
2025-03-05 08:20:07,292 [ERROR] LogOutputStream:75 - [STDERR_REDIRECT] 
2025-03-05 08:20:08,291 [ERROR] LogOutputStream:75 - [STDERR_REDIRECT] [Fatal Error] :1:1: Premature end of file.
2025-03-05 08:20:08,292 [ERROR] LogOutputStream:75 - [STDERR_REDIRECT] 
2025-03-05 08:20:09,280 [ERROR] LogOutputStream:75 - [STDERR_REDIRECT] [Fatal Error] :1:1: Premature end of file.
2025-03-05 08:20:09,280 [ERROR] LogOutputStream:75 - [STDERR_REDIRECT] 
2025-03-05 08:20:10,274 [ERROR] LogOutputStream:75 - [STDERR_REDIRECT] [Fatal Error] :1:1: Premature end of file.
2025-03-05 08:20:10,274 [ERROR] LogOutputStream:75 - [STDERR_REDIRECT] 
2025-03-05 08:20:11,279 [ERROR] LogOutputStream:75 - [STDERR_REDIRECT] [Fatal Error] :1:1: Premature end of file.
2025-03-05 08:20:11,279 [ERROR] LogOutputStream:75 - [STDERR_REDIRECT] 
2025-03-05 08:20:12,270 [ERROR] LogOutputStream:75 - [STDERR_REDIRECT] [Fatal Error] :1:1: Premature end of file.
2025-03-05 08:20:12,270 [ERROR] LogOutputStream:75 - [STDERR_REDIRECT] 
2025-03-05 08:20:13,260 [ERROR] LogOutputStream:75 - [STDERR_REDIRECT] [Fatal Error] :1:1: Premature end of file.
2025-03-05 08:20:13,260 [ERROR] LogOutputStream:75 - [STDERR_REDIRECT] 
2025-03-05 08:20:14,334 [ERROR] LogOutputStream:75 - [STDERR_REDIRECT] [Fatal Error] :1:1: Premature end of file.
2025-03-05 08:20:14,335 [ERROR] LogOutputStream:75 - [STDERR_REDIRECT] 
2025-03-05 08:20:15,308 [ERROR] LogOutputStream:75 - [STDERR_REDIRECT] [Fatal Error] :1:1: Premature end of file.
2025-03-05 08:20:15,308 [ERROR] LogOutputStream:75 - [STDERR_REDIRECT] 
2025-03-05 08:20:16,271 [ERROR] LogOutputStream:75 - [STDERR_REDIRECT] [Fatal Error] :1:1: Premature end of file.
2025-03-05 08:20:16,271 [ERROR] LogOutputStream:75 - [STDERR_REDIRECT] 
2025-03-05 08:20:17,273 [ERROR] LogOutputStream:75 - [STDERR_REDIRECT] [Fatal Error] :1:1: Premature end of file.
2025-03-05 08:20:17,273 [ERROR] LogOutputStream:75 - [STDERR_REDIRECT] 
2025-03-05 08:20:18,277 [ERROR] LogOutputStream:75 - [STDERR_REDIRECT] [Fatal Error] :1:1: Premature end of file.
2025-03-05 08:20:18,277 [ERROR] LogOutputStream:75 - [STDERR_REDIRECT] 
2025-03-05 08:20:19,281 [ERROR] LogOutputStream:75 - [STDERR_REDIRECT] [Fatal Error] :1:1: Premature end of file.
2025-03-05 08:20:19,282 [ERROR] LogOutputStream:75 - [STDERR_REDIRECT] 
2025-03-05 08:20:20,285 [ERROR] LogOutputStream:75 - [STDERR_REDIRECT] [Fatal Error] :1:1: Premature end of file.
2025-03-05 08:20:20,286 [ERROR] LogOutputStream:75 - [STDERR_REDIRECT] 
2025-03-05 08:20:21,280 [ERROR] LogOutputStream:75 - [STDERR_REDIRECT] [Fatal Error] :1:1: Premature end of file.
2025-03-05 08:20:21,281 [ERROR] LogOutputStream:75 - [STDERR_REDIRECT] 
2025-03-05 08:20:22,281 [ERROR] LogOutputStream:75 - [STDERR_REDIRECT] [Fatal Error] :1:1: Premature end of file.
2025-03-05 08:20:22,282 [ERROR] LogOutputStream:75 - [STDERR_REDIRECT] 
2025-03-05 08:20:23,289 [ERROR] LogOutputStream:75 - [STDERR_REDIRECT] [Fatal Error] :1:1: Premature end of file.
2025-03-05 08:20:23,289 [ERROR] LogOutputStream:75 - [STDERR_REDIRECT] 
2025-03-05 08:20:24,298 [ERROR] LogOutputStream:75 - [STDERR_REDIRECT] [Fatal Error] :1:1: Premature end of file.
2025-03-05 08:20:24,298 [ERROR] LogOutputStream:75 - [STDERR_REDIRECT] 
2025-03-05 08:20:25,286 [ERROR] LogOutputStream:75 - [STDERR_REDIRECT] [Fatal Error] :1:1: Premature end of file.
2025-03-05 08:20:25,287 [ERROR] LogOutputStream:75 - [STDERR_REDIRECT] 
2025-03-05 08:20:26,286 [ERROR] LogOutputStream:75 - [STDERR_REDIRECT] [Fatal Error] :1:1: Premature end of file.
2025-03-05 08:20:26,286 [ERROR] LogOutputStream:75 - [STDERR_REDIRECT] 
2025-03-05 08:20:27,280 [ERROR] LogOutputStream:75 - [STDERR_REDIRECT] [Fatal Error] :1:1: Premature end of file.
2025-03-05 08:20:27,280 [ERROR] LogOutputStream:75 - [STDERR_REDIRECT] 
2025-03-05 08:20:28,266 [ERROR] LogOutputStream:75 - [STDERR_REDIRECT] [Fatal Error] :1:1: Premature end of file.
2025-03-05 08:20:28,267 [ERROR] LogOutputStream:75 - [STDERR_REDIRECT] 
2025-03-05 08:20:29,274 [ERROR] LogOutputStream:75 - [STDERR_REDIRECT] [Fatal Error] :1:1: Premature end of file.
2025-03-05 08:20:29,275 [ERROR] LogOutputStream:75 - [STDERR_REDIRECT] 
2025-03-05 08:20:30,280 [ERROR] LogOutputStream:75 - [STDERR_REDIRECT] [Fatal Error] :1:1: Premature end of file.
2025-03-05 08:20:30,280 [ERROR] LogOutputStream:75 - [STDERR_REDIRECT] 
2025-03-05 08:20:31,275 [ERROR] LogOutputStream:75 - [STDERR_REDIRECT] [Fatal Error] :1:1: Premature end of file.
2025-03-05 08:20:31,276 [ERROR] LogOutputStream:75 - [STDERR_REDIRECT] 
2025-03-05 08:20:32,247 [ERROR] LogOutputStream:75 - [STDERR_REDIRECT] [Fatal Error] :1:1: Premature end of file.
2025-03-05 08:20:32,247 [ERROR] LogOutputStream:75 - [STDERR_REDIRECT] 
2025-03-05 08:20:33,270 [ERROR] LogOutputStream:75 - [STDERR_REDIRECT] [Fatal Error] :1:1: Premature end of file.
2025-03-05 08:20:33,270 [ERROR] LogOutputStream:75 - [STDERR_REDIRECT] 
2025-03-05 08:20:34,257 [ERROR] LogOutputStream:75 - [STDERR_REDIRECT] [Fatal Error] :1:1: Premature end of file.
2025-03-05 08:20:34,257 [ERROR] LogOutputStream:75 - [STDERR_REDIRECT] 
2025-03-05 08:20:35,277 [ERROR] LogOutputStream:75 - [STDERR_REDIRECT] [Fatal Error] :1:1: Premature end of file.
2025-03-05 08:20:35,277 [ERROR] LogOutputStream:75 - [STDERR_REDIRECT] 
2025-03-05 08:20:36,273 [ERROR] LogOutputStream:75 - [STDERR_REDIRECT] [Fatal Error] :1:1: Premature end of file.
2025-03-05 08:20:36,274 [ERROR] LogOutputStream:75 - [STDERR_REDIRECT] 
2025-03-05 08:20:37,320 [ERROR] LogOutputStream:75 - [STDERR_REDIRECT] [Fatal Error] :1:1: Premature end of file.
2025-03-05 08:20:37,320 [ERROR] LogOutputStream:75 - [STDERR_REDIRECT] 
2025-03-05 08:20:38,277 [ERROR] LogOutputStream:75 - [STDERR_REDIRECT] [Fatal Error] :1:1: Premature end of file.
2025-03-05 08:20:38,277 [ERROR] LogOutputStream:75 - [STDERR_REDIRECT] 
2025-03-05 08:20:39,278 [ERROR] LogOutputStream:75 - [STDERR_REDIRECT] [Fatal Error] :1:1: Premature end of file.
2025-03-05 08:20:39,279 [ERROR] LogOutputStream:75 - [STDERR_REDIRECT] 
2025-03-05 08:20:40,263 [ERROR] LogOutputStream:75 - [STDERR_REDIRECT] [Fatal Error] :1:1: Premature end of file.
2025-03-05 08:20:40,263 [ERROR] LogOutputStream:75 - [STDERR_REDIRECT] 
2025-03-05 08:20:40,838 [ERROR] LogOutputStream:75 - [STDERR_REDIRECT] Exception in thread "AWT-EventQueue-0" java.awt.IllegalComponentStateException: Native resources unavailable
2025-03-05 08:20:40,838 [ERROR] LogOutputStream:75 - [STDERR_REDIRECT] 	at java.desktop/sun.awt.windows.WWindowPeer.getScreenImOn(Native Method)
2025-03-05 08:20:40,839 [ERROR] LogOutputStream:75 - [STDERR_REDIRECT] 	at java.desktop/sun.awt.windows.WWindowPeer.updateGC(WWindowPeer.java:566)
2025-03-05 08:20:40,839 [ERROR] LogOutputStream:75 - [STDERR_REDIRECT] 	at java.desktop/java.awt.event.InvocationEvent.dispatch(InvocationEvent.java:318)
2025-03-05 08:20:40,840 [ERROR] LogOutputStream:75 - [STDERR_REDIRECT] 	at java.desktop/java.awt.EventQueue.dispatchEventImpl(EventQueue.java:773)
2025-03-05 08:20:40,840 [ERROR] LogOutputStream:75 - [STDERR_REDIRECT] 	at java.desktop/java.awt.EventQueue$4.run(EventQueue.java:720)
2025-03-05 08:20:40,840 [ERROR] LogOutputStream:75 - [STDERR_REDIRECT] 	at java.desktop/java.awt.EventQueue$4.run(EventQueue.java:714)
2025-03-05 08:20:40,841 [ERROR] LogOutputStream:75 - [STDERR_REDIRECT] 	at java.base/java.security.AccessController.doPrivileged(AccessController.java:400)
2025-03-05 08:20:40,841 [ERROR] LogOutputStream:75 - [STDERR_REDIRECT] 	at java.base/java.security.ProtectionDomain$JavaSecurityAccessImpl.doIntersectionPrivilege(ProtectionDomain.java:87)
2025-03-05 08:20:40,842 [ERROR] LogOutputStream:75 - [STDERR_REDIRECT] 	at java.base/java.security.ProtectionDomain$JavaSecurityAccessImpl.doIntersectionPrivilege(ProtectionDomain.java:98)
2025-03-05 08:20:40,842 [ERROR] LogOutputStream:75 - [STDERR_REDIRECT] 	at java.desktop/java.awt.EventQueue$5.run(EventQueue.java:747)
2025-03-05 08:20:40,842 [ERROR] LogOutputStream:75 - [STDERR_REDIRECT] 	at java.desktop/java.awt.EventQueue$5.run(EventQueue.java:745)
2025-03-05 08:20:40,843 [ERROR] LogOutputStream:75 - [STDERR_REDIRECT] 	at java.base/java.security.AccessController.doPrivileged(AccessController.java:400)
2025-03-05 08:20:40,843 [ERROR] LogOutputStream:75 - [STDERR_REDIRECT] 	at java.base/java.security.ProtectionDomain$JavaSecurityAccessImpl.doIntersectionPrivilege(ProtectionDomain.java:87)
2025-03-05 08:20:40,844 [ERROR] LogOutputStream:75 - [STDERR_REDIRECT] 	at java.desktop/java.awt.EventQueue.dispatchEvent(EventQueue.java:744)
2025-03-05 08:20:40,846 [ERROR] LogOutputStream:75 - [STDERR_REDIRECT] 	at java.desktop/java.awt.EventDispatchThread.pumpOneEventForFilters(EventDispatchThread.java:203)
2025-03-05 08:20:40,847 [ERROR] LogOutputStream:75 - [STDERR_REDIRECT] 	at java.desktop/java.awt.EventDispatchThread.pumpEventsForFilter(EventDispatchThread.java:124)
2025-03-05 08:20:40,847 [ERROR] LogOutputStream:75 - [STDERR_REDIRECT] 	at java.desktop/java.awt.EventDispatchThread.pumpEventsForHierarchy(EventDispatchThread.java:113)
2025-03-05 08:20:40,848 [ERROR] LogOutputStream:75 - [STDERR_REDIRECT] 	at java.desktop/java.awt.EventDispatchThread.pumpEvents(EventDispatchThread.java:109)
2025-03-05 08:20:40,848 [ERROR] LogOutputStream:75 - [STDERR_REDIRECT] 	at java.desktop/java.awt.EventDispatchThread.pumpEvents(EventDispatchThread.java:101)
2025-03-05 08:20:40,849 [ERROR] LogOutputStream:75 - [STDERR_REDIRECT] 	at java.desktop/java.awt.EventDispatchThread.run(EventDispatchThread.java:90)
2025-03-05 08:20:41,266 [ERROR] LogOutputStream:75 - [STDERR_REDIRECT] [Fatal Error] :1:1: Premature end of file.
2025-03-05 08:20:41,266 [ERROR] LogOutputStream:75 - [STDERR_REDIRECT] 
2025-03-05 08:20:42,279 [ERROR] LogOutputStream:75 - [STDERR_REDIRECT] [Fatal Error] :1:1: Premature end of file.
2025-03-05 08:20:42,281 [ERROR] LogOutputStream:75 - [STDERR_REDIRECT] 
2025-03-05 08:20:43,277 [ERROR] LogOutputStream:75 - [STDERR_REDIRECT] [Fatal Error] :1:1: Premature end of file.
2025-03-05 08:20:43,277 [ERROR] LogOutputStream:75 - [STDERR_REDIRECT] 
2025-03-05 08:20:44,276 [ERROR] LogOutputStream:75 - [STDERR_REDIRECT] [Fatal Error] :1:1: Premature end of file.
2025-03-05 08:20:44,276 [ERROR] LogOutputStream:75 - [STDERR_REDIRECT] 
2025-03-05 08:20:45,283 [ERROR] LogOutputStream:75 - [STDERR_REDIRECT] [Fatal Error] :1:1: Premature end of file.
2025-03-05 08:20:45,283 [ERROR] LogOutputStream:75 - [STDERR_REDIRECT] 
2025-03-05 08:20:46,280 [ERROR] LogOutputStream:75 - [STDERR_REDIRECT] [Fatal Error] :1:1: Premature end of file.
2025-03-05 08:20:46,281 [ERROR] LogOutputStream:75 - [STDERR_REDIRECT] 
2025-03-05 08:20:47,278 [ERROR] LogOutputStream:75 - [STDERR_REDIRECT] [Fatal Error] :1:1: Premature end of file.
2025-03-05 08:20:47,278 [ERROR] LogOutputStream:75 - [STDERR_REDIRECT] 
2025-03-05 08:20:48,281 [ERROR] LogOutputStream:75 - [STDERR_REDIRECT] [Fatal Error] :1:1: Premature end of file.
2025-03-05 08:20:48,281 [ERROR] LogOutputStream:75 - [STDERR_REDIRECT] 
2025-03-05 08:20:49,285 [ERROR] LogOutputStream:75 - [STDERR_REDIRECT] [Fatal Error] :1:1: Premature end of file.
2025-03-05 08:20:49,285 [ERROR] LogOutputStream:75 - [STDERR_REDIRECT] 
2025-03-05 08:20:50,267 [ERROR] LogOutputStream:75 - [STDERR_REDIRECT] [Fatal Error] :1:1: Premature end of file.
2025-03-05 08:20:50,267 [ERROR] LogOutputStream:75 - [STDERR_REDIRECT] 
2025-03-05 08:20:51,268 [ERROR] LogOutputStream:75 - [STDERR_REDIRECT] [Fatal Error] :1:1: Premature end of file.
2025-03-05 08:20:51,269 [ERROR] LogOutputStream:75 - [STDERR_REDIRECT] 
2025-03-05 08:20:52,278 [ERROR] LogOutputStream:75 - [STDERR_REDIRECT] [Fatal Error] :1:1: Premature end of file.
2025-03-05 08:20:52,278 [ERROR] LogOutputStream:75 - [STDERR_REDIRECT] 
2025-03-05 08:20:53,275 [ERROR] LogOutputStream:75 - [STDERR_REDIRECT] [Fatal Error] :1:1: Premature end of file.
2025-03-05 08:20:53,275 [ERROR] LogOutputStream:75 - [STDERR_REDIRECT] 
2025-03-05 08:20:54,283 [ERROR] LogOutputStream:75 - [STDERR_REDIRECT] [Fatal Error] :1:1: Premature end of file.
2025-03-05 08:20:54,284 [ERROR] LogOutputStream:75 - [STDERR_REDIRECT] 
2025-03-05 08:20:55,300 [ERROR] LogOutputStream:75 - [STDERR_REDIRECT] [Fatal Error] :1:1: Premature end of file.
2025-03-05 08:20:55,301 [ERROR] LogOutputStream:75 - [STDERR_REDIRECT] 
2025-03-05 08:20:56,298 [ERROR] LogOutputStream:75 - [STDERR_REDIRECT] [Fatal Error] :1:1: Premature end of file.
2025-03-05 08:20:56,298 [ERROR] LogOutputStream:75 - [STDERR_REDIRECT] 
2025-03-05 08:20:57,285 [ERROR] LogOutputStream:75 - [STDERR_REDIRECT] [Fatal Error] :1:1: Premature end of file.
2025-03-05 08:20:57,285 [ERROR] LogOutputStream:75 - [STDERR_REDIRECT] 
2025-03-05 08:20:58,280 [ERROR] LogOutputStream:75 - [STDERR_REDIRECT] [Fatal Error] :1:1: Premature end of file.
2025-03-05 08:20:58,281 [ERROR] LogOutputStream:75 - [STDERR_REDIRECT] 
2025-03-05 08:20:59,280 [ERROR] LogOutputStream:75 - [STDERR_REDIRECT] [Fatal Error] :1:1: Premature end of file.
2025-03-05 08:20:59,281 [ERROR] LogOutputStream:75 - [STDERR_REDIRECT] 
2025-03-05 08:21:00,281 [ERROR] LogOutputStream:75 - [STDERR_REDIRECT] [Fatal Error] :1:1: Premature end of file.
2025-03-05 08:21:00,282 [ERROR] LogOutputStream:75 - [STDERR_REDIRECT] 
2025-03-05 08:21:01,280 [ERROR] LogOutputStream:75 - [STDERR_REDIRECT] [Fatal Error] :1:1: Premature end of file.
2025-03-05 08:21:01,281 [ERROR] LogOutputStream:75 - [STDERR_REDIRECT] 
2025-03-05 08:21:02,281 [ERROR] LogOutputStream:75 - [STDERR_REDIRECT] [Fatal Error] :1:1: Premature end of file.
2025-03-05 08:21:02,282 [ERROR] LogOutputStream:75 - [STDERR_REDIRECT] 
2025-03-05 08:21:03,284 [ERROR] LogOutputStream:75 - [STDERR_REDIRECT] [Fatal Error] :1:1: Premature end of file.
2025-03-05 08:21:03,285 [ERROR] LogOutputStream:75 - [STDERR_REDIRECT] 
2025-03-05 08:21:04,281 [ERROR] LogOutputStream:75 - [STDERR_REDIRECT] [Fatal Error] :1:1: Premature end of file.
2025-03-05 08:21:04,282 [ERROR] LogOutputStream:75 - [STDERR_REDIRECT] 
2025-03-05 08:21:05,281 [ERROR] LogOutputStream:75 - [STDERR_REDIRECT] [Fatal Error] :1:1: Premature end of file.
2025-03-05 08:21:05,281 [ERROR] LogOutputStream:75 - [STDERR_REDIRECT] 
2025-03-05 08:21:06,271 [ERROR] LogOutputStream:75 - [STDERR_REDIRECT] [Fatal Error] :1:1: Premature end of file.
2025-03-05 08:21:06,271 [ERROR] LogOutputStream:75 - [STDERR_REDIRECT] 
2025-03-05 08:21:07,261 [ERROR] LogOutputStream:75 - [STDERR_REDIRECT] [Fatal Error] :1:1: Premature end of file.
2025-03-05 08:21:07,262 [ERROR] LogOutputStream:75 - [STDERR_REDIRECT] 
2025-03-05 08:21:08,278 [ERROR] LogOutputStream:75 - [STDERR_REDIRECT] [Fatal Error] :1:1: Premature end of file.
2025-03-05 08:21:08,278 [ERROR] LogOutputStream:75 - [STDERR_REDIRECT] 
2025-03-05 08:21:09,283 [ERROR] LogOutputStream:75 - [STDERR_REDIRECT] [Fatal Error] :1:1: Premature end of file.
2025-03-05 08:21:09,283 [ERROR] LogOutputStream:75 - [STDERR_REDIRECT] 
2025-03-05 08:21:10,277 [ERROR] LogOutputStream:75 - [STDERR_REDIRECT] [Fatal Error] :1:1: Premature end of file.
2025-03-05 08:21:10,278 [ERROR] LogOutputStream:75 - [STDERR_REDIRECT] 
2025-03-05 08:21:11,288 [ERROR] LogOutputStream:75 - [STDERR_REDIRECT] [Fatal Error] :1:1: Premature end of file.
2025-03-05 08:21:11,288 [ERROR] LogOutputStream:75 - [STDERR_REDIRECT] 
2025-03-05 08:21:12,271 [ERROR] LogOutputStream:75 - [STDERR_REDIRECT] [Fatal Error] :1:1: Premature end of file.
2025-03-05 08:21:12,271 [ERROR] LogOutputStream:75 - [STDERR_REDIRECT] 
2025-03-05 08:21:13,267 [ERROR] LogOutputStream:75 - [STDERR_REDIRECT] [Fatal Error] :1:1: Premature end of file.
2025-03-05 08:21:13,267 [ERROR] LogOutputStream:75 - [STDERR_REDIRECT] 
2025-03-05 08:21:14,273 [ERROR] LogOutputStream:75 - [STDERR_REDIRECT] [Fatal Error] :1:1: Premature end of file.
2025-03-05 08:21:14,273 [ERROR] LogOutputStream:75 - [STDERR_REDIRECT] 
2025-03-05 08:21:15,284 [ERROR] LogOutputStream:75 - [STDERR_REDIRECT] [Fatal Error] :1:1: Premature end of file.
2025-03-05 08:21:15,284 [ERROR] LogOutputStream:75 - [STDERR_REDIRECT] 
2025-03-05 08:21:16,311 [ERROR] LogOutputStream:75 - [STDERR_REDIRECT] [Fatal Error] :1:1: Premature end of file.
2025-03-05 08:21:16,312 [ERROR] LogOutputStream:75 - [STDERR_REDIRECT] 
2025-03-05 08:21:17,285 [ERROR] LogOutputStream:75 - [STDERR_REDIRECT] [Fatal Error] :1:1: Premature end of file.
2025-03-05 08:21:17,285 [ERROR] LogOutputStream:75 - [STDERR_REDIRECT] 
2025-03-05 08:21:18,280 [ERROR] LogOutputStream:75 - [STDERR_REDIRECT] [Fatal Error] :1:1: Premature end of file.
2025-03-05 08:21:18,280 [ERROR] LogOutputStream:75 - [STDERR_REDIRECT] 
2025-03-05 08:21:19,286 [ERROR] LogOutputStream:75 - [STDERR_REDIRECT] [Fatal Error] :1:1: Premature end of file.
2025-03-05 08:21:19,286 [ERROR] LogOutputStream:75 - [STDERR_REDIRECT] 
2025-03-05 08:21:20,274 [ERROR] LogOutputStream:75 - [STDERR_REDIRECT] [Fatal Error] :1:1: Premature end of file.
2025-03-05 08:21:20,274 [ERROR] LogOutputStream:75 - [STDERR_REDIRECT] 
2025-03-05 08:21:21,252 [ERROR] LogOutputStream:75 - [STDERR_REDIRECT] [Fatal Error] :1:1: Premature end of file.
2025-03-05 08:21:21,252 [ERROR] LogOutputStream:75 - [STDERR_REDIRECT] 
2025-03-05 08:21:22,280 [ERROR] LogOutputStream:75 - [STDERR_REDIRECT] [Fatal Error] :1:1: Premature end of file.
2025-03-05 08:21:22,281 [ERROR] LogOutputStream:75 - [STDERR_REDIRECT] 
2025-03-05 08:21:23,267 [ERROR] LogOutputStream:75 - [STDERR_REDIRECT] [Fatal Error] :1:1: Premature end of file.
2025-03-05 08:21:23,267 [ERROR] LogOutputStream:75 - [STDERR_REDIRECT] 
2025-03-05 08:21:24,276 [ERROR] LogOutputStream:75 - [STDERR_REDIRECT] [Fatal Error] :1:1: Premature end of file.
2025-03-05 08:21:24,276 [ERROR] LogOutputStream:75 - [STDERR_REDIRECT] 
2025-03-05 08:21:25,279 [ERROR] LogOutputStream:75 - [STDERR_REDIRECT] [Fatal Error] :1:1: Premature end of file.
2025-03-05 08:21:25,279 [ERROR] LogOutputStream:75 - [STDERR_REDIRECT] 
2025-03-05 08:21:26,274 [ERROR] LogOutputStream:75 - [STDERR_REDIRECT] [Fatal Error] :1:1: Premature end of file.
2025-03-05 08:21:26,274 [ERROR] LogOutputStream:75 - [STDERR_REDIRECT] 
2025-03-05 08:21:27,293 [ERROR] LogOutputStream:75 - [STDERR_REDIRECT] [Fatal Error] :1:1: Premature end of file.
2025-03-05 08:21:27,293 [ERROR] LogOutputStream:75 - [STDERR_REDIRECT] 
2025-03-05 08:21:28,280 [ERROR] LogOutputStream:75 - [STDERR_REDIRECT] [Fatal Error] :1:1: Premature end of file.
2025-03-05 08:21:28,280 [ERROR] LogOutputStream:75 - [STDERR_REDIRECT] 
2025-03-05 08:21:29,277 [ERROR] LogOutputStream:75 - [STDERR_REDIRECT] [Fatal Error] :1:1: Premature end of file.
2025-03-05 08:21:29,278 [ERROR] LogOutputStream:75 - [STDERR_REDIRECT] 
2025-03-05 08:21:30,274 [ERROR] LogOutputStream:75 - [STDERR_REDIRECT] [Fatal Error] :1:1: Premature end of file.
2025-03-05 08:21:30,274 [ERROR] LogOutputStream:75 - [STDERR_REDIRECT] 
2025-03-05 08:21:31,260 [ERROR] LogOutputStream:75 - [STDERR_REDIRECT] [Fatal Error] :1:1: Premature end of file.
2025-03-05 08:21:31,260 [ERROR] LogOutputStream:75 - [STDERR_REDIRECT] 
2025-03-05 08:21:32,293 [ERROR] LogOutputStream:75 - [STDERR_REDIRECT] [Fatal Error] :1:1: Premature end of file.
2025-03-05 08:21:32,293 [ERROR] LogOutputStream:75 - [STDERR_REDIRECT] 
2025-03-05 08:21:33,283 [ERROR] LogOutputStream:75 - [STDERR_REDIRECT] [Fatal Error] :1:1: Premature end of file.
2025-03-05 08:21:33,283 [ERROR] LogOutputStream:75 - [STDERR_REDIRECT] 
2025-03-05 08:21:34,284 [ERROR] LogOutputStream:75 - [STDERR_REDIRECT] [Fatal Error] :1:1: Premature end of file.
2025-03-05 08:21:34,285 [ERROR] LogOutputStream:75 - [STDERR_REDIRECT] 
2025-03-05 08:21:35,292 [ERROR] LogOutputStream:75 - [STDERR_REDIRECT] [Fatal Error] :1:1: Premature end of file.
2025-03-05 08:21:35,292 [ERROR] LogOutputStream:75 - [STDERR_REDIRECT] 
2025-03-05 08:21:36,283 [ERROR] LogOutputStream:75 - [STDERR_REDIRECT] [Fatal Error] :1:1: Premature end of file.
2025-03-05 08:21:36,283 [ERROR] LogOutputStream:75 - [STDERR_REDIRECT] 
2025-03-05 08:21:37,275 [ERROR] LogOutputStream:75 - [STDERR_REDIRECT] [Fatal Error] :1:1: Premature end of file.
2025-03-05 08:21:37,276 [ERROR] LogOutputStream:75 - [STDERR_REDIRECT] 
2025-03-05 08:21:38,265 [ERROR] LogOutputStream:75 - [STDERR_REDIRECT] [Fatal Error] :1:1: Premature end of file.
2025-03-05 08:21:38,265 [ERROR] LogOutputStream:75 - [STDERR_REDIRECT] 
2025-03-05 08:21:39,277 [ERROR] LogOutputStream:75 - [STDERR_REDIRECT] [Fatal Error] :1:1: Premature end of file.
2025-03-05 08:21:39,278 [ERROR] LogOutputStream:75 - [STDERR_REDIRECT] 
2025-03-05 08:21:40,277 [ERROR] LogOutputStream:75 - [STDERR_REDIRECT] [Fatal Error] :1:1: Premature end of file.
2025-03-05 08:21:40,278 [ERROR] LogOutputStream:75 - [STDERR_REDIRECT] 
2025-03-05 08:21:41,270 [ERROR] LogOutputStream:75 - [STDERR_REDIRECT] [Fatal Error] :1:1: Premature end of file.
2025-03-05 08:21:41,270 [ERROR] LogOutputStream:75 - [STDERR_REDIRECT] 
2025-03-05 08:21:42,275 [ERROR] LogOutputStream:75 - [STDERR_REDIRECT] [Fatal Error] :1:1: Premature end of file.
2025-03-05 08:21:42,275 [ERROR] LogOutputStream:75 - [STDERR_REDIRECT] 
2025-03-05 08:21:43,282 [ERROR] LogOutputStream:75 - [STDERR_REDIRECT] [Fatal Error] :1:1: Premature end of file.
2025-03-05 08:21:43,282 [ERROR] LogOutputStream:75 - [STDERR_REDIRECT] 
2025-03-05 08:21:44,277 [ERROR] LogOutputStream:75 - [STDERR_REDIRECT] [Fatal Error] :1:1: Premature end of file.
2025-03-05 08:21:44,277 [ERROR] LogOutputStream:75 - [STDERR_REDIRECT] 
2025-03-05 08:21:45,280 [ERROR] LogOutputStream:75 - [STDERR_REDIRECT] [Fatal Error] :1:1: Premature end of file.
2025-03-05 08:21:45,280 [ERROR] LogOutputStream:75 - [STDERR_REDIRECT] 
2025-03-05 08:21:46,260 [ERROR] LogOutputStream:75 - [STDERR_REDIRECT] [Fatal Error] :1:1: Premature end of file.
2025-03-05 08:21:46,260 [ERROR] LogOutputStream:75 - [STDERR_REDIRECT] 
2025-03-05 08:21:47,307 [ERROR] LogOutputStream:75 - [STDERR_REDIRECT] [Fatal Error] :1:1: Premature end of file.
2025-03-05 08:21:47,307 [ERROR] LogOutputStream:75 - [STDERR_REDIRECT] 
2025-03-05 08:21:48,289 [ERROR] LogOutputStream:75 - [STDERR_REDIRECT] [Fatal Error] :1:1: Premature end of file.
2025-03-05 08:21:48,290 [ERROR] LogOutputStream:75 - [STDERR_REDIRECT] 
2025-03-05 08:21:49,277 [ERROR] LogOutputStream:75 - [STDERR_REDIRECT] [Fatal Error] :1:1: Premature end of file.
2025-03-05 08:21:49,278 [ERROR] LogOutputStream:75 - [STDERR_REDIRECT] 
2025-03-05 08:21:50,278 [ERROR] LogOutputStream:75 - [STDERR_REDIRECT] [Fatal Error] :1:1: Premature end of file.
2025-03-05 08:21:50,278 [ERROR] LogOutputStream:75 - [STDERR_REDIRECT] 
2025-03-05 08:21:51,275 [ERROR] LogOutputStream:75 - [STDERR_REDIRECT] [Fatal Error] :1:1: Premature end of file.
2025-03-05 08:21:51,275 [ERROR] LogOutputStream:75 - [STDERR_REDIRECT] 
2025-03-05 08:21:52,280 [ERROR] LogOutputStream:75 - [STDERR_REDIRECT] [Fatal Error] :1:1: Premature end of file.
2025-03-05 08:21:52,280 [ERROR] LogOutputStream:75 - [STDERR_REDIRECT] 
2025-03-05 08:21:53,316 [ERROR] LogOutputStream:75 - [STDERR_REDIRECT] [Fatal Error] :1:1: Premature end of file.
2025-03-05 08:21:53,316 [ERROR] LogOutputStream:75 - [STDERR_REDIRECT] 
2025-03-05 08:21:54,294 [ERROR] LogOutputStream:75 - [STDERR_REDIRECT] [Fatal Error] :1:1: Premature end of file.
2025-03-05 08:21:54,295 [ERROR] LogOutputStream:75 - [STDERR_REDIRECT] 
2025-03-05 08:21:55,290 [ERROR] LogOutputStream:75 - [STDERR_REDIRECT] [Fatal Error] :1:1: Premature end of file.
2025-03-05 08:21:55,290 [ERROR] LogOutputStream:75 - [STDERR_REDIRECT] 
2025-03-05 08:21:56,282 [ERROR] LogOutputStream:75 - [STDERR_REDIRECT] [Fatal Error] :1:1: Premature end of file.
2025-03-05 08:21:56,282 [ERROR] LogOutputStream:75 - [STDERR_REDIRECT] 
2025-03-05 08:21:57,283 [ERROR] LogOutputStream:75 - [STDERR_REDIRECT] [Fatal Error] :1:1: Premature end of file.
2025-03-05 08:21:57,283 [ERROR] LogOutputStream:75 - [STDERR_REDIRECT] 
2025-03-05 08:21:58,287 [ERROR] LogOutputStream:75 - [STDERR_REDIRECT] [Fatal Error] :1:1: Premature end of file.
2025-03-05 08:21:58,287 [ERROR] LogOutputStream:75 - [STDERR_REDIRECT] 
2025-03-05 08:21:59,280 [ERROR] LogOutputStream:75 - [STDERR_REDIRECT] [Fatal Error] :1:1: Premature end of file.
2025-03-05 08:21:59,281 [ERROR] LogOutputStream:75 - [STDERR_REDIRECT] 
2025-03-05 08:22:00,282 [ERROR] LogOutputStream:75 - [STDERR_REDIRECT] [Fatal Error] :1:1: Premature end of file.
2025-03-05 08:22:00,283 [ERROR] LogOutputStream:75 - [STDERR_REDIRECT] 
2025-03-05 08:22:01,271 [ERROR] LogOutputStream:75 - [STDERR_REDIRECT] [Fatal Error] :1:1: Premature end of file.
2025-03-05 08:22:01,271 [ERROR] LogOutputStream:75 - [STDERR_REDIRECT] 
2025-03-05 08:22:02,295 [ERROR] LogOutputStream:75 - [STDERR_REDIRECT] [Fatal Error] :1:1: Premature end of file.
2025-03-05 08:22:02,295 [ERROR] LogOutputStream:75 - [STDERR_REDIRECT] 
2025-03-05 08:22:03,287 [ERROR] LogOutputStream:75 - [STDERR_REDIRECT] [Fatal Error] :1:1: Premature end of file.
2025-03-05 08:22:03,287 [ERROR] LogOutputStream:75 - [STDERR_REDIRECT] 
2025-03-05 08:22:04,325 [ERROR] LogOutputStream:75 - [STDERR_REDIRECT] [Fatal Error] :1:1: Premature end of file.
2025-03-05 08:22:04,326 [ERROR] LogOutputStream:75 - [STDERR_REDIRECT] 
2025-03-05 08:22:05,285 [ERROR] LogOutputStream:75 - [STDERR_REDIRECT] [Fatal Error] :1:1: Premature end of file.
2025-03-05 08:22:05,285 [ERROR] LogOutputStream:75 - [STDERR_REDIRECT] 
2025-03-05 08:22:06,286 [ERROR] LogOutputStream:75 - [STDERR_REDIRECT] [Fatal Error] :1:1: Premature end of file.
2025-03-05 08:22:06,286 [ERROR] LogOutputStream:75 - [STDERR_REDIRECT] 
2025-03-05 08:22:07,289 [ERROR] LogOutputStream:75 - [STDERR_REDIRECT] [Fatal Error] :1:1: Premature end of file.
2025-03-05 08:22:07,289 [ERROR] LogOutputStream:75 - [STDERR_REDIRECT] 
2025-03-05 08:22:08,279 [ERROR] LogOutputStream:75 - [STDERR_REDIRECT] [Fatal Error] :1:1: Premature end of file.
2025-03-05 08:22:08,279 [ERROR] LogOutputStream:75 - [STDERR_REDIRECT] 
2025-03-05 08:22:09,287 [ERROR] LogOutputStream:75 - [STDERR_REDIRECT] [Fatal Error] :1:1: Premature end of file.
2025-03-05 08:22:09,288 [ERROR] LogOutputStream:75 - [STDERR_REDIRECT] 
2025-03-05 08:22:10,280 [ERROR] LogOutputStream:75 - [STDERR_REDIRECT] [Fatal Error] :1:1: Premature end of file.
2025-03-05 08:22:10,280 [ERROR] LogOutputStream:75 - [STDERR_REDIRECT] 
2025-03-05 08:22:11,280 [ERROR] LogOutputStream:75 - [STDERR_REDIRECT] [Fatal Error] :1:1: Premature end of file.
2025-03-05 08:22:11,281 [ERROR] LogOutputStream:75 - [STDERR_REDIRECT] 
2025-03-05 08:22:12,285 [ERROR] LogOutputStream:75 - [STDERR_REDIRECT] [Fatal Error] :1:1: Premature end of file.
2025-03-05 08:22:12,286 [ERROR] LogOutputStream:75 - [STDERR_REDIRECT] 
2025-03-05 08:22:13,284 [ERROR] LogOutputStream:75 - [STDERR_REDIRECT] [Fatal Error] :1:1: Premature end of file.
2025-03-05 08:22:13,285 [ERROR] LogOutputStream:75 - [STDERR_REDIRECT] 
2025-03-05 08:22:14,286 [ERROR] LogOutputStream:75 - [STDERR_REDIRECT] [Fatal Error] :1:1: Premature end of file.
2025-03-05 08:22:14,287 [ERROR] LogOutputStream:75 - [STDERR_REDIRECT] 
2025-03-05 08:22:15,276 [ERROR] LogOutputStream:75 - [STDERR_REDIRECT] [Fatal Error] :1:1: Premature end of file.
2025-03-05 08:22:15,277 [ERROR] LogOutputStream:75 - [STDERR_REDIRECT] 
2025-03-05 08:22:16,278 [ERROR] LogOutputStream:75 - [STDERR_REDIRECT] [Fatal Error] :1:1: Premature end of file.
2025-03-05 08:22:16,278 [ERROR] LogOutputStream:75 - [STDERR_REDIRECT] 
2025-03-05 08:22:17,279 [ERROR] LogOutputStream:75 - [STDERR_REDIRECT] [Fatal Error] :1:1: Premature end of file.
2025-03-05 08:22:17,279 [ERROR] LogOutputStream:75 - [STDERR_REDIRECT] 
2025-03-05 08:22:18,281 [ERROR] LogOutputStream:75 - [STDERR_REDIRECT] [Fatal Error] :1:1: Premature end of file.
2025-03-05 08:22:18,281 [ERROR] LogOutputStream:75 - [STDERR_REDIRECT] 
2025-03-05 08:22:19,280 [ERROR] LogOutputStream:75 - [STDERR_REDIRECT] [Fatal Error] :1:1: Premature end of file.
2025-03-05 08:22:19,280 [ERROR] LogOutputStream:75 - [STDERR_REDIRECT] 
2025-03-05 08:22:20,280 [ERROR] LogOutputStream:75 - [STDERR_REDIRECT] [Fatal Error] :1:1: Premature end of file.
2025-03-05 08:22:20,281 [ERROR] LogOutputStream:75 - [STDERR_REDIRECT] 
2025-03-05 08:22:21,285 [ERROR] LogOutputStream:75 - [STDERR_REDIRECT] [Fatal Error] :1:1: Premature end of file.
2025-03-05 08:22:21,285 [ERROR] LogOutputStream:75 - [STDERR_REDIRECT] 
2025-03-05 08:22:22,262 [ERROR] LogOutputStream:75 - [STDERR_REDIRECT] [Fatal Error] :1:1: Premature end of file.
2025-03-05 08:22:22,262 [ERROR] LogOutputStream:75 - [STDERR_REDIRECT] 
2025-03-05 08:22:23,268 [ERROR] LogOutputStream:75 - [STDERR_REDIRECT] [Fatal Error] :1:1: Premature end of file.
2025-03-05 08:22:23,268 [ERROR] LogOutputStream:75 - [STDERR_REDIRECT] 
2025-03-05 08:22:24,273 [ERROR] LogOutputStream:75 - [STDERR_REDIRECT] [Fatal Error] :1:1: Premature end of file.
2025-03-05 08:22:24,274 [ERROR] LogOutputStream:75 - [STDERR_REDIRECT] 
2025-03-05 08:22:25,271 [ERROR] LogOutputStream:75 - [STDERR_REDIRECT] [Fatal Error] :1:1: Premature end of file.
2025-03-05 08:22:25,271 [ERROR] LogOutputStream:75 - [STDERR_REDIRECT] 
2025-03-05 08:22:26,309 [ERROR] LogOutputStream:75 - [STDERR_REDIRECT] [Fatal Error] :1:1: Premature end of file.
2025-03-05 08:22:26,309 [ERROR] LogOutputStream:75 - [STDERR_REDIRECT] 
2025-03-05 08:22:27,279 [ERROR] LogOutputStream:75 - [STDERR_REDIRECT] [Fatal Error] :1:1: Premature end of file.
2025-03-05 08:22:27,279 [ERROR] LogOutputStream:75 - [STDERR_REDIRECT] 
2025-03-05 08:22:28,252 [ERROR] LogOutputStream:75 - [STDERR_REDIRECT] [Fatal Error] :1:1: Premature end of file.
2025-03-05 08:22:28,252 [ERROR] LogOutputStream:75 - [STDERR_REDIRECT] 
2025-03-05 08:22:29,266 [ERROR] LogOutputStream:75 - [STDERR_REDIRECT] [Fatal Error] :1:1: Premature end of file.
2025-03-05 08:22:29,266 [ERROR] LogOutputStream:75 - [STDERR_REDIRECT] 
2025-03-05 08:22:30,279 [ERROR] LogOutputStream:75 - [STDERR_REDIRECT] [Fatal Error] :1:1: Premature end of file.
2025-03-05 08:22:30,279 [ERROR] LogOutputStream:75 - [STDERR_REDIRECT] 
2025-03-05 08:22:31,260 [ERROR] LogOutputStream:75 - [STDERR_REDIRECT] [Fatal Error] :1:1: Premature end of file.
2025-03-05 08:22:31,260 [ERROR] LogOutputStream:75 - [STDERR_REDIRECT] 
2025-03-05 08:22:32,287 [ERROR] LogOutputStream:75 - [STDERR_REDIRECT] [Fatal Error] :1:1: Premature end of file.
2025-03-05 08:22:32,288 [ERROR] LogOutputStream:75 - [STDERR_REDIRECT] 
2025-03-05 08:22:33,252 [ERROR] LogOutputStream:75 - [STDERR_REDIRECT] [Fatal Error] :1:1: Premature end of file.
2025-03-05 08:22:33,252 [ERROR] LogOutputStream:75 - [STDERR_REDIRECT] 
2025-03-05 08:22:34,275 [ERROR] LogOutputStream:75 - [STDERR_REDIRECT] [Fatal Error] :1:1: Premature end of file.
2025-03-05 08:22:34,275 [ERROR] LogOutputStream:75 - [STDERR_REDIRECT] 
2025-03-05 08:22:35,266 [ERROR] LogOutputStream:75 - [STDERR_REDIRECT] [Fatal Error] :1:1: Premature end of file.
2025-03-05 08:22:35,267 [ERROR] LogOutputStream:75 - [STDERR_REDIRECT] 
2025-03-05 08:22:36,289 [ERROR] LogOutputStream:75 - [STDERR_REDIRECT] [Fatal Error] :1:1: Premature end of file.
2025-03-05 08:22:36,290 [ERROR] LogOutputStream:75 - [STDERR_REDIRECT] 
2025-03-05 08:22:37,277 [ERROR] LogOutputStream:75 - [STDERR_REDIRECT] [Fatal Error] :1:1: Premature end of file.
2025-03-05 08:22:37,278 [ERROR] LogOutputStream:75 - [STDERR_REDIRECT] 
2025-03-05 08:22:38,281 [ERROR] LogOutputStream:75 - [STDERR_REDIRECT] [Fatal Error] :1:1: Premature end of file.
2025-03-05 08:22:38,281 [ERROR] LogOutputStream:75 - [STDERR_REDIRECT] 
2025-03-05 08:22:39,289 [ERROR] LogOutputStream:75 - [STDERR_REDIRECT] [Fatal Error] :1:1: Premature end of file.
2025-03-05 08:22:39,289 [ERROR] LogOutputStream:75 - [STDERR_REDIRECT] 
2025-03-05 08:22:40,280 [ERROR] LogOutputStream:75 - [STDERR_REDIRECT] [Fatal Error] :1:1: Premature end of file.
2025-03-05 08:22:40,280 [ERROR] LogOutputStream:75 - [STDERR_REDIRECT] 
2025-03-05 08:22:41,264 [ERROR] LogOutputStream:75 - [STDERR_REDIRECT] [Fatal Error] :1:1: Premature end of file.
2025-03-05 08:22:41,264 [ERROR] LogOutputStream:75 - [STDERR_REDIRECT] 
2025-03-05 08:22:42,281 [ERROR] LogOutputStream:75 - [STDERR_REDIRECT] [Fatal Error] :1:1: Premature end of file.
2025-03-05 08:22:42,281 [ERROR] LogOutputStream:75 - [STDERR_REDIRECT] 
2025-03-05 08:22:43,282 [ERROR] LogOutputStream:75 - [STDERR_REDIRECT] [Fatal Error] :1:1: Premature end of file.
2025-03-05 08:22:43,282 [ERROR] LogOutputStream:75 - [STDERR_REDIRECT] 
2025-03-05 08:22:44,276 [ERROR] LogOutputStream:75 - [STDERR_REDIRECT] [Fatal Error] :1:1: Premature end of file.
2025-03-05 08:22:44,277 [ERROR] LogOutputStream:75 - [STDERR_REDIRECT] 
2025-03-05 08:22:45,283 [ERROR] LogOutputStream:75 - [STDERR_REDIRECT] [Fatal Error] :1:1: Premature end of file.
2025-03-05 08:22:45,283 [ERROR] LogOutputStream:75 - [STDERR_REDIRECT] 
2025-03-05 08:22:46,278 [ERROR] LogOutputStream:75 - [STDERR_REDIRECT] [Fatal Error] :1:1: Premature end of file.
2025-03-05 08:22:46,279 [ERROR] LogOutputStream:75 - [STDERR_REDIRECT] 
2025-03-05 08:22:47,274 [ERROR] LogOutputStream:75 - [STDERR_REDIRECT] [Fatal Error] :1:1: Premature end of file.
2025-03-05 08:22:47,274 [ERROR] LogOutputStream:75 - [STDERR_REDIRECT] 
2025-03-05 08:22:48,277 [ERROR] LogOutputStream:75 - [STDERR_REDIRECT] [Fatal Error] :1:1: Premature end of file.
2025-03-05 08:22:48,278 [ERROR] LogOutputStream:75 - [STDERR_REDIRECT] 
2025-03-05 08:22:49,281 [ERROR] LogOutputStream:75 - [STDERR_REDIRECT] [Fatal Error] :1:1: Premature end of file.
2025-03-05 08:22:49,282 [ERROR] LogOutputStream:75 - [STDERR_REDIRECT] 
2025-03-05 08:22:50,283 [ERROR] LogOutputStream:75 - [STDERR_REDIRECT] [Fatal Error] :1:1: Premature end of file.
2025-03-05 08:22:50,283 [ERROR] LogOutputStream:75 - [STDERR_REDIRECT] 
2025-03-05 08:22:51,275 [ERROR] LogOutputStream:75 - [STDERR_REDIRECT] [Fatal Error] :1:1: Premature end of file.
2025-03-05 08:22:51,275 [ERROR] LogOutputStream:75 - [STDERR_REDIRECT] 
2025-03-05 08:22:52,281 [ERROR] LogOutputStream:75 - [STDERR_REDIRECT] [Fatal Error] :1:1: Premature end of file.
2025-03-05 08:22:52,281 [ERROR] LogOutputStream:75 - [STDERR_REDIRECT] 
2025-03-05 08:22:53,281 [ERROR] LogOutputStream:75 - [STDERR_REDIRECT] [Fatal Error] :1:1: Premature end of file.
2025-03-05 08:22:53,282 [ERROR] LogOutputStream:75 - [STDERR_REDIRECT] 
2025-03-05 08:22:54,280 [ERROR] LogOutputStream:75 - [STDERR_REDIRECT] [Fatal Error] :1:1: Premature end of file.
2025-03-05 08:22:54,280 [ERROR] LogOutputStream:75 - [STDERR_REDIRECT] 
2025-03-05 08:22:55,278 [ERROR] LogOutputStream:75 - [STDERR_REDIRECT] [Fatal Error] :1:1: Premature end of file.
2025-03-05 08:22:55,278 [ERROR] LogOutputStream:75 - [STDERR_REDIRECT] 
2025-03-05 08:22:56,279 [ERROR] LogOutputStream:75 - [STDERR_REDIRECT] [Fatal Error] :1:1: Premature end of file.
2025-03-05 08:22:56,280 [ERROR] LogOutputStream:75 - [STDERR_REDIRECT] 
2025-03-05 08:22:57,293 [ERROR] LogOutputStream:75 - [STDERR_REDIRECT] [Fatal Error] :1:1: Premature end of file.
2025-03-05 08:22:57,293 [ERROR] LogOutputStream:75 - [STDERR_REDIRECT] 
2025-03-05 08:22:58,274 [ERROR] LogOutputStream:75 - [STDERR_REDIRECT] [Fatal Error] :1:1: Premature end of file.
2025-03-05 08:22:58,274 [ERROR] LogOutputStream:75 - [STDERR_REDIRECT] 
2025-03-05 08:22:59,275 [ERROR] LogOutputStream:75 - [STDERR_REDIRECT] [Fatal Error] :1:1: Premature end of file.
2025-03-05 08:22:59,276 [ERROR] LogOutputStream:75 - [STDERR_REDIRECT] 
2025-03-05 08:23:00,277 [ERROR] LogOutputStream:75 - [STDERR_REDIRECT] [Fatal Error] :1:1: Premature end of file.
2025-03-05 08:23:00,277 [ERROR] LogOutputStream:75 - [STDERR_REDIRECT] 
2025-03-05 08:23:01,274 [ERROR] LogOutputStream:75 - [STDERR_REDIRECT] [Fatal Error] :1:1: Premature end of file.
2025-03-05 08:23:01,274 [ERROR] LogOutputStream:75 - [STDERR_REDIRECT] 
2025-03-05 08:23:02,300 [ERROR] LogOutputStream:75 - [STDERR_REDIRECT] [Fatal Error] :1:1: Premature end of file.
2025-03-05 08:23:02,300 [ERROR] LogOutputStream:75 - [STDERR_REDIRECT] 
2025-03-05 08:23:03,284 [ERROR] LogOutputStream:75 - [STDERR_REDIRECT] [Fatal Error] :1:1: Premature end of file.
2025-03-05 08:23:03,284 [ERROR] LogOutputStream:75 - [STDERR_REDIRECT] 
2025-03-05 08:23:04,285 [ERROR] LogOutputStream:75 - [STDERR_REDIRECT] [Fatal Error] :1:1: Premature end of file.
2025-03-05 08:23:04,285 [ERROR] LogOutputStream:75 - [STDERR_REDIRECT] 
2025-03-05 08:23:05,283 [ERROR] LogOutputStream:75 - [STDERR_REDIRECT] [Fatal Error] :1:1: Premature end of file.
2025-03-05 08:23:05,283 [ERROR] LogOutputStream:75 - [STDERR_REDIRECT] 
2025-03-05 08:23:06,282 [ERROR] LogOutputStream:75 - [STDERR_REDIRECT] [Fatal Error] :1:1: Premature end of file.
2025-03-05 08:23:06,283 [ERROR] LogOutputStream:75 - [STDERR_REDIRECT] 
2025-03-05 08:23:07,276 [ERROR] LogOutputStream:75 - [STDERR_REDIRECT] [Fatal Error] :1:1: Premature end of file.
2025-03-05 08:23:07,276 [ERROR] LogOutputStream:75 - [STDERR_REDIRECT] 
2025-03-05 08:23:08,277 [ERROR] LogOutputStream:75 - [STDERR_REDIRECT] [Fatal Error] :1:1: Premature end of file.
2025-03-05 08:23:08,277 [ERROR] LogOutputStream:75 - [STDERR_REDIRECT] 
2025-03-05 08:23:09,283 [ERROR] LogOutputStream:75 - [STDERR_REDIRECT] [Fatal Error] :1:1: Premature end of file.
2025-03-05 08:23:09,283 [ERROR] LogOutputStream:75 - [STDERR_REDIRECT] 
2025-03-05 08:23:10,274 [ERROR] LogOutputStream:75 - [STDERR_REDIRECT] [Fatal Error] :1:1: Premature end of file.
2025-03-05 08:23:10,274 [ERROR] LogOutputStream:75 - [STDERR_REDIRECT] 
2025-03-05 08:23:11,276 [ERROR] LogOutputStream:75 - [STDERR_REDIRECT] [Fatal Error] :1:1: Premature end of file.
2025-03-05 08:23:11,276 [ERROR] LogOutputStream:75 - [STDERR_REDIRECT] 
2025-03-05 08:23:12,351 [ERROR] LogOutputStream:75 - [STDERR_REDIRECT] [Fatal Error] :1:1: Premature end of file.
2025-03-05 08:23:12,351 [ERROR] LogOutputStream:75 - [STDERR_REDIRECT] 
2025-03-05 08:23:13,276 [ERROR] LogOutputStream:75 - [STDERR_REDIRECT] [Fatal Error] :1:1: Premature end of file.
2025-03-05 08:23:13,276 [ERROR] LogOutputStream:75 - [STDERR_REDIRECT] 
2025-03-05 08:23:14,281 [ERROR] LogOutputStream:75 - [STDERR_REDIRECT] [Fatal Error] :1:1: Premature end of file.
2025-03-05 08:23:14,282 [ERROR] LogOutputStream:75 - [STDERR_REDIRECT] 
2025-03-05 08:23:15,291 [ERROR] LogOutputStream:75 - [STDERR_REDIRECT] [Fatal Error] :1:1: Premature end of file.
2025-03-05 08:23:15,291 [ERROR] LogOutputStream:75 - [STDERR_REDIRECT] 
2025-03-05 08:23:16,119 [INFO] MainUpdater:2872 - connection check result : 10
2025-03-05 08:23:16,119 [INFO] MainUpdater:2872 - connection check result : 10
2025-03-05 08:23:16,194 [INFO] I2cTimingTraitement:330 - 0x00201D2B
2025-03-05 08:23:16,199 [INFO] MicroXplorer:468 - Change Database Path : 
2025-03-05 08:23:16,199 [INFO] MicroXplorer:498 - Change Database Version : DB.6.0.140
2025-03-05 08:23:16,246 [ERROR] ProjectManagerView:394 - 
java.lang.NullPointerException: Cannot invoke "javax.swing.JTextField.getText()" because the return value of "java.util.List.get(int)" is null
	at com.st.microxplorer.plugins.projectmanager.gui.ProjectChoiceTab$9.caretUpdate(ProjectChoiceTab.java:2678) ~[filemanager.jar:?]
	at javax.swing.text.JTextComponent.fireCaretUpdate(JTextComponent.java:408) ~[?:?]
	at javax.swing.text.JTextComponent$MutableCaretEvent.fire(JTextComponent.java:4484) ~[?:?]
	at javax.swing.text.JTextComponent$MutableCaretEvent.stateChanged(JTextComponent.java:4506) ~[?:?]
	at javax.swing.text.DefaultCaret.fireStateChanged(DefaultCaret.java:857) ~[?:?]
	at javax.swing.text.DefaultCaret.changeCaretPosition(DefaultCaret.java:1343) ~[?:?]
	at javax.swing.text.DefaultCaret.handleSetDot(DefaultCaret.java:1242) ~[?:?]
	at javax.swing.text.DefaultCaret.setDot(DefaultCaret.java:1223) ~[?:?]
	at javax.swing.text.DefaultCaret$Handler.insertUpdate(DefaultCaret.java:1819) ~[?:?]
	at javax.swing.text.AbstractDocument.fireInsertUpdate(AbstractDocument.java:227) ~[?:?]
	at javax.swing.text.AbstractDocument.handleInsertString(AbstractDocument.java:781) ~[?:?]
	at javax.swing.text.AbstractDocument.insertString(AbstractDocument.java:740) ~[?:?]
	at javax.swing.text.PlainDocument.insertString(PlainDocument.java:131) ~[?:?]
	at javax.swing.text.AbstractDocument.replace(AbstractDocument.java:699) ~[?:?]
	at javax.swing.text.JTextComponent.setText(JTextComponent.java:1725) ~[?:?]
	at com.st.microxplorer.plugins.projectmanager.gui.ProjectChoiceTab.createHeapStackFields(ProjectChoiceTab.java:979) ~[filemanager.jar:?]
	at com.st.microxplorer.plugins.projectmanager.gui.ProjectChoiceTab.buildLinkSettingsPanel(ProjectChoiceTab.java:3766) ~[filemanager.jar:?]
	at com.st.microxplorer.plugins.projectmanager.gui.ProjectChoiceTab.defineWindowsFields(ProjectChoiceTab.java:1962) ~[filemanager.jar:?]
	at com.st.microxplorer.plugins.projectmanager.gui.ProjectChoiceTab.updateSettings(ProjectChoiceTab.java:555) ~[filemanager.jar:?]
	at com.st.microxplorer.plugins.projectmanager.gui.ProjectSettingsPanel.UpdateDialog(ProjectSettingsPanel.java:245) ~[filemanager.jar:?]
	at com.st.microxplorer.plugins.projectmanager.ProjectManagerView.propertyChange(ProjectManagerView.java:391) ~[filemanager.jar:?]
	at java.beans.PropertyChangeSupport.fire(PropertyChangeSupport.java:343) ~[?:?]
	at java.beans.PropertyChangeSupport.firePropertyChange(PropertyChangeSupport.java:335) ~[?:?]
	at java.beans.PropertyChangeSupport.firePropertyChange(PropertyChangeSupport.java:268) ~[?:?]
	at com.st.microxplorer.util.MXPropertyChangeSupport.firePropertyChange(MXPropertyChangeSupport.java:54) ~[STM32CubeMX.jar:?]
	at com.st.microxplorer.mxsystem.MxSystem.closeConfig(MxSystem.java:899) ~[STM32CubeMX.jar:?]
	at com.st.microxplorer.maingui.MainPanel.closeConfig(MainPanel.java:789) ~[STM32CubeMX.jar:?]
	at com.st.microxplorer.plugins.filemanager.engine.OpenFileManager.loadConfigurationFile(OpenFileManager.java:287) ~[filemanager.jar:?]
	at com.st.microxplorer.plugins.filemanager.engine.MainFileManager.userLoadConfig(MainFileManager.java:341) ~[filemanager.jar:?]
	at com.st.microxplorer.plugins.filemanager.engine.MainFileManager.userLoadConfig(MainFileManager.java:319) ~[filemanager.jar:?]
	at com.st.microxplorer.plugins.filemanager.FileManagerView.getSpecificTask(FileManagerView.java:246) ~[filemanager.jar:?]
	at com.st.stm32cube.common.mx.editor.CubeMxEditor.getMxTabbedPaneInstance(CubeMxEditor.java:1198) ~[com.st.stm32cube.common.mx_6.14.0.202502271554/:?]
	at com.st.stm32cube.common.mx.editor.CubeMxEditor$12$1.createSwingComponent(CubeMxEditor.java:1068) ~[com.st.stm32cube.common.mx_6.14.0.202502271554/:?]
	at com.st.stm32cube.common.mx.oss.core.awtswtbridge.EmbeddedSwingComposite.doComponentCreation(EmbeddedSwingComposite.java:492) ~[com.st.stm32cube.common.mx.oss_6.14.0.202502271554/:?]
	at com.st.stm32cube.common.mx.oss.core.awtswtbridge.EmbeddedSwingComposite$4.run(EmbeddedSwingComposite.java:291) ~[com.st.stm32cube.common.mx.oss_6.14.0.202502271554/:?]
	at com.st.stm32cube.common.mx.oss.core.awtswtbridge.AwtEnvironment$2.run(AwtEnvironment.java:166) ~[com.st.stm32cube.common.mx.oss_6.14.0.202502271554/:?]
	at java.awt.event.InvocationEvent.dispatch(InvocationEvent.java:318) ~[?:?]
	at java.awt.EventQueue.dispatchEventImpl(EventQueue.java:773) ~[?:?]
	at java.awt.EventQueue$4.run(EventQueue.java:720) ~[?:?]
	at java.awt.EventQueue$4.run(EventQueue.java:714) ~[?:?]
	at java.security.AccessController.doPrivileged(AccessController.java:400) ~[?:?]
	at java.security.ProtectionDomain$JavaSecurityAccessImpl.doIntersectionPrivilege(ProtectionDomain.java:87) ~[?:?]
	at java.awt.EventQueue.dispatchEvent(EventQueue.java:742) ~[?:?]
	at java.awt.EventDispatchThread.pumpOneEventForFilters(EventDispatchThread.java:203) ~[?:?]
	at java.awt.EventDispatchThread.pumpEventsForFilter(EventDispatchThread.java:124) ~[?:?]
	at java.awt.EventDispatchThread.pumpEventsForHierarchy(EventDispatchThread.java:113) ~[?:?]
	at java.awt.EventDispatchThread.pumpEvents(EventDispatchThread.java:109) ~[?:?]
	at java.awt.EventDispatchThread.pumpEvents(EventDispatchThread.java:101) ~[?:?]
	at java.awt.EventDispatchThread.run(EventDispatchThread.java:90) ~[?:?]
2025-03-05 08:23:16,267 [WARN] ThirdParty:871 - waiting for thirdparty lock release [close project]
2025-03-05 08:23:16,267 [INFO] ThirdParty:873 - entering critical section [close project]
2025-03-05 08:23:16,268 [INFO] ThirdParty:883 - exiting critical section [close project]
2025-03-05 08:23:16,271 [INFO] PinOutPanel:1589 - setPackage(No Configuration,No Configuration)
2025-03-05 08:23:16,278 [ERROR] LogOutputStream:75 - [STDERR_REDIRECT] [Fatal Error] :1:1: Premature end of file.
2025-03-05 08:23:16,278 [ERROR] LogOutputStream:75 - [STDERR_REDIRECT] 
2025-03-05 08:23:16,283 [INFO] UtilMem:75 - Begin LoadConfig() Used Memory: 382500040 Bytes (1073741824)
2025-03-05 08:23:16,283 [INFO] MicroXplorer:468 - Change Database Path : 
2025-03-05 08:23:16,283 [INFO] MicroXplorer:498 - Change Database Version : DB.6.0.140
2025-03-05 08:23:16,283 [INFO] OpenFileManager:354 - Change cursor
2025-03-05 08:23:16,314 [INFO] RulesReader:64 - Compatibility file has been processed (301 Rules)
2025-03-05 08:23:16,321 [INFO] Mcu:2011 - Initializing MCU STM32F303R(D-E)Tx STM32F303RETx STM32F303RET6
2025-03-05 08:23:17,263 [ERROR] LogOutputStream:75 - [STDERR_REDIRECT] [Fatal Error] :1:1: Premature end of file.
2025-03-05 08:23:17,263 [ERROR] LogOutputStream:75 - [STDERR_REDIRECT] 
2025-03-05 08:23:17,592 [INFO] Context:756 - Trying to add GPIOservice into a context  which must be forbidden
2025-03-05 08:23:17,864 [INFO] ImportTextPane:218 - (OptionalMessage_ERROR) Pin14 (VP_RIF_VS_RIF1) cannot be retrieved for this MCU
2025-03-05 08:23:17,997 [INFO] RtosManager:558 - Registered RTOS mode: class=CMSIS, group=RTOS, mode=CMSIS_V1, owner=FREERTOS
2025-03-05 08:23:17,997 [INFO] RtosManager:558 - Registered RTOS mode: class=CMSIS, group=RTOS2, mode=CMSIS_V2, owner=FREERTOS
2025-03-05 08:23:17,997 [INFO] RtosManager:558 - Registered RTOS mode: class=RTOS, group=Core, mode=CMSIS_V1, owner=FREERTOS
2025-03-05 08:23:17,997 [INFO] RtosManager:558 - Registered RTOS mode: class=RTOS, group=Core, mode=CMSIS_V2, owner=FREERTOS
2025-03-05 08:23:17,997 [WARN] ModelIntegratedComponent:184 - Missing modes for component STMicroelectronics:FreeRTOS:0.0.1:STMicroelectronics:RTOS:FreeRTOS:Core:::10.2.0:
2025-03-05 08:23:18,007 [WARN] ModelIntegratedComponent:63 - No mode defined for component null
2025-03-05 08:23:18,007 [WARN] ModelIntegratedComponent:63 - No mode defined for component null
2025-03-05 08:23:18,007 [WARN] ModelIntegratedComponent:63 - No mode defined for component null
2025-03-05 08:23:18,007 [WARN] ModelIntegratedComponent:63 - No mode defined for component null
2025-03-05 08:23:18,007 [WARN] ModelIntegratedComponent:63 - No mode defined for component null
2025-03-05 08:23:18,007 [WARN] ModelIntegratedComponent:63 - No mode defined for component null
2025-03-05 08:23:18,007 [WARN] ModelIntegratedComponent:63 - No mode defined for component null
2025-03-05 08:23:18,007 [WARN] ModelIntegratedComponent:63 - No mode defined for component null
2025-03-05 08:23:18,007 [WARN] ModelIntegratedComponent:63 - No mode defined for component null
2025-03-05 08:23:18,007 [WARN] ModelIntegratedComponent:63 - No mode defined for component null
2025-03-05 08:23:18,007 [WARN] ModelIntegratedComponent:63 - No mode defined for component null
2025-03-05 08:23:18,007 [WARN] ModelIntegratedComponent:63 - No mode defined for component null
2025-03-05 08:23:18,007 [WARN] ModelIntegratedComponent:63 - No mode defined for component null
2025-03-05 08:23:18,007 [WARN] ModelIntegratedComponent:63 - No mode defined for component null
2025-03-05 08:23:18,007 [WARN] ModelIntegratedComponent:63 - No mode defined for component null
2025-03-05 08:23:18,007 [WARN] ModelIntegratedComponent:63 - No mode defined for component null
2025-03-05 08:23:18,007 [WARN] ModelIntegratedComponent:63 - No mode defined for component null
2025-03-05 08:23:18,007 [WARN] ModelIntegratedComponent:63 - No mode defined for component null
2025-03-05 08:23:18,007 [WARN] ModelIntegratedComponent:63 - No mode defined for component null
2025-03-05 08:23:18,007 [WARN] ModelIntegratedComponent:63 - No mode defined for component null
2025-03-05 08:23:18,007 [WARN] ModelIntegratedComponent:63 - No mode defined for component null
2025-03-05 08:23:18,007 [WARN] ModelIntegratedComponent:63 - No mode defined for component null
2025-03-05 08:23:18,008 [WARN] ModelIntegratedComponent:63 - No mode defined for component null
2025-03-05 08:23:18,008 [WARN] ModelIntegratedComponent:63 - No mode defined for component null
2025-03-05 08:23:18,008 [WARN] ModelIntegratedComponent:63 - No mode defined for component null
2025-03-05 08:23:18,008 [WARN] ModelIntegratedComponent:63 - No mode defined for component null
2025-03-05 08:23:18,008 [WARN] ModelIntegratedComponent:63 - No mode defined for component null
2025-03-05 08:23:18,008 [WARN] ModelIntegratedComponent:63 - No mode defined for component null
2025-03-05 08:23:18,008 [WARN] ModelIntegratedComponent:63 - No mode defined for component null
2025-03-05 08:23:18,008 [WARN] ModelIntegratedComponent:63 - No mode defined for component null
2025-03-05 08:23:18,008 [WARN] ModelIntegratedComponent:63 - No mode defined for component null
2025-03-05 08:23:18,008 [WARN] ModelIntegratedComponent:63 - No mode defined for component null
2025-03-05 08:23:18,008 [WARN] ModelIntegratedComponent:63 - No mode defined for component null
2025-03-05 08:23:18,008 [WARN] ModelIntegratedComponent:63 - No mode defined for component null
2025-03-05 08:23:18,008 [WARN] ModelIntegratedComponent:63 - No mode defined for component null
2025-03-05 08:23:18,008 [WARN] ModelPack:524 - Component already loaded: STMicroelectronics:HAL Drivers:0.0.0:STMicroelectronics:Device:STMicro_Driver:XSPI:HAL::0.0.1:HAL_XSPI
2025-03-05 08:23:18,051 [INFO] ThirdPartyModel:298 - Start build external matchings
2025-03-05 08:23:18,245 [ERROR] LogOutputStream:75 - [STDERR_REDIRECT] [Fatal Error] :1:1: Premature end of file.
2025-03-05 08:23:18,247 [ERROR] LogOutputStream:75 - [STDERR_REDIRECT] 
2025-03-05 08:23:18,335 [INFO] ThirdPartyModel:316 - End build external matchings
2025-03-05 08:23:18,346 [INFO] ImportTextPane:218 - (OptionalMessage_ERROR) IP (RCC) : Invalid parameter (FamilyName)
2025-03-05 08:23:18,346 [INFO] ImportTextPane:218 - (OptionalMessage_ERROR) IP (RCC) : Invalid parameter (PLLM)
2025-03-05 08:23:18,346 [INFO] ImportTextPane:218 - (OptionalMessage_ERROR) IP (RCC) : Invalid parameter (PLLN)
2025-03-05 08:23:18,346 [INFO] ImportTextPane:218 - (OptionalMessage_ERROR) IP (RCC) : Invalid parameter (PLLP)
2025-03-05 08:23:18,346 [INFO] ImportTextPane:218 - (OptionalMessage_ERROR) IP (RCC) : Invalid parameter (PLLQ)
2025-03-05 08:23:18,346 [INFO] ImportTextPane:218 - (OptionalMessage_ERROR) IP (RCC) : Invalid parameter (RCC_PLLsource_Clock_Source_FROM_HSE)
2025-03-05 08:23:18,346 [INFO] ImportTextPane:218 - (OptionalMessage_ERROR) IP (RCC) : Parameter (USBFreq_Value) has invalid value (72000000)
2025-03-05 08:23:18,561 [INFO] UtilMem:75 - End LoadConfig() Used Memory: 755368224 Bytes (1073741824)
2025-03-05 08:23:18,660 [WARN] ThirdParty:833 - waiting for thirdparty lock release [change project]
2025-03-05 08:23:18,660 [INFO] ThirdParty:835 - entering critical section [change project]
2025-03-05 08:23:18,660 [INFO] ThirdParty:1030 - CMSIS Pack Vendor :STMicroelectronics USBPD 4.1
2025-03-05 08:23:18,660 [INFO] ThirdParty:1030 - CMSIS Pack Vendor :STMicroelectronics X-CUBE-AZRTOS-H7 3.3.0
2025-03-05 08:23:18,660 [INFO] ThirdParty:1030 - CMSIS Pack Vendor :STMicroelectronics X-CUBE-NFC9 1.0.0
2025-03-05 08:23:18,660 [INFO] ThirdParty:1030 - CMSIS Pack Vendor :STMicroelectronics USB_HOST 2.0.0
2025-03-05 08:23:18,661 [INFO] ThirdParty:1030 - CMSIS Pack Vendor :STMicroelectronics FP-SNS-MOTENVWB1 1.4.0
2025-03-05 08:23:18,661 [INFO] ThirdParty:1030 - CMSIS Pack Vendor :STMicroelectronics X-CUBE-AZRTOS-F4 1.1.0
2025-03-05 08:23:18,661 [INFO] ThirdParty:1030 - CMSIS Pack Vendor :STMicroelectronics LIBJPEG 8.0.0
2025-03-05 08:23:18,661 [INFO] ThirdParty:1030 - CMSIS Pack Vendor :STMicroelectronics FP-ATR-ASTRA1 2.0.2
2025-03-05 08:23:18,661 [INFO] ThirdParty:1030 - CMSIS Pack Vendor :STMicroelectronics FP-ATR-ASTRA1 2.0.1
2025-03-05 08:23:18,661 [INFO] ThirdParty:1030 - CMSIS Pack Vendor :STMicroelectronics X-CUBE-SMBUS 2.1.0
2025-03-05 08:23:18,661 [INFO] ThirdParty:1030 - CMSIS Pack Vendor :STMicroelectronics X-CUBE-WB05N 1.1.0
2025-03-05 08:23:18,661 [INFO] ThirdParty:1030 - CMSIS Pack Vendor :STMicroelectronics USB_DEVICE 3.0.0
2025-03-05 08:23:18,661 [INFO] ThirdParty:1030 - CMSIS Pack Vendor :STMicroelectronics X-CUBE-TCPP 4.1.0
2025-03-05 08:23:18,661 [INFO] ThirdParty:1030 - CMSIS Pack Vendor :STMicroelectronics X-CUBE-ISPU 2.1.0
2025-03-05 08:23:18,661 [INFO] ThirdParty:1030 - CMSIS Pack Vendor :STMicroelectronics X-CUBE-FREERTOS 1.2.0
2025-03-05 08:23:18,661 [INFO] ThirdParty:1030 - CMSIS Pack Vendor :STMicroelectronics X-CUBE-IPS 3.0.0
2025-03-05 08:23:18,662 [INFO] ThirdParty:1030 - CMSIS Pack Vendor :STMicroelectronics X-CUBE-AZRTOS-WB 2.0.0
2025-03-05 08:23:18,662 [INFO] ThirdParty:1030 - CMSIS Pack Vendor :STMicroelectronics X-CUBE-GNSS1 7.0.0
2025-03-05 08:23:18,662 [INFO] ThirdParty:1030 - CMSIS Pack Vendor :STMicroelectronics X-CUBE-GNSS1 7.0.1
2025-03-05 08:23:18,662 [INFO] ThirdParty:1030 - CMSIS Pack Vendor :STMicroelectronics X-CUBE-AZRTOS-F7 1.1.0
2025-03-05 08:23:18,662 [INFO] ThirdParty:1030 - CMSIS Pack Vendor :STMicroelectronics X-CUBE-AZRTOS-L5 2.0.0
2025-03-05 08:23:18,662 [INFO] ThirdParty:1030 - CMSIS Pack Vendor :STMicroelectronics USB_DEVICE 2.0.0
2025-03-05 08:23:18,662 [INFO] ThirdParty:1030 - CMSIS Pack Vendor :STMicroelectronics X-CUBE-NFC6 3.1.0
2025-03-05 08:23:18,662 [INFO] ThirdParty:1030 - CMSIS Pack Vendor :STMicroelectronics FP-SNS-STBOX1 2.0.0
2025-03-05 08:23:18,662 [INFO] ThirdParty:1030 - CMSIS Pack Vendor :STMicroelectronics X-CUBE-MEMS1 11.0.0
2025-03-05 08:23:18,662 [INFO] ThirdParty:1030 - CMSIS Pack Vendor :STMicroelectronics FreeRTOS 0.0.1
2025-03-05 08:23:18,662 [INFO] ThirdParty:1030 - CMSIS Pack Vendor :STMicroelectronics X-CUBE-AZRTOS-G0 1.1.0
2025-03-05 08:23:18,662 [INFO] ThirdParty:1030 - CMSIS Pack Vendor :STMicroelectronics X-CUBE-SAFEA1 1.2.2
2025-03-05 08:23:18,663 [INFO] ThirdParty:1030 - CMSIS Pack Vendor :STMicroelectronics X-CUBE-NFC4 3.0.0
2025-03-05 08:23:18,663 [INFO] ThirdParty:1030 - CMSIS Pack Vendor :STMicroelectronics X-CUBE-DPower 1.2.0
2025-03-05 08:23:18,663 [INFO] ThirdParty:1030 - CMSIS Pack Vendor :STMicroelectronics X-CUBE-SUBG2 5.0.0
2025-03-05 08:23:18,663 [INFO] ThirdParty:1030 - CMSIS Pack Vendor :STMicroelectronics STM32_WPAN 1.0.0
2025-03-05 08:23:18,663 [INFO] ThirdParty:1030 - CMSIS Pack Vendor :EmbeddedOffice I-CUBE-FS-RTOS 1.0.1
2025-03-05 08:23:18,663 [INFO] ThirdParty:1030 - CMSIS Pack Vendor :STMicroelectronics lwIP 2.0.3
2025-03-05 08:23:18,663 [INFO] ThirdParty:1030 - CMSIS Pack Vendor :STMicroelectronics FP-SNS-FLIGHT1 5.0.2
2025-03-05 08:23:18,663 [INFO] ThirdParty:1030 - CMSIS Pack Vendor :Cesanta I-CUBE-Mongoose 7.13.0
2025-03-05 08:23:18,663 [INFO] ThirdParty:1030 - CMSIS Pack Vendor :STMicroelectronics USB_HOST 1.0.0
2025-03-05 08:23:18,663 [INFO] ThirdParty:1030 - CMSIS Pack Vendor :Infineon AIROC-Wi-Fi-Bluetooth-STM32 1.7.0
2025-03-05 08:23:18,663 [INFO] ThirdParty:1030 - CMSIS Pack Vendor :STMicroelectronics X-CUBE-AZRTOS-G4 2.0.0
2025-03-05 08:23:18,663 [INFO] ThirdParty:1030 - CMSIS Pack Vendor :STMicroelectronics PDM2PCM 3.1.0
2025-03-05 08:23:18,664 [INFO] ThirdParty:1030 - CMSIS Pack Vendor :STMicroelectronics PDM2PCM 3.3.0
2025-03-05 08:23:18,664 [INFO] ThirdParty:1030 - CMSIS Pack Vendor :STMicroelectronics X-CUBE-DISPLAY 3.0.0
2025-03-05 08:23:18,664 [INFO] ThirdParty:1030 - CMSIS Pack Vendor :STMicroelectronics X-CUBE-TCPP 4.2.0
2025-03-05 08:23:18,665 [INFO] ThirdParty:1030 - CMSIS Pack Vendor :RealThread X-CUBE-RT-Thread_Nano 4.1.1
2025-03-05 08:23:18,665 [INFO] ThirdParty:1030 - CMSIS Pack Vendor :STMicroelectronics X-CUBE-BLE1 7.0.0
2025-03-05 08:23:18,665 [INFO] ThirdParty:1030 - CMSIS Pack Vendor :STMicroelectronics FP-ATR-SIGFOX1 3.2.0
2025-03-05 08:23:18,665 [INFO] ThirdParty:1030 - CMSIS Pack Vendor :STMicroelectronics X-CUBE-NFC10 1.0.0
2025-03-05 08:23:18,666 [INFO] ThirdParty:1030 - CMSIS Pack Vendor :quantropi X-CUBE-qispace-sdk-base 1.9.3
2025-03-05 08:23:18,666 [INFO] ThirdParty:1030 - CMSIS Pack Vendor :STMicroelectronics X-CUBE-BLEMGR 4.0.0
2025-03-05 08:23:18,666 [INFO] ThirdParty:1030 - CMSIS Pack Vendor :STMicroelectronics X-CUBE-EEPRMA1 5.1.0
2025-03-05 08:23:18,666 [INFO] ThirdParty:1030 - CMSIS Pack Vendor :STMicroelectronics HAL Drivers 0.0.0
2025-03-05 08:23:18,666 [INFO] ThirdParty:1030 - CMSIS Pack Vendor :STMicroelectronics MBEDTLS 2.16.2
2025-03-05 08:23:18,667 [INFO] ThirdParty:1030 - CMSIS Pack Vendor :STMicroelectronics X-CUBE-IPS 3.1.0
2025-03-05 08:23:18,667 [INFO] ThirdParty:1030 - CMSIS Pack Vendor :STMicroelectronics X-CUBE-ALS 1.0.2
2025-03-05 08:23:18,667 [INFO] ThirdParty:1030 - CMSIS Pack Vendor :emotas I-CUBE-CANOPEN 1.3.0
2025-03-05 08:23:18,667 [INFO] ThirdParty:1030 - CMSIS Pack Vendor :STMicroelectronics X-CUBE-FREERTOS 1.3.0
2025-03-05 08:23:18,667 [INFO] ThirdParty:1030 - CMSIS Pack Vendor :wolfSSL I-CUBE-wolfSSL 5.7.4
2025-03-05 08:23:18,667 [INFO] ThirdParty:1030 - CMSIS Pack Vendor :STMicroelectronics X-CUBE-NFC7 1.0.1
2025-03-05 08:23:18,668 [INFO] ThirdParty:1030 - CMSIS Pack Vendor :STMicroelectronics MBEDTLS 2.14.1
2025-03-05 08:23:18,668 [INFO] ThirdParty:1030 - CMSIS Pack Vendor :ITTIA_DB I-CUBE-ITTIADB 8.9.0
2025-03-05 08:23:18,668 [INFO] ThirdParty:1030 - CMSIS Pack Vendor :STMicroelectronics X-CUBE-TOUCHGFX 4.24.2
2025-03-05 08:23:18,668 [INFO] ThirdParty:1030 - CMSIS Pack Vendor :STMicroelectronics X-CUBE-TOUCHGFX 4.24.1
2025-03-05 08:23:18,668 [INFO] ThirdParty:1030 - CMSIS Pack Vendor :wolfSSL I-CUBE-wolfTPM 3.4.0
2025-03-05 08:23:18,669 [INFO] ThirdParty:1030 - CMSIS Pack Vendor :portGmbH I-Cube-SoM-uGOAL 1.1.0
2025-03-05 08:23:18,670 [INFO] ThirdParty:1030 - CMSIS Pack Vendor :STMicroelectronics X-CUBE-BLEMGR 3.1.0
2025-03-05 08:23:18,670 [INFO] ThirdParty:1030 - CMSIS Pack Vendor :STMicroelectronics X-CUBE-AI 10.0.0
2025-03-05 08:23:18,670 [INFO] ThirdParty:1030 - CMSIS Pack Vendor :STMicroelectronics ThreadX 1.0.0
2025-03-05 08:23:18,670 [INFO] ThirdParty:1030 - CMSIS Pack Vendor :STMicroelectronics FP-SNS-SMARTAG2 1.2.0
2025-03-05 08:23:18,671 [INFO] ThirdParty:1030 - CMSIS Pack Vendor :STMicroelectronics X-CUBE-MEMS1 11.1.0
2025-03-05 08:23:18,672 [INFO] ThirdParty:1030 - CMSIS Pack Vendor :STMicroelectronics X-CUBE-AZRTOS-WL 2.0.0
2025-03-05 08:23:18,672 [INFO] ThirdParty:1030 - CMSIS Pack Vendor :SEGGER I-CUBE-embOS 1.3.1
2025-03-05 08:23:18,672 [INFO] ThirdParty:1030 - CMSIS Pack Vendor :STMicroelectronics X-CUBE-ALGOBUILD 1.4.0
2025-03-05 08:23:18,672 [INFO] ThirdParty:1030 - CMSIS Pack Vendor :STMicroelectronics FP-SNS-MOTENV1 5.0.0
2025-03-05 08:23:18,673 [INFO] ThirdParty:1030 - CMSIS Pack Vendor :STMicroelectronics USB_DEVICE 1.0.0
2025-03-05 08:23:18,673 [INFO] ThirdParty:1030 - CMSIS Pack Vendor :STMicroelectronics X-CUBE-AZRTOS-H7RS 1.0.0
2025-03-05 08:23:18,673 [INFO] ThirdParty:1030 - CMSIS Pack Vendor :wolfSSL I-CUBE-wolfMQTT 1.19.0
2025-03-05 08:23:18,673 [INFO] ThirdParty:1030 - CMSIS Pack Vendor :STMicroelectronics X-CUBE-AZRTOS-L4 2.0.0
2025-03-05 08:23:18,673 [INFO] ThirdParty:1030 - CMSIS Pack Vendor :STMicroelectronics ThreadX 0.0.2
2025-03-05 08:23:18,673 [INFO] ThirdParty:1030 - CMSIS Pack Vendor :WES I-CUBE-Cesium 1.3.0
2025-03-05 08:23:18,673 [INFO] ThirdParty:1030 - CMSIS Pack Vendor :STMicroelectronics FP-ATR-ASTRA1 2.0.0
2025-03-05 08:23:18,673 [INFO] ThirdParty:1030 - CMSIS Pack Vendor :STMicroelectronics lwIP 2.1.2
2025-03-05 08:23:18,673 [INFO] ThirdParty:1030 - CMSIS Pack Vendor :STMicroelectronics X-CUBE-SFXS2LP1 4.0.0
2025-03-05 08:23:18,673 [INFO] ThirdParty:1030 - CMSIS Pack Vendor :STMicroelectronics X-CUBE-BLE2 3.3.0
2025-03-05 08:23:18,673 [INFO] ThirdParty:1030 - CMSIS Pack Vendor :STMicroelectronics X-CUBE-TOF1 3.4.2
2025-03-05 08:23:18,673 [INFO] ThirdParty:1030 - CMSIS Pack Vendor :STMicroelectronics X-CUBE-AI 9.1.0
2025-03-05 08:23:18,674 [INFO] ThirdParty:1030 - CMSIS Pack Vendor :Infineon AIROC-Wi-Fi-Bluetooth-STM32 1.6.1
2025-03-05 08:23:18,674 [INFO] ThirdParty:1030 - CMSIS Pack Vendor :STMicroelectronics PDM2PCM 3.2.0
2025-03-05 08:23:18,674 [INFO] ThirdParty:1030 - CMSIS Pack Vendor :wolfSSL I-CUBE-wolfSSH 1.4.17
2025-03-05 08:23:18,674 [INFO] ThirdParty:841 - exiting critical section [change project]
2025-03-05 08:23:18,838 [INFO] PinOutPanel:1589 - setPackage(No Configuration,No Configuration)
2025-03-05 08:23:18,839 [INFO] PinOutPanel:1589 - setPackage(STM32F303RETx,LQFP64)
2025-03-05 08:23:19,169 [INFO] UtilMem:75 - Before build in PCC Used Memory: 473820840 Bytes (1073741824)
2025-03-05 08:23:19,260 [ERROR] LogOutputStream:75 - [STDERR_REDIRECT] [Fatal Error] :1:1: Premature end of file.
2025-03-05 08:23:19,260 [ERROR] LogOutputStream:75 - [STDERR_REDIRECT] 
2025-03-05 08:23:19,390 [INFO] UtilMem:75 - After build in PCC Used Memory: 523630248 Bytes (1073741824)
2025-03-05 08:23:19,411 [INFO] IPUIPlugin:80 - create IPUIPlugin
2025-03-05 08:23:19,411 [INFO] IPUIPlugin:80 - create IPUIPlugin
2025-03-05 08:23:19,411 [INFO] IPUIPlugin:80 - create IPUIPlugin
2025-03-05 08:23:19,411 [INFO] IPUIPlugin:80 - create IPUIPlugin
2025-03-05 08:23:19,411 [INFO] IPUIPlugin:80 - create IPUIPlugin
2025-03-05 08:23:19,411 [INFO] IPUIPlugin:80 - create IPUIPlugin
2025-03-05 08:23:19,411 [INFO] IPUIPlugin:80 - create IPUIPlugin
2025-03-05 08:23:19,411 [INFO] IPUIPlugin:80 - create IPUIPlugin
2025-03-05 08:23:19,412 [INFO] IPUIPlugin:80 - create IPUIPlugin
2025-03-05 08:23:19,412 [INFO] IPUIPlugin:80 - create IPUIPlugin
2025-03-05 08:23:19,412 [INFO] IPUIPlugin:80 - create IPUIPlugin
2025-03-05 08:23:19,412 [INFO] IPUIPlugin:80 - create IPUIPlugin
2025-03-05 08:23:19,412 [INFO] IPUIPlugin:80 - create IPUIPlugin
2025-03-05 08:23:19,414 [INFO] IPUIPlugin:80 - create IPUIPlugin
2025-03-05 08:23:19,414 [INFO] IPUIPlugin:80 - create IPUIPlugin
2025-03-05 08:23:19,414 [INFO] IPUIPlugin:80 - create IPUIPlugin
2025-03-05 08:23:19,414 [INFO] IPUIPlugin:80 - create IPUIPlugin
2025-03-05 08:23:19,414 [INFO] IPUIPlugin:80 - create IPUIPlugin
2025-03-05 08:23:19,414 [INFO] IPUIPlugin:80 - create IPUIPlugin
2025-03-05 08:23:19,415 [INFO] IPUIPlugin:80 - create IPUIPlugin
2025-03-05 08:23:19,415 [INFO] IPUIPlugin:80 - create IPUIPlugin
2025-03-05 08:23:19,415 [INFO] IPUIPlugin:80 - create IPUIPlugin
2025-03-05 08:23:19,415 [INFO] IPUIPlugin:80 - create IPUIPlugin
2025-03-05 08:23:19,415 [INFO] IPUIPlugin:80 - create IPUIPlugin
2025-03-05 08:23:19,415 [INFO] IPUIPlugin:80 - create IPUIPlugin
2025-03-05 08:23:19,416 [INFO] IPUIPlugin:80 - create IPUIPlugin
2025-03-05 08:23:19,416 [INFO] IPUIPlugin:80 - create IPUIPlugin
2025-03-05 08:23:19,416 [INFO] IPUIPlugin:80 - create IPUIPlugin
2025-03-05 08:23:19,416 [INFO] IPUIPlugin:80 - create IPUIPlugin
2025-03-05 08:23:19,416 [INFO] IPUIPlugin:80 - create IPUIPlugin
2025-03-05 08:23:19,416 [INFO] IPUIPlugin:80 - create IPUIPlugin
2025-03-05 08:23:19,416 [INFO] IPUIPlugin:80 - create IPUIPlugin
2025-03-05 08:23:19,416 [INFO] IPUIPlugin:80 - create IPUIPlugin
2025-03-05 08:23:19,418 [INFO] IPUIPlugin:80 - create IPUIPlugin
2025-03-05 08:23:19,418 [INFO] IPUIPlugin:80 - create IPUIPlugin
2025-03-05 08:23:19,418 [INFO] IPUIPlugin:80 - create IPUIPlugin
2025-03-05 08:23:19,418 [INFO] IPUIPlugin:80 - create IPUIPlugin
2025-03-05 08:23:19,418 [INFO] IPUIPlugin:80 - create IPUIPlugin
2025-03-05 08:23:19,418 [INFO] IPUIPlugin:80 - create IPUIPlugin
2025-03-05 08:23:19,418 [INFO] IPUIPlugin:80 - create IPUIPlugin
2025-03-05 08:23:19,418 [INFO] IPUIPlugin:80 - create IPUIPlugin
2025-03-05 08:23:19,418 [INFO] IPUIPlugin:80 - create IPUIPlugin
2025-03-05 08:23:19,418 [INFO] IPUIPlugin:80 - create IPUIPlugin
2025-03-05 08:23:19,419 [INFO] IPUIPlugin:80 - create IPUIPlugin
2025-03-05 08:23:19,419 [INFO] IPUIPlugin:80 - create IPUIPlugin
2025-03-05 08:23:19,419 [INFO] IPUIPlugin:80 - create IPUIPlugin
2025-03-05 08:23:19,419 [INFO] IPUIPlugin:80 - create IPUIPlugin
2025-03-05 08:23:19,419 [INFO] IPUIPlugin:80 - create IPUIPlugin
2025-03-05 08:23:19,419 [INFO] IPUIPlugin:80 - create IPUIPlugin
2025-03-05 08:23:19,421 [INFO] IPUIPlugin:80 - create IPUIPlugin
2025-03-05 08:23:19,422 [INFO] IPUIPlugin:80 - create IPUIPlugin
2025-03-05 08:23:19,423 [INFO] IPUIPlugin:80 - create IPUIPlugin
2025-03-05 08:23:19,424 [INFO] IPUIPlugin:80 - create IPUIPlugin
2025-03-05 08:23:19,424 [INFO] IPUIPlugin:80 - create IPUIPlugin
2025-03-05 08:23:19,424 [INFO] IPUIPlugin:80 - create IPUIPlugin
2025-03-05 08:23:19,425 [INFO] IPUIPlugin:80 - create IPUIPlugin
2025-03-05 08:23:19,477 [INFO] CADModel:165 - CPN selected for project levelSTM32F303RET6
2025-03-05 08:23:19,477 [INFO] CADModel:114 - Register for checkConnection events
2025-03-05 08:23:19,517 [INFO] OpenFileManager:385 - Restore cursor
2025-03-05 08:23:20,285 [ERROR] LogOutputStream:75 - [STDERR_REDIRECT] [Fatal Error] :1:1: Premature end of file.
2025-03-05 08:23:20,285 [ERROR] LogOutputStream:75 - [STDERR_REDIRECT] 
2025-03-05 08:23:21,277 [ERROR] LogOutputStream:75 - [STDERR_REDIRECT] [Fatal Error] :1:1: Premature end of file.
2025-03-05 08:23:21,277 [ERROR] LogOutputStream:75 - [STDERR_REDIRECT] 
2025-03-05 08:23:22,282 [ERROR] LogOutputStream:75 - [STDERR_REDIRECT] [Fatal Error] :1:1: Premature end of file.
2025-03-05 08:23:22,282 [ERROR] LogOutputStream:75 - [STDERR_REDIRECT] 
2025-03-05 08:23:23,283 [ERROR] LogOutputStream:75 - [STDERR_REDIRECT] [Fatal Error] :1:1: Premature end of file.
2025-03-05 08:23:23,283 [ERROR] LogOutputStream:75 - [STDERR_REDIRECT] 
2025-03-05 08:23:24,275 [ERROR] LogOutputStream:75 - [STDERR_REDIRECT] [Fatal Error] :1:1: Premature end of file.
2025-03-05 08:23:24,275 [ERROR] LogOutputStream:75 - [STDERR_REDIRECT] 
2025-03-05 08:23:25,280 [ERROR] LogOutputStream:75 - [STDERR_REDIRECT] [Fatal Error] :1:1: Premature end of file.
2025-03-05 08:23:25,280 [ERROR] LogOutputStream:75 - [STDERR_REDIRECT] 
2025-03-05 08:23:26,265 [ERROR] LogOutputStream:75 - [STDERR_REDIRECT] [Fatal Error] :1:1: Premature end of file.
2025-03-05 08:23:26,265 [ERROR] LogOutputStream:75 - [STDERR_REDIRECT] 
2025-03-05 08:23:27,280 [ERROR] LogOutputStream:75 - [STDERR_REDIRECT] [Fatal Error] :1:1: Premature end of file.
2025-03-05 08:23:27,281 [ERROR] LogOutputStream:75 - [STDERR_REDIRECT] 
2025-03-05 08:23:27,363 [INFO] I2cTimingTraitement:330 - 0x00201D2B
2025-03-05 08:23:28,284 [ERROR] LogOutputStream:75 - [STDERR_REDIRECT] [Fatal Error] :1:1: Premature end of file.
2025-03-05 08:23:28,284 [ERROR] LogOutputStream:75 - [STDERR_REDIRECT] 
2025-03-05 08:23:29,272 [ERROR] LogOutputStream:75 - [STDERR_REDIRECT] [Fatal Error] :1:1: Premature end of file.
2025-03-05 08:23:29,272 [ERROR] LogOutputStream:75 - [STDERR_REDIRECT] 
2025-03-05 08:23:30,279 [ERROR] LogOutputStream:75 - [STDERR_REDIRECT] [Fatal Error] :1:1: Premature end of file.
2025-03-05 08:23:30,280 [ERROR] LogOutputStream:75 - [STDERR_REDIRECT] 
2025-03-05 08:23:31,267 [ERROR] LogOutputStream:75 - [STDERR_REDIRECT] [Fatal Error] :1:1: Premature end of file.
2025-03-05 08:23:31,267 [ERROR] LogOutputStream:75 - [STDERR_REDIRECT] 
2025-03-05 08:23:32,280 [ERROR] LogOutputStream:75 - [STDERR_REDIRECT] [Fatal Error] :1:1: Premature end of file.
2025-03-05 08:23:32,280 [ERROR] LogOutputStream:75 - [STDERR_REDIRECT] 
2025-03-05 08:23:33,280 [ERROR] LogOutputStream:75 - [STDERR_REDIRECT] [Fatal Error] :1:1: Premature end of file.
2025-03-05 08:23:33,280 [ERROR] LogOutputStream:75 - [STDERR_REDIRECT] 
2025-03-05 08:23:34,275 [ERROR] LogOutputStream:75 - [STDERR_REDIRECT] [Fatal Error] :1:1: Premature end of file.
2025-03-05 08:23:34,275 [ERROR] LogOutputStream:75 - [STDERR_REDIRECT] 
2025-03-05 08:23:35,273 [ERROR] LogOutputStream:75 - [STDERR_REDIRECT] [Fatal Error] :1:1: Premature end of file.
2025-03-05 08:23:35,274 [ERROR] LogOutputStream:75 - [STDERR_REDIRECT] 
2025-03-05 08:23:36,287 [ERROR] LogOutputStream:75 - [STDERR_REDIRECT] [Fatal Error] :1:1: Premature end of file.
2025-03-05 08:23:36,287 [ERROR] LogOutputStream:75 - [STDERR_REDIRECT] 
2025-03-05 08:23:37,269 [ERROR] LogOutputStream:75 - [STDERR_REDIRECT] [Fatal Error] :1:1: Premature end of file.
2025-03-05 08:23:37,270 [ERROR] LogOutputStream:75 - [STDERR_REDIRECT] 
2025-03-05 08:23:38,278 [ERROR] LogOutputStream:75 - [STDERR_REDIRECT] [Fatal Error] :1:1: Premature end of file.
2025-03-05 08:23:38,279 [ERROR] LogOutputStream:75 - [STDERR_REDIRECT] 
2025-03-05 08:23:39,273 [ERROR] LogOutputStream:75 - [STDERR_REDIRECT] [Fatal Error] :1:1: Premature end of file.
2025-03-05 08:23:39,273 [ERROR] LogOutputStream:75 - [STDERR_REDIRECT] 
2025-03-05 08:23:40,280 [ERROR] LogOutputStream:75 - [STDERR_REDIRECT] [Fatal Error] :1:1: Premature end of file.
2025-03-05 08:23:40,281 [ERROR] LogOutputStream:75 - [STDERR_REDIRECT] 
2025-03-05 08:23:41,277 [ERROR] LogOutputStream:75 - [STDERR_REDIRECT] [Fatal Error] :1:1: Premature end of file.
2025-03-05 08:23:41,278 [ERROR] LogOutputStream:75 - [STDERR_REDIRECT] 
2025-03-05 08:23:42,264 [ERROR] LogOutputStream:75 - [STDERR_REDIRECT] [Fatal Error] :1:1: Premature end of file.
2025-03-05 08:23:42,264 [ERROR] LogOutputStream:75 - [STDERR_REDIRECT] 
2025-03-05 08:23:43,269 [ERROR] LogOutputStream:75 - [STDERR_REDIRECT] [Fatal Error] :1:1: Premature end of file.
2025-03-05 08:23:43,269 [ERROR] LogOutputStream:75 - [STDERR_REDIRECT] 
2025-03-05 08:23:44,274 [ERROR] LogOutputStream:75 - [STDERR_REDIRECT] [Fatal Error] :1:1: Premature end of file.
2025-03-05 08:23:44,274 [ERROR] LogOutputStream:75 - [STDERR_REDIRECT] 
2025-03-05 08:23:45,269 [ERROR] LogOutputStream:75 - [STDERR_REDIRECT] [Fatal Error] :1:1: Premature end of file.
2025-03-05 08:23:45,269 [ERROR] LogOutputStream:75 - [STDERR_REDIRECT] 
2025-03-05 08:23:46,284 [ERROR] LogOutputStream:75 - [STDERR_REDIRECT] [Fatal Error] :1:1: Premature end of file.
2025-03-05 08:23:46,284 [ERROR] LogOutputStream:75 - [STDERR_REDIRECT] 
2025-03-05 08:23:47,293 [ERROR] LogOutputStream:75 - [STDERR_REDIRECT] [Fatal Error] :1:1: Premature end of file.
2025-03-05 08:23:47,294 [ERROR] LogOutputStream:75 - [STDERR_REDIRECT] 
2025-03-05 08:23:48,282 [ERROR] LogOutputStream:75 - [STDERR_REDIRECT] [Fatal Error] :1:1: Premature end of file.
2025-03-05 08:23:48,282 [ERROR] LogOutputStream:75 - [STDERR_REDIRECT] 
2025-03-05 08:23:49,280 [ERROR] LogOutputStream:75 - [STDERR_REDIRECT] [Fatal Error] :1:1: Premature end of file.
2025-03-05 08:23:49,280 [ERROR] LogOutputStream:75 - [STDERR_REDIRECT] 
2025-03-05 08:23:50,294 [ERROR] LogOutputStream:75 - [STDERR_REDIRECT] [Fatal Error] :1:1: Premature end of file.
2025-03-05 08:23:50,294 [ERROR] LogOutputStream:75 - [STDERR_REDIRECT] 
2025-03-05 08:23:51,287 [ERROR] LogOutputStream:75 - [STDERR_REDIRECT] [Fatal Error] :1:1: Premature end of file.
2025-03-05 08:23:51,287 [ERROR] LogOutputStream:75 - [STDERR_REDIRECT] 
2025-03-05 08:23:52,281 [ERROR] LogOutputStream:75 - [STDERR_REDIRECT] [Fatal Error] :1:1: Premature end of file.
2025-03-05 08:23:52,282 [ERROR] LogOutputStream:75 - [STDERR_REDIRECT] 
2025-03-05 08:23:53,265 [ERROR] LogOutputStream:75 - [STDERR_REDIRECT] [Fatal Error] :1:1: Premature end of file.
2025-03-05 08:23:53,266 [ERROR] LogOutputStream:75 - [STDERR_REDIRECT] 
2025-03-05 08:23:54,272 [ERROR] LogOutputStream:75 - [STDERR_REDIRECT] [Fatal Error] :1:1: Premature end of file.
2025-03-05 08:23:54,272 [ERROR] LogOutputStream:75 - [STDERR_REDIRECT] 
2025-03-05 08:23:55,286 [ERROR] LogOutputStream:75 - [STDERR_REDIRECT] [Fatal Error] :1:1: Premature end of file.
2025-03-05 08:23:55,287 [ERROR] LogOutputStream:75 - [STDERR_REDIRECT] 
2025-03-05 08:23:56,285 [ERROR] LogOutputStream:75 - [STDERR_REDIRECT] [Fatal Error] :1:1: Premature end of file.
2025-03-05 08:23:56,285 [ERROR] LogOutputStream:75 - [STDERR_REDIRECT] 
2025-03-05 08:23:57,297 [ERROR] LogOutputStream:75 - [STDERR_REDIRECT] [Fatal Error] :1:1: Premature end of file.
2025-03-05 08:23:57,298 [ERROR] LogOutputStream:75 - [STDERR_REDIRECT] 
2025-03-05 08:23:58,276 [ERROR] LogOutputStream:75 - [STDERR_REDIRECT] [Fatal Error] :1:1: Premature end of file.
2025-03-05 08:23:58,276 [ERROR] LogOutputStream:75 - [STDERR_REDIRECT] 
2025-03-05 08:23:59,264 [ERROR] LogOutputStream:75 - [STDERR_REDIRECT] [Fatal Error] :1:1: Premature end of file.
2025-03-05 08:23:59,264 [ERROR] LogOutputStream:75 - [STDERR_REDIRECT] 
2025-03-05 08:24:00,282 [ERROR] LogOutputStream:75 - [STDERR_REDIRECT] [Fatal Error] :1:1: Premature end of file.
2025-03-05 08:24:00,282 [ERROR] LogOutputStream:75 - [STDERR_REDIRECT] 
2025-03-05 08:24:01,297 [ERROR] LogOutputStream:75 - [STDERR_REDIRECT] [Fatal Error] :1:1: Premature end of file.
2025-03-05 08:24:01,298 [ERROR] LogOutputStream:75 - [STDERR_REDIRECT] 
2025-03-05 08:24:02,304 [ERROR] LogOutputStream:75 - [STDERR_REDIRECT] [Fatal Error] :1:1: Premature end of file.
2025-03-05 08:24:02,305 [ERROR] LogOutputStream:75 - [STDERR_REDIRECT] 
2025-03-05 08:24:03,290 [ERROR] LogOutputStream:75 - [STDERR_REDIRECT] [Fatal Error] :1:1: Premature end of file.
2025-03-05 08:24:03,291 [ERROR] LogOutputStream:75 - [STDERR_REDIRECT] 
2025-03-05 08:24:04,303 [ERROR] LogOutputStream:75 - [STDERR_REDIRECT] [Fatal Error] :1:1: Premature end of file.
2025-03-05 08:24:04,304 [ERROR] LogOutputStream:75 - [STDERR_REDIRECT] 
2025-03-05 08:24:05,305 [ERROR] LogOutputStream:75 - [STDERR_REDIRECT] [Fatal Error] :1:1: Premature end of file.
2025-03-05 08:24:05,306 [ERROR] LogOutputStream:75 - [STDERR_REDIRECT] 
2025-03-05 08:24:06,301 [ERROR] LogOutputStream:75 - [STDERR_REDIRECT] [Fatal Error] :1:1: Premature end of file.
2025-03-05 08:24:06,301 [ERROR] LogOutputStream:75 - [STDERR_REDIRECT] 
2025-03-05 08:24:07,283 [ERROR] LogOutputStream:75 - [STDERR_REDIRECT] [Fatal Error] :1:1: Premature end of file.
2025-03-05 08:24:07,283 [ERROR] LogOutputStream:75 - [STDERR_REDIRECT] 
2025-03-05 08:24:08,244 [ERROR] LogOutputStream:75 - [STDERR_REDIRECT] [Fatal Error] :1:1: Premature end of file.
2025-03-05 08:24:08,244 [ERROR] LogOutputStream:75 - [STDERR_REDIRECT] 
2025-03-05 08:24:09,278 [ERROR] LogOutputStream:75 - [STDERR_REDIRECT] [Fatal Error] :1:1: Premature end of file.
2025-03-05 08:24:09,278 [ERROR] LogOutputStream:75 - [STDERR_REDIRECT] 
2025-03-05 08:24:10,277 [ERROR] LogOutputStream:75 - [STDERR_REDIRECT] [Fatal Error] :1:1: Premature end of file.
2025-03-05 08:24:10,278 [ERROR] LogOutputStream:75 - [STDERR_REDIRECT] 
2025-03-05 08:24:11,279 [ERROR] LogOutputStream:75 - [STDERR_REDIRECT] [Fatal Error] :1:1: Premature end of file.
2025-03-05 08:24:11,279 [ERROR] LogOutputStream:75 - [STDERR_REDIRECT] 
2025-03-05 08:24:12,279 [ERROR] LogOutputStream:75 - [STDERR_REDIRECT] [Fatal Error] :1:1: Premature end of file.
2025-03-05 08:24:12,279 [ERROR] LogOutputStream:75 - [STDERR_REDIRECT] 
2025-03-05 08:24:13,279 [ERROR] LogOutputStream:75 - [STDERR_REDIRECT] [Fatal Error] :1:1: Premature end of file.
2025-03-05 08:24:13,279 [ERROR] LogOutputStream:75 - [STDERR_REDIRECT] 
2025-03-05 08:24:14,276 [ERROR] LogOutputStream:75 - [STDERR_REDIRECT] [Fatal Error] :1:1: Premature end of file.
2025-03-05 08:24:14,276 [ERROR] LogOutputStream:75 - [STDERR_REDIRECT] 
2025-03-05 08:24:15,299 [ERROR] LogOutputStream:75 - [STDERR_REDIRECT] [Fatal Error] :1:1: Premature end of file.
2025-03-05 08:24:15,299 [ERROR] LogOutputStream:75 - [STDERR_REDIRECT] 
2025-03-05 08:24:16,275 [ERROR] LogOutputStream:75 - [STDERR_REDIRECT] [Fatal Error] :1:1: Premature end of file.
2025-03-05 08:24:16,275 [ERROR] LogOutputStream:75 - [STDERR_REDIRECT] 
2025-03-05 08:24:17,282 [ERROR] LogOutputStream:75 - [STDERR_REDIRECT] [Fatal Error] :1:1: Premature end of file.
2025-03-05 08:24:17,282 [ERROR] LogOutputStream:75 - [STDERR_REDIRECT] 
2025-03-05 08:24:18,275 [ERROR] LogOutputStream:75 - [STDERR_REDIRECT] [Fatal Error] :1:1: Premature end of file.
2025-03-05 08:24:18,275 [ERROR] LogOutputStream:75 - [STDERR_REDIRECT] 
2025-03-05 08:24:19,283 [ERROR] LogOutputStream:75 - [STDERR_REDIRECT] [Fatal Error] :1:1: Premature end of file.
2025-03-05 08:24:19,283 [ERROR] LogOutputStream:75 - [STDERR_REDIRECT] 
2025-03-05 08:24:20,280 [ERROR] LogOutputStream:75 - [STDERR_REDIRECT] [Fatal Error] :1:1: Premature end of file.
2025-03-05 08:24:20,280 [ERROR] LogOutputStream:75 - [STDERR_REDIRECT] 
2025-03-05 08:24:21,276 [ERROR] LogOutputStream:75 - [STDERR_REDIRECT] [Fatal Error] :1:1: Premature end of file.
2025-03-05 08:24:21,276 [ERROR] LogOutputStream:75 - [STDERR_REDIRECT] 
2025-03-05 08:24:22,280 [ERROR] LogOutputStream:75 - [STDERR_REDIRECT] [Fatal Error] :1:1: Premature end of file.
2025-03-05 08:24:22,280 [ERROR] LogOutputStream:75 - [STDERR_REDIRECT] 
2025-03-05 08:24:23,277 [ERROR] LogOutputStream:75 - [STDERR_REDIRECT] [Fatal Error] :1:1: Premature end of file.
2025-03-05 08:24:23,278 [ERROR] LogOutputStream:75 - [STDERR_REDIRECT] 
2025-03-05 08:24:24,280 [ERROR] LogOutputStream:75 - [STDERR_REDIRECT] [Fatal Error] :1:1: Premature end of file.
2025-03-05 08:24:24,280 [ERROR] LogOutputStream:75 - [STDERR_REDIRECT] 
2025-03-05 08:24:25,276 [ERROR] LogOutputStream:75 - [STDERR_REDIRECT] [Fatal Error] :1:1: Premature end of file.
2025-03-05 08:24:25,276 [ERROR] LogOutputStream:75 - [STDERR_REDIRECT] 
2025-03-05 08:24:26,282 [ERROR] LogOutputStream:75 - [STDERR_REDIRECT] [Fatal Error] :1:1: Premature end of file.
2025-03-05 08:24:26,283 [ERROR] LogOutputStream:75 - [STDERR_REDIRECT] 
2025-03-05 08:24:27,294 [ERROR] LogOutputStream:75 - [STDERR_REDIRECT] [Fatal Error] :1:1: Premature end of file.
2025-03-05 08:24:27,294 [ERROR] LogOutputStream:75 - [STDERR_REDIRECT] 
2025-03-05 08:24:28,294 [ERROR] LogOutputStream:75 - [STDERR_REDIRECT] [Fatal Error] :1:1: Premature end of file.
2025-03-05 08:24:28,294 [ERROR] LogOutputStream:75 - [STDERR_REDIRECT] 
2025-03-05 08:24:28,646 [INFO] NvicIntPanel:101 - NVIC parent = com.st.microxplorer.plugins.ip.nvic.MultiNvicIntPanel[,0,0,450x299,layout=javax.swing.BoxLayout,alignmentX=0.0,alignmentY=0.0,border=,flags=9,maximumSize=,minimumSize=,preferredSize=]
2025-03-05 08:24:29,301 [ERROR] LogOutputStream:75 - [STDERR_REDIRECT] [Fatal Error] :1:1: Premature end of file.
2025-03-05 08:24:29,301 [ERROR] LogOutputStream:75 - [STDERR_REDIRECT] 
2025-03-05 08:24:30,283 [ERROR] LogOutputStream:75 - [STDERR_REDIRECT] [Fatal Error] :1:1: Premature end of file.
2025-03-05 08:24:30,283 [ERROR] LogOutputStream:75 - [STDERR_REDIRECT] 
2025-03-05 08:24:31,270 [ERROR] LogOutputStream:75 - [STDERR_REDIRECT] [Fatal Error] :1:1: Premature end of file.
2025-03-05 08:24:31,270 [ERROR] LogOutputStream:75 - [STDERR_REDIRECT] 
2025-03-05 08:24:32,274 [ERROR] LogOutputStream:75 - [STDERR_REDIRECT] [Fatal Error] :1:1: Premature end of file.
2025-03-05 08:24:32,274 [ERROR] LogOutputStream:75 - [STDERR_REDIRECT] 
2025-03-05 08:24:33,279 [ERROR] LogOutputStream:75 - [STDERR_REDIRECT] [Fatal Error] :1:1: Premature end of file.
2025-03-05 08:24:33,279 [ERROR] LogOutputStream:75 - [STDERR_REDIRECT] 
2025-03-05 08:24:34,278 [ERROR] LogOutputStream:75 - [STDERR_REDIRECT] [Fatal Error] :1:1: Premature end of file.
2025-03-05 08:24:34,278 [ERROR] LogOutputStream:75 - [STDERR_REDIRECT] 
2025-03-05 08:24:35,267 [ERROR] LogOutputStream:75 - [STDERR_REDIRECT] [Fatal Error] :1:1: Premature end of file.
2025-03-05 08:24:35,267 [ERROR] LogOutputStream:75 - [STDERR_REDIRECT] 
2025-03-05 08:24:36,277 [ERROR] LogOutputStream:75 - [STDERR_REDIRECT] [Fatal Error] :1:1: Premature end of file.
2025-03-05 08:24:36,277 [ERROR] LogOutputStream:75 - [STDERR_REDIRECT] 
2025-03-05 08:24:37,284 [ERROR] LogOutputStream:75 - [STDERR_REDIRECT] [Fatal Error] :1:1: Premature end of file.
2025-03-05 08:24:37,284 [ERROR] LogOutputStream:75 - [STDERR_REDIRECT] 
2025-03-05 08:24:38,281 [ERROR] LogOutputStream:75 - [STDERR_REDIRECT] [Fatal Error] :1:1: Premature end of file.
2025-03-05 08:24:38,282 [ERROR] LogOutputStream:75 - [STDERR_REDIRECT] 
2025-03-05 08:24:39,291 [ERROR] LogOutputStream:75 - [STDERR_REDIRECT] [Fatal Error] :1:1: Premature end of file.
2025-03-05 08:24:39,291 [ERROR] LogOutputStream:75 - [STDERR_REDIRECT] 
2025-03-05 08:24:40,296 [ERROR] LogOutputStream:75 - [STDERR_REDIRECT] [Fatal Error] :1:1: Premature end of file.
2025-03-05 08:24:40,296 [ERROR] LogOutputStream:75 - [STDERR_REDIRECT] 
2025-03-05 08:24:41,247 [ERROR] LogOutputStream:75 - [STDERR_REDIRECT] [Fatal Error] :1:1: Premature end of file.
2025-03-05 08:24:41,247 [ERROR] LogOutputStream:75 - [STDERR_REDIRECT] 
2025-03-05 08:24:42,257 [ERROR] LogOutputStream:75 - [STDERR_REDIRECT] [Fatal Error] :1:1: Premature end of file.
2025-03-05 08:24:42,257 [ERROR] LogOutputStream:75 - [STDERR_REDIRECT] 
2025-03-05 08:24:43,286 [ERROR] LogOutputStream:75 - [STDERR_REDIRECT] [Fatal Error] :1:1: Premature end of file.
2025-03-05 08:24:43,286 [ERROR] LogOutputStream:75 - [STDERR_REDIRECT] 
2025-03-05 08:24:44,298 [ERROR] LogOutputStream:75 - [STDERR_REDIRECT] [Fatal Error] :1:1: Premature end of file.
2025-03-05 08:24:44,298 [ERROR] LogOutputStream:75 - [STDERR_REDIRECT] 
2025-03-05 08:24:45,279 [ERROR] LogOutputStream:75 - [STDERR_REDIRECT] [Fatal Error] :1:1: Premature end of file.
2025-03-05 08:24:45,279 [ERROR] LogOutputStream:75 - [STDERR_REDIRECT] 
2025-03-05 08:24:46,281 [ERROR] LogOutputStream:75 - [STDERR_REDIRECT] [Fatal Error] :1:1: Premature end of file.
2025-03-05 08:24:46,282 [ERROR] LogOutputStream:75 - [STDERR_REDIRECT] 
2025-03-05 08:24:47,265 [ERROR] LogOutputStream:75 - [STDERR_REDIRECT] [Fatal Error] :1:1: Premature end of file.
2025-03-05 08:24:47,265 [ERROR] LogOutputStream:75 - [STDERR_REDIRECT] 
2025-03-05 08:24:48,282 [ERROR] LogOutputStream:75 - [STDERR_REDIRECT] [Fatal Error] :1:1: Premature end of file.
2025-03-05 08:24:48,282 [ERROR] LogOutputStream:75 - [STDERR_REDIRECT] 
2025-03-05 08:24:49,282 [ERROR] LogOutputStream:75 - [STDERR_REDIRECT] [Fatal Error] :1:1: Premature end of file.
2025-03-05 08:24:49,282 [ERROR] LogOutputStream:75 - [STDERR_REDIRECT] 
2025-03-05 08:24:50,250 [ERROR] LogOutputStream:75 - [STDERR_REDIRECT] [Fatal Error] :1:1: Premature end of file.
2025-03-05 08:24:50,250 [ERROR] LogOutputStream:75 - [STDERR_REDIRECT] 
2025-03-05 08:24:51,277 [ERROR] LogOutputStream:75 - [STDERR_REDIRECT] [Fatal Error] :1:1: Premature end of file.
2025-03-05 08:24:51,277 [ERROR] LogOutputStream:75 - [STDERR_REDIRECT] 
2025-03-05 08:24:52,278 [ERROR] LogOutputStream:75 - [STDERR_REDIRECT] [Fatal Error] :1:1: Premature end of file.
2025-03-05 08:24:52,278 [ERROR] LogOutputStream:75 - [STDERR_REDIRECT] 
2025-03-05 08:24:53,277 [ERROR] LogOutputStream:75 - [STDERR_REDIRECT] [Fatal Error] :1:1: Premature end of file.
2025-03-05 08:24:53,277 [ERROR] LogOutputStream:75 - [STDERR_REDIRECT] 
2025-03-05 08:24:54,275 [ERROR] LogOutputStream:75 - [STDERR_REDIRECT] [Fatal Error] :1:1: Premature end of file.
2025-03-05 08:24:54,275 [ERROR] LogOutputStream:75 - [STDERR_REDIRECT] 
2025-03-05 08:24:55,285 [ERROR] LogOutputStream:75 - [STDERR_REDIRECT] [Fatal Error] :1:1: Premature end of file.
2025-03-05 08:24:55,285 [ERROR] LogOutputStream:75 - [STDERR_REDIRECT] 
2025-03-05 08:24:56,282 [ERROR] LogOutputStream:75 - [STDERR_REDIRECT] [Fatal Error] :1:1: Premature end of file.
2025-03-05 08:24:56,282 [ERROR] LogOutputStream:75 - [STDERR_REDIRECT] 
2025-03-05 08:24:57,284 [ERROR] LogOutputStream:75 - [STDERR_REDIRECT] [Fatal Error] :1:1: Premature end of file.
2025-03-05 08:24:57,284 [ERROR] LogOutputStream:75 - [STDERR_REDIRECT] 
2025-03-05 08:24:58,281 [ERROR] LogOutputStream:75 - [STDERR_REDIRECT] [Fatal Error] :1:1: Premature end of file.
2025-03-05 08:24:58,281 [ERROR] LogOutputStream:75 - [STDERR_REDIRECT] 
2025-03-05 08:24:59,287 [ERROR] LogOutputStream:75 - [STDERR_REDIRECT] [Fatal Error] :1:1: Premature end of file.
2025-03-05 08:24:59,287 [ERROR] LogOutputStream:75 - [STDERR_REDIRECT] 
2025-03-05 08:25:00,280 [ERROR] LogOutputStream:75 - [STDERR_REDIRECT] [Fatal Error] :1:1: Premature end of file.
2025-03-05 08:25:00,280 [ERROR] LogOutputStream:75 - [STDERR_REDIRECT] 
2025-03-05 08:25:01,280 [ERROR] LogOutputStream:75 - [STDERR_REDIRECT] [Fatal Error] :1:1: Premature end of file.
2025-03-05 08:25:01,280 [ERROR] LogOutputStream:75 - [STDERR_REDIRECT] 
2025-03-05 08:25:02,284 [ERROR] LogOutputStream:75 - [STDERR_REDIRECT] [Fatal Error] :1:1: Premature end of file.
2025-03-05 08:25:02,284 [ERROR] LogOutputStream:75 - [STDERR_REDIRECT] 
2025-03-05 08:25:03,265 [ERROR] LogOutputStream:75 - [STDERR_REDIRECT] [Fatal Error] :1:1: Premature end of file.
2025-03-05 08:25:03,265 [ERROR] LogOutputStream:75 - [STDERR_REDIRECT] 
2025-03-05 08:25:04,275 [ERROR] LogOutputStream:75 - [STDERR_REDIRECT] [Fatal Error] :1:1: Premature end of file.
2025-03-05 08:25:04,275 [ERROR] LogOutputStream:75 - [STDERR_REDIRECT] 
2025-03-05 08:25:05,265 [ERROR] LogOutputStream:75 - [STDERR_REDIRECT] [Fatal Error] :1:1: Premature end of file.
2025-03-05 08:25:05,266 [ERROR] LogOutputStream:75 - [STDERR_REDIRECT] 
2025-03-05 08:25:06,246 [ERROR] LogOutputStream:75 - [STDERR_REDIRECT] [Fatal Error] :1:1: Premature end of file.
2025-03-05 08:25:06,247 [ERROR] LogOutputStream:75 - [STDERR_REDIRECT] 
2025-03-05 08:25:07,264 [ERROR] LogOutputStream:75 - [STDERR_REDIRECT] [Fatal Error] :1:1: Premature end of file.
2025-03-05 08:25:07,264 [ERROR] LogOutputStream:75 - [STDERR_REDIRECT] 
2025-03-05 08:25:08,276 [ERROR] LogOutputStream:75 - [STDERR_REDIRECT] [Fatal Error] :1:1: Premature end of file.
2025-03-05 08:25:08,276 [ERROR] LogOutputStream:75 - [STDERR_REDIRECT] 
2025-03-05 08:25:09,283 [ERROR] LogOutputStream:75 - [STDERR_REDIRECT] [Fatal Error] :1:1: Premature end of file.
2025-03-05 08:25:09,283 [ERROR] LogOutputStream:75 - [STDERR_REDIRECT] 
2025-03-05 08:25:10,284 [ERROR] LogOutputStream:75 - [STDERR_REDIRECT] [Fatal Error] :1:1: Premature end of file.
2025-03-05 08:25:10,284 [ERROR] LogOutputStream:75 - [STDERR_REDIRECT] 
2025-03-05 08:25:11,277 [ERROR] LogOutputStream:75 - [STDERR_REDIRECT] [Fatal Error] :1:1: Premature end of file.
2025-03-05 08:25:11,277 [ERROR] LogOutputStream:75 - [STDERR_REDIRECT] 
2025-03-05 08:25:12,287 [ERROR] LogOutputStream:75 - [STDERR_REDIRECT] [Fatal Error] :1:1: Premature end of file.
2025-03-05 08:25:12,287 [ERROR] LogOutputStream:75 - [STDERR_REDIRECT] 
2025-03-05 08:25:13,286 [ERROR] LogOutputStream:75 - [STDERR_REDIRECT] [Fatal Error] :1:1: Premature end of file.
2025-03-05 08:25:13,286 [ERROR] LogOutputStream:75 - [STDERR_REDIRECT] 
2025-03-05 08:25:14,279 [ERROR] LogOutputStream:75 - [STDERR_REDIRECT] [Fatal Error] :1:1: Premature end of file.
2025-03-05 08:25:14,279 [ERROR] LogOutputStream:75 - [STDERR_REDIRECT] 
2025-03-05 08:25:15,297 [ERROR] LogOutputStream:75 - [STDERR_REDIRECT] [Fatal Error] :1:1: Premature end of file.
2025-03-05 08:25:15,297 [ERROR] LogOutputStream:75 - [STDERR_REDIRECT] 
2025-03-05 08:25:16,274 [ERROR] LogOutputStream:75 - [STDERR_REDIRECT] [Fatal Error] :1:1: Premature end of file.
2025-03-05 08:25:16,274 [ERROR] LogOutputStream:75 - [STDERR_REDIRECT] 
2025-03-05 08:25:17,269 [ERROR] LogOutputStream:75 - [STDERR_REDIRECT] [Fatal Error] :1:1: Premature end of file.
2025-03-05 08:25:17,270 [ERROR] LogOutputStream:75 - [STDERR_REDIRECT] 
2025-03-05 08:25:18,273 [ERROR] LogOutputStream:75 - [STDERR_REDIRECT] [Fatal Error] :1:1: Premature end of file.
2025-03-05 08:25:18,273 [ERROR] LogOutputStream:75 - [STDERR_REDIRECT] 
2025-03-05 08:25:19,291 [ERROR] LogOutputStream:75 - [STDERR_REDIRECT] [Fatal Error] :1:1: Premature end of file.
2025-03-05 08:25:19,292 [ERROR] LogOutputStream:75 - [STDERR_REDIRECT] 
2025-03-05 08:25:20,268 [ERROR] LogOutputStream:75 - [STDERR_REDIRECT] [Fatal Error] :1:1: Premature end of file.
2025-03-05 08:25:20,268 [ERROR] LogOutputStream:75 - [STDERR_REDIRECT] 
2025-03-05 08:25:21,286 [ERROR] LogOutputStream:75 - [STDERR_REDIRECT] [Fatal Error] :1:1: Premature end of file.
2025-03-05 08:25:21,286 [ERROR] LogOutputStream:75 - [STDERR_REDIRECT] 
2025-03-05 08:25:22,277 [ERROR] LogOutputStream:75 - [STDERR_REDIRECT] [Fatal Error] :1:1: Premature end of file.
2025-03-05 08:25:22,277 [ERROR] LogOutputStream:75 - [STDERR_REDIRECT] 
2025-03-05 08:25:23,285 [ERROR] LogOutputStream:75 - [STDERR_REDIRECT] [Fatal Error] :1:1: Premature end of file.
2025-03-05 08:25:23,285 [ERROR] LogOutputStream:75 - [STDERR_REDIRECT] 
2025-03-05 08:25:24,271 [ERROR] LogOutputStream:75 - [STDERR_REDIRECT] [Fatal Error] :1:1: Premature end of file.
2025-03-05 08:25:24,271 [ERROR] LogOutputStream:75 - [STDERR_REDIRECT] 
2025-03-05 08:25:25,246 [ERROR] LogOutputStream:75 - [STDERR_REDIRECT] [Fatal Error] :1:1: Premature end of file.
2025-03-05 08:25:25,246 [ERROR] LogOutputStream:75 - [STDERR_REDIRECT] 
2025-03-05 08:25:26,274 [ERROR] LogOutputStream:75 - [STDERR_REDIRECT] [Fatal Error] :1:1: Premature end of file.
2025-03-05 08:25:26,275 [ERROR] LogOutputStream:75 - [STDERR_REDIRECT] 
2025-03-05 08:25:27,295 [ERROR] LogOutputStream:75 - [STDERR_REDIRECT] [Fatal Error] :1:1: Premature end of file.
2025-03-05 08:25:27,295 [ERROR] LogOutputStream:75 - [STDERR_REDIRECT] 
2025-03-05 08:25:28,285 [ERROR] LogOutputStream:75 - [STDERR_REDIRECT] [Fatal Error] :1:1: Premature end of file.
2025-03-05 08:25:28,285 [ERROR] LogOutputStream:75 - [STDERR_REDIRECT] 
2025-03-05 08:25:29,281 [ERROR] LogOutputStream:75 - [STDERR_REDIRECT] [Fatal Error] :1:1: Premature end of file.
2025-03-05 08:25:29,282 [ERROR] LogOutputStream:75 - [STDERR_REDIRECT] 
2025-03-05 08:25:30,273 [ERROR] LogOutputStream:75 - [STDERR_REDIRECT] [Fatal Error] :1:1: Premature end of file.
2025-03-05 08:25:30,274 [ERROR] LogOutputStream:75 - [STDERR_REDIRECT] 
2025-03-05 08:25:31,285 [ERROR] LogOutputStream:75 - [STDERR_REDIRECT] [Fatal Error] :1:1: Premature end of file.
2025-03-05 08:25:31,285 [ERROR] LogOutputStream:75 - [STDERR_REDIRECT] 
2025-03-05 08:25:32,280 [ERROR] LogOutputStream:75 - [STDERR_REDIRECT] [Fatal Error] :1:1: Premature end of file.
2025-03-05 08:25:32,280 [ERROR] LogOutputStream:75 - [STDERR_REDIRECT] 
2025-03-05 08:25:33,277 [ERROR] LogOutputStream:75 - [STDERR_REDIRECT] [Fatal Error] :1:1: Premature end of file.
2025-03-05 08:25:33,277 [ERROR] LogOutputStream:75 - [STDERR_REDIRECT] 
2025-03-05 08:25:34,258 [ERROR] LogOutputStream:75 - [STDERR_REDIRECT] [Fatal Error] :1:1: Premature end of file.
2025-03-05 08:25:34,258 [ERROR] LogOutputStream:75 - [STDERR_REDIRECT] 
2025-03-05 08:25:35,276 [ERROR] LogOutputStream:75 - [STDERR_REDIRECT] [Fatal Error] :1:1: Premature end of file.
2025-03-05 08:25:35,277 [ERROR] LogOutputStream:75 - [STDERR_REDIRECT] 
2025-03-05 08:25:36,285 [ERROR] LogOutputStream:75 - [STDERR_REDIRECT] [Fatal Error] :1:1: Premature end of file.
2025-03-05 08:25:36,285 [ERROR] LogOutputStream:75 - [STDERR_REDIRECT] 
2025-03-05 08:25:37,286 [ERROR] LogOutputStream:75 - [STDERR_REDIRECT] [Fatal Error] :1:1: Premature end of file.
2025-03-05 08:25:37,286 [ERROR] LogOutputStream:75 - [STDERR_REDIRECT] 
2025-03-05 08:25:38,280 [ERROR] LogOutputStream:75 - [STDERR_REDIRECT] [Fatal Error] :1:1: Premature end of file.
2025-03-05 08:25:38,280 [ERROR] LogOutputStream:75 - [STDERR_REDIRECT] 
2025-03-05 08:25:39,277 [ERROR] LogOutputStream:75 - [STDERR_REDIRECT] [Fatal Error] :1:1: Premature end of file.
2025-03-05 08:25:39,277 [ERROR] LogOutputStream:75 - [STDERR_REDIRECT] 
2025-03-05 08:25:40,271 [ERROR] LogOutputStream:75 - [STDERR_REDIRECT] [Fatal Error] :1:1: Premature end of file.
2025-03-05 08:25:40,272 [ERROR] LogOutputStream:75 - [STDERR_REDIRECT] 
2025-03-05 08:25:41,284 [ERROR] LogOutputStream:75 - [STDERR_REDIRECT] [Fatal Error] :1:1: Premature end of file.
2025-03-05 08:25:41,285 [ERROR] LogOutputStream:75 - [STDERR_REDIRECT] 
2025-03-05 08:25:42,269 [ERROR] LogOutputStream:75 - [STDERR_REDIRECT] [Fatal Error] :1:1: Premature end of file.
2025-03-05 08:25:42,270 [ERROR] LogOutputStream:75 - [STDERR_REDIRECT] 
2025-03-05 08:25:43,288 [ERROR] LogOutputStream:75 - [STDERR_REDIRECT] [Fatal Error] :1:1: Premature end of file.
2025-03-05 08:25:43,289 [ERROR] LogOutputStream:75 - [STDERR_REDIRECT] 
2025-03-05 08:25:44,272 [ERROR] LogOutputStream:75 - [STDERR_REDIRECT] [Fatal Error] :1:1: Premature end of file.
2025-03-05 08:25:44,272 [ERROR] LogOutputStream:75 - [STDERR_REDIRECT] 
2025-03-05 08:25:45,269 [ERROR] LogOutputStream:75 - [STDERR_REDIRECT] [Fatal Error] :1:1: Premature end of file.
2025-03-05 08:25:45,270 [ERROR] LogOutputStream:75 - [STDERR_REDIRECT] 
2025-03-05 08:25:46,278 [ERROR] LogOutputStream:75 - [STDERR_REDIRECT] [Fatal Error] :1:1: Premature end of file.
2025-03-05 08:25:46,278 [ERROR] LogOutputStream:75 - [STDERR_REDIRECT] 
2025-03-05 08:25:47,274 [ERROR] LogOutputStream:75 - [STDERR_REDIRECT] [Fatal Error] :1:1: Premature end of file.
2025-03-05 08:25:47,274 [ERROR] LogOutputStream:75 - [STDERR_REDIRECT] 
2025-03-05 08:25:48,270 [ERROR] LogOutputStream:75 - [STDERR_REDIRECT] [Fatal Error] :1:1: Premature end of file.
2025-03-05 08:25:48,271 [ERROR] LogOutputStream:75 - [STDERR_REDIRECT] 
2025-03-05 08:25:49,255 [ERROR] LogOutputStream:75 - [STDERR_REDIRECT] [Fatal Error] :1:1: Premature end of file.
2025-03-05 08:25:49,255 [ERROR] LogOutputStream:75 - [STDERR_REDIRECT] 
2025-03-05 08:25:50,276 [ERROR] LogOutputStream:75 - [STDERR_REDIRECT] [Fatal Error] :1:1: Premature end of file.
2025-03-05 08:25:50,276 [ERROR] LogOutputStream:75 - [STDERR_REDIRECT] 
2025-03-05 08:25:51,269 [ERROR] LogOutputStream:75 - [STDERR_REDIRECT] [Fatal Error] :1:1: Premature end of file.
2025-03-05 08:25:51,269 [ERROR] LogOutputStream:75 - [STDERR_REDIRECT] 
2025-03-05 08:25:52,277 [ERROR] LogOutputStream:75 - [STDERR_REDIRECT] [Fatal Error] :1:1: Premature end of file.
2025-03-05 08:25:52,277 [ERROR] LogOutputStream:75 - [STDERR_REDIRECT] 
2025-03-05 08:25:53,281 [ERROR] LogOutputStream:75 - [STDERR_REDIRECT] [Fatal Error] :1:1: Premature end of file.
2025-03-05 08:25:53,281 [ERROR] LogOutputStream:75 - [STDERR_REDIRECT] 
2025-03-05 08:25:54,280 [ERROR] LogOutputStream:75 - [STDERR_REDIRECT] [Fatal Error] :1:1: Premature end of file.
2025-03-05 08:25:54,280 [ERROR] LogOutputStream:75 - [STDERR_REDIRECT] 
2025-03-05 08:25:55,278 [ERROR] LogOutputStream:75 - [STDERR_REDIRECT] [Fatal Error] :1:1: Premature end of file.
2025-03-05 08:25:55,278 [ERROR] LogOutputStream:75 - [STDERR_REDIRECT] 
2025-03-05 08:25:56,283 [ERROR] LogOutputStream:75 - [STDERR_REDIRECT] [Fatal Error] :1:1: Premature end of file.
2025-03-05 08:25:56,283 [ERROR] LogOutputStream:75 - [STDERR_REDIRECT] 
2025-03-05 08:25:57,278 [ERROR] LogOutputStream:75 - [STDERR_REDIRECT] [Fatal Error] :1:1: Premature end of file.
2025-03-05 08:25:57,278 [ERROR] LogOutputStream:75 - [STDERR_REDIRECT] 
2025-03-05 08:25:58,270 [ERROR] LogOutputStream:75 - [STDERR_REDIRECT] [Fatal Error] :1:1: Premature end of file.
2025-03-05 08:25:58,271 [ERROR] LogOutputStream:75 - [STDERR_REDIRECT] 
2025-03-05 08:25:59,261 [ERROR] LogOutputStream:75 - [STDERR_REDIRECT] [Fatal Error] :1:1: Premature end of file.
2025-03-05 08:25:59,261 [ERROR] LogOutputStream:75 - [STDERR_REDIRECT] 
2025-03-05 08:26:00,279 [ERROR] LogOutputStream:75 - [STDERR_REDIRECT] [Fatal Error] :1:1: Premature end of file.
2025-03-05 08:26:00,279 [ERROR] LogOutputStream:75 - [STDERR_REDIRECT] 
2025-03-05 08:26:01,285 [ERROR] LogOutputStream:75 - [STDERR_REDIRECT] [Fatal Error] :1:1: Premature end of file.
2025-03-05 08:26:01,285 [ERROR] LogOutputStream:75 - [STDERR_REDIRECT] 
2025-03-05 08:26:02,280 [ERROR] LogOutputStream:75 - [STDERR_REDIRECT] [Fatal Error] :1:1: Premature end of file.
2025-03-05 08:26:02,281 [ERROR] LogOutputStream:75 - [STDERR_REDIRECT] 
2025-03-05 08:26:03,280 [ERROR] LogOutputStream:75 - [STDERR_REDIRECT] [Fatal Error] :1:1: Premature end of file.
2025-03-05 08:26:03,280 [ERROR] LogOutputStream:75 - [STDERR_REDIRECT] 
2025-03-05 08:26:04,281 [ERROR] LogOutputStream:75 - [STDERR_REDIRECT] [Fatal Error] :1:1: Premature end of file.
2025-03-05 08:26:04,281 [ERROR] LogOutputStream:75 - [STDERR_REDIRECT] 
2025-03-05 08:26:05,277 [ERROR] LogOutputStream:75 - [STDERR_REDIRECT] [Fatal Error] :1:1: Premature end of file.
2025-03-05 08:26:05,277 [ERROR] LogOutputStream:75 - [STDERR_REDIRECT] 
2025-03-05 08:26:06,274 [ERROR] LogOutputStream:75 - [STDERR_REDIRECT] [Fatal Error] :1:1: Premature end of file.
2025-03-05 08:26:06,274 [ERROR] LogOutputStream:75 - [STDERR_REDIRECT] 
2025-03-05 08:26:07,266 [ERROR] LogOutputStream:75 - [STDERR_REDIRECT] [Fatal Error] :1:1: Premature end of file.
2025-03-05 08:26:07,266 [ERROR] LogOutputStream:75 - [STDERR_REDIRECT] 
2025-03-05 08:26:08,272 [ERROR] LogOutputStream:75 - [STDERR_REDIRECT] [Fatal Error] :1:1: Premature end of file.
2025-03-05 08:26:08,272 [ERROR] LogOutputStream:75 - [STDERR_REDIRECT] 
2025-03-05 08:26:09,262 [ERROR] LogOutputStream:75 - [STDERR_REDIRECT] [Fatal Error] :1:1: Premature end of file.
2025-03-05 08:26:09,262 [ERROR] LogOutputStream:75 - [STDERR_REDIRECT] 
2025-03-05 08:26:10,283 [ERROR] LogOutputStream:75 - [STDERR_REDIRECT] [Fatal Error] :1:1: Premature end of file.
2025-03-05 08:26:10,283 [ERROR] LogOutputStream:75 - [STDERR_REDIRECT] 
2025-03-05 08:26:11,283 [ERROR] LogOutputStream:75 - [STDERR_REDIRECT] [Fatal Error] :1:1: Premature end of file.
2025-03-05 08:26:11,283 [ERROR] LogOutputStream:75 - [STDERR_REDIRECT] 
2025-03-05 08:26:12,279 [ERROR] LogOutputStream:75 - [STDERR_REDIRECT] [Fatal Error] :1:1: Premature end of file.
2025-03-05 08:26:12,279 [ERROR] LogOutputStream:75 - [STDERR_REDIRECT] 
2025-03-05 08:26:13,275 [ERROR] LogOutputStream:75 - [STDERR_REDIRECT] [Fatal Error] :1:1: Premature end of file.
2025-03-05 08:26:13,275 [ERROR] LogOutputStream:75 - [STDERR_REDIRECT] 
2025-03-05 08:26:14,278 [ERROR] LogOutputStream:75 - [STDERR_REDIRECT] [Fatal Error] :1:1: Premature end of file.
2025-03-05 08:26:14,278 [ERROR] LogOutputStream:75 - [STDERR_REDIRECT] 
2025-03-05 08:26:15,269 [ERROR] LogOutputStream:75 - [STDERR_REDIRECT] [Fatal Error] :1:1: Premature end of file.
2025-03-05 08:26:15,269 [ERROR] LogOutputStream:75 - [STDERR_REDIRECT] 
2025-03-05 08:26:16,281 [ERROR] LogOutputStream:75 - [STDERR_REDIRECT] [Fatal Error] :1:1: Premature end of file.
2025-03-05 08:26:16,281 [ERROR] LogOutputStream:75 - [STDERR_REDIRECT] 
2025-03-05 08:26:17,281 [ERROR] LogOutputStream:75 - [STDERR_REDIRECT] [Fatal Error] :1:1: Premature end of file.
2025-03-05 08:26:17,281 [ERROR] LogOutputStream:75 - [STDERR_REDIRECT] 
2025-03-05 08:26:18,283 [ERROR] LogOutputStream:75 - [STDERR_REDIRECT] [Fatal Error] :1:1: Premature end of file.
2025-03-05 08:26:18,284 [ERROR] LogOutputStream:75 - [STDERR_REDIRECT] 
2025-03-05 08:26:19,286 [ERROR] LogOutputStream:75 - [STDERR_REDIRECT] [Fatal Error] :1:1: Premature end of file.
2025-03-05 08:26:19,286 [ERROR] LogOutputStream:75 - [STDERR_REDIRECT] 
2025-03-05 08:26:20,283 [ERROR] LogOutputStream:75 - [STDERR_REDIRECT] [Fatal Error] :1:1: Premature end of file.
2025-03-05 08:26:20,283 [ERROR] LogOutputStream:75 - [STDERR_REDIRECT] 
2025-03-05 08:26:21,281 [ERROR] LogOutputStream:75 - [STDERR_REDIRECT] [Fatal Error] :1:1: Premature end of file.
2025-03-05 08:26:21,282 [ERROR] LogOutputStream:75 - [STDERR_REDIRECT] 
2025-03-05 08:26:22,283 [ERROR] LogOutputStream:75 - [STDERR_REDIRECT] [Fatal Error] :1:1: Premature end of file.
2025-03-05 08:26:22,283 [ERROR] LogOutputStream:75 - [STDERR_REDIRECT] 
2025-03-05 08:26:23,281 [ERROR] LogOutputStream:75 - [STDERR_REDIRECT] [Fatal Error] :1:1: Premature end of file.
2025-03-05 08:26:23,281 [ERROR] LogOutputStream:75 - [STDERR_REDIRECT] 
2025-03-05 08:26:24,280 [ERROR] LogOutputStream:75 - [STDERR_REDIRECT] [Fatal Error] :1:1: Premature end of file.
2025-03-05 08:26:24,280 [ERROR] LogOutputStream:75 - [STDERR_REDIRECT] 
2025-03-05 08:26:25,277 [ERROR] LogOutputStream:75 - [STDERR_REDIRECT] [Fatal Error] :1:1: Premature end of file.
2025-03-05 08:26:25,277 [ERROR] LogOutputStream:75 - [STDERR_REDIRECT] 
2025-03-05 08:26:26,275 [ERROR] LogOutputStream:75 - [STDERR_REDIRECT] [Fatal Error] :1:1: Premature end of file.
2025-03-05 08:26:26,275 [ERROR] LogOutputStream:75 - [STDERR_REDIRECT] 
2025-03-05 08:26:27,268 [ERROR] LogOutputStream:75 - [STDERR_REDIRECT] [Fatal Error] :1:1: Premature end of file.
2025-03-05 08:26:27,268 [ERROR] LogOutputStream:75 - [STDERR_REDIRECT] 
2025-03-05 08:26:28,283 [ERROR] LogOutputStream:75 - [STDERR_REDIRECT] [Fatal Error] :1:1: Premature end of file.
2025-03-05 08:26:28,283 [ERROR] LogOutputStream:75 - [STDERR_REDIRECT] 
2025-03-05 08:26:29,280 [ERROR] LogOutputStream:75 - [STDERR_REDIRECT] [Fatal Error] :1:1: Premature end of file.
2025-03-05 08:26:29,280 [ERROR] LogOutputStream:75 - [STDERR_REDIRECT] 
2025-03-05 08:26:30,284 [ERROR] LogOutputStream:75 - [STDERR_REDIRECT] [Fatal Error] :1:1: Premature end of file.
2025-03-05 08:26:30,284 [ERROR] LogOutputStream:75 - [STDERR_REDIRECT] 
2025-03-05 08:26:31,272 [ERROR] LogOutputStream:75 - [STDERR_REDIRECT] [Fatal Error] :1:1: Premature end of file.
2025-03-05 08:26:31,272 [ERROR] LogOutputStream:75 - [STDERR_REDIRECT] 
2025-03-05 08:26:32,270 [ERROR] LogOutputStream:75 - [STDERR_REDIRECT] [Fatal Error] :1:1: Premature end of file.
2025-03-05 08:26:32,270 [ERROR] LogOutputStream:75 - [STDERR_REDIRECT] 
2025-03-05 08:26:33,276 [ERROR] LogOutputStream:75 - [STDERR_REDIRECT] [Fatal Error] :1:1: Premature end of file.
2025-03-05 08:26:33,276 [ERROR] LogOutputStream:75 - [STDERR_REDIRECT] 
2025-03-05 08:26:34,269 [ERROR] LogOutputStream:75 - [STDERR_REDIRECT] [Fatal Error] :1:1: Premature end of file.
2025-03-05 08:26:34,270 [ERROR] LogOutputStream:75 - [STDERR_REDIRECT] 
2025-03-05 08:26:35,284 [ERROR] LogOutputStream:75 - [STDERR_REDIRECT] [Fatal Error] :1:1: Premature end of file.
2025-03-05 08:26:35,284 [ERROR] LogOutputStream:75 - [STDERR_REDIRECT] 
2025-03-05 08:26:36,278 [ERROR] LogOutputStream:75 - [STDERR_REDIRECT] [Fatal Error] :1:1: Premature end of file.
2025-03-05 08:26:36,278 [ERROR] LogOutputStream:75 - [STDERR_REDIRECT] 
2025-03-05 08:26:37,289 [ERROR] LogOutputStream:75 - [STDERR_REDIRECT] [Fatal Error] :1:1: Premature end of file.
2025-03-05 08:26:37,289 [ERROR] LogOutputStream:75 - [STDERR_REDIRECT] 
2025-03-05 08:26:38,283 [ERROR] LogOutputStream:75 - [STDERR_REDIRECT] [Fatal Error] :1:1: Premature end of file.
2025-03-05 08:26:38,283 [ERROR] LogOutputStream:75 - [STDERR_REDIRECT] 
2025-03-05 08:26:39,284 [ERROR] LogOutputStream:75 - [STDERR_REDIRECT] [Fatal Error] :1:1: Premature end of file.
2025-03-05 08:26:39,284 [ERROR] LogOutputStream:75 - [STDERR_REDIRECT] 
2025-03-05 08:26:40,282 [ERROR] LogOutputStream:75 - [STDERR_REDIRECT] [Fatal Error] :1:1: Premature end of file.
2025-03-05 08:26:40,283 [ERROR] LogOutputStream:75 - [STDERR_REDIRECT] 
2025-03-05 08:26:41,281 [ERROR] LogOutputStream:75 - [STDERR_REDIRECT] [Fatal Error] :1:1: Premature end of file.
2025-03-05 08:26:41,281 [ERROR] LogOutputStream:75 - [STDERR_REDIRECT] 
2025-03-05 08:26:42,279 [ERROR] LogOutputStream:75 - [STDERR_REDIRECT] [Fatal Error] :1:1: Premature end of file.
2025-03-05 08:26:42,279 [ERROR] LogOutputStream:75 - [STDERR_REDIRECT] 
2025-03-05 08:26:43,247 [ERROR] LogOutputStream:75 - [STDERR_REDIRECT] [Fatal Error] :1:1: Premature end of file.
2025-03-05 08:26:43,247 [ERROR] LogOutputStream:75 - [STDERR_REDIRECT] 
2025-03-05 08:26:44,275 [ERROR] LogOutputStream:75 - [STDERR_REDIRECT] [Fatal Error] :1:1: Premature end of file.
2025-03-05 08:26:44,275 [ERROR] LogOutputStream:75 - [STDERR_REDIRECT] 
2025-03-05 08:26:45,262 [ERROR] LogOutputStream:75 - [STDERR_REDIRECT] [Fatal Error] :1:1: Premature end of file.
2025-03-05 08:26:45,262 [ERROR] LogOutputStream:75 - [STDERR_REDIRECT] 
2025-03-05 08:26:46,270 [ERROR] LogOutputStream:75 - [STDERR_REDIRECT] [Fatal Error] :1:1: Premature end of file.
2025-03-05 08:26:46,270 [ERROR] LogOutputStream:75 - [STDERR_REDIRECT] 
2025-03-05 08:26:47,281 [ERROR] LogOutputStream:75 - [STDERR_REDIRECT] [Fatal Error] :1:1: Premature end of file.
2025-03-05 08:26:47,282 [ERROR] LogOutputStream:75 - [STDERR_REDIRECT] 
2025-03-05 08:26:48,283 [ERROR] LogOutputStream:75 - [STDERR_REDIRECT] [Fatal Error] :1:1: Premature end of file.
2025-03-05 08:26:48,283 [ERROR] LogOutputStream:75 - [STDERR_REDIRECT] 
2025-03-05 08:26:49,278 [ERROR] LogOutputStream:75 - [STDERR_REDIRECT] [Fatal Error] :1:1: Premature end of file.
2025-03-05 08:26:49,278 [ERROR] LogOutputStream:75 - [STDERR_REDIRECT] 
2025-03-05 08:26:50,277 [ERROR] LogOutputStream:75 - [STDERR_REDIRECT] [Fatal Error] :1:1: Premature end of file.
2025-03-05 08:26:50,277 [ERROR] LogOutputStream:75 - [STDERR_REDIRECT] 
2025-03-05 08:26:51,283 [ERROR] LogOutputStream:75 - [STDERR_REDIRECT] [Fatal Error] :1:1: Premature end of file.
2025-03-05 08:26:51,283 [ERROR] LogOutputStream:75 - [STDERR_REDIRECT] 
2025-03-05 08:26:52,275 [ERROR] LogOutputStream:75 - [STDERR_REDIRECT] [Fatal Error] :1:1: Premature end of file.
2025-03-05 08:26:52,275 [ERROR] LogOutputStream:75 - [STDERR_REDIRECT] 
2025-03-05 08:26:53,278 [ERROR] LogOutputStream:75 - [STDERR_REDIRECT] [Fatal Error] :1:1: Premature end of file.
2025-03-05 08:26:53,278 [ERROR] LogOutputStream:75 - [STDERR_REDIRECT] 
2025-03-05 08:26:54,253 [ERROR] LogOutputStream:75 - [STDERR_REDIRECT] [Fatal Error] :1:1: Premature end of file.
2025-03-05 08:26:54,253 [ERROR] LogOutputStream:75 - [STDERR_REDIRECT] 
2025-03-05 08:26:55,276 [ERROR] LogOutputStream:75 - [STDERR_REDIRECT] [Fatal Error] :1:1: Premature end of file.
2025-03-05 08:26:55,277 [ERROR] LogOutputStream:75 - [STDERR_REDIRECT] 
2025-03-05 08:26:56,275 [ERROR] LogOutputStream:75 - [STDERR_REDIRECT] [Fatal Error] :1:1: Premature end of file.
2025-03-05 08:26:56,275 [ERROR] LogOutputStream:75 - [STDERR_REDIRECT] 
2025-03-05 08:26:57,279 [ERROR] LogOutputStream:75 - [STDERR_REDIRECT] [Fatal Error] :1:1: Premature end of file.
2025-03-05 08:26:57,279 [ERROR] LogOutputStream:75 - [STDERR_REDIRECT] 
2025-03-05 08:26:58,281 [ERROR] LogOutputStream:75 - [STDERR_REDIRECT] [Fatal Error] :1:1: Premature end of file.
2025-03-05 08:26:58,281 [ERROR] LogOutputStream:75 - [STDERR_REDIRECT] 
2025-03-05 08:26:59,278 [ERROR] LogOutputStream:75 - [STDERR_REDIRECT] [Fatal Error] :1:1: Premature end of file.
2025-03-05 08:26:59,278 [ERROR] LogOutputStream:75 - [STDERR_REDIRECT] 
2025-03-05 08:27:00,276 [ERROR] LogOutputStream:75 - [STDERR_REDIRECT] [Fatal Error] :1:1: Premature end of file.
2025-03-05 08:27:00,276 [ERROR] LogOutputStream:75 - [STDERR_REDIRECT] 
2025-03-05 08:27:01,278 [ERROR] LogOutputStream:75 - [STDERR_REDIRECT] [Fatal Error] :1:1: Premature end of file.
2025-03-05 08:27:01,278 [ERROR] LogOutputStream:75 - [STDERR_REDIRECT] 
2025-03-05 08:27:02,270 [ERROR] LogOutputStream:75 - [STDERR_REDIRECT] [Fatal Error] :1:1: Premature end of file.
2025-03-05 08:27:02,270 [ERROR] LogOutputStream:75 - [STDERR_REDIRECT] 
2025-03-05 08:27:03,281 [ERROR] LogOutputStream:75 - [STDERR_REDIRECT] [Fatal Error] :1:1: Premature end of file.
2025-03-05 08:27:03,281 [ERROR] LogOutputStream:75 - [STDERR_REDIRECT] 
2025-03-05 08:27:04,270 [ERROR] LogOutputStream:75 - [STDERR_REDIRECT] [Fatal Error] :1:1: Premature end of file.
2025-03-05 08:27:04,270 [ERROR] LogOutputStream:75 - [STDERR_REDIRECT] 
2025-03-05 08:27:05,270 [ERROR] LogOutputStream:75 - [STDERR_REDIRECT] [Fatal Error] :1:1: Premature end of file.
2025-03-05 08:27:05,270 [ERROR] LogOutputStream:75 - [STDERR_REDIRECT] 
2025-03-05 08:27:06,285 [ERROR] LogOutputStream:75 - [STDERR_REDIRECT] [Fatal Error] :1:1: Premature end of file.
2025-03-05 08:27:06,285 [ERROR] LogOutputStream:75 - [STDERR_REDIRECT] 
2025-03-05 08:27:07,276 [ERROR] LogOutputStream:75 - [STDERR_REDIRECT] [Fatal Error] :1:1: Premature end of file.
2025-03-05 08:27:07,276 [ERROR] LogOutputStream:75 - [STDERR_REDIRECT] 
2025-03-05 08:27:08,275 [ERROR] LogOutputStream:75 - [STDERR_REDIRECT] [Fatal Error] :1:1: Premature end of file.
2025-03-05 08:27:08,275 [ERROR] LogOutputStream:75 - [STDERR_REDIRECT] 
2025-03-05 08:27:09,278 [ERROR] LogOutputStream:75 - [STDERR_REDIRECT] [Fatal Error] :1:1: Premature end of file.
2025-03-05 08:27:09,279 [ERROR] LogOutputStream:75 - [STDERR_REDIRECT] 
2025-03-05 08:27:10,278 [ERROR] LogOutputStream:75 - [STDERR_REDIRECT] [Fatal Error] :1:1: Premature end of file.
2025-03-05 08:27:10,278 [ERROR] LogOutputStream:75 - [STDERR_REDIRECT] 
2025-03-05 08:27:11,281 [ERROR] LogOutputStream:75 - [STDERR_REDIRECT] [Fatal Error] :1:1: Premature end of file.
2025-03-05 08:27:11,281 [ERROR] LogOutputStream:75 - [STDERR_REDIRECT] 
2025-03-05 08:27:12,282 [ERROR] LogOutputStream:75 - [STDERR_REDIRECT] [Fatal Error] :1:1: Premature end of file.
2025-03-05 08:27:12,282 [ERROR] LogOutputStream:75 - [STDERR_REDIRECT] 
2025-03-05 08:27:13,270 [ERROR] LogOutputStream:75 - [STDERR_REDIRECT] [Fatal Error] :1:1: Premature end of file.
2025-03-05 08:27:13,270 [ERROR] LogOutputStream:75 - [STDERR_REDIRECT] 
2025-03-05 08:27:14,278 [ERROR] LogOutputStream:75 - [STDERR_REDIRECT] [Fatal Error] :1:1: Premature end of file.
2025-03-05 08:27:14,278 [ERROR] LogOutputStream:75 - [STDERR_REDIRECT] 
2025-03-05 08:27:15,262 [ERROR] LogOutputStream:75 - [STDERR_REDIRECT] [Fatal Error] :1:1: Premature end of file.
2025-03-05 08:27:15,262 [ERROR] LogOutputStream:75 - [STDERR_REDIRECT] 
2025-03-05 08:27:16,262 [ERROR] LogOutputStream:75 - [STDERR_REDIRECT] [Fatal Error] :1:1: Premature end of file.
2025-03-05 08:27:16,262 [ERROR] LogOutputStream:75 - [STDERR_REDIRECT] 
2025-03-05 08:27:17,286 [ERROR] LogOutputStream:75 - [STDERR_REDIRECT] [Fatal Error] :1:1: Premature end of file.
2025-03-05 08:27:17,286 [ERROR] LogOutputStream:75 - [STDERR_REDIRECT] 
2025-03-05 08:27:18,291 [ERROR] LogOutputStream:75 - [STDERR_REDIRECT] [Fatal Error] :1:1: Premature end of file.
2025-03-05 08:27:18,292 [ERROR] LogOutputStream:75 - [STDERR_REDIRECT] 
2025-03-05 08:27:19,284 [ERROR] LogOutputStream:75 - [STDERR_REDIRECT] [Fatal Error] :1:1: Premature end of file.
2025-03-05 08:27:19,284 [ERROR] LogOutputStream:75 - [STDERR_REDIRECT] 
2025-03-05 08:27:20,281 [ERROR] LogOutputStream:75 - [STDERR_REDIRECT] [Fatal Error] :1:1: Premature end of file.
2025-03-05 08:27:20,282 [ERROR] LogOutputStream:75 - [STDERR_REDIRECT] 
2025-03-05 08:27:21,280 [ERROR] LogOutputStream:75 - [STDERR_REDIRECT] [Fatal Error] :1:1: Premature end of file.
2025-03-05 08:27:21,281 [ERROR] LogOutputStream:75 - [STDERR_REDIRECT] 
2025-03-05 08:27:22,280 [ERROR] LogOutputStream:75 - [STDERR_REDIRECT] [Fatal Error] :1:1: Premature end of file.
2025-03-05 08:27:22,280 [ERROR] LogOutputStream:75 - [STDERR_REDIRECT] 
2025-03-05 08:27:23,275 [ERROR] LogOutputStream:75 - [STDERR_REDIRECT] [Fatal Error] :1:1: Premature end of file.
2025-03-05 08:27:23,275 [ERROR] LogOutputStream:75 - [STDERR_REDIRECT] 
2025-03-05 08:27:24,272 [ERROR] LogOutputStream:75 - [STDERR_REDIRECT] [Fatal Error] :1:1: Premature end of file.
2025-03-05 08:27:24,272 [ERROR] LogOutputStream:75 - [STDERR_REDIRECT] 
2025-03-05 08:27:25,272 [ERROR] LogOutputStream:75 - [STDERR_REDIRECT] [Fatal Error] :1:1: Premature end of file.
2025-03-05 08:27:25,272 [ERROR] LogOutputStream:75 - [STDERR_REDIRECT] 
2025-03-05 08:27:26,283 [ERROR] LogOutputStream:75 - [STDERR_REDIRECT] [Fatal Error] :1:1: Premature end of file.
2025-03-05 08:27:26,284 [ERROR] LogOutputStream:75 - [STDERR_REDIRECT] 
2025-03-05 08:27:27,287 [ERROR] LogOutputStream:75 - [STDERR_REDIRECT] [Fatal Error] :1:1: Premature end of file.
2025-03-05 08:27:27,287 [ERROR] LogOutputStream:75 - [STDERR_REDIRECT] 
2025-03-05 08:27:28,284 [ERROR] LogOutputStream:75 - [STDERR_REDIRECT] [Fatal Error] :1:1: Premature end of file.
2025-03-05 08:27:28,284 [ERROR] LogOutputStream:75 - [STDERR_REDIRECT] 
2025-03-05 08:27:29,281 [ERROR] LogOutputStream:75 - [STDERR_REDIRECT] [Fatal Error] :1:1: Premature end of file.
2025-03-05 08:27:29,281 [ERROR] LogOutputStream:75 - [STDERR_REDIRECT] 
2025-03-05 08:27:30,282 [ERROR] LogOutputStream:75 - [STDERR_REDIRECT] [Fatal Error] :1:1: Premature end of file.
2025-03-05 08:27:30,282 [ERROR] LogOutputStream:75 - [STDERR_REDIRECT] 
2025-03-05 08:27:31,280 [ERROR] LogOutputStream:75 - [STDERR_REDIRECT] [Fatal Error] :1:1: Premature end of file.
2025-03-05 08:27:31,280 [ERROR] LogOutputStream:75 - [STDERR_REDIRECT] 
2025-03-05 08:27:32,282 [ERROR] LogOutputStream:75 - [STDERR_REDIRECT] [Fatal Error] :1:1: Premature end of file.
2025-03-05 08:27:32,282 [ERROR] LogOutputStream:75 - [STDERR_REDIRECT] 
2025-03-05 08:27:33,279 [ERROR] LogOutputStream:75 - [STDERR_REDIRECT] [Fatal Error] :1:1: Premature end of file.
2025-03-05 08:27:33,279 [ERROR] LogOutputStream:75 - [STDERR_REDIRECT] 
2025-03-05 08:27:34,252 [ERROR] LogOutputStream:75 - [STDERR_REDIRECT] [Fatal Error] :1:1: Premature end of file.
2025-03-05 08:27:34,253 [ERROR] LogOutputStream:75 - [STDERR_REDIRECT] 
2025-03-05 08:27:35,269 [ERROR] LogOutputStream:75 - [STDERR_REDIRECT] [Fatal Error] :1:1: Premature end of file.
2025-03-05 08:27:35,269 [ERROR] LogOutputStream:75 - [STDERR_REDIRECT] 
2025-03-05 08:27:36,279 [ERROR] LogOutputStream:75 - [STDERR_REDIRECT] [Fatal Error] :1:1: Premature end of file.
2025-03-05 08:27:36,279 [ERROR] LogOutputStream:75 - [STDERR_REDIRECT] 
2025-03-05 08:27:37,285 [ERROR] LogOutputStream:75 - [STDERR_REDIRECT] [Fatal Error] :1:1: Premature end of file.
2025-03-05 08:27:37,285 [ERROR] LogOutputStream:75 - [STDERR_REDIRECT] 
2025-03-05 08:27:38,279 [ERROR] LogOutputStream:75 - [STDERR_REDIRECT] [Fatal Error] :1:1: Premature end of file.
2025-03-05 08:27:38,279 [ERROR] LogOutputStream:75 - [STDERR_REDIRECT] 
2025-03-05 08:27:39,276 [ERROR] LogOutputStream:75 - [STDERR_REDIRECT] [Fatal Error] :1:1: Premature end of file.
2025-03-05 08:27:39,276 [ERROR] LogOutputStream:75 - [STDERR_REDIRECT] 
2025-03-05 08:27:40,280 [ERROR] LogOutputStream:75 - [STDERR_REDIRECT] [Fatal Error] :1:1: Premature end of file.
2025-03-05 08:27:40,281 [ERROR] LogOutputStream:75 - [STDERR_REDIRECT] 
2025-03-05 08:27:41,283 [ERROR] LogOutputStream:75 - [STDERR_REDIRECT] [Fatal Error] :1:1: Premature end of file.
2025-03-05 08:27:41,283 [ERROR] LogOutputStream:75 - [STDERR_REDIRECT] 
2025-03-05 08:27:42,278 [ERROR] LogOutputStream:75 - [STDERR_REDIRECT] [Fatal Error] :1:1: Premature end of file.
2025-03-05 08:27:42,278 [ERROR] LogOutputStream:75 - [STDERR_REDIRECT] 
2025-03-05 08:27:43,275 [ERROR] LogOutputStream:75 - [STDERR_REDIRECT] [Fatal Error] :1:1: Premature end of file.
2025-03-05 08:27:43,275 [ERROR] LogOutputStream:75 - [STDERR_REDIRECT] 
2025-03-05 08:27:44,277 [ERROR] LogOutputStream:75 - [STDERR_REDIRECT] [Fatal Error] :1:1: Premature end of file.
2025-03-05 08:27:44,277 [ERROR] LogOutputStream:75 - [STDERR_REDIRECT] 
2025-03-05 08:27:45,278 [ERROR] LogOutputStream:75 - [STDERR_REDIRECT] [Fatal Error] :1:1: Premature end of file.
2025-03-05 08:27:45,278 [ERROR] LogOutputStream:75 - [STDERR_REDIRECT] 
2025-03-05 08:27:46,278 [ERROR] LogOutputStream:75 - [STDERR_REDIRECT] [Fatal Error] :1:1: Premature end of file.
2025-03-05 08:27:46,278 [ERROR] LogOutputStream:75 - [STDERR_REDIRECT] 
2025-03-05 08:27:47,275 [ERROR] LogOutputStream:75 - [STDERR_REDIRECT] [Fatal Error] :1:1: Premature end of file.
2025-03-05 08:27:47,275 [ERROR] LogOutputStream:75 - [STDERR_REDIRECT] 
2025-03-05 08:27:48,276 [ERROR] LogOutputStream:75 - [STDERR_REDIRECT] [Fatal Error] :1:1: Premature end of file.
2025-03-05 08:27:48,276 [ERROR] LogOutputStream:75 - [STDERR_REDIRECT] 
2025-03-05 08:27:49,275 [ERROR] LogOutputStream:75 - [STDERR_REDIRECT] [Fatal Error] :1:1: Premature end of file.
2025-03-05 08:27:49,275 [ERROR] LogOutputStream:75 - [STDERR_REDIRECT] 
2025-03-05 08:27:50,273 [ERROR] LogOutputStream:75 - [STDERR_REDIRECT] [Fatal Error] :1:1: Premature end of file.
2025-03-05 08:27:50,273 [ERROR] LogOutputStream:75 - [STDERR_REDIRECT] 
2025-03-05 08:27:51,278 [ERROR] LogOutputStream:75 - [STDERR_REDIRECT] [Fatal Error] :1:1: Premature end of file.
2025-03-05 08:27:51,279 [ERROR] LogOutputStream:75 - [STDERR_REDIRECT] 
2025-03-05 08:27:52,282 [ERROR] LogOutputStream:75 - [STDERR_REDIRECT] [Fatal Error] :1:1: Premature end of file.
2025-03-05 08:27:52,282 [ERROR] LogOutputStream:75 - [STDERR_REDIRECT] 
2025-03-05 08:27:53,278 [ERROR] LogOutputStream:75 - [STDERR_REDIRECT] [Fatal Error] :1:1: Premature end of file.
2025-03-05 08:27:53,279 [ERROR] LogOutputStream:75 - [STDERR_REDIRECT] 
2025-03-05 08:27:54,283 [ERROR] LogOutputStream:75 - [STDERR_REDIRECT] [Fatal Error] :1:1: Premature end of file.
2025-03-05 08:27:54,283 [ERROR] LogOutputStream:75 - [STDERR_REDIRECT] 
2025-03-05 08:27:55,246 [ERROR] LogOutputStream:75 - [STDERR_REDIRECT] [Fatal Error] :1:1: Premature end of file.
2025-03-05 08:27:55,246 [ERROR] LogOutputStream:75 - [STDERR_REDIRECT] 
2025-03-05 08:27:56,271 [ERROR] LogOutputStream:75 - [STDERR_REDIRECT] [Fatal Error] :1:1: Premature end of file.
2025-03-05 08:27:56,271 [ERROR] LogOutputStream:75 - [STDERR_REDIRECT] 
2025-03-05 08:27:57,250 [ERROR] LogOutputStream:75 - [STDERR_REDIRECT] [Fatal Error] :1:1: Premature end of file.
2025-03-05 08:27:57,250 [ERROR] LogOutputStream:75 - [STDERR_REDIRECT] 
2025-03-05 08:27:58,287 [ERROR] LogOutputStream:75 - [STDERR_REDIRECT] [Fatal Error] :1:1: Premature end of file.
2025-03-05 08:27:58,287 [ERROR] LogOutputStream:75 - [STDERR_REDIRECT] 
2025-03-05 08:27:59,283 [ERROR] LogOutputStream:75 - [STDERR_REDIRECT] [Fatal Error] :1:1: Premature end of file.
2025-03-05 08:27:59,283 [ERROR] LogOutputStream:75 - [STDERR_REDIRECT] 
2025-03-05 08:28:00,281 [ERROR] LogOutputStream:75 - [STDERR_REDIRECT] [Fatal Error] :1:1: Premature end of file.
2025-03-05 08:28:00,281 [ERROR] LogOutputStream:75 - [STDERR_REDIRECT] 
2025-03-05 08:28:01,276 [ERROR] LogOutputStream:75 - [STDERR_REDIRECT] [Fatal Error] :1:1: Premature end of file.
2025-03-05 08:28:01,276 [ERROR] LogOutputStream:75 - [STDERR_REDIRECT] 
2025-03-05 08:28:02,288 [ERROR] LogOutputStream:75 - [STDERR_REDIRECT] [Fatal Error] :1:1: Premature end of file.
2025-03-05 08:28:02,288 [ERROR] LogOutputStream:75 - [STDERR_REDIRECT] 
2025-03-05 08:28:03,277 [ERROR] LogOutputStream:75 - [STDERR_REDIRECT] [Fatal Error] :1:1: Premature end of file.
2025-03-05 08:28:03,277 [ERROR] LogOutputStream:75 - [STDERR_REDIRECT] 
2025-03-05 08:28:04,278 [ERROR] LogOutputStream:75 - [STDERR_REDIRECT] [Fatal Error] :1:1: Premature end of file.
2025-03-05 08:28:04,278 [ERROR] LogOutputStream:75 - [STDERR_REDIRECT] 
2025-03-05 08:28:05,289 [ERROR] LogOutputStream:75 - [STDERR_REDIRECT] [Fatal Error] :1:1: Premature end of file.
2025-03-05 08:28:05,290 [ERROR] LogOutputStream:75 - [STDERR_REDIRECT] 
2025-03-05 08:28:06,310 [ERROR] LogOutputStream:75 - [STDERR_REDIRECT] [Fatal Error] :1:1: Premature end of file.
2025-03-05 08:28:06,311 [ERROR] LogOutputStream:75 - [STDERR_REDIRECT] 
2025-03-05 08:28:07,286 [ERROR] LogOutputStream:75 - [STDERR_REDIRECT] [Fatal Error] :1:1: Premature end of file.
2025-03-05 08:28:07,286 [ERROR] LogOutputStream:75 - [STDERR_REDIRECT] 
2025-03-05 08:28:08,290 [ERROR] LogOutputStream:75 - [STDERR_REDIRECT] [Fatal Error] :1:1: Premature end of file.
2025-03-05 08:28:08,291 [ERROR] LogOutputStream:75 - [STDERR_REDIRECT] 
2025-03-05 08:28:09,291 [ERROR] LogOutputStream:75 - [STDERR_REDIRECT] [Fatal Error] :1:1: Premature end of file.
2025-03-05 08:28:09,291 [ERROR] LogOutputStream:75 - [STDERR_REDIRECT] 
2025-03-05 08:28:10,295 [ERROR] LogOutputStream:75 - [STDERR_REDIRECT] [Fatal Error] :1:1: Premature end of file.
2025-03-05 08:28:10,295 [ERROR] LogOutputStream:75 - [STDERR_REDIRECT] 
2025-03-05 08:28:11,310 [ERROR] LogOutputStream:75 - [STDERR_REDIRECT] [Fatal Error] :1:1: Premature end of file.
2025-03-05 08:28:11,310 [ERROR] LogOutputStream:75 - [STDERR_REDIRECT] 
2025-03-05 08:28:12,300 [ERROR] LogOutputStream:75 - [STDERR_REDIRECT] [Fatal Error] :1:1: Premature end of file.
2025-03-05 08:28:12,300 [ERROR] LogOutputStream:75 - [STDERR_REDIRECT] 
2025-03-05 08:28:13,299 [ERROR] LogOutputStream:75 - [STDERR_REDIRECT] [Fatal Error] :1:1: Premature end of file.
2025-03-05 08:28:13,299 [ERROR] LogOutputStream:75 - [STDERR_REDIRECT] 
2025-03-05 08:28:14,300 [ERROR] LogOutputStream:75 - [STDERR_REDIRECT] [Fatal Error] :1:1: Premature end of file.
2025-03-05 08:28:14,301 [ERROR] LogOutputStream:75 - [STDERR_REDIRECT] 
2025-03-05 08:28:15,296 [ERROR] LogOutputStream:75 - [STDERR_REDIRECT] [Fatal Error] :1:1: Premature end of file.
2025-03-05 08:28:15,297 [ERROR] LogOutputStream:75 - [STDERR_REDIRECT] 
2025-03-05 08:28:16,302 [ERROR] LogOutputStream:75 - [STDERR_REDIRECT] [Fatal Error] :1:1: Premature end of file.
2025-03-05 08:28:16,302 [ERROR] LogOutputStream:75 - [STDERR_REDIRECT] 
2025-03-05 08:28:17,282 [ERROR] LogOutputStream:75 - [STDERR_REDIRECT] [Fatal Error] :1:1: Premature end of file.
2025-03-05 08:28:17,282 [ERROR] LogOutputStream:75 - [STDERR_REDIRECT] 
2025-03-05 08:28:18,289 [ERROR] LogOutputStream:75 - [STDERR_REDIRECT] [Fatal Error] :1:1: Premature end of file.
2025-03-05 08:28:18,290 [ERROR] LogOutputStream:75 - [STDERR_REDIRECT] 
2025-03-05 08:28:19,293 [ERROR] LogOutputStream:75 - [STDERR_REDIRECT] [Fatal Error] :1:1: Premature end of file.
2025-03-05 08:28:19,293 [ERROR] LogOutputStream:75 - [STDERR_REDIRECT] 
2025-03-05 08:28:20,285 [ERROR] LogOutputStream:75 - [STDERR_REDIRECT] [Fatal Error] :1:1: Premature end of file.
2025-03-05 08:28:20,285 [ERROR] LogOutputStream:75 - [STDERR_REDIRECT] 
2025-03-05 08:28:21,283 [ERROR] LogOutputStream:75 - [STDERR_REDIRECT] [Fatal Error] :1:1: Premature end of file.
2025-03-05 08:28:21,283 [ERROR] LogOutputStream:75 - [STDERR_REDIRECT] 
2025-03-05 08:28:22,294 [ERROR] LogOutputStream:75 - [STDERR_REDIRECT] [Fatal Error] :1:1: Premature end of file.
2025-03-05 08:28:22,295 [ERROR] LogOutputStream:75 - [STDERR_REDIRECT] 
2025-03-05 08:28:23,276 [ERROR] LogOutputStream:75 - [STDERR_REDIRECT] [Fatal Error] :1:1: Premature end of file.
2025-03-05 08:28:23,276 [ERROR] LogOutputStream:75 - [STDERR_REDIRECT] 
2025-03-05 08:28:24,278 [ERROR] LogOutputStream:75 - [STDERR_REDIRECT] [Fatal Error] :1:1: Premature end of file.
2025-03-05 08:28:24,279 [ERROR] LogOutputStream:75 - [STDERR_REDIRECT] 
2025-03-05 08:28:25,284 [ERROR] LogOutputStream:75 - [STDERR_REDIRECT] [Fatal Error] :1:1: Premature end of file.
2025-03-05 08:28:25,285 [ERROR] LogOutputStream:75 - [STDERR_REDIRECT] 
2025-03-05 08:28:26,294 [ERROR] LogOutputStream:75 - [STDERR_REDIRECT] [Fatal Error] :1:1: Premature end of file.
2025-03-05 08:28:26,294 [ERROR] LogOutputStream:75 - [STDERR_REDIRECT] 
2025-03-05 08:28:27,289 [ERROR] LogOutputStream:75 - [STDERR_REDIRECT] [Fatal Error] :1:1: Premature end of file.
2025-03-05 08:28:27,289 [ERROR] LogOutputStream:75 - [STDERR_REDIRECT] 
2025-03-05 08:28:28,280 [ERROR] LogOutputStream:75 - [STDERR_REDIRECT] [Fatal Error] :1:1: Premature end of file.
2025-03-05 08:28:28,280 [ERROR] LogOutputStream:75 - [STDERR_REDIRECT] 
2025-03-05 08:28:29,289 [ERROR] LogOutputStream:75 - [STDERR_REDIRECT] [Fatal Error] :1:1: Premature end of file.
2025-03-05 08:28:29,289 [ERROR] LogOutputStream:75 - [STDERR_REDIRECT] 
2025-03-05 08:28:30,283 [ERROR] LogOutputStream:75 - [STDERR_REDIRECT] [Fatal Error] :1:1: Premature end of file.
2025-03-05 08:28:30,284 [ERROR] LogOutputStream:75 - [STDERR_REDIRECT] 
2025-03-05 08:28:31,283 [ERROR] LogOutputStream:75 - [STDERR_REDIRECT] [Fatal Error] :1:1: Premature end of file.
2025-03-05 08:28:31,283 [ERROR] LogOutputStream:75 - [STDERR_REDIRECT] 
2025-03-05 08:28:32,286 [ERROR] LogOutputStream:75 - [STDERR_REDIRECT] [Fatal Error] :1:1: Premature end of file.
2025-03-05 08:28:32,286 [ERROR] LogOutputStream:75 - [STDERR_REDIRECT] 
2025-03-05 08:28:33,293 [ERROR] LogOutputStream:75 - [STDERR_REDIRECT] [Fatal Error] :1:1: Premature end of file.
2025-03-05 08:28:33,293 [ERROR] LogOutputStream:75 - [STDERR_REDIRECT] 
2025-03-05 08:28:34,299 [ERROR] LogOutputStream:75 - [STDERR_REDIRECT] [Fatal Error] :1:1: Premature end of file.
2025-03-05 08:28:34,299 [ERROR] LogOutputStream:75 - [STDERR_REDIRECT] 
2025-03-05 08:28:35,293 [ERROR] LogOutputStream:75 - [STDERR_REDIRECT] [Fatal Error] :1:1: Premature end of file.
2025-03-05 08:28:35,293 [ERROR] LogOutputStream:75 - [STDERR_REDIRECT] 
2025-03-05 08:28:36,288 [ERROR] LogOutputStream:75 - [STDERR_REDIRECT] [Fatal Error] :1:1: Premature end of file.
2025-03-05 08:28:36,288 [ERROR] LogOutputStream:75 - [STDERR_REDIRECT] 
2025-03-05 08:28:37,287 [ERROR] LogOutputStream:75 - [STDERR_REDIRECT] [Fatal Error] :1:1: Premature end of file.
2025-03-05 08:28:37,288 [ERROR] LogOutputStream:75 - [STDERR_REDIRECT] 
2025-03-05 08:28:38,297 [ERROR] LogOutputStream:75 - [STDERR_REDIRECT] [Fatal Error] :1:1: Premature end of file.
2025-03-05 08:28:38,298 [ERROR] LogOutputStream:75 - [STDERR_REDIRECT] 
2025-03-05 08:28:39,285 [ERROR] LogOutputStream:75 - [STDERR_REDIRECT] [Fatal Error] :1:1: Premature end of file.
2025-03-05 08:28:39,286 [ERROR] LogOutputStream:75 - [STDERR_REDIRECT] 
2025-03-05 08:28:40,286 [ERROR] LogOutputStream:75 - [STDERR_REDIRECT] [Fatal Error] :1:1: Premature end of file.
2025-03-05 08:28:40,286 [ERROR] LogOutputStream:75 - [STDERR_REDIRECT] 
2025-03-05 08:28:41,288 [ERROR] LogOutputStream:75 - [STDERR_REDIRECT] [Fatal Error] :1:1: Premature end of file.
2025-03-05 08:28:41,288 [ERROR] LogOutputStream:75 - [STDERR_REDIRECT] 
2025-03-05 08:28:42,278 [ERROR] LogOutputStream:75 - [STDERR_REDIRECT] [Fatal Error] :1:1: Premature end of file.
2025-03-05 08:28:42,279 [ERROR] LogOutputStream:75 - [STDERR_REDIRECT] 
2025-03-05 08:28:43,289 [ERROR] LogOutputStream:75 - [STDERR_REDIRECT] [Fatal Error] :1:1: Premature end of file.
2025-03-05 08:28:43,290 [ERROR] LogOutputStream:75 - [STDERR_REDIRECT] 
2025-03-05 08:28:44,283 [ERROR] LogOutputStream:75 - [STDERR_REDIRECT] [Fatal Error] :1:1: Premature end of file.
2025-03-05 08:28:44,283 [ERROR] LogOutputStream:75 - [STDERR_REDIRECT] 
2025-03-05 08:28:45,293 [ERROR] LogOutputStream:75 - [STDERR_REDIRECT] [Fatal Error] :1:1: Premature end of file.
2025-03-05 08:28:45,293 [ERROR] LogOutputStream:75 - [STDERR_REDIRECT] 
2025-03-05 08:28:46,288 [ERROR] LogOutputStream:75 - [STDERR_REDIRECT] [Fatal Error] :1:1: Premature end of file.
2025-03-05 08:28:46,288 [ERROR] LogOutputStream:75 - [STDERR_REDIRECT] 
2025-03-05 08:28:47,269 [ERROR] LogOutputStream:75 - [STDERR_REDIRECT] [Fatal Error] :1:1: Premature end of file.
2025-03-05 08:28:47,269 [ERROR] LogOutputStream:75 - [STDERR_REDIRECT] 
2025-03-05 08:28:48,251 [ERROR] LogOutputStream:75 - [STDERR_REDIRECT] [Fatal Error] :1:1: Premature end of file.
2025-03-05 08:28:48,251 [ERROR] LogOutputStream:75 - [STDERR_REDIRECT] 
2025-03-05 08:28:49,267 [ERROR] LogOutputStream:75 - [STDERR_REDIRECT] [Fatal Error] :1:1: Premature end of file.
2025-03-05 08:28:49,268 [ERROR] LogOutputStream:75 - [STDERR_REDIRECT] 
2025-03-05 08:28:50,286 [ERROR] LogOutputStream:75 - [STDERR_REDIRECT] [Fatal Error] :1:1: Premature end of file.
2025-03-05 08:28:50,286 [ERROR] LogOutputStream:75 - [STDERR_REDIRECT] 
2025-03-05 08:28:51,294 [ERROR] LogOutputStream:75 - [STDERR_REDIRECT] [Fatal Error] :1:1: Premature end of file.
2025-03-05 08:28:51,294 [ERROR] LogOutputStream:75 - [STDERR_REDIRECT] 
2025-03-05 08:28:52,299 [ERROR] LogOutputStream:75 - [STDERR_REDIRECT] [Fatal Error] :1:1: Premature end of file.
2025-03-05 08:28:52,299 [ERROR] LogOutputStream:75 - [STDERR_REDIRECT] 
2025-03-05 08:28:53,276 [ERROR] LogOutputStream:75 - [STDERR_REDIRECT] [Fatal Error] :1:1: Premature end of file.
2025-03-05 08:28:53,276 [ERROR] LogOutputStream:75 - [STDERR_REDIRECT] 
2025-03-05 08:28:54,285 [ERROR] LogOutputStream:75 - [STDERR_REDIRECT] [Fatal Error] :1:1: Premature end of file.
2025-03-05 08:28:54,285 [ERROR] LogOutputStream:75 - [STDERR_REDIRECT] 
2025-03-05 08:28:55,282 [ERROR] LogOutputStream:75 - [STDERR_REDIRECT] [Fatal Error] :1:1: Premature end of file.
2025-03-05 08:28:55,282 [ERROR] LogOutputStream:75 - [STDERR_REDIRECT] 
2025-03-05 08:28:56,276 [ERROR] LogOutputStream:75 - [STDERR_REDIRECT] [Fatal Error] :1:1: Premature end of file.
2025-03-05 08:28:56,277 [ERROR] LogOutputStream:75 - [STDERR_REDIRECT] 
2025-03-05 08:28:57,288 [ERROR] LogOutputStream:75 - [STDERR_REDIRECT] [Fatal Error] :1:1: Premature end of file.
2025-03-05 08:28:57,289 [ERROR] LogOutputStream:75 - [STDERR_REDIRECT] 
2025-03-05 08:28:58,293 [ERROR] LogOutputStream:75 - [STDERR_REDIRECT] [Fatal Error] :1:1: Premature end of file.
2025-03-05 08:28:58,293 [ERROR] LogOutputStream:75 - [STDERR_REDIRECT] 
2025-03-05 08:28:59,280 [ERROR] LogOutputStream:75 - [STDERR_REDIRECT] [Fatal Error] :1:1: Premature end of file.
2025-03-05 08:28:59,280 [ERROR] LogOutputStream:75 - [STDERR_REDIRECT] 
2025-03-05 08:29:00,285 [ERROR] LogOutputStream:75 - [STDERR_REDIRECT] [Fatal Error] :1:1: Premature end of file.
2025-03-05 08:29:00,286 [ERROR] LogOutputStream:75 - [STDERR_REDIRECT] 
2025-03-05 08:29:01,293 [ERROR] LogOutputStream:75 - [STDERR_REDIRECT] [Fatal Error] :1:1: Premature end of file.
2025-03-05 08:29:01,294 [ERROR] LogOutputStream:75 - [STDERR_REDIRECT] 
2025-03-05 08:29:02,290 [ERROR] LogOutputStream:75 - [STDERR_REDIRECT] [Fatal Error] :1:1: Premature end of file.
2025-03-05 08:29:02,290 [ERROR] LogOutputStream:75 - [STDERR_REDIRECT] 
2025-03-05 08:29:03,293 [ERROR] LogOutputStream:75 - [STDERR_REDIRECT] [Fatal Error] :1:1: Premature end of file.
2025-03-05 08:29:03,293 [ERROR] LogOutputStream:75 - [STDERR_REDIRECT] 
2025-03-05 08:29:04,282 [ERROR] LogOutputStream:75 - [STDERR_REDIRECT] [Fatal Error] :1:1: Premature end of file.
2025-03-05 08:29:04,283 [ERROR] LogOutputStream:75 - [STDERR_REDIRECT] 
2025-03-05 08:29:05,278 [ERROR] LogOutputStream:75 - [STDERR_REDIRECT] [Fatal Error] :1:1: Premature end of file.
2025-03-05 08:29:05,278 [ERROR] LogOutputStream:75 - [STDERR_REDIRECT] 
2025-03-05 08:29:06,292 [ERROR] LogOutputStream:75 - [STDERR_REDIRECT] [Fatal Error] :1:1: Premature end of file.
2025-03-05 08:29:06,292 [ERROR] LogOutputStream:75 - [STDERR_REDIRECT] 
2025-03-05 08:29:07,290 [ERROR] LogOutputStream:75 - [STDERR_REDIRECT] [Fatal Error] :1:1: Premature end of file.
2025-03-05 08:29:07,290 [ERROR] LogOutputStream:75 - [STDERR_REDIRECT] 
2025-03-05 08:29:08,294 [ERROR] LogOutputStream:75 - [STDERR_REDIRECT] [Fatal Error] :1:1: Premature end of file.
2025-03-05 08:29:08,294 [ERROR] LogOutputStream:75 - [STDERR_REDIRECT] 
2025-03-05 08:29:09,293 [ERROR] LogOutputStream:75 - [STDERR_REDIRECT] [Fatal Error] :1:1: Premature end of file.
2025-03-05 08:29:09,293 [ERROR] LogOutputStream:75 - [STDERR_REDIRECT] 
2025-03-05 08:29:10,277 [ERROR] LogOutputStream:75 - [STDERR_REDIRECT] [Fatal Error] :1:1: Premature end of file.
2025-03-05 08:29:10,277 [ERROR] LogOutputStream:75 - [STDERR_REDIRECT] 
2025-03-05 08:29:11,277 [ERROR] LogOutputStream:75 - [STDERR_REDIRECT] [Fatal Error] :1:1: Premature end of file.
2025-03-05 08:29:11,277 [ERROR] LogOutputStream:75 - [STDERR_REDIRECT] 
2025-03-05 08:29:12,292 [ERROR] LogOutputStream:75 - [STDERR_REDIRECT] [Fatal Error] :1:1: Premature end of file.
2025-03-05 08:29:12,293 [ERROR] LogOutputStream:75 - [STDERR_REDIRECT] 
2025-03-05 08:29:13,277 [ERROR] LogOutputStream:75 - [STDERR_REDIRECT] [Fatal Error] :1:1: Premature end of file.
2025-03-05 08:29:13,277 [ERROR] LogOutputStream:75 - [STDERR_REDIRECT] 
2025-03-05 08:29:14,301 [ERROR] LogOutputStream:75 - [STDERR_REDIRECT] [Fatal Error] :1:1: Premature end of file.
2025-03-05 08:29:14,302 [ERROR] LogOutputStream:75 - [STDERR_REDIRECT] 
2025-03-05 08:29:15,301 [ERROR] LogOutputStream:75 - [STDERR_REDIRECT] [Fatal Error] :1:1: Premature end of file.
2025-03-05 08:29:15,301 [ERROR] LogOutputStream:75 - [STDERR_REDIRECT] 
2025-03-05 08:29:16,292 [ERROR] LogOutputStream:75 - [STDERR_REDIRECT] [Fatal Error] :1:1: Premature end of file.
2025-03-05 08:29:16,293 [ERROR] LogOutputStream:75 - [STDERR_REDIRECT] 
2025-03-05 08:29:17,305 [ERROR] LogOutputStream:75 - [STDERR_REDIRECT] [Fatal Error] :1:1: Premature end of file.
2025-03-05 08:29:17,305 [ERROR] LogOutputStream:75 - [STDERR_REDIRECT] 
2025-03-05 08:29:18,298 [ERROR] LogOutputStream:75 - [STDERR_REDIRECT] [Fatal Error] :1:1: Premature end of file.
2025-03-05 08:29:18,298 [ERROR] LogOutputStream:75 - [STDERR_REDIRECT] 
2025-03-05 08:29:19,302 [ERROR] LogOutputStream:75 - [STDERR_REDIRECT] [Fatal Error] :1:1: Premature end of file.
2025-03-05 08:29:19,302 [ERROR] LogOutputStream:75 - [STDERR_REDIRECT] 
2025-03-05 08:29:20,288 [ERROR] LogOutputStream:75 - [STDERR_REDIRECT] [Fatal Error] :1:1: Premature end of file.
2025-03-05 08:29:20,288 [ERROR] LogOutputStream:75 - [STDERR_REDIRECT] 
2025-03-05 08:29:21,290 [ERROR] LogOutputStream:75 - [STDERR_REDIRECT] [Fatal Error] :1:1: Premature end of file.
2025-03-05 08:29:21,291 [ERROR] LogOutputStream:75 - [STDERR_REDIRECT] 
2025-03-05 08:29:22,298 [ERROR] LogOutputStream:75 - [STDERR_REDIRECT] [Fatal Error] :1:1: Premature end of file.
2025-03-05 08:29:22,298 [ERROR] LogOutputStream:75 - [STDERR_REDIRECT] 
2025-03-05 08:29:23,287 [ERROR] LogOutputStream:75 - [STDERR_REDIRECT] [Fatal Error] :1:1: Premature end of file.
2025-03-05 08:29:23,288 [ERROR] LogOutputStream:75 - [STDERR_REDIRECT] 
2025-03-05 08:29:24,300 [ERROR] LogOutputStream:75 - [STDERR_REDIRECT] [Fatal Error] :1:1: Premature end of file.
2025-03-05 08:29:24,300 [ERROR] LogOutputStream:75 - [STDERR_REDIRECT] 
2025-03-05 08:29:25,286 [ERROR] LogOutputStream:75 - [STDERR_REDIRECT] [Fatal Error] :1:1: Premature end of file.
2025-03-05 08:29:25,286 [ERROR] LogOutputStream:75 - [STDERR_REDIRECT] 
2025-03-05 08:29:26,287 [ERROR] LogOutputStream:75 - [STDERR_REDIRECT] [Fatal Error] :1:1: Premature end of file.
2025-03-05 08:29:26,287 [ERROR] LogOutputStream:75 - [STDERR_REDIRECT] 
2025-03-05 08:29:27,268 [ERROR] LogOutputStream:75 - [STDERR_REDIRECT] [Fatal Error] :1:1: Premature end of file.
2025-03-05 08:29:27,268 [ERROR] LogOutputStream:75 - [STDERR_REDIRECT] 
2025-03-05 08:29:28,273 [ERROR] LogOutputStream:75 - [STDERR_REDIRECT] [Fatal Error] :1:1: Premature end of file.
2025-03-05 08:29:28,273 [ERROR] LogOutputStream:75 - [STDERR_REDIRECT] 
2025-03-05 08:29:29,264 [ERROR] LogOutputStream:75 - [STDERR_REDIRECT] [Fatal Error] :1:1: Premature end of file.
2025-03-05 08:29:29,264 [ERROR] LogOutputStream:75 - [STDERR_REDIRECT] 
2025-03-05 08:29:30,285 [ERROR] LogOutputStream:75 - [STDERR_REDIRECT] [Fatal Error] :1:1: Premature end of file.
2025-03-05 08:29:30,286 [ERROR] LogOutputStream:75 - [STDERR_REDIRECT] 
2025-03-05 08:29:31,284 [ERROR] LogOutputStream:75 - [STDERR_REDIRECT] [Fatal Error] :1:1: Premature end of file.
2025-03-05 08:29:31,285 [ERROR] LogOutputStream:75 - [STDERR_REDIRECT] 
2025-03-05 08:29:32,288 [ERROR] LogOutputStream:75 - [STDERR_REDIRECT] [Fatal Error] :1:1: Premature end of file.
2025-03-05 08:29:32,288 [ERROR] LogOutputStream:75 - [STDERR_REDIRECT] 
2025-03-05 08:29:33,281 [ERROR] LogOutputStream:75 - [STDERR_REDIRECT] [Fatal Error] :1:1: Premature end of file.
2025-03-05 08:29:33,281 [ERROR] LogOutputStream:75 - [STDERR_REDIRECT] 
2025-03-05 08:29:34,280 [ERROR] LogOutputStream:75 - [STDERR_REDIRECT] [Fatal Error] :1:1: Premature end of file.
2025-03-05 08:29:34,280 [ERROR] LogOutputStream:75 - [STDERR_REDIRECT] 
2025-03-05 08:29:35,292 [ERROR] LogOutputStream:75 - [STDERR_REDIRECT] [Fatal Error] :1:1: Premature end of file.
2025-03-05 08:29:35,292 [ERROR] LogOutputStream:75 - [STDERR_REDIRECT] 
2025-03-05 08:29:36,281 [ERROR] LogOutputStream:75 - [STDERR_REDIRECT] [Fatal Error] :1:1: Premature end of file.
2025-03-05 08:29:36,282 [ERROR] LogOutputStream:75 - [STDERR_REDIRECT] 
2025-03-05 08:29:37,255 [ERROR] LogOutputStream:75 - [STDERR_REDIRECT] [Fatal Error] :1:1: Premature end of file.
2025-03-05 08:29:37,256 [ERROR] LogOutputStream:75 - [STDERR_REDIRECT] 
2025-03-05 08:29:38,272 [ERROR] LogOutputStream:75 - [STDERR_REDIRECT] [Fatal Error] :1:1: Premature end of file.
2025-03-05 08:29:38,272 [ERROR] LogOutputStream:75 - [STDERR_REDIRECT] 
2025-03-05 08:29:39,290 [ERROR] LogOutputStream:75 - [STDERR_REDIRECT] [Fatal Error] :1:1: Premature end of file.
2025-03-05 08:29:39,290 [ERROR] LogOutputStream:75 - [STDERR_REDIRECT] 
2025-03-05 08:29:40,297 [ERROR] LogOutputStream:75 - [STDERR_REDIRECT] [Fatal Error] :1:1: Premature end of file.
2025-03-05 08:29:40,297 [ERROR] LogOutputStream:75 - [STDERR_REDIRECT] 
2025-03-05 08:29:41,296 [ERROR] LogOutputStream:75 - [STDERR_REDIRECT] [Fatal Error] :1:1: Premature end of file.
2025-03-05 08:29:41,296 [ERROR] LogOutputStream:75 - [STDERR_REDIRECT] 
2025-03-05 08:29:42,283 [ERROR] LogOutputStream:75 - [STDERR_REDIRECT] [Fatal Error] :1:1: Premature end of file.
2025-03-05 08:29:42,284 [ERROR] LogOutputStream:75 - [STDERR_REDIRECT] 
2025-03-05 08:29:43,284 [ERROR] LogOutputStream:75 - [STDERR_REDIRECT] [Fatal Error] :1:1: Premature end of file.
2025-03-05 08:29:43,285 [ERROR] LogOutputStream:75 - [STDERR_REDIRECT] 
2025-03-05 08:29:44,273 [ERROR] LogOutputStream:75 - [STDERR_REDIRECT] [Fatal Error] :1:1: Premature end of file.
2025-03-05 08:29:44,273 [ERROR] LogOutputStream:75 - [STDERR_REDIRECT] 
2025-03-05 08:29:45,271 [ERROR] LogOutputStream:75 - [STDERR_REDIRECT] [Fatal Error] :1:1: Premature end of file.
2025-03-05 08:29:45,271 [ERROR] LogOutputStream:75 - [STDERR_REDIRECT] 
2025-03-05 08:29:46,284 [ERROR] LogOutputStream:75 - [STDERR_REDIRECT] [Fatal Error] :1:1: Premature end of file.
2025-03-05 08:29:46,284 [ERROR] LogOutputStream:75 - [STDERR_REDIRECT] 
2025-03-05 08:29:47,274 [ERROR] LogOutputStream:75 - [STDERR_REDIRECT] [Fatal Error] :1:1: Premature end of file.
2025-03-05 08:29:47,275 [ERROR] LogOutputStream:75 - [STDERR_REDIRECT] 
2025-03-05 08:29:48,281 [ERROR] LogOutputStream:75 - [STDERR_REDIRECT] [Fatal Error] :1:1: Premature end of file.
2025-03-05 08:29:48,281 [ERROR] LogOutputStream:75 - [STDERR_REDIRECT] 
2025-03-05 08:29:49,290 [ERROR] LogOutputStream:75 - [STDERR_REDIRECT] [Fatal Error] :1:1: Premature end of file.
2025-03-05 08:29:49,290 [ERROR] LogOutputStream:75 - [STDERR_REDIRECT] 
2025-03-05 08:29:50,283 [ERROR] LogOutputStream:75 - [STDERR_REDIRECT] [Fatal Error] :1:1: Premature end of file.
2025-03-05 08:29:50,283 [ERROR] LogOutputStream:75 - [STDERR_REDIRECT] 
2025-03-05 08:29:51,284 [ERROR] LogOutputStream:75 - [STDERR_REDIRECT] [Fatal Error] :1:1: Premature end of file.
2025-03-05 08:29:51,284 [ERROR] LogOutputStream:75 - [STDERR_REDIRECT] 
2025-03-05 08:29:52,284 [ERROR] LogOutputStream:75 - [STDERR_REDIRECT] [Fatal Error] :1:1: Premature end of file.
2025-03-05 08:29:52,284 [ERROR] LogOutputStream:75 - [STDERR_REDIRECT] 
2025-03-05 08:29:53,282 [ERROR] LogOutputStream:75 - [STDERR_REDIRECT] [Fatal Error] :1:1: Premature end of file.
2025-03-05 08:29:53,282 [ERROR] LogOutputStream:75 - [STDERR_REDIRECT] 
2025-03-05 08:29:54,273 [ERROR] LogOutputStream:75 - [STDERR_REDIRECT] [Fatal Error] :1:1: Premature end of file.
2025-03-05 08:29:54,273 [ERROR] LogOutputStream:75 - [STDERR_REDIRECT] 
2025-03-05 08:29:55,282 [ERROR] LogOutputStream:75 - [STDERR_REDIRECT] [Fatal Error] :1:1: Premature end of file.
2025-03-05 08:29:55,283 [ERROR] LogOutputStream:75 - [STDERR_REDIRECT] 
2025-03-05 08:29:56,271 [ERROR] LogOutputStream:75 - [STDERR_REDIRECT] [Fatal Error] :1:1: Premature end of file.
2025-03-05 08:29:56,271 [ERROR] LogOutputStream:75 - [STDERR_REDIRECT] 
2025-03-05 08:29:57,257 [ERROR] LogOutputStream:75 - [STDERR_REDIRECT] [Fatal Error] :1:1: Premature end of file.
2025-03-05 08:29:57,257 [ERROR] LogOutputStream:75 - [STDERR_REDIRECT] 
2025-03-05 08:29:58,292 [ERROR] LogOutputStream:75 - [STDERR_REDIRECT] [Fatal Error] :1:1: Premature end of file.
2025-03-05 08:29:58,292 [ERROR] LogOutputStream:75 - [STDERR_REDIRECT] 
2025-03-05 08:29:59,272 [ERROR] LogOutputStream:75 - [STDERR_REDIRECT] [Fatal Error] :1:1: Premature end of file.
2025-03-05 08:29:59,272 [ERROR] LogOutputStream:75 - [STDERR_REDIRECT] 
2025-03-05 08:30:00,287 [ERROR] LogOutputStream:75 - [STDERR_REDIRECT] [Fatal Error] :1:1: Premature end of file.
2025-03-05 08:30:00,287 [ERROR] LogOutputStream:75 - [STDERR_REDIRECT] 
2025-03-05 08:30:01,288 [ERROR] LogOutputStream:75 - [STDERR_REDIRECT] [Fatal Error] :1:1: Premature end of file.
2025-03-05 08:30:01,288 [ERROR] LogOutputStream:75 - [STDERR_REDIRECT] 
2025-03-05 08:30:02,279 [ERROR] LogOutputStream:75 - [STDERR_REDIRECT] [Fatal Error] :1:1: Premature end of file.
2025-03-05 08:30:02,279 [ERROR] LogOutputStream:75 - [STDERR_REDIRECT] 
2025-03-05 08:30:03,279 [ERROR] LogOutputStream:75 - [STDERR_REDIRECT] [Fatal Error] :1:1: Premature end of file.
2025-03-05 08:30:03,279 [ERROR] LogOutputStream:75 - [STDERR_REDIRECT] 
2025-03-05 08:30:04,280 [ERROR] LogOutputStream:75 - [STDERR_REDIRECT] [Fatal Error] :1:1: Premature end of file.
2025-03-05 08:30:04,280 [ERROR] LogOutputStream:75 - [STDERR_REDIRECT] 
2025-03-05 08:30:05,282 [ERROR] LogOutputStream:75 - [STDERR_REDIRECT] [Fatal Error] :1:1: Premature end of file.
2025-03-05 08:30:05,282 [ERROR] LogOutputStream:75 - [STDERR_REDIRECT] 
2025-03-05 08:30:06,274 [ERROR] LogOutputStream:75 - [STDERR_REDIRECT] [Fatal Error] :1:1: Premature end of file.
2025-03-05 08:30:06,275 [ERROR] LogOutputStream:75 - [STDERR_REDIRECT] 
2025-03-05 08:30:07,281 [ERROR] LogOutputStream:75 - [STDERR_REDIRECT] [Fatal Error] :1:1: Premature end of file.
2025-03-05 08:30:07,282 [ERROR] LogOutputStream:75 - [STDERR_REDIRECT] 
2025-03-05 08:30:08,283 [ERROR] LogOutputStream:75 - [STDERR_REDIRECT] [Fatal Error] :1:1: Premature end of file.
2025-03-05 08:30:08,283 [ERROR] LogOutputStream:75 - [STDERR_REDIRECT] 
2025-03-05 08:30:09,262 [ERROR] LogOutputStream:75 - [STDERR_REDIRECT] [Fatal Error] :1:1: Premature end of file.
2025-03-05 08:30:09,262 [ERROR] LogOutputStream:75 - [STDERR_REDIRECT] 
2025-03-05 08:30:10,269 [ERROR] LogOutputStream:75 - [STDERR_REDIRECT] [Fatal Error] :1:1: Premature end of file.
2025-03-05 08:30:10,269 [ERROR] LogOutputStream:75 - [STDERR_REDIRECT] 
2025-03-05 08:30:11,290 [ERROR] LogOutputStream:75 - [STDERR_REDIRECT] [Fatal Error] :1:1: Premature end of file.
2025-03-05 08:30:11,291 [ERROR] LogOutputStream:75 - [STDERR_REDIRECT] 
2025-03-05 08:30:12,283 [ERROR] LogOutputStream:75 - [STDERR_REDIRECT] [Fatal Error] :1:1: Premature end of file.
2025-03-05 08:30:12,283 [ERROR] LogOutputStream:75 - [STDERR_REDIRECT] 
2025-03-05 08:30:13,283 [ERROR] LogOutputStream:75 - [STDERR_REDIRECT] [Fatal Error] :1:1: Premature end of file.
2025-03-05 08:30:13,283 [ERROR] LogOutputStream:75 - [STDERR_REDIRECT] 
2025-03-05 08:30:14,278 [ERROR] LogOutputStream:75 - [STDERR_REDIRECT] [Fatal Error] :1:1: Premature end of file.
2025-03-05 08:30:14,278 [ERROR] LogOutputStream:75 - [STDERR_REDIRECT] 
2025-03-05 08:30:14,865 [INFO] MainUpdater:2872 - connection check result : 10
2025-03-05 08:30:14,866 [INFO] MainUpdater:2872 - connection check result : 10
2025-03-05 08:30:14,910 [INFO] I2cTimingTraitement:330 - 0x00201D2B
2025-03-05 08:30:14,914 [INFO] MicroXplorer:468 - Change Database Path : 
2025-03-05 08:30:14,914 [INFO] MicroXplorer:498 - Change Database Version : DB.6.0.140
2025-03-05 08:30:14,923 [ERROR] ProjectManagerView:394 - 
java.lang.NullPointerException: Cannot invoke "javax.swing.JTextField.getText()" because the return value of "java.util.List.get(int)" is null
	at com.st.microxplorer.plugins.projectmanager.gui.ProjectChoiceTab$9.caretUpdate(ProjectChoiceTab.java:2678) ~[filemanager.jar:?]
	at javax.swing.text.JTextComponent.fireCaretUpdate(JTextComponent.java:408) ~[?:?]
	at javax.swing.text.JTextComponent$MutableCaretEvent.fire(JTextComponent.java:4484) ~[?:?]
	at javax.swing.text.JTextComponent$MutableCaretEvent.stateChanged(JTextComponent.java:4506) ~[?:?]
	at javax.swing.text.DefaultCaret.fireStateChanged(DefaultCaret.java:857) ~[?:?]
	at javax.swing.text.DefaultCaret.changeCaretPosition(DefaultCaret.java:1343) ~[?:?]
	at javax.swing.text.DefaultCaret.handleSetDot(DefaultCaret.java:1242) ~[?:?]
	at javax.swing.text.DefaultCaret.setDot(DefaultCaret.java:1223) ~[?:?]
	at javax.swing.text.DefaultCaret$Handler.insertUpdate(DefaultCaret.java:1819) ~[?:?]
	at javax.swing.text.AbstractDocument.fireInsertUpdate(AbstractDocument.java:227) ~[?:?]
	at javax.swing.text.AbstractDocument.handleInsertString(AbstractDocument.java:781) ~[?:?]
	at javax.swing.text.AbstractDocument.insertString(AbstractDocument.java:740) ~[?:?]
	at javax.swing.text.PlainDocument.insertString(PlainDocument.java:131) ~[?:?]
	at javax.swing.text.AbstractDocument.replace(AbstractDocument.java:699) ~[?:?]
	at javax.swing.text.JTextComponent.setText(JTextComponent.java:1725) ~[?:?]
	at com.st.microxplorer.plugins.projectmanager.gui.ProjectChoiceTab.createHeapStackFields(ProjectChoiceTab.java:979) ~[filemanager.jar:?]
	at com.st.microxplorer.plugins.projectmanager.gui.ProjectChoiceTab.buildLinkSettingsPanel(ProjectChoiceTab.java:3766) ~[filemanager.jar:?]
	at com.st.microxplorer.plugins.projectmanager.gui.ProjectChoiceTab.defineWindowsFields(ProjectChoiceTab.java:1962) ~[filemanager.jar:?]
	at com.st.microxplorer.plugins.projectmanager.gui.ProjectChoiceTab.updateSettings(ProjectChoiceTab.java:555) ~[filemanager.jar:?]
	at com.st.microxplorer.plugins.projectmanager.gui.ProjectSettingsPanel.UpdateDialog(ProjectSettingsPanel.java:245) ~[filemanager.jar:?]
	at com.st.microxplorer.plugins.projectmanager.ProjectManagerView.propertyChange(ProjectManagerView.java:391) ~[filemanager.jar:?]
	at java.beans.PropertyChangeSupport.fire(PropertyChangeSupport.java:343) ~[?:?]
	at java.beans.PropertyChangeSupport.firePropertyChange(PropertyChangeSupport.java:335) ~[?:?]
	at java.beans.PropertyChangeSupport.firePropertyChange(PropertyChangeSupport.java:268) ~[?:?]
	at com.st.microxplorer.util.MXPropertyChangeSupport.firePropertyChange(MXPropertyChangeSupport.java:54) ~[STM32CubeMX.jar:?]
	at com.st.microxplorer.mxsystem.MxSystem.closeConfig(MxSystem.java:899) ~[STM32CubeMX.jar:?]
	at com.st.microxplorer.maingui.MainPanel.closeConfig(MainPanel.java:789) ~[STM32CubeMX.jar:?]
	at com.st.microxplorer.plugins.filemanager.engine.OpenFileManager.loadConfigurationFile(OpenFileManager.java:287) ~[filemanager.jar:?]
	at com.st.microxplorer.plugins.filemanager.engine.MainFileManager.userLoadConfig(MainFileManager.java:341) ~[filemanager.jar:?]
	at com.st.microxplorer.plugins.filemanager.engine.MainFileManager.userLoadConfig(MainFileManager.java:319) ~[filemanager.jar:?]
	at com.st.microxplorer.plugins.filemanager.FileManagerView.getSpecificTask(FileManagerView.java:246) ~[filemanager.jar:?]
	at com.st.stm32cube.common.mx.editor.CubeMxEditor.getMxTabbedPaneInstance(CubeMxEditor.java:1198) ~[com.st.stm32cube.common.mx_6.14.0.202502271554/:?]
	at com.st.stm32cube.common.mx.editor.CubeMxEditor$12$1.createSwingComponent(CubeMxEditor.java:1068) ~[com.st.stm32cube.common.mx_6.14.0.202502271554/:?]
	at com.st.stm32cube.common.mx.oss.core.awtswtbridge.EmbeddedSwingComposite.doComponentCreation(EmbeddedSwingComposite.java:492) ~[com.st.stm32cube.common.mx.oss_6.14.0.202502271554/:?]
	at com.st.stm32cube.common.mx.oss.core.awtswtbridge.EmbeddedSwingComposite$4.run(EmbeddedSwingComposite.java:291) ~[com.st.stm32cube.common.mx.oss_6.14.0.202502271554/:?]
	at com.st.stm32cube.common.mx.oss.core.awtswtbridge.AwtEnvironment$2.run(AwtEnvironment.java:166) ~[com.st.stm32cube.common.mx.oss_6.14.0.202502271554/:?]
	at java.awt.event.InvocationEvent.dispatch(InvocationEvent.java:318) ~[?:?]
	at java.awt.EventQueue.dispatchEventImpl(EventQueue.java:773) ~[?:?]
	at java.awt.EventQueue$4.run(EventQueue.java:720) ~[?:?]
	at java.awt.EventQueue$4.run(EventQueue.java:714) ~[?:?]
	at java.security.AccessController.doPrivileged(AccessController.java:400) ~[?:?]
	at java.security.ProtectionDomain$JavaSecurityAccessImpl.doIntersectionPrivilege(ProtectionDomain.java:87) ~[?:?]
	at java.awt.EventQueue.dispatchEvent(EventQueue.java:742) ~[?:?]
	at java.awt.EventDispatchThread.pumpOneEventForFilters(EventDispatchThread.java:203) ~[?:?]
	at java.awt.EventDispatchThread.pumpEventsForFilter(EventDispatchThread.java:124) ~[?:?]
	at java.awt.EventDispatchThread.pumpEventsForHierarchy(EventDispatchThread.java:113) ~[?:?]
	at java.awt.EventDispatchThread.pumpEvents(EventDispatchThread.java:109) ~[?:?]
	at java.awt.EventDispatchThread.pumpEvents(EventDispatchThread.java:101) ~[?:?]
	at java.awt.EventDispatchThread.run(EventDispatchThread.java:90) ~[?:?]
2025-03-05 08:30:14,926 [WARN] ThirdParty:871 - waiting for thirdparty lock release [close project]
2025-03-05 08:30:14,926 [INFO] ThirdParty:873 - entering critical section [close project]
2025-03-05 08:30:14,926 [INFO] ThirdParty:883 - exiting critical section [close project]
2025-03-05 08:30:14,928 [INFO] PinOutPanel:1589 - setPackage(No Configuration,No Configuration)
2025-03-05 08:30:14,931 [INFO] UtilMem:75 - Begin LoadConfig() Used Memory: 605353216 Bytes (1059061760)
2025-03-05 08:30:14,932 [INFO] MicroXplorer:468 - Change Database Path : 
2025-03-05 08:30:14,932 [INFO] MicroXplorer:498 - Change Database Version : DB.6.0.140
2025-03-05 08:30:14,932 [INFO] OpenFileManager:354 - Change cursor
2025-03-05 08:30:14,938 [INFO] Mcu:2011 - Initializing MCU STM32F303R(D-E)Tx STM32F303RETx STM32F303RET6
2025-03-05 08:30:15,263 [ERROR] LogOutputStream:75 - [STDERR_REDIRECT] [Fatal Error] :1:1: Premature end of file.
2025-03-05 08:30:15,263 [ERROR] LogOutputStream:75 - [STDERR_REDIRECT] 
2025-03-05 08:30:16,046 [INFO] Context:756 - Trying to add GPIOservice into a context  which must be forbidden
2025-03-05 08:30:16,218 [INFO] ImportTextPane:218 - (OptionalMessage_ERROR) Pin14 (VP_RIF_VS_RIF1) cannot be retrieved for this MCU
2025-03-05 08:30:16,256 [ERROR] LogOutputStream:75 - [STDERR_REDIRECT] [Fatal Error] :1:1: Premature end of file.
2025-03-05 08:30:16,256 [ERROR] LogOutputStream:75 - [STDERR_REDIRECT] 
2025-03-05 08:30:16,272 [INFO] RtosManager:558 - Registered RTOS mode: class=CMSIS, group=RTOS, mode=CMSIS_V1, owner=FREERTOS
2025-03-05 08:30:16,273 [INFO] RtosManager:558 - Registered RTOS mode: class=CMSIS, group=RTOS2, mode=CMSIS_V2, owner=FREERTOS
2025-03-05 08:30:16,273 [INFO] RtosManager:558 - Registered RTOS mode: class=RTOS, group=Core, mode=CMSIS_V1, owner=FREERTOS
2025-03-05 08:30:16,273 [INFO] RtosManager:558 - Registered RTOS mode: class=RTOS, group=Core, mode=CMSIS_V2, owner=FREERTOS
2025-03-05 08:30:16,273 [WARN] ModelIntegratedComponent:184 - Missing modes for component STMicroelectronics:FreeRTOS:0.0.1:STMicroelectronics:RTOS:FreeRTOS:Core:::10.2.0:
2025-03-05 08:30:16,277 [WARN] ModelIntegratedComponent:63 - No mode defined for component null
2025-03-05 08:30:16,277 [WARN] ModelIntegratedComponent:63 - No mode defined for component null
2025-03-05 08:30:16,277 [WARN] ModelIntegratedComponent:63 - No mode defined for component null
2025-03-05 08:30:16,277 [WARN] ModelIntegratedComponent:63 - No mode defined for component null
2025-03-05 08:30:16,277 [WARN] ModelIntegratedComponent:63 - No mode defined for component null
2025-03-05 08:30:16,277 [WARN] ModelIntegratedComponent:63 - No mode defined for component null
2025-03-05 08:30:16,277 [WARN] ModelIntegratedComponent:63 - No mode defined for component null
2025-03-05 08:30:16,277 [WARN] ModelIntegratedComponent:63 - No mode defined for component null
2025-03-05 08:30:16,277 [WARN] ModelIntegratedComponent:63 - No mode defined for component null
2025-03-05 08:30:16,277 [WARN] ModelIntegratedComponent:63 - No mode defined for component null
2025-03-05 08:30:16,277 [WARN] ModelIntegratedComponent:63 - No mode defined for component null
2025-03-05 08:30:16,277 [WARN] ModelIntegratedComponent:63 - No mode defined for component null
2025-03-05 08:30:16,277 [WARN] ModelIntegratedComponent:63 - No mode defined for component null
2025-03-05 08:30:16,277 [WARN] ModelIntegratedComponent:63 - No mode defined for component null
2025-03-05 08:30:16,277 [WARN] ModelIntegratedComponent:63 - No mode defined for component null
2025-03-05 08:30:16,277 [WARN] ModelIntegratedComponent:63 - No mode defined for component null
2025-03-05 08:30:16,277 [WARN] ModelIntegratedComponent:63 - No mode defined for component null
2025-03-05 08:30:16,277 [WARN] ModelIntegratedComponent:63 - No mode defined for component null
2025-03-05 08:30:16,277 [WARN] ModelIntegratedComponent:63 - No mode defined for component null
2025-03-05 08:30:16,277 [WARN] ModelIntegratedComponent:63 - No mode defined for component null
2025-03-05 08:30:16,277 [WARN] ModelIntegratedComponent:63 - No mode defined for component null
2025-03-05 08:30:16,277 [WARN] ModelIntegratedComponent:63 - No mode defined for component null
2025-03-05 08:30:16,277 [WARN] ModelIntegratedComponent:63 - No mode defined for component null
2025-03-05 08:30:16,277 [WARN] ModelIntegratedComponent:63 - No mode defined for component null
2025-03-05 08:30:16,277 [WARN] ModelIntegratedComponent:63 - No mode defined for component null
2025-03-05 08:30:16,277 [WARN] ModelIntegratedComponent:63 - No mode defined for component null
2025-03-05 08:30:16,277 [WARN] ModelIntegratedComponent:63 - No mode defined for component null
2025-03-05 08:30:16,277 [WARN] ModelIntegratedComponent:63 - No mode defined for component null
2025-03-05 08:30:16,277 [WARN] ModelIntegratedComponent:63 - No mode defined for component null
2025-03-05 08:30:16,277 [WARN] ModelIntegratedComponent:63 - No mode defined for component null
2025-03-05 08:30:16,277 [WARN] ModelIntegratedComponent:63 - No mode defined for component null
2025-03-05 08:30:16,277 [WARN] ModelIntegratedComponent:63 - No mode defined for component null
2025-03-05 08:30:16,277 [WARN] ModelIntegratedComponent:63 - No mode defined for component null
2025-03-05 08:30:16,277 [WARN] ModelIntegratedComponent:63 - No mode defined for component null
2025-03-05 08:30:16,277 [WARN] ModelIntegratedComponent:63 - No mode defined for component null
2025-03-05 08:30:16,277 [WARN] ModelPack:524 - Component already loaded: STMicroelectronics:HAL Drivers:0.0.0:STMicroelectronics:Device:STMicro_Driver:XSPI:HAL::0.0.1:HAL_XSPI
2025-03-05 08:30:16,327 [INFO] ThirdPartyModel:298 - Start build external matchings
2025-03-05 08:30:16,617 [INFO] ThirdPartyModel:316 - End build external matchings
2025-03-05 08:30:16,623 [INFO] ImportTextPane:218 - (OptionalMessage_ERROR) IP (RCC) : Invalid parameter (FamilyName)
2025-03-05 08:30:16,624 [INFO] ImportTextPane:218 - (OptionalMessage_ERROR) IP (RCC) : Invalid parameter (PLLM)
2025-03-05 08:30:16,624 [INFO] ImportTextPane:218 - (OptionalMessage_ERROR) IP (RCC) : Invalid parameter (PLLN)
2025-03-05 08:30:16,624 [INFO] ImportTextPane:218 - (OptionalMessage_ERROR) IP (RCC) : Invalid parameter (PLLP)
2025-03-05 08:30:16,624 [INFO] ImportTextPane:218 - (OptionalMessage_ERROR) IP (RCC) : Invalid parameter (PLLQ)
2025-03-05 08:30:16,624 [INFO] ImportTextPane:218 - (OptionalMessage_ERROR) IP (RCC) : Invalid parameter (RCC_PLLsource_Clock_Source_FROM_HSE)
2025-03-05 08:30:16,624 [INFO] ImportTextPane:218 - (OptionalMessage_ERROR) IP (RCC) : Parameter (USBFreq_Value) has invalid value (72000000)
2025-03-05 08:30:16,871 [INFO] UtilMem:75 - End LoadConfig() Used Memory: 382140512 Bytes (1059061760)
2025-03-05 08:30:16,926 [WARN] ThirdParty:833 - waiting for thirdparty lock release [change project]
2025-03-05 08:30:16,926 [INFO] ThirdParty:835 - entering critical section [change project]
2025-03-05 08:30:16,926 [INFO] ThirdParty:1030 - CMSIS Pack Vendor :STMicroelectronics USBPD 4.1
2025-03-05 08:30:16,926 [INFO] ThirdParty:1030 - CMSIS Pack Vendor :STMicroelectronics X-CUBE-AZRTOS-H7 3.3.0
2025-03-05 08:30:16,926 [INFO] ThirdParty:1030 - CMSIS Pack Vendor :STMicroelectronics X-CUBE-NFC9 1.0.0
2025-03-05 08:30:16,926 [INFO] ThirdParty:1030 - CMSIS Pack Vendor :STMicroelectronics USB_HOST 2.0.0
2025-03-05 08:30:16,926 [INFO] ThirdParty:1030 - CMSIS Pack Vendor :STMicroelectronics FP-SNS-MOTENVWB1 1.4.0
2025-03-05 08:30:16,926 [INFO] ThirdParty:1030 - CMSIS Pack Vendor :STMicroelectronics X-CUBE-AZRTOS-F4 1.1.0
2025-03-05 08:30:16,926 [INFO] ThirdParty:1030 - CMSIS Pack Vendor :STMicroelectronics LIBJPEG 8.0.0
2025-03-05 08:30:16,926 [INFO] ThirdParty:1030 - CMSIS Pack Vendor :STMicroelectronics FP-ATR-ASTRA1 2.0.2
2025-03-05 08:30:16,926 [INFO] ThirdParty:1030 - CMSIS Pack Vendor :STMicroelectronics FP-ATR-ASTRA1 2.0.1
2025-03-05 08:30:16,926 [INFO] ThirdParty:1030 - CMSIS Pack Vendor :STMicroelectronics X-CUBE-SMBUS 2.1.0
2025-03-05 08:30:16,926 [INFO] ThirdParty:1030 - CMSIS Pack Vendor :STMicroelectronics X-CUBE-WB05N 1.1.0
2025-03-05 08:30:16,926 [INFO] ThirdParty:1030 - CMSIS Pack Vendor :STMicroelectronics USB_DEVICE 3.0.0
2025-03-05 08:30:16,926 [INFO] ThirdParty:1030 - CMSIS Pack Vendor :STMicroelectronics X-CUBE-TCPP 4.1.0
2025-03-05 08:30:16,926 [INFO] ThirdParty:1030 - CMSIS Pack Vendor :STMicroelectronics X-CUBE-ISPU 2.1.0
2025-03-05 08:30:16,926 [INFO] ThirdParty:1030 - CMSIS Pack Vendor :STMicroelectronics X-CUBE-FREERTOS 1.2.0
2025-03-05 08:30:16,926 [INFO] ThirdParty:1030 - CMSIS Pack Vendor :STMicroelectronics X-CUBE-IPS 3.0.0
2025-03-05 08:30:16,926 [INFO] ThirdParty:1030 - CMSIS Pack Vendor :STMicroelectronics X-CUBE-AZRTOS-WB 2.0.0
2025-03-05 08:30:16,926 [INFO] ThirdParty:1030 - CMSIS Pack Vendor :STMicroelectronics X-CUBE-GNSS1 7.0.0
2025-03-05 08:30:16,926 [INFO] ThirdParty:1030 - CMSIS Pack Vendor :STMicroelectronics X-CUBE-GNSS1 7.0.1
2025-03-05 08:30:16,927 [INFO] ThirdParty:1030 - CMSIS Pack Vendor :STMicroelectronics X-CUBE-AZRTOS-F7 1.1.0
2025-03-05 08:30:16,927 [INFO] ThirdParty:1030 - CMSIS Pack Vendor :STMicroelectronics X-CUBE-AZRTOS-L5 2.0.0
2025-03-05 08:30:16,927 [INFO] ThirdParty:1030 - CMSIS Pack Vendor :STMicroelectronics USB_DEVICE 2.0.0
2025-03-05 08:30:16,927 [INFO] ThirdParty:1030 - CMSIS Pack Vendor :STMicroelectronics X-CUBE-NFC6 3.1.0
2025-03-05 08:30:16,927 [INFO] ThirdParty:1030 - CMSIS Pack Vendor :STMicroelectronics FP-SNS-STBOX1 2.0.0
2025-03-05 08:30:16,927 [INFO] ThirdParty:1030 - CMSIS Pack Vendor :STMicroelectronics X-CUBE-MEMS1 11.0.0
2025-03-05 08:30:16,927 [INFO] ThirdParty:1030 - CMSIS Pack Vendor :STMicroelectronics FreeRTOS 0.0.1
2025-03-05 08:30:16,927 [INFO] ThirdParty:1030 - CMSIS Pack Vendor :STMicroelectronics X-CUBE-AZRTOS-G0 1.1.0
2025-03-05 08:30:16,927 [INFO] ThirdParty:1030 - CMSIS Pack Vendor :STMicroelectronics X-CUBE-SAFEA1 1.2.2
2025-03-05 08:30:16,927 [INFO] ThirdParty:1030 - CMSIS Pack Vendor :STMicroelectronics X-CUBE-NFC4 3.0.0
2025-03-05 08:30:16,927 [INFO] ThirdParty:1030 - CMSIS Pack Vendor :STMicroelectronics X-CUBE-DPower 1.2.0
2025-03-05 08:30:16,927 [INFO] ThirdParty:1030 - CMSIS Pack Vendor :STMicroelectronics X-CUBE-SUBG2 5.0.0
2025-03-05 08:30:16,927 [INFO] ThirdParty:1030 - CMSIS Pack Vendor :STMicroelectronics STM32_WPAN 1.0.0
2025-03-05 08:30:16,927 [INFO] ThirdParty:1030 - CMSIS Pack Vendor :EmbeddedOffice I-CUBE-FS-RTOS 1.0.1
2025-03-05 08:30:16,927 [INFO] ThirdParty:1030 - CMSIS Pack Vendor :STMicroelectronics lwIP 2.0.3
2025-03-05 08:30:16,927 [INFO] ThirdParty:1030 - CMSIS Pack Vendor :STMicroelectronics FP-SNS-FLIGHT1 5.0.2
2025-03-05 08:30:16,927 [INFO] ThirdParty:1030 - CMSIS Pack Vendor :Cesanta I-CUBE-Mongoose 7.13.0
2025-03-05 08:30:16,927 [INFO] ThirdParty:1030 - CMSIS Pack Vendor :STMicroelectronics USB_HOST 1.0.0
2025-03-05 08:30:16,927 [INFO] ThirdParty:1030 - CMSIS Pack Vendor :Infineon AIROC-Wi-Fi-Bluetooth-STM32 1.7.0
2025-03-05 08:30:16,927 [INFO] ThirdParty:1030 - CMSIS Pack Vendor :STMicroelectronics X-CUBE-AZRTOS-G4 2.0.0
2025-03-05 08:30:16,927 [INFO] ThirdParty:1030 - CMSIS Pack Vendor :STMicroelectronics PDM2PCM 3.1.0
2025-03-05 08:30:16,927 [INFO] ThirdParty:1030 - CMSIS Pack Vendor :STMicroelectronics PDM2PCM 3.3.0
2025-03-05 08:30:16,927 [INFO] ThirdParty:1030 - CMSIS Pack Vendor :STMicroelectronics X-CUBE-DISPLAY 3.0.0
2025-03-05 08:30:16,927 [INFO] ThirdParty:1030 - CMSIS Pack Vendor :STMicroelectronics X-CUBE-TCPP 4.2.0
2025-03-05 08:30:16,927 [INFO] ThirdParty:1030 - CMSIS Pack Vendor :RealThread X-CUBE-RT-Thread_Nano 4.1.1
2025-03-05 08:30:16,927 [INFO] ThirdParty:1030 - CMSIS Pack Vendor :STMicroelectronics X-CUBE-BLE1 7.0.0
2025-03-05 08:30:16,927 [INFO] ThirdParty:1030 - CMSIS Pack Vendor :STMicroelectronics FP-ATR-SIGFOX1 3.2.0
2025-03-05 08:30:16,927 [INFO] ThirdParty:1030 - CMSIS Pack Vendor :STMicroelectronics X-CUBE-NFC10 1.0.0
2025-03-05 08:30:16,927 [INFO] ThirdParty:1030 - CMSIS Pack Vendor :quantropi X-CUBE-qispace-sdk-base 1.9.3
2025-03-05 08:30:16,927 [INFO] ThirdParty:1030 - CMSIS Pack Vendor :STMicroelectronics X-CUBE-BLEMGR 4.0.0
2025-03-05 08:30:16,927 [INFO] ThirdParty:1030 - CMSIS Pack Vendor :STMicroelectronics X-CUBE-EEPRMA1 5.1.0
2025-03-05 08:30:16,927 [INFO] ThirdParty:1030 - CMSIS Pack Vendor :STMicroelectronics HAL Drivers 0.0.0
2025-03-05 08:30:16,928 [INFO] ThirdParty:1030 - CMSIS Pack Vendor :STMicroelectronics MBEDTLS 2.16.2
2025-03-05 08:30:16,928 [INFO] ThirdParty:1030 - CMSIS Pack Vendor :STMicroelectronics X-CUBE-IPS 3.1.0
2025-03-05 08:30:16,928 [INFO] ThirdParty:1030 - CMSIS Pack Vendor :STMicroelectronics X-CUBE-ALS 1.0.2
2025-03-05 08:30:16,928 [INFO] ThirdParty:1030 - CMSIS Pack Vendor :emotas I-CUBE-CANOPEN 1.3.0
2025-03-05 08:30:16,928 [INFO] ThirdParty:1030 - CMSIS Pack Vendor :STMicroelectronics X-CUBE-FREERTOS 1.3.0
2025-03-05 08:30:16,928 [INFO] ThirdParty:1030 - CMSIS Pack Vendor :wolfSSL I-CUBE-wolfSSL 5.7.4
2025-03-05 08:30:16,928 [INFO] ThirdParty:1030 - CMSIS Pack Vendor :STMicroelectronics X-CUBE-NFC7 1.0.1
2025-03-05 08:30:16,928 [INFO] ThirdParty:1030 - CMSIS Pack Vendor :STMicroelectronics MBEDTLS 2.14.1
2025-03-05 08:30:16,928 [INFO] ThirdParty:1030 - CMSIS Pack Vendor :ITTIA_DB I-CUBE-ITTIADB 8.9.0
2025-03-05 08:30:16,928 [INFO] ThirdParty:1030 - CMSIS Pack Vendor :STMicroelectronics X-CUBE-TOUCHGFX 4.24.2
2025-03-05 08:30:16,928 [INFO] ThirdParty:1030 - CMSIS Pack Vendor :STMicroelectronics X-CUBE-TOUCHGFX 4.24.1
2025-03-05 08:30:16,928 [INFO] ThirdParty:1030 - CMSIS Pack Vendor :wolfSSL I-CUBE-wolfTPM 3.4.0
2025-03-05 08:30:16,928 [INFO] ThirdParty:1030 - CMSIS Pack Vendor :portGmbH I-Cube-SoM-uGOAL 1.1.0
2025-03-05 08:30:16,928 [INFO] ThirdParty:1030 - CMSIS Pack Vendor :STMicroelectronics X-CUBE-BLEMGR 3.1.0
2025-03-05 08:30:16,928 [INFO] ThirdParty:1030 - CMSIS Pack Vendor :STMicroelectronics X-CUBE-AI 10.0.0
2025-03-05 08:30:16,928 [INFO] ThirdParty:1030 - CMSIS Pack Vendor :STMicroelectronics ThreadX 1.0.0
2025-03-05 08:30:16,928 [INFO] ThirdParty:1030 - CMSIS Pack Vendor :STMicroelectronics FP-SNS-SMARTAG2 1.2.0
2025-03-05 08:30:16,928 [INFO] ThirdParty:1030 - CMSIS Pack Vendor :STMicroelectronics X-CUBE-MEMS1 11.1.0
2025-03-05 08:30:16,928 [INFO] ThirdParty:1030 - CMSIS Pack Vendor :STMicroelectronics X-CUBE-AZRTOS-WL 2.0.0
2025-03-05 08:30:16,928 [INFO] ThirdParty:1030 - CMSIS Pack Vendor :SEGGER I-CUBE-embOS 1.3.1
2025-03-05 08:30:16,928 [INFO] ThirdParty:1030 - CMSIS Pack Vendor :STMicroelectronics X-CUBE-ALGOBUILD 1.4.0
2025-03-05 08:30:16,928 [INFO] ThirdParty:1030 - CMSIS Pack Vendor :STMicroelectronics FP-SNS-MOTENV1 5.0.0
2025-03-05 08:30:16,928 [INFO] ThirdParty:1030 - CMSIS Pack Vendor :STMicroelectronics USB_DEVICE 1.0.0
2025-03-05 08:30:16,928 [INFO] ThirdParty:1030 - CMSIS Pack Vendor :STMicroelectronics X-CUBE-AZRTOS-H7RS 1.0.0
2025-03-05 08:30:16,928 [INFO] ThirdParty:1030 - CMSIS Pack Vendor :wolfSSL I-CUBE-wolfMQTT 1.19.0
2025-03-05 08:30:16,928 [INFO] ThirdParty:1030 - CMSIS Pack Vendor :STMicroelectronics X-CUBE-AZRTOS-L4 2.0.0
2025-03-05 08:30:16,928 [INFO] ThirdParty:1030 - CMSIS Pack Vendor :STMicroelectronics ThreadX 0.0.2
2025-03-05 08:30:16,929 [INFO] ThirdParty:1030 - CMSIS Pack Vendor :WES I-CUBE-Cesium 1.3.0
2025-03-05 08:30:16,929 [INFO] ThirdParty:1030 - CMSIS Pack Vendor :STMicroelectronics FP-ATR-ASTRA1 2.0.0
2025-03-05 08:30:16,929 [INFO] ThirdParty:1030 - CMSIS Pack Vendor :STMicroelectronics lwIP 2.1.2
2025-03-05 08:30:16,929 [INFO] ThirdParty:1030 - CMSIS Pack Vendor :STMicroelectronics X-CUBE-SFXS2LP1 4.0.0
2025-03-05 08:30:16,929 [INFO] ThirdParty:1030 - CMSIS Pack Vendor :STMicroelectronics X-CUBE-BLE2 3.3.0
2025-03-05 08:30:16,929 [INFO] ThirdParty:1030 - CMSIS Pack Vendor :STMicroelectronics X-CUBE-TOF1 3.4.2
2025-03-05 08:30:16,929 [INFO] ThirdParty:1030 - CMSIS Pack Vendor :STMicroelectronics X-CUBE-AI 9.1.0
2025-03-05 08:30:16,929 [INFO] ThirdParty:1030 - CMSIS Pack Vendor :Infineon AIROC-Wi-Fi-Bluetooth-STM32 1.6.1
2025-03-05 08:30:16,929 [INFO] ThirdParty:1030 - CMSIS Pack Vendor :STMicroelectronics PDM2PCM 3.2.0
2025-03-05 08:30:16,929 [INFO] ThirdParty:1030 - CMSIS Pack Vendor :wolfSSL I-CUBE-wolfSSH 1.4.17
2025-03-05 08:30:16,929 [INFO] ThirdParty:841 - exiting critical section [change project]
2025-03-05 08:30:17,050 [INFO] PinOutPanel:1589 - setPackage(No Configuration,No Configuration)
2025-03-05 08:30:17,050 [INFO] PinOutPanel:1589 - setPackage(STM32F303RETx,LQFP64)
2025-03-05 08:30:17,190 [INFO] UtilMem:75 - Before build in PCC Used Memory: 626985056 Bytes (1059061760)
2025-03-05 08:30:17,267 [ERROR] LogOutputStream:75 - [STDERR_REDIRECT] [Fatal Error] :1:1: Premature end of file.
2025-03-05 08:30:17,267 [ERROR] LogOutputStream:75 - [STDERR_REDIRECT] 
2025-03-05 08:30:17,357 [INFO] UtilMem:75 - After build in PCC Used Memory: 674170976 Bytes (1059061760)
2025-03-05 08:30:17,371 [INFO] IPUIPlugin:80 - create IPUIPlugin
2025-03-05 08:30:17,371 [INFO] IPUIPlugin:80 - create IPUIPlugin
2025-03-05 08:30:17,371 [INFO] IPUIPlugin:80 - create IPUIPlugin
2025-03-05 08:30:17,371 [INFO] IPUIPlugin:80 - create IPUIPlugin
2025-03-05 08:30:17,371 [INFO] IPUIPlugin:80 - create IPUIPlugin
2025-03-05 08:30:17,372 [INFO] IPUIPlugin:80 - create IPUIPlugin
2025-03-05 08:30:17,372 [INFO] IPUIPlugin:80 - create IPUIPlugin
2025-03-05 08:30:17,372 [INFO] IPUIPlugin:80 - create IPUIPlugin
2025-03-05 08:30:17,372 [INFO] IPUIPlugin:80 - create IPUIPlugin
2025-03-05 08:30:17,372 [INFO] IPUIPlugin:80 - create IPUIPlugin
2025-03-05 08:30:17,372 [INFO] IPUIPlugin:80 - create IPUIPlugin
2025-03-05 08:30:17,372 [INFO] IPUIPlugin:80 - create IPUIPlugin
2025-03-05 08:30:17,372 [INFO] IPUIPlugin:80 - create IPUIPlugin
2025-03-05 08:30:17,372 [INFO] IPUIPlugin:80 - create IPUIPlugin
2025-03-05 08:30:17,372 [INFO] IPUIPlugin:80 - create IPUIPlugin
2025-03-05 08:30:17,372 [INFO] IPUIPlugin:80 - create IPUIPlugin
2025-03-05 08:30:17,372 [INFO] IPUIPlugin:80 - create IPUIPlugin
2025-03-05 08:30:17,372 [INFO] IPUIPlugin:80 - create IPUIPlugin
2025-03-05 08:30:17,372 [INFO] IPUIPlugin:80 - create IPUIPlugin
2025-03-05 08:30:17,372 [INFO] IPUIPlugin:80 - create IPUIPlugin
2025-03-05 08:30:17,372 [INFO] IPUIPlugin:80 - create IPUIPlugin
2025-03-05 08:30:17,372 [INFO] IPUIPlugin:80 - create IPUIPlugin
2025-03-05 08:30:17,372 [INFO] IPUIPlugin:80 - create IPUIPlugin
2025-03-05 08:30:17,372 [INFO] IPUIPlugin:80 - create IPUIPlugin
2025-03-05 08:30:17,372 [INFO] IPUIPlugin:80 - create IPUIPlugin
2025-03-05 08:30:17,372 [INFO] IPUIPlugin:80 - create IPUIPlugin
2025-03-05 08:30:17,372 [INFO] IPUIPlugin:80 - create IPUIPlugin
2025-03-05 08:30:17,372 [INFO] IPUIPlugin:80 - create IPUIPlugin
2025-03-05 08:30:17,373 [INFO] IPUIPlugin:80 - create IPUIPlugin
2025-03-05 08:30:17,373 [INFO] IPUIPlugin:80 - create IPUIPlugin
2025-03-05 08:30:17,373 [INFO] IPUIPlugin:80 - create IPUIPlugin
2025-03-05 08:30:17,373 [INFO] IPUIPlugin:80 - create IPUIPlugin
2025-03-05 08:30:17,373 [INFO] IPUIPlugin:80 - create IPUIPlugin
2025-03-05 08:30:17,373 [INFO] IPUIPlugin:80 - create IPUIPlugin
2025-03-05 08:30:17,373 [INFO] IPUIPlugin:80 - create IPUIPlugin
2025-03-05 08:30:17,373 [INFO] IPUIPlugin:80 - create IPUIPlugin
2025-03-05 08:30:17,373 [INFO] IPUIPlugin:80 - create IPUIPlugin
2025-03-05 08:30:17,373 [INFO] IPUIPlugin:80 - create IPUIPlugin
2025-03-05 08:30:17,373 [INFO] IPUIPlugin:80 - create IPUIPlugin
2025-03-05 08:30:17,374 [INFO] IPUIPlugin:80 - create IPUIPlugin
2025-03-05 08:30:17,374 [INFO] IPUIPlugin:80 - create IPUIPlugin
2025-03-05 08:30:17,374 [INFO] IPUIPlugin:80 - create IPUIPlugin
2025-03-05 08:30:17,374 [INFO] IPUIPlugin:80 - create IPUIPlugin
2025-03-05 08:30:17,376 [INFO] IPUIPlugin:80 - create IPUIPlugin
2025-03-05 08:30:17,376 [INFO] IPUIPlugin:80 - create IPUIPlugin
2025-03-05 08:30:17,376 [INFO] IPUIPlugin:80 - create IPUIPlugin
2025-03-05 08:30:17,376 [INFO] IPUIPlugin:80 - create IPUIPlugin
2025-03-05 08:30:17,376 [INFO] IPUIPlugin:80 - create IPUIPlugin
2025-03-05 08:30:17,376 [INFO] IPUIPlugin:80 - create IPUIPlugin
2025-03-05 08:30:17,377 [INFO] IPUIPlugin:80 - create IPUIPlugin
2025-03-05 08:30:17,377 [INFO] IPUIPlugin:80 - create IPUIPlugin
2025-03-05 08:30:17,377 [INFO] IPUIPlugin:80 - create IPUIPlugin
2025-03-05 08:30:17,377 [INFO] IPUIPlugin:80 - create IPUIPlugin
2025-03-05 08:30:17,377 [INFO] IPUIPlugin:80 - create IPUIPlugin
2025-03-05 08:30:17,377 [INFO] IPUIPlugin:80 - create IPUIPlugin
2025-03-05 08:30:17,377 [INFO] IPUIPlugin:80 - create IPUIPlugin
2025-03-05 08:30:17,414 [INFO] CADModel:165 - CPN selected for project levelSTM32F303RET6
2025-03-05 08:30:17,414 [INFO] CADModel:114 - Register for checkConnection events
2025-03-05 08:30:17,473 [INFO] OpenFileManager:385 - Restore cursor
2025-03-05 08:30:18,266 [ERROR] LogOutputStream:75 - [STDERR_REDIRECT] [Fatal Error] :1:1: Premature end of file.
2025-03-05 08:30:18,266 [ERROR] LogOutputStream:75 - [STDERR_REDIRECT] 
2025-03-05 08:30:19,268 [ERROR] LogOutputStream:75 - [STDERR_REDIRECT] [Fatal Error] :1:1: Premature end of file.
2025-03-05 08:30:19,268 [ERROR] LogOutputStream:75 - [STDERR_REDIRECT] 
2025-03-05 08:30:20,268 [ERROR] LogOutputStream:75 - [STDERR_REDIRECT] [Fatal Error] :1:1: Premature end of file.
2025-03-05 08:30:20,269 [ERROR] LogOutputStream:75 - [STDERR_REDIRECT] 
2025-03-05 08:30:21,287 [ERROR] LogOutputStream:75 - [STDERR_REDIRECT] [Fatal Error] :1:1: Premature end of file.
2025-03-05 08:30:21,287 [ERROR] LogOutputStream:75 - [STDERR_REDIRECT] 
2025-03-05 08:30:22,283 [ERROR] LogOutputStream:75 - [STDERR_REDIRECT] [Fatal Error] :1:1: Premature end of file.
2025-03-05 08:30:22,283 [ERROR] LogOutputStream:75 - [STDERR_REDIRECT] 
2025-03-05 08:30:23,278 [ERROR] LogOutputStream:75 - [STDERR_REDIRECT] [Fatal Error] :1:1: Premature end of file.
2025-03-05 08:30:23,279 [ERROR] LogOutputStream:75 - [STDERR_REDIRECT] 
2025-03-05 08:30:24,278 [ERROR] LogOutputStream:75 - [STDERR_REDIRECT] [Fatal Error] :1:1: Premature end of file.
2025-03-05 08:30:24,279 [ERROR] LogOutputStream:75 - [STDERR_REDIRECT] 
2025-03-05 08:30:25,238 [INFO] I2cTimingTraitement:330 - 0x00201D2B
2025-03-05 08:30:25,265 [ERROR] LogOutputStream:75 - [STDERR_REDIRECT] [Fatal Error] :1:1: Premature end of file.
2025-03-05 08:30:25,266 [ERROR] LogOutputStream:75 - [STDERR_REDIRECT] 
2025-03-05 08:30:26,278 [ERROR] LogOutputStream:75 - [STDERR_REDIRECT] [Fatal Error] :1:1: Premature end of file.
2025-03-05 08:30:26,278 [ERROR] LogOutputStream:75 - [STDERR_REDIRECT] 
2025-03-05 08:30:27,280 [ERROR] LogOutputStream:75 - [STDERR_REDIRECT] [Fatal Error] :1:1: Premature end of file.
2025-03-05 08:30:27,280 [ERROR] LogOutputStream:75 - [STDERR_REDIRECT] 
2025-03-05 08:30:28,285 [ERROR] LogOutputStream:75 - [STDERR_REDIRECT] [Fatal Error] :1:1: Premature end of file.
2025-03-05 08:30:28,285 [ERROR] LogOutputStream:75 - [STDERR_REDIRECT] 
2025-03-05 08:30:29,269 [ERROR] LogOutputStream:75 - [STDERR_REDIRECT] [Fatal Error] :1:1: Premature end of file.
2025-03-05 08:30:29,270 [ERROR] LogOutputStream:75 - [STDERR_REDIRECT] 
2025-03-05 08:30:30,275 [ERROR] LogOutputStream:75 - [STDERR_REDIRECT] [Fatal Error] :1:1: Premature end of file.
2025-03-05 08:30:30,275 [ERROR] LogOutputStream:75 - [STDERR_REDIRECT] 
2025-03-05 08:30:31,275 [ERROR] LogOutputStream:75 - [STDERR_REDIRECT] [Fatal Error] :1:1: Premature end of file.
2025-03-05 08:30:31,276 [ERROR] LogOutputStream:75 - [STDERR_REDIRECT] 
2025-03-05 08:30:32,278 [ERROR] LogOutputStream:75 - [STDERR_REDIRECT] [Fatal Error] :1:1: Premature end of file.
2025-03-05 08:30:32,278 [ERROR] LogOutputStream:75 - [STDERR_REDIRECT] 
2025-03-05 08:30:33,282 [ERROR] LogOutputStream:75 - [STDERR_REDIRECT] [Fatal Error] :1:1: Premature end of file.
2025-03-05 08:30:33,282 [ERROR] LogOutputStream:75 - [STDERR_REDIRECT] 
2025-03-05 08:30:34,277 [ERROR] LogOutputStream:75 - [STDERR_REDIRECT] [Fatal Error] :1:1: Premature end of file.
2025-03-05 08:30:34,278 [ERROR] LogOutputStream:75 - [STDERR_REDIRECT] 
2025-03-05 08:30:35,271 [ERROR] LogOutputStream:75 - [STDERR_REDIRECT] [Fatal Error] :1:1: Premature end of file.
2025-03-05 08:30:35,271 [ERROR] LogOutputStream:75 - [STDERR_REDIRECT] 
2025-03-05 08:30:36,279 [ERROR] LogOutputStream:75 - [STDERR_REDIRECT] [Fatal Error] :1:1: Premature end of file.
2025-03-05 08:30:36,279 [ERROR] LogOutputStream:75 - [STDERR_REDIRECT] 
2025-03-05 08:30:37,261 [ERROR] LogOutputStream:75 - [STDERR_REDIRECT] [Fatal Error] :1:1: Premature end of file.
2025-03-05 08:30:37,261 [ERROR] LogOutputStream:75 - [STDERR_REDIRECT] 
2025-03-05 08:30:38,272 [ERROR] LogOutputStream:75 - [STDERR_REDIRECT] [Fatal Error] :1:1: Premature end of file.
2025-03-05 08:30:38,272 [ERROR] LogOutputStream:75 - [STDERR_REDIRECT] 
2025-03-05 08:30:39,279 [ERROR] LogOutputStream:75 - [STDERR_REDIRECT] [Fatal Error] :1:1: Premature end of file.
2025-03-05 08:30:39,279 [ERROR] LogOutputStream:75 - [STDERR_REDIRECT] 
2025-03-05 08:30:40,263 [ERROR] LogOutputStream:75 - [STDERR_REDIRECT] [Fatal Error] :1:1: Premature end of file.
2025-03-05 08:30:40,264 [ERROR] LogOutputStream:75 - [STDERR_REDIRECT] 
2025-03-05 08:30:41,280 [ERROR] LogOutputStream:75 - [STDERR_REDIRECT] [Fatal Error] :1:1: Premature end of file.
2025-03-05 08:30:41,280 [ERROR] LogOutputStream:75 - [STDERR_REDIRECT] 
2025-03-05 08:30:42,273 [ERROR] LogOutputStream:75 - [STDERR_REDIRECT] [Fatal Error] :1:1: Premature end of file.
2025-03-05 08:30:42,273 [ERROR] LogOutputStream:75 - [STDERR_REDIRECT] 
2025-03-05 08:30:43,254 [ERROR] LogOutputStream:75 - [STDERR_REDIRECT] [Fatal Error] :1:1: Premature end of file.
2025-03-05 08:30:43,254 [ERROR] LogOutputStream:75 - [STDERR_REDIRECT] 
2025-03-05 08:30:44,283 [ERROR] LogOutputStream:75 - [STDERR_REDIRECT] [Fatal Error] :1:1: Premature end of file.
2025-03-05 08:30:44,283 [ERROR] LogOutputStream:75 - [STDERR_REDIRECT] 
2025-03-05 08:30:45,278 [ERROR] LogOutputStream:75 - [STDERR_REDIRECT] [Fatal Error] :1:1: Premature end of file.
2025-03-05 08:30:45,279 [ERROR] LogOutputStream:75 - [STDERR_REDIRECT] 
2025-03-05 08:30:46,271 [ERROR] LogOutputStream:75 - [STDERR_REDIRECT] [Fatal Error] :1:1: Premature end of file.
2025-03-05 08:30:46,271 [ERROR] LogOutputStream:75 - [STDERR_REDIRECT] 
2025-03-05 08:30:47,270 [ERROR] LogOutputStream:75 - [STDERR_REDIRECT] [Fatal Error] :1:1: Premature end of file.
2025-03-05 08:30:47,270 [ERROR] LogOutputStream:75 - [STDERR_REDIRECT] 
2025-03-05 08:30:48,264 [ERROR] LogOutputStream:75 - [STDERR_REDIRECT] [Fatal Error] :1:1: Premature end of file.
2025-03-05 08:30:48,264 [ERROR] LogOutputStream:75 - [STDERR_REDIRECT] 
2025-03-05 08:30:49,264 [ERROR] LogOutputStream:75 - [STDERR_REDIRECT] [Fatal Error] :1:1: Premature end of file.
2025-03-05 08:30:49,264 [ERROR] LogOutputStream:75 - [STDERR_REDIRECT] 
2025-03-05 08:30:50,289 [ERROR] LogOutputStream:75 - [STDERR_REDIRECT] [Fatal Error] :1:1: Premature end of file.
2025-03-05 08:30:50,289 [ERROR] LogOutputStream:75 - [STDERR_REDIRECT] 
2025-03-05 08:30:51,270 [ERROR] LogOutputStream:75 - [STDERR_REDIRECT] [Fatal Error] :1:1: Premature end of file.
2025-03-05 08:30:51,270 [ERROR] LogOutputStream:75 - [STDERR_REDIRECT] 
2025-03-05 08:30:52,278 [ERROR] LogOutputStream:75 - [STDERR_REDIRECT] [Fatal Error] :1:1: Premature end of file.
2025-03-05 08:30:52,278 [ERROR] LogOutputStream:75 - [STDERR_REDIRECT] 
2025-03-05 08:30:53,148 [INFO] UtilMem:75 - End SaveConfig() Used Memory: 492570640 Bytes (996147200)
2025-03-05 08:30:53,241 [INFO] UtilMem:75 - End SaveConfig() Used Memory: 513015824 Bytes (996147200)
2025-03-05 08:30:53,274 [ERROR] LogOutputStream:75 - [STDERR_REDIRECT] [Fatal Error] :1:1: Premature end of file.
2025-03-05 08:30:53,274 [ERROR] LogOutputStream:75 - [STDERR_REDIRECT] 
2025-03-05 08:30:53,641 [INFO] UtilMem:75 - End SaveConfig() Used Memory: 556533776 Bytes (996147200)
2025-03-05 08:30:53,848 [INFO] BlockDiagram:2775 - set Specific Code input for plugin: SYS
2025-03-05 08:30:53,848 [INFO] BlockDiagram:2775 - set Specific Code input for plugin: RCC
2025-03-05 08:30:53,848 [INFO] BlockDiagram:2775 - set Specific Code input for plugin: I2C
2025-03-05 08:30:53,848 [INFO] BlockDiagram:2775 - set Specific Code input for plugin: NVIC
2025-03-05 08:30:53,848 [INFO] BlockDiagram:2775 - set Specific Code input for plugin: USART
2025-03-05 08:30:53,848 [INFO] BlockDiagram:2775 - set Specific Code input for plugin: GPIO
2025-03-05 08:30:53,849 [INFO] CodeGenerator:882 - code generatio: config db path: C:\ST\STM32CubeIDE_1.17.0\STM32CubeIDE\plugins\com.st.stm32cube.common.mx_6.14.0.202502271554\\db\
2025-03-05 08:30:53,905 [INFO] CodeEngine:263 - oldGeneratedFile, C:\Users\raj\Project\Project\Test\Display\2025_02_18_Fast_Display\MXTmpFiles\license.tmp_save
2025-03-05 08:30:54,070 [INFO] CodeEngine:287 - Generated code: C:\Users\raj\Project\Project\Test\Display\2025_02_18_Fast_Display\MXTmpFiles\license.tmp
2025-03-05 08:30:54,102 [INFO] CodeEngine:263 - oldGeneratedFile, C:\Users\raj\Project\Project\Test\Display\2025_02_18_Fast_Display\MXTmpFiles\gpio.tmp_save
2025-03-05 08:30:54,200 [INFO] CodeEngine:287 - Generated code: C:\Users\raj\Project\Project\Test\Display\2025_02_18_Fast_Display\MXTmpFiles\gpio.tmp
2025-03-05 08:30:54,252 [ERROR] LogOutputStream:75 - [STDERR_REDIRECT] [Fatal Error] :1:1: Premature end of file.
2025-03-05 08:30:54,253 [ERROR] LogOutputStream:75 - [STDERR_REDIRECT] 
2025-03-05 08:30:54,284 [INFO] CodeEngine:263 - oldGeneratedFile, C:\Users\raj\Project\Project\Test\Display\2025_02_18_Fast_Display\Core\Src\stm32f3xx_it.c_save
2025-03-05 08:30:54,385 [INFO] CodeEngine:287 - Generated code: C:\Users\raj\Project\Project\Test\Display\2025_02_18_Fast_Display\Core\Src\stm32f3xx_it.c
2025-03-05 08:30:54,390 [INFO] CodeEngine:263 - oldGeneratedFile, C:\Users\raj\Project\Project\Test\Display\2025_02_18_Fast_Display\Core\Inc\stm32f3xx_it.h_save
2025-03-05 08:30:54,466 [INFO] CodeEngine:287 - Generated code: C:\Users\raj\Project\Project\Test\Display\2025_02_18_Fast_Display\Core\Inc\stm32f3xx_it.h
2025-03-05 08:30:54,497 [INFO] CodeEngine:263 - oldGeneratedFile, C:\Users\raj\Project\Project\Test\Display\2025_02_18_Fast_Display\Core\Src\stm32f3xx_hal_msp.c_save
2025-03-05 08:30:54,622 [INFO] CodeEngine:287 - Generated code: C:\Users\raj\Project\Project\Test\Display\2025_02_18_Fast_Display\Core\Src\stm32f3xx_hal_msp.c
2025-03-05 08:30:54,629 [INFO] CodeEngine:263 - oldGeneratedFile, C:\Users\raj\Project\Project\Test\Display\2025_02_18_Fast_Display\MXTmpFiles\system.tmp_save
2025-03-05 08:30:54,671 [INFO] CodeEngine:287 - Generated code: C:\Users\raj\Project\Project\Test\Display\2025_02_18_Fast_Display\MXTmpFiles\system.tmp
2025-03-05 08:30:54,694 [INFO] CodeEngine:319 - oldGeneratedFile, C:\Users\raj\Project\Project\Test\Display\2025_02_18_Fast_Display\Core\Inc\stm32f3xx_hal_conf.h_save
2025-03-05 08:30:54,787 [INFO] CodeEngine:343 - Generated code: C:\Users\raj\Project\Project\Test\Display\2025_02_18_Fast_Display\Core\Inc\stm32f3xx_hal_conf.h
2025-03-05 08:30:54,813 [INFO] ApiDbMcu:508 - Load IP Config File for I2C2
2025-03-05 08:30:54,816 [INFO] ApiDbMcu:508 - Load IP Config File for USART2
2025-03-05 08:30:54,818 [INFO] ApiDbMcu:508 - Load IP Config File for RCC
2025-03-05 08:30:54,847 [INFO] CodeEngine:263 - oldGeneratedFile, C:\Users\raj\Project\Project\Test\Display\2025_02_18_Fast_Display\Core\Inc\main.h_save
2025-03-05 08:30:54,896 [INFO] CodeEngine:287 - Generated code: C:\Users\raj\Project\Project\Test\Display\2025_02_18_Fast_Display\Core\Inc\main.h
2025-03-05 08:30:54,912 [INFO] CodeEngine:263 - oldGeneratedFile, C:\Users\raj\Project\Project\Test\Display\2025_02_18_Fast_Display\Core\Src\main.c_save
2025-03-05 08:30:55,019 [INFO] CodeEngine:287 - Generated code: C:\Users\raj\Project\Project\Test\Display\2025_02_18_Fast_Display\Core\Src\main.c
2025-03-05 08:30:55,203 [INFO] ProjectBuilder:3324 - Time for Copy HAL[1] : 98mS.
2025-03-05 08:30:55,205 [INFO] ProjectBuilder:4912 - Project Generator version: 4.6.0-B36
2025-03-05 08:30:55,252 [INFO] ConfigFileManager:1590 - The Die is : DIE446
2025-03-05 08:30:55,252 [ERROR] LogOutputStream:75 - [STDERR_REDIRECT] [Fatal Error] :1:1: Premature end of file.
2025-03-05 08:30:55,252 [ERROR] LogOutputStream:75 - [STDERR_REDIRECT] 
2025-03-05 08:30:55,253 [INFO] ApiDbMcu:508 - Load IP Config File for FATFS
2025-03-05 08:30:55,255 [INFO] ApiDbMcu:508 - Load IP Config File for FREERTOS
2025-03-05 08:30:55,262 [INFO] ApiDbMcu:508 - Load IP Config File for TOUCHSENSING
2025-03-05 08:30:55,265 [INFO] ApiDbMcu:508 - Load IP Config File for USB_DEVICE
2025-03-05 08:30:55,845 [INFO] ProjectBuilder:5191 - Time for Generating toolchain IDE Files: 640mS.
2025-03-05 08:30:55,845 [INFO] ProjectBuilder:3181 - Time for Copy CMSIS : 0mS.
2025-03-05 08:30:55,847 [INFO] ProjectBuilder:3181 - Time for Copy CMSIS : 0mS.
2025-03-05 08:30:56,284 [ERROR] LogOutputStream:75 - [STDERR_REDIRECT] [Fatal Error] :1:1: Premature end of file.
2025-03-05 08:30:56,285 [ERROR] LogOutputStream:75 - [STDERR_REDIRECT] 
2025-03-05 08:30:57,277 [ERROR] LogOutputStream:75 - [STDERR_REDIRECT] [Fatal Error] :1:1: Premature end of file.
2025-03-05 08:30:57,278 [ERROR] LogOutputStream:75 - [STDERR_REDIRECT] 
2025-03-05 08:30:58,277 [ERROR] LogOutputStream:75 - [STDERR_REDIRECT] [Fatal Error] :1:1: Premature end of file.
2025-03-05 08:30:58,277 [ERROR] LogOutputStream:75 - [STDERR_REDIRECT] 
2025-03-05 08:30:59,283 [ERROR] LogOutputStream:75 - [STDERR_REDIRECT] [Fatal Error] :1:1: Premature end of file.
2025-03-05 08:30:59,283 [ERROR] LogOutputStream:75 - [STDERR_REDIRECT] 
2025-03-05 08:31:00,282 [ERROR] LogOutputStream:75 - [STDERR_REDIRECT] [Fatal Error] :1:1: Premature end of file.
2025-03-05 08:31:00,283 [ERROR] LogOutputStream:75 - [STDERR_REDIRECT] 
2025-03-05 08:31:01,288 [ERROR] LogOutputStream:75 - [STDERR_REDIRECT] [Fatal Error] :1:1: Premature end of file.
2025-03-05 08:31:01,288 [ERROR] LogOutputStream:75 - [STDERR_REDIRECT] 
2025-03-05 08:31:02,282 [ERROR] LogOutputStream:75 - [STDERR_REDIRECT] [Fatal Error] :1:1: Premature end of file.
2025-03-05 08:31:02,282 [ERROR] LogOutputStream:75 - [STDERR_REDIRECT] 
2025-03-05 08:31:03,278 [ERROR] LogOutputStream:75 - [STDERR_REDIRECT] [Fatal Error] :1:1: Premature end of file.
2025-03-05 08:31:03,278 [ERROR] LogOutputStream:75 - [STDERR_REDIRECT] 
2025-03-05 08:31:04,283 [ERROR] LogOutputStream:75 - [STDERR_REDIRECT] [Fatal Error] :1:1: Premature end of file.
2025-03-05 08:31:04,283 [ERROR] LogOutputStream:75 - [STDERR_REDIRECT] 
2025-03-05 08:31:05,252 [ERROR] LogOutputStream:75 - [STDERR_REDIRECT] [Fatal Error] :1:1: Premature end of file.
2025-03-05 08:31:05,252 [ERROR] LogOutputStream:75 - [STDERR_REDIRECT] 
2025-03-05 08:31:06,261 [ERROR] LogOutputStream:75 - [STDERR_REDIRECT] [Fatal Error] :1:1: Premature end of file.
2025-03-05 08:31:06,261 [ERROR] LogOutputStream:75 - [STDERR_REDIRECT] 
2025-03-05 08:31:07,273 [ERROR] LogOutputStream:75 - [STDERR_REDIRECT] [Fatal Error] :1:1: Premature end of file.
2025-03-05 08:31:07,273 [ERROR] LogOutputStream:75 - [STDERR_REDIRECT] 
2025-03-05 08:31:08,278 [ERROR] LogOutputStream:75 - [STDERR_REDIRECT] [Fatal Error] :1:1: Premature end of file.
2025-03-05 08:31:08,278 [ERROR] LogOutputStream:75 - [STDERR_REDIRECT] 
2025-03-05 08:31:09,282 [ERROR] LogOutputStream:75 - [STDERR_REDIRECT] [Fatal Error] :1:1: Premature end of file.
2025-03-05 08:31:09,282 [ERROR] LogOutputStream:75 - [STDERR_REDIRECT] 
2025-03-05 08:31:10,291 [ERROR] LogOutputStream:75 - [STDERR_REDIRECT] [Fatal Error] :1:1: Premature end of file.
2025-03-05 08:31:10,291 [ERROR] LogOutputStream:75 - [STDERR_REDIRECT] 
2025-03-05 08:31:11,277 [ERROR] LogOutputStream:75 - [STDERR_REDIRECT] [Fatal Error] :1:1: Premature end of file.
2025-03-05 08:31:11,277 [ERROR] LogOutputStream:75 - [STDERR_REDIRECT] 
2025-03-05 08:31:12,269 [ERROR] LogOutputStream:75 - [STDERR_REDIRECT] [Fatal Error] :1:1: Premature end of file.
2025-03-05 08:31:12,269 [ERROR] LogOutputStream:75 - [STDERR_REDIRECT] 
2025-03-05 08:31:13,276 [ERROR] LogOutputStream:75 - [STDERR_REDIRECT] [Fatal Error] :1:1: Premature end of file.
2025-03-05 08:31:13,276 [ERROR] LogOutputStream:75 - [STDERR_REDIRECT] 
2025-03-05 08:31:14,281 [ERROR] LogOutputStream:75 - [STDERR_REDIRECT] [Fatal Error] :1:1: Premature end of file.
2025-03-05 08:31:14,282 [ERROR] LogOutputStream:75 - [STDERR_REDIRECT] 
2025-03-05 08:31:15,272 [ERROR] LogOutputStream:75 - [STDERR_REDIRECT] [Fatal Error] :1:1: Premature end of file.
2025-03-05 08:31:15,273 [ERROR] LogOutputStream:75 - [STDERR_REDIRECT] 
2025-03-05 08:31:16,265 [ERROR] LogOutputStream:75 - [STDERR_REDIRECT] [Fatal Error] :1:1: Premature end of file.
2025-03-05 08:31:16,265 [ERROR] LogOutputStream:75 - [STDERR_REDIRECT] 
2025-03-05 08:31:17,284 [ERROR] LogOutputStream:75 - [STDERR_REDIRECT] [Fatal Error] :1:1: Premature end of file.
2025-03-05 08:31:17,284 [ERROR] LogOutputStream:75 - [STDERR_REDIRECT] 
2025-03-05 08:31:18,276 [ERROR] LogOutputStream:75 - [STDERR_REDIRECT] [Fatal Error] :1:1: Premature end of file.
2025-03-05 08:31:18,276 [ERROR] LogOutputStream:75 - [STDERR_REDIRECT] 
2025-03-05 08:31:19,270 [ERROR] LogOutputStream:75 - [STDERR_REDIRECT] [Fatal Error] :1:1: Premature end of file.
2025-03-05 08:31:19,270 [ERROR] LogOutputStream:75 - [STDERR_REDIRECT] 
2025-03-05 08:31:20,271 [ERROR] LogOutputStream:75 - [STDERR_REDIRECT] [Fatal Error] :1:1: Premature end of file.
2025-03-05 08:31:20,271 [ERROR] LogOutputStream:75 - [STDERR_REDIRECT] 
2025-03-05 08:31:21,279 [ERROR] LogOutputStream:75 - [STDERR_REDIRECT] [Fatal Error] :1:1: Premature end of file.
2025-03-05 08:31:21,279 [ERROR] LogOutputStream:75 - [STDERR_REDIRECT] 
2025-03-05 08:31:22,279 [ERROR] LogOutputStream:75 - [STDERR_REDIRECT] [Fatal Error] :1:1: Premature end of file.
2025-03-05 08:31:22,279 [ERROR] LogOutputStream:75 - [STDERR_REDIRECT] 
2025-03-05 08:31:23,274 [ERROR] LogOutputStream:75 - [STDERR_REDIRECT] [Fatal Error] :1:1: Premature end of file.
2025-03-05 08:31:23,274 [ERROR] LogOutputStream:75 - [STDERR_REDIRECT] 
2025-03-05 08:31:24,280 [ERROR] LogOutputStream:75 - [STDERR_REDIRECT] [Fatal Error] :1:1: Premature end of file.
2025-03-05 08:31:24,280 [ERROR] LogOutputStream:75 - [STDERR_REDIRECT] 
2025-03-05 08:31:25,274 [ERROR] LogOutputStream:75 - [STDERR_REDIRECT] [Fatal Error] :1:1: Premature end of file.
2025-03-05 08:31:25,275 [ERROR] LogOutputStream:75 - [STDERR_REDIRECT] 
2025-03-05 08:31:26,276 [ERROR] LogOutputStream:75 - [STDERR_REDIRECT] [Fatal Error] :1:1: Premature end of file.
2025-03-05 08:31:26,276 [ERROR] LogOutputStream:75 - [STDERR_REDIRECT] 
2025-03-05 08:31:27,274 [ERROR] LogOutputStream:75 - [STDERR_REDIRECT] [Fatal Error] :1:1: Premature end of file.
2025-03-05 08:31:27,275 [ERROR] LogOutputStream:75 - [STDERR_REDIRECT] 
2025-03-05 08:31:28,273 [ERROR] LogOutputStream:75 - [STDERR_REDIRECT] [Fatal Error] :1:1: Premature end of file.
2025-03-05 08:31:28,273 [ERROR] LogOutputStream:75 - [STDERR_REDIRECT] 
2025-03-05 08:31:29,273 [ERROR] LogOutputStream:75 - [STDERR_REDIRECT] [Fatal Error] :1:1: Premature end of file.
2025-03-05 08:31:29,273 [ERROR] LogOutputStream:75 - [STDERR_REDIRECT] 
2025-03-05 08:31:30,274 [ERROR] LogOutputStream:75 - [STDERR_REDIRECT] [Fatal Error] :1:1: Premature end of file.
2025-03-05 08:31:30,274 [ERROR] LogOutputStream:75 - [STDERR_REDIRECT] 
2025-03-05 08:31:31,280 [ERROR] LogOutputStream:75 - [STDERR_REDIRECT] [Fatal Error] :1:1: Premature end of file.
2025-03-05 08:31:31,280 [ERROR] LogOutputStream:75 - [STDERR_REDIRECT] 
2025-03-05 08:31:32,270 [ERROR] LogOutputStream:75 - [STDERR_REDIRECT] [Fatal Error] :1:1: Premature end of file.
2025-03-05 08:31:32,270 [ERROR] LogOutputStream:75 - [STDERR_REDIRECT] 
2025-03-05 08:31:33,275 [ERROR] LogOutputStream:75 - [STDERR_REDIRECT] [Fatal Error] :1:1: Premature end of file.
2025-03-05 08:31:33,276 [ERROR] LogOutputStream:75 - [STDERR_REDIRECT] 
2025-03-05 08:31:34,272 [ERROR] LogOutputStream:75 - [STDERR_REDIRECT] [Fatal Error] :1:1: Premature end of file.
2025-03-05 08:31:34,272 [ERROR] LogOutputStream:75 - [STDERR_REDIRECT] 
2025-03-05 08:31:35,278 [ERROR] LogOutputStream:75 - [STDERR_REDIRECT] [Fatal Error] :1:1: Premature end of file.
2025-03-05 08:31:35,279 [ERROR] LogOutputStream:75 - [STDERR_REDIRECT] 
2025-03-05 08:31:36,280 [ERROR] LogOutputStream:75 - [STDERR_REDIRECT] [Fatal Error] :1:1: Premature end of file.
2025-03-05 08:31:36,280 [ERROR] LogOutputStream:75 - [STDERR_REDIRECT] 
2025-03-05 08:31:37,277 [ERROR] LogOutputStream:75 - [STDERR_REDIRECT] [Fatal Error] :1:1: Premature end of file.
2025-03-05 08:31:37,278 [ERROR] LogOutputStream:75 - [STDERR_REDIRECT] 
2025-03-05 08:31:38,273 [ERROR] LogOutputStream:75 - [STDERR_REDIRECT] [Fatal Error] :1:1: Premature end of file.
2025-03-05 08:31:38,273 [ERROR] LogOutputStream:75 - [STDERR_REDIRECT] 
2025-03-05 08:31:39,277 [ERROR] LogOutputStream:75 - [STDERR_REDIRECT] [Fatal Error] :1:1: Premature end of file.
2025-03-05 08:31:39,278 [ERROR] LogOutputStream:75 - [STDERR_REDIRECT] 
2025-03-05 08:31:40,266 [ERROR] LogOutputStream:75 - [STDERR_REDIRECT] [Fatal Error] :1:1: Premature end of file.
2025-03-05 08:31:40,266 [ERROR] LogOutputStream:75 - [STDERR_REDIRECT] 
2025-03-05 08:31:41,280 [ERROR] LogOutputStream:75 - [STDERR_REDIRECT] [Fatal Error] :1:1: Premature end of file.
2025-03-05 08:31:41,281 [ERROR] LogOutputStream:75 - [STDERR_REDIRECT] 
2025-03-05 08:31:42,281 [ERROR] LogOutputStream:75 - [STDERR_REDIRECT] [Fatal Error] :1:1: Premature end of file.
2025-03-05 08:31:42,282 [ERROR] LogOutputStream:75 - [STDERR_REDIRECT] 
2025-03-05 08:31:43,285 [ERROR] LogOutputStream:75 - [STDERR_REDIRECT] [Fatal Error] :1:1: Premature end of file.
2025-03-05 08:31:43,285 [ERROR] LogOutputStream:75 - [STDERR_REDIRECT] 
2025-03-05 08:31:44,274 [ERROR] LogOutputStream:75 - [STDERR_REDIRECT] [Fatal Error] :1:1: Premature end of file.
2025-03-05 08:31:44,275 [ERROR] LogOutputStream:75 - [STDERR_REDIRECT] 
2025-03-05 08:31:45,281 [ERROR] LogOutputStream:75 - [STDERR_REDIRECT] [Fatal Error] :1:1: Premature end of file.
2025-03-05 08:31:45,282 [ERROR] LogOutputStream:75 - [STDERR_REDIRECT] 
2025-03-05 08:31:46,275 [ERROR] LogOutputStream:75 - [STDERR_REDIRECT] [Fatal Error] :1:1: Premature end of file.
2025-03-05 08:31:46,275 [ERROR] LogOutputStream:75 - [STDERR_REDIRECT] 
2025-03-05 08:31:47,279 [ERROR] LogOutputStream:75 - [STDERR_REDIRECT] [Fatal Error] :1:1: Premature end of file.
2025-03-05 08:31:47,279 [ERROR] LogOutputStream:75 - [STDERR_REDIRECT] 
2025-03-05 08:31:48,278 [ERROR] LogOutputStream:75 - [STDERR_REDIRECT] [Fatal Error] :1:1: Premature end of file.
2025-03-05 08:31:48,278 [ERROR] LogOutputStream:75 - [STDERR_REDIRECT] 
2025-03-05 08:31:49,282 [ERROR] LogOutputStream:75 - [STDERR_REDIRECT] [Fatal Error] :1:1: Premature end of file.
2025-03-05 08:31:49,282 [ERROR] LogOutputStream:75 - [STDERR_REDIRECT] 
2025-03-05 08:31:50,276 [ERROR] LogOutputStream:75 - [STDERR_REDIRECT] [Fatal Error] :1:1: Premature end of file.
2025-03-05 08:31:50,276 [ERROR] LogOutputStream:75 - [STDERR_REDIRECT] 
2025-03-05 08:31:51,274 [ERROR] LogOutputStream:75 - [STDERR_REDIRECT] [Fatal Error] :1:1: Premature end of file.
2025-03-05 08:31:51,274 [ERROR] LogOutputStream:75 - [STDERR_REDIRECT] 
2025-03-05 08:31:52,267 [ERROR] LogOutputStream:75 - [STDERR_REDIRECT] [Fatal Error] :1:1: Premature end of file.
2025-03-05 08:31:52,267 [ERROR] LogOutputStream:75 - [STDERR_REDIRECT] 
2025-03-05 08:31:53,275 [ERROR] LogOutputStream:75 - [STDERR_REDIRECT] [Fatal Error] :1:1: Premature end of file.
2025-03-05 08:31:53,275 [ERROR] LogOutputStream:75 - [STDERR_REDIRECT] 
2025-03-05 08:31:54,251 [ERROR] LogOutputStream:75 - [STDERR_REDIRECT] [Fatal Error] :1:1: Premature end of file.
2025-03-05 08:31:54,251 [ERROR] LogOutputStream:75 - [STDERR_REDIRECT] 
2025-03-05 08:31:55,267 [ERROR] LogOutputStream:75 - [STDERR_REDIRECT] [Fatal Error] :1:1: Premature end of file.
2025-03-05 08:31:55,267 [ERROR] LogOutputStream:75 - [STDERR_REDIRECT] 
2025-03-05 08:31:56,287 [ERROR] LogOutputStream:75 - [STDERR_REDIRECT] [Fatal Error] :1:1: Premature end of file.
2025-03-05 08:31:56,287 [ERROR] LogOutputStream:75 - [STDERR_REDIRECT] 
2025-03-05 08:31:57,284 [ERROR] LogOutputStream:75 - [STDERR_REDIRECT] [Fatal Error] :1:1: Premature end of file.
2025-03-05 08:31:57,284 [ERROR] LogOutputStream:75 - [STDERR_REDIRECT] 
2025-03-05 08:31:58,275 [ERROR] LogOutputStream:75 - [STDERR_REDIRECT] [Fatal Error] :1:1: Premature end of file.
2025-03-05 08:31:58,276 [ERROR] LogOutputStream:75 - [STDERR_REDIRECT] 
2025-03-05 08:31:59,261 [ERROR] LogOutputStream:75 - [STDERR_REDIRECT] [Fatal Error] :1:1: Premature end of file.
2025-03-05 08:31:59,261 [ERROR] LogOutputStream:75 - [STDERR_REDIRECT] 
2025-03-05 08:32:00,279 [ERROR] LogOutputStream:75 - [STDERR_REDIRECT] [Fatal Error] :1:1: Premature end of file.
2025-03-05 08:32:00,279 [ERROR] LogOutputStream:75 - [STDERR_REDIRECT] 
2025-03-05 08:32:01,273 [ERROR] LogOutputStream:75 - [STDERR_REDIRECT] [Fatal Error] :1:1: Premature end of file.
2025-03-05 08:32:01,273 [ERROR] LogOutputStream:75 - [STDERR_REDIRECT] 
2025-03-05 08:32:02,264 [ERROR] LogOutputStream:75 - [STDERR_REDIRECT] [Fatal Error] :1:1: Premature end of file.
2025-03-05 08:32:02,264 [ERROR] LogOutputStream:75 - [STDERR_REDIRECT] 
2025-03-05 08:32:03,272 [ERROR] LogOutputStream:75 - [STDERR_REDIRECT] [Fatal Error] :1:1: Premature end of file.
2025-03-05 08:32:03,272 [ERROR] LogOutputStream:75 - [STDERR_REDIRECT] 
2025-03-05 08:32:04,272 [ERROR] LogOutputStream:75 - [STDERR_REDIRECT] [Fatal Error] :1:1: Premature end of file.
2025-03-05 08:32:04,272 [ERROR] LogOutputStream:75 - [STDERR_REDIRECT] 
2025-03-05 08:32:05,281 [ERROR] LogOutputStream:75 - [STDERR_REDIRECT] [Fatal Error] :1:1: Premature end of file.
2025-03-05 08:32:05,281 [ERROR] LogOutputStream:75 - [STDERR_REDIRECT] 
2025-03-05 08:32:06,285 [ERROR] LogOutputStream:75 - [STDERR_REDIRECT] [Fatal Error] :1:1: Premature end of file.
2025-03-05 08:32:06,285 [ERROR] LogOutputStream:75 - [STDERR_REDIRECT] 
2025-03-05 08:32:07,277 [ERROR] LogOutputStream:75 - [STDERR_REDIRECT] [Fatal Error] :1:1: Premature end of file.
2025-03-05 08:32:07,277 [ERROR] LogOutputStream:75 - [STDERR_REDIRECT] 
2025-03-05 08:32:08,275 [ERROR] LogOutputStream:75 - [STDERR_REDIRECT] [Fatal Error] :1:1: Premature end of file.
2025-03-05 08:32:08,275 [ERROR] LogOutputStream:75 - [STDERR_REDIRECT] 
2025-03-05 08:32:09,279 [ERROR] LogOutputStream:75 - [STDERR_REDIRECT] [Fatal Error] :1:1: Premature end of file.
2025-03-05 08:32:09,279 [ERROR] LogOutputStream:75 - [STDERR_REDIRECT] 
2025-03-05 08:32:10,273 [ERROR] LogOutputStream:75 - [STDERR_REDIRECT] [Fatal Error] :1:1: Premature end of file.
2025-03-05 08:32:10,273 [ERROR] LogOutputStream:75 - [STDERR_REDIRECT] 
2025-03-05 08:32:11,273 [ERROR] LogOutputStream:75 - [STDERR_REDIRECT] [Fatal Error] :1:1: Premature end of file.
2025-03-05 08:32:11,273 [ERROR] LogOutputStream:75 - [STDERR_REDIRECT] 
2025-03-05 08:32:12,276 [ERROR] LogOutputStream:75 - [STDERR_REDIRECT] [Fatal Error] :1:1: Premature end of file.
2025-03-05 08:32:12,276 [ERROR] LogOutputStream:75 - [STDERR_REDIRECT] 
2025-03-05 08:32:13,249 [ERROR] LogOutputStream:75 - [STDERR_REDIRECT] [Fatal Error] :1:1: Premature end of file.
2025-03-05 08:32:13,249 [ERROR] LogOutputStream:75 - [STDERR_REDIRECT] 
2025-03-05 08:32:14,274 [ERROR] LogOutputStream:75 - [STDERR_REDIRECT] [Fatal Error] :1:1: Premature end of file.
2025-03-05 08:32:14,274 [ERROR] LogOutputStream:75 - [STDERR_REDIRECT] 
2025-03-05 08:32:15,281 [ERROR] LogOutputStream:75 - [STDERR_REDIRECT] [Fatal Error] :1:1: Premature end of file.
2025-03-05 08:32:15,281 [ERROR] LogOutputStream:75 - [STDERR_REDIRECT] 
2025-03-05 08:32:16,257 [ERROR] LogOutputStream:75 - [STDERR_REDIRECT] [Fatal Error] :1:1: Premature end of file.
2025-03-05 08:32:16,258 [ERROR] LogOutputStream:75 - [STDERR_REDIRECT] 
2025-03-05 08:32:17,258 [ERROR] LogOutputStream:75 - [STDERR_REDIRECT] [Fatal Error] :1:1: Premature end of file.
2025-03-05 08:32:17,259 [ERROR] LogOutputStream:75 - [STDERR_REDIRECT] 
2025-03-05 08:32:18,278 [ERROR] LogOutputStream:75 - [STDERR_REDIRECT] [Fatal Error] :1:1: Premature end of file.
2025-03-05 08:32:18,278 [ERROR] LogOutputStream:75 - [STDERR_REDIRECT] 
2025-03-05 08:32:19,268 [ERROR] LogOutputStream:75 - [STDERR_REDIRECT] [Fatal Error] :1:1: Premature end of file.
2025-03-05 08:32:19,268 [ERROR] LogOutputStream:75 - [STDERR_REDIRECT] 
2025-03-05 08:32:20,277 [ERROR] LogOutputStream:75 - [STDERR_REDIRECT] [Fatal Error] :1:1: Premature end of file.
2025-03-05 08:32:20,277 [ERROR] LogOutputStream:75 - [STDERR_REDIRECT] 
2025-03-05 08:32:21,306 [ERROR] LogOutputStream:75 - [STDERR_REDIRECT] [Fatal Error] :1:1: Premature end of file.
2025-03-05 08:32:21,306 [ERROR] LogOutputStream:75 - [STDERR_REDIRECT] 
2025-03-05 08:32:22,262 [ERROR] LogOutputStream:75 - [STDERR_REDIRECT] [Fatal Error] :1:1: Premature end of file.
2025-03-05 08:32:22,263 [ERROR] LogOutputStream:75 - [STDERR_REDIRECT] 
2025-03-05 08:32:23,249 [ERROR] LogOutputStream:75 - [STDERR_REDIRECT] [Fatal Error] :1:1: Premature end of file.
2025-03-05 08:32:23,250 [ERROR] LogOutputStream:75 - [STDERR_REDIRECT] 
2025-03-05 08:32:24,248 [ERROR] LogOutputStream:75 - [STDERR_REDIRECT] [Fatal Error] :1:1: Premature end of file.
2025-03-05 08:32:24,248 [ERROR] LogOutputStream:75 - [STDERR_REDIRECT] 
2025-03-05 08:32:25,296 [ERROR] LogOutputStream:75 - [STDERR_REDIRECT] [Fatal Error] :1:1: Premature end of file.
2025-03-05 08:32:25,297 [ERROR] LogOutputStream:75 - [STDERR_REDIRECT] 
2025-03-05 08:32:26,285 [ERROR] LogOutputStream:75 - [STDERR_REDIRECT] [Fatal Error] :1:1: Premature end of file.
2025-03-05 08:32:26,286 [ERROR] LogOutputStream:75 - [STDERR_REDIRECT] 
2025-03-05 08:32:27,313 [ERROR] LogOutputStream:75 - [STDERR_REDIRECT] [Fatal Error] :1:1: Premature end of file.
2025-03-05 08:32:27,313 [ERROR] LogOutputStream:75 - [STDERR_REDIRECT] 
2025-03-05 08:32:28,289 [ERROR] LogOutputStream:75 - [STDERR_REDIRECT] [Fatal Error] :1:1: Premature end of file.
2025-03-05 08:32:28,290 [ERROR] LogOutputStream:75 - [STDERR_REDIRECT] 
2025-03-05 08:32:29,287 [ERROR] LogOutputStream:75 - [STDERR_REDIRECT] [Fatal Error] :1:1: Premature end of file.
2025-03-05 08:32:29,288 [ERROR] LogOutputStream:75 - [STDERR_REDIRECT] 
2025-03-05 08:32:30,280 [ERROR] LogOutputStream:75 - [STDERR_REDIRECT] [Fatal Error] :1:1: Premature end of file.
2025-03-05 08:32:30,280 [ERROR] LogOutputStream:75 - [STDERR_REDIRECT] 
2025-03-05 08:32:31,313 [ERROR] LogOutputStream:75 - [STDERR_REDIRECT] [Fatal Error] :1:1: Premature end of file.
2025-03-05 08:32:31,314 [ERROR] LogOutputStream:75 - [STDERR_REDIRECT] 
2025-03-05 08:32:32,290 [ERROR] LogOutputStream:75 - [STDERR_REDIRECT] [Fatal Error] :1:1: Premature end of file.
2025-03-05 08:32:32,291 [ERROR] LogOutputStream:75 - [STDERR_REDIRECT] 
2025-03-05 08:32:33,283 [ERROR] LogOutputStream:75 - [STDERR_REDIRECT] [Fatal Error] :1:1: Premature end of file.
2025-03-05 08:32:33,284 [ERROR] LogOutputStream:75 - [STDERR_REDIRECT] 
2025-03-05 08:32:34,258 [ERROR] LogOutputStream:75 - [STDERR_REDIRECT] [Fatal Error] :1:1: Premature end of file.
2025-03-05 08:32:34,258 [ERROR] LogOutputStream:75 - [STDERR_REDIRECT] 
2025-03-05 08:32:35,287 [ERROR] LogOutputStream:75 - [STDERR_REDIRECT] [Fatal Error] :1:1: Premature end of file.
2025-03-05 08:32:35,287 [ERROR] LogOutputStream:75 - [STDERR_REDIRECT] 
2025-03-05 08:32:36,293 [ERROR] LogOutputStream:75 - [STDERR_REDIRECT] [Fatal Error] :1:1: Premature end of file.
2025-03-05 08:32:36,293 [ERROR] LogOutputStream:75 - [STDERR_REDIRECT] 
2025-03-05 08:32:37,351 [ERROR] LogOutputStream:75 - [STDERR_REDIRECT] [Fatal Error] :1:1: Premature end of file.
2025-03-05 08:32:37,351 [ERROR] LogOutputStream:75 - [STDERR_REDIRECT] 
2025-03-05 08:32:38,301 [ERROR] LogOutputStream:75 - [STDERR_REDIRECT] [Fatal Error] :1:1: Premature end of file.
2025-03-05 08:32:38,301 [ERROR] LogOutputStream:75 - [STDERR_REDIRECT] 
2025-03-05 08:32:39,288 [ERROR] LogOutputStream:75 - [STDERR_REDIRECT] [Fatal Error] :1:1: Premature end of file.
2025-03-05 08:32:39,288 [ERROR] LogOutputStream:75 - [STDERR_REDIRECT] 
2025-03-05 08:32:40,288 [ERROR] LogOutputStream:75 - [STDERR_REDIRECT] [Fatal Error] :1:1: Premature end of file.
2025-03-05 08:32:40,289 [ERROR] LogOutputStream:75 - [STDERR_REDIRECT] 
2025-03-05 08:32:41,280 [ERROR] LogOutputStream:75 - [STDERR_REDIRECT] [Fatal Error] :1:1: Premature end of file.
2025-03-05 08:32:41,281 [ERROR] LogOutputStream:75 - [STDERR_REDIRECT] 
2025-03-05 08:32:42,272 [ERROR] LogOutputStream:75 - [STDERR_REDIRECT] [Fatal Error] :1:1: Premature end of file.
2025-03-05 08:32:42,272 [ERROR] LogOutputStream:75 - [STDERR_REDIRECT] 
2025-03-05 08:32:43,282 [ERROR] LogOutputStream:75 - [STDERR_REDIRECT] [Fatal Error] :1:1: Premature end of file.
2025-03-05 08:32:43,282 [ERROR] LogOutputStream:75 - [STDERR_REDIRECT] 
2025-03-05 08:32:44,283 [ERROR] LogOutputStream:75 - [STDERR_REDIRECT] [Fatal Error] :1:1: Premature end of file.
2025-03-05 08:32:44,283 [ERROR] LogOutputStream:75 - [STDERR_REDIRECT] 
2025-03-05 08:32:45,267 [ERROR] LogOutputStream:75 - [STDERR_REDIRECT] [Fatal Error] :1:1: Premature end of file.
2025-03-05 08:32:45,267 [ERROR] LogOutputStream:75 - [STDERR_REDIRECT] 
2025-03-05 08:32:46,278 [ERROR] LogOutputStream:75 - [STDERR_REDIRECT] [Fatal Error] :1:1: Premature end of file.
2025-03-05 08:32:46,279 [ERROR] LogOutputStream:75 - [STDERR_REDIRECT] 
2025-03-05 08:32:47,281 [ERROR] LogOutputStream:75 - [STDERR_REDIRECT] [Fatal Error] :1:1: Premature end of file.
2025-03-05 08:32:47,281 [ERROR] LogOutputStream:75 - [STDERR_REDIRECT] 
2025-03-05 08:32:48,273 [ERROR] LogOutputStream:75 - [STDERR_REDIRECT] [Fatal Error] :1:1: Premature end of file.
2025-03-05 08:32:48,273 [ERROR] LogOutputStream:75 - [STDERR_REDIRECT] 
2025-03-05 08:32:49,261 [ERROR] LogOutputStream:75 - [STDERR_REDIRECT] [Fatal Error] :1:1: Premature end of file.
2025-03-05 08:32:49,261 [ERROR] LogOutputStream:75 - [STDERR_REDIRECT] 
2025-03-05 08:32:50,288 [ERROR] LogOutputStream:75 - [STDERR_REDIRECT] [Fatal Error] :1:1: Premature end of file.
2025-03-05 08:32:50,288 [ERROR] LogOutputStream:75 - [STDERR_REDIRECT] 
2025-03-05 08:32:51,274 [ERROR] LogOutputStream:75 - [STDERR_REDIRECT] [Fatal Error] :1:1: Premature end of file.
2025-03-05 08:32:51,274 [ERROR] LogOutputStream:75 - [STDERR_REDIRECT] 
2025-03-05 08:32:52,275 [ERROR] LogOutputStream:75 - [STDERR_REDIRECT] [Fatal Error] :1:1: Premature end of file.
2025-03-05 08:32:52,276 [ERROR] LogOutputStream:75 - [STDERR_REDIRECT] 
2025-03-05 08:32:53,264 [ERROR] LogOutputStream:75 - [STDERR_REDIRECT] [Fatal Error] :1:1: Premature end of file.
2025-03-05 08:32:53,264 [ERROR] LogOutputStream:75 - [STDERR_REDIRECT] 
2025-03-05 08:32:54,251 [ERROR] LogOutputStream:75 - [STDERR_REDIRECT] [Fatal Error] :1:1: Premature end of file.
2025-03-05 08:32:54,251 [ERROR] LogOutputStream:75 - [STDERR_REDIRECT] 
2025-03-05 08:32:55,271 [ERROR] LogOutputStream:75 - [STDERR_REDIRECT] [Fatal Error] :1:1: Premature end of file.
2025-03-05 08:32:55,272 [ERROR] LogOutputStream:75 - [STDERR_REDIRECT] 
2025-03-05 08:32:56,272 [ERROR] LogOutputStream:75 - [STDERR_REDIRECT] [Fatal Error] :1:1: Premature end of file.
2025-03-05 08:32:56,272 [ERROR] LogOutputStream:75 - [STDERR_REDIRECT] 
2025-03-05 08:32:57,279 [ERROR] LogOutputStream:75 - [STDERR_REDIRECT] [Fatal Error] :1:1: Premature end of file.
2025-03-05 08:32:57,279 [ERROR] LogOutputStream:75 - [STDERR_REDIRECT] 
2025-03-05 08:32:58,283 [ERROR] LogOutputStream:75 - [STDERR_REDIRECT] [Fatal Error] :1:1: Premature end of file.
2025-03-05 08:32:58,283 [ERROR] LogOutputStream:75 - [STDERR_REDIRECT] 
2025-03-05 08:32:59,257 [ERROR] LogOutputStream:75 - [STDERR_REDIRECT] [Fatal Error] :1:1: Premature end of file.
2025-03-05 08:32:59,257 [ERROR] LogOutputStream:75 - [STDERR_REDIRECT] 
2025-03-05 08:33:00,275 [ERROR] LogOutputStream:75 - [STDERR_REDIRECT] [Fatal Error] :1:1: Premature end of file.
2025-03-05 08:33:00,275 [ERROR] LogOutputStream:75 - [STDERR_REDIRECT] 
2025-03-05 08:33:01,269 [ERROR] LogOutputStream:75 - [STDERR_REDIRECT] [Fatal Error] :1:1: Premature end of file.
2025-03-05 08:33:01,269 [ERROR] LogOutputStream:75 - [STDERR_REDIRECT] 
2025-03-05 08:33:02,285 [ERROR] LogOutputStream:75 - [STDERR_REDIRECT] [Fatal Error] :1:1: Premature end of file.
2025-03-05 08:33:02,286 [ERROR] LogOutputStream:75 - [STDERR_REDIRECT] 
2025-03-05 08:33:03,272 [ERROR] LogOutputStream:75 - [STDERR_REDIRECT] [Fatal Error] :1:1: Premature end of file.
2025-03-05 08:33:03,272 [ERROR] LogOutputStream:75 - [STDERR_REDIRECT] 
2025-03-05 08:33:04,265 [ERROR] LogOutputStream:75 - [STDERR_REDIRECT] [Fatal Error] :1:1: Premature end of file.
2025-03-05 08:33:04,265 [ERROR] LogOutputStream:75 - [STDERR_REDIRECT] 
2025-03-05 08:33:05,272 [ERROR] LogOutputStream:75 - [STDERR_REDIRECT] [Fatal Error] :1:1: Premature end of file.
2025-03-05 08:33:05,272 [ERROR] LogOutputStream:75 - [STDERR_REDIRECT] 
2025-03-05 08:33:06,278 [ERROR] LogOutputStream:75 - [STDERR_REDIRECT] [Fatal Error] :1:1: Premature end of file.
2025-03-05 08:33:06,279 [ERROR] LogOutputStream:75 - [STDERR_REDIRECT] 
2025-03-05 08:33:07,279 [ERROR] LogOutputStream:75 - [STDERR_REDIRECT] [Fatal Error] :1:1: Premature end of file.
2025-03-05 08:33:07,279 [ERROR] LogOutputStream:75 - [STDERR_REDIRECT] 
2025-03-05 08:33:08,267 [ERROR] LogOutputStream:75 - [STDERR_REDIRECT] [Fatal Error] :1:1: Premature end of file.
2025-03-05 08:33:08,267 [ERROR] LogOutputStream:75 - [STDERR_REDIRECT] 
2025-03-05 08:33:09,267 [ERROR] LogOutputStream:75 - [STDERR_REDIRECT] [Fatal Error] :1:1: Premature end of file.
2025-03-05 08:33:09,268 [ERROR] LogOutputStream:75 - [STDERR_REDIRECT] 
2025-03-05 08:33:10,278 [ERROR] LogOutputStream:75 - [STDERR_REDIRECT] [Fatal Error] :1:1: Premature end of file.
2025-03-05 08:33:10,279 [ERROR] LogOutputStream:75 - [STDERR_REDIRECT] 
2025-03-05 08:33:11,286 [ERROR] LogOutputStream:75 - [STDERR_REDIRECT] [Fatal Error] :1:1: Premature end of file.
2025-03-05 08:33:11,286 [ERROR] LogOutputStream:75 - [STDERR_REDIRECT] 
2025-03-05 08:33:12,280 [ERROR] LogOutputStream:75 - [STDERR_REDIRECT] [Fatal Error] :1:1: Premature end of file.
2025-03-05 08:33:12,280 [ERROR] LogOutputStream:75 - [STDERR_REDIRECT] 
2025-03-05 08:33:13,275 [ERROR] LogOutputStream:75 - [STDERR_REDIRECT] [Fatal Error] :1:1: Premature end of file.
2025-03-05 08:33:13,275 [ERROR] LogOutputStream:75 - [STDERR_REDIRECT] 
2025-03-05 08:33:14,272 [ERROR] LogOutputStream:75 - [STDERR_REDIRECT] [Fatal Error] :1:1: Premature end of file.
2025-03-05 08:33:14,272 [ERROR] LogOutputStream:75 - [STDERR_REDIRECT] 
2025-03-05 08:33:15,279 [ERROR] LogOutputStream:75 - [STDERR_REDIRECT] [Fatal Error] :1:1: Premature end of file.
2025-03-05 08:33:15,279 [ERROR] LogOutputStream:75 - [STDERR_REDIRECT] 
2025-03-05 08:33:16,242 [ERROR] LogOutputStream:75 - [STDERR_REDIRECT] [Fatal Error] :1:1: Premature end of file.
2025-03-05 08:33:16,242 [ERROR] LogOutputStream:75 - [STDERR_REDIRECT] 
2025-03-05 08:33:17,295 [ERROR] LogOutputStream:75 - [STDERR_REDIRECT] [Fatal Error] :1:1: Premature end of file.
2025-03-05 08:33:17,295 [ERROR] LogOutputStream:75 - [STDERR_REDIRECT] 
2025-03-05 08:33:18,274 [ERROR] LogOutputStream:75 - [STDERR_REDIRECT] [Fatal Error] :1:1: Premature end of file.
2025-03-05 08:33:18,274 [ERROR] LogOutputStream:75 - [STDERR_REDIRECT] 
2025-03-05 08:33:19,254 [ERROR] LogOutputStream:75 - [STDERR_REDIRECT] [Fatal Error] :1:1: Premature end of file.
2025-03-05 08:33:19,254 [ERROR] LogOutputStream:75 - [STDERR_REDIRECT] 
2025-03-05 08:33:20,250 [ERROR] LogOutputStream:75 - [STDERR_REDIRECT] [Fatal Error] :1:1: Premature end of file.
2025-03-05 08:33:20,250 [ERROR] LogOutputStream:75 - [STDERR_REDIRECT] 
2025-03-05 08:33:21,284 [ERROR] LogOutputStream:75 - [STDERR_REDIRECT] [Fatal Error] :1:1: Premature end of file.
2025-03-05 08:33:21,284 [ERROR] LogOutputStream:75 - [STDERR_REDIRECT] 
2025-03-05 08:33:22,280 [ERROR] LogOutputStream:75 - [STDERR_REDIRECT] [Fatal Error] :1:1: Premature end of file.
2025-03-05 08:33:22,280 [ERROR] LogOutputStream:75 - [STDERR_REDIRECT] 
2025-03-05 08:33:23,286 [ERROR] LogOutputStream:75 - [STDERR_REDIRECT] [Fatal Error] :1:1: Premature end of file.
2025-03-05 08:33:23,286 [ERROR] LogOutputStream:75 - [STDERR_REDIRECT] 
2025-03-05 08:33:24,265 [ERROR] LogOutputStream:75 - [STDERR_REDIRECT] [Fatal Error] :1:1: Premature end of file.
2025-03-05 08:33:24,266 [ERROR] LogOutputStream:75 - [STDERR_REDIRECT] 
2025-03-05 08:33:25,270 [ERROR] LogOutputStream:75 - [STDERR_REDIRECT] [Fatal Error] :1:1: Premature end of file.
2025-03-05 08:33:25,270 [ERROR] LogOutputStream:75 - [STDERR_REDIRECT] 
2025-03-05 08:33:26,276 [ERROR] LogOutputStream:75 - [STDERR_REDIRECT] [Fatal Error] :1:1: Premature end of file.
2025-03-05 08:33:26,276 [ERROR] LogOutputStream:75 - [STDERR_REDIRECT] 
2025-03-05 08:33:27,275 [ERROR] LogOutputStream:75 - [STDERR_REDIRECT] [Fatal Error] :1:1: Premature end of file.
2025-03-05 08:33:27,275 [ERROR] LogOutputStream:75 - [STDERR_REDIRECT] 
2025-03-05 08:33:28,273 [ERROR] LogOutputStream:75 - [STDERR_REDIRECT] [Fatal Error] :1:1: Premature end of file.
2025-03-05 08:33:28,273 [ERROR] LogOutputStream:75 - [STDERR_REDIRECT] 
2025-03-05 08:33:29,290 [ERROR] LogOutputStream:75 - [STDERR_REDIRECT] [Fatal Error] :1:1: Premature end of file.
2025-03-05 08:33:29,290 [ERROR] LogOutputStream:75 - [STDERR_REDIRECT] 
2025-03-05 08:33:30,279 [ERROR] LogOutputStream:75 - [STDERR_REDIRECT] [Fatal Error] :1:1: Premature end of file.
2025-03-05 08:33:30,280 [ERROR] LogOutputStream:75 - [STDERR_REDIRECT] 
2025-03-05 08:33:31,286 [ERROR] LogOutputStream:75 - [STDERR_REDIRECT] [Fatal Error] :1:1: Premature end of file.
2025-03-05 08:33:31,286 [ERROR] LogOutputStream:75 - [STDERR_REDIRECT] 
2025-03-05 08:33:32,300 [ERROR] LogOutputStream:75 - [STDERR_REDIRECT] [Fatal Error] :1:1: Premature end of file.
2025-03-05 08:33:32,300 [ERROR] LogOutputStream:75 - [STDERR_REDIRECT] 
2025-03-05 08:33:33,279 [ERROR] LogOutputStream:75 - [STDERR_REDIRECT] [Fatal Error] :1:1: Premature end of file.
2025-03-05 08:33:33,279 [ERROR] LogOutputStream:75 - [STDERR_REDIRECT] 
2025-03-05 08:33:34,274 [ERROR] LogOutputStream:75 - [STDERR_REDIRECT] [Fatal Error] :1:1: Premature end of file.
2025-03-05 08:33:34,275 [ERROR] LogOutputStream:75 - [STDERR_REDIRECT] 
2025-03-05 08:33:35,272 [ERROR] LogOutputStream:75 - [STDERR_REDIRECT] [Fatal Error] :1:1: Premature end of file.
2025-03-05 08:33:35,273 [ERROR] LogOutputStream:75 - [STDERR_REDIRECT] 
2025-03-05 08:33:36,274 [ERROR] LogOutputStream:75 - [STDERR_REDIRECT] [Fatal Error] :1:1: Premature end of file.
2025-03-05 08:33:36,274 [ERROR] LogOutputStream:75 - [STDERR_REDIRECT] 
2025-03-05 08:33:37,273 [ERROR] LogOutputStream:75 - [STDERR_REDIRECT] [Fatal Error] :1:1: Premature end of file.
2025-03-05 08:33:37,273 [ERROR] LogOutputStream:75 - [STDERR_REDIRECT] 
2025-03-05 08:33:38,279 [ERROR] LogOutputStream:75 - [STDERR_REDIRECT] [Fatal Error] :1:1: Premature end of file.
2025-03-05 08:33:38,279 [ERROR] LogOutputStream:75 - [STDERR_REDIRECT] 
2025-03-05 08:33:39,274 [ERROR] LogOutputStream:75 - [STDERR_REDIRECT] [Fatal Error] :1:1: Premature end of file.
2025-03-05 08:33:39,274 [ERROR] LogOutputStream:75 - [STDERR_REDIRECT] 
2025-03-05 08:33:40,274 [ERROR] LogOutputStream:75 - [STDERR_REDIRECT] [Fatal Error] :1:1: Premature end of file.
2025-03-05 08:33:40,274 [ERROR] LogOutputStream:75 - [STDERR_REDIRECT] 
2025-03-05 08:33:41,286 [ERROR] LogOutputStream:75 - [STDERR_REDIRECT] [Fatal Error] :1:1: Premature end of file.
2025-03-05 08:33:41,286 [ERROR] LogOutputStream:75 - [STDERR_REDIRECT] 
2025-03-05 08:33:42,287 [ERROR] LogOutputStream:75 - [STDERR_REDIRECT] [Fatal Error] :1:1: Premature end of file.
2025-03-05 08:33:42,287 [ERROR] LogOutputStream:75 - [STDERR_REDIRECT] 
2025-03-05 08:33:43,275 [ERROR] LogOutputStream:75 - [STDERR_REDIRECT] [Fatal Error] :1:1: Premature end of file.
2025-03-05 08:33:43,275 [ERROR] LogOutputStream:75 - [STDERR_REDIRECT] 
2025-03-05 08:33:44,277 [ERROR] LogOutputStream:75 - [STDERR_REDIRECT] [Fatal Error] :1:1: Premature end of file.
2025-03-05 08:33:44,277 [ERROR] LogOutputStream:75 - [STDERR_REDIRECT] 
2025-03-05 08:33:45,272 [ERROR] LogOutputStream:75 - [STDERR_REDIRECT] [Fatal Error] :1:1: Premature end of file.
2025-03-05 08:33:45,272 [ERROR] LogOutputStream:75 - [STDERR_REDIRECT] 
2025-03-05 08:33:46,274 [ERROR] LogOutputStream:75 - [STDERR_REDIRECT] [Fatal Error] :1:1: Premature end of file.
2025-03-05 08:33:46,274 [ERROR] LogOutputStream:75 - [STDERR_REDIRECT] 
2025-03-05 08:33:47,275 [ERROR] LogOutputStream:75 - [STDERR_REDIRECT] [Fatal Error] :1:1: Premature end of file.
2025-03-05 08:33:47,275 [ERROR] LogOutputStream:75 - [STDERR_REDIRECT] 
2025-03-05 08:33:48,271 [ERROR] LogOutputStream:75 - [STDERR_REDIRECT] [Fatal Error] :1:1: Premature end of file.
2025-03-05 08:33:48,271 [ERROR] LogOutputStream:75 - [STDERR_REDIRECT] 
2025-03-05 08:33:49,281 [ERROR] LogOutputStream:75 - [STDERR_REDIRECT] [Fatal Error] :1:1: Premature end of file.
2025-03-05 08:33:49,281 [ERROR] LogOutputStream:75 - [STDERR_REDIRECT] 
2025-03-05 08:33:50,267 [ERROR] LogOutputStream:75 - [STDERR_REDIRECT] [Fatal Error] :1:1: Premature end of file.
2025-03-05 08:33:50,267 [ERROR] LogOutputStream:75 - [STDERR_REDIRECT] 
2025-03-05 08:33:51,273 [ERROR] LogOutputStream:75 - [STDERR_REDIRECT] [Fatal Error] :1:1: Premature end of file.
2025-03-05 08:33:51,273 [ERROR] LogOutputStream:75 - [STDERR_REDIRECT] 
2025-03-05 08:33:52,272 [ERROR] LogOutputStream:75 - [STDERR_REDIRECT] [Fatal Error] :1:1: Premature end of file.
2025-03-05 08:33:52,272 [ERROR] LogOutputStream:75 - [STDERR_REDIRECT] 
2025-03-05 08:33:53,279 [ERROR] LogOutputStream:75 - [STDERR_REDIRECT] [Fatal Error] :1:1: Premature end of file.
2025-03-05 08:33:53,279 [ERROR] LogOutputStream:75 - [STDERR_REDIRECT] 
2025-03-05 08:33:54,275 [ERROR] LogOutputStream:75 - [STDERR_REDIRECT] [Fatal Error] :1:1: Premature end of file.
2025-03-05 08:33:54,276 [ERROR] LogOutputStream:75 - [STDERR_REDIRECT] 
2025-03-05 08:33:55,271 [ERROR] LogOutputStream:75 - [STDERR_REDIRECT] [Fatal Error] :1:1: Premature end of file.
2025-03-05 08:33:55,271 [ERROR] LogOutputStream:75 - [STDERR_REDIRECT] 
2025-03-05 08:33:56,276 [ERROR] LogOutputStream:75 - [STDERR_REDIRECT] [Fatal Error] :1:1: Premature end of file.
2025-03-05 08:33:56,276 [ERROR] LogOutputStream:75 - [STDERR_REDIRECT] 
2025-03-05 08:33:57,281 [ERROR] LogOutputStream:75 - [STDERR_REDIRECT] [Fatal Error] :1:1: Premature end of file.
2025-03-05 08:33:57,281 [ERROR] LogOutputStream:75 - [STDERR_REDIRECT] 
2025-03-05 08:33:58,277 [ERROR] LogOutputStream:75 - [STDERR_REDIRECT] [Fatal Error] :1:1: Premature end of file.
2025-03-05 08:33:58,278 [ERROR] LogOutputStream:75 - [STDERR_REDIRECT] 
2025-03-05 08:33:59,276 [ERROR] LogOutputStream:75 - [STDERR_REDIRECT] [Fatal Error] :1:1: Premature end of file.
2025-03-05 08:33:59,276 [ERROR] LogOutputStream:75 - [STDERR_REDIRECT] 
2025-03-05 08:34:00,275 [ERROR] LogOutputStream:75 - [STDERR_REDIRECT] [Fatal Error] :1:1: Premature end of file.
2025-03-05 08:34:00,275 [ERROR] LogOutputStream:75 - [STDERR_REDIRECT] 
2025-03-05 08:34:01,269 [ERROR] LogOutputStream:75 - [STDERR_REDIRECT] [Fatal Error] :1:1: Premature end of file.
2025-03-05 08:34:01,269 [ERROR] LogOutputStream:75 - [STDERR_REDIRECT] 
2025-03-05 08:34:02,281 [ERROR] LogOutputStream:75 - [STDERR_REDIRECT] [Fatal Error] :1:1: Premature end of file.
2025-03-05 08:34:02,281 [ERROR] LogOutputStream:75 - [STDERR_REDIRECT] 
2025-03-05 08:34:03,280 [ERROR] LogOutputStream:75 - [STDERR_REDIRECT] [Fatal Error] :1:1: Premature end of file.
2025-03-05 08:34:03,281 [ERROR] LogOutputStream:75 - [STDERR_REDIRECT] 
2025-03-05 08:34:04,275 [ERROR] LogOutputStream:75 - [STDERR_REDIRECT] [Fatal Error] :1:1: Premature end of file.
2025-03-05 08:34:04,276 [ERROR] LogOutputStream:75 - [STDERR_REDIRECT] 
2025-03-05 08:34:05,276 [ERROR] LogOutputStream:75 - [STDERR_REDIRECT] [Fatal Error] :1:1: Premature end of file.
2025-03-05 08:34:05,276 [ERROR] LogOutputStream:75 - [STDERR_REDIRECT] 
2025-03-05 08:34:06,274 [ERROR] LogOutputStream:75 - [STDERR_REDIRECT] [Fatal Error] :1:1: Premature end of file.
2025-03-05 08:34:06,274 [ERROR] LogOutputStream:75 - [STDERR_REDIRECT] 
2025-03-05 08:34:07,274 [ERROR] LogOutputStream:75 - [STDERR_REDIRECT] [Fatal Error] :1:1: Premature end of file.
2025-03-05 08:34:07,274 [ERROR] LogOutputStream:75 - [STDERR_REDIRECT] 
2025-03-05 08:34:08,269 [ERROR] LogOutputStream:75 - [STDERR_REDIRECT] [Fatal Error] :1:1: Premature end of file.
2025-03-05 08:34:08,269 [ERROR] LogOutputStream:75 - [STDERR_REDIRECT] 
2025-03-05 08:34:09,271 [ERROR] LogOutputStream:75 - [STDERR_REDIRECT] [Fatal Error] :1:1: Premature end of file.
2025-03-05 08:34:09,271 [ERROR] LogOutputStream:75 - [STDERR_REDIRECT] 
2025-03-05 08:34:10,288 [ERROR] LogOutputStream:75 - [STDERR_REDIRECT] [Fatal Error] :1:1: Premature end of file.
2025-03-05 08:34:10,288 [ERROR] LogOutputStream:75 - [STDERR_REDIRECT] 
2025-03-05 08:34:11,287 [ERROR] LogOutputStream:75 - [STDERR_REDIRECT] [Fatal Error] :1:1: Premature end of file.
2025-03-05 08:34:11,288 [ERROR] LogOutputStream:75 - [STDERR_REDIRECT] 
2025-03-05 08:34:12,276 [ERROR] LogOutputStream:75 - [STDERR_REDIRECT] [Fatal Error] :1:1: Premature end of file.
2025-03-05 08:34:12,276 [ERROR] LogOutputStream:75 - [STDERR_REDIRECT] 
2025-03-05 08:34:13,275 [ERROR] LogOutputStream:75 - [STDERR_REDIRECT] [Fatal Error] :1:1: Premature end of file.
2025-03-05 08:34:13,276 [ERROR] LogOutputStream:75 - [STDERR_REDIRECT] 
2025-03-05 08:34:14,315 [ERROR] LogOutputStream:75 - [STDERR_REDIRECT] [Fatal Error] :1:1: Premature end of file.
2025-03-05 08:34:14,316 [ERROR] LogOutputStream:75 - [STDERR_REDIRECT] 
2025-03-05 08:34:15,275 [ERROR] LogOutputStream:75 - [STDERR_REDIRECT] [Fatal Error] :1:1: Premature end of file.
2025-03-05 08:34:15,275 [ERROR] LogOutputStream:75 - [STDERR_REDIRECT] 
2025-03-05 08:34:16,265 [ERROR] LogOutputStream:75 - [STDERR_REDIRECT] [Fatal Error] :1:1: Premature end of file.
2025-03-05 08:34:16,265 [ERROR] LogOutputStream:75 - [STDERR_REDIRECT] 
2025-03-05 08:34:17,272 [ERROR] LogOutputStream:75 - [STDERR_REDIRECT] [Fatal Error] :1:1: Premature end of file.
2025-03-05 08:34:17,273 [ERROR] LogOutputStream:75 - [STDERR_REDIRECT] 
2025-03-05 08:34:18,275 [ERROR] LogOutputStream:75 - [STDERR_REDIRECT] [Fatal Error] :1:1: Premature end of file.
2025-03-05 08:34:18,275 [ERROR] LogOutputStream:75 - [STDERR_REDIRECT] 
2025-03-05 08:34:19,274 [ERROR] LogOutputStream:75 - [STDERR_REDIRECT] [Fatal Error] :1:1: Premature end of file.
2025-03-05 08:34:19,275 [ERROR] LogOutputStream:75 - [STDERR_REDIRECT] 
2025-03-05 08:34:20,282 [ERROR] LogOutputStream:75 - [STDERR_REDIRECT] [Fatal Error] :1:1: Premature end of file.
2025-03-05 08:34:20,283 [ERROR] LogOutputStream:75 - [STDERR_REDIRECT] 
2025-03-05 08:34:21,283 [ERROR] LogOutputStream:75 - [STDERR_REDIRECT] [Fatal Error] :1:1: Premature end of file.
2025-03-05 08:34:21,283 [ERROR] LogOutputStream:75 - [STDERR_REDIRECT] 
2025-03-05 08:34:22,279 [ERROR] LogOutputStream:75 - [STDERR_REDIRECT] [Fatal Error] :1:1: Premature end of file.
2025-03-05 08:34:22,279 [ERROR] LogOutputStream:75 - [STDERR_REDIRECT] 
2025-03-05 08:34:23,283 [ERROR] LogOutputStream:75 - [STDERR_REDIRECT] [Fatal Error] :1:1: Premature end of file.
2025-03-05 08:34:23,283 [ERROR] LogOutputStream:75 - [STDERR_REDIRECT] 
2025-03-05 08:34:24,252 [ERROR] LogOutputStream:75 - [STDERR_REDIRECT] [Fatal Error] :1:1: Premature end of file.
2025-03-05 08:34:24,252 [ERROR] LogOutputStream:75 - [STDERR_REDIRECT] 
2025-03-05 08:34:25,271 [ERROR] LogOutputStream:75 - [STDERR_REDIRECT] [Fatal Error] :1:1: Premature end of file.
2025-03-05 08:34:25,271 [ERROR] LogOutputStream:75 - [STDERR_REDIRECT] 
2025-03-05 08:34:26,269 [ERROR] LogOutputStream:75 - [STDERR_REDIRECT] [Fatal Error] :1:1: Premature end of file.
2025-03-05 08:34:26,269 [ERROR] LogOutputStream:75 - [STDERR_REDIRECT] 
2025-03-05 08:34:27,288 [ERROR] LogOutputStream:75 - [STDERR_REDIRECT] [Fatal Error] :1:1: Premature end of file.
2025-03-05 08:34:27,288 [ERROR] LogOutputStream:75 - [STDERR_REDIRECT] 
2025-03-05 08:34:28,282 [ERROR] LogOutputStream:75 - [STDERR_REDIRECT] [Fatal Error] :1:1: Premature end of file.
2025-03-05 08:34:28,282 [ERROR] LogOutputStream:75 - [STDERR_REDIRECT] 
2025-03-05 08:34:29,281 [ERROR] LogOutputStream:75 - [STDERR_REDIRECT] [Fatal Error] :1:1: Premature end of file.
2025-03-05 08:34:29,281 [ERROR] LogOutputStream:75 - [STDERR_REDIRECT] 
2025-03-05 08:34:30,273 [ERROR] LogOutputStream:75 - [STDERR_REDIRECT] [Fatal Error] :1:1: Premature end of file.
2025-03-05 08:34:30,273 [ERROR] LogOutputStream:75 - [STDERR_REDIRECT] 
2025-03-05 08:34:31,290 [ERROR] LogOutputStream:75 - [STDERR_REDIRECT] [Fatal Error] :1:1: Premature end of file.
2025-03-05 08:34:31,290 [ERROR] LogOutputStream:75 - [STDERR_REDIRECT] 
2025-03-05 08:34:32,270 [ERROR] LogOutputStream:75 - [STDERR_REDIRECT] [Fatal Error] :1:1: Premature end of file.
2025-03-05 08:34:32,270 [ERROR] LogOutputStream:75 - [STDERR_REDIRECT] 
2025-03-05 08:34:33,282 [ERROR] LogOutputStream:75 - [STDERR_REDIRECT] [Fatal Error] :1:1: Premature end of file.
2025-03-05 08:34:33,283 [ERROR] LogOutputStream:75 - [STDERR_REDIRECT] 
2025-03-05 08:34:34,272 [ERROR] LogOutputStream:75 - [STDERR_REDIRECT] [Fatal Error] :1:1: Premature end of file.
2025-03-05 08:34:34,272 [ERROR] LogOutputStream:75 - [STDERR_REDIRECT] 
2025-03-05 08:34:35,300 [ERROR] LogOutputStream:75 - [STDERR_REDIRECT] [Fatal Error] :1:1: Premature end of file.
2025-03-05 08:34:35,301 [ERROR] LogOutputStream:75 - [STDERR_REDIRECT] 
2025-03-05 08:34:36,280 [ERROR] LogOutputStream:75 - [STDERR_REDIRECT] [Fatal Error] :1:1: Premature end of file.
2025-03-05 08:34:36,281 [ERROR] LogOutputStream:75 - [STDERR_REDIRECT] 
2025-03-05 08:34:37,262 [ERROR] LogOutputStream:75 - [STDERR_REDIRECT] [Fatal Error] :1:1: Premature end of file.
2025-03-05 08:34:37,263 [ERROR] LogOutputStream:75 - [STDERR_REDIRECT] 
2025-03-05 08:34:38,266 [ERROR] LogOutputStream:75 - [STDERR_REDIRECT] [Fatal Error] :1:1: Premature end of file.
2025-03-05 08:34:38,266 [ERROR] LogOutputStream:75 - [STDERR_REDIRECT] 
2025-03-05 08:34:39,283 [ERROR] LogOutputStream:75 - [STDERR_REDIRECT] [Fatal Error] :1:1: Premature end of file.
2025-03-05 08:34:39,284 [ERROR] LogOutputStream:75 - [STDERR_REDIRECT] 
2025-03-05 08:34:40,265 [ERROR] LogOutputStream:75 - [STDERR_REDIRECT] [Fatal Error] :1:1: Premature end of file.
2025-03-05 08:34:40,266 [ERROR] LogOutputStream:75 - [STDERR_REDIRECT] 
2025-03-05 08:34:41,266 [ERROR] LogOutputStream:75 - [STDERR_REDIRECT] [Fatal Error] :1:1: Premature end of file.
2025-03-05 08:34:41,266 [ERROR] LogOutputStream:75 - [STDERR_REDIRECT] 
2025-03-05 08:34:42,262 [ERROR] LogOutputStream:75 - [STDERR_REDIRECT] [Fatal Error] :1:1: Premature end of file.
2025-03-05 08:34:42,262 [ERROR] LogOutputStream:75 - [STDERR_REDIRECT] 
2025-03-05 08:34:43,249 [ERROR] LogOutputStream:75 - [STDERR_REDIRECT] [Fatal Error] :1:1: Premature end of file.
2025-03-05 08:34:43,249 [ERROR] LogOutputStream:75 - [STDERR_REDIRECT] 
2025-03-05 08:34:44,271 [ERROR] LogOutputStream:75 - [STDERR_REDIRECT] [Fatal Error] :1:1: Premature end of file.
2025-03-05 08:34:44,272 [ERROR] LogOutputStream:75 - [STDERR_REDIRECT] 
2025-03-05 08:34:45,295 [ERROR] LogOutputStream:75 - [STDERR_REDIRECT] [Fatal Error] :1:1: Premature end of file.
2025-03-05 08:34:45,295 [ERROR] LogOutputStream:75 - [STDERR_REDIRECT] 
2025-03-05 08:34:46,257 [ERROR] LogOutputStream:75 - [STDERR_REDIRECT] [Fatal Error] :1:1: Premature end of file.
2025-03-05 08:34:46,257 [ERROR] LogOutputStream:75 - [STDERR_REDIRECT] 
2025-03-05 08:34:47,279 [ERROR] LogOutputStream:75 - [STDERR_REDIRECT] [Fatal Error] :1:1: Premature end of file.
2025-03-05 08:34:47,279 [ERROR] LogOutputStream:75 - [STDERR_REDIRECT] 
2025-03-05 08:34:48,280 [ERROR] LogOutputStream:75 - [STDERR_REDIRECT] [Fatal Error] :1:1: Premature end of file.
2025-03-05 08:34:48,280 [ERROR] LogOutputStream:75 - [STDERR_REDIRECT] 
2025-03-05 08:34:49,269 [ERROR] LogOutputStream:75 - [STDERR_REDIRECT] [Fatal Error] :1:1: Premature end of file.
2025-03-05 08:34:49,269 [ERROR] LogOutputStream:75 - [STDERR_REDIRECT] 
2025-03-05 08:34:50,280 [ERROR] LogOutputStream:75 - [STDERR_REDIRECT] [Fatal Error] :1:1: Premature end of file.
2025-03-05 08:34:50,280 [ERROR] LogOutputStream:75 - [STDERR_REDIRECT] 
2025-03-05 08:34:51,277 [ERROR] LogOutputStream:75 - [STDERR_REDIRECT] [Fatal Error] :1:1: Premature end of file.
2025-03-05 08:34:51,277 [ERROR] LogOutputStream:75 - [STDERR_REDIRECT] 
2025-03-05 08:34:52,277 [ERROR] LogOutputStream:75 - [STDERR_REDIRECT] [Fatal Error] :1:1: Premature end of file.
2025-03-05 08:34:52,277 [ERROR] LogOutputStream:75 - [STDERR_REDIRECT] 
2025-03-05 08:34:53,277 [ERROR] LogOutputStream:75 - [STDERR_REDIRECT] [Fatal Error] :1:1: Premature end of file.
2025-03-05 08:34:53,278 [ERROR] LogOutputStream:75 - [STDERR_REDIRECT] 
2025-03-05 08:34:54,268 [ERROR] LogOutputStream:75 - [STDERR_REDIRECT] [Fatal Error] :1:1: Premature end of file.
2025-03-05 08:34:54,268 [ERROR] LogOutputStream:75 - [STDERR_REDIRECT] 
2025-03-05 08:34:55,287 [ERROR] LogOutputStream:75 - [STDERR_REDIRECT] [Fatal Error] :1:1: Premature end of file.
2025-03-05 08:34:55,288 [ERROR] LogOutputStream:75 - [STDERR_REDIRECT] 
2025-03-05 08:34:56,281 [ERROR] LogOutputStream:75 - [STDERR_REDIRECT] [Fatal Error] :1:1: Premature end of file.
2025-03-05 08:34:56,281 [ERROR] LogOutputStream:75 - [STDERR_REDIRECT] 
2025-03-05 08:34:57,273 [ERROR] LogOutputStream:75 - [STDERR_REDIRECT] [Fatal Error] :1:1: Premature end of file.
2025-03-05 08:34:57,273 [ERROR] LogOutputStream:75 - [STDERR_REDIRECT] 
2025-03-05 08:34:58,279 [ERROR] LogOutputStream:75 - [STDERR_REDIRECT] [Fatal Error] :1:1: Premature end of file.
2025-03-05 08:34:58,279 [ERROR] LogOutputStream:75 - [STDERR_REDIRECT] 
2025-03-05 08:34:59,274 [ERROR] LogOutputStream:75 - [STDERR_REDIRECT] [Fatal Error] :1:1: Premature end of file.
2025-03-05 08:34:59,275 [ERROR] LogOutputStream:75 - [STDERR_REDIRECT] 
2025-03-05 08:35:00,250 [ERROR] LogOutputStream:75 - [STDERR_REDIRECT] [Fatal Error] :1:1: Premature end of file.
2025-03-05 08:35:00,250 [ERROR] LogOutputStream:75 - [STDERR_REDIRECT] 
2025-03-05 08:35:01,270 [ERROR] LogOutputStream:75 - [STDERR_REDIRECT] [Fatal Error] :1:1: Premature end of file.
2025-03-05 08:35:01,271 [ERROR] LogOutputStream:75 - [STDERR_REDIRECT] 
2025-03-05 08:35:01,356 [INFO] NvicIntPanel:101 - NVIC parent = com.st.microxplorer.plugins.ip.nvic.MultiNvicIntPanel[,0,0,502x262,layout=javax.swing.BoxLayout,alignmentX=0.0,alignmentY=0.0,border=,flags=9,maximumSize=,minimumSize=,preferredSize=]
2025-03-05 08:35:02,272 [ERROR] LogOutputStream:75 - [STDERR_REDIRECT] [Fatal Error] :1:1: Premature end of file.
2025-03-05 08:35:02,272 [ERROR] LogOutputStream:75 - [STDERR_REDIRECT] 
2025-03-05 08:35:03,272 [ERROR] LogOutputStream:75 - [STDERR_REDIRECT] [Fatal Error] :1:1: Premature end of file.
2025-03-05 08:35:03,273 [ERROR] LogOutputStream:75 - [STDERR_REDIRECT] 
2025-03-05 08:35:04,273 [ERROR] LogOutputStream:75 - [STDERR_REDIRECT] [Fatal Error] :1:1: Premature end of file.
2025-03-05 08:35:04,274 [ERROR] LogOutputStream:75 - [STDERR_REDIRECT] 
2025-03-05 08:35:05,276 [ERROR] LogOutputStream:75 - [STDERR_REDIRECT] [Fatal Error] :1:1: Premature end of file.
2025-03-05 08:35:05,276 [ERROR] LogOutputStream:75 - [STDERR_REDIRECT] 
2025-03-05 08:35:06,279 [ERROR] LogOutputStream:75 - [STDERR_REDIRECT] [Fatal Error] :1:1: Premature end of file.
2025-03-05 08:35:06,280 [ERROR] LogOutputStream:75 - [STDERR_REDIRECT] 
2025-03-05 08:35:07,273 [ERROR] LogOutputStream:75 - [STDERR_REDIRECT] [Fatal Error] :1:1: Premature end of file.
2025-03-05 08:35:07,273 [ERROR] LogOutputStream:75 - [STDERR_REDIRECT] 
2025-03-05 08:35:08,278 [ERROR] LogOutputStream:75 - [STDERR_REDIRECT] [Fatal Error] :1:1: Premature end of file.
2025-03-05 08:35:08,279 [ERROR] LogOutputStream:75 - [STDERR_REDIRECT] 
2025-03-05 08:35:09,280 [ERROR] LogOutputStream:75 - [STDERR_REDIRECT] [Fatal Error] :1:1: Premature end of file.
2025-03-05 08:35:09,280 [ERROR] LogOutputStream:75 - [STDERR_REDIRECT] 
2025-03-05 08:35:10,274 [ERROR] LogOutputStream:75 - [STDERR_REDIRECT] [Fatal Error] :1:1: Premature end of file.
2025-03-05 08:35:10,274 [ERROR] LogOutputStream:75 - [STDERR_REDIRECT] 
2025-03-05 08:35:11,271 [ERROR] LogOutputStream:75 - [STDERR_REDIRECT] [Fatal Error] :1:1: Premature end of file.
2025-03-05 08:35:11,271 [ERROR] LogOutputStream:75 - [STDERR_REDIRECT] 
2025-03-05 08:35:12,273 [ERROR] LogOutputStream:75 - [STDERR_REDIRECT] [Fatal Error] :1:1: Premature end of file.
2025-03-05 08:35:12,274 [ERROR] LogOutputStream:75 - [STDERR_REDIRECT] 
2025-03-05 08:35:13,261 [ERROR] LogOutputStream:75 - [STDERR_REDIRECT] [Fatal Error] :1:1: Premature end of file.
2025-03-05 08:35:13,262 [ERROR] LogOutputStream:75 - [STDERR_REDIRECT] 
2025-03-05 08:35:14,272 [ERROR] LogOutputStream:75 - [STDERR_REDIRECT] [Fatal Error] :1:1: Premature end of file.
2025-03-05 08:35:14,272 [ERROR] LogOutputStream:75 - [STDERR_REDIRECT] 
2025-03-05 08:35:15,283 [ERROR] LogOutputStream:75 - [STDERR_REDIRECT] [Fatal Error] :1:1: Premature end of file.
2025-03-05 08:35:15,283 [ERROR] LogOutputStream:75 - [STDERR_REDIRECT] 
2025-03-05 08:35:16,267 [ERROR] LogOutputStream:75 - [STDERR_REDIRECT] [Fatal Error] :1:1: Premature end of file.
2025-03-05 08:35:16,267 [ERROR] LogOutputStream:75 - [STDERR_REDIRECT] 
2025-03-05 08:35:17,280 [ERROR] LogOutputStream:75 - [STDERR_REDIRECT] [Fatal Error] :1:1: Premature end of file.
2025-03-05 08:35:17,281 [ERROR] LogOutputStream:75 - [STDERR_REDIRECT] 
2025-03-05 08:35:18,276 [ERROR] LogOutputStream:75 - [STDERR_REDIRECT] [Fatal Error] :1:1: Premature end of file.
2025-03-05 08:35:18,276 [ERROR] LogOutputStream:75 - [STDERR_REDIRECT] 
2025-03-05 08:35:19,272 [ERROR] LogOutputStream:75 - [STDERR_REDIRECT] [Fatal Error] :1:1: Premature end of file.
2025-03-05 08:35:19,272 [ERROR] LogOutputStream:75 - [STDERR_REDIRECT] 
2025-03-05 08:35:20,247 [ERROR] LogOutputStream:75 - [STDERR_REDIRECT] [Fatal Error] :1:1: Premature end of file.
2025-03-05 08:35:20,248 [ERROR] LogOutputStream:75 - [STDERR_REDIRECT] 
2025-03-05 08:35:21,257 [ERROR] LogOutputStream:75 - [STDERR_REDIRECT] [Fatal Error] :1:1: Premature end of file.
2025-03-05 08:35:21,257 [ERROR] LogOutputStream:75 - [STDERR_REDIRECT] 
2025-03-05 08:35:22,271 [ERROR] LogOutputStream:75 - [STDERR_REDIRECT] [Fatal Error] :1:1: Premature end of file.
2025-03-05 08:35:22,271 [ERROR] LogOutputStream:75 - [STDERR_REDIRECT] 
2025-03-05 08:35:23,275 [ERROR] LogOutputStream:75 - [STDERR_REDIRECT] [Fatal Error] :1:1: Premature end of file.
2025-03-05 08:35:23,276 [ERROR] LogOutputStream:75 - [STDERR_REDIRECT] 
2025-03-05 08:35:24,272 [ERROR] LogOutputStream:75 - [STDERR_REDIRECT] [Fatal Error] :1:1: Premature end of file.
2025-03-05 08:35:24,272 [ERROR] LogOutputStream:75 - [STDERR_REDIRECT] 
2025-03-05 08:35:25,254 [ERROR] LogOutputStream:75 - [STDERR_REDIRECT] [Fatal Error] :1:1: Premature end of file.
2025-03-05 08:35:25,254 [ERROR] LogOutputStream:75 - [STDERR_REDIRECT] 
2025-03-05 08:35:26,281 [ERROR] LogOutputStream:75 - [STDERR_REDIRECT] [Fatal Error] :1:1: Premature end of file.
2025-03-05 08:35:26,281 [ERROR] LogOutputStream:75 - [STDERR_REDIRECT] 
2025-03-05 08:35:27,278 [ERROR] LogOutputStream:75 - [STDERR_REDIRECT] [Fatal Error] :1:1: Premature end of file.
2025-03-05 08:35:27,278 [ERROR] LogOutputStream:75 - [STDERR_REDIRECT] 
2025-03-05 08:35:28,277 [ERROR] LogOutputStream:75 - [STDERR_REDIRECT] [Fatal Error] :1:1: Premature end of file.
2025-03-05 08:35:28,278 [ERROR] LogOutputStream:75 - [STDERR_REDIRECT] 
2025-03-05 08:35:29,278 [ERROR] LogOutputStream:75 - [STDERR_REDIRECT] [Fatal Error] :1:1: Premature end of file.
2025-03-05 08:35:29,278 [ERROR] LogOutputStream:75 - [STDERR_REDIRECT] 
2025-03-05 08:35:30,294 [ERROR] LogOutputStream:75 - [STDERR_REDIRECT] [Fatal Error] :1:1: Premature end of file.
2025-03-05 08:35:30,295 [ERROR] LogOutputStream:75 - [STDERR_REDIRECT] 
2025-03-05 08:35:31,282 [ERROR] LogOutputStream:75 - [STDERR_REDIRECT] [Fatal Error] :1:1: Premature end of file.
2025-03-05 08:35:31,282 [ERROR] LogOutputStream:75 - [STDERR_REDIRECT] 
2025-03-05 08:35:32,277 [ERROR] LogOutputStream:75 - [STDERR_REDIRECT] [Fatal Error] :1:1: Premature end of file.
2025-03-05 08:35:32,277 [ERROR] LogOutputStream:75 - [STDERR_REDIRECT] 
2025-03-05 08:35:33,285 [ERROR] LogOutputStream:75 - [STDERR_REDIRECT] [Fatal Error] :1:1: Premature end of file.
2025-03-05 08:35:33,285 [ERROR] LogOutputStream:75 - [STDERR_REDIRECT] 
2025-03-05 08:35:34,267 [ERROR] LogOutputStream:75 - [STDERR_REDIRECT] [Fatal Error] :1:1: Premature end of file.
2025-03-05 08:35:34,268 [ERROR] LogOutputStream:75 - [STDERR_REDIRECT] 
2025-03-05 08:35:35,251 [ERROR] LogOutputStream:75 - [STDERR_REDIRECT] [Fatal Error] :1:1: Premature end of file.
2025-03-05 08:35:35,251 [ERROR] LogOutputStream:75 - [STDERR_REDIRECT] 
2025-03-05 08:35:36,278 [ERROR] LogOutputStream:75 - [STDERR_REDIRECT] [Fatal Error] :1:1: Premature end of file.
2025-03-05 08:35:36,278 [ERROR] LogOutputStream:75 - [STDERR_REDIRECT] 
2025-03-05 08:35:37,276 [ERROR] LogOutputStream:75 - [STDERR_REDIRECT] [Fatal Error] :1:1: Premature end of file.
2025-03-05 08:35:37,276 [ERROR] LogOutputStream:75 - [STDERR_REDIRECT] 
2025-03-05 08:35:38,274 [ERROR] LogOutputStream:75 - [STDERR_REDIRECT] [Fatal Error] :1:1: Premature end of file.
2025-03-05 08:35:38,274 [ERROR] LogOutputStream:75 - [STDERR_REDIRECT] 
2025-03-05 08:35:39,282 [ERROR] LogOutputStream:75 - [STDERR_REDIRECT] [Fatal Error] :1:1: Premature end of file.
2025-03-05 08:35:39,283 [ERROR] LogOutputStream:75 - [STDERR_REDIRECT] 
2025-03-05 08:35:40,269 [ERROR] LogOutputStream:75 - [STDERR_REDIRECT] [Fatal Error] :1:1: Premature end of file.
2025-03-05 08:35:40,269 [ERROR] LogOutputStream:75 - [STDERR_REDIRECT] 
2025-03-05 08:35:41,273 [ERROR] LogOutputStream:75 - [STDERR_REDIRECT] [Fatal Error] :1:1: Premature end of file.
2025-03-05 08:35:41,273 [ERROR] LogOutputStream:75 - [STDERR_REDIRECT] 
2025-03-05 08:35:42,274 [ERROR] LogOutputStream:75 - [STDERR_REDIRECT] [Fatal Error] :1:1: Premature end of file.
2025-03-05 08:35:42,274 [ERROR] LogOutputStream:75 - [STDERR_REDIRECT] 
2025-03-05 08:35:43,255 [ERROR] LogOutputStream:75 - [STDERR_REDIRECT] [Fatal Error] :1:1: Premature end of file.
2025-03-05 08:35:43,255 [ERROR] LogOutputStream:75 - [STDERR_REDIRECT] 
2025-03-05 08:35:44,276 [ERROR] LogOutputStream:75 - [STDERR_REDIRECT] [Fatal Error] :1:1: Premature end of file.
2025-03-05 08:35:44,277 [ERROR] LogOutputStream:75 - [STDERR_REDIRECT] 
2025-03-05 08:35:45,274 [ERROR] LogOutputStream:75 - [STDERR_REDIRECT] [Fatal Error] :1:1: Premature end of file.
2025-03-05 08:35:45,274 [ERROR] LogOutputStream:75 - [STDERR_REDIRECT] 
2025-03-05 08:35:46,281 [ERROR] LogOutputStream:75 - [STDERR_REDIRECT] [Fatal Error] :1:1: Premature end of file.
2025-03-05 08:35:46,281 [ERROR] LogOutputStream:75 - [STDERR_REDIRECT] 
2025-03-05 08:35:47,276 [ERROR] LogOutputStream:75 - [STDERR_REDIRECT] [Fatal Error] :1:1: Premature end of file.
2025-03-05 08:35:47,276 [ERROR] LogOutputStream:75 - [STDERR_REDIRECT] 
2025-03-05 08:35:48,281 [ERROR] LogOutputStream:75 - [STDERR_REDIRECT] [Fatal Error] :1:1: Premature end of file.
2025-03-05 08:35:48,281 [ERROR] LogOutputStream:75 - [STDERR_REDIRECT] 
2025-03-05 08:35:49,268 [ERROR] LogOutputStream:75 - [STDERR_REDIRECT] [Fatal Error] :1:1: Premature end of file.
2025-03-05 08:35:49,269 [ERROR] LogOutputStream:75 - [STDERR_REDIRECT] 
2025-03-05 08:35:50,268 [ERROR] LogOutputStream:75 - [STDERR_REDIRECT] [Fatal Error] :1:1: Premature end of file.
2025-03-05 08:35:50,268 [ERROR] LogOutputStream:75 - [STDERR_REDIRECT] 
2025-03-05 08:35:51,286 [ERROR] LogOutputStream:75 - [STDERR_REDIRECT] [Fatal Error] :1:1: Premature end of file.
2025-03-05 08:35:51,286 [ERROR] LogOutputStream:75 - [STDERR_REDIRECT] 
2025-03-05 08:35:52,246 [ERROR] LogOutputStream:75 - [STDERR_REDIRECT] [Fatal Error] :1:1: Premature end of file.
2025-03-05 08:35:52,246 [ERROR] LogOutputStream:75 - [STDERR_REDIRECT] 
2025-03-05 08:35:53,266 [ERROR] LogOutputStream:75 - [STDERR_REDIRECT] [Fatal Error] :1:1: Premature end of file.
2025-03-05 08:35:53,266 [ERROR] LogOutputStream:75 - [STDERR_REDIRECT] 
2025-03-05 08:35:54,274 [ERROR] LogOutputStream:75 - [STDERR_REDIRECT] [Fatal Error] :1:1: Premature end of file.
2025-03-05 08:35:54,275 [ERROR] LogOutputStream:75 - [STDERR_REDIRECT] 
2025-03-05 08:35:55,279 [ERROR] LogOutputStream:75 - [STDERR_REDIRECT] [Fatal Error] :1:1: Premature end of file.
2025-03-05 08:35:55,279 [ERROR] LogOutputStream:75 - [STDERR_REDIRECT] 
2025-03-05 08:35:56,270 [ERROR] LogOutputStream:75 - [STDERR_REDIRECT] [Fatal Error] :1:1: Premature end of file.
2025-03-05 08:35:56,271 [ERROR] LogOutputStream:75 - [STDERR_REDIRECT] 
2025-03-05 08:35:57,272 [ERROR] LogOutputStream:75 - [STDERR_REDIRECT] [Fatal Error] :1:1: Premature end of file.
2025-03-05 08:35:57,273 [ERROR] LogOutputStream:75 - [STDERR_REDIRECT] 
2025-03-05 08:35:58,261 [ERROR] LogOutputStream:75 - [STDERR_REDIRECT] [Fatal Error] :1:1: Premature end of file.
2025-03-05 08:35:58,261 [ERROR] LogOutputStream:75 - [STDERR_REDIRECT] 
2025-03-05 08:35:59,269 [ERROR] LogOutputStream:75 - [STDERR_REDIRECT] [Fatal Error] :1:1: Premature end of file.
2025-03-05 08:35:59,269 [ERROR] LogOutputStream:75 - [STDERR_REDIRECT] 
2025-03-05 08:36:00,279 [ERROR] LogOutputStream:75 - [STDERR_REDIRECT] [Fatal Error] :1:1: Premature end of file.
2025-03-05 08:36:00,279 [ERROR] LogOutputStream:75 - [STDERR_REDIRECT] 
2025-03-05 08:36:01,287 [ERROR] LogOutputStream:75 - [STDERR_REDIRECT] [Fatal Error] :1:1: Premature end of file.
2025-03-05 08:36:01,287 [ERROR] LogOutputStream:75 - [STDERR_REDIRECT] 
2025-03-05 08:36:02,268 [ERROR] LogOutputStream:75 - [STDERR_REDIRECT] [Fatal Error] :1:1: Premature end of file.
2025-03-05 08:36:02,268 [ERROR] LogOutputStream:75 - [STDERR_REDIRECT] 
2025-03-05 08:36:03,277 [ERROR] LogOutputStream:75 - [STDERR_REDIRECT] [Fatal Error] :1:1: Premature end of file.
2025-03-05 08:36:03,277 [ERROR] LogOutputStream:75 - [STDERR_REDIRECT] 
2025-03-05 08:36:04,266 [ERROR] LogOutputStream:75 - [STDERR_REDIRECT] [Fatal Error] :1:1: Premature end of file.
2025-03-05 08:36:04,266 [ERROR] LogOutputStream:75 - [STDERR_REDIRECT] 
2025-03-05 08:36:05,260 [ERROR] LogOutputStream:75 - [STDERR_REDIRECT] [Fatal Error] :1:1: Premature end of file.
2025-03-05 08:36:05,260 [ERROR] LogOutputStream:75 - [STDERR_REDIRECT] 
2025-03-05 08:36:06,253 [ERROR] LogOutputStream:75 - [STDERR_REDIRECT] [Fatal Error] :1:1: Premature end of file.
2025-03-05 08:36:06,253 [ERROR] LogOutputStream:75 - [STDERR_REDIRECT] 
2025-03-05 08:36:07,265 [ERROR] LogOutputStream:75 - [STDERR_REDIRECT] [Fatal Error] :1:1: Premature end of file.
2025-03-05 08:36:07,265 [ERROR] LogOutputStream:75 - [STDERR_REDIRECT] 
2025-03-05 08:36:08,279 [ERROR] LogOutputStream:75 - [STDERR_REDIRECT] [Fatal Error] :1:1: Premature end of file.
2025-03-05 08:36:08,279 [ERROR] LogOutputStream:75 - [STDERR_REDIRECT] 
2025-03-05 08:36:09,245 [ERROR] LogOutputStream:75 - [STDERR_REDIRECT] [Fatal Error] :1:1: Premature end of file.
2025-03-05 08:36:09,245 [ERROR] LogOutputStream:75 - [STDERR_REDIRECT] 
2025-03-05 08:36:10,272 [ERROR] LogOutputStream:75 - [STDERR_REDIRECT] [Fatal Error] :1:1: Premature end of file.
2025-03-05 08:36:10,272 [ERROR] LogOutputStream:75 - [STDERR_REDIRECT] 
2025-03-05 08:36:11,261 [ERROR] LogOutputStream:75 - [STDERR_REDIRECT] [Fatal Error] :1:1: Premature end of file.
2025-03-05 08:36:11,261 [ERROR] LogOutputStream:75 - [STDERR_REDIRECT] 
2025-03-05 08:36:12,274 [ERROR] LogOutputStream:75 - [STDERR_REDIRECT] [Fatal Error] :1:1: Premature end of file.
2025-03-05 08:36:12,275 [ERROR] LogOutputStream:75 - [STDERR_REDIRECT] 
2025-03-05 08:36:13,275 [ERROR] LogOutputStream:75 - [STDERR_REDIRECT] [Fatal Error] :1:1: Premature end of file.
2025-03-05 08:36:13,275 [ERROR] LogOutputStream:75 - [STDERR_REDIRECT] 
2025-03-05 08:36:14,277 [ERROR] LogOutputStream:75 - [STDERR_REDIRECT] [Fatal Error] :1:1: Premature end of file.
2025-03-05 08:36:14,277 [ERROR] LogOutputStream:75 - [STDERR_REDIRECT] 
2025-03-05 08:36:15,274 [ERROR] LogOutputStream:75 - [STDERR_REDIRECT] [Fatal Error] :1:1: Premature end of file.
2025-03-05 08:36:15,274 [ERROR] LogOutputStream:75 - [STDERR_REDIRECT] 
2025-03-05 08:36:16,262 [ERROR] LogOutputStream:75 - [STDERR_REDIRECT] [Fatal Error] :1:1: Premature end of file.
2025-03-05 08:36:16,262 [ERROR] LogOutputStream:75 - [STDERR_REDIRECT] 
2025-03-05 08:36:17,271 [ERROR] LogOutputStream:75 - [STDERR_REDIRECT] [Fatal Error] :1:1: Premature end of file.
2025-03-05 08:36:17,271 [ERROR] LogOutputStream:75 - [STDERR_REDIRECT] 
2025-03-05 08:36:18,283 [ERROR] LogOutputStream:75 - [STDERR_REDIRECT] [Fatal Error] :1:1: Premature end of file.
2025-03-05 08:36:18,283 [ERROR] LogOutputStream:75 - [STDERR_REDIRECT] 
2025-03-05 08:36:19,277 [ERROR] LogOutputStream:75 - [STDERR_REDIRECT] [Fatal Error] :1:1: Premature end of file.
2025-03-05 08:36:19,277 [ERROR] LogOutputStream:75 - [STDERR_REDIRECT] 
2025-03-05 08:36:20,280 [ERROR] LogOutputStream:75 - [STDERR_REDIRECT] [Fatal Error] :1:1: Premature end of file.
2025-03-05 08:36:20,281 [ERROR] LogOutputStream:75 - [STDERR_REDIRECT] 
2025-03-05 08:36:21,269 [ERROR] LogOutputStream:75 - [STDERR_REDIRECT] [Fatal Error] :1:1: Premature end of file.
2025-03-05 08:36:21,269 [ERROR] LogOutputStream:75 - [STDERR_REDIRECT] 
2025-03-05 08:36:22,271 [ERROR] LogOutputStream:75 - [STDERR_REDIRECT] [Fatal Error] :1:1: Premature end of file.
2025-03-05 08:36:22,272 [ERROR] LogOutputStream:75 - [STDERR_REDIRECT] 
2025-03-05 08:36:23,250 [ERROR] LogOutputStream:75 - [STDERR_REDIRECT] [Fatal Error] :1:1: Premature end of file.
2025-03-05 08:36:23,250 [ERROR] LogOutputStream:75 - [STDERR_REDIRECT] 
2025-03-05 08:36:24,272 [ERROR] LogOutputStream:75 - [STDERR_REDIRECT] [Fatal Error] :1:1: Premature end of file.
2025-03-05 08:36:24,272 [ERROR] LogOutputStream:75 - [STDERR_REDIRECT] 
2025-03-05 08:36:25,268 [ERROR] LogOutputStream:75 - [STDERR_REDIRECT] [Fatal Error] :1:1: Premature end of file.
2025-03-05 08:36:25,268 [ERROR] LogOutputStream:75 - [STDERR_REDIRECT] 
2025-03-05 08:36:26,264 [ERROR] LogOutputStream:75 - [STDERR_REDIRECT] [Fatal Error] :1:1: Premature end of file.
2025-03-05 08:36:26,264 [ERROR] LogOutputStream:75 - [STDERR_REDIRECT] 
2025-03-05 08:36:27,266 [ERROR] LogOutputStream:75 - [STDERR_REDIRECT] [Fatal Error] :1:1: Premature end of file.
2025-03-05 08:36:27,267 [ERROR] LogOutputStream:75 - [STDERR_REDIRECT] 
2025-03-05 08:36:28,265 [ERROR] LogOutputStream:75 - [STDERR_REDIRECT] [Fatal Error] :1:1: Premature end of file.
2025-03-05 08:36:28,265 [ERROR] LogOutputStream:75 - [STDERR_REDIRECT] 
2025-03-05 08:36:29,272 [ERROR] LogOutputStream:75 - [STDERR_REDIRECT] [Fatal Error] :1:1: Premature end of file.
2025-03-05 08:36:29,272 [ERROR] LogOutputStream:75 - [STDERR_REDIRECT] 
2025-03-05 08:36:30,251 [ERROR] LogOutputStream:75 - [STDERR_REDIRECT] [Fatal Error] :1:1: Premature end of file.
2025-03-05 08:36:30,251 [ERROR] LogOutputStream:75 - [STDERR_REDIRECT] 
2025-03-05 08:36:31,283 [ERROR] LogOutputStream:75 - [STDERR_REDIRECT] [Fatal Error] :1:1: Premature end of file.
2025-03-05 08:36:31,283 [ERROR] LogOutputStream:75 - [STDERR_REDIRECT] 
2025-03-05 08:36:32,272 [ERROR] LogOutputStream:75 - [STDERR_REDIRECT] [Fatal Error] :1:1: Premature end of file.
2025-03-05 08:36:32,273 [ERROR] LogOutputStream:75 - [STDERR_REDIRECT] 
2025-03-05 08:36:33,273 [ERROR] LogOutputStream:75 - [STDERR_REDIRECT] [Fatal Error] :1:1: Premature end of file.
2025-03-05 08:36:33,273 [ERROR] LogOutputStream:75 - [STDERR_REDIRECT] 
2025-03-05 08:36:34,271 [ERROR] LogOutputStream:75 - [STDERR_REDIRECT] [Fatal Error] :1:1: Premature end of file.
2025-03-05 08:36:34,271 [ERROR] LogOutputStream:75 - [STDERR_REDIRECT] 
2025-03-05 08:36:35,270 [ERROR] LogOutputStream:75 - [STDERR_REDIRECT] [Fatal Error] :1:1: Premature end of file.
2025-03-05 08:36:35,270 [ERROR] LogOutputStream:75 - [STDERR_REDIRECT] 
2025-03-05 08:36:36,258 [ERROR] LogOutputStream:75 - [STDERR_REDIRECT] [Fatal Error] :1:1: Premature end of file.
2025-03-05 08:36:36,258 [ERROR] LogOutputStream:75 - [STDERR_REDIRECT] 
2025-03-05 08:36:37,264 [ERROR] LogOutputStream:75 - [STDERR_REDIRECT] [Fatal Error] :1:1: Premature end of file.
2025-03-05 08:36:37,264 [ERROR] LogOutputStream:75 - [STDERR_REDIRECT] 
2025-03-05 08:36:38,275 [ERROR] LogOutputStream:75 - [STDERR_REDIRECT] [Fatal Error] :1:1: Premature end of file.
2025-03-05 08:36:38,275 [ERROR] LogOutputStream:75 - [STDERR_REDIRECT] 
2025-03-05 08:36:39,274 [ERROR] LogOutputStream:75 - [STDERR_REDIRECT] [Fatal Error] :1:1: Premature end of file.
2025-03-05 08:36:39,274 [ERROR] LogOutputStream:75 - [STDERR_REDIRECT] 
2025-03-05 08:36:40,259 [ERROR] LogOutputStream:75 - [STDERR_REDIRECT] [Fatal Error] :1:1: Premature end of file.
2025-03-05 08:36:40,260 [ERROR] LogOutputStream:75 - [STDERR_REDIRECT] 
2025-03-05 08:36:41,272 [ERROR] LogOutputStream:75 - [STDERR_REDIRECT] [Fatal Error] :1:1: Premature end of file.
2025-03-05 08:36:41,272 [ERROR] LogOutputStream:75 - [STDERR_REDIRECT] 
2025-03-05 08:36:42,279 [ERROR] LogOutputStream:75 - [STDERR_REDIRECT] [Fatal Error] :1:1: Premature end of file.
2025-03-05 08:36:42,279 [ERROR] LogOutputStream:75 - [STDERR_REDIRECT] 
2025-03-05 08:36:43,275 [ERROR] LogOutputStream:75 - [STDERR_REDIRECT] [Fatal Error] :1:1: Premature end of file.
2025-03-05 08:36:43,275 [ERROR] LogOutputStream:75 - [STDERR_REDIRECT] 
2025-03-05 08:36:44,275 [ERROR] LogOutputStream:75 - [STDERR_REDIRECT] [Fatal Error] :1:1: Premature end of file.
2025-03-05 08:36:44,275 [ERROR] LogOutputStream:75 - [STDERR_REDIRECT] 
2025-03-05 08:36:45,260 [ERROR] LogOutputStream:75 - [STDERR_REDIRECT] [Fatal Error] :1:1: Premature end of file.
2025-03-05 08:36:45,261 [ERROR] LogOutputStream:75 - [STDERR_REDIRECT] 
2025-03-05 08:36:46,272 [ERROR] LogOutputStream:75 - [STDERR_REDIRECT] [Fatal Error] :1:1: Premature end of file.
2025-03-05 08:36:46,272 [ERROR] LogOutputStream:75 - [STDERR_REDIRECT] 
2025-03-05 08:36:47,266 [ERROR] LogOutputStream:75 - [STDERR_REDIRECT] [Fatal Error] :1:1: Premature end of file.
2025-03-05 08:36:47,266 [ERROR] LogOutputStream:75 - [STDERR_REDIRECT] 
2025-03-05 08:36:48,268 [ERROR] LogOutputStream:75 - [STDERR_REDIRECT] [Fatal Error] :1:1: Premature end of file.
2025-03-05 08:36:48,269 [ERROR] LogOutputStream:75 - [STDERR_REDIRECT] 
2025-03-05 08:36:49,282 [ERROR] LogOutputStream:75 - [STDERR_REDIRECT] [Fatal Error] :1:1: Premature end of file.
2025-03-05 08:36:49,282 [ERROR] LogOutputStream:75 - [STDERR_REDIRECT] 
2025-03-05 08:36:50,272 [ERROR] LogOutputStream:75 - [STDERR_REDIRECT] [Fatal Error] :1:1: Premature end of file.
2025-03-05 08:36:50,272 [ERROR] LogOutputStream:75 - [STDERR_REDIRECT] 
2025-03-05 08:36:51,271 [ERROR] LogOutputStream:75 - [STDERR_REDIRECT] [Fatal Error] :1:1: Premature end of file.
2025-03-05 08:36:51,271 [ERROR] LogOutputStream:75 - [STDERR_REDIRECT] 
2025-03-05 08:36:52,272 [ERROR] LogOutputStream:75 - [STDERR_REDIRECT] [Fatal Error] :1:1: Premature end of file.
2025-03-05 08:36:52,272 [ERROR] LogOutputStream:75 - [STDERR_REDIRECT] 
2025-03-05 08:36:53,275 [ERROR] LogOutputStream:75 - [STDERR_REDIRECT] [Fatal Error] :1:1: Premature end of file.
2025-03-05 08:36:53,275 [ERROR] LogOutputStream:75 - [STDERR_REDIRECT] 
2025-03-05 08:36:54,240 [ERROR] LogOutputStream:75 - [STDERR_REDIRECT] [Fatal Error] :1:1: Premature end of file.
2025-03-05 08:36:54,240 [ERROR] LogOutputStream:75 - [STDERR_REDIRECT] 
2025-03-05 08:36:55,267 [ERROR] LogOutputStream:75 - [STDERR_REDIRECT] [Fatal Error] :1:1: Premature end of file.
2025-03-05 08:36:55,267 [ERROR] LogOutputStream:75 - [STDERR_REDIRECT] 
2025-03-05 08:36:56,248 [ERROR] LogOutputStream:75 - [STDERR_REDIRECT] [Fatal Error] :1:1: Premature end of file.
2025-03-05 08:36:56,248 [ERROR] LogOutputStream:75 - [STDERR_REDIRECT] 
2025-03-05 08:36:57,265 [ERROR] LogOutputStream:75 - [STDERR_REDIRECT] [Fatal Error] :1:1: Premature end of file.
2025-03-05 08:36:57,265 [ERROR] LogOutputStream:75 - [STDERR_REDIRECT] 
2025-03-05 08:36:58,278 [ERROR] LogOutputStream:75 - [STDERR_REDIRECT] [Fatal Error] :1:1: Premature end of file.
2025-03-05 08:36:58,279 [ERROR] LogOutputStream:75 - [STDERR_REDIRECT] 
2025-03-05 08:36:59,274 [ERROR] LogOutputStream:75 - [STDERR_REDIRECT] [Fatal Error] :1:1: Premature end of file.
2025-03-05 08:36:59,274 [ERROR] LogOutputStream:75 - [STDERR_REDIRECT] 
2025-03-05 08:37:00,274 [ERROR] LogOutputStream:75 - [STDERR_REDIRECT] [Fatal Error] :1:1: Premature end of file.
2025-03-05 08:37:00,274 [ERROR] LogOutputStream:75 - [STDERR_REDIRECT] 
2025-03-05 08:37:01,276 [ERROR] LogOutputStream:75 - [STDERR_REDIRECT] [Fatal Error] :1:1: Premature end of file.
2025-03-05 08:37:01,276 [ERROR] LogOutputStream:75 - [STDERR_REDIRECT] 
2025-03-05 08:37:02,274 [ERROR] LogOutputStream:75 - [STDERR_REDIRECT] [Fatal Error] :1:1: Premature end of file.
2025-03-05 08:37:02,274 [ERROR] LogOutputStream:75 - [STDERR_REDIRECT] 
2025-03-05 08:37:03,274 [ERROR] LogOutputStream:75 - [STDERR_REDIRECT] [Fatal Error] :1:1: Premature end of file.
2025-03-05 08:37:03,274 [ERROR] LogOutputStream:75 - [STDERR_REDIRECT] 
2025-03-05 08:37:04,277 [ERROR] LogOutputStream:75 - [STDERR_REDIRECT] [Fatal Error] :1:1: Premature end of file.
2025-03-05 08:37:04,277 [ERROR] LogOutputStream:75 - [STDERR_REDIRECT] 
2025-03-05 08:37:05,264 [ERROR] LogOutputStream:75 - [STDERR_REDIRECT] [Fatal Error] :1:1: Premature end of file.
2025-03-05 08:37:05,264 [ERROR] LogOutputStream:75 - [STDERR_REDIRECT] 
2025-03-05 08:37:06,270 [ERROR] LogOutputStream:75 - [STDERR_REDIRECT] [Fatal Error] :1:1: Premature end of file.
2025-03-05 08:37:06,270 [ERROR] LogOutputStream:75 - [STDERR_REDIRECT] 
2025-03-05 08:37:07,277 [ERROR] LogOutputStream:75 - [STDERR_REDIRECT] [Fatal Error] :1:1: Premature end of file.
2025-03-05 08:37:07,277 [ERROR] LogOutputStream:75 - [STDERR_REDIRECT] 
2025-03-05 08:37:08,250 [ERROR] LogOutputStream:75 - [STDERR_REDIRECT] [Fatal Error] :1:1: Premature end of file.
2025-03-05 08:37:08,250 [ERROR] LogOutputStream:75 - [STDERR_REDIRECT] 
2025-03-05 08:37:09,273 [ERROR] LogOutputStream:75 - [STDERR_REDIRECT] [Fatal Error] :1:1: Premature end of file.
2025-03-05 08:37:09,273 [ERROR] LogOutputStream:75 - [STDERR_REDIRECT] 
2025-03-05 08:37:10,271 [ERROR] LogOutputStream:75 - [STDERR_REDIRECT] [Fatal Error] :1:1: Premature end of file.
2025-03-05 08:37:10,271 [ERROR] LogOutputStream:75 - [STDERR_REDIRECT] 
2025-03-05 08:37:11,270 [ERROR] LogOutputStream:75 - [STDERR_REDIRECT] [Fatal Error] :1:1: Premature end of file.
2025-03-05 08:37:11,270 [ERROR] LogOutputStream:75 - [STDERR_REDIRECT] 
2025-03-05 08:37:12,275 [ERROR] LogOutputStream:75 - [STDERR_REDIRECT] [Fatal Error] :1:1: Premature end of file.
2025-03-05 08:37:12,275 [ERROR] LogOutputStream:75 - [STDERR_REDIRECT] 
2025-03-05 08:37:13,280 [ERROR] LogOutputStream:75 - [STDERR_REDIRECT] [Fatal Error] :1:1: Premature end of file.
2025-03-05 08:37:13,280 [ERROR] LogOutputStream:75 - [STDERR_REDIRECT] 
2025-03-05 08:37:14,281 [ERROR] LogOutputStream:75 - [STDERR_REDIRECT] [Fatal Error] :1:1: Premature end of file.
2025-03-05 08:37:14,281 [ERROR] LogOutputStream:75 - [STDERR_REDIRECT] 
2025-03-05 08:37:15,241 [ERROR] LogOutputStream:75 - [STDERR_REDIRECT] [Fatal Error] :1:1: Premature end of file.
2025-03-05 08:37:15,241 [ERROR] LogOutputStream:75 - [STDERR_REDIRECT] 
2025-03-05 08:37:16,269 [ERROR] LogOutputStream:75 - [STDERR_REDIRECT] [Fatal Error] :1:1: Premature end of file.
2025-03-05 08:37:16,269 [ERROR] LogOutputStream:75 - [STDERR_REDIRECT] 
2025-03-05 08:37:17,274 [ERROR] LogOutputStream:75 - [STDERR_REDIRECT] [Fatal Error] :1:1: Premature end of file.
2025-03-05 08:37:17,274 [ERROR] LogOutputStream:75 - [STDERR_REDIRECT] 
2025-03-05 08:37:18,255 [ERROR] LogOutputStream:75 - [STDERR_REDIRECT] [Fatal Error] :1:1: Premature end of file.
2025-03-05 08:37:18,255 [ERROR] LogOutputStream:75 - [STDERR_REDIRECT] 
2025-03-05 08:37:19,268 [ERROR] LogOutputStream:75 - [STDERR_REDIRECT] [Fatal Error] :1:1: Premature end of file.
2025-03-05 08:37:19,269 [ERROR] LogOutputStream:75 - [STDERR_REDIRECT] 
2025-03-05 08:37:20,278 [ERROR] LogOutputStream:75 - [STDERR_REDIRECT] [Fatal Error] :1:1: Premature end of file.
2025-03-05 08:37:20,278 [ERROR] LogOutputStream:75 - [STDERR_REDIRECT] 
2025-03-05 08:37:21,281 [ERROR] LogOutputStream:75 - [STDERR_REDIRECT] [Fatal Error] :1:1: Premature end of file.
2025-03-05 08:37:21,282 [ERROR] LogOutputStream:75 - [STDERR_REDIRECT] 
2025-03-05 08:37:22,264 [ERROR] LogOutputStream:75 - [STDERR_REDIRECT] [Fatal Error] :1:1: Premature end of file.
2025-03-05 08:37:22,264 [ERROR] LogOutputStream:75 - [STDERR_REDIRECT] 
2025-03-05 08:37:23,272 [ERROR] LogOutputStream:75 - [STDERR_REDIRECT] [Fatal Error] :1:1: Premature end of file.
2025-03-05 08:37:23,272 [ERROR] LogOutputStream:75 - [STDERR_REDIRECT] 
2025-03-05 08:37:24,275 [ERROR] LogOutputStream:75 - [STDERR_REDIRECT] [Fatal Error] :1:1: Premature end of file.
2025-03-05 08:37:24,275 [ERROR] LogOutputStream:75 - [STDERR_REDIRECT] 
2025-03-05 08:37:25,236 [ERROR] LogOutputStream:75 - [STDERR_REDIRECT] [Fatal Error] :1:1: Premature end of file.
2025-03-05 08:37:25,236 [ERROR] LogOutputStream:75 - [STDERR_REDIRECT] 
2025-03-05 08:37:26,267 [ERROR] LogOutputStream:75 - [STDERR_REDIRECT] [Fatal Error] :1:1: Premature end of file.
2025-03-05 08:37:26,267 [ERROR] LogOutputStream:75 - [STDERR_REDIRECT] 
2025-03-05 08:37:27,268 [ERROR] LogOutputStream:75 - [STDERR_REDIRECT] [Fatal Error] :1:1: Premature end of file.
2025-03-05 08:37:27,269 [ERROR] LogOutputStream:75 - [STDERR_REDIRECT] 
2025-03-05 08:37:28,253 [ERROR] LogOutputStream:75 - [STDERR_REDIRECT] [Fatal Error] :1:1: Premature end of file.
2025-03-05 08:37:28,254 [ERROR] LogOutputStream:75 - [STDERR_REDIRECT] 
2025-03-05 08:37:29,276 [ERROR] LogOutputStream:75 - [STDERR_REDIRECT] [Fatal Error] :1:1: Premature end of file.
2025-03-05 08:37:29,276 [ERROR] LogOutputStream:75 - [STDERR_REDIRECT] 
2025-03-05 08:37:30,275 [ERROR] LogOutputStream:75 - [STDERR_REDIRECT] [Fatal Error] :1:1: Premature end of file.
2025-03-05 08:37:30,275 [ERROR] LogOutputStream:75 - [STDERR_REDIRECT] 
2025-03-05 08:37:31,275 [ERROR] LogOutputStream:75 - [STDERR_REDIRECT] [Fatal Error] :1:1: Premature end of file.
2025-03-05 08:37:31,276 [ERROR] LogOutputStream:75 - [STDERR_REDIRECT] 
2025-03-05 08:37:32,276 [ERROR] LogOutputStream:75 - [STDERR_REDIRECT] [Fatal Error] :1:1: Premature end of file.
2025-03-05 08:37:32,276 [ERROR] LogOutputStream:75 - [STDERR_REDIRECT] 
2025-03-05 08:37:33,276 [ERROR] LogOutputStream:75 - [STDERR_REDIRECT] [Fatal Error] :1:1: Premature end of file.
2025-03-05 08:37:33,277 [ERROR] LogOutputStream:75 - [STDERR_REDIRECT] 
2025-03-05 08:37:34,268 [ERROR] LogOutputStream:75 - [STDERR_REDIRECT] [Fatal Error] :1:1: Premature end of file.
2025-03-05 08:37:34,268 [ERROR] LogOutputStream:75 - [STDERR_REDIRECT] 
2025-03-05 08:37:35,251 [ERROR] LogOutputStream:75 - [STDERR_REDIRECT] [Fatal Error] :1:1: Premature end of file.
2025-03-05 08:37:35,251 [ERROR] LogOutputStream:75 - [STDERR_REDIRECT] 
2025-03-05 08:37:36,256 [ERROR] LogOutputStream:75 - [STDERR_REDIRECT] [Fatal Error] :1:1: Premature end of file.
2025-03-05 08:37:36,256 [ERROR] LogOutputStream:75 - [STDERR_REDIRECT] 
2025-03-05 08:37:37,270 [ERROR] LogOutputStream:75 - [STDERR_REDIRECT] [Fatal Error] :1:1: Premature end of file.
2025-03-05 08:37:37,271 [ERROR] LogOutputStream:75 - [STDERR_REDIRECT] 
2025-03-05 08:37:38,273 [ERROR] LogOutputStream:75 - [STDERR_REDIRECT] [Fatal Error] :1:1: Premature end of file.
2025-03-05 08:37:38,274 [ERROR] LogOutputStream:75 - [STDERR_REDIRECT] 
2025-03-05 08:37:39,279 [ERROR] LogOutputStream:75 - [STDERR_REDIRECT] [Fatal Error] :1:1: Premature end of file.
2025-03-05 08:37:39,279 [ERROR] LogOutputStream:75 - [STDERR_REDIRECT] 
2025-03-05 08:37:40,272 [ERROR] LogOutputStream:75 - [STDERR_REDIRECT] [Fatal Error] :1:1: Premature end of file.
2025-03-05 08:37:40,273 [ERROR] LogOutputStream:75 - [STDERR_REDIRECT] 
2025-03-05 08:37:41,267 [ERROR] LogOutputStream:75 - [STDERR_REDIRECT] [Fatal Error] :1:1: Premature end of file.
2025-03-05 08:37:41,267 [ERROR] LogOutputStream:75 - [STDERR_REDIRECT] 
2025-03-05 08:37:42,271 [ERROR] LogOutputStream:75 - [STDERR_REDIRECT] [Fatal Error] :1:1: Premature end of file.
2025-03-05 08:37:42,271 [ERROR] LogOutputStream:75 - [STDERR_REDIRECT] 
2025-03-05 08:37:43,268 [ERROR] LogOutputStream:75 - [STDERR_REDIRECT] [Fatal Error] :1:1: Premature end of file.
2025-03-05 08:37:43,268 [ERROR] LogOutputStream:75 - [STDERR_REDIRECT] 
2025-03-05 08:37:44,257 [ERROR] LogOutputStream:75 - [STDERR_REDIRECT] [Fatal Error] :1:1: Premature end of file.
2025-03-05 08:37:44,257 [ERROR] LogOutputStream:75 - [STDERR_REDIRECT] 
2025-03-05 08:37:45,274 [ERROR] LogOutputStream:75 - [STDERR_REDIRECT] [Fatal Error] :1:1: Premature end of file.
2025-03-05 08:37:45,275 [ERROR] LogOutputStream:75 - [STDERR_REDIRECT] 
2025-03-05 08:37:46,259 [ERROR] LogOutputStream:75 - [STDERR_REDIRECT] [Fatal Error] :1:1: Premature end of file.
2025-03-05 08:37:46,259 [ERROR] LogOutputStream:75 - [STDERR_REDIRECT] 
2025-03-05 08:37:47,271 [ERROR] LogOutputStream:75 - [STDERR_REDIRECT] [Fatal Error] :1:1: Premature end of file.
2025-03-05 08:37:47,271 [ERROR] LogOutputStream:75 - [STDERR_REDIRECT] 
2025-03-05 08:37:48,241 [ERROR] LogOutputStream:75 - [STDERR_REDIRECT] [Fatal Error] :1:1: Premature end of file.
2025-03-05 08:37:48,241 [ERROR] LogOutputStream:75 - [STDERR_REDIRECT] 
2025-03-05 08:37:49,280 [ERROR] LogOutputStream:75 - [STDERR_REDIRECT] [Fatal Error] :1:1: Premature end of file.
2025-03-05 08:37:49,280 [ERROR] LogOutputStream:75 - [STDERR_REDIRECT] 
2025-03-05 08:37:50,274 [ERROR] LogOutputStream:75 - [STDERR_REDIRECT] [Fatal Error] :1:1: Premature end of file.
2025-03-05 08:37:50,275 [ERROR] LogOutputStream:75 - [STDERR_REDIRECT] 
2025-03-05 08:37:51,275 [ERROR] LogOutputStream:75 - [STDERR_REDIRECT] [Fatal Error] :1:1: Premature end of file.
2025-03-05 08:37:51,275 [ERROR] LogOutputStream:75 - [STDERR_REDIRECT] 
2025-03-05 08:37:52,274 [ERROR] LogOutputStream:75 - [STDERR_REDIRECT] [Fatal Error] :1:1: Premature end of file.
2025-03-05 08:37:52,274 [ERROR] LogOutputStream:75 - [STDERR_REDIRECT] 
2025-03-05 08:37:53,277 [ERROR] LogOutputStream:75 - [STDERR_REDIRECT] [Fatal Error] :1:1: Premature end of file.
2025-03-05 08:37:53,277 [ERROR] LogOutputStream:75 - [STDERR_REDIRECT] 
2025-03-05 08:37:54,252 [ERROR] LogOutputStream:75 - [STDERR_REDIRECT] [Fatal Error] :1:1: Premature end of file.
2025-03-05 08:37:54,252 [ERROR] LogOutputStream:75 - [STDERR_REDIRECT] 
2025-03-05 08:37:55,264 [ERROR] LogOutputStream:75 - [STDERR_REDIRECT] [Fatal Error] :1:1: Premature end of file.
2025-03-05 08:37:55,264 [ERROR] LogOutputStream:75 - [STDERR_REDIRECT] 
2025-03-05 08:37:56,274 [ERROR] LogOutputStream:75 - [STDERR_REDIRECT] [Fatal Error] :1:1: Premature end of file.
2025-03-05 08:37:56,274 [ERROR] LogOutputStream:75 - [STDERR_REDIRECT] 
2025-03-05 08:37:57,269 [ERROR] LogOutputStream:75 - [STDERR_REDIRECT] [Fatal Error] :1:1: Premature end of file.
2025-03-05 08:37:57,270 [ERROR] LogOutputStream:75 - [STDERR_REDIRECT] 
2025-03-05 08:37:58,260 [ERROR] LogOutputStream:75 - [STDERR_REDIRECT] [Fatal Error] :1:1: Premature end of file.
2025-03-05 08:37:58,260 [ERROR] LogOutputStream:75 - [STDERR_REDIRECT] 
2025-03-05 08:37:59,269 [ERROR] LogOutputStream:75 - [STDERR_REDIRECT] [Fatal Error] :1:1: Premature end of file.
2025-03-05 08:37:59,269 [ERROR] LogOutputStream:75 - [STDERR_REDIRECT] 
2025-03-05 08:38:00,272 [ERROR] LogOutputStream:75 - [STDERR_REDIRECT] [Fatal Error] :1:1: Premature end of file.
2025-03-05 08:38:00,273 [ERROR] LogOutputStream:75 - [STDERR_REDIRECT] 
2025-03-05 08:38:01,276 [ERROR] LogOutputStream:75 - [STDERR_REDIRECT] [Fatal Error] :1:1: Premature end of file.
2025-03-05 08:38:01,276 [ERROR] LogOutputStream:75 - [STDERR_REDIRECT] 
2025-03-05 08:38:02,274 [ERROR] LogOutputStream:75 - [STDERR_REDIRECT] [Fatal Error] :1:1: Premature end of file.
2025-03-05 08:38:02,275 [ERROR] LogOutputStream:75 - [STDERR_REDIRECT] 
2025-03-05 08:38:03,274 [ERROR] LogOutputStream:75 - [STDERR_REDIRECT] [Fatal Error] :1:1: Premature end of file.
2025-03-05 08:38:03,274 [ERROR] LogOutputStream:75 - [STDERR_REDIRECT] 
2025-03-05 08:38:04,251 [ERROR] LogOutputStream:75 - [STDERR_REDIRECT] [Fatal Error] :1:1: Premature end of file.
2025-03-05 08:38:04,251 [ERROR] LogOutputStream:75 - [STDERR_REDIRECT] 
2025-03-05 08:38:05,271 [ERROR] LogOutputStream:75 - [STDERR_REDIRECT] [Fatal Error] :1:1: Premature end of file.
2025-03-05 08:38:05,271 [ERROR] LogOutputStream:75 - [STDERR_REDIRECT] 
2025-03-05 08:38:06,270 [ERROR] LogOutputStream:75 - [STDERR_REDIRECT] [Fatal Error] :1:1: Premature end of file.
2025-03-05 08:38:06,270 [ERROR] LogOutputStream:75 - [STDERR_REDIRECT] 
2025-03-05 08:38:07,272 [ERROR] LogOutputStream:75 - [STDERR_REDIRECT] [Fatal Error] :1:1: Premature end of file.
2025-03-05 08:38:07,272 [ERROR] LogOutputStream:75 - [STDERR_REDIRECT] 
2025-03-05 08:38:08,277 [ERROR] LogOutputStream:75 - [STDERR_REDIRECT] [Fatal Error] :1:1: Premature end of file.
2025-03-05 08:38:08,277 [ERROR] LogOutputStream:75 - [STDERR_REDIRECT] 
2025-03-05 08:38:09,270 [ERROR] LogOutputStream:75 - [STDERR_REDIRECT] [Fatal Error] :1:1: Premature end of file.
2025-03-05 08:38:09,270 [ERROR] LogOutputStream:75 - [STDERR_REDIRECT] 
2025-03-05 08:38:10,273 [ERROR] LogOutputStream:75 - [STDERR_REDIRECT] [Fatal Error] :1:1: Premature end of file.
2025-03-05 08:38:10,273 [ERROR] LogOutputStream:75 - [STDERR_REDIRECT] 
2025-03-05 08:38:11,272 [ERROR] LogOutputStream:75 - [STDERR_REDIRECT] [Fatal Error] :1:1: Premature end of file.
2025-03-05 08:38:11,273 [ERROR] LogOutputStream:75 - [STDERR_REDIRECT] 
2025-03-05 08:38:12,276 [ERROR] LogOutputStream:75 - [STDERR_REDIRECT] [Fatal Error] :1:1: Premature end of file.
2025-03-05 08:38:12,276 [ERROR] LogOutputStream:75 - [STDERR_REDIRECT] 
2025-03-05 08:38:13,274 [ERROR] LogOutputStream:75 - [STDERR_REDIRECT] [Fatal Error] :1:1: Premature end of file.
2025-03-05 08:38:13,274 [ERROR] LogOutputStream:75 - [STDERR_REDIRECT] 
2025-03-05 08:38:14,275 [ERROR] LogOutputStream:75 - [STDERR_REDIRECT] [Fatal Error] :1:1: Premature end of file.
2025-03-05 08:38:14,275 [ERROR] LogOutputStream:75 - [STDERR_REDIRECT] 
2025-03-05 08:38:15,274 [ERROR] LogOutputStream:75 - [STDERR_REDIRECT] [Fatal Error] :1:1: Premature end of file.
2025-03-05 08:38:15,274 [ERROR] LogOutputStream:75 - [STDERR_REDIRECT] 
2025-03-05 08:38:16,279 [ERROR] LogOutputStream:75 - [STDERR_REDIRECT] [Fatal Error] :1:1: Premature end of file.
2025-03-05 08:38:16,279 [ERROR] LogOutputStream:75 - [STDERR_REDIRECT] 
2025-03-05 08:38:17,272 [ERROR] LogOutputStream:75 - [STDERR_REDIRECT] [Fatal Error] :1:1: Premature end of file.
2025-03-05 08:38:17,272 [ERROR] LogOutputStream:75 - [STDERR_REDIRECT] 
2025-03-05 08:38:18,278 [ERROR] LogOutputStream:75 - [STDERR_REDIRECT] [Fatal Error] :1:1: Premature end of file.
2025-03-05 08:38:18,278 [ERROR] LogOutputStream:75 - [STDERR_REDIRECT] 
2025-03-05 08:38:19,258 [ERROR] LogOutputStream:75 - [STDERR_REDIRECT] [Fatal Error] :1:1: Premature end of file.
2025-03-05 08:38:19,258 [ERROR] LogOutputStream:75 - [STDERR_REDIRECT] 
2025-03-05 08:38:20,279 [ERROR] LogOutputStream:75 - [STDERR_REDIRECT] [Fatal Error] :1:1: Premature end of file.
2025-03-05 08:38:20,279 [ERROR] LogOutputStream:75 - [STDERR_REDIRECT] 
2025-03-05 08:38:21,269 [ERROR] LogOutputStream:75 - [STDERR_REDIRECT] [Fatal Error] :1:1: Premature end of file.
2025-03-05 08:38:21,269 [ERROR] LogOutputStream:75 - [STDERR_REDIRECT] 
2025-03-05 08:38:22,274 [ERROR] LogOutputStream:75 - [STDERR_REDIRECT] [Fatal Error] :1:1: Premature end of file.
2025-03-05 08:38:22,274 [ERROR] LogOutputStream:75 - [STDERR_REDIRECT] 
2025-03-05 08:38:23,278 [ERROR] LogOutputStream:75 - [STDERR_REDIRECT] [Fatal Error] :1:1: Premature end of file.
2025-03-05 08:38:23,278 [ERROR] LogOutputStream:75 - [STDERR_REDIRECT] 
2025-03-05 08:38:24,276 [ERROR] LogOutputStream:75 - [STDERR_REDIRECT] [Fatal Error] :1:1: Premature end of file.
2025-03-05 08:38:24,276 [ERROR] LogOutputStream:75 - [STDERR_REDIRECT] 
2025-03-05 08:38:25,282 [ERROR] LogOutputStream:75 - [STDERR_REDIRECT] [Fatal Error] :1:1: Premature end of file.
2025-03-05 08:38:25,282 [ERROR] LogOutputStream:75 - [STDERR_REDIRECT] 
2025-03-05 08:38:26,270 [ERROR] LogOutputStream:75 - [STDERR_REDIRECT] [Fatal Error] :1:1: Premature end of file.
2025-03-05 08:38:26,270 [ERROR] LogOutputStream:75 - [STDERR_REDIRECT] 
2025-03-05 08:38:27,275 [ERROR] LogOutputStream:75 - [STDERR_REDIRECT] [Fatal Error] :1:1: Premature end of file.
2025-03-05 08:38:27,275 [ERROR] LogOutputStream:75 - [STDERR_REDIRECT] 
2025-03-05 08:38:28,268 [ERROR] LogOutputStream:75 - [STDERR_REDIRECT] [Fatal Error] :1:1: Premature end of file.
2025-03-05 08:38:28,268 [ERROR] LogOutputStream:75 - [STDERR_REDIRECT] 
2025-03-05 08:38:29,273 [ERROR] LogOutputStream:75 - [STDERR_REDIRECT] [Fatal Error] :1:1: Premature end of file.
2025-03-05 08:38:29,273 [ERROR] LogOutputStream:75 - [STDERR_REDIRECT] 
2025-03-05 08:38:30,272 [ERROR] LogOutputStream:75 - [STDERR_REDIRECT] [Fatal Error] :1:1: Premature end of file.
2025-03-05 08:38:30,273 [ERROR] LogOutputStream:75 - [STDERR_REDIRECT] 
2025-03-05 08:38:31,285 [ERROR] LogOutputStream:75 - [STDERR_REDIRECT] [Fatal Error] :1:1: Premature end of file.
2025-03-05 08:38:31,285 [ERROR] LogOutputStream:75 - [STDERR_REDIRECT] 
2025-03-05 08:38:32,270 [ERROR] LogOutputStream:75 - [STDERR_REDIRECT] [Fatal Error] :1:1: Premature end of file.
2025-03-05 08:38:32,270 [ERROR] LogOutputStream:75 - [STDERR_REDIRECT] 
2025-03-05 08:38:33,275 [ERROR] LogOutputStream:75 - [STDERR_REDIRECT] [Fatal Error] :1:1: Premature end of file.
2025-03-05 08:38:33,275 [ERROR] LogOutputStream:75 - [STDERR_REDIRECT] 
2025-03-05 08:38:34,272 [ERROR] LogOutputStream:75 - [STDERR_REDIRECT] [Fatal Error] :1:1: Premature end of file.
2025-03-05 08:38:34,272 [ERROR] LogOutputStream:75 - [STDERR_REDIRECT] 
2025-03-05 08:38:35,271 [ERROR] LogOutputStream:75 - [STDERR_REDIRECT] [Fatal Error] :1:1: Premature end of file.
2025-03-05 08:38:35,272 [ERROR] LogOutputStream:75 - [STDERR_REDIRECT] 
2025-03-05 08:38:36,274 [ERROR] LogOutputStream:75 - [STDERR_REDIRECT] [Fatal Error] :1:1: Premature end of file.
2025-03-05 08:38:36,274 [ERROR] LogOutputStream:75 - [STDERR_REDIRECT] 
2025-03-05 08:38:37,276 [ERROR] LogOutputStream:75 - [STDERR_REDIRECT] [Fatal Error] :1:1: Premature end of file.
2025-03-05 08:38:37,276 [ERROR] LogOutputStream:75 - [STDERR_REDIRECT] 
2025-03-05 08:38:38,273 [ERROR] LogOutputStream:75 - [STDERR_REDIRECT] [Fatal Error] :1:1: Premature end of file.
2025-03-05 08:38:38,273 [ERROR] LogOutputStream:75 - [STDERR_REDIRECT] 
2025-03-05 08:38:39,279 [ERROR] LogOutputStream:75 - [STDERR_REDIRECT] [Fatal Error] :1:1: Premature end of file.
2025-03-05 08:38:39,279 [ERROR] LogOutputStream:75 - [STDERR_REDIRECT] 
2025-03-05 08:38:40,281 [ERROR] LogOutputStream:75 - [STDERR_REDIRECT] [Fatal Error] :1:1: Premature end of file.
2025-03-05 08:38:40,281 [ERROR] LogOutputStream:75 - [STDERR_REDIRECT] 
2025-03-05 08:38:41,249 [ERROR] LogOutputStream:75 - [STDERR_REDIRECT] [Fatal Error] :1:1: Premature end of file.
2025-03-05 08:38:41,249 [ERROR] LogOutputStream:75 - [STDERR_REDIRECT] 
2025-03-05 08:38:42,250 [ERROR] LogOutputStream:75 - [STDERR_REDIRECT] [Fatal Error] :1:1: Premature end of file.
2025-03-05 08:38:42,250 [ERROR] LogOutputStream:75 - [STDERR_REDIRECT] 
2025-03-05 08:38:43,279 [ERROR] LogOutputStream:75 - [STDERR_REDIRECT] [Fatal Error] :1:1: Premature end of file.
2025-03-05 08:38:43,280 [ERROR] LogOutputStream:75 - [STDERR_REDIRECT] 
2025-03-05 08:38:44,254 [ERROR] LogOutputStream:75 - [STDERR_REDIRECT] [Fatal Error] :1:1: Premature end of file.
2025-03-05 08:38:44,254 [ERROR] LogOutputStream:75 - [STDERR_REDIRECT] 
2025-03-05 08:38:45,259 [ERROR] LogOutputStream:75 - [STDERR_REDIRECT] [Fatal Error] :1:1: Premature end of file.
2025-03-05 08:38:45,259 [ERROR] LogOutputStream:75 - [STDERR_REDIRECT] 
2025-03-05 08:38:46,268 [ERROR] LogOutputStream:75 - [STDERR_REDIRECT] [Fatal Error] :1:1: Premature end of file.
2025-03-05 08:38:46,268 [ERROR] LogOutputStream:75 - [STDERR_REDIRECT] 
2025-03-05 08:38:47,260 [ERROR] LogOutputStream:75 - [STDERR_REDIRECT] [Fatal Error] :1:1: Premature end of file.
2025-03-05 08:38:47,260 [ERROR] LogOutputStream:75 - [STDERR_REDIRECT] 
2025-03-05 08:38:48,266 [ERROR] LogOutputStream:75 - [STDERR_REDIRECT] [Fatal Error] :1:1: Premature end of file.
2025-03-05 08:38:48,266 [ERROR] LogOutputStream:75 - [STDERR_REDIRECT] 
2025-03-05 08:38:49,280 [ERROR] LogOutputStream:75 - [STDERR_REDIRECT] [Fatal Error] :1:1: Premature end of file.
2025-03-05 08:38:49,280 [ERROR] LogOutputStream:75 - [STDERR_REDIRECT] 
2025-03-05 08:38:50,276 [ERROR] LogOutputStream:75 - [STDERR_REDIRECT] [Fatal Error] :1:1: Premature end of file.
2025-03-05 08:38:50,276 [ERROR] LogOutputStream:75 - [STDERR_REDIRECT] 
2025-03-05 08:38:51,277 [ERROR] LogOutputStream:75 - [STDERR_REDIRECT] [Fatal Error] :1:1: Premature end of file.
2025-03-05 08:38:51,277 [ERROR] LogOutputStream:75 - [STDERR_REDIRECT] 
2025-03-05 08:38:52,275 [ERROR] LogOutputStream:75 - [STDERR_REDIRECT] [Fatal Error] :1:1: Premature end of file.
2025-03-05 08:38:52,275 [ERROR] LogOutputStream:75 - [STDERR_REDIRECT] 
2025-03-05 08:38:53,269 [ERROR] LogOutputStream:75 - [STDERR_REDIRECT] [Fatal Error] :1:1: Premature end of file.
2025-03-05 08:38:53,269 [ERROR] LogOutputStream:75 - [STDERR_REDIRECT] 
2025-03-05 08:38:54,277 [ERROR] LogOutputStream:75 - [STDERR_REDIRECT] [Fatal Error] :1:1: Premature end of file.
2025-03-05 08:38:54,277 [ERROR] LogOutputStream:75 - [STDERR_REDIRECT] 
2025-03-05 08:38:55,277 [ERROR] LogOutputStream:75 - [STDERR_REDIRECT] [Fatal Error] :1:1: Premature end of file.
2025-03-05 08:38:55,277 [ERROR] LogOutputStream:75 - [STDERR_REDIRECT] 
2025-03-05 08:38:56,296 [ERROR] LogOutputStream:75 - [STDERR_REDIRECT] [Fatal Error] :1:1: Premature end of file.
2025-03-05 08:38:56,296 [ERROR] LogOutputStream:75 - [STDERR_REDIRECT] 
2025-03-05 08:38:57,275 [ERROR] LogOutputStream:75 - [STDERR_REDIRECT] [Fatal Error] :1:1: Premature end of file.
2025-03-05 08:38:57,275 [ERROR] LogOutputStream:75 - [STDERR_REDIRECT] 
2025-03-05 08:38:58,279 [ERROR] LogOutputStream:75 - [STDERR_REDIRECT] [Fatal Error] :1:1: Premature end of file.
2025-03-05 08:38:58,279 [ERROR] LogOutputStream:75 - [STDERR_REDIRECT] 
2025-03-05 08:38:59,275 [ERROR] LogOutputStream:75 - [STDERR_REDIRECT] [Fatal Error] :1:1: Premature end of file.
2025-03-05 08:38:59,275 [ERROR] LogOutputStream:75 - [STDERR_REDIRECT] 
2025-03-05 08:39:00,273 [ERROR] LogOutputStream:75 - [STDERR_REDIRECT] [Fatal Error] :1:1: Premature end of file.
2025-03-05 08:39:00,273 [ERROR] LogOutputStream:75 - [STDERR_REDIRECT] 
2025-03-05 08:39:01,272 [ERROR] LogOutputStream:75 - [STDERR_REDIRECT] [Fatal Error] :1:1: Premature end of file.
2025-03-05 08:39:01,273 [ERROR] LogOutputStream:75 - [STDERR_REDIRECT] 
2025-03-05 08:39:02,269 [ERROR] LogOutputStream:75 - [STDERR_REDIRECT] [Fatal Error] :1:1: Premature end of file.
2025-03-05 08:39:02,269 [ERROR] LogOutputStream:75 - [STDERR_REDIRECT] 
2025-03-05 08:39:03,271 [ERROR] LogOutputStream:75 - [STDERR_REDIRECT] [Fatal Error] :1:1: Premature end of file.
2025-03-05 08:39:03,271 [ERROR] LogOutputStream:75 - [STDERR_REDIRECT] 
2025-03-05 08:39:04,278 [ERROR] LogOutputStream:75 - [STDERR_REDIRECT] [Fatal Error] :1:1: Premature end of file.
2025-03-05 08:39:04,279 [ERROR] LogOutputStream:75 - [STDERR_REDIRECT] 
2025-03-05 08:39:05,271 [ERROR] LogOutputStream:75 - [STDERR_REDIRECT] [Fatal Error] :1:1: Premature end of file.
2025-03-05 08:39:05,271 [ERROR] LogOutputStream:75 - [STDERR_REDIRECT] 
2025-03-05 08:39:06,266 [ERROR] LogOutputStream:75 - [STDERR_REDIRECT] [Fatal Error] :1:1: Premature end of file.
2025-03-05 08:39:06,266 [ERROR] LogOutputStream:75 - [STDERR_REDIRECT] 
2025-03-05 08:39:07,278 [ERROR] LogOutputStream:75 - [STDERR_REDIRECT] [Fatal Error] :1:1: Premature end of file.
2025-03-05 08:39:07,278 [ERROR] LogOutputStream:75 - [STDERR_REDIRECT] 
2025-03-05 08:39:08,283 [ERROR] LogOutputStream:75 - [STDERR_REDIRECT] [Fatal Error] :1:1: Premature end of file.
2025-03-05 08:39:08,283 [ERROR] LogOutputStream:75 - [STDERR_REDIRECT] 
2025-03-05 08:39:09,279 [ERROR] LogOutputStream:75 - [STDERR_REDIRECT] [Fatal Error] :1:1: Premature end of file.
2025-03-05 08:39:09,279 [ERROR] LogOutputStream:75 - [STDERR_REDIRECT] 
2025-03-05 08:39:10,278 [ERROR] LogOutputStream:75 - [STDERR_REDIRECT] [Fatal Error] :1:1: Premature end of file.
2025-03-05 08:39:10,278 [ERROR] LogOutputStream:75 - [STDERR_REDIRECT] 
2025-03-05 08:39:11,269 [ERROR] LogOutputStream:75 - [STDERR_REDIRECT] [Fatal Error] :1:1: Premature end of file.
2025-03-05 08:39:11,269 [ERROR] LogOutputStream:75 - [STDERR_REDIRECT] 
2025-03-05 08:39:12,252 [ERROR] LogOutputStream:75 - [STDERR_REDIRECT] [Fatal Error] :1:1: Premature end of file.
2025-03-05 08:39:12,252 [ERROR] LogOutputStream:75 - [STDERR_REDIRECT] 
2025-03-05 08:39:13,258 [ERROR] LogOutputStream:75 - [STDERR_REDIRECT] [Fatal Error] :1:1: Premature end of file.
2025-03-05 08:39:13,258 [ERROR] LogOutputStream:75 - [STDERR_REDIRECT] 
2025-03-05 08:39:14,272 [ERROR] LogOutputStream:75 - [STDERR_REDIRECT] [Fatal Error] :1:1: Premature end of file.
2025-03-05 08:39:14,272 [ERROR] LogOutputStream:75 - [STDERR_REDIRECT] 
2025-03-05 08:39:15,275 [ERROR] LogOutputStream:75 - [STDERR_REDIRECT] [Fatal Error] :1:1: Premature end of file.
2025-03-05 08:39:15,275 [ERROR] LogOutputStream:75 - [STDERR_REDIRECT] 
2025-03-05 08:39:16,275 [ERROR] LogOutputStream:75 - [STDERR_REDIRECT] [Fatal Error] :1:1: Premature end of file.
2025-03-05 08:39:16,275 [ERROR] LogOutputStream:75 - [STDERR_REDIRECT] 
2025-03-05 08:39:17,274 [ERROR] LogOutputStream:75 - [STDERR_REDIRECT] [Fatal Error] :1:1: Premature end of file.
2025-03-05 08:39:17,274 [ERROR] LogOutputStream:75 - [STDERR_REDIRECT] 
2025-03-05 08:39:18,249 [ERROR] LogOutputStream:75 - [STDERR_REDIRECT] [Fatal Error] :1:1: Premature end of file.
2025-03-05 08:39:18,249 [ERROR] LogOutputStream:75 - [STDERR_REDIRECT] 
2025-03-05 08:39:19,275 [ERROR] LogOutputStream:75 - [STDERR_REDIRECT] [Fatal Error] :1:1: Premature end of file.
2025-03-05 08:39:19,275 [ERROR] LogOutputStream:75 - [STDERR_REDIRECT] 
2025-03-05 08:39:20,267 [ERROR] LogOutputStream:75 - [STDERR_REDIRECT] [Fatal Error] :1:1: Premature end of file.
2025-03-05 08:39:20,268 [ERROR] LogOutputStream:75 - [STDERR_REDIRECT] 
2025-03-05 08:39:21,274 [ERROR] LogOutputStream:75 - [STDERR_REDIRECT] [Fatal Error] :1:1: Premature end of file.
2025-03-05 08:39:21,274 [ERROR] LogOutputStream:75 - [STDERR_REDIRECT] 
2025-03-05 08:39:22,270 [ERROR] LogOutputStream:75 - [STDERR_REDIRECT] [Fatal Error] :1:1: Premature end of file.
2025-03-05 08:39:22,271 [ERROR] LogOutputStream:75 - [STDERR_REDIRECT] 
2025-03-05 08:39:23,272 [ERROR] LogOutputStream:75 - [STDERR_REDIRECT] [Fatal Error] :1:1: Premature end of file.
2025-03-05 08:39:23,272 [ERROR] LogOutputStream:75 - [STDERR_REDIRECT] 
2025-03-05 08:39:24,275 [ERROR] LogOutputStream:75 - [STDERR_REDIRECT] [Fatal Error] :1:1: Premature end of file.
2025-03-05 08:39:24,276 [ERROR] LogOutputStream:75 - [STDERR_REDIRECT] 
2025-03-05 08:39:25,276 [ERROR] LogOutputStream:75 - [STDERR_REDIRECT] [Fatal Error] :1:1: Premature end of file.
2025-03-05 08:39:25,276 [ERROR] LogOutputStream:75 - [STDERR_REDIRECT] 
2025-03-05 08:39:26,244 [ERROR] LogOutputStream:75 - [STDERR_REDIRECT] [Fatal Error] :1:1: Premature end of file.
2025-03-05 08:39:26,244 [ERROR] LogOutputStream:75 - [STDERR_REDIRECT] 
2025-03-05 08:39:27,273 [ERROR] LogOutputStream:75 - [STDERR_REDIRECT] [Fatal Error] :1:1: Premature end of file.
2025-03-05 08:39:27,273 [ERROR] LogOutputStream:75 - [STDERR_REDIRECT] 
2025-03-05 08:39:28,262 [ERROR] LogOutputStream:75 - [STDERR_REDIRECT] [Fatal Error] :1:1: Premature end of file.
2025-03-05 08:39:28,262 [ERROR] LogOutputStream:75 - [STDERR_REDIRECT] 
2025-03-05 08:39:29,296 [ERROR] LogOutputStream:75 - [STDERR_REDIRECT] [Fatal Error] :1:1: Premature end of file.
2025-03-05 08:39:29,296 [ERROR] LogOutputStream:75 - [STDERR_REDIRECT] 
2025-03-05 08:39:30,274 [ERROR] LogOutputStream:75 - [STDERR_REDIRECT] [Fatal Error] :1:1: Premature end of file.
2025-03-05 08:39:30,274 [ERROR] LogOutputStream:75 - [STDERR_REDIRECT] 
2025-03-05 08:39:31,292 [ERROR] LogOutputStream:75 - [STDERR_REDIRECT] [Fatal Error] :1:1: Premature end of file.
2025-03-05 08:39:31,293 [ERROR] LogOutputStream:75 - [STDERR_REDIRECT] 
2025-03-05 08:39:32,277 [ERROR] LogOutputStream:75 - [STDERR_REDIRECT] [Fatal Error] :1:1: Premature end of file.
2025-03-05 08:39:32,277 [ERROR] LogOutputStream:75 - [STDERR_REDIRECT] 
2025-03-05 08:39:33,276 [ERROR] LogOutputStream:75 - [STDERR_REDIRECT] [Fatal Error] :1:1: Premature end of file.
2025-03-05 08:39:33,276 [ERROR] LogOutputStream:75 - [STDERR_REDIRECT] 
2025-03-05 08:39:34,277 [ERROR] LogOutputStream:75 - [STDERR_REDIRECT] [Fatal Error] :1:1: Premature end of file.
2025-03-05 08:39:34,277 [ERROR] LogOutputStream:75 - [STDERR_REDIRECT] 
2025-03-05 08:39:35,273 [ERROR] LogOutputStream:75 - [STDERR_REDIRECT] [Fatal Error] :1:1: Premature end of file.
2025-03-05 08:39:35,273 [ERROR] LogOutputStream:75 - [STDERR_REDIRECT] 
2025-03-05 08:39:36,262 [ERROR] LogOutputStream:75 - [STDERR_REDIRECT] [Fatal Error] :1:1: Premature end of file.
2025-03-05 08:39:36,262 [ERROR] LogOutputStream:75 - [STDERR_REDIRECT] 
2025-03-05 08:39:37,261 [ERROR] LogOutputStream:75 - [STDERR_REDIRECT] [Fatal Error] :1:1: Premature end of file.
2025-03-05 08:39:37,261 [ERROR] LogOutputStream:75 - [STDERR_REDIRECT] 
2025-03-05 08:39:38,278 [ERROR] LogOutputStream:75 - [STDERR_REDIRECT] [Fatal Error] :1:1: Premature end of file.
2025-03-05 08:39:38,278 [ERROR] LogOutputStream:75 - [STDERR_REDIRECT] 
2025-03-05 08:39:39,268 [ERROR] LogOutputStream:75 - [STDERR_REDIRECT] [Fatal Error] :1:1: Premature end of file.
2025-03-05 08:39:39,268 [ERROR] LogOutputStream:75 - [STDERR_REDIRECT] 
2025-03-05 08:39:40,280 [ERROR] LogOutputStream:75 - [STDERR_REDIRECT] [Fatal Error] :1:1: Premature end of file.
2025-03-05 08:39:40,280 [ERROR] LogOutputStream:75 - [STDERR_REDIRECT] 
2025-03-05 08:39:41,278 [ERROR] LogOutputStream:75 - [STDERR_REDIRECT] [Fatal Error] :1:1: Premature end of file.
2025-03-05 08:39:41,278 [ERROR] LogOutputStream:75 - [STDERR_REDIRECT] 
2025-03-05 08:39:42,300 [ERROR] LogOutputStream:75 - [STDERR_REDIRECT] [Fatal Error] :1:1: Premature end of file.
2025-03-05 08:39:42,300 [ERROR] LogOutputStream:75 - [STDERR_REDIRECT] 
2025-03-05 08:39:43,276 [ERROR] LogOutputStream:75 - [STDERR_REDIRECT] [Fatal Error] :1:1: Premature end of file.
2025-03-05 08:39:43,277 [ERROR] LogOutputStream:75 - [STDERR_REDIRECT] 
2025-03-05 08:39:44,273 [ERROR] LogOutputStream:75 - [STDERR_REDIRECT] [Fatal Error] :1:1: Premature end of file.
2025-03-05 08:39:44,273 [ERROR] LogOutputStream:75 - [STDERR_REDIRECT] 
2025-03-05 08:39:45,255 [ERROR] LogOutputStream:75 - [STDERR_REDIRECT] [Fatal Error] :1:1: Premature end of file.
2025-03-05 08:39:45,255 [ERROR] LogOutputStream:75 - [STDERR_REDIRECT] 
2025-03-05 08:39:46,273 [ERROR] LogOutputStream:75 - [STDERR_REDIRECT] [Fatal Error] :1:1: Premature end of file.
2025-03-05 08:39:46,273 [ERROR] LogOutputStream:75 - [STDERR_REDIRECT] 
2025-03-05 08:39:47,270 [ERROR] LogOutputStream:75 - [STDERR_REDIRECT] [Fatal Error] :1:1: Premature end of file.
2025-03-05 08:39:47,270 [ERROR] LogOutputStream:75 - [STDERR_REDIRECT] 
2025-03-05 08:39:48,258 [ERROR] LogOutputStream:75 - [STDERR_REDIRECT] [Fatal Error] :1:1: Premature end of file.
2025-03-05 08:39:48,258 [ERROR] LogOutputStream:75 - [STDERR_REDIRECT] 
2025-03-05 08:39:49,284 [ERROR] LogOutputStream:75 - [STDERR_REDIRECT] [Fatal Error] :1:1: Premature end of file.
2025-03-05 08:39:49,284 [ERROR] LogOutputStream:75 - [STDERR_REDIRECT] 
2025-03-05 08:39:50,246 [ERROR] LogOutputStream:75 - [STDERR_REDIRECT] [Fatal Error] :1:1: Premature end of file.
2025-03-05 08:39:50,246 [ERROR] LogOutputStream:75 - [STDERR_REDIRECT] 
2025-03-05 08:39:51,244 [ERROR] LogOutputStream:75 - [STDERR_REDIRECT] [Fatal Error] :1:1: Premature end of file.
2025-03-05 08:39:51,244 [ERROR] LogOutputStream:75 - [STDERR_REDIRECT] 
2025-03-05 08:39:52,265 [ERROR] LogOutputStream:75 - [STDERR_REDIRECT] [Fatal Error] :1:1: Premature end of file.
2025-03-05 08:39:52,265 [ERROR] LogOutputStream:75 - [STDERR_REDIRECT] 
2025-03-05 08:39:53,276 [ERROR] LogOutputStream:75 - [STDERR_REDIRECT] [Fatal Error] :1:1: Premature end of file.
2025-03-05 08:39:53,276 [ERROR] LogOutputStream:75 - [STDERR_REDIRECT] 
2025-03-05 08:39:54,280 [ERROR] LogOutputStream:75 - [STDERR_REDIRECT] [Fatal Error] :1:1: Premature end of file.
2025-03-05 08:39:54,280 [ERROR] LogOutputStream:75 - [STDERR_REDIRECT] 
2025-03-05 08:39:55,268 [ERROR] LogOutputStream:75 - [STDERR_REDIRECT] [Fatal Error] :1:1: Premature end of file.
2025-03-05 08:39:55,268 [ERROR] LogOutputStream:75 - [STDERR_REDIRECT] 
2025-03-05 08:39:56,276 [ERROR] LogOutputStream:75 - [STDERR_REDIRECT] [Fatal Error] :1:1: Premature end of file.
2025-03-05 08:39:56,277 [ERROR] LogOutputStream:75 - [STDERR_REDIRECT] 
2025-03-05 08:39:57,273 [ERROR] LogOutputStream:75 - [STDERR_REDIRECT] [Fatal Error] :1:1: Premature end of file.
2025-03-05 08:39:57,273 [ERROR] LogOutputStream:75 - [STDERR_REDIRECT] 
2025-03-05 08:39:58,278 [ERROR] LogOutputStream:75 - [STDERR_REDIRECT] [Fatal Error] :1:1: Premature end of file.
2025-03-05 08:39:58,278 [ERROR] LogOutputStream:75 - [STDERR_REDIRECT] 
2025-03-05 08:39:59,268 [ERROR] LogOutputStream:75 - [STDERR_REDIRECT] [Fatal Error] :1:1: Premature end of file.
2025-03-05 08:39:59,269 [ERROR] LogOutputStream:75 - [STDERR_REDIRECT] 
2025-03-05 08:40:00,272 [ERROR] LogOutputStream:75 - [STDERR_REDIRECT] [Fatal Error] :1:1: Premature end of file.
2025-03-05 08:40:00,272 [ERROR] LogOutputStream:75 - [STDERR_REDIRECT] 
2025-03-05 08:40:01,260 [ERROR] LogOutputStream:75 - [STDERR_REDIRECT] [Fatal Error] :1:1: Premature end of file.
2025-03-05 08:40:01,261 [ERROR] LogOutputStream:75 - [STDERR_REDIRECT] 
2025-03-05 08:40:02,265 [ERROR] LogOutputStream:75 - [STDERR_REDIRECT] [Fatal Error] :1:1: Premature end of file.
2025-03-05 08:40:02,266 [ERROR] LogOutputStream:75 - [STDERR_REDIRECT] 
2025-03-05 08:40:03,279 [ERROR] LogOutputStream:75 - [STDERR_REDIRECT] [Fatal Error] :1:1: Premature end of file.
2025-03-05 08:40:03,279 [ERROR] LogOutputStream:75 - [STDERR_REDIRECT] 
2025-03-05 08:40:04,276 [ERROR] LogOutputStream:75 - [STDERR_REDIRECT] [Fatal Error] :1:1: Premature end of file.
2025-03-05 08:40:04,277 [ERROR] LogOutputStream:75 - [STDERR_REDIRECT] 
2025-03-05 08:40:05,270 [ERROR] LogOutputStream:75 - [STDERR_REDIRECT] [Fatal Error] :1:1: Premature end of file.
2025-03-05 08:40:05,270 [ERROR] LogOutputStream:75 - [STDERR_REDIRECT] 
2025-03-05 08:40:06,277 [ERROR] LogOutputStream:75 - [STDERR_REDIRECT] [Fatal Error] :1:1: Premature end of file.
2025-03-05 08:40:06,277 [ERROR] LogOutputStream:75 - [STDERR_REDIRECT] 
2025-03-05 08:40:07,277 [ERROR] LogOutputStream:75 - [STDERR_REDIRECT] [Fatal Error] :1:1: Premature end of file.
2025-03-05 08:40:07,277 [ERROR] LogOutputStream:75 - [STDERR_REDIRECT] 
2025-03-05 08:40:08,271 [ERROR] LogOutputStream:75 - [STDERR_REDIRECT] [Fatal Error] :1:1: Premature end of file.
2025-03-05 08:40:08,271 [ERROR] LogOutputStream:75 - [STDERR_REDIRECT] 
2025-03-05 08:40:09,267 [ERROR] LogOutputStream:75 - [STDERR_REDIRECT] [Fatal Error] :1:1: Premature end of file.
2025-03-05 08:40:09,267 [ERROR] LogOutputStream:75 - [STDERR_REDIRECT] 
2025-03-05 08:40:10,278 [ERROR] LogOutputStream:75 - [STDERR_REDIRECT] [Fatal Error] :1:1: Premature end of file.
2025-03-05 08:40:10,278 [ERROR] LogOutputStream:75 - [STDERR_REDIRECT] 
2025-03-05 08:40:11,282 [ERROR] LogOutputStream:75 - [STDERR_REDIRECT] [Fatal Error] :1:1: Premature end of file.
2025-03-05 08:40:11,283 [ERROR] LogOutputStream:75 - [STDERR_REDIRECT] 
2025-03-05 08:40:12,279 [ERROR] LogOutputStream:75 - [STDERR_REDIRECT] [Fatal Error] :1:1: Premature end of file.
2025-03-05 08:40:12,279 [ERROR] LogOutputStream:75 - [STDERR_REDIRECT] 
2025-03-05 08:40:13,281 [ERROR] LogOutputStream:75 - [STDERR_REDIRECT] [Fatal Error] :1:1: Premature end of file.
2025-03-05 08:40:13,282 [ERROR] LogOutputStream:75 - [STDERR_REDIRECT] 
2025-03-05 08:40:14,281 [ERROR] LogOutputStream:75 - [STDERR_REDIRECT] [Fatal Error] :1:1: Premature end of file.
2025-03-05 08:40:14,281 [ERROR] LogOutputStream:75 - [STDERR_REDIRECT] 
2025-03-05 08:40:15,278 [ERROR] LogOutputStream:75 - [STDERR_REDIRECT] [Fatal Error] :1:1: Premature end of file.
2025-03-05 08:40:15,278 [ERROR] LogOutputStream:75 - [STDERR_REDIRECT] 
2025-03-05 08:40:16,279 [ERROR] LogOutputStream:75 - [STDERR_REDIRECT] [Fatal Error] :1:1: Premature end of file.
2025-03-05 08:40:16,279 [ERROR] LogOutputStream:75 - [STDERR_REDIRECT] 
2025-03-05 08:40:17,267 [ERROR] LogOutputStream:75 - [STDERR_REDIRECT] [Fatal Error] :1:1: Premature end of file.
2025-03-05 08:40:17,267 [ERROR] LogOutputStream:75 - [STDERR_REDIRECT] 
2025-03-05 08:40:18,270 [ERROR] LogOutputStream:75 - [STDERR_REDIRECT] [Fatal Error] :1:1: Premature end of file.
2025-03-05 08:40:18,270 [ERROR] LogOutputStream:75 - [STDERR_REDIRECT] 
2025-03-05 08:40:19,252 [ERROR] LogOutputStream:75 - [STDERR_REDIRECT] [Fatal Error] :1:1: Premature end of file.
2025-03-05 08:40:19,253 [ERROR] LogOutputStream:75 - [STDERR_REDIRECT] 
