2025-03-07 17:45:10,077 [INFO] Activator:176 - 


2025-03-07 17:45:10,077 [INFO] Activator:177 - !SESSION log4j initialized
2025-03-07 17:45:12,776 [ERROR] LogOutputStream:75 - [STDERR_REDIRECT] [Fatal Error] :1:1: Premature end of file.
2025-03-07 17:45:12,777 [ERROR] LogOutputStream:75 - [STDERR_REDIRECT] 
2025-03-07 17:45:13,748 [ERROR] LogOutputStream:75 - [STDERR_REDIRECT] [Fatal Error] :1:1: Premature end of file.
2025-03-07 17:45:13,749 [ERROR] LogOutputStream:75 - [STDERR_REDIRECT] 
2025-03-07 17:45:14,759 [ERROR] LogOutputStream:75 - [STDERR_REDIRECT] [Fatal Error] :1:1: Premature end of file.
2025-03-07 17:45:14,760 [ERROR] LogOutputStream:75 - [STDERR_REDIRECT] 
2025-03-07 17:45:15,741 [ERROR] LogOutputStream:75 - [STDERR_REDIRECT] [Fatal Error] :1:1: Premature end of file.
2025-03-07 17:45:15,742 [ERROR] LogOutputStream:75 - [STDERR_REDIRECT] 
2025-03-07 17:45:16,754 [ERROR] LogOutputStream:75 - [STDERR_REDIRECT] [Fatal Error] :1:1: Premature end of file.
2025-03-07 17:45:16,754 [ERROR] LogOutputStream:75 - [STDERR_REDIRECT] 
2025-03-07 17:45:17,719 [ERROR] LogOutputStream:75 - [STDERR_REDIRECT] [Fatal Error] :1:1: Premature end of file.
2025-03-07 17:45:17,719 [ERROR] LogOutputStream:75 - [STDERR_REDIRECT] 
2025-03-07 17:45:18,777 [ERROR] LogOutputStream:75 - [STDERR_REDIRECT] [Fatal Error] :1:1: Premature end of file.
2025-03-07 17:45:18,777 [ERROR] LogOutputStream:75 - [STDERR_REDIRECT] 
2025-03-07 17:45:19,736 [ERROR] LogOutputStream:75 - [STDERR_REDIRECT] [Fatal Error] :1:1: Premature end of file.
2025-03-07 17:45:19,736 [ERROR] LogOutputStream:75 - [STDERR_REDIRECT] 
2025-03-07 17:45:20,775 [ERROR] LogOutputStream:75 - [STDERR_REDIRECT] [Fatal Error] :1:1: Premature end of file.
2025-03-07 17:45:20,776 [ERROR] LogOutputStream:75 - [STDERR_REDIRECT] 
2025-03-07 17:45:21,739 [ERROR] LogOutputStream:75 - [STDERR_REDIRECT] [Fatal Error] :1:1: Premature end of file.
2025-03-07 17:45:21,739 [ERROR] LogOutputStream:75 - [STDERR_REDIRECT] 
2025-03-07 17:45:22,754 [ERROR] LogOutputStream:75 - [STDERR_REDIRECT] [Fatal Error] :1:1: Premature end of file.
2025-03-07 17:45:22,754 [ERROR] LogOutputStream:75 - [STDERR_REDIRECT] 
2025-03-07 17:45:23,041 [INFO] ApplicationProperties:184 - Using Application install path: C:\ST\STM32CubeIDE_1.17.0\STM32CubeIDE\plugins\com.st.stm32cube.common.mx_6.14.0.202502271554
2025-03-07 17:45:23,053 [INFO] DbMcusXml:78 - Set database path to: C:\ST\STM32CubeIDE_1.17.0\STM32CubeIDE\plugins\com.st.stm32cube.common.mx_6.14.0.202502271554\\db\/mcu/
2025-03-07 17:45:23,053 [INFO] ApiDb:274 - Set plugin database path to: C:\ST\STM32CubeIDE_1.17.0\STM32CubeIDE\plugins\com.st.stm32cube.common.mx_6.14.0.202502271554\\db\/plugins/boardmanager/
2025-03-07 17:45:23,053 [WARN] ApiDb:259 - Overriding images path with different value:  => C:\ST\STM32CubeIDE_1.17.0\STM32CubeIDE\plugins\com.st.stm32cube.common.mx_6.14.0.202502271554\\db\/plugins/mcufinder/images/
2025-03-07 17:45:23,057 [INFO] ApiDb:250 - Set database path to: C:\Users\raj\.stmcufinder\plugins\mcufinder//mcu/
2025-03-07 17:45:23,057 [INFO] DbMcusAds:125 - Set database path to: C:\Users\raj\.stmcufinder\plugins\mcufinder//mcu/
2025-03-07 17:45:23,746 [ERROR] LogOutputStream:75 - [STDERR_REDIRECT] [Fatal Error] :1:1: Premature end of file.
2025-03-07 17:45:23,746 [ERROR] LogOutputStream:75 - [STDERR_REDIRECT] 
2025-03-07 17:45:24,739 [ERROR] LogOutputStream:75 - [STDERR_REDIRECT] [Fatal Error] :1:1: Premature end of file.
2025-03-07 17:45:24,739 [ERROR] LogOutputStream:75 - [STDERR_REDIRECT] 
2025-03-07 17:45:24,820 [INFO] LogOutputStream:77 - [STDOUT_REDIRECT] 
2025-03-07 17:45:25,760 [ERROR] LogOutputStream:75 - [STDERR_REDIRECT] [Fatal Error] :1:1: Premature end of file.
2025-03-07 17:45:25,760 [ERROR] LogOutputStream:75 - [STDERR_REDIRECT] 
2025-03-07 17:45:26,761 [ERROR] LogOutputStream:75 - [STDERR_REDIRECT] [Fatal Error] :1:1: Premature end of file.
2025-03-07 17:45:26,761 [ERROR] LogOutputStream:75 - [STDERR_REDIRECT] 
2025-03-07 17:45:27,744 [ERROR] LogOutputStream:75 - [STDERR_REDIRECT] [Fatal Error] :1:1: Premature end of file.
2025-03-07 17:45:27,748 [ERROR] LogOutputStream:75 - [STDERR_REDIRECT] 
2025-03-07 17:45:28,754 [ERROR] LogOutputStream:75 - [STDERR_REDIRECT] [Fatal Error] :1:1: Premature end of file.
2025-03-07 17:45:28,754 [ERROR] LogOutputStream:75 - [STDERR_REDIRECT] 
2025-03-07 17:45:29,764 [ERROR] LogOutputStream:75 - [STDERR_REDIRECT] [Fatal Error] :1:1: Premature end of file.
2025-03-07 17:45:29,764 [ERROR] LogOutputStream:75 - [STDERR_REDIRECT] 
2025-03-07 17:45:30,745 [ERROR] LogOutputStream:75 - [STDERR_REDIRECT] [Fatal Error] :1:1: Premature end of file.
2025-03-07 17:45:30,745 [ERROR] LogOutputStream:75 - [STDERR_REDIRECT] 
2025-03-07 17:45:31,743 [ERROR] LogOutputStream:75 - [STDERR_REDIRECT] [Fatal Error] :1:1: Premature end of file.
2025-03-07 17:45:31,743 [ERROR] LogOutputStream:75 - [STDERR_REDIRECT] 
2025-03-07 17:45:32,760 [ERROR] LogOutputStream:75 - [STDERR_REDIRECT] [Fatal Error] :1:1: Premature end of file.
2025-03-07 17:45:32,760 [ERROR] LogOutputStream:75 - [STDERR_REDIRECT] 
2025-03-07 17:45:33,741 [ERROR] LogOutputStream:75 - [STDERR_REDIRECT] [Fatal Error] :1:1: Premature end of file.
2025-03-07 17:45:33,741 [ERROR] LogOutputStream:75 - [STDERR_REDIRECT] 
2025-03-07 17:45:34,140 [INFO] CrossReferenceDbSqlite:203 - Set database path to: C:\Users\raj\.stmcufinder\plugins\mcufinder//mcu/cs/
2025-03-07 17:45:34,279 [INFO] RulesReader:64 - Compatibility file has been processed (301 Rules)
2025-03-07 17:45:34,355 [INFO] DbMcusXml:78 - Set database path to: C:\ST\STM32CubeIDE_1.17.0\STM32CubeIDE\plugins\com.st.stm32cube.common.mx_6.14.0.202502271554\\db\/mcu/
2025-03-07 17:45:34,355 [INFO] ApiDb:274 - Set plugin database path to: C:\ST\STM32CubeIDE_1.17.0\STM32CubeIDE\plugins\com.st.stm32cube.common.mx_6.14.0.202502271554\\db\/plugins/boardmanager/
2025-03-07 17:45:34,355 [INFO] ApiDb:261 - Set plugin images path to: C:\ST\STM32CubeIDE_1.17.0\STM32CubeIDE\plugins\com.st.stm32cube.common.mx_6.14.0.202502271554\\db\/plugins/mcufinder/images/
2025-03-07 17:45:34,355 [WARN] DbFile:41 - Overriding database path with different value: C:\Users\raj\.stmcufinder\plugins\mcufinder/ => C:\Users\raj\.stmcufinder\plugins\mcufinder
2025-03-07 17:45:34,355 [INFO] ApiDb:250 - Set database path to: C:\Users\raj\.stmcufinder\plugins\mcufinder//mcu/
2025-03-07 17:45:34,355 [WARN] DbFile:41 - Overriding database path with different value: C:\Users\raj\.stmcufinder\plugins\mcufinder/ => C:\Users\raj\.stmcufinder\plugins\mcufinder
2025-03-07 17:45:34,355 [INFO] DbMcusAds:125 - Set database path to: C:\Users\raj\.stmcufinder\plugins\mcufinder//mcu/
2025-03-07 17:45:34,355 [WARN] DbFile:41 - Overriding database path with different value: C:\Users\raj\.stmcufinder\plugins\mcufinder/ => C:\Users\raj\.stmcufinder\plugins\mcufinder
2025-03-07 17:45:34,355 [WARN] DbFile:41 - Overriding database path with different value: C:\Users\raj\.stmcufinder\plugins\mcufinder/ => C:\Users\raj\.stmcufinder\plugins\mcufinder
2025-03-07 17:45:34,355 [INFO] CrossReferenceDbSqlite:203 - Set database path to: C:\Users\raj\.stmcufinder\plugins\mcufinder//mcu/cs/
2025-03-07 17:45:34,415 [INFO] MainPanel:272 - HeapMemory: 268435456
2025-03-07 17:45:34,469 [INFO] DbMcusXml:78 - Set database path to: C:\ST\STM32CubeIDE_1.17.0\STM32CubeIDE\plugins\com.st.stm32cube.common.mx_6.14.0.202502271554\\db\/mcu/
2025-03-07 17:45:34,469 [INFO] ApiDb:274 - Set plugin database path to: C:\ST\STM32CubeIDE_1.17.0\STM32CubeIDE\plugins\com.st.stm32cube.common.mx_6.14.0.202502271554\\db\/plugins/boardmanager/
2025-03-07 17:45:34,469 [INFO] ApiDb:261 - Set plugin images path to: C:\ST\STM32CubeIDE_1.17.0\STM32CubeIDE\plugins\com.st.stm32cube.common.mx_6.14.0.202502271554\\db\/plugins/mcufinder/images/
2025-03-07 17:45:34,469 [WARN] DbFile:41 - Overriding database path with different value: C:\Users\raj\.stmcufinder\plugins\mcufinder/ => C:\Users\raj\.stmcufinder\plugins\mcufinder
2025-03-07 17:45:34,470 [INFO] ApiDb:250 - Set database path to: C:\Users\raj\.stmcufinder\plugins\mcufinder//mcu/
2025-03-07 17:45:34,470 [WARN] DbFile:41 - Overriding database path with different value: C:\Users\raj\.stmcufinder\plugins\mcufinder/ => C:\Users\raj\.stmcufinder\plugins\mcufinder
2025-03-07 17:45:34,470 [INFO] DbMcusAds:125 - Set database path to: C:\Users\raj\.stmcufinder\plugins\mcufinder//mcu/
2025-03-07 17:45:34,470 [WARN] DbFile:41 - Overriding database path with different value: C:\Users\raj\.stmcufinder\plugins\mcufinder/ => C:\Users\raj\.stmcufinder\plugins\mcufinder
2025-03-07 17:45:34,470 [WARN] DbFile:41 - Overriding database path with different value: C:\Users\raj\.stmcufinder\plugins\mcufinder/ => C:\Users\raj\.stmcufinder\plugins\mcufinder
2025-03-07 17:45:34,470 [INFO] CrossReferenceDbSqlite:203 - Set database path to: C:\Users\raj\.stmcufinder\plugins\mcufinder//mcu/cs/
2025-03-07 17:45:34,483 [INFO] ApplicationProperties:184 - Using Application install path: C:\ST\STM32CubeIDE_1.17.0\STM32CubeIDE\plugins\com.st.stm32cube.common.mx_6.14.0.202502271554
2025-03-07 17:45:34,484 [INFO] PluginManage:196 - Search for loadable plugins [exclusion list=, ]
2025-03-07 17:45:34,484 [INFO] PluginManage:310 - Check plugin analytics
2025-03-07 17:45:34,647 [INFO] AnalyticsPlugin:253 - Accepted Software Licenses: 
2025-03-07 17:45:34,647 [INFO] AnalyticsPlugin:255 - Accepted CMSIS Pack Licenses: 
2025-03-07 17:45:34,647 [INFO] AnalyticsPlugin:257 - Accepted Firmware Licenses: FW.L4.1.18.0
2025-03-07 17:45:34,649 [INFO] PluginManage:359 - Loaded plugin analytics (category:tool,tabindex:-1)
2025-03-07 17:45:34,650 [INFO] PluginManage:310 - Check plugin cadmodel
2025-03-07 17:45:34,654 [INFO] CADModel:105 - Init CAD model plugin
2025-03-07 17:45:34,654 [INFO] PluginManage:359 - Loaded plugin cadmodel (category:power,tabindex:5)
2025-03-07 17:45:34,654 [INFO] PluginManage:310 - Check plugin clock
2025-03-07 17:45:34,660 [INFO] PluginManage:359 - Loaded plugin clock (category:base,tabindex:2)
2025-03-07 17:45:34,660 [INFO] PluginManage:310 - Check plugin ddr
2025-03-07 17:45:34,661 [INFO] PluginManage:359 - Loaded plugin ddr (category:tool,tabindex:6)
2025-03-07 17:45:34,661 [INFO] PluginManage:310 - Check plugin filemanager
2025-03-07 17:45:34,736 [ERROR] LogOutputStream:75 - [STDERR_REDIRECT] [Fatal Error] :1:1: Premature end of file.
2025-03-07 17:45:34,736 [ERROR] LogOutputStream:75 - [STDERR_REDIRECT] 
2025-03-07 17:45:34,766 [INFO] PluginManage:359 - Loaded plugin filemanager (category:base,tabindex:10)
2025-03-07 17:45:34,766 [INFO] PluginManage:310 - Check plugin ipmanager
2025-03-07 17:45:34,771 [INFO] PluginManage:359 - Loaded plugin ipmanager (category:base,tabindex:5)
2025-03-07 17:45:34,771 [INFO] PluginManage:310 - Check plugin lpbam
2025-03-07 17:45:34,778 [INFO] PluginManage:359 - Loaded plugin lpbam (category:base,tabindex:0)
2025-03-07 17:45:34,778 [INFO] PluginManage:310 - Check plugin memorymap
2025-03-07 17:45:34,788 [INFO] PluginManage:359 - Loaded plugin memorymap (category:base,tabindex:4)
2025-03-07 17:45:34,788 [INFO] PluginManage:310 - Check plugin pinoutandconfiguration
2025-03-07 17:45:34,795 [INFO] PluginManage:359 - Loaded plugin pinoutandconfiguration (category:base,tabindex:1)
2025-03-07 17:45:34,795 [INFO] PluginManage:310 - Check plugin pinoutconfig
2025-03-07 17:45:34,858 [WARN] SupportedApi:132 - Cannot load RTOS API schema: s4s-elt-must-match.1: The content of 'definitions' must match (annotation?, (simpleType | complexType)?, (unique | key | keyref)*)). A problem was found starting at: attribute.
2025-03-07 17:45:34,946 [INFO] PluginManage:359 - Loaded plugin pinoutconfig (category:base,tabindex:0)
2025-03-07 17:45:34,946 [INFO] PluginManage:310 - Check plugin power
2025-03-07 17:45:34,952 [INFO] PluginManage:359 - Loaded plugin power (category:power,tabindex:4)
2025-03-07 17:45:34,952 [INFO] PluginManage:310 - Check plugin projectmanager
2025-03-07 17:45:34,972 [INFO] PluginManage:359 - Loaded plugin projectmanager (category:projectmanager,tabindex:4)
2025-03-07 17:45:34,972 [INFO] PluginManage:310 - Check plugin rif
2025-03-07 17:45:34,979 [INFO] PluginManage:359 - Loaded plugin rif (category:base,tabindex:3)
2025-03-07 17:45:34,979 [INFO] PluginManage:310 - Check plugin thirdparty
2025-03-07 17:45:35,126 [INFO] PluginManage:359 - Loaded plugin thirdparty (category:base,tabindex:-1)
2025-03-07 17:45:35,126 [INFO] PluginManage:310 - Check plugin tools
2025-03-07 17:45:35,126 [WARN] IntegrityCheckThread:84 - waiting for thirdparty lock release [integrity check]
2025-03-07 17:45:35,127 [INFO] IntegrityCheckThread:86 - entering critical section [integrity check]
2025-03-07 17:45:35,127 [INFO] ThirdPartyUpdaterWithRetryManager:70 - Updater plugin not ready yet. [1/15]
2025-03-07 17:45:35,130 [INFO] PluginManage:359 - Loaded plugin tools (category:base,tabindex:7)
2025-03-07 17:45:35,130 [INFO] PluginManage:310 - Check plugin tutovideos
2025-03-07 17:45:35,236 [INFO] PluginManage:359 - Loaded plugin tutovideos (category:base,tabindex:-1)
2025-03-07 17:45:35,239 [INFO] PluginManage:310 - Check plugin updater
2025-03-07 17:45:35,256 [INFO] PluginManage:359 - Loaded plugin updater (category:base,tabindex:12)
2025-03-07 17:45:35,256 [INFO] PluginManage:310 - Check plugin userauth
2025-03-07 17:45:35,259 [INFO] UserAuth:118 - Init User Auth plugin
2025-03-07 17:45:35,259 [INFO] PluginManage:359 - Loaded plugin userauth (category:base,tabindex:14)
2025-03-07 17:45:35,260 [INFO] PluginManage:283 - PluginManage : Loaded plugins [18]
2025-03-07 17:45:35,412 [INFO] PinOutPanel:1589 - setPackage(No Configuration,No Configuration)
2025-03-07 17:45:35,480 [INFO] CADModel:165 - CPN selected for project level
2025-03-07 17:45:35,480 [INFO] CADModel:114 - Register for checkConnection events
2025-03-07 17:45:35,496 [INFO] IPUIPlugin:80 - create IPUIPlugin
2025-03-07 17:45:35,496 [INFO] PluginManager:220 - loadIPPluginJar : add adc
2025-03-07 17:45:35,500 [INFO] IPUIPlugin:80 - create IPUIPlugin
2025-03-07 17:45:35,500 [INFO] PluginManager:220 - loadIPPluginJar : add aes
2025-03-07 17:45:35,503 [INFO] IPUIPlugin:80 - create IPUIPlugin
2025-03-07 17:45:35,503 [INFO] PluginManager:220 - loadIPPluginJar : add can
2025-03-07 17:45:35,505 [INFO] IPUIPlugin:80 - create IPUIPlugin
2025-03-07 17:45:35,505 [INFO] PluginManager:220 - loadIPPluginJar : add comp
2025-03-07 17:45:35,507 [INFO] IPUIPlugin:80 - create IPUIPlugin
2025-03-07 17:45:35,508 [INFO] PluginManager:220 - loadIPPluginJar : add cryp
2025-03-07 17:45:35,511 [INFO] IPUIPlugin:80 - create IPUIPlugin
2025-03-07 17:45:35,511 [INFO] PluginManager:220 - loadIPPluginJar : add ddr_ctrl_phy
2025-03-07 17:45:35,514 [INFO] IPUIPlugin:80 - create IPUIPlugin
2025-03-07 17:45:35,514 [INFO] PluginManager:220 - loadIPPluginJar : add dfsdm
2025-03-07 17:45:35,518 [INFO] IPUIPlugin:80 - create IPUIPlugin
2025-03-07 17:45:35,519 [INFO] PluginManager:220 - loadIPPluginJar : add dma
2025-03-07 17:45:35,522 [INFO] IPUIPlugin:80 - create IPUIPlugin
2025-03-07 17:45:35,522 [INFO] PluginManager:220 - loadIPPluginJar : add dma3
2025-03-07 17:45:35,525 [INFO] IPUIPlugin:80 - create IPUIPlugin
2025-03-07 17:45:35,525 [INFO] PluginManager:220 - loadIPPluginJar : add extmemmanager
2025-03-07 17:45:35,527 [INFO] IPUIPlugin:80 - create IPUIPlugin
2025-03-07 17:45:35,527 [INFO] PluginManager:220 - loadIPPluginJar : add fatfs
2025-03-07 17:45:35,530 [INFO] IPUIPlugin:80 - create IPUIPlugin
2025-03-07 17:45:35,530 [INFO] PluginManager:220 - loadIPPluginJar : add fmc
2025-03-07 17:45:35,537 [INFO] IPUIPlugin:80 - create IPUIPlugin
2025-03-07 17:45:35,538 [INFO] PluginManager:220 - loadIPPluginJar : add freertos
2025-03-07 17:45:35,539 [INFO] IPUIPlugin:80 - create IPUIPlugin
2025-03-07 17:45:35,539 [INFO] PluginManager:220 - loadIPPluginJar : add genericplugin
2025-03-07 17:45:35,541 [INFO] IPUIPlugin:80 - create IPUIPlugin
2025-03-07 17:45:35,542 [INFO] PluginManager:220 - loadIPPluginJar : add gfxmmu
2025-03-07 17:45:35,558 [INFO] IPUIPlugin:80 - create IPUIPlugin
2025-03-07 17:45:35,558 [INFO] PluginManager:220 - loadIPPluginJar : add gic
2025-03-07 17:45:35,564 [INFO] IPUIPlugin:80 - create IPUIPlugin
2025-03-07 17:45:35,564 [INFO] PluginManager:220 - loadIPPluginJar : add gpio
2025-03-07 17:45:35,570 [INFO] IPUIPlugin:80 - create IPUIPlugin
2025-03-07 17:45:35,570 [INFO] PluginManager:220 - loadIPPluginJar : add gtzc
2025-03-07 17:45:35,572 [INFO] IPUIPlugin:80 - create IPUIPlugin
2025-03-07 17:45:35,573 [INFO] PluginManager:220 - loadIPPluginJar : add hash
2025-03-07 17:45:35,575 [INFO] IPUIPlugin:80 - create IPUIPlugin
2025-03-07 17:45:35,575 [INFO] PluginManager:220 - loadIPPluginJar : add i2c
2025-03-07 17:45:35,578 [INFO] IPUIPlugin:80 - create IPUIPlugin
2025-03-07 17:45:35,578 [INFO] PluginManager:220 - loadIPPluginJar : add i2s
2025-03-07 17:45:35,582 [INFO] IPUIPlugin:80 - create IPUIPlugin
2025-03-07 17:45:35,582 [INFO] PluginManager:220 - loadIPPluginJar : add i3c
2025-03-07 17:45:35,586 [INFO] IPUIPlugin:80 - create IPUIPlugin
2025-03-07 17:45:35,586 [INFO] PluginManager:220 - loadIPPluginJar : add ipddr
2025-03-07 17:45:35,595 [INFO] IPUIPlugin:80 - create IPUIPlugin
2025-03-07 17:45:35,596 [INFO] PluginManager:220 - loadIPPluginJar : add linkedlist
2025-03-07 17:45:35,599 [INFO] IPUIPlugin:80 - create IPUIPlugin
2025-03-07 17:45:35,599 [INFO] PluginManager:220 - loadIPPluginJar : add lorawan
2025-03-07 17:45:35,601 [INFO] IPUIPlugin:80 - create IPUIPlugin
2025-03-07 17:45:35,601 [INFO] PluginManager:220 - loadIPPluginJar : add ltdc
2025-03-07 17:45:35,608 [INFO] IPUIPlugin:80 - create IPUIPlugin
2025-03-07 17:45:35,609 [INFO] PluginManager:220 - loadIPPluginJar : add mdma
2025-03-07 17:45:35,612 [INFO] IPUIPlugin:80 - create IPUIPlugin
2025-03-07 17:45:35,612 [INFO] PluginManager:220 - loadIPPluginJar : add nvic
2025-03-07 17:45:35,615 [INFO] IPUIPlugin:80 - create IPUIPlugin
2025-03-07 17:45:35,615 [INFO] PluginManager:220 - loadIPPluginJar : add opamp
2025-03-07 17:45:35,619 [INFO] IPUIPlugin:80 - create IPUIPlugin
2025-03-07 17:45:35,619 [INFO] PluginManager:220 - loadIPPluginJar : add openamp
2025-03-07 17:45:35,624 [INFO] IPUIPlugin:80 - create IPUIPlugin
2025-03-07 17:45:35,624 [INFO] PluginManager:220 - loadIPPluginJar : add pdm2pcm
2025-03-07 17:45:35,631 [INFO] IPUIPlugin:80 - create IPUIPlugin
2025-03-07 17:45:35,635 [INFO] PluginManager:220 - loadIPPluginJar : add plateformsettings
2025-03-07 17:45:35,638 [INFO] IPUIPlugin:80 - create IPUIPlugin
2025-03-07 17:45:35,638 [INFO] PluginManager:220 - loadIPPluginJar : add quadspi
2025-03-07 17:45:35,641 [INFO] IPUIPlugin:80 - create IPUIPlugin
2025-03-07 17:45:35,642 [INFO] PluginManager:220 - loadIPPluginJar : add radio
2025-03-07 17:45:35,646 [INFO] IPUIPlugin:80 - create IPUIPlugin
2025-03-07 17:45:35,646 [INFO] PluginManager:220 - loadIPPluginJar : add resmgrutility
2025-03-07 17:45:35,651 [INFO] IPUIPlugin:80 - create IPUIPlugin
2025-03-07 17:45:35,651 [INFO] PluginManager:220 - loadIPPluginJar : add sai
2025-03-07 17:45:35,654 [INFO] IPUIPlugin:80 - create IPUIPlugin
2025-03-07 17:45:35,655 [INFO] PluginManager:220 - loadIPPluginJar : add spi
2025-03-07 17:45:35,662 [INFO] IPUIPlugin:80 - create IPUIPlugin
2025-03-07 17:45:35,662 [INFO] PluginManager:220 - loadIPPluginJar : add stm32_wpan
2025-03-07 17:45:35,664 [INFO] IPUIPlugin:80 - create IPUIPlugin
2025-03-07 17:45:35,664 [INFO] PluginManager:220 - loadIPPluginJar : add tim
2025-03-07 17:45:35,669 [INFO] IPUIPlugin:80 - create IPUIPlugin
2025-03-07 17:45:35,669 [INFO] PluginManager:220 - loadIPPluginJar : add touchsensing
2025-03-07 17:45:35,671 [INFO] IPUIPlugin:80 - create IPUIPlugin
2025-03-07 17:45:35,671 [INFO] PluginManager:220 - loadIPPluginJar : add tracer_emb
2025-03-07 17:45:35,672 [INFO] IPUIPlugin:80 - create IPUIPlugin
2025-03-07 17:45:35,672 [INFO] PluginManager:220 - loadIPPluginJar : add ts
2025-03-07 17:45:35,673 [INFO] IPUIPlugin:80 - create IPUIPlugin
2025-03-07 17:45:35,673 [INFO] PluginManager:220 - loadIPPluginJar : add tsc
2025-03-07 17:45:35,674 [INFO] IPUIPlugin:80 - create IPUIPlugin
2025-03-07 17:45:35,674 [INFO] PluginManager:220 - loadIPPluginJar : add ucpd
2025-03-07 17:45:35,676 [INFO] IPUIPlugin:80 - create IPUIPlugin
2025-03-07 17:45:35,676 [INFO] PluginManager:220 - loadIPPluginJar : add usart
2025-03-07 17:45:35,678 [INFO] IPUIPlugin:80 - create IPUIPlugin
2025-03-07 17:45:35,678 [INFO] PluginManager:220 - loadIPPluginJar : add usbx
2025-03-07 17:45:35,732 [ERROR] LogOutputStream:75 - [STDERR_REDIRECT] [Fatal Error] :1:1: Premature end of file.
2025-03-07 17:45:35,732 [ERROR] LogOutputStream:75 - [STDERR_REDIRECT] 
2025-03-07 17:45:35,800 [FATAL] Updater:351 - Updater called before beeing initialized
2025-03-07 17:45:35,839 [INFO] RulesReader:64 - Compatibility file has been processed (301 Rules)
2025-03-07 17:45:35,845 [INFO] RulesReader:64 - Compatibility file has been processed (301 Rules)
2025-03-07 17:45:35,853 [INFO] CADModel:165 - CPN selected for project level
2025-03-07 17:45:35,853 [INFO] CADModel:114 - Register for checkConnection events
2025-03-07 17:45:35,853 [FATAL] Updater:351 - Updater called before beeing initialized
2025-03-07 17:45:35,853 [ERROR] CADModel:125 - Updater not yet initialized, retry later 
2025-03-07 17:45:35,959 [FATAL] Updater:351 - Updater called before beeing initialized
2025-03-07 17:45:35,961 [INFO] CADModel:165 - CPN selected for project level
2025-03-07 17:45:35,961 [INFO] CADModel:114 - Register for checkConnection events
2025-03-07 17:45:35,961 [FATAL] Updater:351 - Updater called before beeing initialized
2025-03-07 17:45:35,961 [ERROR] CADModel:125 - Updater not yet initialized, retry later 
2025-03-07 17:45:35,964 [FATAL] Updater:351 - Updater called before beeing initialized
2025-03-07 17:45:36,042 [FATAL] Updater:351 - Updater called before beeing initialized
2025-03-07 17:45:36,045 [INFO] DbMcusAds:53 - JSON generation date=Thu Sep 30 08:55:09 CEST 2021 (1632984909247)
2025-03-07 17:45:36,045 [FATAL] Updater:351 - Updater called before beeing initialized
2025-03-07 17:45:36,065 [WARN] DetailPanel:346 - Failed to get advertising image, set to default
2025-03-07 17:45:36,226 [FATAL] Updater:351 - Updater called before beeing initialized
2025-03-07 17:45:36,229 [FATAL] Updater:351 - Updater called before beeing initialized
2025-03-07 17:45:36,229 [FATAL] Updater:351 - Updater called before beeing initialized
2025-03-07 17:45:36,229 [WARN] DetailPanel:346 - Failed to get advertising image, set to default
2025-03-07 17:45:36,231 [FATAL] Updater:351 - Updater called before beeing initialized
2025-03-07 17:45:36,283 [ERROR] Updater:1198 - MainUpdater not yet initialized. External WinMGr cannot be set.
2025-03-07 17:45:36,284 [INFO] Updater:1134 - Updater Version found : 6.14.0
2025-03-07 17:45:36,296 [INFO] ApplicationProperties:184 - Using Application install path: C:\ST\STM32CubeIDE_1.17.0\STM32CubeIDE\plugins\com.st.stm32cube.common.mx_6.14.0.202502271554
2025-03-07 17:45:36,746 [ERROR] LogOutputStream:75 - [STDERR_REDIRECT] [Fatal Error] :1:1: Premature end of file.
2025-03-07 17:45:36,746 [ERROR] LogOutputStream:75 - [STDERR_REDIRECT] 
2025-03-07 17:45:37,743 [ERROR] LogOutputStream:75 - [STDERR_REDIRECT] [Fatal Error] :1:1: Premature end of file.
2025-03-07 17:45:37,743 [ERROR] LogOutputStream:75 - [STDERR_REDIRECT] 
2025-03-07 17:45:37,870 [ERROR] LogOutputStream:75 - [STDERR_REDIRECT] Mar 07, 2025 5:45:37 PM java.util.prefs.WindowsPreferences <init>
2025-03-07 17:45:37,874 [ERROR] LogOutputStream:75 - [STDERR_REDIRECT] WARNING: Could not open/create prefs root node Software\JavaSoft\Prefs at root 0xffffffff80000002. Windows RegCreateKeyEx(...) returned error code 5.
2025-03-07 17:45:37,874 [ERROR] LogOutputStream:75 - [STDERR_REDIRECT] 
2025-03-07 17:45:38,127 [INFO] ThirdPartyUpdaterWithRetryManager:70 - Updater plugin not ready yet. [2/15]
2025-03-07 17:45:38,169 [INFO] MainUpdater:2872 - connection check result : 10
2025-03-07 17:45:38,170 [INFO] MainUpdater:289 - Updater Check For Update Now.
2025-03-07 17:45:38,171 [INFO] MicroXplorer:498 - Change Database Version : DB.6.0.140
2025-03-07 17:45:38,184 [INFO] McuFinderGlobals:63 - Set McuFinder mode to 2 (CubeIDE integrated)
2025-03-07 17:45:38,186 [INFO] UserAuth:486 - Internet connection configuration mode: 1
2025-03-07 17:45:38,242 [INFO] JxBrowserEngine:152 - Initiate JxBrowser Engine with user profile folder
2025-03-07 17:45:38,386 [INFO] CheckServerUpdateThread:120 - End of CheckServer Thread
2025-03-07 17:45:38,387 [INFO] MainUpdater:2872 - connection check result : 10
2025-03-07 17:45:38,388 [INFO] MainUpdater:2872 - connection check result : 10
2025-03-07 17:45:38,414 [INFO] MicroXplorer:468 - Change Database Path : 
2025-03-07 17:45:38,414 [INFO] MicroXplorer:498 - Change Database Version : DB.6.0.140
2025-03-07 17:45:38,427 [WARN] ThirdParty:871 - waiting for thirdparty lock release [close project]
2025-03-07 17:45:38,768 [ERROR] LogOutputStream:75 - [STDERR_REDIRECT] [Fatal Error] :1:1: Premature end of file.
2025-03-07 17:45:38,768 [ERROR] LogOutputStream:75 - [STDERR_REDIRECT] 
2025-03-07 17:45:39,054 [INFO] WebApp:169 - Instantiating new browser for Auth
2025-03-07 17:45:39,697 [INFO] WebApp:463 - Apply proxy settings
2025-03-07 17:45:39,697 [INFO] WebApp:548 - Chromium requires no authentication
2025-03-07 17:45:39,710 [INFO] WebApp:491 - Direct internet connection detected
2025-03-07 17:45:39,750 [INFO] WebApp:894 - Register for checkConnection events
2025-03-07 17:45:39,751 [INFO] WebApp:463 - Apply proxy settings
2025-03-07 17:45:39,751 [INFO] WebApp:548 - Chromium requires no authentication
2025-03-07 17:45:39,752 [INFO] WebApp:491 - Direct internet connection detected
2025-03-07 17:45:39,755 [ERROR] LogOutputStream:75 - [STDERR_REDIRECT] [Fatal Error] :1:1: Premature end of file.
2025-03-07 17:45:39,756 [ERROR] LogOutputStream:75 - [STDERR_REDIRECT] 
2025-03-07 17:45:39,895 [INFO] WebApp:225 - Starting web application
2025-03-07 17:45:39,895 [INFO] WebApp:593 - Web application path used C:\ST\STM32CubeIDE_1.17.0\STM32CubeIDE\plugins\com.st.stm32cube.common.mx_6.14.0.202502271554\db\plugins\mcufinder\reactClient1\index.html
2025-03-07 17:45:39,983 [INFO] UserAuth:486 - Internet connection configuration mode: 1
2025-03-07 17:45:40,729 [ERROR] LogOutputStream:75 - [STDERR_REDIRECT] [Fatal Error] :1:1: Premature end of file.
2025-03-07 17:45:40,729 [ERROR] LogOutputStream:75 - [STDERR_REDIRECT] 
2025-03-07 17:45:41,279 [WARN] PackLoader:240 - Cannot read IP mode file for STMicroelectronics.FP-SNS-MOTENVWB1.1.4.0
2025-03-07 17:45:41,286 [WARN] PackLoader:240 - Cannot read IP mode file for STMicroelectronics.FP-ATR-ASTRA1.2.0.2
2025-03-07 17:45:41,290 [WARN] PackLoader:240 - Cannot read IP mode file for STMicroelectronics.FP-ATR-ASTRA1.2.0.1
2025-03-07 17:45:41,298 [WARN] PackLoader:240 - Cannot read IP mode file for STMicroelectronics.X-CUBE-SMBUS.2.1.0
2025-03-07 17:45:41,306 [WARN] PackLoader:240 - Cannot read IP mode file for STMicroelectronics.X-CUBE-WB05N.1.1.0
2025-03-07 17:45:41,329 [WARN] PackLoader:240 - Cannot read IP mode file for STMicroelectronics.X-CUBE-AZRTOS-F7.1.1.0
2025-03-07 17:45:41,379 [WARN] PackLoader:240 - Cannot read IP mode file for STMicroelectronics.X-CUBE-MEMS1.11.0.0
2025-03-07 17:45:41,513 [WARN] PackLoader:240 - Cannot read IP mode file for STMicroelectronics.FP-SNS-FLIGHT1.5.0.2
2025-03-07 17:45:41,525 [WARN] PackLoader:240 - Cannot read IP mode file for Infineon.AIROC-Wi-Fi-Bluetooth-STM32.1.7.0
2025-03-07 17:45:41,532 [WARN] PackLoader:240 - Cannot read IP mode file for STMicroelectronics.X-CUBE-DISPLAY.3.0.0
2025-03-07 17:45:41,537 [WARN] PackLoader:240 - Cannot read IP mode file for STMicroelectronics.X-CUBE-BLE1.7.0.0
2025-03-07 17:45:41,541 [WARN] PackLoader:240 - Cannot read IP mode file for STMicroelectronics.X-CUBE-NFC10.1.0.0
2025-03-07 17:45:41,552 [WARN] PackLoader:240 - Cannot read IP mode file for STMicroelectronics.X-CUBE-BLEMGR.4.0.0
2025-03-07 17:45:41,563 [WARN] PackLoader:240 - Cannot read IP mode file for emotas.I-CUBE-CANOPEN.1.3.0
2025-03-07 17:45:41,579 [WARN] PackLoader:240 - Cannot read IP mode file for STMicroelectronics.X-CUBE-BLEMGR.3.1.0
2025-03-07 17:45:41,587 [WARN] PackLoader:240 - Cannot read IP mode file for STMicroelectronics.X-CUBE-AI.10.0.0
2025-03-07 17:45:41,593 [WARN] PackLoader:240 - Cannot read IP mode file for STMicroelectronics.FP-SNS-SMARTAG2.1.2.0
2025-03-07 17:45:41,634 [WARN] PackLoader:240 - Cannot read IP mode file for STMicroelectronics.X-CUBE-MEMS1.11.1.0
2025-03-07 17:45:41,737 [INFO] LogOutputStream:77 - [STDOUT_REDIRECT] 1 : Invalid condition id : UX_CORESTACK_Condition cause : null
2025-03-07 17:45:41,738 [INFO] LogOutputStream:77 - [STDOUT_REDIRECT] 1 : Invalid condition id : UX_CORESTACK_Condition cause : null
2025-03-07 17:45:41,740 [INFO] LogOutputStream:77 - [STDOUT_REDIRECT] 1 : Invalid condition id : UX_CORESTACK_Condition cause : null
2025-03-07 17:45:41,741 [ERROR] LogOutputStream:75 - [STDERR_REDIRECT] [Fatal Error] :1:1: Premature end of file.
2025-03-07 17:45:41,741 [ERROR] LogOutputStream:75 - [STDERR_REDIRECT] 
2025-03-07 17:45:41,741 [INFO] LogOutputStream:77 - [STDOUT_REDIRECT] 1 : Invalid condition id : UX_CORESTACK_Condition cause : null
2025-03-07 17:45:41,743 [INFO] LogOutputStream:77 - [STDOUT_REDIRECT] 1 : Invalid condition id : UX_CORESTACK_Condition cause : null
2025-03-07 17:45:41,745 [WARN] PackLoader:240 - Cannot read IP mode file for STMicroelectronics.X-CUBE-AZRTOS-WL.2.0.0
2025-03-07 17:45:41,751 [WARN] PackLoader:240 - Cannot read IP mode file for STMicroelectronics.FP-SNS-MOTENV1.5.0.0
2025-03-07 17:45:41,758 [WARN] PackLoader:240 - Cannot read IP mode file for wolfSSL.I-CUBE-wolfMQTT.1.19.0
2025-03-07 17:45:41,764 [WARN] PackLoader:240 - Cannot read IP mode file for WES.I-CUBE-Cesium.1.3.0
2025-03-07 17:45:41,768 [WARN] PackLoader:240 - Cannot read IP mode file for STMicroelectronics.X-CUBE-BLE2.3.3.0
2025-03-07 17:45:41,772 [WARN] PackLoader:240 - Cannot read IP mode file for STMicroelectronics.X-CUBE-NFC9.1.0.0
2025-03-07 17:45:41,776 [WARN] PackLoader:240 - Cannot read IP mode file for STMicroelectronics.X-CUBE-BLE1.7.1.0
2025-03-07 17:45:41,780 [WARN] PackLoader:240 - Cannot read IP mode file for STMicroelectronics.X-CUBE-TCPP.4.1.0
2025-03-07 17:45:41,792 [WARN] PackLoader:240 - Cannot read IP mode file for STMicroelectronics.X-CUBE-AZRTOS-G0.1.1.0
2025-03-07 17:45:41,798 [WARN] PackLoader:240 - Cannot read IP mode file for STMicroelectronics.X-CUBE-SAFEA1.1.2.2
2025-03-07 17:45:41,803 [WARN] PackLoader:240 - Cannot read IP mode file for STMicroelectronics.X-CUBE-NFC4.3.0.0
2025-03-07 17:45:41,810 [WARN] PackLoader:240 - Cannot read IP mode file for EmbeddedOffice.I-CUBE-FS-RTOS.1.0.1
2025-03-07 17:45:41,813 [WARN] PackLoader:240 - Cannot read IP mode file for STMicroelectronics.X-CUBE-TCPP.4.2.0
2025-03-07 17:45:41,818 [WARN] PackLoader:240 - Cannot read IP mode file for RealThread.X-CUBE-RT-Thread_Nano.4.1.1
2025-03-07 17:45:41,824 [WARN] PackLoader:240 - Cannot read IP mode file for STMicroelectronics.FP-ATR-SIGFOX1.3.2.0
2025-03-07 17:45:41,829 [WARN] ConditionMgr:438 - getConditionDescription Invalid condition id : Cortex-A Device cause : null
2025-03-07 17:45:41,846 [WARN] ConditionMgr:1044 - genDependencies : Invalid condition id : Cortex-A Device cause : null
2025-03-07 17:45:41,847 [WARN] ConditionMgr:1044 - genDependencies : Invalid condition id : Cortex-A Device cause : null
2025-03-07 17:45:41,847 [WARN] ConditionMgr:1044 - genDependencies : Invalid condition id : Cortex-A Device cause : null
2025-03-07 17:45:41,852 [WARN] PackLoader:240 - Cannot read IP mode file for STMicroelectronics.X-CUBE-EEPRMA1.5.1.0
2025-03-07 17:45:41,856 [WARN] PackLoader:240 - Cannot read IP mode file for wolfSSL.I-CUBE-wolfSSL.5.7.4
2025-03-07 17:45:41,860 [WARN] PackLoader:240 - Cannot read IP mode file for ITTIA_DB.I-CUBE-ITTIADB.8.9.0
2025-03-07 17:45:41,877 [WARN] PackLoader:240 - Cannot read IP mode file for SEGGER.I-CUBE-embOS.1.3.1
2025-03-07 17:45:41,897 [WARN] PackLoader:240 - Cannot read IP mode file for STMicroelectronics.X-CUBE-ALGOBUILD.1.4.0
2025-03-07 17:45:41,900 [WARN] PackLoader:240 - Cannot read IP mode file for STMicroelectronics.X-CUBE-AI.9.1.0
2025-03-07 17:45:41,913 [WARN] PackLoader:240 - Cannot read IP mode file for STMicroelectronics.X-CUBE-AZRTOS-F4.1.1.0
2025-03-07 17:45:41,920 [WARN] PackLoader:240 - Cannot read IP mode file for STMicroelectronics.X-CUBE-ISPU.2.1.0
2025-03-07 17:45:41,928 [WARN] PackLoader:240 - Cannot read IP mode file for STMicroelectronics.X-CUBE-FREERTOS.1.2.0
2025-03-07 17:45:41,938 [WARN] PackLoader:240 - Cannot read IP mode file for STMicroelectronics.X-CUBE-AZRTOS-L5.2.0.0
2025-03-07 17:45:41,943 [WARN] PackLoader:240 - Cannot read IP mode file for STMicroelectronics.X-CUBE-NFC6.3.1.0
2025-03-07 17:45:41,949 [WARN] PackLoader:240 - Cannot read IP mode file for STMicroelectronics.X-CUBE-DPower.1.2.0
2025-03-07 17:45:41,955 [WARN] PackLoader:240 - Cannot read IP mode file for STMicroelectronics.X-CUBE-FREERTOS.1.3.0
2025-03-07 17:45:41,961 [WARN] PackLoader:240 - Cannot read IP mode file for STMicroelectronics.X-CUBE-NFC7.1.0.1
2025-03-07 17:45:41,980 [WARN] ConditionMgr:438 - getConditionDescription Invalid condition id : LAN8742 Phy interface Condition cause : null
2025-03-07 17:45:41,980 [WARN] PackLoader:240 - Cannot read IP mode file for STMicroelectronics.X-CUBE-AZRTOS-L4.2.0.0
2025-03-07 17:45:41,981 [WARN] ConditionMgr:1044 - genDependencies : Invalid condition id : LAN8742 Phy interface Condition cause : null
2025-03-07 17:45:41,982 [WARN] ConditionMgr:1044 - genDependencies : Invalid condition id : LAN8742 Phy interface Condition cause : null
2025-03-07 17:45:41,982 [WARN] ConditionMgr:1044 - genDependencies : Invalid condition id : LAN8742 Phy interface Condition cause : null
2025-03-07 17:45:41,991 [WARN] PackLoader:240 - Cannot read IP mode file for STMicroelectronics.X-CUBE-SFXS2LP1.4.0.0
2025-03-07 17:45:42,032 [WARN] PackLoader:240 - Cannot read IP mode file for STMicroelectronics.X-CUBE-AZRTOS-H7.3.3.0
2025-03-07 17:45:42,047 [WARN] PackLoader:240 - Cannot read IP mode file for STMicroelectronics.X-CUBE-IPS.3.0.0
2025-03-07 17:45:42,057 [WARN] ConditionMgr:438 - getConditionDescription Invalid condition id : UX DEVICE CLASS RTOS Condition cause : null
2025-03-07 17:45:42,058 [WARN] ConditionMgr:438 - getConditionDescription Invalid condition id : UX DEVICE CLASS RTOS Condition cause : null
2025-03-07 17:45:42,058 [WARN] PackLoader:240 - Cannot read IP mode file for STMicroelectronics.X-CUBE-AZRTOS-WB.2.0.0
2025-03-07 17:45:42,059 [WARN] ConditionMgr:1044 - genDependencies : Invalid condition id : UX DEVICE CLASS RTOS Condition cause : null
2025-03-07 17:45:42,059 [WARN] ConditionMgr:1044 - genDependencies : Invalid condition id : UX DEVICE CLASS RTOS Condition cause : null
2025-03-07 17:45:42,059 [WARN] ConditionMgr:1044 - genDependencies : Invalid condition id : UX DEVICE CLASS RTOS Condition cause : null
2025-03-07 17:45:42,059 [WARN] ConditionMgr:1044 - genDependencies : Invalid condition id : UX DEVICE CLASS RTOS Condition cause : null
2025-03-07 17:45:42,059 [WARN] ConditionMgr:1044 - genDependencies : Invalid condition id : UX DEVICE CLASS RTOS Condition cause : null
2025-03-07 17:45:42,064 [WARN] PackLoader:240 - Cannot read IP mode file for STMicroelectronics.X-CUBE-GNSS1.7.0.0
2025-03-07 17:45:42,069 [WARN] PackLoader:240 - Cannot read IP mode file for STMicroelectronics.X-CUBE-GNSS1.7.0.1
2025-03-07 17:45:42,074 [WARN] PackLoader:240 - Cannot read IP mode file for STMicroelectronics.X-CUBE-TOUCHGFX.4.25.0
2025-03-07 17:45:42,080 [WARN] PackLoader:240 - Cannot read IP mode file for STMicroelectronics.FP-SNS-STBOX1.2.0.0
2025-03-07 17:45:42,091 [WARN] PackLoader:240 - Cannot read IP mode file for STMicroelectronics.X-CUBE-SUBG2.5.0.0
2025-03-07 17:45:42,097 [WARN] PackLoader:240 - Cannot read IP mode file for Cesanta.I-CUBE-Mongoose.7.13.0
2025-03-07 17:45:42,103 [WARN] PackLoader:240 - Cannot read IP mode file for STMicroelectronics.X-CUBE-AZRTOS-G4.2.0.0
2025-03-07 17:45:42,110 [WARN] PackLoader:240 - Cannot read IP mode file for STMicroelectronics.X-CUBE-IPS.3.1.0
2025-03-07 17:45:42,114 [WARN] PackLoader:240 - Cannot read IP mode file for STMicroelectronics.X-CUBE-ALS.1.0.2
2025-03-07 17:45:42,116 [WARN] PackLoader:240 - Cannot read IP mode file for STMicroelectronics.X-CUBE-TOUCHGFX.4.24.2
2025-03-07 17:45:42,119 [WARN] PackLoader:240 - Cannot read IP mode file for STMicroelectronics.X-CUBE-TOUCHGFX.4.24.1
2025-03-07 17:45:42,123 [WARN] PackLoader:240 - Cannot read IP mode file for wolfSSL.I-CUBE-wolfTPM.3.4.0
2025-03-07 17:45:42,127 [WARN] PackLoader:240 - Cannot read IP mode file for portGmbH.I-Cube-SoM-uGOAL.1.1.0
2025-03-07 17:45:42,135 [WARN] PackLoader:240 - Cannot read IP mode file for STMicroelectronics.X-CUBE-AZRTOS-H7RS.1.0.0
2025-03-07 17:45:42,140 [WARN] PackLoader:240 - Cannot read IP mode file for STMicroelectronics.FP-ATR-ASTRA1.2.0.0
2025-03-07 17:45:42,146 [WARN] PackLoader:240 - Cannot read IP mode file for STMicroelectronics.X-CUBE-TOF1.3.4.2
2025-03-07 17:45:42,162 [WARN] PackLoader:240 - Cannot read IP mode file for Infineon.AIROC-Wi-Fi-Bluetooth-STM32.1.6.1
2025-03-07 17:45:42,166 [WARN] PackLoader:240 - Cannot read IP mode file for wolfSSL.I-CUBE-wolfSSH.1.4.17
2025-03-07 17:45:42,168 [INFO] ThirdParty:978 - Integrity check success = true
2025-03-07 17:45:42,168 [INFO] IntegrityCheckThread:100 - exiting critical section [integrity check]
2025-03-07 17:45:42,168 [INFO] IntegrityCheckThread:103 - End integrity checks thread
2025-03-07 17:45:42,168 [INFO] ThirdParty:873 - entering critical section [close project]
2025-03-07 17:45:42,169 [INFO] ThirdParty:883 - exiting critical section [close project]
2025-03-07 17:45:42,171 [INFO] PinOutPanel:1589 - setPackage(No Configuration,No Configuration)
2025-03-07 17:45:42,175 [INFO] UtilMem:75 - Begin LoadConfig() Used Memory: 155992168 Bytes (277872640)
2025-03-07 17:45:42,176 [INFO] MicroXplorer:468 - Change Database Path : 
2025-03-07 17:45:42,176 [INFO] MicroXplorer:498 - Change Database Version : DB.6.0.140
2025-03-07 17:45:42,176 [INFO] OpenFileManager:354 - Change cursor
2025-03-07 17:45:42,198 [INFO] Mcu:2011 - Initializing MCU STM32F303R(D-E)Tx STM32F303RETx STM32F303RET6
2025-03-07 17:45:42,748 [ERROR] LogOutputStream:75 - [STDERR_REDIRECT] [Fatal Error] :1:1: Premature end of file.
2025-03-07 17:45:42,748 [ERROR] LogOutputStream:75 - [STDERR_REDIRECT] 
2025-03-07 17:45:43,744 [ERROR] LogOutputStream:75 - [STDERR_REDIRECT] [Fatal Error] :1:1: Premature end of file.
2025-03-07 17:45:43,744 [ERROR] LogOutputStream:75 - [STDERR_REDIRECT] 
2025-03-07 17:45:43,799 [INFO] Context:756 - Trying to add GPIOservice into a context  which must be forbidden
2025-03-07 17:45:44,166 [INFO] ImportTextPane:218 - (OptionalMessage_ERROR) Pin14 (VP_RIF_VS_RIF1) cannot be retrieved for this MCU
2025-03-07 17:45:44,314 [INFO] RtosManager:558 - Registered RTOS mode: class=CMSIS, group=RTOS, mode=CMSIS_V1, owner=FREERTOS
2025-03-07 17:45:44,314 [INFO] RtosManager:558 - Registered RTOS mode: class=CMSIS, group=RTOS2, mode=CMSIS_V2, owner=FREERTOS
2025-03-07 17:45:44,314 [INFO] RtosManager:558 - Registered RTOS mode: class=RTOS, group=Core, mode=CMSIS_V1, owner=FREERTOS
2025-03-07 17:45:44,314 [INFO] RtosManager:558 - Registered RTOS mode: class=RTOS, group=Core, mode=CMSIS_V2, owner=FREERTOS
2025-03-07 17:45:44,315 [WARN] ModelIntegratedComponent:184 - Missing modes for component STMicroelectronics:FreeRTOS:0.0.1:STMicroelectronics:RTOS:FreeRTOS:Core:::10.2.0:
2025-03-07 17:45:44,333 [WARN] ModelIntegratedComponent:63 - No mode defined for component null
2025-03-07 17:45:44,333 [WARN] ModelIntegratedComponent:63 - No mode defined for component null
2025-03-07 17:45:44,333 [WARN] ModelIntegratedComponent:63 - No mode defined for component null
2025-03-07 17:45:44,333 [WARN] ModelIntegratedComponent:63 - No mode defined for component null
2025-03-07 17:45:44,333 [WARN] ModelIntegratedComponent:63 - No mode defined for component null
2025-03-07 17:45:44,334 [WARN] ModelIntegratedComponent:63 - No mode defined for component null
2025-03-07 17:45:44,334 [WARN] ModelIntegratedComponent:63 - No mode defined for component null
2025-03-07 17:45:44,334 [WARN] ModelIntegratedComponent:63 - No mode defined for component null
2025-03-07 17:45:44,334 [WARN] ModelIntegratedComponent:63 - No mode defined for component null
2025-03-07 17:45:44,334 [WARN] ModelIntegratedComponent:63 - No mode defined for component null
2025-03-07 17:45:44,334 [WARN] ModelIntegratedComponent:63 - No mode defined for component null
2025-03-07 17:45:44,334 [WARN] ModelIntegratedComponent:63 - No mode defined for component null
2025-03-07 17:45:44,334 [WARN] ModelIntegratedComponent:63 - No mode defined for component null
2025-03-07 17:45:44,334 [WARN] ModelIntegratedComponent:63 - No mode defined for component null
2025-03-07 17:45:44,334 [WARN] ModelIntegratedComponent:63 - No mode defined for component null
2025-03-07 17:45:44,334 [WARN] ModelIntegratedComponent:63 - No mode defined for component null
2025-03-07 17:45:44,334 [WARN] ModelIntegratedComponent:63 - No mode defined for component null
2025-03-07 17:45:44,334 [WARN] ModelIntegratedComponent:63 - No mode defined for component null
2025-03-07 17:45:44,334 [WARN] ModelIntegratedComponent:63 - No mode defined for component null
2025-03-07 17:45:44,334 [WARN] ModelIntegratedComponent:63 - No mode defined for component null
2025-03-07 17:45:44,334 [WARN] ModelIntegratedComponent:63 - No mode defined for component null
2025-03-07 17:45:44,334 [WARN] ModelIntegratedComponent:63 - No mode defined for component null
2025-03-07 17:45:44,334 [WARN] ModelIntegratedComponent:63 - No mode defined for component null
2025-03-07 17:45:44,334 [WARN] ModelIntegratedComponent:63 - No mode defined for component null
2025-03-07 17:45:44,334 [WARN] ModelIntegratedComponent:63 - No mode defined for component null
2025-03-07 17:45:44,334 [WARN] ModelIntegratedComponent:63 - No mode defined for component null
2025-03-07 17:45:44,334 [WARN] ModelIntegratedComponent:63 - No mode defined for component null
2025-03-07 17:45:44,334 [WARN] ModelIntegratedComponent:63 - No mode defined for component null
2025-03-07 17:45:44,334 [WARN] ModelIntegratedComponent:63 - No mode defined for component null
2025-03-07 17:45:44,334 [WARN] ModelIntegratedComponent:63 - No mode defined for component null
2025-03-07 17:45:44,334 [WARN] ModelIntegratedComponent:63 - No mode defined for component null
2025-03-07 17:45:44,334 [WARN] ModelIntegratedComponent:63 - No mode defined for component null
2025-03-07 17:45:44,334 [WARN] ModelIntegratedComponent:63 - No mode defined for component null
2025-03-07 17:45:44,334 [WARN] ModelIntegratedComponent:63 - No mode defined for component null
2025-03-07 17:45:44,334 [WARN] ModelIntegratedComponent:63 - No mode defined for component null
2025-03-07 17:45:44,334 [WARN] ModelPack:524 - Component already loaded: STMicroelectronics:HAL Drivers:0.0.0:STMicroelectronics:Device:STMicro_Driver:XSPI:HAL::0.0.1:HAL_XSPI
2025-03-07 17:45:44,416 [INFO] ThirdPartyModel:298 - Start build external matchings
2025-03-07 17:45:44,704 [INFO] ThirdPartyModel:316 - End build external matchings
2025-03-07 17:45:44,720 [INFO] ImportTextPane:218 - (OptionalMessage_ERROR) IP (RCC) : Invalid parameter (FamilyName)
2025-03-07 17:45:44,721 [INFO] ImportTextPane:218 - (OptionalMessage_ERROR) IP (RCC) : Invalid parameter (PLLM)
2025-03-07 17:45:44,721 [INFO] ImportTextPane:218 - (OptionalMessage_ERROR) IP (RCC) : Invalid parameter (PLLN)
2025-03-07 17:45:44,721 [INFO] ImportTextPane:218 - (OptionalMessage_ERROR) IP (RCC) : Invalid parameter (PLLP)
2025-03-07 17:45:44,721 [INFO] ImportTextPane:218 - (OptionalMessage_ERROR) IP (RCC) : Invalid parameter (PLLQ)
2025-03-07 17:45:44,721 [INFO] ImportTextPane:218 - (OptionalMessage_ERROR) IP (RCC) : Invalid parameter (RCC_PLLsource_Clock_Source_FROM_HSE)
2025-03-07 17:45:44,721 [INFO] ImportTextPane:218 - (OptionalMessage_ERROR) IP (RCC) : Parameter (USBFreq_Value) has invalid value (72000000)
2025-03-07 17:45:44,736 [ERROR] LogOutputStream:75 - [STDERR_REDIRECT] [Fatal Error] :1:1: Premature end of file.
2025-03-07 17:45:44,737 [ERROR] LogOutputStream:75 - [STDERR_REDIRECT] 
2025-03-07 17:45:45,086 [INFO] ApiDb:581 - Connected to CubeFinder SQLite database (C:\Users\raj\.stmcufinder\plugins\mcufinder\mcu\cube-finder-db.db)
2025-03-07 17:45:45,181 [INFO] ApiDb:668 - CubeFinder database Data Model version=2.1
2025-03-07 17:45:45,181 [INFO] ApiDb:669 - CubeFinder database Configuration version=3.0.39
2025-03-07 17:45:45,181 [INFO] ApiDb:670 - CubeFinder database generation date=2025-02-18 (1739885696)
2025-03-07 17:45:45,181 [INFO] ApiDb:671 - CubeFinder database FW Pack versions=[FP-ATR-ASTRA1_V2.0.0, FP-SNS-FLIGHT1_V5.0.2, FP-SNS-MOTENV1_V5.0.0, FP-SNS-MOTENVWB1_V1.4.0, FP-SNS-SMARTAG2_V1.2.0, FP-SNS-STBOX1_V2.0.0, STM32Cube_FW_C0_V1.4.0, STM32Cube_FW_F4_V1.28.1, STM32Cube_FW_F7_V1.17.2, STM32Cube_FW_G0_V1.6.2, STM32Cube_FW_G4_V1.6.1, STM32Cube_FW_H5_V1.5.0, STM32Cube_FW_H7RS_V1.2.0, STM32Cube_FW_H7_V1.12.1, STM32Cube_FW_L0_V1.12.2, STM32Cube_FW_L4_V1.18.1, STM32Cube_FW_L5_V1.5.1, STM32Cube_FW_N6_V1.1.0, STM32Cube_FW_U0_V1.2.0, STM32Cube_FW_U3_V1.1.0, STM32Cube_FW_U5_V1.7.0, STM32Cube_FW_WB0_V1.2.0, STM32Cube_FW_WBA_V1.6.0, STM32Cube_FW_WB_V1.22.0, STM32Cube_FW_WL3_V1.1.0, STM32Cube_FW_WL_V1.3.1, X-CUBE-ALGOBUILD_V1.4.0, X-CUBE-ALS_V1.0.2, X-CUBE-AZRTOS-F4_V1.1.0, X-CUBE-AZRTOS-F7_V1.1.0, X-CUBE-AZRTOS-G0_V1.1.0, X-CUBE-AZRTOS-G4_V2.0.0, X-CUBE-AZRTOS-H7RS_V1.0.0, X-CUBE-AZRTOS-H7_V3.3.0, X-CUBE-AZRTOS-L4_V2.0.0, X-CUBE-AZRTOS-L5_V2.0.0, X-CUBE-AZRTOS-WB_V2.0.0, X-CUBE-AZRTOS-WL_V2.0.0, X-CUBE-BLE1_V7.0.0, X-CUBE-BLE2_V3.3.0, X-CUBE-BLEMGR_V4.0.0, X-CUBE-EEPRMA1_V5.1.0, X-CUBE-FREERTOS_V1.3.0, X-CUBE-GNSS1_V6.0.0, X-CUBE-MEMS1_V11.1.0, X-CUBE-NFC4_V3.0.0, X-CUBE-NFC7_V1.0.1, X-CUBE-SFXS2LP1_V4.0.0, X-CUBE-SUBG2_V5.0.0, X-CUBE-TOF1_V3.4.2]
2025-03-07 17:45:45,224 [INFO] DbBoardsSqlite:226 - include board P-NUCLEO-WB55-NUCLEO as a kit item of type 'Nucleo-64'
2025-03-07 17:45:45,224 [INFO] DbBoardsSqlite:226 - include board P-NUCLEO-WB55-USBDONGLE as a kit item of type 'Nucleo USB Dongle'
2025-03-07 17:45:45,224 [INFO] DbBoardsSqlite:226 - include board STEVAL-IDP005V1 as a kit item of type 'Evaluation Board'
2025-03-07 17:45:45,224 [INFO] DbBoardsSqlite:226 - include board STEVAL-IDP005V2 as a kit item of type 'Evaluation Board'
2025-03-07 17:45:45,268 [INFO] ApiDb:240 - Found 895 in-development CPN: [B-G473E-ZEST1S, B-WB1M-WPAN1, B-WBA5M-WPAN, B-WL5M-SUBG1, NUCLEO-C031C6, NUCLEO-C051C8, NUCLEO-C071RB, NUCLEO-C092RC, NUCLEO-H503RB, NUCLEO-H533RE, NUCLEO-H563ZI, NUCLEO-H7S3L8, NUCLEO-N657X0-Q, NUCLEO-U031R8, NUCLEO-U083RC, NUCLEO-U385RG-Q, NUCLEO-U545RE-Q, NUCLEO-U5A5ZJ-Q, NUCLEO-WB05KZ, NUCLEO-WB07CC, NUCLEO-WB09KE, NUCLEO-WBA52CG, NUCLEO-WBA55CG, NUCLEO-WBA65RI, NUCLEO-WL33CC1, NUCLEO-WL33CC2, STEVAL-PROTEUS1, STEVAL-SMARTAG2, STEVAL-STWINBX1, STM320518-EVAL, STM32C0116-DK, STM32C011D6Y3TR, STM32C011D6Y6TR, STM32C011F4P3, STM32C011F4P6, STM32C011F4U3, STM32C011F4U6TR, STM32C011F6P3, STM32C011F6P6, STM32C011F6U3, STM32C011F6U6TR, STM32C011J4M3, STM32C011J4M6, STM32C011J6M3, STM32C011J6M6, STM32C0316-DK, STM32C031C4T3, STM32C031C4T6, STM32C031C4U3, STM32C031C4U6, STM32C031C6T3, STM32C031C6T6, STM32C031C6U3, STM32C031C6U6, STM32C031F4P3, STM32C031F4P6, STM32C031F6P3, STM32C031F6P6, STM32C031G4U3, STM32C031G4U6, STM32C031G6U3, STM32C031G6U6, STM32C031K4T3, STM32C031K4T6, STM32C031K4U3, STM32C031K4U6, STM32C031K6T3, STM32C031K6T6, STM32C031K6U3, STM32C031K6U6, STM32C051C6T6, STM32C051C6U6, STM32C051C8T6, STM32C051C8U6, STM32C051D8Y6TR, STM32C051F6P6, STM32C051F8P6, STM32C051G6U6, STM32C051G8U6, STM32C051K6T6, STM32C051K6U6, STM32C051K8T6, STM32C071C8T6, STM32C071C8T6N, STM32C071C8U6, STM32C071C8U6N, STM32C071CBT6, STM32C071CBT6N, STM32C071CBU6, STM32C071CBU6N, STM32C071F8P6, STM32C071F8P6N, STM32C071FBP6, STM32C071FBP6N, STM32C071FBY6TR, STM32C071G8U6, STM32C071G8U6N, STM32C071GBU6, STM32C071GBU6N, STM32C071K8T6, STM32C071K8T6N, STM32C071K8U6, STM32C071K8U6N, STM32C071KBT6, STM32C071KBT6N, STM32C071KBU6, STM32C071KBU6N, STM32C071R8T6, STM32C071R8T6N, STM32C071RBI6N, STM32C071RBT6, STM32C071RBT6N, STM32C091CBT6, STM32C091CBU6, STM32C091CCT6, STM32C091CCU6, STM32C091ECY6TR, STM32C091FBP6, STM32C091FCP6, STM32C091GBU6, STM32C091GCU6, STM32C091KBT6, STM32C091KBU6, STM32C091KCT6, STM32C091KCU6, STM32C091RBT6, STM32C091RCI6, STM32C091RCT6, STM32C092CBT6, STM32C092CBU6, STM32C092CCT6, STM32C092CCU6, STM32C092ECY6TR, STM32C092FBP6, STM32C092FCP6, STM32C092GBU6, STM32C092GCU6, STM32C092KBT6, STM32C092KBU6, STM32C092KCT6, STM32C092KCU6, STM32C092RBT6, STM32C092RCI6, STM32C092RCT6, STM32G071K8TXN, STM32G071K8UXN, STM32G081GBU6N, STM32G081KBT6N, STM32G081KBUXN, STM32G0B1CCT6N, STM32G0B1KCT6, STM32G0B1NEY6TR, STM32G0B1RCT6N, STM32G0C1CCT6, STM32G0C1CCT6N, STM32G0C1CCU6N, STM32G0C1CET6N, STM32G0C1CEU6N, STM32G0C1KCT6, STM32G0C1NEY6TR, STM32G0C1RCI6N, STM32G0C1RCT6N, STM32G0C1REI6N, STM32G0C1RET6N, STM32G0C1VCI6, STM32G0C1VEI6, STM32G411C6T3, STM32G411C6T6, STM32G411C6U3, STM32G411C6U6, STM32G411C8T3, STM32G411C8T6, STM32G411C8U3, STM32G411C8U6, STM32G411CBT3, STM32G411CBT6, STM32G411CBU3, STM32G411CBU6, STM32G411CCT3, STM32G411CCT6, STM32G411CCU3, STM32G411CCU6, STM32G411K6T3, STM32G411K6T6, STM32G411K6U3, STM32G411K6U6, STM32G411K8T3, STM32G411K8T6, STM32G411K8U3, STM32G411K8U6, STM32G411KBT3, STM32G411KBT6, STM32G411KBU3, STM32G411KBU6, STM32G411M6T3, STM32G411M6T6, STM32G411M8T3, STM32G411M8T6, STM32G411MBT3, STM32G411MBT6, STM32G411MCT3, STM32G411MCT6, STM32G411R6T3, STM32G411R6T6, STM32G411R8T3, STM32G411R8T6, STM32G411RBT3, STM32G411RBT6, STM32G411RCT3, STM32G411RCT6, STM32G414CBT3, STM32G414CBT6, STM32G414CBU3, STM32G414CBU6, STM32G414CCT3, STM32G414CCT6, STM32G414CCU3, STM32G414CCU6, STM32G414MBT3, STM32G414MBT6, STM32G414MCT3, STM32G414MCT6, STM32G414RBT3, STM32G414RBT6, STM32G414RCT3, STM32G414RCT6, STM32G414VBT3, STM32G414VBT6, STM32G414VCT3, STM32G414VCT6, STM32G431CBT3Z, STM32G431RBT3Z, STM32G471CCT6, STM32G471CCU6, STM32G471CET3, STM32G471CET6, STM32G471CEU3, STM32G471CEU6, STM32G471MCT6, STM32G471MET3, STM32G471MET6, STM32G471MEY6TR, STM32G471QCT6, STM32G471QET3, STM32G471RCT6, STM32G471RET3, STM32G471RET6, STM32G471VCH6, STM32G471VCI6, STM32G471VCT6, STM32G471VEH3, STM32G471VEH6, STM32G471VEI3, STM32G471VEI6, STM32G471VET3, STM32G471VET6, STM32G473QET3Z, STM32G473RET3Z, STM32G474CCT6, STM32G491RET3Z, STM32H503CBT6, STM32H503CBU6, STM32H503EBY6TR, STM32H503KBU6, STM32H503RBT6, STM32H523CCT6, STM32H523CCU6, STM32H523CET6, STM32H523CEU6, STM32H523HEY6TR, STM32H523RCT6, STM32H523RET6, STM32H523VCI6, STM32H523VCT6, STM32H523VEI6, STM32H523VET6, STM32H523ZCJ6, STM32H523ZCT6, STM32H523ZEJ6, STM32H523ZET6, STM32H533CET6, STM32H533CEU6, STM32H533HEY6TR, STM32H533RET6, STM32H533VEI6, STM32H533VET6, STM32H533ZEJ6, STM32H533ZET6, STM32H562AGI6, STM32H562AII6, STM32H562IGK6, STM32H562IGT6, STM32H562IIK6, STM32H562IIT6, STM32H562RGT6, STM32H562RGV6, STM32H562RIT6, STM32H562RIV6, STM32H562VGT6, STM32H562VIT6, STM32H562ZGT6, STM32H562ZIT6, STM32H563AGI6, STM32H563AII3Q, STM32H563AII6, STM32H563IGK6, STM32H563IGT6, STM32H563IIK3Q, STM32H563IIK6, STM32H563IIT3Q, STM32H563IIT6, STM32H563MIY3QTR, STM32H563RGT6, STM32H563RGV6, STM32H563RIT6, STM32H563RIV6, STM32H563VGT6, STM32H563VIT3Q, STM32H563VIT6, STM32H563ZGT6, STM32H563ZIT3Q, STM32H563ZIT6, STM32H573AII3Q, STM32H573AII6, STM32H573I-DK, STM32H573IIK3Q, STM32H573IIK6, STM32H573IIT3Q, STM32H573IIT6, STM32H573MIY3QTR, STM32H573RIT6, STM32H573RIV6, STM32H573VIT3Q, STM32H573VIT6, STM32H573ZIT3Q, STM32H573ZIT6, STM32H7R3A8I6, STM32H7R3I8K6, STM32H7R3I8T6, STM32H7R3L8H6, STM32H7R3L8H6H, STM32H7R3R8V6, STM32H7R3V8H6, STM32H7R3V8T6, STM32H7R3V8Y6TR, STM32H7R3Z8J6, STM32H7R3Z8T6, STM32H7R7A8I6, STM32H7R7I8K6, STM32H7R7I8T6, STM32H7R7L8H6, STM32H7R7L8H6H, STM32H7R7Z8J6, STM32H7S3A8I6, STM32H7S3I8K6, STM32H7S3I8T6, STM32H7S3L8H6, STM32H7S3L8H6H, STM32H7S3R8V6, STM32H7S3V8H6, STM32H7S3V8T6, STM32H7S3V8Y6TR, STM32H7S3Z8J6, STM32H7S3Z8T6, STM32H7S78-DK, STM32H7S7A8I6, STM32H7S7I8K6, STM32H7S7I8T6, STM32H7S7L8H6, STM32H7S7L8H6H, STM32H7S7Z8J6, STM32L4R5QGI6STR, STM32MP131AAE3, STM32MP131AAF3, STM32MP131AAG3, STM32MP131CAE3, STM32MP131CAF3, STM32MP131CAG3, STM32MP131DAE7, STM32MP131DAF7, STM32MP131DAG7, STM32MP131FAE7, STM32MP131FAF7, STM32MP131FAG7, STM32MP133AAE3, STM32MP133AAF3, STM32MP133AAG3, STM32MP133CAE3, STM32MP133CAF3, STM32MP133CAG3, STM32MP133DAE7, STM32MP133DAF7, STM32MP133DAG7, STM32MP133FAE7, STM32MP133FAF7, STM32MP133FAG7, STM32MP135AAE3, STM32MP135AAF3, STM32MP135AAG3, STM32MP135CAE3, STM32MP135CAF3, STM32MP135CAG3, STM32MP135DAE7, STM32MP135DAF7, STM32MP135DAG7, STM32MP135F-DK, STM32MP135FAE7, STM32MP135FAF7, STM32MP135FAF7T, STM32MP135FAF7U, STM32MP135FAG7, STM32MP231AAJ3, STM32MP231AAK3, STM32MP231AAL3, STM32MP231CAJ3, STM32MP231CAK3, STM32MP231CAL3, STM32MP231DAJ3, STM32MP231DAK3, STM32MP231DAL3, STM32MP231FAJ3, STM32MP231FAK3, STM32MP231FAL3, STM32MP233AAJ3, STM32MP233AAK3, STM32MP233AAL3, STM32MP233CAJ3, STM32MP233CAK3, STM32MP233CAL3, STM32MP233DAJ3, STM32MP233DAK3, STM32MP233DAL3, STM32MP233FAJ3, STM32MP233FAK3, STM32MP233FAL3, STM32MP235AAJ3, STM32MP235AAK3, STM32MP235AAL3, STM32MP235CAJ3, STM32MP235CAK3, STM32MP235CAL3, STM32MP235DAJ3, STM32MP235DAK3, STM32MP235DAL3, STM32MP235FAJ3, STM32MP235FAK3, STM32MP235FAL3, STM32MP251AAI3, STM32MP251AAJ3, STM32MP251AAK3, STM32MP251AAL3, STM32MP251CAI3, STM32MP251CAJ3, STM32MP251CAK3, STM32MP251CAL3, STM32MP251DAI3, STM32MP251DAJ3, STM32MP251DAK3, STM32MP251DAL3, STM32MP251FAI3, STM32MP251FAJ3, STM32MP251FAK3, STM32MP251FAL3, STM32MP253AAI3, STM32MP253AAJ3, STM32MP253AAK3, STM32MP253AAL3, STM32MP253CAI3, STM32MP253CAJ3, STM32MP253CAK3, STM32MP253CAL3, STM32MP253DAI3, STM32MP253DAJ3, STM32MP253DAK3, STM32MP253DAL3, STM32MP253FAI3, STM32MP253FAJ3, STM32MP253FAK3, STM32MP253FAL3, STM32MP255AAI3, STM32MP255AAJ3, STM32MP255AAK3, STM32MP255AAL3, STM32MP255CAI3, STM32MP255CAJ3, STM32MP255CAK3, STM32MP255CAL3, STM32MP255DAI3, STM32MP255DAJ3, STM32MP255DAK3, STM32MP255DAL3, STM32MP255FAI3, STM32MP255FAJ3, STM32MP255FAK3, STM32MP255FAL3, STM32MP257AAI3, STM32MP257AAJ3, STM32MP257AAK3, STM32MP257AAL3, STM32MP257CAI3, STM32MP257CAJ3, STM32MP257CAK3, STM32MP257CAL3, STM32MP257DAI3, STM32MP257DAJ3, STM32MP257DAK3, STM32MP257DAL3, STM32MP257F-DK, STM32MP257F-EV1, STM32MP257FAI3, STM32MP257FAJ3, STM32MP257FAK3, STM32MP257FAL3, STM32N645A0H3Q, STM32N645B0H3Q, STM32N645I0H3Q, STM32N645L0H3Q, STM32N645X0H3Q, STM32N645Z0H3Q, STM32N647A0H3Q, STM32N647B0H3Q, STM32N647I0H3Q, STM32N647L0H3Q, STM32N647X0H3Q, STM32N647Z0H3Q, STM32N655A0H3Q, STM32N655B0H3Q, STM32N655I0H3Q, STM32N655L0H3Q, STM32N655X0H3Q, STM32N655Z0H3Q, STM32N6570-DK, STM32N657A0H3Q, STM32N657B0H3Q, STM32N657I0H3Q, STM32N657L0H3Q, STM32N657X0H3Q, STM32N657Z0H3Q, STM32U031C6T6, STM32U031C6U6, STM32U031C8T6, STM32U031C8U6, STM32U031F4P6, STM32U031F6P6, STM32U031F8P6, STM32U031G6Y6TR, STM32U031G8Y6TR, STM32U031K4U6, STM32U031K6U6, STM32U031K8U6, STM32U031R6I6, STM32U031R6T6, STM32U031R8I6, STM32U031R8T6, STM32U073C8T6, STM32U073C8U6, STM32U073CBT6, STM32U073CBU6, STM32U073CCT6, STM32U073CCU6, STM32U073H8Y6TR, STM32U073HBY6TR, STM32U073HCY6TR, STM32U073K8U6, STM32U073KBU6, STM32U073KCU6, STM32U073M8I6, STM32U073M8T6, STM32U073MBI6, STM32U073MBT6, STM32U073MCI6, STM32U073MCT6, STM32U073R8I6, STM32U073R8T6, STM32U073RBI6, STM32U073RBT6, STM32U073RCI6, STM32U073RCT6, STM32U083C-DK, STM32U083CCT6, STM32U083CCU6, STM32U083HCY6TR, STM32U083KCU6, STM32U083MCI6, STM32U083MCT6, STM32U083RCI6, STM32U083RCT6, STM32U375CET6, STM32U375CET6Q, STM32U375CEU6, STM32U375CEU6Q, STM32U375CEY6QTR, STM32U375CGT6, STM32U375CGT6Q, STM32U375CGU6, STM32U375CGU6Q, STM32U375CGY6QTR, STM32U375KEU6, STM32U375KGU6, STM32U375REI6, STM32U375REI6Q, STM32U375RET6, STM32U375RET6Q, STM32U375REY6GTR, STM32U375REY6QTR, STM32U375RGI6, STM32U375RGI6Q, STM32U375RGT6, STM32U375RGT6Q, STM32U375RGY6GTR, STM32U375RGY6QTR, STM32U375VEI6, STM32U375VEI6Q, STM32U375VET6, STM32U375VET6Q, STM32U375VGI6, STM32U375VGI6Q, STM32U375VGT6, STM32U375VGT6Q, STM32U385CGT6, STM32U385CGT6Q, STM32U385CGU6, STM32U385CGU6Q, STM32U385CGY6QTR, STM32U385KGU6, STM32U385RGI6, STM32U385RGI6Q, STM32U385RGT6, STM32U385RGT6Q, STM32U385RGY6GTR, STM32U385RGY6QTR, STM32U385VGI6, STM32U385VGI6Q, STM32U385VGT6, STM32U385VGT6Q, STM32U535CBT6, STM32U535CBT6Q, STM32U535CBU6, STM32U535CBU6Q, STM32U535CCT6, STM32U535CCT6Q, STM32U535CCU6, STM32U535CCU6Q, STM32U535CET6, STM32U535CET6Q, STM32U535CEU6, STM32U535CEU6Q, STM32U535JEY6QTR, STM32U535NCY6QTR, STM32U535NEY6QTR, STM32U535RBI6, STM32U535RBI6Q, STM32U535RBT6, STM32U535RBT6Q, STM32U535RCI6, STM32U535RCI6Q, STM32U535RCT6, STM32U535RCT6Q, STM32U535REI6, STM32U535REI6Q, STM32U535RET6, STM32U535RET6Q, STM32U535VCI6, STM32U535VCI6Q, STM32U535VCT6, STM32U535VCT6Q, STM32U535VEI6, STM32U535VEI6Q, STM32U535VET6, STM32U535VET6Q, STM32U545CET6, STM32U545CET6Q, STM32U545CEU6, STM32U545CEU6Q, STM32U545JEY6QTR, STM32U545NEY6QTR, STM32U545REI6, STM32U545REI6Q, STM32U545RET6, STM32U545RET6Q, STM32U545VEI6, STM32U545VEI6Q, STM32U545VET6, STM32U545VET6Q, STM32U595AIH6, STM32U595AIH6Q, STM32U595AJH6, STM32U595AJH6Q, STM32U595QII6, STM32U595QII6Q, STM32U595QJI6, STM32U595QJI6Q, STM32U595RIT6, STM32U595RIT6Q, STM32U595RJT6, STM32U595RJT6Q, STM32U595VIT6, STM32U595VIT6Q, STM32U595VJT6, STM32U595VJT6Q, STM32U595ZIT6, STM32U595ZIT6Q, STM32U595ZIY6QTR, STM32U595ZJT6, STM32U595ZJT6Q, STM32U595ZJY6QTR, STM32U599BJY6QTR, STM32U599NIH6Q, STM32U599NJH6Q, STM32U599VIT6Q, STM32U599VJT6, STM32U599VJT6Q, STM32U599ZIT6Q, STM32U599ZIY6QTR, STM32U599ZJT6Q, STM32U599ZJY6QTR, STM32U5A5AJH6, STM32U5A5AJH6Q, STM32U5A5QII3Q , STM32U5A5QJI6, STM32U5A5QJI6Q, STM32U5A5RJT6, STM32U5A5RJT6Q, STM32U5A5VJT6, STM32U5A5VJT6Q, STM32U5A5ZJT6, STM32U5A5ZJT6Q, STM32U5A5ZJY6QTR, STM32U5A9BJY6QTR, STM32U5A9J-DK, STM32U5A9NJH6Q, STM32U5A9VJT6Q, STM32U5A9ZJT6Q, STM32U5A9ZJY6QTR, STM32U5F7VIT6, STM32U5F7VIT6Q, STM32U5F7VJT6, STM32U5F7VJT6Q, STM32U5F9BJY6QTR, STM32U5F9NJH6Q, STM32U5F9VIT6Q, STM32U5F9VJT6Q, STM32U5F9ZIJ6QTR, STM32U5F9ZIT6Q, STM32U5F9ZJJ6QTR, STM32U5F9ZJT6Q, STM32U5G7VJT6, STM32U5G7VJT6Q, STM32U5G9BJY6QTR, STM32U5G9J-DK1, STM32U5G9J-DK2, STM32U5G9NJH6Q, STM32U5G9VJT6Q, STM32U5G9ZJJ6QTR, STM32U5G9ZJT6Q, STM32WB05KZV6TR, STM32WB05KZV7TR, STM32WB05TZF6TR, STM32WB05TZF7TR, STM32WB06CCF6TR, STM32WB06CCF7TR, STM32WB06CCV6TR, STM32WB06CCV7TR, STM32WB06KCV6TR, STM32WB06KCV7TR, STM32WB07CCF6TR, STM32WB07CCF7TR, STM32WB07CCV6TR, STM32WB07CCV7TR, STM32WB07KCV6TR, STM32WB07KCV7TR, STM32WB09KEV6TR, STM32WB09KEV7TR, STM32WB09TEF6TR, STM32WB09TEF7TR, STM32WB1MMCH6, STM32WBA50KGU6, STM32WBA50KGU6TR, STM32WBA52CEU6, STM32WBA52CEU6TR, STM32WBA52CEU7, STM32WBA52CEU7TR, STM32WBA52CGU6, STM32WBA52CGU6TR, STM32WBA52CGU6U, STM32WBA52CGU7, STM32WBA52CGU7TR, STM32WBA52KEU6, STM32WBA52KEU6TR, STM32WBA52KGU6, STM32WBA52KGU6TR, STM32WBA54CEU6, STM32WBA54CEU6TR, STM32WBA54CEU7, STM32WBA54CEU7TR, STM32WBA54CGU6, STM32WBA54CGU6TR, STM32WBA54CGU7, STM32WBA54CGU7TR, STM32WBA54KEU6, STM32WBA54KEU6TR, STM32WBA54KEU7, STM32WBA54KEU7TR, STM32WBA54KGU6, STM32WBA54KGU6TR, STM32WBA54KGU7, STM32WBA54KGU7TR, STM32WBA55CEU6, STM32WBA55CEU6TR, STM32WBA55CEU7, STM32WBA55CEU7TR, STM32WBA55CGU6, STM32WBA55CGU6TR, STM32WBA55CGU6U, STM32WBA55CGU7, STM32WBA55CGU7TR, STM32WBA55G-DK1, STM32WBA55HEF6, STM32WBA55HEF7, STM32WBA55HGF6, STM32WBA55HGF7, STM32WBA55UEI6, STM32WBA55UEI6TR, STM32WBA55UEI7, STM32WBA55UEI7TR, STM32WBA55UGI6, STM32WBA55UGI6TR, STM32WBA55UGI7, STM32WBA55UGI7TR, STM32WBA5MJGH6TR, STM32WBA62CGU6, STM32WBA62CIU6, STM32WBA62MGF6, STM32WBA62MIF6, STM32WBA62PGI6, STM32WBA62PII6, STM32WBA63CGU6, STM32WBA63CGU7, STM32WBA63CIU6, STM32WBA63CIU7, STM32WBA64CGU6, STM32WBA64CGU7, STM32WBA64CIU6, STM32WBA64CIU7, STM32WBA65CGU6, STM32WBA65CGU7, STM32WBA65CIU6, STM32WBA65CIU7, STM32WBA65I-DK1, STM32WBA65MGF6, STM32WBA65MGF7, STM32WBA65MIF6, STM32WBA65MIF7, STM32WBA65PGI6, STM32WBA65PGI7, STM32WBA65PII6, STM32WBA65PII7, STM32WBA65RGV6, STM32WBA65RGV7, STM32WBA65RIV6, STM32WBA65RIV7, STM32WL30K8V6, STM32WL30KBV6, STM32WL31C8V6, STM32WL31CBV6, STM32WL31K8V6, STM32WL31KBV6, STM32WL33C8V6, STM32WL33C8V6TR, STM32WL33C8V7, STM32WL33C8V7TR, STM32WL33CBV6, STM32WL33CBV6TR, STM32WL33CBV7, STM32WL33CBV7TR, STM32WL33CCV6, STM32WL33CCV6TR, STM32WL33CCV7, STM32WL33CCV7A, STM32WL33CCV7ATR, STM32WL33CCV7TR, STM32WL33K8V6, STM32WL33K8V6TR, STM32WL33K8V7, STM32WL33K8V7TR, STM32WL33KBV6, STM32WL33KBV6TR, STM32WL33KBV7, STM32WL33KBV7TR, STM32WL33KCV6, STM32WL33KCV6TR, STM32WL33KCV7, STM32WL33KCV7TR, STM32WL5MOCH6, STM32WL5MOCH6TR]
2025-03-07 17:45:45,429 [INFO] BoardInfo:889 - No configuration file found for board P-NUCLEO-WB55
2025-03-07 17:45:45,430 [INFO] DbBoards:161 - Kit is not supported: P-NUCLEO-WB55
2025-03-07 17:45:45,434 [INFO] BoardInfo:889 - No configuration file found for board STEVAL-BFA001V1B
2025-03-07 17:45:45,435 [INFO] DbBoards:161 - Kit is not supported: STEVAL-BFA001V1B
2025-03-07 17:45:45,436 [INFO] BoardInfo:889 - No configuration file found for board STEVAL-BFA001V2B
2025-03-07 17:45:45,438 [INFO] DbBoards:161 - Kit is not supported: STEVAL-BFA001V2B
2025-03-07 17:45:45,660 [INFO] DbBoards:168 - Found 211 boards, 208 are supported
2025-03-07 17:45:45,661 [INFO] DbBoards:169 - Found 211 boards, 43 of them is supported for  Bsp
2025-03-07 17:45:45,663 [INFO] ApiDb:668 - CubeFinder database Data Model version=2.1
2025-03-07 17:45:45,663 [INFO] ApiDb:669 - CubeFinder database Configuration version=3.0.39
2025-03-07 17:45:45,663 [INFO] ApiDb:670 - CubeFinder database generation date=2025-02-18 (1739885696)
2025-03-07 17:45:45,663 [INFO] ApiDb:671 - CubeFinder database FW Pack versions=[FP-ATR-ASTRA1_V2.0.0, FP-SNS-FLIGHT1_V5.0.2, FP-SNS-MOTENV1_V5.0.0, FP-SNS-MOTENVWB1_V1.4.0, FP-SNS-SMARTAG2_V1.2.0, FP-SNS-STBOX1_V2.0.0, STM32Cube_FW_C0_V1.4.0, STM32Cube_FW_F4_V1.28.1, STM32Cube_FW_F7_V1.17.2, STM32Cube_FW_G0_V1.6.2, STM32Cube_FW_G4_V1.6.1, STM32Cube_FW_H5_V1.5.0, STM32Cube_FW_H7RS_V1.2.0, STM32Cube_FW_H7_V1.12.1, STM32Cube_FW_L0_V1.12.2, STM32Cube_FW_L4_V1.18.1, STM32Cube_FW_L5_V1.5.1, STM32Cube_FW_N6_V1.1.0, STM32Cube_FW_U0_V1.2.0, STM32Cube_FW_U3_V1.1.0, STM32Cube_FW_U5_V1.7.0, STM32Cube_FW_WB0_V1.2.0, STM32Cube_FW_WBA_V1.6.0, STM32Cube_FW_WB_V1.22.0, STM32Cube_FW_WL3_V1.1.0, STM32Cube_FW_WL_V1.3.1, X-CUBE-ALGOBUILD_V1.4.0, X-CUBE-ALS_V1.0.2, X-CUBE-AZRTOS-F4_V1.1.0, X-CUBE-AZRTOS-F7_V1.1.0, X-CUBE-AZRTOS-G0_V1.1.0, X-CUBE-AZRTOS-G4_V2.0.0, X-CUBE-AZRTOS-H7RS_V1.0.0, X-CUBE-AZRTOS-H7_V3.3.0, X-CUBE-AZRTOS-L4_V2.0.0, X-CUBE-AZRTOS-L5_V2.0.0, X-CUBE-AZRTOS-WB_V2.0.0, X-CUBE-AZRTOS-WL_V2.0.0, X-CUBE-BLE1_V7.0.0, X-CUBE-BLE2_V3.3.0, X-CUBE-BLEMGR_V4.0.0, X-CUBE-EEPRMA1_V5.1.0, X-CUBE-FREERTOS_V1.3.0, X-CUBE-GNSS1_V6.0.0, X-CUBE-MEMS1_V11.1.0, X-CUBE-NFC4_V3.0.0, X-CUBE-NFC7_V1.0.1, X-CUBE-SFXS2LP1_V4.0.0, X-CUBE-SUBG2_V5.0.0, X-CUBE-TOF1_V3.4.2]
2025-03-07 17:45:45,734 [ERROR] LogOutputStream:75 - [STDERR_REDIRECT] [Fatal Error] :1:1: Premature end of file.
2025-03-07 17:45:45,735 [ERROR] LogOutputStream:75 - [STDERR_REDIRECT] 
2025-03-07 17:45:46,731 [ERROR] LogOutputStream:75 - [STDERR_REDIRECT] [Fatal Error] :1:1: Premature end of file.
2025-03-07 17:45:46,732 [ERROR] LogOutputStream:75 - [STDERR_REDIRECT] 
2025-03-07 17:45:47,279 [INFO] ApiDb:240 - Found 895 in-development CPN: [B-G473E-ZEST1S, B-WB1M-WPAN1, B-WBA5M-WPAN, B-WL5M-SUBG1, NUCLEO-C031C6, NUCLEO-C051C8, NUCLEO-C071RB, NUCLEO-C092RC, NUCLEO-H503RB, NUCLEO-H533RE, NUCLEO-H563ZI, NUCLEO-H7S3L8, NUCLEO-N657X0-Q, NUCLEO-U031R8, NUCLEO-U083RC, NUCLEO-U385RG-Q, NUCLEO-U545RE-Q, NUCLEO-U5A5ZJ-Q, NUCLEO-WB05KZ, NUCLEO-WB07CC, NUCLEO-WB09KE, NUCLEO-WBA52CG, NUCLEO-WBA55CG, NUCLEO-WBA65RI, NUCLEO-WL33CC1, NUCLEO-WL33CC2, STEVAL-PROTEUS1, STEVAL-SMARTAG2, STEVAL-STWINBX1, STM320518-EVAL, STM32C0116-DK, STM32C011D6Y3TR, STM32C011D6Y6TR, STM32C011F4P3, STM32C011F4P6, STM32C011F4U3, STM32C011F4U6TR, STM32C011F6P3, STM32C011F6P6, STM32C011F6U3, STM32C011F6U6TR, STM32C011J4M3, STM32C011J4M6, STM32C011J6M3, STM32C011J6M6, STM32C0316-DK, STM32C031C4T3, STM32C031C4T6, STM32C031C4U3, STM32C031C4U6, STM32C031C6T3, STM32C031C6T6, STM32C031C6U3, STM32C031C6U6, STM32C031F4P3, STM32C031F4P6, STM32C031F6P3, STM32C031F6P6, STM32C031G4U3, STM32C031G4U6, STM32C031G6U3, STM32C031G6U6, STM32C031K4T3, STM32C031K4T6, STM32C031K4U3, STM32C031K4U6, STM32C031K6T3, STM32C031K6T6, STM32C031K6U3, STM32C031K6U6, STM32C051C6T6, STM32C051C6U6, STM32C051C8T6, STM32C051C8U6, STM32C051D8Y6TR, STM32C051F6P6, STM32C051F8P6, STM32C051G6U6, STM32C051G8U6, STM32C051K6T6, STM32C051K6U6, STM32C051K8T6, STM32C071C8T6, STM32C071C8T6N, STM32C071C8U6, STM32C071C8U6N, STM32C071CBT6, STM32C071CBT6N, STM32C071CBU6, STM32C071CBU6N, STM32C071F8P6, STM32C071F8P6N, STM32C071FBP6, STM32C071FBP6N, STM32C071FBY6TR, STM32C071G8U6, STM32C071G8U6N, STM32C071GBU6, STM32C071GBU6N, STM32C071K8T6, STM32C071K8T6N, STM32C071K8U6, STM32C071K8U6N, STM32C071KBT6, STM32C071KBT6N, STM32C071KBU6, STM32C071KBU6N, STM32C071R8T6, STM32C071R8T6N, STM32C071RBI6N, STM32C071RBT6, STM32C071RBT6N, STM32C091CBT6, STM32C091CBU6, STM32C091CCT6, STM32C091CCU6, STM32C091ECY6TR, STM32C091FBP6, STM32C091FCP6, STM32C091GBU6, STM32C091GCU6, STM32C091KBT6, STM32C091KBU6, STM32C091KCT6, STM32C091KCU6, STM32C091RBT6, STM32C091RCI6, STM32C091RCT6, STM32C092CBT6, STM32C092CBU6, STM32C092CCT6, STM32C092CCU6, STM32C092ECY6TR, STM32C092FBP6, STM32C092FCP6, STM32C092GBU6, STM32C092GCU6, STM32C092KBT6, STM32C092KBU6, STM32C092KCT6, STM32C092KCU6, STM32C092RBT6, STM32C092RCI6, STM32C092RCT6, STM32G071K8TXN, STM32G071K8UXN, STM32G081GBU6N, STM32G081KBT6N, STM32G081KBUXN, STM32G0B1CCT6N, STM32G0B1KCT6, STM32G0B1NEY6TR, STM32G0B1RCT6N, STM32G0C1CCT6, STM32G0C1CCT6N, STM32G0C1CCU6N, STM32G0C1CET6N, STM32G0C1CEU6N, STM32G0C1KCT6, STM32G0C1NEY6TR, STM32G0C1RCI6N, STM32G0C1RCT6N, STM32G0C1REI6N, STM32G0C1RET6N, STM32G0C1VCI6, STM32G0C1VEI6, STM32G411C6T3, STM32G411C6T6, STM32G411C6U3, STM32G411C6U6, STM32G411C8T3, STM32G411C8T6, STM32G411C8U3, STM32G411C8U6, STM32G411CBT3, STM32G411CBT6, STM32G411CBU3, STM32G411CBU6, STM32G411CCT3, STM32G411CCT6, STM32G411CCU3, STM32G411CCU6, STM32G411K6T3, STM32G411K6T6, STM32G411K6U3, STM32G411K6U6, STM32G411K8T3, STM32G411K8T6, STM32G411K8U3, STM32G411K8U6, STM32G411KBT3, STM32G411KBT6, STM32G411KBU3, STM32G411KBU6, STM32G411M6T3, STM32G411M6T6, STM32G411M8T3, STM32G411M8T6, STM32G411MBT3, STM32G411MBT6, STM32G411MCT3, STM32G411MCT6, STM32G411R6T3, STM32G411R6T6, STM32G411R8T3, STM32G411R8T6, STM32G411RBT3, STM32G411RBT6, STM32G411RCT3, STM32G411RCT6, STM32G414CBT3, STM32G414CBT6, STM32G414CBU3, STM32G414CBU6, STM32G414CCT3, STM32G414CCT6, STM32G414CCU3, STM32G414CCU6, STM32G414MBT3, STM32G414MBT6, STM32G414MCT3, STM32G414MCT6, STM32G414RBT3, STM32G414RBT6, STM32G414RCT3, STM32G414RCT6, STM32G414VBT3, STM32G414VBT6, STM32G414VCT3, STM32G414VCT6, STM32G431CBT3Z, STM32G431RBT3Z, STM32G471CCT6, STM32G471CCU6, STM32G471CET3, STM32G471CET6, STM32G471CEU3, STM32G471CEU6, STM32G471MCT6, STM32G471MET3, STM32G471MET6, STM32G471MEY6TR, STM32G471QCT6, STM32G471QET3, STM32G471RCT6, STM32G471RET3, STM32G471RET6, STM32G471VCH6, STM32G471VCI6, STM32G471VCT6, STM32G471VEH3, STM32G471VEH6, STM32G471VEI3, STM32G471VEI6, STM32G471VET3, STM32G471VET6, STM32G473QET3Z, STM32G473RET3Z, STM32G474CCT6, STM32G491RET3Z, STM32H503CBT6, STM32H503CBU6, STM32H503EBY6TR, STM32H503KBU6, STM32H503RBT6, STM32H523CCT6, STM32H523CCU6, STM32H523CET6, STM32H523CEU6, STM32H523HEY6TR, STM32H523RCT6, STM32H523RET6, STM32H523VCI6, STM32H523VCT6, STM32H523VEI6, STM32H523VET6, STM32H523ZCJ6, STM32H523ZCT6, STM32H523ZEJ6, STM32H523ZET6, STM32H533CET6, STM32H533CEU6, STM32H533HEY6TR, STM32H533RET6, STM32H533VEI6, STM32H533VET6, STM32H533ZEJ6, STM32H533ZET6, STM32H562AGI6, STM32H562AII6, STM32H562IGK6, STM32H562IGT6, STM32H562IIK6, STM32H562IIT6, STM32H562RGT6, STM32H562RGV6, STM32H562RIT6, STM32H562RIV6, STM32H562VGT6, STM32H562VIT6, STM32H562ZGT6, STM32H562ZIT6, STM32H563AGI6, STM32H563AII3Q, STM32H563AII6, STM32H563IGK6, STM32H563IGT6, STM32H563IIK3Q, STM32H563IIK6, STM32H563IIT3Q, STM32H563IIT6, STM32H563MIY3QTR, STM32H563RGT6, STM32H563RGV6, STM32H563RIT6, STM32H563RIV6, STM32H563VGT6, STM32H563VIT3Q, STM32H563VIT6, STM32H563ZGT6, STM32H563ZIT3Q, STM32H563ZIT6, STM32H573AII3Q, STM32H573AII6, STM32H573I-DK, STM32H573IIK3Q, STM32H573IIK6, STM32H573IIT3Q, STM32H573IIT6, STM32H573MIY3QTR, STM32H573RIT6, STM32H573RIV6, STM32H573VIT3Q, STM32H573VIT6, STM32H573ZIT3Q, STM32H573ZIT6, STM32H7R3A8I6, STM32H7R3I8K6, STM32H7R3I8T6, STM32H7R3L8H6, STM32H7R3L8H6H, STM32H7R3R8V6, STM32H7R3V8H6, STM32H7R3V8T6, STM32H7R3V8Y6TR, STM32H7R3Z8J6, STM32H7R3Z8T6, STM32H7R7A8I6, STM32H7R7I8K6, STM32H7R7I8T6, STM32H7R7L8H6, STM32H7R7L8H6H, STM32H7R7Z8J6, STM32H7S3A8I6, STM32H7S3I8K6, STM32H7S3I8T6, STM32H7S3L8H6, STM32H7S3L8H6H, STM32H7S3R8V6, STM32H7S3V8H6, STM32H7S3V8T6, STM32H7S3V8Y6TR, STM32H7S3Z8J6, STM32H7S3Z8T6, STM32H7S78-DK, STM32H7S7A8I6, STM32H7S7I8K6, STM32H7S7I8T6, STM32H7S7L8H6, STM32H7S7L8H6H, STM32H7S7Z8J6, STM32L4R5QGI6STR, STM32MP131AAE3, STM32MP131AAF3, STM32MP131AAG3, STM32MP131CAE3, STM32MP131CAF3, STM32MP131CAG3, STM32MP131DAE7, STM32MP131DAF7, STM32MP131DAG7, STM32MP131FAE7, STM32MP131FAF7, STM32MP131FAG7, STM32MP133AAE3, STM32MP133AAF3, STM32MP133AAG3, STM32MP133CAE3, STM32MP133CAF3, STM32MP133CAG3, STM32MP133DAE7, STM32MP133DAF7, STM32MP133DAG7, STM32MP133FAE7, STM32MP133FAF7, STM32MP133FAG7, STM32MP135AAE3, STM32MP135AAF3, STM32MP135AAG3, STM32MP135CAE3, STM32MP135CAF3, STM32MP135CAG3, STM32MP135DAE7, STM32MP135DAF7, STM32MP135DAG7, STM32MP135F-DK, STM32MP135FAE7, STM32MP135FAF7, STM32MP135FAF7T, STM32MP135FAF7U, STM32MP135FAG7, STM32MP231AAJ3, STM32MP231AAK3, STM32MP231AAL3, STM32MP231CAJ3, STM32MP231CAK3, STM32MP231CAL3, STM32MP231DAJ3, STM32MP231DAK3, STM32MP231DAL3, STM32MP231FAJ3, STM32MP231FAK3, STM32MP231FAL3, STM32MP233AAJ3, STM32MP233AAK3, STM32MP233AAL3, STM32MP233CAJ3, STM32MP233CAK3, STM32MP233CAL3, STM32MP233DAJ3, STM32MP233DAK3, STM32MP233DAL3, STM32MP233FAJ3, STM32MP233FAK3, STM32MP233FAL3, STM32MP235AAJ3, STM32MP235AAK3, STM32MP235AAL3, STM32MP235CAJ3, STM32MP235CAK3, STM32MP235CAL3, STM32MP235DAJ3, STM32MP235DAK3, STM32MP235DAL3, STM32MP235FAJ3, STM32MP235FAK3, STM32MP235FAL3, STM32MP251AAI3, STM32MP251AAJ3, STM32MP251AAK3, STM32MP251AAL3, STM32MP251CAI3, STM32MP251CAJ3, STM32MP251CAK3, STM32MP251CAL3, STM32MP251DAI3, STM32MP251DAJ3, STM32MP251DAK3, STM32MP251DAL3, STM32MP251FAI3, STM32MP251FAJ3, STM32MP251FAK3, STM32MP251FAL3, STM32MP253AAI3, STM32MP253AAJ3, STM32MP253AAK3, STM32MP253AAL3, STM32MP253CAI3, STM32MP253CAJ3, STM32MP253CAK3, STM32MP253CAL3, STM32MP253DAI3, STM32MP253DAJ3, STM32MP253DAK3, STM32MP253DAL3, STM32MP253FAI3, STM32MP253FAJ3, STM32MP253FAK3, STM32MP253FAL3, STM32MP255AAI3, STM32MP255AAJ3, STM32MP255AAK3, STM32MP255AAL3, STM32MP255CAI3, STM32MP255CAJ3, STM32MP255CAK3, STM32MP255CAL3, STM32MP255DAI3, STM32MP255DAJ3, STM32MP255DAK3, STM32MP255DAL3, STM32MP255FAI3, STM32MP255FAJ3, STM32MP255FAK3, STM32MP255FAL3, STM32MP257AAI3, STM32MP257AAJ3, STM32MP257AAK3, STM32MP257AAL3, STM32MP257CAI3, STM32MP257CAJ3, STM32MP257CAK3, STM32MP257CAL3, STM32MP257DAI3, STM32MP257DAJ3, STM32MP257DAK3, STM32MP257DAL3, STM32MP257F-DK, STM32MP257F-EV1, STM32MP257FAI3, STM32MP257FAJ3, STM32MP257FAK3, STM32MP257FAL3, STM32N645A0H3Q, STM32N645B0H3Q, STM32N645I0H3Q, STM32N645L0H3Q, STM32N645X0H3Q, STM32N645Z0H3Q, STM32N647A0H3Q, STM32N647B0H3Q, STM32N647I0H3Q, STM32N647L0H3Q, STM32N647X0H3Q, STM32N647Z0H3Q, STM32N655A0H3Q, STM32N655B0H3Q, STM32N655I0H3Q, STM32N655L0H3Q, STM32N655X0H3Q, STM32N655Z0H3Q, STM32N6570-DK, STM32N657A0H3Q, STM32N657B0H3Q, STM32N657I0H3Q, STM32N657L0H3Q, STM32N657X0H3Q, STM32N657Z0H3Q, STM32U031C6T6, STM32U031C6U6, STM32U031C8T6, STM32U031C8U6, STM32U031F4P6, STM32U031F6P6, STM32U031F8P6, STM32U031G6Y6TR, STM32U031G8Y6TR, STM32U031K4U6, STM32U031K6U6, STM32U031K8U6, STM32U031R6I6, STM32U031R6T6, STM32U031R8I6, STM32U031R8T6, STM32U073C8T6, STM32U073C8U6, STM32U073CBT6, STM32U073CBU6, STM32U073CCT6, STM32U073CCU6, STM32U073H8Y6TR, STM32U073HBY6TR, STM32U073HCY6TR, STM32U073K8U6, STM32U073KBU6, STM32U073KCU6, STM32U073M8I6, STM32U073M8T6, STM32U073MBI6, STM32U073MBT6, STM32U073MCI6, STM32U073MCT6, STM32U073R8I6, STM32U073R8T6, STM32U073RBI6, STM32U073RBT6, STM32U073RCI6, STM32U073RCT6, STM32U083C-DK, STM32U083CCT6, STM32U083CCU6, STM32U083HCY6TR, STM32U083KCU6, STM32U083MCI6, STM32U083MCT6, STM32U083RCI6, STM32U083RCT6, STM32U375CET6, STM32U375CET6Q, STM32U375CEU6, STM32U375CEU6Q, STM32U375CEY6QTR, STM32U375CGT6, STM32U375CGT6Q, STM32U375CGU6, STM32U375CGU6Q, STM32U375CGY6QTR, STM32U375KEU6, STM32U375KGU6, STM32U375REI6, STM32U375REI6Q, STM32U375RET6, STM32U375RET6Q, STM32U375REY6GTR, STM32U375REY6QTR, STM32U375RGI6, STM32U375RGI6Q, STM32U375RGT6, STM32U375RGT6Q, STM32U375RGY6GTR, STM32U375RGY6QTR, STM32U375VEI6, STM32U375VEI6Q, STM32U375VET6, STM32U375VET6Q, STM32U375VGI6, STM32U375VGI6Q, STM32U375VGT6, STM32U375VGT6Q, STM32U385CGT6, STM32U385CGT6Q, STM32U385CGU6, STM32U385CGU6Q, STM32U385CGY6QTR, STM32U385KGU6, STM32U385RGI6, STM32U385RGI6Q, STM32U385RGT6, STM32U385RGT6Q, STM32U385RGY6GTR, STM32U385RGY6QTR, STM32U385VGI6, STM32U385VGI6Q, STM32U385VGT6, STM32U385VGT6Q, STM32U535CBT6, STM32U535CBT6Q, STM32U535CBU6, STM32U535CBU6Q, STM32U535CCT6, STM32U535CCT6Q, STM32U535CCU6, STM32U535CCU6Q, STM32U535CET6, STM32U535CET6Q, STM32U535CEU6, STM32U535CEU6Q, STM32U535JEY6QTR, STM32U535NCY6QTR, STM32U535NEY6QTR, STM32U535RBI6, STM32U535RBI6Q, STM32U535RBT6, STM32U535RBT6Q, STM32U535RCI6, STM32U535RCI6Q, STM32U535RCT6, STM32U535RCT6Q, STM32U535REI6, STM32U535REI6Q, STM32U535RET6, STM32U535RET6Q, STM32U535VCI6, STM32U535VCI6Q, STM32U535VCT6, STM32U535VCT6Q, STM32U535VEI6, STM32U535VEI6Q, STM32U535VET6, STM32U535VET6Q, STM32U545CET6, STM32U545CET6Q, STM32U545CEU6, STM32U545CEU6Q, STM32U545JEY6QTR, STM32U545NEY6QTR, STM32U545REI6, STM32U545REI6Q, STM32U545RET6, STM32U545RET6Q, STM32U545VEI6, STM32U545VEI6Q, STM32U545VET6, STM32U545VET6Q, STM32U595AIH6, STM32U595AIH6Q, STM32U595AJH6, STM32U595AJH6Q, STM32U595QII6, STM32U595QII6Q, STM32U595QJI6, STM32U595QJI6Q, STM32U595RIT6, STM32U595RIT6Q, STM32U595RJT6, STM32U595RJT6Q, STM32U595VIT6, STM32U595VIT6Q, STM32U595VJT6, STM32U595VJT6Q, STM32U595ZIT6, STM32U595ZIT6Q, STM32U595ZIY6QTR, STM32U595ZJT6, STM32U595ZJT6Q, STM32U595ZJY6QTR, STM32U599BJY6QTR, STM32U599NIH6Q, STM32U599NJH6Q, STM32U599VIT6Q, STM32U599VJT6, STM32U599VJT6Q, STM32U599ZIT6Q, STM32U599ZIY6QTR, STM32U599ZJT6Q, STM32U599ZJY6QTR, STM32U5A5AJH6, STM32U5A5AJH6Q, STM32U5A5QII3Q , STM32U5A5QJI6, STM32U5A5QJI6Q, STM32U5A5RJT6, STM32U5A5RJT6Q, STM32U5A5VJT6, STM32U5A5VJT6Q, STM32U5A5ZJT6, STM32U5A5ZJT6Q, STM32U5A5ZJY6QTR, STM32U5A9BJY6QTR, STM32U5A9J-DK, STM32U5A9NJH6Q, STM32U5A9VJT6Q, STM32U5A9ZJT6Q, STM32U5A9ZJY6QTR, STM32U5F7VIT6, STM32U5F7VIT6Q, STM32U5F7VJT6, STM32U5F7VJT6Q, STM32U5F9BJY6QTR, STM32U5F9NJH6Q, STM32U5F9VIT6Q, STM32U5F9VJT6Q, STM32U5F9ZIJ6QTR, STM32U5F9ZIT6Q, STM32U5F9ZJJ6QTR, STM32U5F9ZJT6Q, STM32U5G7VJT6, STM32U5G7VJT6Q, STM32U5G9BJY6QTR, STM32U5G9J-DK1, STM32U5G9J-DK2, STM32U5G9NJH6Q, STM32U5G9VJT6Q, STM32U5G9ZJJ6QTR, STM32U5G9ZJT6Q, STM32WB05KZV6TR, STM32WB05KZV7TR, STM32WB05TZF6TR, STM32WB05TZF7TR, STM32WB06CCF6TR, STM32WB06CCF7TR, STM32WB06CCV6TR, STM32WB06CCV7TR, STM32WB06KCV6TR, STM32WB06KCV7TR, STM32WB07CCF6TR, STM32WB07CCF7TR, STM32WB07CCV6TR, STM32WB07CCV7TR, STM32WB07KCV6TR, STM32WB07KCV7TR, STM32WB09KEV6TR, STM32WB09KEV7TR, STM32WB09TEF6TR, STM32WB09TEF7TR, STM32WB1MMCH6, STM32WBA50KGU6, STM32WBA50KGU6TR, STM32WBA52CEU6, STM32WBA52CEU6TR, STM32WBA52CEU7, STM32WBA52CEU7TR, STM32WBA52CGU6, STM32WBA52CGU6TR, STM32WBA52CGU6U, STM32WBA52CGU7, STM32WBA52CGU7TR, STM32WBA52KEU6, STM32WBA52KEU6TR, STM32WBA52KGU6, STM32WBA52KGU6TR, STM32WBA54CEU6, STM32WBA54CEU6TR, STM32WBA54CEU7, STM32WBA54CEU7TR, STM32WBA54CGU6, STM32WBA54CGU6TR, STM32WBA54CGU7, STM32WBA54CGU7TR, STM32WBA54KEU6, STM32WBA54KEU6TR, STM32WBA54KEU7, STM32WBA54KEU7TR, STM32WBA54KGU6, STM32WBA54KGU6TR, STM32WBA54KGU7, STM32WBA54KGU7TR, STM32WBA55CEU6, STM32WBA55CEU6TR, STM32WBA55CEU7, STM32WBA55CEU7TR, STM32WBA55CGU6, STM32WBA55CGU6TR, STM32WBA55CGU6U, STM32WBA55CGU7, STM32WBA55CGU7TR, STM32WBA55G-DK1, STM32WBA55HEF6, STM32WBA55HEF7, STM32WBA55HGF6, STM32WBA55HGF7, STM32WBA55UEI6, STM32WBA55UEI6TR, STM32WBA55UEI7, STM32WBA55UEI7TR, STM32WBA55UGI6, STM32WBA55UGI6TR, STM32WBA55UGI7, STM32WBA55UGI7TR, STM32WBA5MJGH6TR, STM32WBA62CGU6, STM32WBA62CIU6, STM32WBA62MGF6, STM32WBA62MIF6, STM32WBA62PGI6, STM32WBA62PII6, STM32WBA63CGU6, STM32WBA63CGU7, STM32WBA63CIU6, STM32WBA63CIU7, STM32WBA64CGU6, STM32WBA64CGU7, STM32WBA64CIU6, STM32WBA64CIU7, STM32WBA65CGU6, STM32WBA65CGU7, STM32WBA65CIU6, STM32WBA65CIU7, STM32WBA65I-DK1, STM32WBA65MGF6, STM32WBA65MGF7, STM32WBA65MIF6, STM32WBA65MIF7, STM32WBA65PGI6, STM32WBA65PGI7, STM32WBA65PII6, STM32WBA65PII7, STM32WBA65RGV6, STM32WBA65RGV7, STM32WBA65RIV6, STM32WBA65RIV7, STM32WL30K8V6, STM32WL30KBV6, STM32WL31C8V6, STM32WL31CBV6, STM32WL31K8V6, STM32WL31KBV6, STM32WL33C8V6, STM32WL33C8V6TR, STM32WL33C8V7, STM32WL33C8V7TR, STM32WL33CBV6, STM32WL33CBV6TR, STM32WL33CBV7, STM32WL33CBV7TR, STM32WL33CCV6, STM32WL33CCV6TR, STM32WL33CCV7, STM32WL33CCV7A, STM32WL33CCV7ATR, STM32WL33CCV7TR, STM32WL33K8V6, STM32WL33K8V6TR, STM32WL33K8V7, STM32WL33K8V7TR, STM32WL33KBV6, STM32WL33KBV6TR, STM32WL33KBV7, STM32WL33KBV7TR, STM32WL33KCV6, STM32WL33KCV6TR, STM32WL33KCV7, STM32WL33KCV7TR, STM32WL5MOCH6, STM32WL5MOCH6TR]
2025-03-07 17:45:47,295 [INFO] DbMcus:218 - Found 4682 MCUs, 4682 are supported
2025-03-07 17:45:47,296 [INFO] ApiDb:423 - Load user favorites file C:\Users\raj/.stm32cubeide/favorites.mcus.txt: 0 item(s)
2025-03-07 17:45:47,296 [INFO] ApiDb:427 - User favorites MCUs=[]
2025-03-07 17:45:47,296 [INFO] DbMcus:224 - Set 0 / 0 favorites MCUs
2025-03-07 17:45:47,686 [INFO] ApiDb:423 - Load user favorites file C:\Users\raj/.stm32cubeide/favorites.boards.txt: 0 item(s)
2025-03-07 17:45:47,687 [INFO] ApiDb:427 - User favorites Boards=[]
2025-03-07 17:45:47,687 [INFO] DbBoards:198 - Set 0 / 0 favorites Boards
2025-03-07 17:45:47,727 [INFO] UtilMem:75 - End LoadConfig() Used Memory: 273541992 Bytes (334495744)
2025-03-07 17:45:47,733 [ERROR] LogOutputStream:75 - [STDERR_REDIRECT] [Fatal Error] :1:1: Premature end of file.
2025-03-07 17:45:47,733 [ERROR] LogOutputStream:75 - [STDERR_REDIRECT] 
2025-03-07 17:45:47,835 [WARN] ThirdParty:833 - waiting for thirdparty lock release [change project]
2025-03-07 17:45:47,835 [INFO] ThirdParty:835 - entering critical section [change project]
2025-03-07 17:45:47,835 [INFO] ThirdParty:1030 - CMSIS Pack Vendor :STMicroelectronics USBPD 4.1
2025-03-07 17:45:47,835 [INFO] ThirdParty:1030 - CMSIS Pack Vendor :STMicroelectronics X-CUBE-AZRTOS-H7 3.3.0
2025-03-07 17:45:47,835 [INFO] ThirdParty:1030 - CMSIS Pack Vendor :STMicroelectronics X-CUBE-NFC9 1.0.0
2025-03-07 17:45:47,835 [INFO] ThirdParty:1030 - CMSIS Pack Vendor :STMicroelectronics USB_HOST 2.0.0
2025-03-07 17:45:47,837 [INFO] ThirdParty:1030 - CMSIS Pack Vendor :STMicroelectronics FP-SNS-MOTENVWB1 1.4.0
2025-03-07 17:45:47,837 [INFO] ThirdParty:1030 - CMSIS Pack Vendor :STMicroelectronics X-CUBE-AZRTOS-F4 1.1.0
2025-03-07 17:45:47,837 [INFO] ThirdParty:1030 - CMSIS Pack Vendor :STMicroelectronics LIBJPEG 8.0.0
2025-03-07 17:45:47,837 [INFO] ThirdParty:1030 - CMSIS Pack Vendor :STMicroelectronics FP-ATR-ASTRA1 2.0.2
2025-03-07 17:45:47,837 [INFO] ThirdParty:1030 - CMSIS Pack Vendor :STMicroelectronics FP-ATR-ASTRA1 2.0.1
2025-03-07 17:45:47,837 [INFO] ThirdParty:1030 - CMSIS Pack Vendor :STMicroelectronics X-CUBE-BLE1 7.1.0
2025-03-07 17:45:47,837 [INFO] ThirdParty:1030 - CMSIS Pack Vendor :STMicroelectronics X-CUBE-SMBUS 2.1.0
2025-03-07 17:45:47,837 [INFO] ThirdParty:1030 - CMSIS Pack Vendor :STMicroelectronics X-CUBE-WB05N 1.1.0
2025-03-07 17:45:47,837 [INFO] ThirdParty:1030 - CMSIS Pack Vendor :STMicroelectronics USB_DEVICE 3.0.0
2025-03-07 17:45:47,837 [INFO] ThirdParty:1030 - CMSIS Pack Vendor :STMicroelectronics X-CUBE-TCPP 4.1.0
2025-03-07 17:45:47,837 [INFO] ThirdParty:1030 - CMSIS Pack Vendor :STMicroelectronics X-CUBE-ISPU 2.1.0
2025-03-07 17:45:47,837 [INFO] ThirdParty:1030 - CMSIS Pack Vendor :STMicroelectronics X-CUBE-FREERTOS 1.2.0
2025-03-07 17:45:47,837 [INFO] ThirdParty:1030 - CMSIS Pack Vendor :STMicroelectronics X-CUBE-IPS 3.0.0
2025-03-07 17:45:47,837 [INFO] ThirdParty:1030 - CMSIS Pack Vendor :STMicroelectronics X-CUBE-AZRTOS-WB 2.0.0
2025-03-07 17:45:47,837 [INFO] ThirdParty:1030 - CMSIS Pack Vendor :STMicroelectronics X-CUBE-GNSS1 7.0.0
2025-03-07 17:45:47,837 [INFO] ThirdParty:1030 - CMSIS Pack Vendor :STMicroelectronics X-CUBE-GNSS1 7.0.1
2025-03-07 17:45:47,837 [INFO] ThirdParty:1030 - CMSIS Pack Vendor :STMicroelectronics X-CUBE-AZRTOS-F7 1.1.0
2025-03-07 17:45:47,838 [INFO] ThirdParty:1030 - CMSIS Pack Vendor :STMicroelectronics X-CUBE-AZRTOS-L5 2.0.0
2025-03-07 17:45:47,838 [INFO] ThirdParty:1030 - CMSIS Pack Vendor :STMicroelectronics X-CUBE-TOUCHGFX 4.25.0
2025-03-07 17:45:47,838 [INFO] ThirdParty:1030 - CMSIS Pack Vendor :STMicroelectronics USB_DEVICE 2.0.0
2025-03-07 17:45:47,838 [INFO] ThirdParty:1030 - CMSIS Pack Vendor :STMicroelectronics X-CUBE-NFC6 3.1.0
2025-03-07 17:45:47,838 [INFO] ThirdParty:1030 - CMSIS Pack Vendor :STMicroelectronics FP-SNS-STBOX1 2.0.0
2025-03-07 17:45:47,838 [INFO] ThirdParty:1030 - CMSIS Pack Vendor :STMicroelectronics X-CUBE-MEMS1 11.0.0
2025-03-07 17:45:47,838 [INFO] ThirdParty:1030 - CMSIS Pack Vendor :STMicroelectronics FreeRTOS 0.0.1
2025-03-07 17:45:47,838 [INFO] ThirdParty:1030 - CMSIS Pack Vendor :STMicroelectronics X-CUBE-AZRTOS-G0 1.1.0
2025-03-07 17:45:47,838 [INFO] ThirdParty:1030 - CMSIS Pack Vendor :STMicroelectronics X-CUBE-SAFEA1 1.2.2
2025-03-07 17:45:47,839 [INFO] ThirdParty:1030 - CMSIS Pack Vendor :STMicroelectronics X-CUBE-NFC4 3.0.0
2025-03-07 17:45:47,839 [INFO] ThirdParty:1030 - CMSIS Pack Vendor :STMicroelectronics X-CUBE-DPower 1.2.0
2025-03-07 17:45:47,839 [INFO] ThirdParty:1030 - CMSIS Pack Vendor :STMicroelectronics X-CUBE-SUBG2 5.0.0
2025-03-07 17:45:47,839 [INFO] ThirdParty:1030 - CMSIS Pack Vendor :STMicroelectronics STM32_WPAN 1.0.0
2025-03-07 17:45:47,839 [INFO] ThirdParty:1030 - CMSIS Pack Vendor :EmbeddedOffice I-CUBE-FS-RTOS 1.0.1
2025-03-07 17:45:47,839 [INFO] ThirdParty:1030 - CMSIS Pack Vendor :STMicroelectronics lwIP 2.0.3
2025-03-07 17:45:47,839 [INFO] ThirdParty:1030 - CMSIS Pack Vendor :STMicroelectronics FP-SNS-FLIGHT1 5.0.2
2025-03-07 17:45:47,839 [INFO] ThirdParty:1030 - CMSIS Pack Vendor :Cesanta I-CUBE-Mongoose 7.13.0
2025-03-07 17:45:47,839 [INFO] ThirdParty:1030 - CMSIS Pack Vendor :STMicroelectronics USB_HOST 1.0.0
2025-03-07 17:45:47,839 [INFO] ThirdParty:1030 - CMSIS Pack Vendor :Infineon AIROC-Wi-Fi-Bluetooth-STM32 1.7.0
2025-03-07 17:45:47,839 [INFO] ThirdParty:1030 - CMSIS Pack Vendor :STMicroelectronics X-CUBE-AZRTOS-G4 2.0.0
2025-03-07 17:45:47,839 [INFO] ThirdParty:1030 - CMSIS Pack Vendor :STMicroelectronics PDM2PCM 3.1.0
2025-03-07 17:45:47,839 [INFO] ThirdParty:1030 - CMSIS Pack Vendor :STMicroelectronics PDM2PCM 3.3.0
2025-03-07 17:45:47,839 [INFO] ThirdParty:1030 - CMSIS Pack Vendor :STMicroelectronics X-CUBE-DISPLAY 3.0.0
2025-03-07 17:45:47,839 [INFO] ThirdParty:1030 - CMSIS Pack Vendor :STMicroelectronics X-CUBE-TCPP 4.2.0
2025-03-07 17:45:47,839 [INFO] ThirdParty:1030 - CMSIS Pack Vendor :RealThread X-CUBE-RT-Thread_Nano 4.1.1
2025-03-07 17:45:47,839 [INFO] ThirdParty:1030 - CMSIS Pack Vendor :STMicroelectronics X-CUBE-BLE1 7.0.0
2025-03-07 17:45:47,839 [INFO] ThirdParty:1030 - CMSIS Pack Vendor :STMicroelectronics FP-ATR-SIGFOX1 3.2.0
2025-03-07 17:45:47,839 [INFO] ThirdParty:1030 - CMSIS Pack Vendor :STMicroelectronics X-CUBE-NFC10 1.0.0
2025-03-07 17:45:47,839 [INFO] ThirdParty:1030 - CMSIS Pack Vendor :quantropi X-CUBE-qispace-sdk-base 1.9.3
2025-03-07 17:45:47,839 [INFO] ThirdParty:1030 - CMSIS Pack Vendor :STMicroelectronics X-CUBE-BLEMGR 4.0.0
2025-03-07 17:45:47,839 [INFO] ThirdParty:1030 - CMSIS Pack Vendor :STMicroelectronics X-CUBE-EEPRMA1 5.1.0
2025-03-07 17:45:47,839 [INFO] ThirdParty:1030 - CMSIS Pack Vendor :STMicroelectronics HAL Drivers 0.0.0
2025-03-07 17:45:47,839 [INFO] ThirdParty:1030 - CMSIS Pack Vendor :STMicroelectronics MBEDTLS 2.16.2
2025-03-07 17:45:47,839 [INFO] ThirdParty:1030 - CMSIS Pack Vendor :STMicroelectronics X-CUBE-IPS 3.1.0
2025-03-07 17:45:47,839 [INFO] ThirdParty:1030 - CMSIS Pack Vendor :STMicroelectronics X-CUBE-ALS 1.0.2
2025-03-07 17:45:47,839 [INFO] ThirdParty:1030 - CMSIS Pack Vendor :emotas I-CUBE-CANOPEN 1.3.0
2025-03-07 17:45:47,839 [INFO] ThirdParty:1030 - CMSIS Pack Vendor :STMicroelectronics X-CUBE-FREERTOS 1.3.0
2025-03-07 17:45:47,839 [INFO] ThirdParty:1030 - CMSIS Pack Vendor :wolfSSL I-CUBE-wolfSSL 5.7.4
2025-03-07 17:45:47,839 [INFO] ThirdParty:1030 - CMSIS Pack Vendor :STMicroelectronics X-CUBE-NFC7 1.0.1
2025-03-07 17:45:47,839 [INFO] ThirdParty:1030 - CMSIS Pack Vendor :STMicroelectronics MBEDTLS 2.14.1
2025-03-07 17:45:47,839 [INFO] ThirdParty:1030 - CMSIS Pack Vendor :ITTIA_DB I-CUBE-ITTIADB 8.9.0
2025-03-07 17:45:47,839 [INFO] ThirdParty:1030 - CMSIS Pack Vendor :STMicroelectronics X-CUBE-TOUCHGFX 4.24.2
2025-03-07 17:45:47,839 [INFO] ThirdParty:1030 - CMSIS Pack Vendor :STMicroelectronics X-CUBE-TOUCHGFX 4.24.1
2025-03-07 17:45:47,840 [INFO] ThirdParty:1030 - CMSIS Pack Vendor :wolfSSL I-CUBE-wolfTPM 3.4.0
2025-03-07 17:45:47,840 [INFO] ThirdParty:1030 - CMSIS Pack Vendor :portGmbH I-Cube-SoM-uGOAL 1.1.0
2025-03-07 17:45:47,840 [INFO] ThirdParty:1030 - CMSIS Pack Vendor :STMicroelectronics X-CUBE-BLEMGR 3.1.0
2025-03-07 17:45:47,840 [INFO] ThirdParty:1030 - CMSIS Pack Vendor :STMicroelectronics X-CUBE-AI 10.0.0
2025-03-07 17:45:47,840 [INFO] ThirdParty:1030 - CMSIS Pack Vendor :STMicroelectronics ThreadX 1.0.0
2025-03-07 17:45:47,840 [INFO] ThirdParty:1030 - CMSIS Pack Vendor :STMicroelectronics FP-SNS-SMARTAG2 1.2.0
2025-03-07 17:45:47,840 [INFO] ThirdParty:1030 - CMSIS Pack Vendor :STMicroelectronics X-CUBE-MEMS1 11.1.0
2025-03-07 17:45:47,840 [INFO] ThirdParty:1030 - CMSIS Pack Vendor :STMicroelectronics X-CUBE-AZRTOS-WL 2.0.0
2025-03-07 17:45:47,840 [INFO] ThirdParty:1030 - CMSIS Pack Vendor :SEGGER I-CUBE-embOS 1.3.1
2025-03-07 17:45:47,840 [INFO] ThirdParty:1030 - CMSIS Pack Vendor :STMicroelectronics X-CUBE-ALGOBUILD 1.4.0
2025-03-07 17:45:47,840 [INFO] ThirdParty:1030 - CMSIS Pack Vendor :STMicroelectronics FP-SNS-MOTENV1 5.0.0
2025-03-07 17:45:47,840 [INFO] ThirdParty:1030 - CMSIS Pack Vendor :STMicroelectronics USB_DEVICE 1.0.0
2025-03-07 17:45:47,840 [INFO] ThirdParty:1030 - CMSIS Pack Vendor :STMicroelectronics X-CUBE-AZRTOS-H7RS 1.0.0
2025-03-07 17:45:47,840 [INFO] ThirdParty:1030 - CMSIS Pack Vendor :wolfSSL I-CUBE-wolfMQTT 1.19.0
2025-03-07 17:45:47,840 [INFO] ThirdParty:1030 - CMSIS Pack Vendor :STMicroelectronics X-CUBE-AZRTOS-L4 2.0.0
2025-03-07 17:45:47,840 [INFO] ThirdParty:1030 - CMSIS Pack Vendor :STMicroelectronics ThreadX 0.0.2
2025-03-07 17:45:47,840 [INFO] ThirdParty:1030 - CMSIS Pack Vendor :WES I-CUBE-Cesium 1.3.0
2025-03-07 17:45:47,840 [INFO] ThirdParty:1030 - CMSIS Pack Vendor :STMicroelectronics FP-ATR-ASTRA1 2.0.0
2025-03-07 17:45:47,840 [INFO] ThirdParty:1030 - CMSIS Pack Vendor :STMicroelectronics lwIP 2.1.2
2025-03-07 17:45:47,840 [INFO] ThirdParty:1030 - CMSIS Pack Vendor :STMicroelectronics X-CUBE-SFXS2LP1 4.0.0
2025-03-07 17:45:47,840 [INFO] ThirdParty:1030 - CMSIS Pack Vendor :STMicroelectronics X-CUBE-BLE2 3.3.0
2025-03-07 17:45:47,840 [INFO] ThirdParty:1030 - CMSIS Pack Vendor :STMicroelectronics X-CUBE-TOF1 3.4.2
2025-03-07 17:45:47,840 [INFO] ThirdParty:1030 - CMSIS Pack Vendor :STMicroelectronics X-CUBE-AI 9.1.0
2025-03-07 17:45:47,840 [INFO] ThirdParty:1030 - CMSIS Pack Vendor :Infineon AIROC-Wi-Fi-Bluetooth-STM32 1.6.1
2025-03-07 17:45:47,840 [INFO] ThirdParty:1030 - CMSIS Pack Vendor :STMicroelectronics PDM2PCM 3.2.0
2025-03-07 17:45:47,840 [INFO] ThirdParty:1030 - CMSIS Pack Vendor :wolfSSL I-CUBE-wolfSSH 1.4.17
2025-03-07 17:45:47,840 [INFO] ThirdParty:841 - exiting critical section [change project]
2025-03-07 17:45:48,555 [INFO] PinOutPanel:1589 - setPackage(No Configuration,No Configuration)
2025-03-07 17:45:48,557 [INFO] PinOutPanel:1589 - setPackage(STM32F303RETx,LQFP64)
2025-03-07 17:45:48,764 [ERROR] LogOutputStream:75 - [STDERR_REDIRECT] [Fatal Error] :1:1: Premature end of file.
2025-03-07 17:45:48,765 [ERROR] LogOutputStream:75 - [STDERR_REDIRECT] 
2025-03-07 17:45:49,191 [INFO] UtilMem:75 - Before build in PCC Used Memory: 209346536 Bytes (395313152)
2025-03-07 17:45:49,734 [ERROR] LogOutputStream:75 - [STDERR_REDIRECT] [Fatal Error] :1:1: Premature end of file.
2025-03-07 17:45:49,736 [ERROR] LogOutputStream:75 - [STDERR_REDIRECT] 
2025-03-07 17:45:50,136 [INFO] UtilMem:75 - After build in PCC Used Memory: 274358248 Bytes (395313152)
2025-03-07 17:45:50,198 [INFO] IPUIPlugin:80 - create IPUIPlugin
2025-03-07 17:45:50,199 [INFO] IPUIPlugin:80 - create IPUIPlugin
2025-03-07 17:45:50,199 [INFO] IPUIPlugin:80 - create IPUIPlugin
2025-03-07 17:45:50,199 [INFO] IPUIPlugin:80 - create IPUIPlugin
2025-03-07 17:45:50,199 [INFO] IPUIPlugin:80 - create IPUIPlugin
2025-03-07 17:45:50,199 [INFO] IPUIPlugin:80 - create IPUIPlugin
2025-03-07 17:45:50,199 [INFO] IPUIPlugin:80 - create IPUIPlugin
2025-03-07 17:45:50,199 [INFO] IPUIPlugin:80 - create IPUIPlugin
2025-03-07 17:45:50,199 [INFO] IPUIPlugin:80 - create IPUIPlugin
2025-03-07 17:45:50,199 [INFO] IPUIPlugin:80 - create IPUIPlugin
2025-03-07 17:45:50,199 [INFO] IPUIPlugin:80 - create IPUIPlugin
2025-03-07 17:45:50,199 [INFO] IPUIPlugin:80 - create IPUIPlugin
2025-03-07 17:45:50,200 [INFO] IPUIPlugin:80 - create IPUIPlugin
2025-03-07 17:45:50,200 [INFO] IPUIPlugin:80 - create IPUIPlugin
2025-03-07 17:45:50,200 [INFO] IPUIPlugin:80 - create IPUIPlugin
2025-03-07 17:45:50,200 [INFO] IPUIPlugin:80 - create IPUIPlugin
2025-03-07 17:45:50,200 [INFO] IPUIPlugin:80 - create IPUIPlugin
2025-03-07 17:45:50,200 [INFO] IPUIPlugin:80 - create IPUIPlugin
2025-03-07 17:45:50,201 [INFO] IPUIPlugin:80 - create IPUIPlugin
2025-03-07 17:45:50,201 [INFO] IPUIPlugin:80 - create IPUIPlugin
2025-03-07 17:45:50,201 [INFO] IPUIPlugin:80 - create IPUIPlugin
2025-03-07 17:45:50,201 [INFO] IPUIPlugin:80 - create IPUIPlugin
2025-03-07 17:45:50,201 [INFO] IPUIPlugin:80 - create IPUIPlugin
2025-03-07 17:45:50,201 [INFO] IPUIPlugin:80 - create IPUIPlugin
2025-03-07 17:45:50,202 [INFO] IPUIPlugin:80 - create IPUIPlugin
2025-03-07 17:45:50,202 [INFO] IPUIPlugin:80 - create IPUIPlugin
2025-03-07 17:45:50,202 [INFO] IPUIPlugin:80 - create IPUIPlugin
2025-03-07 17:45:50,202 [INFO] IPUIPlugin:80 - create IPUIPlugin
2025-03-07 17:45:50,203 [INFO] IPUIPlugin:80 - create IPUIPlugin
2025-03-07 17:45:50,204 [INFO] IPUIPlugin:80 - create IPUIPlugin
2025-03-07 17:45:50,205 [INFO] IPUIPlugin:80 - create IPUIPlugin
2025-03-07 17:45:50,206 [INFO] IPUIPlugin:80 - create IPUIPlugin
2025-03-07 17:45:50,207 [INFO] IPUIPlugin:80 - create IPUIPlugin
2025-03-07 17:45:50,208 [INFO] IPUIPlugin:80 - create IPUIPlugin
2025-03-07 17:45:50,209 [INFO] IPUIPlugin:80 - create IPUIPlugin
2025-03-07 17:45:50,210 [INFO] IPUIPlugin:80 - create IPUIPlugin
2025-03-07 17:45:50,211 [INFO] IPUIPlugin:80 - create IPUIPlugin
2025-03-07 17:45:50,211 [INFO] IPUIPlugin:80 - create IPUIPlugin
2025-03-07 17:45:50,211 [INFO] IPUIPlugin:80 - create IPUIPlugin
2025-03-07 17:45:50,211 [INFO] IPUIPlugin:80 - create IPUIPlugin
2025-03-07 17:45:50,212 [INFO] IPUIPlugin:80 - create IPUIPlugin
2025-03-07 17:45:50,212 [INFO] IPUIPlugin:80 - create IPUIPlugin
2025-03-07 17:45:50,212 [INFO] IPUIPlugin:80 - create IPUIPlugin
2025-03-07 17:45:50,212 [INFO] IPUIPlugin:80 - create IPUIPlugin
2025-03-07 17:45:50,213 [INFO] IPUIPlugin:80 - create IPUIPlugin
2025-03-07 17:45:50,213 [INFO] IPUIPlugin:80 - create IPUIPlugin
2025-03-07 17:45:50,213 [INFO] IPUIPlugin:80 - create IPUIPlugin
2025-03-07 17:45:50,214 [INFO] IPUIPlugin:80 - create IPUIPlugin
2025-03-07 17:45:50,214 [INFO] IPUIPlugin:80 - create IPUIPlugin
2025-03-07 17:45:50,214 [INFO] IPUIPlugin:80 - create IPUIPlugin
2025-03-07 17:45:50,214 [INFO] IPUIPlugin:80 - create IPUIPlugin
2025-03-07 17:45:50,215 [INFO] IPUIPlugin:80 - create IPUIPlugin
2025-03-07 17:45:50,215 [INFO] IPUIPlugin:80 - create IPUIPlugin
2025-03-07 17:45:50,215 [INFO] IPUIPlugin:80 - create IPUIPlugin
2025-03-07 17:45:50,216 [INFO] IPUIPlugin:80 - create IPUIPlugin
2025-03-07 17:45:50,216 [INFO] IPUIPlugin:80 - create IPUIPlugin
2025-03-07 17:45:50,688 [INFO] CADModel:165 - CPN selected for project levelSTM32F303RET6
2025-03-07 17:45:50,688 [INFO] CADModel:114 - Register for checkConnection events
2025-03-07 17:45:50,730 [INFO] OpenFileManager:385 - Restore cursor
2025-03-07 17:45:50,765 [ERROR] LogOutputStream:75 - [STDERR_REDIRECT] [Fatal Error] :1:1: Premature end of file.
2025-03-07 17:45:50,766 [ERROR] LogOutputStream:75 - [STDERR_REDIRECT] 
2025-03-07 17:45:51,770 [ERROR] LogOutputStream:75 - [STDERR_REDIRECT] [Fatal Error] :1:1: Premature end of file.
2025-03-07 17:45:51,771 [ERROR] LogOutputStream:75 - [STDERR_REDIRECT] 
2025-03-07 17:45:52,771 [ERROR] LogOutputStream:75 - [STDERR_REDIRECT] [Fatal Error] :1:1: Premature end of file.
2025-03-07 17:45:52,771 [ERROR] LogOutputStream:75 - [STDERR_REDIRECT] 
2025-03-07 17:45:53,762 [ERROR] LogOutputStream:75 - [STDERR_REDIRECT] [Fatal Error] :1:1: Premature end of file.
2025-03-07 17:45:53,763 [ERROR] LogOutputStream:75 - [STDERR_REDIRECT] 
2025-03-07 17:45:54,756 [ERROR] LogOutputStream:75 - [STDERR_REDIRECT] [Fatal Error] :1:1: Premature end of file.
2025-03-07 17:45:54,757 [ERROR] LogOutputStream:75 - [STDERR_REDIRECT] 
2025-03-07 17:45:55,770 [ERROR] LogOutputStream:75 - [STDERR_REDIRECT] [Fatal Error] :1:1: Premature end of file.
2025-03-07 17:45:55,771 [ERROR] LogOutputStream:75 - [STDERR_REDIRECT] 
2025-03-07 17:45:56,769 [ERROR] LogOutputStream:75 - [STDERR_REDIRECT] [Fatal Error] :1:1: Premature end of file.
2025-03-07 17:45:56,769 [ERROR] LogOutputStream:75 - [STDERR_REDIRECT] 
2025-03-07 17:45:57,736 [ERROR] LogOutputStream:75 - [STDERR_REDIRECT] [Fatal Error] :1:1: Premature end of file.
2025-03-07 17:45:57,736 [ERROR] LogOutputStream:75 - [STDERR_REDIRECT] 
2025-03-07 17:45:58,783 [ERROR] LogOutputStream:75 - [STDERR_REDIRECT] [Fatal Error] :1:1: Premature end of file.
2025-03-07 17:45:58,783 [ERROR] LogOutputStream:75 - [STDERR_REDIRECT] 
2025-03-07 17:45:59,746 [ERROR] LogOutputStream:75 - [STDERR_REDIRECT] [Fatal Error] :1:1: Premature end of file.
2025-03-07 17:45:59,746 [ERROR] LogOutputStream:75 - [STDERR_REDIRECT] 
2025-03-07 17:46:00,777 [ERROR] LogOutputStream:75 - [STDERR_REDIRECT] [Fatal Error] :1:1: Premature end of file.
2025-03-07 17:46:00,778 [ERROR] LogOutputStream:75 - [STDERR_REDIRECT] 
2025-03-07 17:46:01,765 [ERROR] LogOutputStream:75 - [STDERR_REDIRECT] [Fatal Error] :1:1: Premature end of file.
2025-03-07 17:46:01,765 [ERROR] LogOutputStream:75 - [STDERR_REDIRECT] 
2025-03-07 17:46:02,783 [ERROR] LogOutputStream:75 - [STDERR_REDIRECT] [Fatal Error] :1:1: Premature end of file.
2025-03-07 17:46:02,784 [ERROR] LogOutputStream:75 - [STDERR_REDIRECT] 
2025-03-07 17:46:03,814 [ERROR] LogOutputStream:75 - [STDERR_REDIRECT] [Fatal Error] :1:1: Premature end of file.
2025-03-07 17:46:03,814 [ERROR] LogOutputStream:75 - [STDERR_REDIRECT] 
2025-03-07 17:46:04,754 [ERROR] LogOutputStream:75 - [STDERR_REDIRECT] [Fatal Error] :1:1: Premature end of file.
2025-03-07 17:46:04,755 [ERROR] LogOutputStream:75 - [STDERR_REDIRECT] 
2025-03-07 17:46:05,750 [ERROR] LogOutputStream:75 - [STDERR_REDIRECT] [Fatal Error] :1:1: Premature end of file.
2025-03-07 17:46:05,750 [ERROR] LogOutputStream:75 - [STDERR_REDIRECT] 
2025-03-07 17:46:06,763 [ERROR] LogOutputStream:75 - [STDERR_REDIRECT] [Fatal Error] :1:1: Premature end of file.
2025-03-07 17:46:06,763 [ERROR] LogOutputStream:75 - [STDERR_REDIRECT] 
2025-03-07 17:46:07,735 [ERROR] LogOutputStream:75 - [STDERR_REDIRECT] [Fatal Error] :1:1: Premature end of file.
2025-03-07 17:46:07,735 [ERROR] LogOutputStream:75 - [STDERR_REDIRECT] 
2025-03-07 17:46:08,778 [ERROR] LogOutputStream:75 - [STDERR_REDIRECT] [Fatal Error] :1:1: Premature end of file.
2025-03-07 17:46:08,779 [ERROR] LogOutputStream:75 - [STDERR_REDIRECT] 
2025-03-07 17:46:09,786 [ERROR] LogOutputStream:75 - [STDERR_REDIRECT] [Fatal Error] :1:1: Premature end of file.
2025-03-07 17:46:09,786 [ERROR] LogOutputStream:75 - [STDERR_REDIRECT] 
2025-03-07 17:46:10,758 [ERROR] LogOutputStream:75 - [STDERR_REDIRECT] [Fatal Error] :1:1: Premature end of file.
2025-03-07 17:46:10,759 [ERROR] LogOutputStream:75 - [STDERR_REDIRECT] 
2025-03-07 17:46:11,749 [ERROR] LogOutputStream:75 - [STDERR_REDIRECT] [Fatal Error] :1:1: Premature end of file.
2025-03-07 17:46:11,749 [ERROR] LogOutputStream:75 - [STDERR_REDIRECT] 
2025-03-07 17:46:12,773 [ERROR] LogOutputStream:75 - [STDERR_REDIRECT] [Fatal Error] :1:1: Premature end of file.
2025-03-07 17:46:12,773 [ERROR] LogOutputStream:75 - [STDERR_REDIRECT] 
2025-03-07 17:46:13,729 [ERROR] LogOutputStream:75 - [STDERR_REDIRECT] [Fatal Error] :1:1: Premature end of file.
2025-03-07 17:46:13,729 [ERROR] LogOutputStream:75 - [STDERR_REDIRECT] 
2025-03-07 17:46:14,772 [ERROR] LogOutputStream:75 - [STDERR_REDIRECT] [Fatal Error] :1:1: Premature end of file.
2025-03-07 17:46:14,772 [ERROR] LogOutputStream:75 - [STDERR_REDIRECT] 
2025-03-07 17:46:15,756 [ERROR] LogOutputStream:75 - [STDERR_REDIRECT] [Fatal Error] :1:1: Premature end of file.
2025-03-07 17:46:15,757 [ERROR] LogOutputStream:75 - [STDERR_REDIRECT] 
2025-03-07 17:46:16,740 [ERROR] LogOutputStream:75 - [STDERR_REDIRECT] [Fatal Error] :1:1: Premature end of file.
2025-03-07 17:46:16,740 [ERROR] LogOutputStream:75 - [STDERR_REDIRECT] 
2025-03-07 17:46:17,737 [ERROR] LogOutputStream:75 - [STDERR_REDIRECT] [Fatal Error] :1:1: Premature end of file.
2025-03-07 17:46:17,737 [ERROR] LogOutputStream:75 - [STDERR_REDIRECT] 
2025-03-07 17:46:18,758 [ERROR] LogOutputStream:75 - [STDERR_REDIRECT] [Fatal Error] :1:1: Premature end of file.
2025-03-07 17:46:18,759 [ERROR] LogOutputStream:75 - [STDERR_REDIRECT] 
2025-03-07 17:46:19,757 [ERROR] LogOutputStream:75 - [STDERR_REDIRECT] [Fatal Error] :1:1: Premature end of file.
2025-03-07 17:46:19,757 [ERROR] LogOutputStream:75 - [STDERR_REDIRECT] 
2025-03-07 17:46:20,762 [ERROR] LogOutputStream:75 - [STDERR_REDIRECT] [Fatal Error] :1:1: Premature end of file.
2025-03-07 17:46:20,762 [ERROR] LogOutputStream:75 - [STDERR_REDIRECT] 
2025-03-07 17:46:21,738 [ERROR] LogOutputStream:75 - [STDERR_REDIRECT] [Fatal Error] :1:1: Premature end of file.
2025-03-07 17:46:21,739 [ERROR] LogOutputStream:75 - [STDERR_REDIRECT] 
2025-03-07 17:46:22,738 [ERROR] LogOutputStream:75 - [STDERR_REDIRECT] [Fatal Error] :1:1: Premature end of file.
2025-03-07 17:46:22,739 [ERROR] LogOutputStream:75 - [STDERR_REDIRECT] 
2025-03-07 17:46:23,762 [ERROR] LogOutputStream:75 - [STDERR_REDIRECT] [Fatal Error] :1:1: Premature end of file.
2025-03-07 17:46:23,762 [ERROR] LogOutputStream:75 - [STDERR_REDIRECT] 
2025-03-07 17:46:24,733 [ERROR] LogOutputStream:75 - [STDERR_REDIRECT] [Fatal Error] :1:1: Premature end of file.
2025-03-07 17:46:24,733 [ERROR] LogOutputStream:75 - [STDERR_REDIRECT] 
2025-03-07 17:46:25,780 [ERROR] LogOutputStream:75 - [STDERR_REDIRECT] [Fatal Error] :1:1: Premature end of file.
2025-03-07 17:46:25,781 [ERROR] LogOutputStream:75 - [STDERR_REDIRECT] 
2025-03-07 17:46:26,773 [ERROR] LogOutputStream:75 - [STDERR_REDIRECT] [Fatal Error] :1:1: Premature end of file.
2025-03-07 17:46:26,773 [ERROR] LogOutputStream:75 - [STDERR_REDIRECT] 
2025-03-07 17:46:27,771 [ERROR] LogOutputStream:75 - [STDERR_REDIRECT] [Fatal Error] :1:1: Premature end of file.
2025-03-07 17:46:27,772 [ERROR] LogOutputStream:75 - [STDERR_REDIRECT] 
2025-03-07 17:46:28,769 [ERROR] LogOutputStream:75 - [STDERR_REDIRECT] [Fatal Error] :1:1: Premature end of file.
2025-03-07 17:46:28,770 [ERROR] LogOutputStream:75 - [STDERR_REDIRECT] 
2025-03-07 17:46:29,757 [ERROR] LogOutputStream:75 - [STDERR_REDIRECT] [Fatal Error] :1:1: Premature end of file.
2025-03-07 17:46:29,757 [ERROR] LogOutputStream:75 - [STDERR_REDIRECT] 
2025-03-07 17:46:30,754 [ERROR] LogOutputStream:75 - [STDERR_REDIRECT] [Fatal Error] :1:1: Premature end of file.
2025-03-07 17:46:30,754 [ERROR] LogOutputStream:75 - [STDERR_REDIRECT] 
2025-03-07 17:46:31,778 [ERROR] LogOutputStream:75 - [STDERR_REDIRECT] [Fatal Error] :1:1: Premature end of file.
2025-03-07 17:46:31,779 [ERROR] LogOutputStream:75 - [STDERR_REDIRECT] 
2025-03-07 17:46:32,771 [ERROR] LogOutputStream:75 - [STDERR_REDIRECT] [Fatal Error] :1:1: Premature end of file.
2025-03-07 17:46:32,771 [ERROR] LogOutputStream:75 - [STDERR_REDIRECT] 
2025-03-07 17:46:33,774 [ERROR] LogOutputStream:75 - [STDERR_REDIRECT] [Fatal Error] :1:1: Premature end of file.
2025-03-07 17:46:33,775 [ERROR] LogOutputStream:75 - [STDERR_REDIRECT] 
2025-03-07 17:46:34,758 [ERROR] LogOutputStream:75 - [STDERR_REDIRECT] [Fatal Error] :1:1: Premature end of file.
2025-03-07 17:46:34,758 [ERROR] LogOutputStream:75 - [STDERR_REDIRECT] 
2025-03-07 17:46:35,777 [ERROR] LogOutputStream:75 - [STDERR_REDIRECT] [Fatal Error] :1:1: Premature end of file.
2025-03-07 17:46:35,777 [ERROR] LogOutputStream:75 - [STDERR_REDIRECT] 
2025-03-07 17:46:36,783 [ERROR] LogOutputStream:75 - [STDERR_REDIRECT] [Fatal Error] :1:1: Premature end of file.
2025-03-07 17:46:36,783 [ERROR] LogOutputStream:75 - [STDERR_REDIRECT] 
2025-03-07 17:46:37,763 [ERROR] LogOutputStream:75 - [STDERR_REDIRECT] [Fatal Error] :1:1: Premature end of file.
2025-03-07 17:46:37,763 [ERROR] LogOutputStream:75 - [STDERR_REDIRECT] 
2025-03-07 17:46:38,744 [ERROR] LogOutputStream:75 - [STDERR_REDIRECT] [Fatal Error] :1:1: Premature end of file.
2025-03-07 17:46:38,744 [ERROR] LogOutputStream:75 - [STDERR_REDIRECT] 
2025-03-07 17:46:39,735 [ERROR] LogOutputStream:75 - [STDERR_REDIRECT] [Fatal Error] :1:1: Premature end of file.
2025-03-07 17:46:39,736 [ERROR] LogOutputStream:75 - [STDERR_REDIRECT] 
2025-03-07 17:46:40,762 [ERROR] LogOutputStream:75 - [STDERR_REDIRECT] [Fatal Error] :1:1: Premature end of file.
2025-03-07 17:46:40,763 [ERROR] LogOutputStream:75 - [STDERR_REDIRECT] 
2025-03-07 17:46:41,767 [ERROR] LogOutputStream:75 - [STDERR_REDIRECT] [Fatal Error] :1:1: Premature end of file.
2025-03-07 17:46:41,768 [ERROR] LogOutputStream:75 - [STDERR_REDIRECT] 
2025-03-07 17:46:42,780 [ERROR] LogOutputStream:75 - [STDERR_REDIRECT] [Fatal Error] :1:1: Premature end of file.
2025-03-07 17:46:42,780 [ERROR] LogOutputStream:75 - [STDERR_REDIRECT] 
2025-03-07 17:46:43,769 [ERROR] LogOutputStream:75 - [STDERR_REDIRECT] [Fatal Error] :1:1: Premature end of file.
2025-03-07 17:46:43,770 [ERROR] LogOutputStream:75 - [STDERR_REDIRECT] 
2025-03-07 17:46:44,773 [ERROR] LogOutputStream:75 - [STDERR_REDIRECT] [Fatal Error] :1:1: Premature end of file.
2025-03-07 17:46:44,773 [ERROR] LogOutputStream:75 - [STDERR_REDIRECT] 
2025-03-07 17:46:45,764 [ERROR] LogOutputStream:75 - [STDERR_REDIRECT] [Fatal Error] :1:1: Premature end of file.
2025-03-07 17:46:45,764 [ERROR] LogOutputStream:75 - [STDERR_REDIRECT] 
2025-03-07 17:46:46,764 [ERROR] LogOutputStream:75 - [STDERR_REDIRECT] [Fatal Error] :1:1: Premature end of file.
2025-03-07 17:46:46,764 [ERROR] LogOutputStream:75 - [STDERR_REDIRECT] 
2025-03-07 17:46:47,762 [ERROR] LogOutputStream:75 - [STDERR_REDIRECT] [Fatal Error] :1:1: Premature end of file.
2025-03-07 17:46:47,763 [ERROR] LogOutputStream:75 - [STDERR_REDIRECT] 
2025-03-07 17:46:48,780 [ERROR] LogOutputStream:75 - [STDERR_REDIRECT] [Fatal Error] :1:1: Premature end of file.
2025-03-07 17:46:48,781 [ERROR] LogOutputStream:75 - [STDERR_REDIRECT] 
2025-03-07 17:46:49,769 [ERROR] LogOutputStream:75 - [STDERR_REDIRECT] [Fatal Error] :1:1: Premature end of file.
2025-03-07 17:46:49,770 [ERROR] LogOutputStream:75 - [STDERR_REDIRECT] 
2025-03-07 17:46:50,763 [ERROR] LogOutputStream:75 - [STDERR_REDIRECT] [Fatal Error] :1:1: Premature end of file.
2025-03-07 17:46:50,764 [ERROR] LogOutputStream:75 - [STDERR_REDIRECT] 
2025-03-07 17:46:51,761 [ERROR] LogOutputStream:75 - [STDERR_REDIRECT] [Fatal Error] :1:1: Premature end of file.
2025-03-07 17:46:51,762 [ERROR] LogOutputStream:75 - [STDERR_REDIRECT] 
2025-03-07 17:46:52,746 [ERROR] LogOutputStream:75 - [STDERR_REDIRECT] [Fatal Error] :1:1: Premature end of file.
2025-03-07 17:46:52,746 [ERROR] LogOutputStream:75 - [STDERR_REDIRECT] 
2025-03-07 17:46:53,765 [ERROR] LogOutputStream:75 - [STDERR_REDIRECT] [Fatal Error] :1:1: Premature end of file.
2025-03-07 17:46:53,765 [ERROR] LogOutputStream:75 - [STDERR_REDIRECT] 
2025-03-07 17:46:54,764 [ERROR] LogOutputStream:75 - [STDERR_REDIRECT] [Fatal Error] :1:1: Premature end of file.
2025-03-07 17:46:54,764 [ERROR] LogOutputStream:75 - [STDERR_REDIRECT] 
2025-03-07 17:46:55,763 [ERROR] LogOutputStream:75 - [STDERR_REDIRECT] [Fatal Error] :1:1: Premature end of file.
2025-03-07 17:46:55,763 [ERROR] LogOutputStream:75 - [STDERR_REDIRECT] 
2025-03-07 17:46:56,765 [ERROR] LogOutputStream:75 - [STDERR_REDIRECT] [Fatal Error] :1:1: Premature end of file.
2025-03-07 17:46:56,765 [ERROR] LogOutputStream:75 - [STDERR_REDIRECT] 
2025-03-07 17:46:57,765 [ERROR] LogOutputStream:75 - [STDERR_REDIRECT] [Fatal Error] :1:1: Premature end of file.
2025-03-07 17:46:57,765 [ERROR] LogOutputStream:75 - [STDERR_REDIRECT] 
2025-03-07 17:46:58,784 [ERROR] LogOutputStream:75 - [STDERR_REDIRECT] [Fatal Error] :1:1: Premature end of file.
2025-03-07 17:46:58,784 [ERROR] LogOutputStream:75 - [STDERR_REDIRECT] 
2025-03-07 17:46:59,784 [ERROR] LogOutputStream:75 - [STDERR_REDIRECT] [Fatal Error] :1:1: Premature end of file.
2025-03-07 17:46:59,785 [ERROR] LogOutputStream:75 - [STDERR_REDIRECT] 
2025-03-07 17:47:00,782 [ERROR] LogOutputStream:75 - [STDERR_REDIRECT] [Fatal Error] :1:1: Premature end of file.
2025-03-07 17:47:00,783 [ERROR] LogOutputStream:75 - [STDERR_REDIRECT] 
2025-03-07 17:47:01,781 [ERROR] LogOutputStream:75 - [STDERR_REDIRECT] [Fatal Error] :1:1: Premature end of file.
2025-03-07 17:47:01,782 [ERROR] LogOutputStream:75 - [STDERR_REDIRECT] 
2025-03-07 17:47:02,769 [ERROR] LogOutputStream:75 - [STDERR_REDIRECT] [Fatal Error] :1:1: Premature end of file.
2025-03-07 17:47:02,769 [ERROR] LogOutputStream:75 - [STDERR_REDIRECT] 
2025-03-07 17:47:03,780 [ERROR] LogOutputStream:75 - [STDERR_REDIRECT] [Fatal Error] :1:1: Premature end of file.
2025-03-07 17:47:03,780 [ERROR] LogOutputStream:75 - [STDERR_REDIRECT] 
2025-03-07 17:47:04,783 [ERROR] LogOutputStream:75 - [STDERR_REDIRECT] [Fatal Error] :1:1: Premature end of file.
2025-03-07 17:47:04,784 [ERROR] LogOutputStream:75 - [STDERR_REDIRECT] 
2025-03-07 17:47:05,778 [ERROR] LogOutputStream:75 - [STDERR_REDIRECT] [Fatal Error] :1:1: Premature end of file.
2025-03-07 17:47:05,779 [ERROR] LogOutputStream:75 - [STDERR_REDIRECT] 
2025-03-07 17:47:06,784 [ERROR] LogOutputStream:75 - [STDERR_REDIRECT] [Fatal Error] :1:1: Premature end of file.
2025-03-07 17:47:06,784 [ERROR] LogOutputStream:75 - [STDERR_REDIRECT] 
2025-03-07 17:47:07,781 [ERROR] LogOutputStream:75 - [STDERR_REDIRECT] [Fatal Error] :1:1: Premature end of file.
2025-03-07 17:47:07,781 [ERROR] LogOutputStream:75 - [STDERR_REDIRECT] 
2025-03-07 17:47:08,768 [ERROR] LogOutputStream:75 - [STDERR_REDIRECT] [Fatal Error] :1:1: Premature end of file.
2025-03-07 17:47:08,768 [ERROR] LogOutputStream:75 - [STDERR_REDIRECT] 
2025-03-07 17:47:09,768 [ERROR] LogOutputStream:75 - [STDERR_REDIRECT] [Fatal Error] :1:1: Premature end of file.
2025-03-07 17:47:09,769 [ERROR] LogOutputStream:75 - [STDERR_REDIRECT] 
2025-03-07 17:47:10,773 [ERROR] LogOutputStream:75 - [STDERR_REDIRECT] [Fatal Error] :1:1: Premature end of file.
2025-03-07 17:47:10,774 [ERROR] LogOutputStream:75 - [STDERR_REDIRECT] 
2025-03-07 17:47:11,764 [ERROR] LogOutputStream:75 - [STDERR_REDIRECT] [Fatal Error] :1:1: Premature end of file.
2025-03-07 17:47:11,764 [ERROR] LogOutputStream:75 - [STDERR_REDIRECT] 
2025-03-07 17:47:12,766 [ERROR] LogOutputStream:75 - [STDERR_REDIRECT] [Fatal Error] :1:1: Premature end of file.
2025-03-07 17:47:12,766 [ERROR] LogOutputStream:75 - [STDERR_REDIRECT] 
2025-03-07 17:47:13,734 [ERROR] LogOutputStream:75 - [STDERR_REDIRECT] [Fatal Error] :1:1: Premature end of file.
2025-03-07 17:47:13,734 [ERROR] LogOutputStream:75 - [STDERR_REDIRECT] 
2025-03-07 17:47:14,805 [ERROR] LogOutputStream:75 - [STDERR_REDIRECT] [Fatal Error] :1:1: Premature end of file.
2025-03-07 17:47:14,806 [ERROR] LogOutputStream:75 - [STDERR_REDIRECT] 
2025-03-07 17:47:15,769 [ERROR] LogOutputStream:75 - [STDERR_REDIRECT] [Fatal Error] :1:1: Premature end of file.
2025-03-07 17:47:15,769 [ERROR] LogOutputStream:75 - [STDERR_REDIRECT] 
2025-03-07 17:47:16,778 [ERROR] LogOutputStream:75 - [STDERR_REDIRECT] [Fatal Error] :1:1: Premature end of file.
2025-03-07 17:47:16,779 [ERROR] LogOutputStream:75 - [STDERR_REDIRECT] 
2025-03-07 17:47:17,777 [ERROR] LogOutputStream:75 - [STDERR_REDIRECT] [Fatal Error] :1:1: Premature end of file.
2025-03-07 17:47:17,778 [ERROR] LogOutputStream:75 - [STDERR_REDIRECT] 
2025-03-07 17:47:18,778 [ERROR] LogOutputStream:75 - [STDERR_REDIRECT] [Fatal Error] :1:1: Premature end of file.
2025-03-07 17:47:18,779 [ERROR] LogOutputStream:75 - [STDERR_REDIRECT] 
2025-03-07 17:47:19,790 [ERROR] LogOutputStream:75 - [STDERR_REDIRECT] [Fatal Error] :1:1: Premature end of file.
2025-03-07 17:47:19,791 [ERROR] LogOutputStream:75 - [STDERR_REDIRECT] 
2025-03-07 17:47:20,797 [ERROR] LogOutputStream:75 - [STDERR_REDIRECT] [Fatal Error] :1:1: Premature end of file.
2025-03-07 17:47:20,798 [ERROR] LogOutputStream:75 - [STDERR_REDIRECT] 
2025-03-07 17:47:21,799 [ERROR] LogOutputStream:75 - [STDERR_REDIRECT] [Fatal Error] :1:1: Premature end of file.
2025-03-07 17:47:21,800 [ERROR] LogOutputStream:75 - [STDERR_REDIRECT] 
2025-03-07 17:47:22,809 [ERROR] LogOutputStream:75 - [STDERR_REDIRECT] [Fatal Error] :1:1: Premature end of file.
2025-03-07 17:47:22,810 [ERROR] LogOutputStream:75 - [STDERR_REDIRECT] 
2025-03-07 17:47:23,750 [ERROR] LogOutputStream:75 - [STDERR_REDIRECT] [Fatal Error] :1:1: Premature end of file.
2025-03-07 17:47:23,751 [ERROR] LogOutputStream:75 - [STDERR_REDIRECT] 
2025-03-07 17:47:24,781 [ERROR] LogOutputStream:75 - [STDERR_REDIRECT] [Fatal Error] :1:1: Premature end of file.
2025-03-07 17:47:24,782 [ERROR] LogOutputStream:75 - [STDERR_REDIRECT] 
2025-03-07 17:47:25,781 [ERROR] LogOutputStream:75 - [STDERR_REDIRECT] [Fatal Error] :1:1: Premature end of file.
2025-03-07 17:47:25,781 [ERROR] LogOutputStream:75 - [STDERR_REDIRECT] 
2025-03-07 17:47:26,767 [ERROR] LogOutputStream:75 - [STDERR_REDIRECT] [Fatal Error] :1:1: Premature end of file.
2025-03-07 17:47:26,767 [ERROR] LogOutputStream:75 - [STDERR_REDIRECT] 
2025-03-07 17:47:27,781 [ERROR] LogOutputStream:75 - [STDERR_REDIRECT] [Fatal Error] :1:1: Premature end of file.
2025-03-07 17:47:27,781 [ERROR] LogOutputStream:75 - [STDERR_REDIRECT] 
2025-03-07 17:47:28,778 [ERROR] LogOutputStream:75 - [STDERR_REDIRECT] [Fatal Error] :1:1: Premature end of file.
2025-03-07 17:47:28,778 [ERROR] LogOutputStream:75 - [STDERR_REDIRECT] 
2025-03-07 17:47:29,783 [ERROR] LogOutputStream:75 - [STDERR_REDIRECT] [Fatal Error] :1:1: Premature end of file.
2025-03-07 17:47:29,783 [ERROR] LogOutputStream:75 - [STDERR_REDIRECT] 
2025-03-07 17:47:30,794 [ERROR] LogOutputStream:75 - [STDERR_REDIRECT] [Fatal Error] :1:1: Premature end of file.
2025-03-07 17:47:30,795 [ERROR] LogOutputStream:75 - [STDERR_REDIRECT] 
2025-03-07 17:47:31,777 [ERROR] LogOutputStream:75 - [STDERR_REDIRECT] [Fatal Error] :1:1: Premature end of file.
2025-03-07 17:47:31,778 [ERROR] LogOutputStream:75 - [STDERR_REDIRECT] 
2025-03-07 17:47:32,779 [ERROR] LogOutputStream:75 - [STDERR_REDIRECT] [Fatal Error] :1:1: Premature end of file.
2025-03-07 17:47:32,780 [ERROR] LogOutputStream:75 - [STDERR_REDIRECT] 
2025-03-07 17:47:33,783 [ERROR] LogOutputStream:75 - [STDERR_REDIRECT] [Fatal Error] :1:1: Premature end of file.
2025-03-07 17:47:33,783 [ERROR] LogOutputStream:75 - [STDERR_REDIRECT] 
2025-03-07 17:47:34,777 [ERROR] LogOutputStream:75 - [STDERR_REDIRECT] [Fatal Error] :1:1: Premature end of file.
2025-03-07 17:47:34,777 [ERROR] LogOutputStream:75 - [STDERR_REDIRECT] 
2025-03-07 17:47:35,781 [ERROR] LogOutputStream:75 - [STDERR_REDIRECT] [Fatal Error] :1:1: Premature end of file.
2025-03-07 17:47:35,781 [ERROR] LogOutputStream:75 - [STDERR_REDIRECT] 
2025-03-07 17:47:36,788 [ERROR] LogOutputStream:75 - [STDERR_REDIRECT] [Fatal Error] :1:1: Premature end of file.
2025-03-07 17:47:36,788 [ERROR] LogOutputStream:75 - [STDERR_REDIRECT] 
2025-03-07 17:47:37,780 [ERROR] LogOutputStream:75 - [STDERR_REDIRECT] [Fatal Error] :1:1: Premature end of file.
2025-03-07 17:47:37,781 [ERROR] LogOutputStream:75 - [STDERR_REDIRECT] 
2025-03-07 17:47:38,775 [ERROR] LogOutputStream:75 - [STDERR_REDIRECT] [Fatal Error] :1:1: Premature end of file.
2025-03-07 17:47:38,775 [ERROR] LogOutputStream:75 - [STDERR_REDIRECT] 
2025-03-07 17:47:39,776 [ERROR] LogOutputStream:75 - [STDERR_REDIRECT] [Fatal Error] :1:1: Premature end of file.
2025-03-07 17:47:39,777 [ERROR] LogOutputStream:75 - [STDERR_REDIRECT] 
2025-03-07 17:47:40,770 [ERROR] LogOutputStream:75 - [STDERR_REDIRECT] [Fatal Error] :1:1: Premature end of file.
2025-03-07 17:47:40,771 [ERROR] LogOutputStream:75 - [STDERR_REDIRECT] 
2025-03-07 17:47:41,767 [ERROR] LogOutputStream:75 - [STDERR_REDIRECT] [Fatal Error] :1:1: Premature end of file.
2025-03-07 17:47:41,767 [ERROR] LogOutputStream:75 - [STDERR_REDIRECT] 
2025-03-07 17:47:42,773 [ERROR] LogOutputStream:75 - [STDERR_REDIRECT] [Fatal Error] :1:1: Premature end of file.
2025-03-07 17:47:42,774 [ERROR] LogOutputStream:75 - [STDERR_REDIRECT] 
2025-03-07 17:47:43,783 [ERROR] LogOutputStream:75 - [STDERR_REDIRECT] [Fatal Error] :1:1: Premature end of file.
2025-03-07 17:47:43,784 [ERROR] LogOutputStream:75 - [STDERR_REDIRECT] 
2025-03-07 17:47:44,796 [ERROR] LogOutputStream:75 - [STDERR_REDIRECT] [Fatal Error] :1:1: Premature end of file.
2025-03-07 17:47:44,796 [ERROR] LogOutputStream:75 - [STDERR_REDIRECT] 
2025-03-07 17:47:45,768 [ERROR] LogOutputStream:75 - [STDERR_REDIRECT] [Fatal Error] :1:1: Premature end of file.
2025-03-07 17:47:45,768 [ERROR] LogOutputStream:75 - [STDERR_REDIRECT] 
2025-03-07 17:47:46,773 [ERROR] LogOutputStream:75 - [STDERR_REDIRECT] [Fatal Error] :1:1: Premature end of file.
2025-03-07 17:47:46,773 [ERROR] LogOutputStream:75 - [STDERR_REDIRECT] 
2025-03-07 17:47:47,766 [ERROR] LogOutputStream:75 - [STDERR_REDIRECT] [Fatal Error] :1:1: Premature end of file.
2025-03-07 17:47:47,766 [ERROR] LogOutputStream:75 - [STDERR_REDIRECT] 
2025-03-07 17:47:48,765 [ERROR] LogOutputStream:75 - [STDERR_REDIRECT] [Fatal Error] :1:1: Premature end of file.
2025-03-07 17:47:48,766 [ERROR] LogOutputStream:75 - [STDERR_REDIRECT] 
2025-03-07 17:47:49,780 [ERROR] LogOutputStream:75 - [STDERR_REDIRECT] [Fatal Error] :1:1: Premature end of file.
2025-03-07 17:47:49,781 [ERROR] LogOutputStream:75 - [STDERR_REDIRECT] 
2025-03-07 17:47:50,764 [ERROR] LogOutputStream:75 - [STDERR_REDIRECT] [Fatal Error] :1:1: Premature end of file.
2025-03-07 17:47:50,764 [ERROR] LogOutputStream:75 - [STDERR_REDIRECT] 
2025-03-07 17:47:51,778 [ERROR] LogOutputStream:75 - [STDERR_REDIRECT] [Fatal Error] :1:1: Premature end of file.
2025-03-07 17:47:51,779 [ERROR] LogOutputStream:75 - [STDERR_REDIRECT] 
2025-03-07 17:47:52,782 [ERROR] LogOutputStream:75 - [STDERR_REDIRECT] [Fatal Error] :1:1: Premature end of file.
2025-03-07 17:47:52,782 [ERROR] LogOutputStream:75 - [STDERR_REDIRECT] 
2025-03-07 17:47:53,776 [ERROR] LogOutputStream:75 - [STDERR_REDIRECT] [Fatal Error] :1:1: Premature end of file.
2025-03-07 17:47:53,777 [ERROR] LogOutputStream:75 - [STDERR_REDIRECT] 
2025-03-07 17:47:54,769 [ERROR] LogOutputStream:75 - [STDERR_REDIRECT] [Fatal Error] :1:1: Premature end of file.
2025-03-07 17:47:54,770 [ERROR] LogOutputStream:75 - [STDERR_REDIRECT] 
2025-03-07 17:47:55,782 [ERROR] LogOutputStream:75 - [STDERR_REDIRECT] [Fatal Error] :1:1: Premature end of file.
2025-03-07 17:47:55,783 [ERROR] LogOutputStream:75 - [STDERR_REDIRECT] 
2025-03-07 17:47:56,787 [ERROR] LogOutputStream:75 - [STDERR_REDIRECT] [Fatal Error] :1:1: Premature end of file.
2025-03-07 17:47:56,788 [ERROR] LogOutputStream:75 - [STDERR_REDIRECT] 
2025-03-07 17:47:57,772 [ERROR] LogOutputStream:75 - [STDERR_REDIRECT] [Fatal Error] :1:1: Premature end of file.
2025-03-07 17:47:57,772 [ERROR] LogOutputStream:75 - [STDERR_REDIRECT] 
2025-03-07 17:47:58,777 [ERROR] LogOutputStream:75 - [STDERR_REDIRECT] [Fatal Error] :1:1: Premature end of file.
2025-03-07 17:47:58,777 [ERROR] LogOutputStream:75 - [STDERR_REDIRECT] 
2025-03-07 17:47:59,763 [ERROR] LogOutputStream:75 - [STDERR_REDIRECT] [Fatal Error] :1:1: Premature end of file.
2025-03-07 17:47:59,763 [ERROR] LogOutputStream:75 - [STDERR_REDIRECT] 
2025-03-07 17:48:00,780 [ERROR] LogOutputStream:75 - [STDERR_REDIRECT] [Fatal Error] :1:1: Premature end of file.
2025-03-07 17:48:00,781 [ERROR] LogOutputStream:75 - [STDERR_REDIRECT] 
2025-03-07 17:48:01,775 [ERROR] LogOutputStream:75 - [STDERR_REDIRECT] [Fatal Error] :1:1: Premature end of file.
2025-03-07 17:48:01,776 [ERROR] LogOutputStream:75 - [STDERR_REDIRECT] 
2025-03-07 17:48:02,765 [ERROR] LogOutputStream:75 - [STDERR_REDIRECT] [Fatal Error] :1:1: Premature end of file.
2025-03-07 17:48:02,765 [ERROR] LogOutputStream:75 - [STDERR_REDIRECT] 
2025-03-07 17:48:03,791 [ERROR] LogOutputStream:75 - [STDERR_REDIRECT] [Fatal Error] :1:1: Premature end of file.
2025-03-07 17:48:03,792 [ERROR] LogOutputStream:75 - [STDERR_REDIRECT] 
2025-03-07 17:48:04,770 [ERROR] LogOutputStream:75 - [STDERR_REDIRECT] [Fatal Error] :1:1: Premature end of file.
2025-03-07 17:48:04,770 [ERROR] LogOutputStream:75 - [STDERR_REDIRECT] 
2025-03-07 17:48:05,768 [ERROR] LogOutputStream:75 - [STDERR_REDIRECT] [Fatal Error] :1:1: Premature end of file.
2025-03-07 17:48:05,769 [ERROR] LogOutputStream:75 - [STDERR_REDIRECT] 
2025-03-07 17:48:06,774 [ERROR] LogOutputStream:75 - [STDERR_REDIRECT] [Fatal Error] :1:1: Premature end of file.
2025-03-07 17:48:06,775 [ERROR] LogOutputStream:75 - [STDERR_REDIRECT] 
2025-03-07 17:48:07,761 [ERROR] LogOutputStream:75 - [STDERR_REDIRECT] [Fatal Error] :1:1: Premature end of file.
2025-03-07 17:48:07,761 [ERROR] LogOutputStream:75 - [STDERR_REDIRECT] 
2025-03-07 17:48:08,779 [ERROR] LogOutputStream:75 - [STDERR_REDIRECT] [Fatal Error] :1:1: Premature end of file.
2025-03-07 17:48:08,780 [ERROR] LogOutputStream:75 - [STDERR_REDIRECT] 
2025-03-07 17:48:09,774 [ERROR] LogOutputStream:75 - [STDERR_REDIRECT] [Fatal Error] :1:1: Premature end of file.
2025-03-07 17:48:09,775 [ERROR] LogOutputStream:75 - [STDERR_REDIRECT] 
2025-03-07 17:48:10,784 [ERROR] LogOutputStream:75 - [STDERR_REDIRECT] [Fatal Error] :1:1: Premature end of file.
2025-03-07 17:48:10,785 [ERROR] LogOutputStream:75 - [STDERR_REDIRECT] 
2025-03-07 17:48:11,771 [ERROR] LogOutputStream:75 - [STDERR_REDIRECT] [Fatal Error] :1:1: Premature end of file.
2025-03-07 17:48:11,772 [ERROR] LogOutputStream:75 - [STDERR_REDIRECT] 
2025-03-07 17:48:12,775 [ERROR] LogOutputStream:75 - [STDERR_REDIRECT] [Fatal Error] :1:1: Premature end of file.
2025-03-07 17:48:12,776 [ERROR] LogOutputStream:75 - [STDERR_REDIRECT] 
2025-03-07 17:48:13,754 [ERROR] LogOutputStream:75 - [STDERR_REDIRECT] [Fatal Error] :1:1: Premature end of file.
2025-03-07 17:48:13,754 [ERROR] LogOutputStream:75 - [STDERR_REDIRECT] 
2025-03-07 17:48:14,782 [ERROR] LogOutputStream:75 - [STDERR_REDIRECT] [Fatal Error] :1:1: Premature end of file.
2025-03-07 17:48:14,782 [ERROR] LogOutputStream:75 - [STDERR_REDIRECT] 
2025-03-07 17:48:15,783 [ERROR] LogOutputStream:75 - [STDERR_REDIRECT] [Fatal Error] :1:1: Premature end of file.
2025-03-07 17:48:15,784 [ERROR] LogOutputStream:75 - [STDERR_REDIRECT] 
2025-03-07 17:48:16,805 [ERROR] LogOutputStream:75 - [STDERR_REDIRECT] [Fatal Error] :1:1: Premature end of file.
2025-03-07 17:48:16,805 [ERROR] LogOutputStream:75 - [STDERR_REDIRECT] 
2025-03-07 17:48:17,798 [ERROR] LogOutputStream:75 - [STDERR_REDIRECT] [Fatal Error] :1:1: Premature end of file.
2025-03-07 17:48:17,799 [ERROR] LogOutputStream:75 - [STDERR_REDIRECT] 
2025-03-07 17:48:18,764 [ERROR] LogOutputStream:75 - [STDERR_REDIRECT] [Fatal Error] :1:1: Premature end of file.
2025-03-07 17:48:18,765 [ERROR] LogOutputStream:75 - [STDERR_REDIRECT] 
2025-03-07 17:48:19,777 [ERROR] LogOutputStream:75 - [STDERR_REDIRECT] [Fatal Error] :1:1: Premature end of file.
2025-03-07 17:48:19,778 [ERROR] LogOutputStream:75 - [STDERR_REDIRECT] 
2025-03-07 17:48:20,767 [ERROR] LogOutputStream:75 - [STDERR_REDIRECT] [Fatal Error] :1:1: Premature end of file.
2025-03-07 17:48:20,768 [ERROR] LogOutputStream:75 - [STDERR_REDIRECT] 
2025-03-07 17:48:21,775 [ERROR] LogOutputStream:75 - [STDERR_REDIRECT] [Fatal Error] :1:1: Premature end of file.
2025-03-07 17:48:21,776 [ERROR] LogOutputStream:75 - [STDERR_REDIRECT] 
2025-03-07 17:48:22,791 [ERROR] LogOutputStream:75 - [STDERR_REDIRECT] [Fatal Error] :1:1: Premature end of file.
2025-03-07 17:48:22,792 [ERROR] LogOutputStream:75 - [STDERR_REDIRECT] 
2025-03-07 17:48:23,761 [ERROR] LogOutputStream:75 - [STDERR_REDIRECT] [Fatal Error] :1:1: Premature end of file.
2025-03-07 17:48:23,761 [ERROR] LogOutputStream:75 - [STDERR_REDIRECT] 
2025-03-07 17:48:24,781 [ERROR] LogOutputStream:75 - [STDERR_REDIRECT] [Fatal Error] :1:1: Premature end of file.
2025-03-07 17:48:24,781 [ERROR] LogOutputStream:75 - [STDERR_REDIRECT] 
2025-03-07 17:48:25,754 [ERROR] LogOutputStream:75 - [STDERR_REDIRECT] [Fatal Error] :1:1: Premature end of file.
2025-03-07 17:48:25,754 [ERROR] LogOutputStream:75 - [STDERR_REDIRECT] 
2025-03-07 17:48:26,764 [ERROR] LogOutputStream:75 - [STDERR_REDIRECT] [Fatal Error] :1:1: Premature end of file.
2025-03-07 17:48:26,765 [ERROR] LogOutputStream:75 - [STDERR_REDIRECT] 
2025-03-07 17:48:27,764 [ERROR] LogOutputStream:75 - [STDERR_REDIRECT] [Fatal Error] :1:1: Premature end of file.
2025-03-07 17:48:27,765 [ERROR] LogOutputStream:75 - [STDERR_REDIRECT] 
2025-03-07 17:48:28,759 [ERROR] LogOutputStream:75 - [STDERR_REDIRECT] [Fatal Error] :1:1: Premature end of file.
2025-03-07 17:48:28,760 [ERROR] LogOutputStream:75 - [STDERR_REDIRECT] 
2025-03-07 17:48:29,743 [ERROR] LogOutputStream:75 - [STDERR_REDIRECT] [Fatal Error] :1:1: Premature end of file.
2025-03-07 17:48:29,744 [ERROR] LogOutputStream:75 - [STDERR_REDIRECT] 
2025-03-07 17:48:30,749 [ERROR] LogOutputStream:75 - [STDERR_REDIRECT] [Fatal Error] :1:1: Premature end of file.
2025-03-07 17:48:30,750 [ERROR] LogOutputStream:75 - [STDERR_REDIRECT] 
2025-03-07 17:48:31,781 [ERROR] LogOutputStream:75 - [STDERR_REDIRECT] [Fatal Error] :1:1: Premature end of file.
2025-03-07 17:48:31,782 [ERROR] LogOutputStream:75 - [STDERR_REDIRECT] 
2025-03-07 17:48:32,780 [ERROR] LogOutputStream:75 - [STDERR_REDIRECT] [Fatal Error] :1:1: Premature end of file.
2025-03-07 17:48:32,781 [ERROR] LogOutputStream:75 - [STDERR_REDIRECT] 
2025-03-07 17:48:33,765 [ERROR] LogOutputStream:75 - [STDERR_REDIRECT] [Fatal Error] :1:1: Premature end of file.
2025-03-07 17:48:33,766 [ERROR] LogOutputStream:75 - [STDERR_REDIRECT] 
2025-03-07 17:48:34,771 [ERROR] LogOutputStream:75 - [STDERR_REDIRECT] [Fatal Error] :1:1: Premature end of file.
2025-03-07 17:48:34,772 [ERROR] LogOutputStream:75 - [STDERR_REDIRECT] 
2025-03-07 17:48:35,786 [ERROR] LogOutputStream:75 - [STDERR_REDIRECT] [Fatal Error] :1:1: Premature end of file.
2025-03-07 17:48:35,787 [ERROR] LogOutputStream:75 - [STDERR_REDIRECT] 
2025-03-07 17:48:36,741 [ERROR] LogOutputStream:75 - [STDERR_REDIRECT] [Fatal Error] :1:1: Premature end of file.
2025-03-07 17:48:36,742 [ERROR] LogOutputStream:75 - [STDERR_REDIRECT] 
2025-03-07 17:48:37,727 [ERROR] LogOutputStream:75 - [STDERR_REDIRECT] [Fatal Error] :1:1: Premature end of file.
2025-03-07 17:48:37,727 [ERROR] LogOutputStream:75 - [STDERR_REDIRECT] 
2025-03-07 17:48:38,768 [ERROR] LogOutputStream:75 - [STDERR_REDIRECT] [Fatal Error] :1:1: Premature end of file.
2025-03-07 17:48:38,768 [ERROR] LogOutputStream:75 - [STDERR_REDIRECT] 
2025-03-07 17:48:39,776 [ERROR] LogOutputStream:75 - [STDERR_REDIRECT] [Fatal Error] :1:1: Premature end of file.
2025-03-07 17:48:39,777 [ERROR] LogOutputStream:75 - [STDERR_REDIRECT] 
2025-03-07 17:48:40,777 [ERROR] LogOutputStream:75 - [STDERR_REDIRECT] [Fatal Error] :1:1: Premature end of file.
2025-03-07 17:48:40,778 [ERROR] LogOutputStream:75 - [STDERR_REDIRECT] 
2025-03-07 17:48:41,773 [ERROR] LogOutputStream:75 - [STDERR_REDIRECT] [Fatal Error] :1:1: Premature end of file.
2025-03-07 17:48:41,774 [ERROR] LogOutputStream:75 - [STDERR_REDIRECT] 
2025-03-07 17:48:42,772 [ERROR] LogOutputStream:75 - [STDERR_REDIRECT] [Fatal Error] :1:1: Premature end of file.
2025-03-07 17:48:42,774 [ERROR] LogOutputStream:75 - [STDERR_REDIRECT] 
2025-03-07 17:48:43,804 [ERROR] LogOutputStream:75 - [STDERR_REDIRECT] [Fatal Error] :1:1: Premature end of file.
2025-03-07 17:48:43,804 [ERROR] LogOutputStream:75 - [STDERR_REDIRECT] 
2025-03-07 17:48:44,802 [ERROR] LogOutputStream:75 - [STDERR_REDIRECT] [Fatal Error] :1:1: Premature end of file.
2025-03-07 17:48:44,802 [ERROR] LogOutputStream:75 - [STDERR_REDIRECT] 
2025-03-07 17:48:45,773 [ERROR] LogOutputStream:75 - [STDERR_REDIRECT] [Fatal Error] :1:1: Premature end of file.
2025-03-07 17:48:45,774 [ERROR] LogOutputStream:75 - [STDERR_REDIRECT] 
2025-03-07 17:48:46,764 [ERROR] LogOutputStream:75 - [STDERR_REDIRECT] [Fatal Error] :1:1: Premature end of file.
2025-03-07 17:48:46,765 [ERROR] LogOutputStream:75 - [STDERR_REDIRECT] 
2025-03-07 17:48:47,762 [ERROR] LogOutputStream:75 - [STDERR_REDIRECT] [Fatal Error] :1:1: Premature end of file.
2025-03-07 17:48:47,762 [ERROR] LogOutputStream:75 - [STDERR_REDIRECT] 
2025-03-07 17:48:48,761 [ERROR] LogOutputStream:75 - [STDERR_REDIRECT] [Fatal Error] :1:1: Premature end of file.
2025-03-07 17:48:48,761 [ERROR] LogOutputStream:75 - [STDERR_REDIRECT] 
2025-03-07 17:48:49,780 [ERROR] LogOutputStream:75 - [STDERR_REDIRECT] [Fatal Error] :1:1: Premature end of file.
2025-03-07 17:48:49,781 [ERROR] LogOutputStream:75 - [STDERR_REDIRECT] 
2025-03-07 17:48:50,773 [ERROR] LogOutputStream:75 - [STDERR_REDIRECT] [Fatal Error] :1:1: Premature end of file.
2025-03-07 17:48:50,773 [ERROR] LogOutputStream:75 - [STDERR_REDIRECT] 
2025-03-07 17:48:51,697 [INFO] WebApp:191 - Connection restablished
2025-03-07 17:48:51,778 [ERROR] LogOutputStream:75 - [STDERR_REDIRECT] [Fatal Error] :1:1: Premature end of file.
2025-03-07 17:48:51,779 [ERROR] LogOutputStream:75 - [STDERR_REDIRECT] 
2025-03-07 17:48:52,771 [ERROR] LogOutputStream:75 - [STDERR_REDIRECT] [Fatal Error] :1:1: Premature end of file.
2025-03-07 17:48:52,771 [ERROR] LogOutputStream:75 - [STDERR_REDIRECT] 
2025-03-07 17:48:53,777 [ERROR] LogOutputStream:75 - [STDERR_REDIRECT] [Fatal Error] :1:1: Premature end of file.
2025-03-07 17:48:53,778 [ERROR] LogOutputStream:75 - [STDERR_REDIRECT] 
2025-03-07 17:48:54,773 [ERROR] LogOutputStream:75 - [STDERR_REDIRECT] [Fatal Error] :1:1: Premature end of file.
2025-03-07 17:48:54,774 [ERROR] LogOutputStream:75 - [STDERR_REDIRECT] 
2025-03-07 17:48:55,783 [ERROR] LogOutputStream:75 - [STDERR_REDIRECT] [Fatal Error] :1:1: Premature end of file.
2025-03-07 17:48:55,784 [ERROR] LogOutputStream:75 - [STDERR_REDIRECT] 
2025-03-07 17:48:56,769 [ERROR] LogOutputStream:75 - [STDERR_REDIRECT] [Fatal Error] :1:1: Premature end of file.
2025-03-07 17:48:56,770 [ERROR] LogOutputStream:75 - [STDERR_REDIRECT] 
2025-03-07 17:48:57,765 [ERROR] LogOutputStream:75 - [STDERR_REDIRECT] [Fatal Error] :1:1: Premature end of file.
2025-03-07 17:48:57,766 [ERROR] LogOutputStream:75 - [STDERR_REDIRECT] 
2025-03-07 17:48:58,778 [ERROR] LogOutputStream:75 - [STDERR_REDIRECT] [Fatal Error] :1:1: Premature end of file.
2025-03-07 17:48:58,779 [ERROR] LogOutputStream:75 - [STDERR_REDIRECT] 
2025-03-07 17:48:59,781 [ERROR] LogOutputStream:75 - [STDERR_REDIRECT] [Fatal Error] :1:1: Premature end of file.
2025-03-07 17:48:59,782 [ERROR] LogOutputStream:75 - [STDERR_REDIRECT] 
2025-03-07 17:49:00,774 [ERROR] LogOutputStream:75 - [STDERR_REDIRECT] [Fatal Error] :1:1: Premature end of file.
2025-03-07 17:49:00,775 [ERROR] LogOutputStream:75 - [STDERR_REDIRECT] 
2025-03-07 17:49:01,779 [ERROR] LogOutputStream:75 - [STDERR_REDIRECT] [Fatal Error] :1:1: Premature end of file.
2025-03-07 17:49:01,780 [ERROR] LogOutputStream:75 - [STDERR_REDIRECT] 
2025-03-07 17:49:02,777 [ERROR] LogOutputStream:75 - [STDERR_REDIRECT] [Fatal Error] :1:1: Premature end of file.
2025-03-07 17:49:02,777 [ERROR] LogOutputStream:75 - [STDERR_REDIRECT] 
2025-03-07 17:49:03,785 [ERROR] LogOutputStream:75 - [STDERR_REDIRECT] [Fatal Error] :1:1: Premature end of file.
2025-03-07 17:49:03,786 [ERROR] LogOutputStream:75 - [STDERR_REDIRECT] 
2025-03-07 17:49:04,764 [ERROR] LogOutputStream:75 - [STDERR_REDIRECT] [Fatal Error] :1:1: Premature end of file.
2025-03-07 17:49:04,764 [ERROR] LogOutputStream:75 - [STDERR_REDIRECT] 
2025-03-07 17:49:05,765 [ERROR] LogOutputStream:75 - [STDERR_REDIRECT] [Fatal Error] :1:1: Premature end of file.
2025-03-07 17:49:05,766 [ERROR] LogOutputStream:75 - [STDERR_REDIRECT] 
2025-03-07 17:49:06,768 [ERROR] LogOutputStream:75 - [STDERR_REDIRECT] [Fatal Error] :1:1: Premature end of file.
2025-03-07 17:49:06,769 [ERROR] LogOutputStream:75 - [STDERR_REDIRECT] 
2025-03-07 17:49:07,776 [ERROR] LogOutputStream:75 - [STDERR_REDIRECT] [Fatal Error] :1:1: Premature end of file.
2025-03-07 17:49:07,777 [ERROR] LogOutputStream:75 - [STDERR_REDIRECT] 
2025-03-07 17:49:08,790 [ERROR] LogOutputStream:75 - [STDERR_REDIRECT] [Fatal Error] :1:1: Premature end of file.
2025-03-07 17:49:08,791 [ERROR] LogOutputStream:75 - [STDERR_REDIRECT] 
2025-03-07 17:49:09,776 [ERROR] LogOutputStream:75 - [STDERR_REDIRECT] [Fatal Error] :1:1: Premature end of file.
2025-03-07 17:49:09,776 [ERROR] LogOutputStream:75 - [STDERR_REDIRECT] 
2025-03-07 17:49:10,780 [ERROR] LogOutputStream:75 - [STDERR_REDIRECT] [Fatal Error] :1:1: Premature end of file.
2025-03-07 17:49:10,780 [ERROR] LogOutputStream:75 - [STDERR_REDIRECT] 
2025-03-07 17:49:11,787 [ERROR] LogOutputStream:75 - [STDERR_REDIRECT] [Fatal Error] :1:1: Premature end of file.
2025-03-07 17:49:11,788 [ERROR] LogOutputStream:75 - [STDERR_REDIRECT] 
2025-03-07 17:49:12,774 [ERROR] LogOutputStream:75 - [STDERR_REDIRECT] [Fatal Error] :1:1: Premature end of file.
2025-03-07 17:49:12,775 [ERROR] LogOutputStream:75 - [STDERR_REDIRECT] 
2025-03-07 17:49:13,768 [ERROR] LogOutputStream:75 - [STDERR_REDIRECT] [Fatal Error] :1:1: Premature end of file.
2025-03-07 17:49:13,769 [ERROR] LogOutputStream:75 - [STDERR_REDIRECT] 
2025-03-07 17:49:14,789 [ERROR] LogOutputStream:75 - [STDERR_REDIRECT] [Fatal Error] :1:1: Premature end of file.
2025-03-07 17:49:14,790 [ERROR] LogOutputStream:75 - [STDERR_REDIRECT] 
2025-03-07 17:49:15,790 [ERROR] LogOutputStream:75 - [STDERR_REDIRECT] [Fatal Error] :1:1: Premature end of file.
2025-03-07 17:49:15,790 [ERROR] LogOutputStream:75 - [STDERR_REDIRECT] 
2025-03-07 17:49:16,774 [ERROR] LogOutputStream:75 - [STDERR_REDIRECT] [Fatal Error] :1:1: Premature end of file.
2025-03-07 17:49:16,775 [ERROR] LogOutputStream:75 - [STDERR_REDIRECT] 
2025-03-07 17:49:17,783 [ERROR] LogOutputStream:75 - [STDERR_REDIRECT] [Fatal Error] :1:1: Premature end of file.
2025-03-07 17:49:17,784 [ERROR] LogOutputStream:75 - [STDERR_REDIRECT] 
2025-03-07 17:49:18,798 [ERROR] LogOutputStream:75 - [STDERR_REDIRECT] [Fatal Error] :1:1: Premature end of file.
2025-03-07 17:49:18,799 [ERROR] LogOutputStream:75 - [STDERR_REDIRECT] 
2025-03-07 17:49:19,766 [ERROR] LogOutputStream:75 - [STDERR_REDIRECT] [Fatal Error] :1:1: Premature end of file.
2025-03-07 17:49:19,766 [ERROR] LogOutputStream:75 - [STDERR_REDIRECT] 
2025-03-07 17:49:20,783 [ERROR] LogOutputStream:75 - [STDERR_REDIRECT] [Fatal Error] :1:1: Premature end of file.
2025-03-07 17:49:20,783 [ERROR] LogOutputStream:75 - [STDERR_REDIRECT] 
2025-03-07 17:49:21,807 [ERROR] LogOutputStream:75 - [STDERR_REDIRECT] [Fatal Error] :1:1: Premature end of file.
2025-03-07 17:49:21,808 [ERROR] LogOutputStream:75 - [STDERR_REDIRECT] 
2025-03-07 17:49:22,788 [ERROR] LogOutputStream:75 - [STDERR_REDIRECT] [Fatal Error] :1:1: Premature end of file.
2025-03-07 17:49:22,789 [ERROR] LogOutputStream:75 - [STDERR_REDIRECT] 
2025-03-07 17:49:23,779 [ERROR] LogOutputStream:75 - [STDERR_REDIRECT] [Fatal Error] :1:1: Premature end of file.
2025-03-07 17:49:23,780 [ERROR] LogOutputStream:75 - [STDERR_REDIRECT] 
2025-03-07 17:49:24,783 [ERROR] LogOutputStream:75 - [STDERR_REDIRECT] [Fatal Error] :1:1: Premature end of file.
2025-03-07 17:49:24,784 [ERROR] LogOutputStream:75 - [STDERR_REDIRECT] 
2025-03-07 17:49:25,766 [ERROR] LogOutputStream:75 - [STDERR_REDIRECT] [Fatal Error] :1:1: Premature end of file.
2025-03-07 17:49:25,766 [ERROR] LogOutputStream:75 - [STDERR_REDIRECT] 
2025-03-07 17:49:26,768 [ERROR] LogOutputStream:75 - [STDERR_REDIRECT] [Fatal Error] :1:1: Premature end of file.
2025-03-07 17:49:26,769 [ERROR] LogOutputStream:75 - [STDERR_REDIRECT] 
2025-03-07 17:49:27,790 [ERROR] LogOutputStream:75 - [STDERR_REDIRECT] [Fatal Error] :1:1: Premature end of file.
2025-03-07 17:49:27,791 [ERROR] LogOutputStream:75 - [STDERR_REDIRECT] 
2025-03-07 17:49:28,783 [ERROR] LogOutputStream:75 - [STDERR_REDIRECT] [Fatal Error] :1:1: Premature end of file.
2025-03-07 17:49:28,784 [ERROR] LogOutputStream:75 - [STDERR_REDIRECT] 
2025-03-07 17:49:29,770 [ERROR] LogOutputStream:75 - [STDERR_REDIRECT] [Fatal Error] :1:1: Premature end of file.
2025-03-07 17:49:29,771 [ERROR] LogOutputStream:75 - [STDERR_REDIRECT] 
2025-03-07 17:49:30,793 [ERROR] LogOutputStream:75 - [STDERR_REDIRECT] [Fatal Error] :1:1: Premature end of file.
2025-03-07 17:49:30,793 [ERROR] LogOutputStream:75 - [STDERR_REDIRECT] 
2025-03-07 17:49:31,773 [ERROR] LogOutputStream:75 - [STDERR_REDIRECT] [Fatal Error] :1:1: Premature end of file.
2025-03-07 17:49:31,774 [ERROR] LogOutputStream:75 - [STDERR_REDIRECT] 
2025-03-07 17:49:32,775 [ERROR] LogOutputStream:75 - [STDERR_REDIRECT] [Fatal Error] :1:1: Premature end of file.
2025-03-07 17:49:32,776 [ERROR] LogOutputStream:75 - [STDERR_REDIRECT] 
2025-03-07 17:49:33,782 [ERROR] LogOutputStream:75 - [STDERR_REDIRECT] [Fatal Error] :1:1: Premature end of file.
2025-03-07 17:49:33,782 [ERROR] LogOutputStream:75 - [STDERR_REDIRECT] 
2025-03-07 17:49:34,785 [ERROR] LogOutputStream:75 - [STDERR_REDIRECT] [Fatal Error] :1:1: Premature end of file.
2025-03-07 17:49:34,785 [ERROR] LogOutputStream:75 - [STDERR_REDIRECT] 
2025-03-07 17:49:35,803 [ERROR] LogOutputStream:75 - [STDERR_REDIRECT] [Fatal Error] :1:1: Premature end of file.
2025-03-07 17:49:35,804 [ERROR] LogOutputStream:75 - [STDERR_REDIRECT] 
2025-03-07 17:49:36,760 [ERROR] LogOutputStream:75 - [STDERR_REDIRECT] [Fatal Error] :1:1: Premature end of file.
2025-03-07 17:49:36,760 [ERROR] LogOutputStream:75 - [STDERR_REDIRECT] 
2025-03-07 17:49:37,769 [ERROR] LogOutputStream:75 - [STDERR_REDIRECT] [Fatal Error] :1:1: Premature end of file.
2025-03-07 17:49:37,769 [ERROR] LogOutputStream:75 - [STDERR_REDIRECT] 
2025-03-07 17:49:38,780 [ERROR] LogOutputStream:75 - [STDERR_REDIRECT] [Fatal Error] :1:1: Premature end of file.
2025-03-07 17:49:38,780 [ERROR] LogOutputStream:75 - [STDERR_REDIRECT] 
2025-03-07 17:49:39,770 [ERROR] LogOutputStream:75 - [STDERR_REDIRECT] [Fatal Error] :1:1: Premature end of file.
2025-03-07 17:49:39,771 [ERROR] LogOutputStream:75 - [STDERR_REDIRECT] 
2025-03-07 17:49:40,767 [ERROR] LogOutputStream:75 - [STDERR_REDIRECT] [Fatal Error] :1:1: Premature end of file.
2025-03-07 17:49:40,768 [ERROR] LogOutputStream:75 - [STDERR_REDIRECT] 
2025-03-07 17:49:41,770 [ERROR] LogOutputStream:75 - [STDERR_REDIRECT] [Fatal Error] :1:1: Premature end of file.
2025-03-07 17:49:41,770 [ERROR] LogOutputStream:75 - [STDERR_REDIRECT] 
2025-03-07 17:49:42,752 [ERROR] LogOutputStream:75 - [STDERR_REDIRECT] [Fatal Error] :1:1: Premature end of file.
2025-03-07 17:49:42,752 [ERROR] LogOutputStream:75 - [STDERR_REDIRECT] 
2025-03-07 17:49:43,780 [ERROR] LogOutputStream:75 - [STDERR_REDIRECT] [Fatal Error] :1:1: Premature end of file.
2025-03-07 17:49:43,781 [ERROR] LogOutputStream:75 - [STDERR_REDIRECT] 
2025-03-07 17:49:44,769 [ERROR] LogOutputStream:75 - [STDERR_REDIRECT] [Fatal Error] :1:1: Premature end of file.
2025-03-07 17:49:44,769 [ERROR] LogOutputStream:75 - [STDERR_REDIRECT] 
2025-03-07 17:49:45,763 [ERROR] LogOutputStream:75 - [STDERR_REDIRECT] [Fatal Error] :1:1: Premature end of file.
2025-03-07 17:49:45,763 [ERROR] LogOutputStream:75 - [STDERR_REDIRECT] 
2025-03-07 17:49:46,767 [ERROR] LogOutputStream:75 - [STDERR_REDIRECT] [Fatal Error] :1:1: Premature end of file.
2025-03-07 17:49:46,767 [ERROR] LogOutputStream:75 - [STDERR_REDIRECT] 
2025-03-07 17:49:47,763 [ERROR] LogOutputStream:75 - [STDERR_REDIRECT] [Fatal Error] :1:1: Premature end of file.
2025-03-07 17:49:47,763 [ERROR] LogOutputStream:75 - [STDERR_REDIRECT] 
2025-03-07 17:49:48,765 [ERROR] LogOutputStream:75 - [STDERR_REDIRECT] [Fatal Error] :1:1: Premature end of file.
2025-03-07 17:49:48,765 [ERROR] LogOutputStream:75 - [STDERR_REDIRECT] 
2025-03-07 17:49:49,771 [ERROR] LogOutputStream:75 - [STDERR_REDIRECT] [Fatal Error] :1:1: Premature end of file.
2025-03-07 17:49:49,771 [ERROR] LogOutputStream:75 - [STDERR_REDIRECT] 
2025-03-07 17:49:50,757 [ERROR] LogOutputStream:75 - [STDERR_REDIRECT] [Fatal Error] :1:1: Premature end of file.
2025-03-07 17:49:50,758 [ERROR] LogOutputStream:75 - [STDERR_REDIRECT] 
2025-03-07 17:49:51,765 [ERROR] LogOutputStream:75 - [STDERR_REDIRECT] [Fatal Error] :1:1: Premature end of file.
2025-03-07 17:49:51,765 [ERROR] LogOutputStream:75 - [STDERR_REDIRECT] 
2025-03-07 17:49:52,776 [ERROR] LogOutputStream:75 - [STDERR_REDIRECT] [Fatal Error] :1:1: Premature end of file.
2025-03-07 17:49:52,776 [ERROR] LogOutputStream:75 - [STDERR_REDIRECT] 
2025-03-07 17:49:53,763 [ERROR] LogOutputStream:75 - [STDERR_REDIRECT] [Fatal Error] :1:1: Premature end of file.
2025-03-07 17:49:53,764 [ERROR] LogOutputStream:75 - [STDERR_REDIRECT] 
2025-03-07 17:49:54,753 [ERROR] LogOutputStream:75 - [STDERR_REDIRECT] [Fatal Error] :1:1: Premature end of file.
2025-03-07 17:49:54,753 [ERROR] LogOutputStream:75 - [STDERR_REDIRECT] 
2025-03-07 17:49:55,766 [ERROR] LogOutputStream:75 - [STDERR_REDIRECT] [Fatal Error] :1:1: Premature end of file.
2025-03-07 17:49:55,767 [ERROR] LogOutputStream:75 - [STDERR_REDIRECT] 
2025-03-07 17:49:56,749 [ERROR] LogOutputStream:75 - [STDERR_REDIRECT] [Fatal Error] :1:1: Premature end of file.
2025-03-07 17:49:56,749 [ERROR] LogOutputStream:75 - [STDERR_REDIRECT] 
2025-03-07 17:49:57,768 [ERROR] LogOutputStream:75 - [STDERR_REDIRECT] [Fatal Error] :1:1: Premature end of file.
2025-03-07 17:49:57,768 [ERROR] LogOutputStream:75 - [STDERR_REDIRECT] 
2025-03-07 17:49:58,761 [ERROR] LogOutputStream:75 - [STDERR_REDIRECT] [Fatal Error] :1:1: Premature end of file.
2025-03-07 17:49:58,762 [ERROR] LogOutputStream:75 - [STDERR_REDIRECT] 
2025-03-07 17:49:59,762 [ERROR] LogOutputStream:75 - [STDERR_REDIRECT] [Fatal Error] :1:1: Premature end of file.
2025-03-07 17:49:59,763 [ERROR] LogOutputStream:75 - [STDERR_REDIRECT] 
2025-03-07 17:50:00,766 [ERROR] LogOutputStream:75 - [STDERR_REDIRECT] [Fatal Error] :1:1: Premature end of file.
2025-03-07 17:50:00,766 [ERROR] LogOutputStream:75 - [STDERR_REDIRECT] 
2025-03-07 17:50:01,770 [ERROR] LogOutputStream:75 - [STDERR_REDIRECT] [Fatal Error] :1:1: Premature end of file.
2025-03-07 17:50:01,770 [ERROR] LogOutputStream:75 - [STDERR_REDIRECT] 
2025-03-07 17:50:02,769 [ERROR] LogOutputStream:75 - [STDERR_REDIRECT] [Fatal Error] :1:1: Premature end of file.
2025-03-07 17:50:02,770 [ERROR] LogOutputStream:75 - [STDERR_REDIRECT] 
2025-03-07 17:50:03,774 [ERROR] LogOutputStream:75 - [STDERR_REDIRECT] [Fatal Error] :1:1: Premature end of file.
2025-03-07 17:50:03,775 [ERROR] LogOutputStream:75 - [STDERR_REDIRECT] 
2025-03-07 17:50:04,752 [ERROR] LogOutputStream:75 - [STDERR_REDIRECT] [Fatal Error] :1:1: Premature end of file.
2025-03-07 17:50:04,752 [ERROR] LogOutputStream:75 - [STDERR_REDIRECT] 
2025-03-07 17:50:05,785 [ERROR] LogOutputStream:75 - [STDERR_REDIRECT] [Fatal Error] :1:1: Premature end of file.
2025-03-07 17:50:05,786 [ERROR] LogOutputStream:75 - [STDERR_REDIRECT] 
2025-03-07 17:50:06,773 [ERROR] LogOutputStream:75 - [STDERR_REDIRECT] [Fatal Error] :1:1: Premature end of file.
2025-03-07 17:50:06,774 [ERROR] LogOutputStream:75 - [STDERR_REDIRECT] 
2025-03-07 17:50:07,775 [ERROR] LogOutputStream:75 - [STDERR_REDIRECT] [Fatal Error] :1:1: Premature end of file.
2025-03-07 17:50:07,776 [ERROR] LogOutputStream:75 - [STDERR_REDIRECT] 
2025-03-07 17:50:08,786 [ERROR] LogOutputStream:75 - [STDERR_REDIRECT] [Fatal Error] :1:1: Premature end of file.
2025-03-07 17:50:08,789 [ERROR] LogOutputStream:75 - [STDERR_REDIRECT] 
2025-03-07 17:50:09,750 [ERROR] LogOutputStream:75 - [STDERR_REDIRECT] [Fatal Error] :1:1: Premature end of file.
2025-03-07 17:50:09,751 [ERROR] LogOutputStream:75 - [STDERR_REDIRECT] 
2025-03-07 17:50:10,766 [ERROR] LogOutputStream:75 - [STDERR_REDIRECT] [Fatal Error] :1:1: Premature end of file.
2025-03-07 17:50:10,767 [ERROR] LogOutputStream:75 - [STDERR_REDIRECT] 
2025-03-07 17:50:11,777 [ERROR] LogOutputStream:75 - [STDERR_REDIRECT] [Fatal Error] :1:1: Premature end of file.
2025-03-07 17:50:11,777 [ERROR] LogOutputStream:75 - [STDERR_REDIRECT] 
2025-03-07 17:50:12,771 [ERROR] LogOutputStream:75 - [STDERR_REDIRECT] [Fatal Error] :1:1: Premature end of file.
2025-03-07 17:50:12,771 [ERROR] LogOutputStream:75 - [STDERR_REDIRECT] 
2025-03-07 17:50:13,765 [ERROR] LogOutputStream:75 - [STDERR_REDIRECT] [Fatal Error] :1:1: Premature end of file.
2025-03-07 17:50:13,765 [ERROR] LogOutputStream:75 - [STDERR_REDIRECT] 
2025-03-07 17:50:14,770 [ERROR] LogOutputStream:75 - [STDERR_REDIRECT] [Fatal Error] :1:1: Premature end of file.
2025-03-07 17:50:14,770 [ERROR] LogOutputStream:75 - [STDERR_REDIRECT] 
2025-03-07 17:50:15,767 [ERROR] LogOutputStream:75 - [STDERR_REDIRECT] [Fatal Error] :1:1: Premature end of file.
2025-03-07 17:50:15,768 [ERROR] LogOutputStream:75 - [STDERR_REDIRECT] 
2025-03-07 17:50:16,780 [ERROR] LogOutputStream:75 - [STDERR_REDIRECT] [Fatal Error] :1:1: Premature end of file.
2025-03-07 17:50:16,781 [ERROR] LogOutputStream:75 - [STDERR_REDIRECT] 
2025-03-07 17:50:17,754 [ERROR] LogOutputStream:75 - [STDERR_REDIRECT] [Fatal Error] :1:1: Premature end of file.
2025-03-07 17:50:17,755 [ERROR] LogOutputStream:75 - [STDERR_REDIRECT] 
2025-03-07 17:50:18,771 [ERROR] LogOutputStream:75 - [STDERR_REDIRECT] [Fatal Error] :1:1: Premature end of file.
2025-03-07 17:50:18,772 [ERROR] LogOutputStream:75 - [STDERR_REDIRECT] 
2025-03-07 17:50:19,769 [ERROR] LogOutputStream:75 - [STDERR_REDIRECT] [Fatal Error] :1:1: Premature end of file.
2025-03-07 17:50:19,769 [ERROR] LogOutputStream:75 - [STDERR_REDIRECT] 
2025-03-07 17:50:20,762 [ERROR] LogOutputStream:75 - [STDERR_REDIRECT] [Fatal Error] :1:1: Premature end of file.
2025-03-07 17:50:20,763 [ERROR] LogOutputStream:75 - [STDERR_REDIRECT] 
2025-03-07 17:50:21,761 [ERROR] LogOutputStream:75 - [STDERR_REDIRECT] [Fatal Error] :1:1: Premature end of file.
2025-03-07 17:50:21,762 [ERROR] LogOutputStream:75 - [STDERR_REDIRECT] 
2025-03-07 17:50:22,771 [ERROR] LogOutputStream:75 - [STDERR_REDIRECT] [Fatal Error] :1:1: Premature end of file.
2025-03-07 17:50:22,772 [ERROR] LogOutputStream:75 - [STDERR_REDIRECT] 
2025-03-07 17:50:23,779 [ERROR] LogOutputStream:75 - [STDERR_REDIRECT] [Fatal Error] :1:1: Premature end of file.
2025-03-07 17:50:23,779 [ERROR] LogOutputStream:75 - [STDERR_REDIRECT] 
2025-03-07 17:50:24,772 [ERROR] LogOutputStream:75 - [STDERR_REDIRECT] [Fatal Error] :1:1: Premature end of file.
2025-03-07 17:50:24,773 [ERROR] LogOutputStream:75 - [STDERR_REDIRECT] 
2025-03-07 17:50:25,769 [ERROR] LogOutputStream:75 - [STDERR_REDIRECT] [Fatal Error] :1:1: Premature end of file.
2025-03-07 17:50:25,769 [ERROR] LogOutputStream:75 - [STDERR_REDIRECT] 
2025-03-07 17:50:26,782 [ERROR] LogOutputStream:75 - [STDERR_REDIRECT] [Fatal Error] :1:1: Premature end of file.
2025-03-07 17:50:26,783 [ERROR] LogOutputStream:75 - [STDERR_REDIRECT] 
2025-03-07 17:50:27,786 [ERROR] LogOutputStream:75 - [STDERR_REDIRECT] [Fatal Error] :1:1: Premature end of file.
2025-03-07 17:50:27,787 [ERROR] LogOutputStream:75 - [STDERR_REDIRECT] 
2025-03-07 17:50:28,768 [ERROR] LogOutputStream:75 - [STDERR_REDIRECT] [Fatal Error] :1:1: Premature end of file.
2025-03-07 17:50:28,769 [ERROR] LogOutputStream:75 - [STDERR_REDIRECT] 
2025-03-07 17:50:29,765 [ERROR] LogOutputStream:75 - [STDERR_REDIRECT] [Fatal Error] :1:1: Premature end of file.
2025-03-07 17:50:29,766 [ERROR] LogOutputStream:75 - [STDERR_REDIRECT] 
2025-03-07 17:50:30,778 [ERROR] LogOutputStream:75 - [STDERR_REDIRECT] [Fatal Error] :1:1: Premature end of file.
2025-03-07 17:50:30,779 [ERROR] LogOutputStream:75 - [STDERR_REDIRECT] 
2025-03-07 17:50:31,767 [ERROR] LogOutputStream:75 - [STDERR_REDIRECT] [Fatal Error] :1:1: Premature end of file.
2025-03-07 17:50:31,767 [ERROR] LogOutputStream:75 - [STDERR_REDIRECT] 
2025-03-07 17:50:32,776 [ERROR] LogOutputStream:75 - [STDERR_REDIRECT] [Fatal Error] :1:1: Premature end of file.
2025-03-07 17:50:32,777 [ERROR] LogOutputStream:75 - [STDERR_REDIRECT] 
2025-03-07 17:50:33,768 [ERROR] LogOutputStream:75 - [STDERR_REDIRECT] [Fatal Error] :1:1: Premature end of file.
2025-03-07 17:50:33,768 [ERROR] LogOutputStream:75 - [STDERR_REDIRECT] 
2025-03-07 17:50:34,773 [ERROR] LogOutputStream:75 - [STDERR_REDIRECT] [Fatal Error] :1:1: Premature end of file.
2025-03-07 17:50:34,774 [ERROR] LogOutputStream:75 - [STDERR_REDIRECT] 
2025-03-07 17:50:35,747 [ERROR] LogOutputStream:75 - [STDERR_REDIRECT] [Fatal Error] :1:1: Premature end of file.
2025-03-07 17:50:35,747 [ERROR] LogOutputStream:75 - [STDERR_REDIRECT] 
2025-03-07 17:50:36,801 [ERROR] LogOutputStream:75 - [STDERR_REDIRECT] [Fatal Error] :1:1: Premature end of file.
2025-03-07 17:50:36,802 [ERROR] LogOutputStream:75 - [STDERR_REDIRECT] 
2025-03-07 17:50:37,753 [ERROR] LogOutputStream:75 - [STDERR_REDIRECT] [Fatal Error] :1:1: Premature end of file.
2025-03-07 17:50:37,754 [ERROR] LogOutputStream:75 - [STDERR_REDIRECT] 
2025-03-07 17:50:37,869 [ERROR] LogOutputStream:75 - [STDERR_REDIRECT] 
2025-03-07 17:50:37,871 [ERROR] LogOutputStream:75 - [STDERR_REDIRECT] 
