2025-03-04 09:49:41,831 [INFO] Activator:176 - 


2025-03-04 09:49:41,836 [INFO] Activator:177 - !SESSION log4j initialized
2025-03-04 09:49:47,596 [ERROR] LogOutputStream:75 - [STDERR_REDIRECT] [Fatal Error] :1:1: Premature end of file.
2025-03-04 09:49:47,598 [ERROR] LogOutputStream:75 - [STDERR_REDIRECT] 
2025-03-04 09:49:48,102 [ERROR] LogOutputStream:75 - [STDERR_REDIRECT] [Fatal Error] :1:1: Premature end of file.
2025-03-04 09:49:48,104 [ERROR] LogOutputStream:75 - [STDERR_REDIRECT] 
2025-03-04 09:49:48,760 [INFO] LogOutputStream:77 - [STDOUT_REDIRECT] 
2025-03-04 09:49:49,128 [ERROR] LogOutputStream:75 - [STDERR_REDIRECT] [Fatal Error] :1:1: Premature end of file.
2025-03-04 09:49:49,128 [ERROR] LogOutputStream:75 - [STDERR_REDIRECT] 
2025-03-04 09:49:50,103 [ERROR] LogOutputStream:75 - [STDERR_REDIRECT] [Fatal Error] :1:1: Premature end of file.
2025-03-04 09:49:50,103 [ERROR] LogOutputStream:75 - [STDERR_REDIRECT] 
2025-03-04 09:49:50,169 [INFO] ApplicationProperties:184 - Using Application install path: C:\ST\STM32CubeIDE_1.17.0\STM32CubeIDE\plugins\com.st.stm32cube.common.mx_6.14.0.202502271554
2025-03-04 09:49:50,186 [INFO] DbMcusXml:78 - Set database path to: C:\ST\STM32CubeIDE_1.17.0\STM32CubeIDE\plugins\com.st.stm32cube.common.mx_6.14.0.202502271554\\db\/mcu/
2025-03-04 09:49:50,186 [INFO] ApiDb:274 - Set plugin database path to: C:\ST\STM32CubeIDE_1.17.0\STM32CubeIDE\plugins\com.st.stm32cube.common.mx_6.14.0.202502271554\\db\/plugins/boardmanager/
2025-03-04 09:49:50,186 [WARN] ApiDb:259 - Overriding images path with different value:  => C:\ST\STM32CubeIDE_1.17.0\STM32CubeIDE\plugins\com.st.stm32cube.common.mx_6.14.0.202502271554\\db\/plugins/mcufinder/images/
2025-03-04 09:49:50,192 [INFO] ApiDb:250 - Set database path to: C:\Users\raj\.stmcufinder\plugins\mcufinder//mcu/
2025-03-04 09:49:50,193 [INFO] DbMcusAds:125 - Set database path to: C:\Users\raj\.stmcufinder\plugins\mcufinder//mcu/
2025-03-04 09:49:50,196 [INFO] CrossReferenceDbSqlite:203 - Set database path to: C:\Users\raj\.stmcufinder\plugins\mcufinder//mcu/cs/
2025-03-04 09:49:50,304 [INFO] RulesReader:64 - Compatibility file has been processed (301 Rules)
2025-03-04 09:49:50,384 [INFO] DbMcusXml:78 - Set database path to: C:\ST\STM32CubeIDE_1.17.0\STM32CubeIDE\plugins\com.st.stm32cube.common.mx_6.14.0.202502271554\\db\/mcu/
2025-03-04 09:49:50,385 [INFO] ApiDb:274 - Set plugin database path to: C:\ST\STM32CubeIDE_1.17.0\STM32CubeIDE\plugins\com.st.stm32cube.common.mx_6.14.0.202502271554\\db\/plugins/boardmanager/
2025-03-04 09:49:50,385 [INFO] ApiDb:261 - Set plugin images path to: C:\ST\STM32CubeIDE_1.17.0\STM32CubeIDE\plugins\com.st.stm32cube.common.mx_6.14.0.202502271554\\db\/plugins/mcufinder/images/
2025-03-04 09:49:50,385 [WARN] DbFile:41 - Overriding database path with different value: C:\Users\raj\.stmcufinder\plugins\mcufinder/ => C:\Users\raj\.stmcufinder\plugins\mcufinder
2025-03-04 09:49:50,385 [INFO] ApiDb:250 - Set database path to: C:\Users\raj\.stmcufinder\plugins\mcufinder//mcu/
2025-03-04 09:49:50,385 [WARN] DbFile:41 - Overriding database path with different value: C:\Users\raj\.stmcufinder\plugins\mcufinder/ => C:\Users\raj\.stmcufinder\plugins\mcufinder
2025-03-04 09:49:50,385 [INFO] DbMcusAds:125 - Set database path to: C:\Users\raj\.stmcufinder\plugins\mcufinder//mcu/
2025-03-04 09:49:50,385 [WARN] DbFile:41 - Overriding database path with different value: C:\Users\raj\.stmcufinder\plugins\mcufinder/ => C:\Users\raj\.stmcufinder\plugins\mcufinder
2025-03-04 09:49:50,385 [WARN] DbFile:41 - Overriding database path with different value: C:\Users\raj\.stmcufinder\plugins\mcufinder/ => C:\Users\raj\.stmcufinder\plugins\mcufinder
2025-03-04 09:49:50,385 [INFO] CrossReferenceDbSqlite:203 - Set database path to: C:\Users\raj\.stmcufinder\plugins\mcufinder//mcu/cs/
2025-03-04 09:49:50,455 [INFO] MainPanel:272 - HeapMemory: 268435456
2025-03-04 09:49:50,589 [INFO] DbMcusXml:78 - Set database path to: C:\ST\STM32CubeIDE_1.17.0\STM32CubeIDE\plugins\com.st.stm32cube.common.mx_6.14.0.202502271554\\db\/mcu/
2025-03-04 09:49:50,590 [INFO] ApiDb:274 - Set plugin database path to: C:\ST\STM32CubeIDE_1.17.0\STM32CubeIDE\plugins\com.st.stm32cube.common.mx_6.14.0.202502271554\\db\/plugins/boardmanager/
2025-03-04 09:49:50,590 [INFO] ApiDb:261 - Set plugin images path to: C:\ST\STM32CubeIDE_1.17.0\STM32CubeIDE\plugins\com.st.stm32cube.common.mx_6.14.0.202502271554\\db\/plugins/mcufinder/images/
2025-03-04 09:49:50,590 [WARN] DbFile:41 - Overriding database path with different value: C:\Users\raj\.stmcufinder\plugins\mcufinder/ => C:\Users\raj\.stmcufinder\plugins\mcufinder
2025-03-04 09:49:50,590 [INFO] ApiDb:250 - Set database path to: C:\Users\raj\.stmcufinder\plugins\mcufinder//mcu/
2025-03-04 09:49:50,590 [WARN] DbFile:41 - Overriding database path with different value: C:\Users\raj\.stmcufinder\plugins\mcufinder/ => C:\Users\raj\.stmcufinder\plugins\mcufinder
2025-03-04 09:49:50,590 [INFO] DbMcusAds:125 - Set database path to: C:\Users\raj\.stmcufinder\plugins\mcufinder//mcu/
2025-03-04 09:49:50,590 [WARN] DbFile:41 - Overriding database path with different value: C:\Users\raj\.stmcufinder\plugins\mcufinder/ => C:\Users\raj\.stmcufinder\plugins\mcufinder
2025-03-04 09:49:50,591 [WARN] DbFile:41 - Overriding database path with different value: C:\Users\raj\.stmcufinder\plugins\mcufinder/ => C:\Users\raj\.stmcufinder\plugins\mcufinder
2025-03-04 09:49:50,591 [INFO] CrossReferenceDbSqlite:203 - Set database path to: C:\Users\raj\.stmcufinder\plugins\mcufinder//mcu/cs/
2025-03-04 09:49:50,608 [INFO] ApplicationProperties:184 - Using Application install path: C:\ST\STM32CubeIDE_1.17.0\STM32CubeIDE\plugins\com.st.stm32cube.common.mx_6.14.0.202502271554
2025-03-04 09:49:50,609 [INFO] PluginManage:196 - Search for loadable plugins [exclusion list=, ]
2025-03-04 09:49:50,611 [INFO] PluginManage:310 - Check plugin analytics
2025-03-04 09:49:50,765 [INFO] AnalyticsPlugin:253 - Accepted Software Licenses: 
2025-03-04 09:49:50,766 [INFO] AnalyticsPlugin:255 - Accepted CMSIS Pack Licenses: 
2025-03-04 09:49:50,766 [INFO] AnalyticsPlugin:257 - Accepted Firmware Licenses: FW.L4.1.18.0
2025-03-04 09:49:50,770 [INFO] PluginManage:359 - Loaded plugin analytics (category:tool,tabindex:-1)
2025-03-04 09:49:50,770 [INFO] PluginManage:310 - Check plugin cadmodel
2025-03-04 09:49:50,794 [INFO] CADModel:105 - Init CAD model plugin
2025-03-04 09:49:50,794 [INFO] PluginManage:359 - Loaded plugin cadmodel (category:power,tabindex:5)
2025-03-04 09:49:50,795 [INFO] PluginManage:310 - Check plugin clock
2025-03-04 09:49:50,817 [INFO] PluginManage:359 - Loaded plugin clock (category:base,tabindex:2)
2025-03-04 09:49:50,818 [INFO] PluginManage:310 - Check plugin ddr
2025-03-04 09:49:50,820 [INFO] PluginManage:359 - Loaded plugin ddr (category:tool,tabindex:6)
2025-03-04 09:49:50,820 [INFO] PluginManage:310 - Check plugin filemanager
2025-03-04 09:49:51,020 [INFO] PluginManage:359 - Loaded plugin filemanager (category:base,tabindex:10)
2025-03-04 09:49:51,021 [INFO] PluginManage:310 - Check plugin ipmanager
2025-03-04 09:49:51,030 [INFO] PluginManage:359 - Loaded plugin ipmanager (category:base,tabindex:5)
2025-03-04 09:49:51,031 [INFO] PluginManage:310 - Check plugin lpbam
2025-03-04 09:49:51,055 [INFO] PluginManage:359 - Loaded plugin lpbam (category:base,tabindex:0)
2025-03-04 09:49:51,055 [INFO] PluginManage:310 - Check plugin memorymap
2025-03-04 09:49:51,092 [INFO] PluginManage:359 - Loaded plugin memorymap (category:base,tabindex:4)
2025-03-04 09:49:51,092 [INFO] PluginManage:310 - Check plugin pinoutandconfiguration
2025-03-04 09:49:51,134 [ERROR] LogOutputStream:75 - [STDERR_REDIRECT] [Fatal Error] :1:1: Premature end of file.
2025-03-04 09:49:51,135 [ERROR] LogOutputStream:75 - [STDERR_REDIRECT] 
2025-03-04 09:49:51,142 [INFO] PluginManage:359 - Loaded plugin pinoutandconfiguration (category:base,tabindex:1)
2025-03-04 09:49:51,142 [INFO] PluginManage:310 - Check plugin pinoutconfig
2025-03-04 09:49:51,253 [WARN] SupportedApi:132 - Cannot load RTOS API schema: s4s-elt-must-match.1: The content of 'definitions' must match (annotation?, (simpleType | complexType)?, (unique | key | keyref)*)). A problem was found starting at: attribute.
2025-03-04 09:49:51,473 [INFO] PluginManage:359 - Loaded plugin pinoutconfig (category:base,tabindex:0)
2025-03-04 09:49:51,474 [INFO] PluginManage:310 - Check plugin power
2025-03-04 09:49:51,504 [INFO] PluginManage:359 - Loaded plugin power (category:power,tabindex:4)
2025-03-04 09:49:51,504 [INFO] PluginManage:310 - Check plugin projectmanager
2025-03-04 09:49:51,523 [INFO] PluginManage:359 - Loaded plugin projectmanager (category:projectmanager,tabindex:4)
2025-03-04 09:49:51,523 [INFO] PluginManage:310 - Check plugin rif
2025-03-04 09:49:51,548 [INFO] PluginManage:359 - Loaded plugin rif (category:base,tabindex:3)
2025-03-04 09:49:51,548 [INFO] PluginManage:310 - Check plugin thirdparty
2025-03-04 09:49:51,903 [INFO] PluginManage:359 - Loaded plugin thirdparty (category:base,tabindex:-1)
2025-03-04 09:49:51,903 [INFO] PluginManage:310 - Check plugin tools
2025-03-04 09:49:51,903 [WARN] IntegrityCheckThread:84 - waiting for thirdparty lock release [integrity check]
2025-03-04 09:49:51,904 [INFO] IntegrityCheckThread:86 - entering critical section [integrity check]
2025-03-04 09:49:51,904 [INFO] ThirdPartyUpdaterWithRetryManager:70 - Updater plugin not ready yet. [1/15]
2025-03-04 09:49:51,950 [INFO] PluginManage:359 - Loaded plugin tools (category:base,tabindex:7)
2025-03-04 09:49:51,950 [INFO] PluginManage:310 - Check plugin tutovideos
2025-03-04 09:49:52,114 [ERROR] LogOutputStream:75 - [STDERR_REDIRECT] [Fatal Error] :1:1: Premature end of file.
2025-03-04 09:49:52,115 [ERROR] LogOutputStream:75 - [STDERR_REDIRECT] 
2025-03-04 09:49:52,281 [INFO] PluginManage:359 - Loaded plugin tutovideos (category:base,tabindex:-1)
2025-03-04 09:49:52,282 [INFO] PluginManage:310 - Check plugin updater
2025-03-04 09:49:52,304 [INFO] PluginManage:359 - Loaded plugin updater (category:base,tabindex:12)
2025-03-04 09:49:52,304 [INFO] PluginManage:310 - Check plugin userauth
2025-03-04 09:49:52,309 [INFO] UserAuth:118 - Init User Auth plugin
2025-03-04 09:49:52,310 [INFO] PluginManage:359 - Loaded plugin userauth (category:base,tabindex:14)
2025-03-04 09:49:52,311 [INFO] PluginManage:283 - PluginManage : Loaded plugins [18]
2025-03-04 09:49:52,583 [INFO] PinOutPanel:1589 - setPackage(No Configuration,No Configuration)
2025-03-04 09:49:52,734 [INFO] CADModel:165 - CPN selected for project level
2025-03-04 09:49:52,734 [INFO] CADModel:114 - Register for checkConnection events
2025-03-04 09:49:52,773 [INFO] IPUIPlugin:80 - create IPUIPlugin
2025-03-04 09:49:52,773 [INFO] PluginManager:220 - loadIPPluginJar : add adc
2025-03-04 09:49:52,820 [INFO] IPUIPlugin:80 - create IPUIPlugin
2025-03-04 09:49:52,820 [INFO] PluginManager:220 - loadIPPluginJar : add aes
2025-03-04 09:49:52,883 [INFO] IPUIPlugin:80 - create IPUIPlugin
2025-03-04 09:49:52,883 [INFO] PluginManager:220 - loadIPPluginJar : add can
2025-03-04 09:49:52,912 [INFO] IPUIPlugin:80 - create IPUIPlugin
2025-03-04 09:49:52,912 [INFO] PluginManager:220 - loadIPPluginJar : add comp
2025-03-04 09:49:52,955 [INFO] IPUIPlugin:80 - create IPUIPlugin
2025-03-04 09:49:52,955 [INFO] PluginManager:220 - loadIPPluginJar : add cryp
2025-03-04 09:49:52,976 [INFO] IPUIPlugin:80 - create IPUIPlugin
2025-03-04 09:49:52,976 [INFO] PluginManager:220 - loadIPPluginJar : add ddr_ctrl_phy
2025-03-04 09:49:53,021 [INFO] IPUIPlugin:80 - create IPUIPlugin
2025-03-04 09:49:53,022 [INFO] PluginManager:220 - loadIPPluginJar : add dfsdm
2025-03-04 09:49:53,047 [INFO] IPUIPlugin:80 - create IPUIPlugin
2025-03-04 09:49:53,049 [INFO] PluginManager:220 - loadIPPluginJar : add dma
2025-03-04 09:49:53,142 [ERROR] LogOutputStream:75 - [STDERR_REDIRECT] [Fatal Error] :1:1: Premature end of file.
2025-03-04 09:49:53,143 [ERROR] LogOutputStream:75 - [STDERR_REDIRECT] 
2025-03-04 09:49:53,160 [INFO] IPUIPlugin:80 - create IPUIPlugin
2025-03-04 09:49:53,160 [INFO] PluginManager:220 - loadIPPluginJar : add dma3
2025-03-04 09:49:53,214 [INFO] IPUIPlugin:80 - create IPUIPlugin
2025-03-04 09:49:53,214 [INFO] PluginManager:220 - loadIPPluginJar : add extmemmanager
2025-03-04 09:49:53,243 [INFO] IPUIPlugin:80 - create IPUIPlugin
2025-03-04 09:49:53,243 [INFO] PluginManager:220 - loadIPPluginJar : add fatfs
2025-03-04 09:49:53,293 [INFO] IPUIPlugin:80 - create IPUIPlugin
2025-03-04 09:49:53,293 [INFO] PluginManager:220 - loadIPPluginJar : add fmc
2025-03-04 09:49:53,310 [INFO] IPUIPlugin:80 - create IPUIPlugin
2025-03-04 09:49:53,310 [INFO] PluginManager:220 - loadIPPluginJar : add freertos
2025-03-04 09:49:53,353 [INFO] IPUIPlugin:80 - create IPUIPlugin
2025-03-04 09:49:53,354 [INFO] PluginManager:220 - loadIPPluginJar : add genericplugin
2025-03-04 09:49:53,574 [INFO] IPUIPlugin:80 - create IPUIPlugin
2025-03-04 09:49:53,575 [INFO] PluginManager:220 - loadIPPluginJar : add gfxmmu
2025-03-04 09:49:53,741 [INFO] IPUIPlugin:80 - create IPUIPlugin
2025-03-04 09:49:53,741 [INFO] PluginManager:220 - loadIPPluginJar : add gic
2025-03-04 09:49:53,755 [INFO] IPUIPlugin:80 - create IPUIPlugin
2025-03-04 09:49:53,755 [INFO] PluginManager:220 - loadIPPluginJar : add gpio
2025-03-04 09:49:53,977 [INFO] IPUIPlugin:80 - create IPUIPlugin
2025-03-04 09:49:53,977 [INFO] PluginManager:220 - loadIPPluginJar : add gtzc
2025-03-04 09:49:54,070 [INFO] IPUIPlugin:80 - create IPUIPlugin
2025-03-04 09:49:54,071 [INFO] PluginManager:220 - loadIPPluginJar : add hash
2025-03-04 09:49:54,126 [ERROR] LogOutputStream:75 - [STDERR_REDIRECT] [Fatal Error] :1:1: Premature end of file.
2025-03-04 09:49:54,128 [ERROR] LogOutputStream:75 - [STDERR_REDIRECT] 
2025-03-04 09:49:54,178 [INFO] IPUIPlugin:80 - create IPUIPlugin
2025-03-04 09:49:54,178 [INFO] PluginManager:220 - loadIPPluginJar : add i2c
2025-03-04 09:49:54,244 [INFO] IPUIPlugin:80 - create IPUIPlugin
2025-03-04 09:49:54,244 [INFO] PluginManager:220 - loadIPPluginJar : add i2s
2025-03-04 09:49:54,303 [INFO] IPUIPlugin:80 - create IPUIPlugin
2025-03-04 09:49:54,303 [INFO] PluginManager:220 - loadIPPluginJar : add i3c
2025-03-04 09:49:54,408 [INFO] IPUIPlugin:80 - create IPUIPlugin
2025-03-04 09:49:54,408 [INFO] PluginManager:220 - loadIPPluginJar : add ipddr
2025-03-04 09:49:54,517 [INFO] IPUIPlugin:80 - create IPUIPlugin
2025-03-04 09:49:54,517 [INFO] PluginManager:220 - loadIPPluginJar : add linkedlist
2025-03-04 09:49:54,560 [INFO] IPUIPlugin:80 - create IPUIPlugin
2025-03-04 09:49:54,561 [INFO] PluginManager:220 - loadIPPluginJar : add lorawan
2025-03-04 09:49:54,607 [INFO] IPUIPlugin:80 - create IPUIPlugin
2025-03-04 09:49:54,607 [INFO] PluginManager:220 - loadIPPluginJar : add ltdc
2025-03-04 09:49:54,626 [INFO] IPUIPlugin:80 - create IPUIPlugin
2025-03-04 09:49:54,627 [INFO] PluginManager:220 - loadIPPluginJar : add mdma
2025-03-04 09:49:54,648 [INFO] IPUIPlugin:80 - create IPUIPlugin
2025-03-04 09:49:54,648 [INFO] PluginManager:220 - loadIPPluginJar : add nvic
2025-03-04 09:49:54,699 [INFO] IPUIPlugin:80 - create IPUIPlugin
2025-03-04 09:49:54,699 [INFO] PluginManager:220 - loadIPPluginJar : add opamp
2025-03-04 09:49:54,776 [INFO] IPUIPlugin:80 - create IPUIPlugin
2025-03-04 09:49:54,776 [INFO] PluginManager:220 - loadIPPluginJar : add openamp
2025-03-04 09:49:54,828 [INFO] IPUIPlugin:80 - create IPUIPlugin
2025-03-04 09:49:54,828 [INFO] PluginManager:220 - loadIPPluginJar : add pdm2pcm
2025-03-04 09:49:54,847 [INFO] IPUIPlugin:80 - create IPUIPlugin
2025-03-04 09:49:54,850 [INFO] PluginManager:220 - loadIPPluginJar : add plateformsettings
2025-03-04 09:49:54,880 [INFO] IPUIPlugin:80 - create IPUIPlugin
2025-03-04 09:49:54,880 [INFO] PluginManager:220 - loadIPPluginJar : add quadspi
2025-03-04 09:49:54,905 [INFO] ThirdPartyUpdaterWithRetryManager:70 - Updater plugin not ready yet. [2/15]
2025-03-04 09:49:54,918 [INFO] IPUIPlugin:80 - create IPUIPlugin
2025-03-04 09:49:54,918 [INFO] PluginManager:220 - loadIPPluginJar : add radio
2025-03-04 09:49:54,937 [INFO] IPUIPlugin:80 - create IPUIPlugin
2025-03-04 09:49:54,937 [INFO] PluginManager:220 - loadIPPluginJar : add resmgrutility
2025-03-04 09:49:54,997 [INFO] IPUIPlugin:80 - create IPUIPlugin
2025-03-04 09:49:54,997 [INFO] PluginManager:220 - loadIPPluginJar : add sai
2025-03-04 09:49:55,064 [INFO] IPUIPlugin:80 - create IPUIPlugin
2025-03-04 09:49:55,065 [INFO] PluginManager:220 - loadIPPluginJar : add spi
2025-03-04 09:49:55,138 [ERROR] LogOutputStream:75 - [STDERR_REDIRECT] [Fatal Error] :1:1: Premature end of file.
2025-03-04 09:49:55,138 [ERROR] LogOutputStream:75 - [STDERR_REDIRECT] 
2025-03-04 09:49:55,189 [INFO] IPUIPlugin:80 - create IPUIPlugin
2025-03-04 09:49:55,189 [INFO] PluginManager:220 - loadIPPluginJar : add stm32_wpan
2025-03-04 09:49:55,217 [INFO] IPUIPlugin:80 - create IPUIPlugin
2025-03-04 09:49:55,217 [INFO] PluginManager:220 - loadIPPluginJar : add tim
2025-03-04 09:49:55,311 [INFO] IPUIPlugin:80 - create IPUIPlugin
2025-03-04 09:49:55,311 [INFO] PluginManager:220 - loadIPPluginJar : add touchsensing
2025-03-04 09:49:55,345 [INFO] IPUIPlugin:80 - create IPUIPlugin
2025-03-04 09:49:55,346 [INFO] PluginManager:220 - loadIPPluginJar : add tracer_emb
2025-03-04 09:49:55,375 [INFO] IPUIPlugin:80 - create IPUIPlugin
2025-03-04 09:49:55,375 [INFO] PluginManager:220 - loadIPPluginJar : add ts
2025-03-04 09:49:55,420 [INFO] IPUIPlugin:80 - create IPUIPlugin
2025-03-04 09:49:55,420 [INFO] PluginManager:220 - loadIPPluginJar : add tsc
2025-03-04 09:49:55,470 [INFO] IPUIPlugin:80 - create IPUIPlugin
2025-03-04 09:49:55,471 [INFO] PluginManager:220 - loadIPPluginJar : add ucpd
2025-03-04 09:49:55,546 [INFO] IPUIPlugin:80 - create IPUIPlugin
2025-03-04 09:49:55,546 [INFO] PluginManager:220 - loadIPPluginJar : add usart
2025-03-04 09:49:55,590 [INFO] IPUIPlugin:80 - create IPUIPlugin
2025-03-04 09:49:55,590 [INFO] PluginManager:220 - loadIPPluginJar : add usbx
2025-03-04 09:49:55,708 [FATAL] Updater:351 - Updater called before beeing initialized
2025-03-04 09:49:55,737 [INFO] RulesReader:64 - Compatibility file has been processed (301 Rules)
2025-03-04 09:49:55,744 [INFO] RulesReader:64 - Compatibility file has been processed (301 Rules)
2025-03-04 09:49:55,754 [INFO] CADModel:165 - CPN selected for project level
2025-03-04 09:49:55,754 [INFO] CADModel:114 - Register for checkConnection events
2025-03-04 09:49:55,754 [FATAL] Updater:351 - Updater called before beeing initialized
2025-03-04 09:49:55,754 [ERROR] CADModel:125 - Updater not yet initialized, retry later 
2025-03-04 09:49:55,909 [FATAL] Updater:351 - Updater called before beeing initialized
2025-03-04 09:49:55,911 [INFO] CADModel:165 - CPN selected for project level
2025-03-04 09:49:55,911 [INFO] CADModel:114 - Register for checkConnection events
2025-03-04 09:49:55,911 [FATAL] Updater:351 - Updater called before beeing initialized
2025-03-04 09:49:55,912 [ERROR] CADModel:125 - Updater not yet initialized, retry later 
2025-03-04 09:49:55,940 [FATAL] Updater:351 - Updater called before beeing initialized
2025-03-04 09:49:56,052 [FATAL] Updater:351 - Updater called before beeing initialized
2025-03-04 09:49:56,063 [INFO] DbMcusAds:53 - JSON generation date=Thu Sep 30 08:55:09 CEST 2021 (1632984909247)
2025-03-04 09:49:56,063 [FATAL] Updater:351 - Updater called before beeing initialized
2025-03-04 09:49:56,102 [WARN] DetailPanel:346 - Failed to get advertising image, set to default
2025-03-04 09:49:56,107 [ERROR] LogOutputStream:75 - [STDERR_REDIRECT] [Fatal Error] :1:1: Premature end of file.
2025-03-04 09:49:56,107 [ERROR] LogOutputStream:75 - [STDERR_REDIRECT] 
2025-03-04 09:49:56,256 [FATAL] Updater:351 - Updater called before beeing initialized
2025-03-04 09:49:56,257 [FATAL] Updater:351 - Updater called before beeing initialized
2025-03-04 09:49:56,257 [FATAL] Updater:351 - Updater called before beeing initialized
2025-03-04 09:49:56,257 [WARN] DetailPanel:346 - Failed to get advertising image, set to default
2025-03-04 09:49:56,258 [FATAL] Updater:351 - Updater called before beeing initialized
2025-03-04 09:49:56,310 [ERROR] Updater:1198 - MainUpdater not yet initialized. External WinMGr cannot be set.
2025-03-04 09:49:56,322 [INFO] Updater:1134 - Updater Version found : 6.14.0
2025-03-04 09:49:56,335 [INFO] ApplicationProperties:184 - Using Application install path: C:\ST\STM32CubeIDE_1.17.0\STM32CubeIDE\plugins\com.st.stm32cube.common.mx_6.14.0.202502271554
2025-03-04 09:49:57,130 [ERROR] LogOutputStream:75 - [STDERR_REDIRECT] [Fatal Error] :1:1: Premature end of file.
2025-03-04 09:49:57,130 [ERROR] LogOutputStream:75 - [STDERR_REDIRECT] 
2025-03-04 09:49:57,906 [INFO] ThirdPartyUpdaterWithRetryManager:70 - Updater plugin not ready yet. [3/15]
2025-03-04 09:49:57,916 [ERROR] LogOutputStream:75 - [STDERR_REDIRECT] Mar 04, 2025 9:49:57 AM java.util.prefs.WindowsPreferences <init>
2025-03-04 09:49:57,919 [ERROR] LogOutputStream:75 - [STDERR_REDIRECT] WARNING: Could not open/create prefs root node Software\JavaSoft\Prefs at root 0xffffffff80000002. Windows RegCreateKeyEx(...) returned error code 5.
2025-03-04 09:49:57,919 [ERROR] LogOutputStream:75 - [STDERR_REDIRECT] 
2025-03-04 09:49:58,096 [ERROR] LogOutputStream:75 - [STDERR_REDIRECT] [Fatal Error] :1:1: Premature end of file.
2025-03-04 09:49:58,096 [ERROR] LogOutputStream:75 - [STDERR_REDIRECT] 
2025-03-04 09:49:58,697 [INFO] MainUpdater:2872 - connection check result : 10
2025-03-04 09:49:58,699 [INFO] MainUpdater:289 - Updater Check For Update Now.
2025-03-04 09:49:58,699 [INFO] MicroXplorer:498 - Change Database Version : DB.6.0.140
2025-03-04 09:49:58,737 [INFO] McuFinderGlobals:63 - Set McuFinder mode to 2 (CubeIDE integrated)
2025-03-04 09:49:58,756 [INFO] UserAuth:486 - Internet connection configuration mode: 1
2025-03-04 09:49:58,812 [INFO] JxBrowserEngine:152 - Initiate JxBrowser Engine with user profile folder
2025-03-04 09:49:58,947 [INFO] CheckServerUpdateThread:120 - End of CheckServer Thread
2025-03-04 09:49:59,100 [ERROR] LogOutputStream:75 - [STDERR_REDIRECT] [Fatal Error] :1:1: Premature end of file.
2025-03-04 09:49:59,101 [ERROR] LogOutputStream:75 - [STDERR_REDIRECT] 
2025-03-04 09:49:59,635 [INFO] WebApp:169 - Instantiating new browser for Auth
2025-03-04 09:50:00,116 [ERROR] LogOutputStream:75 - [STDERR_REDIRECT] [Fatal Error] :1:1: Premature end of file.
2025-03-04 09:50:00,116 [ERROR] LogOutputStream:75 - [STDERR_REDIRECT] 
2025-03-04 09:50:00,446 [INFO] WebApp:463 - Apply proxy settings
2025-03-04 09:50:00,446 [INFO] WebApp:548 - Chromium requires no authentication
2025-03-04 09:50:00,457 [INFO] WebApp:491 - Direct internet connection detected
2025-03-04 09:50:00,491 [INFO] WebApp:894 - Register for checkConnection events
2025-03-04 09:50:00,492 [INFO] WebApp:463 - Apply proxy settings
2025-03-04 09:50:00,493 [INFO] WebApp:548 - Chromium requires no authentication
2025-03-04 09:50:00,494 [INFO] WebApp:491 - Direct internet connection detected
2025-03-04 09:50:00,812 [INFO] WebApp:225 - Starting web application
2025-03-04 09:50:00,813 [INFO] WebApp:593 - Web application path used C:\ST\STM32CubeIDE_1.17.0\STM32CubeIDE\plugins\com.st.stm32cube.common.mx_6.14.0.202502271554\db\plugins\mcufinder\reactClient1\index.html
2025-03-04 09:50:00,815 [INFO] WebApp:191 - Connection restablished
2025-03-04 09:50:00,998 [INFO] UserAuth:486 - Internet connection configuration mode: 1
2025-03-04 09:50:01,129 [ERROR] LogOutputStream:75 - [STDERR_REDIRECT] [Fatal Error] :1:1: Premature end of file.
2025-03-04 09:50:01,129 [ERROR] LogOutputStream:75 - [STDERR_REDIRECT] 
2025-03-04 09:50:01,184 [WARN] PackLoader:240 - Cannot read IP mode file for STMicroelectronics.FP-SNS-MOTENVWB1.1.4.0
2025-03-04 09:50:01,208 [WARN] PackLoader:240 - Cannot read IP mode file for STMicroelectronics.FP-ATR-ASTRA1.2.0.2
2025-03-04 09:50:01,226 [WARN] PackLoader:240 - Cannot read IP mode file for STMicroelectronics.FP-ATR-ASTRA1.2.0.1
2025-03-04 09:50:01,251 [WARN] PackLoader:240 - Cannot read IP mode file for STMicroelectronics.X-CUBE-SMBUS.2.1.0
2025-03-04 09:50:01,275 [WARN] PackLoader:240 - Cannot read IP mode file for STMicroelectronics.X-CUBE-WB05N.1.1.0
2025-03-04 09:50:01,326 [WARN] PackLoader:240 - Cannot read IP mode file for STMicroelectronics.X-CUBE-AZRTOS-F7.1.1.0
2025-03-04 09:50:01,389 [WARN] PackLoader:240 - Cannot read IP mode file for STMicroelectronics.X-CUBE-MEMS1.11.0.0
2025-03-04 09:50:01,507 [WARN] PackLoader:240 - Cannot read IP mode file for STMicroelectronics.FP-SNS-FLIGHT1.5.0.2
2025-03-04 09:50:01,542 [WARN] PackLoader:240 - Cannot read IP mode file for Infineon.AIROC-Wi-Fi-Bluetooth-STM32.1.7.0
2025-03-04 09:50:01,572 [WARN] PackLoader:240 - Cannot read IP mode file for STMicroelectronics.X-CUBE-DISPLAY.3.0.0
2025-03-04 09:50:01,595 [WARN] PackLoader:240 - Cannot read IP mode file for STMicroelectronics.X-CUBE-BLE1.7.0.0
2025-03-04 09:50:01,614 [WARN] PackLoader:240 - Cannot read IP mode file for STMicroelectronics.X-CUBE-NFC10.1.0.0
2025-03-04 09:50:01,641 [WARN] PackLoader:240 - Cannot read IP mode file for STMicroelectronics.X-CUBE-BLEMGR.4.0.0
2025-03-04 09:50:01,678 [WARN] PackLoader:240 - Cannot read IP mode file for emotas.I-CUBE-CANOPEN.1.3.0
2025-03-04 09:50:01,729 [WARN] PackLoader:240 - Cannot read IP mode file for STMicroelectronics.X-CUBE-BLEMGR.3.1.0
2025-03-04 09:50:01,753 [WARN] PackLoader:240 - Cannot read IP mode file for STMicroelectronics.X-CUBE-AI.10.0.0
2025-03-04 09:50:01,770 [WARN] PackLoader:240 - Cannot read IP mode file for STMicroelectronics.FP-SNS-SMARTAG2.1.2.0
2025-03-04 09:50:01,812 [WARN] PackLoader:240 - Cannot read IP mode file for STMicroelectronics.X-CUBE-MEMS1.11.1.0
2025-03-04 09:50:01,899 [INFO] LogOutputStream:77 - [STDOUT_REDIRECT] 1 : Invalid condition id : UX_CORESTACK_Condition cause : null
2025-03-04 09:50:01,899 [INFO] LogOutputStream:77 - [STDOUT_REDIRECT] 1 : Invalid condition id : UX_CORESTACK_Condition cause : null
2025-03-04 09:50:01,900 [INFO] LogOutputStream:77 - [STDOUT_REDIRECT] 1 : Invalid condition id : UX_CORESTACK_Condition cause : null
2025-03-04 09:50:01,900 [INFO] LogOutputStream:77 - [STDOUT_REDIRECT] 1 : Invalid condition id : UX_CORESTACK_Condition cause : null
2025-03-04 09:50:01,902 [INFO] LogOutputStream:77 - [STDOUT_REDIRECT] 1 : Invalid condition id : UX_CORESTACK_Condition cause : null
2025-03-04 09:50:01,904 [WARN] PackLoader:240 - Cannot read IP mode file for STMicroelectronics.X-CUBE-AZRTOS-WL.2.0.0
2025-03-04 09:50:01,922 [WARN] PackLoader:240 - Cannot read IP mode file for STMicroelectronics.FP-SNS-MOTENV1.5.0.0
2025-03-04 09:50:01,940 [WARN] PackLoader:240 - Cannot read IP mode file for wolfSSL.I-CUBE-wolfMQTT.1.19.0
2025-03-04 09:50:01,969 [WARN] PackLoader:240 - Cannot read IP mode file for WES.I-CUBE-Cesium.1.3.0
2025-03-04 09:50:01,993 [WARN] PackLoader:240 - Cannot read IP mode file for STMicroelectronics.X-CUBE-BLE2.3.3.0
2025-03-04 09:50:02,017 [WARN] PackLoader:240 - Cannot read IP mode file for STMicroelectronics.X-CUBE-NFC9.1.0.0
2025-03-04 09:50:02,044 [WARN] PackLoader:240 - Cannot read IP mode file for STMicroelectronics.X-CUBE-TCPP.4.1.0
2025-03-04 09:50:02,078 [WARN] PackLoader:240 - Cannot read IP mode file for STMicroelectronics.X-CUBE-AZRTOS-G0.1.1.0
2025-03-04 09:50:02,098 [WARN] PackLoader:240 - Cannot read IP mode file for STMicroelectronics.X-CUBE-SAFEA1.1.2.2
2025-03-04 09:50:02,117 [WARN] PackLoader:240 - Cannot read IP mode file for STMicroelectronics.X-CUBE-NFC4.3.0.0
2025-03-04 09:50:02,118 [ERROR] LogOutputStream:75 - [STDERR_REDIRECT] [Fatal Error] :1:1: Premature end of file.
2025-03-04 09:50:02,119 [ERROR] LogOutputStream:75 - [STDERR_REDIRECT] 
2025-03-04 09:50:02,138 [WARN] PackLoader:240 - Cannot read IP mode file for EmbeddedOffice.I-CUBE-FS-RTOS.1.0.1
2025-03-04 09:50:02,155 [WARN] PackLoader:240 - Cannot read IP mode file for STMicroelectronics.X-CUBE-TCPP.4.2.0
2025-03-04 09:50:02,171 [WARN] PackLoader:240 - Cannot read IP mode file for RealThread.X-CUBE-RT-Thread_Nano.4.1.1
2025-03-04 09:50:02,190 [WARN] PackLoader:240 - Cannot read IP mode file for STMicroelectronics.FP-ATR-SIGFOX1.3.2.0
2025-03-04 09:50:02,206 [WARN] ConditionMgr:438 - getConditionDescription Invalid condition id : Cortex-A Device cause : null
2025-03-04 09:50:02,232 [WARN] ConditionMgr:1044 - genDependencies : Invalid condition id : Cortex-A Device cause : null
2025-03-04 09:50:02,233 [WARN] ConditionMgr:1044 - genDependencies : Invalid condition id : Cortex-A Device cause : null
2025-03-04 09:50:02,233 [WARN] ConditionMgr:1044 - genDependencies : Invalid condition id : Cortex-A Device cause : null
2025-03-04 09:50:02,253 [WARN] PackLoader:240 - Cannot read IP mode file for STMicroelectronics.X-CUBE-EEPRMA1.5.1.0
2025-03-04 09:50:02,267 [WARN] PackLoader:240 - Cannot read IP mode file for wolfSSL.I-CUBE-wolfSSL.5.7.4
2025-03-04 09:50:02,286 [WARN] PackLoader:240 - Cannot read IP mode file for ITTIA_DB.I-CUBE-ITTIADB.8.9.0
2025-03-04 09:50:02,317 [WARN] PackLoader:240 - Cannot read IP mode file for SEGGER.I-CUBE-embOS.1.3.1
2025-03-04 09:50:02,350 [WARN] PackLoader:240 - Cannot read IP mode file for STMicroelectronics.X-CUBE-ALGOBUILD.1.4.0
2025-03-04 09:50:02,365 [WARN] PackLoader:240 - Cannot read IP mode file for STMicroelectronics.X-CUBE-AI.9.1.0
2025-03-04 09:50:02,389 [WARN] PackLoader:240 - Cannot read IP mode file for STMicroelectronics.X-CUBE-AZRTOS-F4.1.1.0
2025-03-04 09:50:02,405 [WARN] PackLoader:240 - Cannot read IP mode file for STMicroelectronics.X-CUBE-ISPU.2.1.0
2025-03-04 09:50:02,424 [WARN] PackLoader:240 - Cannot read IP mode file for STMicroelectronics.X-CUBE-FREERTOS.1.2.0
2025-03-04 09:50:02,451 [WARN] PackLoader:240 - Cannot read IP mode file for STMicroelectronics.X-CUBE-AZRTOS-L5.2.0.0
2025-03-04 09:50:02,472 [WARN] PackLoader:240 - Cannot read IP mode file for STMicroelectronics.X-CUBE-NFC6.3.1.0
2025-03-04 09:50:02,491 [WARN] PackLoader:240 - Cannot read IP mode file for STMicroelectronics.X-CUBE-DPower.1.2.0
2025-03-04 09:50:02,504 [WARN] PackLoader:240 - Cannot read IP mode file for STMicroelectronics.X-CUBE-FREERTOS.1.3.0
2025-03-04 09:50:02,520 [WARN] PackLoader:240 - Cannot read IP mode file for STMicroelectronics.X-CUBE-NFC7.1.0.1
2025-03-04 09:50:02,546 [WARN] ConditionMgr:438 - getConditionDescription Invalid condition id : LAN8742 Phy interface Condition cause : null
2025-03-04 09:50:02,546 [WARN] PackLoader:240 - Cannot read IP mode file for STMicroelectronics.X-CUBE-AZRTOS-L4.2.0.0
2025-03-04 09:50:02,546 [WARN] ConditionMgr:1044 - genDependencies : Invalid condition id : LAN8742 Phy interface Condition cause : null
2025-03-04 09:50:02,547 [WARN] ConditionMgr:1044 - genDependencies : Invalid condition id : LAN8742 Phy interface Condition cause : null
2025-03-04 09:50:02,547 [WARN] ConditionMgr:1044 - genDependencies : Invalid condition id : LAN8742 Phy interface Condition cause : null
2025-03-04 09:50:02,568 [WARN] PackLoader:240 - Cannot read IP mode file for STMicroelectronics.X-CUBE-SFXS2LP1.4.0.0
2025-03-04 09:50:02,593 [WARN] PackLoader:240 - Cannot read IP mode file for STMicroelectronics.X-CUBE-AZRTOS-H7.3.3.0
2025-03-04 09:50:02,627 [WARN] PackLoader:240 - Cannot read IP mode file for STMicroelectronics.X-CUBE-IPS.3.0.0
2025-03-04 09:50:02,662 [WARN] ConditionMgr:438 - getConditionDescription Invalid condition id : UX DEVICE CLASS RTOS Condition cause : null
2025-03-04 09:50:02,663 [WARN] ConditionMgr:438 - getConditionDescription Invalid condition id : UX DEVICE CLASS RTOS Condition cause : null
2025-03-04 09:50:02,664 [WARN] PackLoader:240 - Cannot read IP mode file for STMicroelectronics.X-CUBE-AZRTOS-WB.2.0.0
2025-03-04 09:50:02,665 [WARN] ConditionMgr:1044 - genDependencies : Invalid condition id : UX DEVICE CLASS RTOS Condition cause : null
2025-03-04 09:50:02,665 [WARN] ConditionMgr:1044 - genDependencies : Invalid condition id : UX DEVICE CLASS RTOS Condition cause : null
2025-03-04 09:50:02,665 [WARN] ConditionMgr:1044 - genDependencies : Invalid condition id : UX DEVICE CLASS RTOS Condition cause : null
2025-03-04 09:50:02,665 [WARN] ConditionMgr:1044 - genDependencies : Invalid condition id : UX DEVICE CLASS RTOS Condition cause : null
2025-03-04 09:50:02,665 [WARN] ConditionMgr:1044 - genDependencies : Invalid condition id : UX DEVICE CLASS RTOS Condition cause : null
2025-03-04 09:50:02,687 [WARN] PackLoader:240 - Cannot read IP mode file for STMicroelectronics.X-CUBE-GNSS1.7.0.0
2025-03-04 09:50:02,703 [WARN] PackLoader:240 - Cannot read IP mode file for STMicroelectronics.X-CUBE-GNSS1.7.0.1
2025-03-04 09:50:02,722 [WARN] PackLoader:240 - Cannot read IP mode file for STMicroelectronics.FP-SNS-STBOX1.2.0.0
2025-03-04 09:50:02,742 [WARN] PackLoader:240 - Cannot read IP mode file for STMicroelectronics.X-CUBE-SUBG2.5.0.0
2025-03-04 09:50:02,761 [WARN] PackLoader:240 - Cannot read IP mode file for Cesanta.I-CUBE-Mongoose.7.13.0
2025-03-04 09:50:02,791 [WARN] PackLoader:240 - Cannot read IP mode file for STMicroelectronics.X-CUBE-AZRTOS-G4.2.0.0
2025-03-04 09:50:02,815 [WARN] PackLoader:240 - Cannot read IP mode file for STMicroelectronics.X-CUBE-IPS.3.1.0
2025-03-04 09:50:02,839 [WARN] PackLoader:240 - Cannot read IP mode file for STMicroelectronics.X-CUBE-ALS.1.0.2
2025-03-04 09:50:02,864 [WARN] PackLoader:240 - Cannot read IP mode file for STMicroelectronics.X-CUBE-TOUCHGFX.4.24.2
2025-03-04 09:50:02,883 [WARN] PackLoader:240 - Cannot read IP mode file for STMicroelectronics.X-CUBE-TOUCHGFX.4.24.1
2025-03-04 09:50:02,903 [WARN] PackLoader:240 - Cannot read IP mode file for wolfSSL.I-CUBE-wolfTPM.3.4.0
2025-03-04 09:50:02,919 [WARN] PackLoader:240 - Cannot read IP mode file for portGmbH.I-Cube-SoM-uGOAL.1.1.0
2025-03-04 09:50:02,947 [WARN] PackLoader:240 - Cannot read IP mode file for STMicroelectronics.X-CUBE-AZRTOS-H7RS.1.0.0
2025-03-04 09:50:02,970 [WARN] PackLoader:240 - Cannot read IP mode file for STMicroelectronics.FP-ATR-ASTRA1.2.0.0
2025-03-04 09:50:02,989 [WARN] PackLoader:240 - Cannot read IP mode file for STMicroelectronics.X-CUBE-TOF1.3.4.2
2025-03-04 09:50:03,012 [WARN] PackLoader:240 - Cannot read IP mode file for Infineon.AIROC-Wi-Fi-Bluetooth-STM32.1.6.1
2025-03-04 09:50:03,027 [WARN] PackLoader:240 - Cannot read IP mode file for wolfSSL.I-CUBE-wolfSSH.1.4.17
2025-03-04 09:50:03,027 [INFO] ThirdParty:978 - Integrity check success = true
2025-03-04 09:50:03,028 [INFO] IntegrityCheckThread:100 - exiting critical section [integrity check]
2025-03-04 09:50:03,028 [INFO] IntegrityCheckThread:103 - End integrity checks thread
2025-03-04 09:50:03,164 [ERROR] LogOutputStream:75 - [STDERR_REDIRECT] [Fatal Error] :1:1: Premature end of file.
2025-03-04 09:50:03,164 [ERROR] LogOutputStream:75 - [STDERR_REDIRECT] 
2025-03-04 09:50:04,146 [ERROR] LogOutputStream:75 - [STDERR_REDIRECT] [Fatal Error] :1:1: Premature end of file.
2025-03-04 09:50:04,146 [ERROR] LogOutputStream:75 - [STDERR_REDIRECT] 
2025-03-04 09:50:05,150 [ERROR] LogOutputStream:75 - [STDERR_REDIRECT] [Fatal Error] :1:1: Premature end of file.
2025-03-04 09:50:05,151 [ERROR] LogOutputStream:75 - [STDERR_REDIRECT] 
2025-03-04 09:50:06,143 [ERROR] LogOutputStream:75 - [STDERR_REDIRECT] [Fatal Error] :1:1: Premature end of file.
2025-03-04 09:50:06,143 [ERROR] LogOutputStream:75 - [STDERR_REDIRECT] 
2025-03-04 09:50:07,133 [ERROR] LogOutputStream:75 - [STDERR_REDIRECT] [Fatal Error] :1:1: Premature end of file.
2025-03-04 09:50:07,133 [ERROR] LogOutputStream:75 - [STDERR_REDIRECT] 
2025-03-04 09:50:08,122 [ERROR] LogOutputStream:75 - [STDERR_REDIRECT] [Fatal Error] :1:1: Premature end of file.
2025-03-04 09:50:08,122 [ERROR] LogOutputStream:75 - [STDERR_REDIRECT] 
2025-03-04 09:50:09,127 [ERROR] LogOutputStream:75 - [STDERR_REDIRECT] [Fatal Error] :1:1: Premature end of file.
2025-03-04 09:50:09,127 [ERROR] LogOutputStream:75 - [STDERR_REDIRECT] 
2025-03-04 09:50:10,133 [ERROR] LogOutputStream:75 - [STDERR_REDIRECT] [Fatal Error] :1:1: Premature end of file.
2025-03-04 09:50:10,134 [ERROR] LogOutputStream:75 - [STDERR_REDIRECT] 
2025-03-04 09:50:11,125 [ERROR] LogOutputStream:75 - [STDERR_REDIRECT] [Fatal Error] :1:1: Premature end of file.
2025-03-04 09:50:11,126 [ERROR] LogOutputStream:75 - [STDERR_REDIRECT] 
2025-03-04 09:50:12,127 [ERROR] LogOutputStream:75 - [STDERR_REDIRECT] [Fatal Error] :1:1: Premature end of file.
2025-03-04 09:50:12,128 [ERROR] LogOutputStream:75 - [STDERR_REDIRECT] 
2025-03-04 09:50:13,129 [ERROR] LogOutputStream:75 - [STDERR_REDIRECT] [Fatal Error] :1:1: Premature end of file.
2025-03-04 09:50:13,130 [ERROR] LogOutputStream:75 - [STDERR_REDIRECT] 
2025-03-04 09:50:14,131 [ERROR] LogOutputStream:75 - [STDERR_REDIRECT] [Fatal Error] :1:1: Premature end of file.
2025-03-04 09:50:14,131 [ERROR] LogOutputStream:75 - [STDERR_REDIRECT] 
2025-03-04 09:50:15,129 [ERROR] LogOutputStream:75 - [STDERR_REDIRECT] [Fatal Error] :1:1: Premature end of file.
2025-03-04 09:50:15,130 [ERROR] LogOutputStream:75 - [STDERR_REDIRECT] 
2025-03-04 09:50:16,133 [ERROR] LogOutputStream:75 - [STDERR_REDIRECT] [Fatal Error] :1:1: Premature end of file.
2025-03-04 09:50:16,133 [ERROR] LogOutputStream:75 - [STDERR_REDIRECT] 
2025-03-04 09:50:17,127 [ERROR] LogOutputStream:75 - [STDERR_REDIRECT] [Fatal Error] :1:1: Premature end of file.
2025-03-04 09:50:17,128 [ERROR] LogOutputStream:75 - [STDERR_REDIRECT] 
2025-03-04 09:50:18,124 [ERROR] LogOutputStream:75 - [STDERR_REDIRECT] [Fatal Error] :1:1: Premature end of file.
2025-03-04 09:50:18,125 [ERROR] LogOutputStream:75 - [STDERR_REDIRECT] 
2025-03-04 09:50:19,125 [ERROR] LogOutputStream:75 - [STDERR_REDIRECT] [Fatal Error] :1:1: Premature end of file.
2025-03-04 09:50:19,125 [ERROR] LogOutputStream:75 - [STDERR_REDIRECT] 
2025-03-04 09:50:20,128 [ERROR] LogOutputStream:75 - [STDERR_REDIRECT] [Fatal Error] :1:1: Premature end of file.
2025-03-04 09:50:20,128 [ERROR] LogOutputStream:75 - [STDERR_REDIRECT] 
2025-03-04 09:50:21,112 [ERROR] LogOutputStream:75 - [STDERR_REDIRECT] [Fatal Error] :1:1: Premature end of file.
2025-03-04 09:50:21,113 [ERROR] LogOutputStream:75 - [STDERR_REDIRECT] 
2025-03-04 09:50:22,132 [ERROR] LogOutputStream:75 - [STDERR_REDIRECT] [Fatal Error] :1:1: Premature end of file.
2025-03-04 09:50:22,132 [ERROR] LogOutputStream:75 - [STDERR_REDIRECT] 
2025-03-04 09:50:23,147 [ERROR] LogOutputStream:75 - [STDERR_REDIRECT] [Fatal Error] :1:1: Premature end of file.
2025-03-04 09:50:23,148 [ERROR] LogOutputStream:75 - [STDERR_REDIRECT] 
2025-03-04 09:50:24,124 [ERROR] LogOutputStream:75 - [STDERR_REDIRECT] [Fatal Error] :1:1: Premature end of file.
2025-03-04 09:50:24,124 [ERROR] LogOutputStream:75 - [STDERR_REDIRECT] 
2025-03-04 09:50:25,108 [ERROR] LogOutputStream:75 - [STDERR_REDIRECT] [Fatal Error] :1:1: Premature end of file.
2025-03-04 09:50:25,108 [ERROR] LogOutputStream:75 - [STDERR_REDIRECT] 
2025-03-04 09:50:26,105 [ERROR] LogOutputStream:75 - [STDERR_REDIRECT] [Fatal Error] :1:1: Premature end of file.
2025-03-04 09:50:26,105 [ERROR] LogOutputStream:75 - [STDERR_REDIRECT] 
2025-03-04 09:50:27,099 [ERROR] LogOutputStream:75 - [STDERR_REDIRECT] [Fatal Error] :1:1: Premature end of file.
2025-03-04 09:50:27,099 [ERROR] LogOutputStream:75 - [STDERR_REDIRECT] 
2025-03-04 09:50:28,107 [ERROR] LogOutputStream:75 - [STDERR_REDIRECT] [Fatal Error] :1:1: Premature end of file.
2025-03-04 09:50:28,107 [ERROR] LogOutputStream:75 - [STDERR_REDIRECT] 
2025-03-04 09:50:29,100 [ERROR] LogOutputStream:75 - [STDERR_REDIRECT] [Fatal Error] :1:1: Premature end of file.
2025-03-04 09:50:29,100 [ERROR] LogOutputStream:75 - [STDERR_REDIRECT] 
2025-03-04 09:50:30,123 [ERROR] LogOutputStream:75 - [STDERR_REDIRECT] [Fatal Error] :1:1: Premature end of file.
2025-03-04 09:50:30,123 [ERROR] LogOutputStream:75 - [STDERR_REDIRECT] 
2025-03-04 09:50:31,106 [ERROR] LogOutputStream:75 - [STDERR_REDIRECT] [Fatal Error] :1:1: Premature end of file.
2025-03-04 09:50:31,106 [ERROR] LogOutputStream:75 - [STDERR_REDIRECT] 
2025-03-04 09:50:32,095 [ERROR] LogOutputStream:75 - [STDERR_REDIRECT] [Fatal Error] :1:1: Premature end of file.
2025-03-04 09:50:32,095 [ERROR] LogOutputStream:75 - [STDERR_REDIRECT] 
2025-03-04 09:50:33,102 [ERROR] LogOutputStream:75 - [STDERR_REDIRECT] [Fatal Error] :1:1: Premature end of file.
2025-03-04 09:50:33,102 [ERROR] LogOutputStream:75 - [STDERR_REDIRECT] 
2025-03-04 09:50:34,144 [ERROR] LogOutputStream:75 - [STDERR_REDIRECT] [Fatal Error] :1:1: Premature end of file.
2025-03-04 09:50:34,144 [ERROR] LogOutputStream:75 - [STDERR_REDIRECT] 
2025-03-04 09:50:35,205 [ERROR] LogOutputStream:75 - [STDERR_REDIRECT] [Fatal Error] :1:1: Premature end of file.
2025-03-04 09:50:35,206 [ERROR] LogOutputStream:75 - [STDERR_REDIRECT] 
2025-03-04 09:50:36,109 [ERROR] LogOutputStream:75 - [STDERR_REDIRECT] [Fatal Error] :1:1: Premature end of file.
2025-03-04 09:50:36,109 [ERROR] LogOutputStream:75 - [STDERR_REDIRECT] 
2025-03-04 09:50:37,104 [ERROR] LogOutputStream:75 - [STDERR_REDIRECT] [Fatal Error] :1:1: Premature end of file.
2025-03-04 09:50:37,104 [ERROR] LogOutputStream:75 - [STDERR_REDIRECT] 
2025-03-04 09:50:38,121 [ERROR] LogOutputStream:75 - [STDERR_REDIRECT] [Fatal Error] :1:1: Premature end of file.
2025-03-04 09:50:38,121 [ERROR] LogOutputStream:75 - [STDERR_REDIRECT] 
2025-03-04 09:50:39,127 [ERROR] LogOutputStream:75 - [STDERR_REDIRECT] [Fatal Error] :1:1: Premature end of file.
2025-03-04 09:50:39,127 [ERROR] LogOutputStream:75 - [STDERR_REDIRECT] 
2025-03-04 09:50:40,131 [ERROR] LogOutputStream:75 - [STDERR_REDIRECT] [Fatal Error] :1:1: Premature end of file.
2025-03-04 09:50:40,131 [ERROR] LogOutputStream:75 - [STDERR_REDIRECT] 
2025-03-04 09:50:41,107 [ERROR] LogOutputStream:75 - [STDERR_REDIRECT] [Fatal Error] :1:1: Premature end of file.
2025-03-04 09:50:41,107 [ERROR] LogOutputStream:75 - [STDERR_REDIRECT] 
2025-03-04 09:50:42,109 [ERROR] LogOutputStream:75 - [STDERR_REDIRECT] [Fatal Error] :1:1: Premature end of file.
2025-03-04 09:50:42,109 [ERROR] LogOutputStream:75 - [STDERR_REDIRECT] 
2025-03-04 09:50:43,129 [ERROR] LogOutputStream:75 - [STDERR_REDIRECT] [Fatal Error] :1:1: Premature end of file.
2025-03-04 09:50:43,130 [ERROR] LogOutputStream:75 - [STDERR_REDIRECT] 
2025-03-04 09:50:44,120 [ERROR] LogOutputStream:75 - [STDERR_REDIRECT] [Fatal Error] :1:1: Premature end of file.
2025-03-04 09:50:44,120 [ERROR] LogOutputStream:75 - [STDERR_REDIRECT] 
2025-03-04 09:50:45,118 [ERROR] LogOutputStream:75 - [STDERR_REDIRECT] [Fatal Error] :1:1: Premature end of file.
2025-03-04 09:50:45,118 [ERROR] LogOutputStream:75 - [STDERR_REDIRECT] 
2025-03-04 09:50:46,137 [ERROR] LogOutputStream:75 - [STDERR_REDIRECT] [Fatal Error] :1:1: Premature end of file.
2025-03-04 09:50:46,138 [ERROR] LogOutputStream:75 - [STDERR_REDIRECT] 
2025-03-04 09:50:47,127 [ERROR] LogOutputStream:75 - [STDERR_REDIRECT] [Fatal Error] :1:1: Premature end of file.
2025-03-04 09:50:47,127 [ERROR] LogOutputStream:75 - [STDERR_REDIRECT] 
2025-03-04 09:50:48,114 [ERROR] LogOutputStream:75 - [STDERR_REDIRECT] [Fatal Error] :1:1: Premature end of file.
2025-03-04 09:50:48,114 [ERROR] LogOutputStream:75 - [STDERR_REDIRECT] 
2025-03-04 09:50:49,141 [ERROR] LogOutputStream:75 - [STDERR_REDIRECT] [Fatal Error] :1:1: Premature end of file.
2025-03-04 09:50:49,141 [ERROR] LogOutputStream:75 - [STDERR_REDIRECT] 
2025-03-04 09:50:50,128 [ERROR] LogOutputStream:75 - [STDERR_REDIRECT] [Fatal Error] :1:1: Premature end of file.
2025-03-04 09:50:50,129 [ERROR] LogOutputStream:75 - [STDERR_REDIRECT] 
2025-03-04 09:50:51,132 [ERROR] LogOutputStream:75 - [STDERR_REDIRECT] [Fatal Error] :1:1: Premature end of file.
2025-03-04 09:50:51,133 [ERROR] LogOutputStream:75 - [STDERR_REDIRECT] 
2025-03-04 09:50:52,137 [ERROR] LogOutputStream:75 - [STDERR_REDIRECT] [Fatal Error] :1:1: Premature end of file.
2025-03-04 09:50:52,138 [ERROR] LogOutputStream:75 - [STDERR_REDIRECT] 
2025-03-04 09:50:53,129 [ERROR] LogOutputStream:75 - [STDERR_REDIRECT] [Fatal Error] :1:1: Premature end of file.
2025-03-04 09:50:53,130 [ERROR] LogOutputStream:75 - [STDERR_REDIRECT] 
2025-03-04 09:50:54,135 [ERROR] LogOutputStream:75 - [STDERR_REDIRECT] [Fatal Error] :1:1: Premature end of file.
2025-03-04 09:50:54,135 [ERROR] LogOutputStream:75 - [STDERR_REDIRECT] 
2025-03-04 09:50:55,124 [ERROR] LogOutputStream:75 - [STDERR_REDIRECT] [Fatal Error] :1:1: Premature end of file.
2025-03-04 09:50:55,125 [ERROR] LogOutputStream:75 - [STDERR_REDIRECT] 
2025-03-04 09:50:56,149 [ERROR] LogOutputStream:75 - [STDERR_REDIRECT] [Fatal Error] :1:1: Premature end of file.
2025-03-04 09:50:56,150 [ERROR] LogOutputStream:75 - [STDERR_REDIRECT] 
2025-03-04 09:50:57,142 [ERROR] LogOutputStream:75 - [STDERR_REDIRECT] [Fatal Error] :1:1: Premature end of file.
2025-03-04 09:50:57,142 [ERROR] LogOutputStream:75 - [STDERR_REDIRECT] 
2025-03-04 09:50:58,136 [ERROR] LogOutputStream:75 - [STDERR_REDIRECT] [Fatal Error] :1:1: Premature end of file.
2025-03-04 09:50:58,136 [ERROR] LogOutputStream:75 - [STDERR_REDIRECT] 
2025-03-04 09:50:59,137 [ERROR] LogOutputStream:75 - [STDERR_REDIRECT] [Fatal Error] :1:1: Premature end of file.
2025-03-04 09:50:59,138 [ERROR] LogOutputStream:75 - [STDERR_REDIRECT] 
2025-03-04 09:51:00,126 [ERROR] LogOutputStream:75 - [STDERR_REDIRECT] [Fatal Error] :1:1: Premature end of file.
2025-03-04 09:51:00,126 [ERROR] LogOutputStream:75 - [STDERR_REDIRECT] 
2025-03-04 09:51:01,140 [ERROR] LogOutputStream:75 - [STDERR_REDIRECT] [Fatal Error] :1:1: Premature end of file.
2025-03-04 09:51:01,141 [ERROR] LogOutputStream:75 - [STDERR_REDIRECT] 
2025-03-04 09:51:02,137 [ERROR] LogOutputStream:75 - [STDERR_REDIRECT] [Fatal Error] :1:1: Premature end of file.
2025-03-04 09:51:02,137 [ERROR] LogOutputStream:75 - [STDERR_REDIRECT] 
2025-03-04 09:51:03,139 [ERROR] LogOutputStream:75 - [STDERR_REDIRECT] [Fatal Error] :1:1: Premature end of file.
2025-03-04 09:51:03,140 [ERROR] LogOutputStream:75 - [STDERR_REDIRECT] 
2025-03-04 09:51:04,126 [ERROR] LogOutputStream:75 - [STDERR_REDIRECT] [Fatal Error] :1:1: Premature end of file.
2025-03-04 09:51:04,126 [ERROR] LogOutputStream:75 - [STDERR_REDIRECT] 
2025-03-04 09:51:05,133 [ERROR] LogOutputStream:75 - [STDERR_REDIRECT] [Fatal Error] :1:1: Premature end of file.
2025-03-04 09:51:05,133 [ERROR] LogOutputStream:75 - [STDERR_REDIRECT] 
2025-03-04 09:51:06,132 [ERROR] LogOutputStream:75 - [STDERR_REDIRECT] [Fatal Error] :1:1: Premature end of file.
2025-03-04 09:51:06,132 [ERROR] LogOutputStream:75 - [STDERR_REDIRECT] 
2025-03-04 09:51:07,137 [ERROR] LogOutputStream:75 - [STDERR_REDIRECT] [Fatal Error] :1:1: Premature end of file.
2025-03-04 09:51:07,138 [ERROR] LogOutputStream:75 - [STDERR_REDIRECT] 
2025-03-04 09:51:08,142 [ERROR] LogOutputStream:75 - [STDERR_REDIRECT] [Fatal Error] :1:1: Premature end of file.
2025-03-04 09:51:08,142 [ERROR] LogOutputStream:75 - [STDERR_REDIRECT] 
2025-03-04 09:51:09,139 [ERROR] LogOutputStream:75 - [STDERR_REDIRECT] [Fatal Error] :1:1: Premature end of file.
2025-03-04 09:51:09,139 [ERROR] LogOutputStream:75 - [STDERR_REDIRECT] 
2025-03-04 09:51:10,136 [ERROR] LogOutputStream:75 - [STDERR_REDIRECT] [Fatal Error] :1:1: Premature end of file.
2025-03-04 09:51:10,136 [ERROR] LogOutputStream:75 - [STDERR_REDIRECT] 
2025-03-04 09:51:11,131 [ERROR] LogOutputStream:75 - [STDERR_REDIRECT] [Fatal Error] :1:1: Premature end of file.
2025-03-04 09:51:11,131 [ERROR] LogOutputStream:75 - [STDERR_REDIRECT] 
2025-03-04 09:51:12,138 [ERROR] LogOutputStream:75 - [STDERR_REDIRECT] [Fatal Error] :1:1: Premature end of file.
2025-03-04 09:51:12,138 [ERROR] LogOutputStream:75 - [STDERR_REDIRECT] 
2025-03-04 09:51:13,135 [ERROR] LogOutputStream:75 - [STDERR_REDIRECT] [Fatal Error] :1:1: Premature end of file.
2025-03-04 09:51:13,136 [ERROR] LogOutputStream:75 - [STDERR_REDIRECT] 
2025-03-04 09:51:14,141 [ERROR] LogOutputStream:75 - [STDERR_REDIRECT] [Fatal Error] :1:1: Premature end of file.
2025-03-04 09:51:14,142 [ERROR] LogOutputStream:75 - [STDERR_REDIRECT] 
2025-03-04 09:51:15,135 [ERROR] LogOutputStream:75 - [STDERR_REDIRECT] [Fatal Error] :1:1: Premature end of file.
2025-03-04 09:51:15,136 [ERROR] LogOutputStream:75 - [STDERR_REDIRECT] 
2025-03-04 09:51:16,127 [ERROR] LogOutputStream:75 - [STDERR_REDIRECT] [Fatal Error] :1:1: Premature end of file.
2025-03-04 09:51:16,128 [ERROR] LogOutputStream:75 - [STDERR_REDIRECT] 
2025-03-04 09:51:17,129 [ERROR] LogOutputStream:75 - [STDERR_REDIRECT] [Fatal Error] :1:1: Premature end of file.
2025-03-04 09:51:17,130 [ERROR] LogOutputStream:75 - [STDERR_REDIRECT] 
2025-03-04 09:51:18,140 [ERROR] LogOutputStream:75 - [STDERR_REDIRECT] [Fatal Error] :1:1: Premature end of file.
2025-03-04 09:51:18,140 [ERROR] LogOutputStream:75 - [STDERR_REDIRECT] 
2025-03-04 09:51:19,130 [ERROR] LogOutputStream:75 - [STDERR_REDIRECT] [Fatal Error] :1:1: Premature end of file.
2025-03-04 09:51:19,130 [ERROR] LogOutputStream:75 - [STDERR_REDIRECT] 
2025-03-04 09:51:20,140 [ERROR] LogOutputStream:75 - [STDERR_REDIRECT] [Fatal Error] :1:1: Premature end of file.
2025-03-04 09:51:20,141 [ERROR] LogOutputStream:75 - [STDERR_REDIRECT] 
2025-03-04 09:51:21,129 [ERROR] LogOutputStream:75 - [STDERR_REDIRECT] [Fatal Error] :1:1: Premature end of file.
2025-03-04 09:51:21,129 [ERROR] LogOutputStream:75 - [STDERR_REDIRECT] 
2025-03-04 09:51:22,133 [ERROR] LogOutputStream:75 - [STDERR_REDIRECT] [Fatal Error] :1:1: Premature end of file.
2025-03-04 09:51:22,134 [ERROR] LogOutputStream:75 - [STDERR_REDIRECT] 
2025-03-04 09:51:23,132 [ERROR] LogOutputStream:75 - [STDERR_REDIRECT] [Fatal Error] :1:1: Premature end of file.
2025-03-04 09:51:23,132 [ERROR] LogOutputStream:75 - [STDERR_REDIRECT] 
2025-03-04 09:51:24,135 [ERROR] LogOutputStream:75 - [STDERR_REDIRECT] [Fatal Error] :1:1: Premature end of file.
2025-03-04 09:51:24,136 [ERROR] LogOutputStream:75 - [STDERR_REDIRECT] 
2025-03-04 09:51:25,131 [ERROR] LogOutputStream:75 - [STDERR_REDIRECT] [Fatal Error] :1:1: Premature end of file.
2025-03-04 09:51:25,131 [ERROR] LogOutputStream:75 - [STDERR_REDIRECT] 
2025-03-04 09:51:26,141 [ERROR] LogOutputStream:75 - [STDERR_REDIRECT] [Fatal Error] :1:1: Premature end of file.
2025-03-04 09:51:26,142 [ERROR] LogOutputStream:75 - [STDERR_REDIRECT] 
2025-03-04 09:51:27,137 [ERROR] LogOutputStream:75 - [STDERR_REDIRECT] [Fatal Error] :1:1: Premature end of file.
2025-03-04 09:51:27,137 [ERROR] LogOutputStream:75 - [STDERR_REDIRECT] 
2025-03-04 09:51:28,140 [ERROR] LogOutputStream:75 - [STDERR_REDIRECT] [Fatal Error] :1:1: Premature end of file.
2025-03-04 09:51:28,140 [ERROR] LogOutputStream:75 - [STDERR_REDIRECT] 
2025-03-04 09:51:29,141 [ERROR] LogOutputStream:75 - [STDERR_REDIRECT] [Fatal Error] :1:1: Premature end of file.
2025-03-04 09:51:29,142 [ERROR] LogOutputStream:75 - [STDERR_REDIRECT] 
2025-03-04 09:51:30,163 [ERROR] LogOutputStream:75 - [STDERR_REDIRECT] [Fatal Error] :1:1: Premature end of file.
2025-03-04 09:51:30,164 [ERROR] LogOutputStream:75 - [STDERR_REDIRECT] 
2025-03-04 09:51:31,135 [ERROR] LogOutputStream:75 - [STDERR_REDIRECT] [Fatal Error] :1:1: Premature end of file.
2025-03-04 09:51:31,135 [ERROR] LogOutputStream:75 - [STDERR_REDIRECT] 
2025-03-04 09:51:32,127 [ERROR] LogOutputStream:75 - [STDERR_REDIRECT] [Fatal Error] :1:1: Premature end of file.
2025-03-04 09:51:32,127 [ERROR] LogOutputStream:75 - [STDERR_REDIRECT] 
2025-03-04 09:51:33,138 [ERROR] LogOutputStream:75 - [STDERR_REDIRECT] [Fatal Error] :1:1: Premature end of file.
2025-03-04 09:51:33,139 [ERROR] LogOutputStream:75 - [STDERR_REDIRECT] 
2025-03-04 09:51:34,137 [ERROR] LogOutputStream:75 - [STDERR_REDIRECT] [Fatal Error] :1:1: Premature end of file.
2025-03-04 09:51:34,137 [ERROR] LogOutputStream:75 - [STDERR_REDIRECT] 
2025-03-04 09:51:35,134 [ERROR] LogOutputStream:75 - [STDERR_REDIRECT] [Fatal Error] :1:1: Premature end of file.
2025-03-04 09:51:35,134 [ERROR] LogOutputStream:75 - [STDERR_REDIRECT] 
2025-03-04 09:51:36,133 [ERROR] LogOutputStream:75 - [STDERR_REDIRECT] [Fatal Error] :1:1: Premature end of file.
2025-03-04 09:51:36,133 [ERROR] LogOutputStream:75 - [STDERR_REDIRECT] 
2025-03-04 09:51:37,134 [ERROR] LogOutputStream:75 - [STDERR_REDIRECT] [Fatal Error] :1:1: Premature end of file.
2025-03-04 09:51:37,134 [ERROR] LogOutputStream:75 - [STDERR_REDIRECT] 
2025-03-04 09:51:38,120 [ERROR] LogOutputStream:75 - [STDERR_REDIRECT] [Fatal Error] :1:1: Premature end of file.
2025-03-04 09:51:38,121 [ERROR] LogOutputStream:75 - [STDERR_REDIRECT] 
2025-03-04 09:51:39,137 [ERROR] LogOutputStream:75 - [STDERR_REDIRECT] [Fatal Error] :1:1: Premature end of file.
2025-03-04 09:51:39,137 [ERROR] LogOutputStream:75 - [STDERR_REDIRECT] 
2025-03-04 09:51:40,137 [ERROR] LogOutputStream:75 - [STDERR_REDIRECT] [Fatal Error] :1:1: Premature end of file.
2025-03-04 09:51:40,137 [ERROR] LogOutputStream:75 - [STDERR_REDIRECT] 
2025-03-04 09:51:41,133 [ERROR] LogOutputStream:75 - [STDERR_REDIRECT] [Fatal Error] :1:1: Premature end of file.
2025-03-04 09:51:41,133 [ERROR] LogOutputStream:75 - [STDERR_REDIRECT] 
2025-03-04 09:51:42,132 [ERROR] LogOutputStream:75 - [STDERR_REDIRECT] [Fatal Error] :1:1: Premature end of file.
2025-03-04 09:51:42,133 [ERROR] LogOutputStream:75 - [STDERR_REDIRECT] 
2025-03-04 09:51:43,135 [ERROR] LogOutputStream:75 - [STDERR_REDIRECT] [Fatal Error] :1:1: Premature end of file.
2025-03-04 09:51:43,135 [ERROR] LogOutputStream:75 - [STDERR_REDIRECT] 
2025-03-04 09:51:44,151 [ERROR] LogOutputStream:75 - [STDERR_REDIRECT] [Fatal Error] :1:1: Premature end of file.
2025-03-04 09:51:44,151 [ERROR] LogOutputStream:75 - [STDERR_REDIRECT] 
2025-03-04 09:51:45,133 [ERROR] LogOutputStream:75 - [STDERR_REDIRECT] [Fatal Error] :1:1: Premature end of file.
2025-03-04 09:51:45,134 [ERROR] LogOutputStream:75 - [STDERR_REDIRECT] 
2025-03-04 09:51:46,132 [ERROR] LogOutputStream:75 - [STDERR_REDIRECT] [Fatal Error] :1:1: Premature end of file.
2025-03-04 09:51:46,132 [ERROR] LogOutputStream:75 - [STDERR_REDIRECT] 
2025-03-04 09:51:47,155 [ERROR] LogOutputStream:75 - [STDERR_REDIRECT] [Fatal Error] :1:1: Premature end of file.
2025-03-04 09:51:47,155 [ERROR] LogOutputStream:75 - [STDERR_REDIRECT] 
2025-03-04 09:51:48,147 [ERROR] LogOutputStream:75 - [STDERR_REDIRECT] [Fatal Error] :1:1: Premature end of file.
2025-03-04 09:51:48,147 [ERROR] LogOutputStream:75 - [STDERR_REDIRECT] 
2025-03-04 09:51:49,137 [ERROR] LogOutputStream:75 - [STDERR_REDIRECT] [Fatal Error] :1:1: Premature end of file.
2025-03-04 09:51:49,137 [ERROR] LogOutputStream:75 - [STDERR_REDIRECT] 
2025-03-04 09:51:50,132 [ERROR] LogOutputStream:75 - [STDERR_REDIRECT] [Fatal Error] :1:1: Premature end of file.
2025-03-04 09:51:50,133 [ERROR] LogOutputStream:75 - [STDERR_REDIRECT] 
2025-03-04 09:51:51,133 [ERROR] LogOutputStream:75 - [STDERR_REDIRECT] [Fatal Error] :1:1: Premature end of file.
2025-03-04 09:51:51,133 [ERROR] LogOutputStream:75 - [STDERR_REDIRECT] 
2025-03-04 09:51:52,135 [ERROR] LogOutputStream:75 - [STDERR_REDIRECT] [Fatal Error] :1:1: Premature end of file.
2025-03-04 09:51:52,136 [ERROR] LogOutputStream:75 - [STDERR_REDIRECT] 
2025-03-04 09:51:53,132 [ERROR] LogOutputStream:75 - [STDERR_REDIRECT] [Fatal Error] :1:1: Premature end of file.
2025-03-04 09:51:53,132 [ERROR] LogOutputStream:75 - [STDERR_REDIRECT] 
2025-03-04 09:51:54,133 [ERROR] LogOutputStream:75 - [STDERR_REDIRECT] [Fatal Error] :1:1: Premature end of file.
2025-03-04 09:51:54,134 [ERROR] LogOutputStream:75 - [STDERR_REDIRECT] 
2025-03-04 09:51:55,137 [ERROR] LogOutputStream:75 - [STDERR_REDIRECT] [Fatal Error] :1:1: Premature end of file.
2025-03-04 09:51:55,137 [ERROR] LogOutputStream:75 - [STDERR_REDIRECT] 
2025-03-04 09:51:56,128 [ERROR] LogOutputStream:75 - [STDERR_REDIRECT] [Fatal Error] :1:1: Premature end of file.
2025-03-04 09:51:56,128 [ERROR] LogOutputStream:75 - [STDERR_REDIRECT] 
2025-03-04 09:51:57,134 [ERROR] LogOutputStream:75 - [STDERR_REDIRECT] [Fatal Error] :1:1: Premature end of file.
2025-03-04 09:51:57,134 [ERROR] LogOutputStream:75 - [STDERR_REDIRECT] 
2025-03-04 09:51:58,133 [ERROR] LogOutputStream:75 - [STDERR_REDIRECT] [Fatal Error] :1:1: Premature end of file.
2025-03-04 09:51:58,133 [ERROR] LogOutputStream:75 - [STDERR_REDIRECT] 
2025-03-04 09:51:59,131 [ERROR] LogOutputStream:75 - [STDERR_REDIRECT] [Fatal Error] :1:1: Premature end of file.
2025-03-04 09:51:59,131 [ERROR] LogOutputStream:75 - [STDERR_REDIRECT] 
2025-03-04 09:52:00,137 [ERROR] LogOutputStream:75 - [STDERR_REDIRECT] [Fatal Error] :1:1: Premature end of file.
2025-03-04 09:52:00,137 [ERROR] LogOutputStream:75 - [STDERR_REDIRECT] 
2025-03-04 09:52:01,137 [ERROR] LogOutputStream:75 - [STDERR_REDIRECT] [Fatal Error] :1:1: Premature end of file.
2025-03-04 09:52:01,138 [ERROR] LogOutputStream:75 - [STDERR_REDIRECT] 
2025-03-04 09:52:02,131 [ERROR] LogOutputStream:75 - [STDERR_REDIRECT] [Fatal Error] :1:1: Premature end of file.
2025-03-04 09:52:02,131 [ERROR] LogOutputStream:75 - [STDERR_REDIRECT] 
2025-03-04 09:52:03,134 [ERROR] LogOutputStream:75 - [STDERR_REDIRECT] [Fatal Error] :1:1: Premature end of file.
2025-03-04 09:52:03,134 [ERROR] LogOutputStream:75 - [STDERR_REDIRECT] 
2025-03-04 09:52:04,132 [ERROR] LogOutputStream:75 - [STDERR_REDIRECT] [Fatal Error] :1:1: Premature end of file.
2025-03-04 09:52:04,132 [ERROR] LogOutputStream:75 - [STDERR_REDIRECT] 
2025-03-04 09:52:05,133 [ERROR] LogOutputStream:75 - [STDERR_REDIRECT] [Fatal Error] :1:1: Premature end of file.
2025-03-04 09:52:05,133 [ERROR] LogOutputStream:75 - [STDERR_REDIRECT] 
2025-03-04 09:52:06,138 [ERROR] LogOutputStream:75 - [STDERR_REDIRECT] [Fatal Error] :1:1: Premature end of file.
2025-03-04 09:52:06,139 [ERROR] LogOutputStream:75 - [STDERR_REDIRECT] 
2025-03-04 09:52:07,135 [ERROR] LogOutputStream:75 - [STDERR_REDIRECT] [Fatal Error] :1:1: Premature end of file.
2025-03-04 09:52:07,136 [ERROR] LogOutputStream:75 - [STDERR_REDIRECT] 
2025-03-04 09:52:08,133 [ERROR] LogOutputStream:75 - [STDERR_REDIRECT] [Fatal Error] :1:1: Premature end of file.
2025-03-04 09:52:08,133 [ERROR] LogOutputStream:75 - [STDERR_REDIRECT] 
2025-03-04 09:52:09,138 [ERROR] LogOutputStream:75 - [STDERR_REDIRECT] [Fatal Error] :1:1: Premature end of file.
2025-03-04 09:52:09,139 [ERROR] LogOutputStream:75 - [STDERR_REDIRECT] 
2025-03-04 09:52:10,138 [ERROR] LogOutputStream:75 - [STDERR_REDIRECT] [Fatal Error] :1:1: Premature end of file.
2025-03-04 09:52:10,138 [ERROR] LogOutputStream:75 - [STDERR_REDIRECT] 
2025-03-04 09:52:11,133 [ERROR] LogOutputStream:75 - [STDERR_REDIRECT] [Fatal Error] :1:1: Premature end of file.
2025-03-04 09:52:11,133 [ERROR] LogOutputStream:75 - [STDERR_REDIRECT] 
2025-03-04 09:52:12,136 [ERROR] LogOutputStream:75 - [STDERR_REDIRECT] [Fatal Error] :1:1: Premature end of file.
2025-03-04 09:52:12,137 [ERROR] LogOutputStream:75 - [STDERR_REDIRECT] 
2025-03-04 09:52:13,134 [ERROR] LogOutputStream:75 - [STDERR_REDIRECT] [Fatal Error] :1:1: Premature end of file.
2025-03-04 09:52:13,135 [ERROR] LogOutputStream:75 - [STDERR_REDIRECT] 
2025-03-04 09:52:14,141 [ERROR] LogOutputStream:75 - [STDERR_REDIRECT] [Fatal Error] :1:1: Premature end of file.
2025-03-04 09:52:14,141 [ERROR] LogOutputStream:75 - [STDERR_REDIRECT] 
2025-03-04 09:52:15,133 [ERROR] LogOutputStream:75 - [STDERR_REDIRECT] [Fatal Error] :1:1: Premature end of file.
2025-03-04 09:52:15,133 [ERROR] LogOutputStream:75 - [STDERR_REDIRECT] 
2025-03-04 09:52:16,129 [ERROR] LogOutputStream:75 - [STDERR_REDIRECT] [Fatal Error] :1:1: Premature end of file.
2025-03-04 09:52:16,130 [ERROR] LogOutputStream:75 - [STDERR_REDIRECT] 
2025-03-04 09:52:17,139 [ERROR] LogOutputStream:75 - [STDERR_REDIRECT] [Fatal Error] :1:1: Premature end of file.
2025-03-04 09:52:17,139 [ERROR] LogOutputStream:75 - [STDERR_REDIRECT] 
2025-03-04 09:52:18,139 [ERROR] LogOutputStream:75 - [STDERR_REDIRECT] [Fatal Error] :1:1: Premature end of file.
2025-03-04 09:52:18,139 [ERROR] LogOutputStream:75 - [STDERR_REDIRECT] 
2025-03-04 09:52:19,140 [ERROR] LogOutputStream:75 - [STDERR_REDIRECT] [Fatal Error] :1:1: Premature end of file.
2025-03-04 09:52:19,141 [ERROR] LogOutputStream:75 - [STDERR_REDIRECT] 
2025-03-04 09:52:20,138 [ERROR] LogOutputStream:75 - [STDERR_REDIRECT] [Fatal Error] :1:1: Premature end of file.
2025-03-04 09:52:20,138 [ERROR] LogOutputStream:75 - [STDERR_REDIRECT] 
2025-03-04 09:52:21,132 [ERROR] LogOutputStream:75 - [STDERR_REDIRECT] [Fatal Error] :1:1: Premature end of file.
2025-03-04 09:52:21,132 [ERROR] LogOutputStream:75 - [STDERR_REDIRECT] 
2025-03-04 09:52:22,134 [ERROR] LogOutputStream:75 - [STDERR_REDIRECT] [Fatal Error] :1:1: Premature end of file.
2025-03-04 09:52:22,135 [ERROR] LogOutputStream:75 - [STDERR_REDIRECT] 
2025-03-04 09:52:23,133 [ERROR] LogOutputStream:75 - [STDERR_REDIRECT] [Fatal Error] :1:1: Premature end of file.
2025-03-04 09:52:23,133 [ERROR] LogOutputStream:75 - [STDERR_REDIRECT] 
2025-03-04 09:52:24,140 [ERROR] LogOutputStream:75 - [STDERR_REDIRECT] [Fatal Error] :1:1: Premature end of file.
2025-03-04 09:52:24,140 [ERROR] LogOutputStream:75 - [STDERR_REDIRECT] 
2025-03-04 09:52:25,135 [ERROR] LogOutputStream:75 - [STDERR_REDIRECT] [Fatal Error] :1:1: Premature end of file.
2025-03-04 09:52:25,136 [ERROR] LogOutputStream:75 - [STDERR_REDIRECT] 
2025-03-04 09:52:26,129 [ERROR] LogOutputStream:75 - [STDERR_REDIRECT] [Fatal Error] :1:1: Premature end of file.
2025-03-04 09:52:26,130 [ERROR] LogOutputStream:75 - [STDERR_REDIRECT] 
2025-03-04 09:52:27,136 [ERROR] LogOutputStream:75 - [STDERR_REDIRECT] [Fatal Error] :1:1: Premature end of file.
2025-03-04 09:52:27,137 [ERROR] LogOutputStream:75 - [STDERR_REDIRECT] 
2025-03-04 09:52:28,137 [ERROR] LogOutputStream:75 - [STDERR_REDIRECT] [Fatal Error] :1:1: Premature end of file.
2025-03-04 09:52:28,137 [ERROR] LogOutputStream:75 - [STDERR_REDIRECT] 
2025-03-04 09:52:29,132 [ERROR] LogOutputStream:75 - [STDERR_REDIRECT] [Fatal Error] :1:1: Premature end of file.
2025-03-04 09:52:29,132 [ERROR] LogOutputStream:75 - [STDERR_REDIRECT] 
2025-03-04 09:52:30,140 [ERROR] LogOutputStream:75 - [STDERR_REDIRECT] [Fatal Error] :1:1: Premature end of file.
2025-03-04 09:52:30,140 [ERROR] LogOutputStream:75 - [STDERR_REDIRECT] 
2025-03-04 09:52:31,139 [ERROR] LogOutputStream:75 - [STDERR_REDIRECT] [Fatal Error] :1:1: Premature end of file.
2025-03-04 09:52:31,140 [ERROR] LogOutputStream:75 - [STDERR_REDIRECT] 
2025-03-04 09:52:32,139 [ERROR] LogOutputStream:75 - [STDERR_REDIRECT] [Fatal Error] :1:1: Premature end of file.
2025-03-04 09:52:32,140 [ERROR] LogOutputStream:75 - [STDERR_REDIRECT] 
2025-03-04 09:52:33,139 [ERROR] LogOutputStream:75 - [STDERR_REDIRECT] [Fatal Error] :1:1: Premature end of file.
2025-03-04 09:52:33,140 [ERROR] LogOutputStream:75 - [STDERR_REDIRECT] 
2025-03-04 09:52:34,131 [ERROR] LogOutputStream:75 - [STDERR_REDIRECT] [Fatal Error] :1:1: Premature end of file.
2025-03-04 09:52:34,131 [ERROR] LogOutputStream:75 - [STDERR_REDIRECT] 
2025-03-04 09:52:35,135 [ERROR] LogOutputStream:75 - [STDERR_REDIRECT] [Fatal Error] :1:1: Premature end of file.
2025-03-04 09:52:35,135 [ERROR] LogOutputStream:75 - [STDERR_REDIRECT] 
2025-03-04 09:52:36,133 [ERROR] LogOutputStream:75 - [STDERR_REDIRECT] [Fatal Error] :1:1: Premature end of file.
2025-03-04 09:52:36,133 [ERROR] LogOutputStream:75 - [STDERR_REDIRECT] 
2025-03-04 09:52:37,138 [ERROR] LogOutputStream:75 - [STDERR_REDIRECT] [Fatal Error] :1:1: Premature end of file.
2025-03-04 09:52:37,138 [ERROR] LogOutputStream:75 - [STDERR_REDIRECT] 
2025-03-04 09:52:38,135 [ERROR] LogOutputStream:75 - [STDERR_REDIRECT] [Fatal Error] :1:1: Premature end of file.
2025-03-04 09:52:38,136 [ERROR] LogOutputStream:75 - [STDERR_REDIRECT] 
2025-03-04 09:52:39,122 [ERROR] LogOutputStream:75 - [STDERR_REDIRECT] [Fatal Error] :1:1: Premature end of file.
2025-03-04 09:52:39,123 [ERROR] LogOutputStream:75 - [STDERR_REDIRECT] 
2025-03-04 09:52:40,134 [ERROR] LogOutputStream:75 - [STDERR_REDIRECT] [Fatal Error] :1:1: Premature end of file.
2025-03-04 09:52:40,134 [ERROR] LogOutputStream:75 - [STDERR_REDIRECT] 
2025-03-04 09:52:41,135 [ERROR] LogOutputStream:75 - [STDERR_REDIRECT] [Fatal Error] :1:1: Premature end of file.
2025-03-04 09:52:41,136 [ERROR] LogOutputStream:75 - [STDERR_REDIRECT] 
2025-03-04 09:52:42,127 [ERROR] LogOutputStream:75 - [STDERR_REDIRECT] [Fatal Error] :1:1: Premature end of file.
2025-03-04 09:52:42,127 [ERROR] LogOutputStream:75 - [STDERR_REDIRECT] 
2025-03-04 09:52:43,147 [ERROR] LogOutputStream:75 - [STDERR_REDIRECT] [Fatal Error] :1:1: Premature end of file.
2025-03-04 09:52:43,147 [ERROR] LogOutputStream:75 - [STDERR_REDIRECT] 
2025-03-04 09:52:44,190 [ERROR] LogOutputStream:75 - [STDERR_REDIRECT] [Fatal Error] :1:1: Premature end of file.
2025-03-04 09:52:44,190 [ERROR] LogOutputStream:75 - [STDERR_REDIRECT] 
2025-03-04 09:52:45,136 [ERROR] LogOutputStream:75 - [STDERR_REDIRECT] [Fatal Error] :1:1: Premature end of file.
2025-03-04 09:52:45,136 [ERROR] LogOutputStream:75 - [STDERR_REDIRECT] 
2025-03-04 09:52:46,147 [ERROR] LogOutputStream:75 - [STDERR_REDIRECT] [Fatal Error] :1:1: Premature end of file.
2025-03-04 09:52:46,148 [ERROR] LogOutputStream:75 - [STDERR_REDIRECT] 
2025-03-04 09:52:47,160 [ERROR] LogOutputStream:75 - [STDERR_REDIRECT] [Fatal Error] :1:1: Premature end of file.
2025-03-04 09:52:47,160 [ERROR] LogOutputStream:75 - [STDERR_REDIRECT] 
2025-03-04 09:52:48,127 [ERROR] LogOutputStream:75 - [STDERR_REDIRECT] [Fatal Error] :1:1: Premature end of file.
2025-03-04 09:52:48,127 [ERROR] LogOutputStream:75 - [STDERR_REDIRECT] 
2025-03-04 09:52:49,127 [ERROR] LogOutputStream:75 - [STDERR_REDIRECT] [Fatal Error] :1:1: Premature end of file.
2025-03-04 09:52:49,128 [ERROR] LogOutputStream:75 - [STDERR_REDIRECT] 
2025-03-04 09:52:50,135 [ERROR] LogOutputStream:75 - [STDERR_REDIRECT] [Fatal Error] :1:1: Premature end of file.
2025-03-04 09:52:50,135 [ERROR] LogOutputStream:75 - [STDERR_REDIRECT] 
2025-03-04 09:52:51,132 [ERROR] LogOutputStream:75 - [STDERR_REDIRECT] [Fatal Error] :1:1: Premature end of file.
2025-03-04 09:52:51,133 [ERROR] LogOutputStream:75 - [STDERR_REDIRECT] 
2025-03-04 09:52:52,133 [ERROR] LogOutputStream:75 - [STDERR_REDIRECT] [Fatal Error] :1:1: Premature end of file.
2025-03-04 09:52:52,134 [ERROR] LogOutputStream:75 - [STDERR_REDIRECT] 
2025-03-04 09:52:53,140 [ERROR] LogOutputStream:75 - [STDERR_REDIRECT] [Fatal Error] :1:1: Premature end of file.
2025-03-04 09:52:53,141 [ERROR] LogOutputStream:75 - [STDERR_REDIRECT] 
2025-03-04 09:52:54,122 [ERROR] LogOutputStream:75 - [STDERR_REDIRECT] [Fatal Error] :1:1: Premature end of file.
2025-03-04 09:52:54,123 [ERROR] LogOutputStream:75 - [STDERR_REDIRECT] 
2025-03-04 09:52:55,122 [ERROR] LogOutputStream:75 - [STDERR_REDIRECT] [Fatal Error] :1:1: Premature end of file.
2025-03-04 09:52:55,122 [ERROR] LogOutputStream:75 - [STDERR_REDIRECT] 
2025-03-04 09:52:56,139 [ERROR] LogOutputStream:75 - [STDERR_REDIRECT] [Fatal Error] :1:1: Premature end of file.
2025-03-04 09:52:56,140 [ERROR] LogOutputStream:75 - [STDERR_REDIRECT] 
2025-03-04 09:52:57,143 [ERROR] LogOutputStream:75 - [STDERR_REDIRECT] [Fatal Error] :1:1: Premature end of file.
2025-03-04 09:52:57,143 [ERROR] LogOutputStream:75 - [STDERR_REDIRECT] 
2025-03-04 09:52:58,134 [ERROR] LogOutputStream:75 - [STDERR_REDIRECT] [Fatal Error] :1:1: Premature end of file.
2025-03-04 09:52:58,135 [ERROR] LogOutputStream:75 - [STDERR_REDIRECT] 
2025-03-04 09:52:59,123 [ERROR] LogOutputStream:75 - [STDERR_REDIRECT] [Fatal Error] :1:1: Premature end of file.
2025-03-04 09:52:59,123 [ERROR] LogOutputStream:75 - [STDERR_REDIRECT] 
2025-03-04 09:53:00,153 [ERROR] LogOutputStream:75 - [STDERR_REDIRECT] [Fatal Error] :1:1: Premature end of file.
2025-03-04 09:53:00,154 [ERROR] LogOutputStream:75 - [STDERR_REDIRECT] 
2025-03-04 09:53:01,134 [ERROR] LogOutputStream:75 - [STDERR_REDIRECT] [Fatal Error] :1:1: Premature end of file.
2025-03-04 09:53:01,134 [ERROR] LogOutputStream:75 - [STDERR_REDIRECT] 
2025-03-04 09:53:02,129 [ERROR] LogOutputStream:75 - [STDERR_REDIRECT] [Fatal Error] :1:1: Premature end of file.
2025-03-04 09:53:02,129 [ERROR] LogOutputStream:75 - [STDERR_REDIRECT] 
2025-03-04 09:53:03,129 [ERROR] LogOutputStream:75 - [STDERR_REDIRECT] [Fatal Error] :1:1: Premature end of file.
2025-03-04 09:53:03,129 [ERROR] LogOutputStream:75 - [STDERR_REDIRECT] 
2025-03-04 09:53:04,143 [ERROR] LogOutputStream:75 - [STDERR_REDIRECT] [Fatal Error] :1:1: Premature end of file.
2025-03-04 09:53:04,144 [ERROR] LogOutputStream:75 - [STDERR_REDIRECT] 
2025-03-04 09:53:05,138 [ERROR] LogOutputStream:75 - [STDERR_REDIRECT] [Fatal Error] :1:1: Premature end of file.
2025-03-04 09:53:05,138 [ERROR] LogOutputStream:75 - [STDERR_REDIRECT] 
2025-03-04 09:53:06,132 [ERROR] LogOutputStream:75 - [STDERR_REDIRECT] [Fatal Error] :1:1: Premature end of file.
2025-03-04 09:53:06,133 [ERROR] LogOutputStream:75 - [STDERR_REDIRECT] 
2025-03-04 09:53:07,138 [ERROR] LogOutputStream:75 - [STDERR_REDIRECT] [Fatal Error] :1:1: Premature end of file.
2025-03-04 09:53:07,138 [ERROR] LogOutputStream:75 - [STDERR_REDIRECT] 
2025-03-04 09:53:08,138 [ERROR] LogOutputStream:75 - [STDERR_REDIRECT] [Fatal Error] :1:1: Premature end of file.
2025-03-04 09:53:08,139 [ERROR] LogOutputStream:75 - [STDERR_REDIRECT] 
2025-03-04 09:53:09,137 [ERROR] LogOutputStream:75 - [STDERR_REDIRECT] [Fatal Error] :1:1: Premature end of file.
2025-03-04 09:53:09,137 [ERROR] LogOutputStream:75 - [STDERR_REDIRECT] 
2025-03-04 09:53:10,133 [ERROR] LogOutputStream:75 - [STDERR_REDIRECT] [Fatal Error] :1:1: Premature end of file.
2025-03-04 09:53:10,134 [ERROR] LogOutputStream:75 - [STDERR_REDIRECT] 
2025-03-04 09:53:11,133 [ERROR] LogOutputStream:75 - [STDERR_REDIRECT] [Fatal Error] :1:1: Premature end of file.
2025-03-04 09:53:11,133 [ERROR] LogOutputStream:75 - [STDERR_REDIRECT] 
2025-03-04 09:53:12,133 [ERROR] LogOutputStream:75 - [STDERR_REDIRECT] [Fatal Error] :1:1: Premature end of file.
2025-03-04 09:53:12,133 [ERROR] LogOutputStream:75 - [STDERR_REDIRECT] 
2025-03-04 09:53:13,133 [ERROR] LogOutputStream:75 - [STDERR_REDIRECT] [Fatal Error] :1:1: Premature end of file.
2025-03-04 09:53:13,133 [ERROR] LogOutputStream:75 - [STDERR_REDIRECT] 
2025-03-04 09:53:14,129 [ERROR] LogOutputStream:75 - [STDERR_REDIRECT] [Fatal Error] :1:1: Premature end of file.
2025-03-04 09:53:14,129 [ERROR] LogOutputStream:75 - [STDERR_REDIRECT] 
2025-03-04 09:53:15,133 [ERROR] LogOutputStream:75 - [STDERR_REDIRECT] [Fatal Error] :1:1: Premature end of file.
2025-03-04 09:53:15,133 [ERROR] LogOutputStream:75 - [STDERR_REDIRECT] 
2025-03-04 09:53:16,116 [ERROR] LogOutputStream:75 - [STDERR_REDIRECT] [Fatal Error] :1:1: Premature end of file.
2025-03-04 09:53:16,117 [ERROR] LogOutputStream:75 - [STDERR_REDIRECT] 
2025-03-04 09:53:17,127 [ERROR] LogOutputStream:75 - [STDERR_REDIRECT] [Fatal Error] :1:1: Premature end of file.
2025-03-04 09:53:17,127 [ERROR] LogOutputStream:75 - [STDERR_REDIRECT] 
2025-03-04 09:53:18,138 [ERROR] LogOutputStream:75 - [STDERR_REDIRECT] [Fatal Error] :1:1: Premature end of file.
2025-03-04 09:53:18,138 [ERROR] LogOutputStream:75 - [STDERR_REDIRECT] 
2025-03-04 09:53:19,139 [ERROR] LogOutputStream:75 - [STDERR_REDIRECT] [Fatal Error] :1:1: Premature end of file.
2025-03-04 09:53:19,139 [ERROR] LogOutputStream:75 - [STDERR_REDIRECT] 
2025-03-04 09:53:20,146 [ERROR] LogOutputStream:75 - [STDERR_REDIRECT] [Fatal Error] :1:1: Premature end of file.
2025-03-04 09:53:20,147 [ERROR] LogOutputStream:75 - [STDERR_REDIRECT] 
2025-03-04 09:53:21,132 [ERROR] LogOutputStream:75 - [STDERR_REDIRECT] [Fatal Error] :1:1: Premature end of file.
2025-03-04 09:53:21,133 [ERROR] LogOutputStream:75 - [STDERR_REDIRECT] 
2025-03-04 09:53:22,134 [ERROR] LogOutputStream:75 - [STDERR_REDIRECT] [Fatal Error] :1:1: Premature end of file.
2025-03-04 09:53:22,134 [ERROR] LogOutputStream:75 - [STDERR_REDIRECT] 
2025-03-04 09:53:23,132 [ERROR] LogOutputStream:75 - [STDERR_REDIRECT] [Fatal Error] :1:1: Premature end of file.
2025-03-04 09:53:23,132 [ERROR] LogOutputStream:75 - [STDERR_REDIRECT] 
2025-03-04 09:53:24,134 [ERROR] LogOutputStream:75 - [STDERR_REDIRECT] [Fatal Error] :1:1: Premature end of file.
2025-03-04 09:53:24,134 [ERROR] LogOutputStream:75 - [STDERR_REDIRECT] 
2025-03-04 09:53:25,133 [ERROR] LogOutputStream:75 - [STDERR_REDIRECT] [Fatal Error] :1:1: Premature end of file.
2025-03-04 09:53:25,134 [ERROR] LogOutputStream:75 - [STDERR_REDIRECT] 
2025-03-04 09:53:26,135 [ERROR] LogOutputStream:75 - [STDERR_REDIRECT] [Fatal Error] :1:1: Premature end of file.
2025-03-04 09:53:26,136 [ERROR] LogOutputStream:75 - [STDERR_REDIRECT] 
2025-03-04 09:53:27,134 [ERROR] LogOutputStream:75 - [STDERR_REDIRECT] [Fatal Error] :1:1: Premature end of file.
2025-03-04 09:53:27,134 [ERROR] LogOutputStream:75 - [STDERR_REDIRECT] 
2025-03-04 09:53:28,133 [ERROR] LogOutputStream:75 - [STDERR_REDIRECT] [Fatal Error] :1:1: Premature end of file.
2025-03-04 09:53:28,134 [ERROR] LogOutputStream:75 - [STDERR_REDIRECT] 
2025-03-04 09:53:29,133 [ERROR] LogOutputStream:75 - [STDERR_REDIRECT] [Fatal Error] :1:1: Premature end of file.
2025-03-04 09:53:29,133 [ERROR] LogOutputStream:75 - [STDERR_REDIRECT] 
2025-03-04 09:53:30,135 [ERROR] LogOutputStream:75 - [STDERR_REDIRECT] [Fatal Error] :1:1: Premature end of file.
2025-03-04 09:53:30,135 [ERROR] LogOutputStream:75 - [STDERR_REDIRECT] 
2025-03-04 09:53:31,135 [ERROR] LogOutputStream:75 - [STDERR_REDIRECT] [Fatal Error] :1:1: Premature end of file.
2025-03-04 09:53:31,135 [ERROR] LogOutputStream:75 - [STDERR_REDIRECT] 
2025-03-04 09:53:32,134 [ERROR] LogOutputStream:75 - [STDERR_REDIRECT] [Fatal Error] :1:1: Premature end of file.
2025-03-04 09:53:32,134 [ERROR] LogOutputStream:75 - [STDERR_REDIRECT] 
2025-03-04 09:53:33,129 [ERROR] LogOutputStream:75 - [STDERR_REDIRECT] [Fatal Error] :1:1: Premature end of file.
2025-03-04 09:53:33,131 [ERROR] LogOutputStream:75 - [STDERR_REDIRECT] 
2025-03-04 09:53:34,138 [ERROR] LogOutputStream:75 - [STDERR_REDIRECT] [Fatal Error] :1:1: Premature end of file.
2025-03-04 09:53:34,139 [ERROR] LogOutputStream:75 - [STDERR_REDIRECT] 
2025-03-04 09:53:35,134 [ERROR] LogOutputStream:75 - [STDERR_REDIRECT] [Fatal Error] :1:1: Premature end of file.
2025-03-04 09:53:35,134 [ERROR] LogOutputStream:75 - [STDERR_REDIRECT] 
2025-03-04 09:53:36,141 [ERROR] LogOutputStream:75 - [STDERR_REDIRECT] [Fatal Error] :1:1: Premature end of file.
2025-03-04 09:53:36,141 [ERROR] LogOutputStream:75 - [STDERR_REDIRECT] 
2025-03-04 09:53:37,132 [ERROR] LogOutputStream:75 - [STDERR_REDIRECT] [Fatal Error] :1:1: Premature end of file.
2025-03-04 09:53:37,132 [ERROR] LogOutputStream:75 - [STDERR_REDIRECT] 
2025-03-04 09:53:38,131 [ERROR] LogOutputStream:75 - [STDERR_REDIRECT] [Fatal Error] :1:1: Premature end of file.
2025-03-04 09:53:38,131 [ERROR] LogOutputStream:75 - [STDERR_REDIRECT] 
2025-03-04 09:53:39,133 [ERROR] LogOutputStream:75 - [STDERR_REDIRECT] [Fatal Error] :1:1: Premature end of file.
2025-03-04 09:53:39,134 [ERROR] LogOutputStream:75 - [STDERR_REDIRECT] 
2025-03-04 09:53:40,138 [ERROR] LogOutputStream:75 - [STDERR_REDIRECT] [Fatal Error] :1:1: Premature end of file.
2025-03-04 09:53:40,138 [ERROR] LogOutputStream:75 - [STDERR_REDIRECT] 
2025-03-04 09:53:41,139 [ERROR] LogOutputStream:75 - [STDERR_REDIRECT] [Fatal Error] :1:1: Premature end of file.
2025-03-04 09:53:41,139 [ERROR] LogOutputStream:75 - [STDERR_REDIRECT] 
2025-03-04 09:53:42,138 [ERROR] LogOutputStream:75 - [STDERR_REDIRECT] [Fatal Error] :1:1: Premature end of file.
2025-03-04 09:53:42,139 [ERROR] LogOutputStream:75 - [STDERR_REDIRECT] 
2025-03-04 09:53:43,141 [ERROR] LogOutputStream:75 - [STDERR_REDIRECT] [Fatal Error] :1:1: Premature end of file.
2025-03-04 09:53:43,141 [ERROR] LogOutputStream:75 - [STDERR_REDIRECT] 
2025-03-04 09:53:44,130 [ERROR] LogOutputStream:75 - [STDERR_REDIRECT] [Fatal Error] :1:1: Premature end of file.
2025-03-04 09:53:44,131 [ERROR] LogOutputStream:75 - [STDERR_REDIRECT] 
2025-03-04 09:53:45,133 [ERROR] LogOutputStream:75 - [STDERR_REDIRECT] [Fatal Error] :1:1: Premature end of file.
2025-03-04 09:53:45,133 [ERROR] LogOutputStream:75 - [STDERR_REDIRECT] 
2025-03-04 09:53:46,130 [ERROR] LogOutputStream:75 - [STDERR_REDIRECT] [Fatal Error] :1:1: Premature end of file.
2025-03-04 09:53:46,131 [ERROR] LogOutputStream:75 - [STDERR_REDIRECT] 
2025-03-04 09:53:47,129 [ERROR] LogOutputStream:75 - [STDERR_REDIRECT] [Fatal Error] :1:1: Premature end of file.
2025-03-04 09:53:47,129 [ERROR] LogOutputStream:75 - [STDERR_REDIRECT] 
2025-03-04 09:53:48,130 [ERROR] LogOutputStream:75 - [STDERR_REDIRECT] [Fatal Error] :1:1: Premature end of file.
2025-03-04 09:53:48,131 [ERROR] LogOutputStream:75 - [STDERR_REDIRECT] 
2025-03-04 09:53:49,133 [ERROR] LogOutputStream:75 - [STDERR_REDIRECT] [Fatal Error] :1:1: Premature end of file.
2025-03-04 09:53:49,133 [ERROR] LogOutputStream:75 - [STDERR_REDIRECT] 
2025-03-04 09:53:50,128 [ERROR] LogOutputStream:75 - [STDERR_REDIRECT] [Fatal Error] :1:1: Premature end of file.
2025-03-04 09:53:50,128 [ERROR] LogOutputStream:75 - [STDERR_REDIRECT] 
2025-03-04 09:53:51,141 [ERROR] LogOutputStream:75 - [STDERR_REDIRECT] [Fatal Error] :1:1: Premature end of file.
2025-03-04 09:53:51,142 [ERROR] LogOutputStream:75 - [STDERR_REDIRECT] 
2025-03-04 09:53:52,132 [ERROR] LogOutputStream:75 - [STDERR_REDIRECT] [Fatal Error] :1:1: Premature end of file.
2025-03-04 09:53:52,132 [ERROR] LogOutputStream:75 - [STDERR_REDIRECT] 
2025-03-04 09:53:53,131 [ERROR] LogOutputStream:75 - [STDERR_REDIRECT] [Fatal Error] :1:1: Premature end of file.
2025-03-04 09:53:53,131 [ERROR] LogOutputStream:75 - [STDERR_REDIRECT] 
2025-03-04 09:53:54,140 [ERROR] LogOutputStream:75 - [STDERR_REDIRECT] [Fatal Error] :1:1: Premature end of file.
2025-03-04 09:53:54,140 [ERROR] LogOutputStream:75 - [STDERR_REDIRECT] 
2025-03-04 09:53:55,140 [ERROR] LogOutputStream:75 - [STDERR_REDIRECT] [Fatal Error] :1:1: Premature end of file.
2025-03-04 09:53:55,140 [ERROR] LogOutputStream:75 - [STDERR_REDIRECT] 
2025-03-04 09:53:56,165 [ERROR] LogOutputStream:75 - [STDERR_REDIRECT] [Fatal Error] :1:1: Premature end of file.
2025-03-04 09:53:56,166 [ERROR] LogOutputStream:75 - [STDERR_REDIRECT] 
2025-03-04 09:53:57,422 [ERROR] LogOutputStream:75 - [STDERR_REDIRECT] [Fatal Error] :1:1: Premature end of file.
2025-03-04 09:53:57,424 [ERROR] LogOutputStream:75 - [STDERR_REDIRECT] 
2025-03-04 09:53:58,178 [ERROR] LogOutputStream:75 - [STDERR_REDIRECT] [Fatal Error] :1:1: Premature end of file.
2025-03-04 09:53:58,178 [ERROR] LogOutputStream:75 - [STDERR_REDIRECT] 
2025-03-04 09:53:59,149 [ERROR] LogOutputStream:75 - [STDERR_REDIRECT] [Fatal Error] :1:1: Premature end of file.
2025-03-04 09:53:59,149 [ERROR] LogOutputStream:75 - [STDERR_REDIRECT] 
2025-03-04 09:54:00,157 [ERROR] LogOutputStream:75 - [STDERR_REDIRECT] [Fatal Error] :1:1: Premature end of file.
2025-03-04 09:54:00,157 [ERROR] LogOutputStream:75 - [STDERR_REDIRECT] 
2025-03-04 09:54:01,122 [ERROR] LogOutputStream:75 - [STDERR_REDIRECT] [Fatal Error] :1:1: Premature end of file.
2025-03-04 09:54:01,123 [ERROR] LogOutputStream:75 - [STDERR_REDIRECT] 
2025-03-04 09:54:02,154 [INFO] WebApp:194 - Connection lost
2025-03-04 09:54:02,184 [ERROR] LogOutputStream:75 - [STDERR_REDIRECT] [Fatal Error] :1:1: Premature end of file.
2025-03-04 09:54:02,184 [ERROR] LogOutputStream:75 - [STDERR_REDIRECT] 
2025-03-04 09:54:02,390 [INFO] WebApp:191 - Connection restablished
2025-03-04 09:54:03,137 [ERROR] LogOutputStream:75 - [STDERR_REDIRECT] [Fatal Error] :1:1: Premature end of file.
2025-03-04 09:54:03,137 [ERROR] LogOutputStream:75 - [STDERR_REDIRECT] 
2025-03-04 09:54:04,161 [ERROR] LogOutputStream:75 - [STDERR_REDIRECT] [Fatal Error] :1:1: Premature end of file.
2025-03-04 09:54:04,162 [ERROR] LogOutputStream:75 - [STDERR_REDIRECT] 
2025-03-04 09:54:04,833 [INFO] WebApp:194 - Connection lost
2025-03-04 09:54:04,967 [INFO] WebApp:191 - Connection restablished
2025-03-04 09:54:05,169 [ERROR] LogOutputStream:75 - [STDERR_REDIRECT] [Fatal Error] :1:1: Premature end of file.
2025-03-04 09:54:05,169 [ERROR] LogOutputStream:75 - [STDERR_REDIRECT] 
2025-03-04 09:54:06,144 [ERROR] LogOutputStream:75 - [STDERR_REDIRECT] [Fatal Error] :1:1: Premature end of file.
2025-03-04 09:54:06,144 [ERROR] LogOutputStream:75 - [STDERR_REDIRECT] 
2025-03-04 09:54:07,138 [ERROR] LogOutputStream:75 - [STDERR_REDIRECT] [Fatal Error] :1:1: Premature end of file.
2025-03-04 09:54:07,139 [ERROR] LogOutputStream:75 - [STDERR_REDIRECT] 
2025-03-04 09:54:08,136 [ERROR] LogOutputStream:75 - [STDERR_REDIRECT] [Fatal Error] :1:1: Premature end of file.
2025-03-04 09:54:08,137 [ERROR] LogOutputStream:75 - [STDERR_REDIRECT] 
2025-03-04 09:54:09,135 [ERROR] LogOutputStream:75 - [STDERR_REDIRECT] [Fatal Error] :1:1: Premature end of file.
2025-03-04 09:54:09,136 [ERROR] LogOutputStream:75 - [STDERR_REDIRECT] 
2025-03-04 09:54:10,133 [ERROR] LogOutputStream:75 - [STDERR_REDIRECT] [Fatal Error] :1:1: Premature end of file.
2025-03-04 09:54:10,134 [ERROR] LogOutputStream:75 - [STDERR_REDIRECT] 
2025-03-04 09:54:11,143 [ERROR] LogOutputStream:75 - [STDERR_REDIRECT] [Fatal Error] :1:1: Premature end of file.
2025-03-04 09:54:11,143 [ERROR] LogOutputStream:75 - [STDERR_REDIRECT] 
2025-03-04 09:54:12,129 [ERROR] LogOutputStream:75 - [STDERR_REDIRECT] [Fatal Error] :1:1: Premature end of file.
2025-03-04 09:54:12,130 [ERROR] LogOutputStream:75 - [STDERR_REDIRECT] 
2025-03-04 09:54:13,136 [ERROR] LogOutputStream:75 - [STDERR_REDIRECT] [Fatal Error] :1:1: Premature end of file.
2025-03-04 09:54:13,137 [ERROR] LogOutputStream:75 - [STDERR_REDIRECT] 
2025-03-04 09:54:14,131 [ERROR] LogOutputStream:75 - [STDERR_REDIRECT] [Fatal Error] :1:1: Premature end of file.
2025-03-04 09:54:14,131 [ERROR] LogOutputStream:75 - [STDERR_REDIRECT] 
2025-03-04 09:54:15,130 [ERROR] LogOutputStream:75 - [STDERR_REDIRECT] [Fatal Error] :1:1: Premature end of file.
2025-03-04 09:54:15,130 [ERROR] LogOutputStream:75 - [STDERR_REDIRECT] 
2025-03-04 09:54:16,128 [ERROR] LogOutputStream:75 - [STDERR_REDIRECT] [Fatal Error] :1:1: Premature end of file.
2025-03-04 09:54:16,128 [ERROR] LogOutputStream:75 - [STDERR_REDIRECT] 
2025-03-04 09:54:17,136 [ERROR] LogOutputStream:75 - [STDERR_REDIRECT] [Fatal Error] :1:1: Premature end of file.
2025-03-04 09:54:17,137 [ERROR] LogOutputStream:75 - [STDERR_REDIRECT] 
2025-03-04 09:54:18,144 [ERROR] LogOutputStream:75 - [STDERR_REDIRECT] [Fatal Error] :1:1: Premature end of file.
2025-03-04 09:54:18,144 [ERROR] LogOutputStream:75 - [STDERR_REDIRECT] 
2025-03-04 09:54:19,135 [ERROR] LogOutputStream:75 - [STDERR_REDIRECT] [Fatal Error] :1:1: Premature end of file.
2025-03-04 09:54:19,135 [ERROR] LogOutputStream:75 - [STDERR_REDIRECT] 
2025-03-04 09:54:20,134 [ERROR] LogOutputStream:75 - [STDERR_REDIRECT] [Fatal Error] :1:1: Premature end of file.
2025-03-04 09:54:20,134 [ERROR] LogOutputStream:75 - [STDERR_REDIRECT] 
2025-03-04 09:54:21,128 [ERROR] LogOutputStream:75 - [STDERR_REDIRECT] [Fatal Error] :1:1: Premature end of file.
2025-03-04 09:54:21,128 [ERROR] LogOutputStream:75 - [STDERR_REDIRECT] 
2025-03-04 09:54:22,128 [ERROR] LogOutputStream:75 - [STDERR_REDIRECT] [Fatal Error] :1:1: Premature end of file.
2025-03-04 09:54:22,128 [ERROR] LogOutputStream:75 - [STDERR_REDIRECT] 
2025-03-04 09:54:23,139 [ERROR] LogOutputStream:75 - [STDERR_REDIRECT] [Fatal Error] :1:1: Premature end of file.
2025-03-04 09:54:23,139 [ERROR] LogOutputStream:75 - [STDERR_REDIRECT] 
2025-03-04 09:54:24,136 [ERROR] LogOutputStream:75 - [STDERR_REDIRECT] [Fatal Error] :1:1: Premature end of file.
2025-03-04 09:54:24,137 [ERROR] LogOutputStream:75 - [STDERR_REDIRECT] 
2025-03-04 09:54:25,140 [ERROR] LogOutputStream:75 - [STDERR_REDIRECT] [Fatal Error] :1:1: Premature end of file.
2025-03-04 09:54:25,140 [ERROR] LogOutputStream:75 - [STDERR_REDIRECT] 
2025-03-04 09:54:26,139 [ERROR] LogOutputStream:75 - [STDERR_REDIRECT] [Fatal Error] :1:1: Premature end of file.
2025-03-04 09:54:26,139 [ERROR] LogOutputStream:75 - [STDERR_REDIRECT] 
2025-03-04 09:54:27,147 [ERROR] LogOutputStream:75 - [STDERR_REDIRECT] [Fatal Error] :1:1: Premature end of file.
2025-03-04 09:54:27,148 [ERROR] LogOutputStream:75 - [STDERR_REDIRECT] 
2025-03-04 09:54:28,136 [ERROR] LogOutputStream:75 - [STDERR_REDIRECT] [Fatal Error] :1:1: Premature end of file.
2025-03-04 09:54:28,136 [ERROR] LogOutputStream:75 - [STDERR_REDIRECT] 
2025-03-04 09:54:29,124 [ERROR] LogOutputStream:75 - [STDERR_REDIRECT] [Fatal Error] :1:1: Premature end of file.
2025-03-04 09:54:29,124 [ERROR] LogOutputStream:75 - [STDERR_REDIRECT] 
2025-03-04 09:54:30,157 [ERROR] LogOutputStream:75 - [STDERR_REDIRECT] [Fatal Error] :1:1: Premature end of file.
2025-03-04 09:54:30,157 [ERROR] LogOutputStream:75 - [STDERR_REDIRECT] 
2025-03-04 09:54:31,139 [ERROR] LogOutputStream:75 - [STDERR_REDIRECT] [Fatal Error] :1:1: Premature end of file.
2025-03-04 09:54:31,140 [ERROR] LogOutputStream:75 - [STDERR_REDIRECT] 
2025-03-04 09:54:32,137 [ERROR] LogOutputStream:75 - [STDERR_REDIRECT] [Fatal Error] :1:1: Premature end of file.
2025-03-04 09:54:32,138 [ERROR] LogOutputStream:75 - [STDERR_REDIRECT] 
2025-03-04 09:54:33,145 [ERROR] LogOutputStream:75 - [STDERR_REDIRECT] [Fatal Error] :1:1: Premature end of file.
2025-03-04 09:54:33,145 [ERROR] LogOutputStream:75 - [STDERR_REDIRECT] 
2025-03-04 09:54:34,144 [ERROR] LogOutputStream:75 - [STDERR_REDIRECT] [Fatal Error] :1:1: Premature end of file.
2025-03-04 09:54:34,144 [ERROR] LogOutputStream:75 - [STDERR_REDIRECT] 
2025-03-04 09:54:35,141 [ERROR] LogOutputStream:75 - [STDERR_REDIRECT] [Fatal Error] :1:1: Premature end of file.
2025-03-04 09:54:35,142 [ERROR] LogOutputStream:75 - [STDERR_REDIRECT] 
2025-03-04 09:54:36,132 [ERROR] LogOutputStream:75 - [STDERR_REDIRECT] [Fatal Error] :1:1: Premature end of file.
2025-03-04 09:54:36,132 [ERROR] LogOutputStream:75 - [STDERR_REDIRECT] 
2025-03-04 09:54:37,130 [ERROR] LogOutputStream:75 - [STDERR_REDIRECT] [Fatal Error] :1:1: Premature end of file.
2025-03-04 09:54:37,130 [ERROR] LogOutputStream:75 - [STDERR_REDIRECT] 
2025-03-04 09:54:38,135 [ERROR] LogOutputStream:75 - [STDERR_REDIRECT] [Fatal Error] :1:1: Premature end of file.
2025-03-04 09:54:38,135 [ERROR] LogOutputStream:75 - [STDERR_REDIRECT] 
2025-03-04 09:54:39,133 [ERROR] LogOutputStream:75 - [STDERR_REDIRECT] [Fatal Error] :1:1: Premature end of file.
2025-03-04 09:54:39,133 [ERROR] LogOutputStream:75 - [STDERR_REDIRECT] 
2025-03-04 09:54:40,134 [ERROR] LogOutputStream:75 - [STDERR_REDIRECT] [Fatal Error] :1:1: Premature end of file.
2025-03-04 09:54:40,134 [ERROR] LogOutputStream:75 - [STDERR_REDIRECT] 
2025-03-04 09:54:41,134 [ERROR] LogOutputStream:75 - [STDERR_REDIRECT] [Fatal Error] :1:1: Premature end of file.
2025-03-04 09:54:41,134 [ERROR] LogOutputStream:75 - [STDERR_REDIRECT] 
2025-03-04 09:54:42,137 [ERROR] LogOutputStream:75 - [STDERR_REDIRECT] [Fatal Error] :1:1: Premature end of file.
2025-03-04 09:54:42,138 [ERROR] LogOutputStream:75 - [STDERR_REDIRECT] 
2025-03-04 09:54:43,136 [ERROR] LogOutputStream:75 - [STDERR_REDIRECT] [Fatal Error] :1:1: Premature end of file.
2025-03-04 09:54:43,136 [ERROR] LogOutputStream:75 - [STDERR_REDIRECT] 
2025-03-04 09:54:44,133 [ERROR] LogOutputStream:75 - [STDERR_REDIRECT] [Fatal Error] :1:1: Premature end of file.
2025-03-04 09:54:44,133 [ERROR] LogOutputStream:75 - [STDERR_REDIRECT] 
2025-03-04 09:54:45,142 [ERROR] LogOutputStream:75 - [STDERR_REDIRECT] [Fatal Error] :1:1: Premature end of file.
2025-03-04 09:54:45,142 [ERROR] LogOutputStream:75 - [STDERR_REDIRECT] 
2025-03-04 09:54:46,131 [ERROR] LogOutputStream:75 - [STDERR_REDIRECT] [Fatal Error] :1:1: Premature end of file.
2025-03-04 09:54:46,132 [ERROR] LogOutputStream:75 - [STDERR_REDIRECT] 
2025-03-04 09:54:47,136 [ERROR] LogOutputStream:75 - [STDERR_REDIRECT] [Fatal Error] :1:1: Premature end of file.
2025-03-04 09:54:47,137 [ERROR] LogOutputStream:75 - [STDERR_REDIRECT] 
2025-03-04 09:54:48,117 [ERROR] LogOutputStream:75 - [STDERR_REDIRECT] [Fatal Error] :1:1: Premature end of file.
2025-03-04 09:54:48,117 [ERROR] LogOutputStream:75 - [STDERR_REDIRECT] 
2025-03-04 09:54:49,139 [ERROR] LogOutputStream:75 - [STDERR_REDIRECT] [Fatal Error] :1:1: Premature end of file.
2025-03-04 09:54:49,139 [ERROR] LogOutputStream:75 - [STDERR_REDIRECT] 
2025-03-04 09:54:50,129 [ERROR] LogOutputStream:75 - [STDERR_REDIRECT] [Fatal Error] :1:1: Premature end of file.
2025-03-04 09:54:50,130 [ERROR] LogOutputStream:75 - [STDERR_REDIRECT] 
2025-03-04 09:54:51,137 [ERROR] LogOutputStream:75 - [STDERR_REDIRECT] [Fatal Error] :1:1: Premature end of file.
2025-03-04 09:54:51,138 [ERROR] LogOutputStream:75 - [STDERR_REDIRECT] 
2025-03-04 09:54:52,136 [ERROR] LogOutputStream:75 - [STDERR_REDIRECT] [Fatal Error] :1:1: Premature end of file.
2025-03-04 09:54:52,136 [ERROR] LogOutputStream:75 - [STDERR_REDIRECT] 
2025-03-04 09:54:53,143 [ERROR] LogOutputStream:75 - [STDERR_REDIRECT] [Fatal Error] :1:1: Premature end of file.
2025-03-04 09:54:53,143 [ERROR] LogOutputStream:75 - [STDERR_REDIRECT] 
2025-03-04 09:54:54,138 [ERROR] LogOutputStream:75 - [STDERR_REDIRECT] [Fatal Error] :1:1: Premature end of file.
2025-03-04 09:54:54,138 [ERROR] LogOutputStream:75 - [STDERR_REDIRECT] 
2025-03-04 09:54:55,141 [ERROR] LogOutputStream:75 - [STDERR_REDIRECT] [Fatal Error] :1:1: Premature end of file.
2025-03-04 09:54:55,141 [ERROR] LogOutputStream:75 - [STDERR_REDIRECT] 
2025-03-04 09:54:56,132 [ERROR] LogOutputStream:75 - [STDERR_REDIRECT] [Fatal Error] :1:1: Premature end of file.
2025-03-04 09:54:56,133 [ERROR] LogOutputStream:75 - [STDERR_REDIRECT] 
2025-03-04 09:54:57,132 [ERROR] LogOutputStream:75 - [STDERR_REDIRECT] [Fatal Error] :1:1: Premature end of file.
2025-03-04 09:54:57,132 [ERROR] LogOutputStream:75 - [STDERR_REDIRECT] 
2025-03-04 09:54:58,139 [ERROR] LogOutputStream:75 - [STDERR_REDIRECT] [Fatal Error] :1:1: Premature end of file.
2025-03-04 09:54:58,139 [ERROR] LogOutputStream:75 - [STDERR_REDIRECT] 
2025-03-04 09:54:59,131 [ERROR] LogOutputStream:75 - [STDERR_REDIRECT] [Fatal Error] :1:1: Premature end of file.
2025-03-04 09:54:59,132 [ERROR] LogOutputStream:75 - [STDERR_REDIRECT] 
2025-03-04 09:55:00,144 [ERROR] LogOutputStream:75 - [STDERR_REDIRECT] [Fatal Error] :1:1: Premature end of file.
2025-03-04 09:55:00,146 [ERROR] LogOutputStream:75 - [STDERR_REDIRECT] 
2025-03-04 09:55:01,130 [ERROR] LogOutputStream:75 - [STDERR_REDIRECT] [Fatal Error] :1:1: Premature end of file.
2025-03-04 09:55:01,131 [ERROR] LogOutputStream:75 - [STDERR_REDIRECT] 
2025-03-04 09:55:02,133 [ERROR] LogOutputStream:75 - [STDERR_REDIRECT] [Fatal Error] :1:1: Premature end of file.
2025-03-04 09:55:02,133 [ERROR] LogOutputStream:75 - [STDERR_REDIRECT] 
2025-03-04 09:55:03,136 [ERROR] LogOutputStream:75 - [STDERR_REDIRECT] [Fatal Error] :1:1: Premature end of file.
2025-03-04 09:55:03,136 [ERROR] LogOutputStream:75 - [STDERR_REDIRECT] 
2025-03-04 09:55:04,130 [ERROR] LogOutputStream:75 - [STDERR_REDIRECT] [Fatal Error] :1:1: Premature end of file.
2025-03-04 09:55:04,130 [ERROR] LogOutputStream:75 - [STDERR_REDIRECT] 
2025-03-04 09:55:05,135 [ERROR] LogOutputStream:75 - [STDERR_REDIRECT] [Fatal Error] :1:1: Premature end of file.
2025-03-04 09:55:05,135 [ERROR] LogOutputStream:75 - [STDERR_REDIRECT] 
2025-03-04 09:55:06,132 [ERROR] LogOutputStream:75 - [STDERR_REDIRECT] [Fatal Error] :1:1: Premature end of file.
2025-03-04 09:55:06,132 [ERROR] LogOutputStream:75 - [STDERR_REDIRECT] 
2025-03-04 09:55:07,132 [ERROR] LogOutputStream:75 - [STDERR_REDIRECT] [Fatal Error] :1:1: Premature end of file.
2025-03-04 09:55:07,132 [ERROR] LogOutputStream:75 - [STDERR_REDIRECT] 
2025-03-04 09:55:08,142 [ERROR] LogOutputStream:75 - [STDERR_REDIRECT] [Fatal Error] :1:1: Premature end of file.
2025-03-04 09:55:08,142 [ERROR] LogOutputStream:75 - [STDERR_REDIRECT] 
2025-03-04 09:55:09,139 [ERROR] LogOutputStream:75 - [STDERR_REDIRECT] [Fatal Error] :1:1: Premature end of file.
2025-03-04 09:55:09,140 [ERROR] LogOutputStream:75 - [STDERR_REDIRECT] 
2025-03-04 09:55:10,141 [ERROR] LogOutputStream:75 - [STDERR_REDIRECT] [Fatal Error] :1:1: Premature end of file.
2025-03-04 09:55:10,141 [ERROR] LogOutputStream:75 - [STDERR_REDIRECT] 
2025-03-04 09:55:11,750 [ERROR] LogOutputStream:75 - [STDERR_REDIRECT] [Fatal Error] :1:1: Premature end of file.
2025-03-04 09:55:11,750 [ERROR] LogOutputStream:75 - [STDERR_REDIRECT] 
2025-03-04 09:55:12,131 [ERROR] LogOutputStream:75 - [STDERR_REDIRECT] [Fatal Error] :1:1: Premature end of file.
2025-03-04 09:55:12,131 [ERROR] LogOutputStream:75 - [STDERR_REDIRECT] 
2025-03-04 09:55:13,128 [ERROR] LogOutputStream:75 - [STDERR_REDIRECT] [Fatal Error] :1:1: Premature end of file.
2025-03-04 09:55:13,128 [ERROR] LogOutputStream:75 - [STDERR_REDIRECT] 
2025-03-04 09:55:14,133 [ERROR] LogOutputStream:75 - [STDERR_REDIRECT] [Fatal Error] :1:1: Premature end of file.
2025-03-04 09:55:14,134 [ERROR] LogOutputStream:75 - [STDERR_REDIRECT] 
2025-03-04 09:55:15,129 [ERROR] LogOutputStream:75 - [STDERR_REDIRECT] [Fatal Error] :1:1: Premature end of file.
2025-03-04 09:55:15,130 [ERROR] LogOutputStream:75 - [STDERR_REDIRECT] 
2025-03-04 09:55:16,181 [ERROR] LogOutputStream:75 - [STDERR_REDIRECT] [Fatal Error] :1:1: Premature end of file.
2025-03-04 09:55:16,184 [ERROR] LogOutputStream:75 - [STDERR_REDIRECT] 
2025-03-04 09:55:17,142 [ERROR] LogOutputStream:75 - [STDERR_REDIRECT] [Fatal Error] :1:1: Premature end of file.
2025-03-04 09:55:17,143 [ERROR] LogOutputStream:75 - [STDERR_REDIRECT] 
2025-03-04 09:55:18,154 [ERROR] LogOutputStream:75 - [STDERR_REDIRECT] [Fatal Error] :1:1: Premature end of file.
2025-03-04 09:55:18,155 [ERROR] LogOutputStream:75 - [STDERR_REDIRECT] 
2025-03-04 09:55:19,135 [ERROR] LogOutputStream:75 - [STDERR_REDIRECT] [Fatal Error] :1:1: Premature end of file.
2025-03-04 09:55:19,135 [ERROR] LogOutputStream:75 - [STDERR_REDIRECT] 
2025-03-04 09:55:20,132 [ERROR] LogOutputStream:75 - [STDERR_REDIRECT] [Fatal Error] :1:1: Premature end of file.
2025-03-04 09:55:20,132 [ERROR] LogOutputStream:75 - [STDERR_REDIRECT] 
2025-03-04 09:55:21,135 [ERROR] LogOutputStream:75 - [STDERR_REDIRECT] [Fatal Error] :1:1: Premature end of file.
2025-03-04 09:55:21,135 [ERROR] LogOutputStream:75 - [STDERR_REDIRECT] 
2025-03-04 09:55:22,130 [ERROR] LogOutputStream:75 - [STDERR_REDIRECT] [Fatal Error] :1:1: Premature end of file.
2025-03-04 09:55:22,131 [ERROR] LogOutputStream:75 - [STDERR_REDIRECT] 
2025-03-04 09:55:23,134 [ERROR] LogOutputStream:75 - [STDERR_REDIRECT] [Fatal Error] :1:1: Premature end of file.
2025-03-04 09:55:23,135 [ERROR] LogOutputStream:75 - [STDERR_REDIRECT] 
2025-03-04 09:55:24,134 [ERROR] LogOutputStream:75 - [STDERR_REDIRECT] [Fatal Error] :1:1: Premature end of file.
2025-03-04 09:55:24,134 [ERROR] LogOutputStream:75 - [STDERR_REDIRECT] 
2025-03-04 09:55:25,138 [ERROR] LogOutputStream:75 - [STDERR_REDIRECT] [Fatal Error] :1:1: Premature end of file.
2025-03-04 09:55:25,138 [ERROR] LogOutputStream:75 - [STDERR_REDIRECT] 
2025-03-04 09:55:26,136 [ERROR] LogOutputStream:75 - [STDERR_REDIRECT] [Fatal Error] :1:1: Premature end of file.
2025-03-04 09:55:26,136 [ERROR] LogOutputStream:75 - [STDERR_REDIRECT] 
2025-03-04 09:55:27,140 [ERROR] LogOutputStream:75 - [STDERR_REDIRECT] [Fatal Error] :1:1: Premature end of file.
2025-03-04 09:55:27,141 [ERROR] LogOutputStream:75 - [STDERR_REDIRECT] 
2025-03-04 09:55:28,136 [ERROR] LogOutputStream:75 - [STDERR_REDIRECT] [Fatal Error] :1:1: Premature end of file.
2025-03-04 09:55:28,136 [ERROR] LogOutputStream:75 - [STDERR_REDIRECT] 
2025-03-04 09:55:29,139 [ERROR] LogOutputStream:75 - [STDERR_REDIRECT] [Fatal Error] :1:1: Premature end of file.
2025-03-04 09:55:29,141 [ERROR] LogOutputStream:75 - [STDERR_REDIRECT] 
2025-03-04 09:55:30,137 [ERROR] LogOutputStream:75 - [STDERR_REDIRECT] [Fatal Error] :1:1: Premature end of file.
2025-03-04 09:55:30,138 [ERROR] LogOutputStream:75 - [STDERR_REDIRECT] 
2025-03-04 09:55:31,131 [ERROR] LogOutputStream:75 - [STDERR_REDIRECT] [Fatal Error] :1:1: Premature end of file.
2025-03-04 09:55:31,131 [ERROR] LogOutputStream:75 - [STDERR_REDIRECT] 
2025-03-04 09:55:32,136 [ERROR] LogOutputStream:75 - [STDERR_REDIRECT] [Fatal Error] :1:1: Premature end of file.
2025-03-04 09:55:32,136 [ERROR] LogOutputStream:75 - [STDERR_REDIRECT] 
2025-03-04 09:55:33,137 [ERROR] LogOutputStream:75 - [STDERR_REDIRECT] [Fatal Error] :1:1: Premature end of file.
2025-03-04 09:55:33,137 [ERROR] LogOutputStream:75 - [STDERR_REDIRECT] 
2025-03-04 09:55:34,136 [ERROR] LogOutputStream:75 - [STDERR_REDIRECT] [Fatal Error] :1:1: Premature end of file.
2025-03-04 09:55:34,137 [ERROR] LogOutputStream:75 - [STDERR_REDIRECT] 
2025-03-04 09:55:35,143 [ERROR] LogOutputStream:75 - [STDERR_REDIRECT] [Fatal Error] :1:1: Premature end of file.
2025-03-04 09:55:35,143 [ERROR] LogOutputStream:75 - [STDERR_REDIRECT] 
2025-03-04 09:55:36,132 [ERROR] LogOutputStream:75 - [STDERR_REDIRECT] [Fatal Error] :1:1: Premature end of file.
2025-03-04 09:55:36,132 [ERROR] LogOutputStream:75 - [STDERR_REDIRECT] 
2025-03-04 09:55:37,132 [ERROR] LogOutputStream:75 - [STDERR_REDIRECT] [Fatal Error] :1:1: Premature end of file.
2025-03-04 09:55:37,132 [ERROR] LogOutputStream:75 - [STDERR_REDIRECT] 
2025-03-04 09:55:38,132 [ERROR] LogOutputStream:75 - [STDERR_REDIRECT] [Fatal Error] :1:1: Premature end of file.
2025-03-04 09:55:38,132 [ERROR] LogOutputStream:75 - [STDERR_REDIRECT] 
2025-03-04 09:55:39,138 [ERROR] LogOutputStream:75 - [STDERR_REDIRECT] [Fatal Error] :1:1: Premature end of file.
2025-03-04 09:55:39,139 [ERROR] LogOutputStream:75 - [STDERR_REDIRECT] 
2025-03-04 10:02:15,776 [ERROR] LogOutputStream:75 - [STDERR_REDIRECT] [Fatal Error] :1:1: Premature end of file.
2025-03-04 10:02:15,777 [ERROR] LogOutputStream:75 - [STDERR_REDIRECT] 
2025-03-04 10:02:15,849 [ERROR] LogOutputStream:75 - [STDERR_REDIRECT] [Fatal Error] :1:1: Premature end of file.
2025-03-04 10:02:15,849 [ERROR] LogOutputStream:75 - [STDERR_REDIRECT] 
2025-03-04 10:02:15,897 [ERROR] LogOutputStream:75 - [STDERR_REDIRECT] [Fatal Error] :1:1: Premature end of file.
2025-03-04 10:02:15,897 [ERROR] LogOutputStream:75 - [STDERR_REDIRECT] 
2025-03-04 10:02:15,938 [ERROR] LogOutputStream:75 - [STDERR_REDIRECT] [Fatal Error] :1:1: Premature end of file.
2025-03-04 10:02:15,938 [ERROR] LogOutputStream:75 - [STDERR_REDIRECT] 
2025-03-04 10:02:15,982 [ERROR] LogOutputStream:75 - [STDERR_REDIRECT] [Fatal Error] :1:1: Premature end of file.
2025-03-04 10:02:15,982 [ERROR] LogOutputStream:75 - [STDERR_REDIRECT] 
2025-03-04 10:02:16,022 [ERROR] LogOutputStream:75 - [STDERR_REDIRECT] [Fatal Error] :1:1: Premature end of file.
2025-03-04 10:02:16,023 [ERROR] LogOutputStream:75 - [STDERR_REDIRECT] 
2025-03-04 10:02:16,071 [ERROR] LogOutputStream:75 - [STDERR_REDIRECT] [Fatal Error] :1:1: Premature end of file.
2025-03-04 10:02:16,072 [ERROR] LogOutputStream:75 - [STDERR_REDIRECT] 
2025-03-04 10:02:16,114 [ERROR] LogOutputStream:75 - [STDERR_REDIRECT] [Fatal Error] :1:1: Premature end of file.
2025-03-04 10:02:16,115 [ERROR] LogOutputStream:75 - [STDERR_REDIRECT] 
2025-03-04 10:02:16,176 [ERROR] LogOutputStream:75 - [STDERR_REDIRECT] [Fatal Error] :1:1: Premature end of file.
2025-03-04 10:02:16,176 [ERROR] LogOutputStream:75 - [STDERR_REDIRECT] 
2025-03-04 10:02:16,218 [ERROR] LogOutputStream:75 - [STDERR_REDIRECT] [Fatal Error] :1:1: Premature end of file.
2025-03-04 10:02:16,219 [ERROR] LogOutputStream:75 - [STDERR_REDIRECT] 
2025-03-04 10:02:16,266 [ERROR] LogOutputStream:75 - [STDERR_REDIRECT] [Fatal Error] :1:1: Premature end of file.
2025-03-04 10:02:16,266 [ERROR] LogOutputStream:75 - [STDERR_REDIRECT] 
2025-03-04 10:02:16,338 [ERROR] LogOutputStream:75 - [STDERR_REDIRECT] [Fatal Error] :1:1: Premature end of file.
2025-03-04 10:02:16,338 [ERROR] LogOutputStream:75 - [STDERR_REDIRECT] 
2025-03-04 10:02:16,387 [ERROR] LogOutputStream:75 - [STDERR_REDIRECT] [Fatal Error] :1:1: Premature end of file.
2025-03-04 10:02:16,387 [ERROR] LogOutputStream:75 - [STDERR_REDIRECT] 
2025-03-04 10:02:16,433 [ERROR] LogOutputStream:75 - [STDERR_REDIRECT] [Fatal Error] :1:1: Premature end of file.
2025-03-04 10:02:16,433 [ERROR] LogOutputStream:75 - [STDERR_REDIRECT] 
2025-03-04 10:02:16,479 [ERROR] LogOutputStream:75 - [STDERR_REDIRECT] [Fatal Error] :1:1: Premature end of file.
2025-03-04 10:02:16,479 [ERROR] LogOutputStream:75 - [STDERR_REDIRECT] 
2025-03-04 10:02:16,529 [ERROR] LogOutputStream:75 - [STDERR_REDIRECT] [Fatal Error] :1:1: Premature end of file.
2025-03-04 10:02:16,529 [ERROR] LogOutputStream:75 - [STDERR_REDIRECT] 
2025-03-04 10:02:16,580 [ERROR] LogOutputStream:75 - [STDERR_REDIRECT] [Fatal Error] :1:1: Premature end of file.
2025-03-04 10:02:16,580 [ERROR] LogOutputStream:75 - [STDERR_REDIRECT] 
2025-03-04 10:02:16,635 [ERROR] LogOutputStream:75 - [STDERR_REDIRECT] [Fatal Error] :1:1: Premature end of file.
2025-03-04 10:02:16,636 [ERROR] LogOutputStream:75 - [STDERR_REDIRECT] 
2025-03-04 10:02:16,686 [ERROR] LogOutputStream:75 - [STDERR_REDIRECT] [Fatal Error] :1:1: Premature end of file.
2025-03-04 10:02:16,687 [ERROR] LogOutputStream:75 - [STDERR_REDIRECT] 
2025-03-04 10:02:16,739 [ERROR] LogOutputStream:75 - [STDERR_REDIRECT] [Fatal Error] :1:1: Premature end of file.
2025-03-04 10:02:16,739 [ERROR] LogOutputStream:75 - [STDERR_REDIRECT] 
2025-03-04 10:02:16,793 [ERROR] LogOutputStream:75 - [STDERR_REDIRECT] [Fatal Error] :1:1: Premature end of file.
2025-03-04 10:02:16,793 [ERROR] LogOutputStream:75 - [STDERR_REDIRECT] 
2025-03-04 10:02:16,843 [ERROR] LogOutputStream:75 - [STDERR_REDIRECT] [Fatal Error] :1:1: Premature end of file.
2025-03-04 10:02:16,844 [ERROR] LogOutputStream:75 - [STDERR_REDIRECT] 
2025-03-04 10:02:16,888 [ERROR] LogOutputStream:75 - [STDERR_REDIRECT] [Fatal Error] :1:1: Premature end of file.
2025-03-04 10:02:16,889 [ERROR] LogOutputStream:75 - [STDERR_REDIRECT] 
2025-03-04 10:02:16,937 [ERROR] LogOutputStream:75 - [STDERR_REDIRECT] [Fatal Error] :1:1: Premature end of file.
2025-03-04 10:02:16,938 [ERROR] LogOutputStream:75 - [STDERR_REDIRECT] 
2025-03-04 10:02:16,977 [ERROR] LogOutputStream:75 - [STDERR_REDIRECT] [Fatal Error] :1:1: Premature end of file.
2025-03-04 10:02:16,977 [ERROR] LogOutputStream:75 - [STDERR_REDIRECT] 
2025-03-04 10:02:17,019 [ERROR] LogOutputStream:75 - [STDERR_REDIRECT] [Fatal Error] :1:1: Premature end of file.
2025-03-04 10:02:17,020 [ERROR] LogOutputStream:75 - [STDERR_REDIRECT] 
2025-03-04 10:02:17,063 [ERROR] LogOutputStream:75 - [STDERR_REDIRECT] [Fatal Error] :1:1: Premature end of file.
2025-03-04 10:02:17,064 [ERROR] LogOutputStream:75 - [STDERR_REDIRECT] 
2025-03-04 10:02:17,104 [ERROR] LogOutputStream:75 - [STDERR_REDIRECT] [Fatal Error] :1:1: Premature end of file.
2025-03-04 10:02:17,105 [ERROR] LogOutputStream:75 - [STDERR_REDIRECT] 
2025-03-04 10:02:17,136 [ERROR] LogOutputStream:75 - [STDERR_REDIRECT] [Fatal Error] :1:1: Premature end of file.
2025-03-04 10:02:17,136 [ERROR] LogOutputStream:75 - [STDERR_REDIRECT] 
2025-03-04 10:02:17,171 [ERROR] LogOutputStream:75 - [STDERR_REDIRECT] [Fatal Error] :1:1: Premature end of file.
2025-03-04 10:02:17,172 [ERROR] LogOutputStream:75 - [STDERR_REDIRECT] 
2025-03-04 10:02:17,219 [ERROR] LogOutputStream:75 - [STDERR_REDIRECT] [Fatal Error] :1:1: Premature end of file.
2025-03-04 10:02:17,219 [ERROR] LogOutputStream:75 - [STDERR_REDIRECT] 
2025-03-04 10:02:17,259 [ERROR] LogOutputStream:75 - [STDERR_REDIRECT] [Fatal Error] :1:1: Premature end of file.
2025-03-04 10:02:17,260 [ERROR] LogOutputStream:75 - [STDERR_REDIRECT] 
2025-03-04 10:02:17,324 [ERROR] LogOutputStream:75 - [STDERR_REDIRECT] [Fatal Error] :1:1: Premature end of file.
2025-03-04 10:02:17,325 [ERROR] LogOutputStream:75 - [STDERR_REDIRECT] 
2025-03-04 10:02:17,368 [ERROR] LogOutputStream:75 - [STDERR_REDIRECT] [Fatal Error] :1:1: Premature end of file.
2025-03-04 10:02:17,368 [ERROR] LogOutputStream:75 - [STDERR_REDIRECT] 
2025-03-04 10:02:17,411 [ERROR] LogOutputStream:75 - [STDERR_REDIRECT] [Fatal Error] :1:1: Premature end of file.
2025-03-04 10:02:17,412 [ERROR] LogOutputStream:75 - [STDERR_REDIRECT] 
2025-03-04 10:02:17,454 [ERROR] LogOutputStream:75 - [STDERR_REDIRECT] [Fatal Error] :1:1: Premature end of file.
2025-03-04 10:02:17,454 [ERROR] LogOutputStream:75 - [STDERR_REDIRECT] 
2025-03-04 10:02:17,543 [ERROR] LogOutputStream:75 - [STDERR_REDIRECT] [Fatal Error] :1:1: Premature end of file.
2025-03-04 10:02:17,544 [ERROR] LogOutputStream:75 - [STDERR_REDIRECT] 
2025-03-04 10:02:17,658 [ERROR] LogOutputStream:75 - [STDERR_REDIRECT] [Fatal Error] :1:1: Premature end of file.
2025-03-04 10:02:17,658 [ERROR] LogOutputStream:75 - [STDERR_REDIRECT] 
2025-03-04 10:02:17,730 [ERROR] LogOutputStream:75 - [STDERR_REDIRECT] [Fatal Error] :1:1: Premature end of file.
2025-03-04 10:02:17,731 [ERROR] LogOutputStream:75 - [STDERR_REDIRECT] 
2025-03-04 10:02:17,786 [ERROR] LogOutputStream:75 - [STDERR_REDIRECT] [Fatal Error] :1:1: Premature end of file.
2025-03-04 10:02:17,786 [ERROR] LogOutputStream:75 - [STDERR_REDIRECT] 
2025-03-04 10:02:17,828 [ERROR] LogOutputStream:75 - [STDERR_REDIRECT] [Fatal Error] :1:1: Premature end of file.
2025-03-04 10:02:17,828 [ERROR] LogOutputStream:75 - [STDERR_REDIRECT] 
2025-03-04 10:02:17,867 [ERROR] LogOutputStream:75 - [STDERR_REDIRECT] [Fatal Error] :1:1: Premature end of file.
2025-03-04 10:02:17,868 [ERROR] LogOutputStream:75 - [STDERR_REDIRECT] 
2025-03-04 10:02:17,906 [ERROR] LogOutputStream:75 - [STDERR_REDIRECT] [Fatal Error] :1:1: Premature end of file.
2025-03-04 10:02:17,906 [ERROR] LogOutputStream:75 - [STDERR_REDIRECT] 
2025-03-04 10:02:17,942 [ERROR] LogOutputStream:75 - [STDERR_REDIRECT] [Fatal Error] :1:1: Premature end of file.
2025-03-04 10:02:17,943 [ERROR] LogOutputStream:75 - [STDERR_REDIRECT] 
2025-03-04 10:02:17,974 [ERROR] LogOutputStream:75 - [STDERR_REDIRECT] [Fatal Error] :1:1: Premature end of file.
2025-03-04 10:02:17,975 [ERROR] LogOutputStream:75 - [STDERR_REDIRECT] 
2025-03-04 10:02:18,008 [ERROR] LogOutputStream:75 - [STDERR_REDIRECT] [Fatal Error] :1:1: Premature end of file.
2025-03-04 10:02:18,008 [ERROR] LogOutputStream:75 - [STDERR_REDIRECT] 
2025-03-04 10:02:18,036 [ERROR] LogOutputStream:75 - [STDERR_REDIRECT] [Fatal Error] :1:1: Premature end of file.
2025-03-04 10:02:18,036 [ERROR] LogOutputStream:75 - [STDERR_REDIRECT] 
2025-03-04 10:02:18,076 [ERROR] LogOutputStream:75 - [STDERR_REDIRECT] [Fatal Error] :1:1: Premature end of file.
2025-03-04 10:02:18,076 [ERROR] LogOutputStream:75 - [STDERR_REDIRECT] 
2025-03-04 10:02:18,111 [ERROR] LogOutputStream:75 - [STDERR_REDIRECT] [Fatal Error] :1:1: Premature end of file.
2025-03-04 10:02:18,111 [ERROR] LogOutputStream:75 - [STDERR_REDIRECT] 
2025-03-04 10:02:18,141 [ERROR] LogOutputStream:75 - [STDERR_REDIRECT] [Fatal Error] :1:1: Premature end of file.
2025-03-04 10:02:18,141 [ERROR] LogOutputStream:75 - [STDERR_REDIRECT] 
2025-03-04 10:02:18,170 [ERROR] LogOutputStream:75 - [STDERR_REDIRECT] [Fatal Error] :1:1: Premature end of file.
2025-03-04 10:02:18,170 [ERROR] LogOutputStream:75 - [STDERR_REDIRECT] 
2025-03-04 10:02:18,197 [ERROR] LogOutputStream:75 - [STDERR_REDIRECT] [Fatal Error] :1:1: Premature end of file.
2025-03-04 10:02:18,198 [ERROR] LogOutputStream:75 - [STDERR_REDIRECT] 
2025-03-04 10:02:18,230 [ERROR] LogOutputStream:75 - [STDERR_REDIRECT] [Fatal Error] :1:1: Premature end of file.
2025-03-04 10:02:18,230 [ERROR] LogOutputStream:75 - [STDERR_REDIRECT] 
2025-03-04 10:02:18,259 [ERROR] LogOutputStream:75 - [STDERR_REDIRECT] [Fatal Error] :1:1: Premature end of file.
2025-03-04 10:02:18,259 [ERROR] LogOutputStream:75 - [STDERR_REDIRECT] 
2025-03-04 10:02:18,287 [ERROR] LogOutputStream:75 - [STDERR_REDIRECT] [Fatal Error] :1:1: Premature end of file.
2025-03-04 10:02:18,287 [ERROR] LogOutputStream:75 - [STDERR_REDIRECT] 
2025-03-04 10:02:18,316 [ERROR] LogOutputStream:75 - [STDERR_REDIRECT] [Fatal Error] :1:1: Premature end of file.
2025-03-04 10:02:18,316 [ERROR] LogOutputStream:75 - [STDERR_REDIRECT] 
2025-03-04 10:02:18,347 [ERROR] LogOutputStream:75 - [STDERR_REDIRECT] [Fatal Error] :1:1: Premature end of file.
2025-03-04 10:02:18,347 [ERROR] LogOutputStream:75 - [STDERR_REDIRECT] 
2025-03-04 10:02:18,374 [ERROR] LogOutputStream:75 - [STDERR_REDIRECT] [Fatal Error] :1:1: Premature end of file.
2025-03-04 10:02:18,374 [ERROR] LogOutputStream:75 - [STDERR_REDIRECT] 
2025-03-04 10:02:18,402 [ERROR] LogOutputStream:75 - [STDERR_REDIRECT] [Fatal Error] :1:1: Premature end of file.
2025-03-04 10:02:18,402 [ERROR] LogOutputStream:75 - [STDERR_REDIRECT] 
2025-03-04 10:02:18,428 [ERROR] LogOutputStream:75 - [STDERR_REDIRECT] [Fatal Error] :1:1: Premature end of file.
2025-03-04 10:02:18,428 [ERROR] LogOutputStream:75 - [STDERR_REDIRECT] 
2025-03-04 10:02:18,458 [ERROR] LogOutputStream:75 - [STDERR_REDIRECT] [Fatal Error] :1:1: Premature end of file.
2025-03-04 10:02:18,458 [ERROR] LogOutputStream:75 - [STDERR_REDIRECT] 
2025-03-04 10:02:18,490 [ERROR] LogOutputStream:75 - [STDERR_REDIRECT] [Fatal Error] :1:1: Premature end of file.
2025-03-04 10:02:18,490 [ERROR] LogOutputStream:75 - [STDERR_REDIRECT] 
2025-03-04 10:02:18,522 [ERROR] LogOutputStream:75 - [STDERR_REDIRECT] [Fatal Error] :1:1: Premature end of file.
2025-03-04 10:02:18,522 [ERROR] LogOutputStream:75 - [STDERR_REDIRECT] 
2025-03-04 10:02:18,555 [ERROR] LogOutputStream:75 - [STDERR_REDIRECT] [Fatal Error] :1:1: Premature end of file.
2025-03-04 10:02:18,555 [ERROR] LogOutputStream:75 - [STDERR_REDIRECT] 
2025-03-04 10:02:18,579 [ERROR] LogOutputStream:75 - [STDERR_REDIRECT] [Fatal Error] :1:1: Premature end of file.
2025-03-04 10:02:18,579 [ERROR] LogOutputStream:75 - [STDERR_REDIRECT] 
2025-03-04 10:02:18,606 [ERROR] LogOutputStream:75 - [STDERR_REDIRECT] [Fatal Error] :1:1: Premature end of file.
2025-03-04 10:02:18,606 [ERROR] LogOutputStream:75 - [STDERR_REDIRECT] 
2025-03-04 10:02:18,632 [ERROR] LogOutputStream:75 - [STDERR_REDIRECT] [Fatal Error] :1:1: Premature end of file.
2025-03-04 10:02:18,632 [ERROR] LogOutputStream:75 - [STDERR_REDIRECT] 
2025-03-04 10:02:18,657 [ERROR] LogOutputStream:75 - [STDERR_REDIRECT] [Fatal Error] :1:1: Premature end of file.
2025-03-04 10:02:18,658 [ERROR] LogOutputStream:75 - [STDERR_REDIRECT] 
2025-03-04 10:02:18,683 [ERROR] LogOutputStream:75 - [STDERR_REDIRECT] [Fatal Error] :1:1: Premature end of file.
2025-03-04 10:02:18,683 [ERROR] LogOutputStream:75 - [STDERR_REDIRECT] 
2025-03-04 10:02:18,710 [ERROR] LogOutputStream:75 - [STDERR_REDIRECT] [Fatal Error] :1:1: Premature end of file.
2025-03-04 10:02:18,710 [ERROR] LogOutputStream:75 - [STDERR_REDIRECT] 
2025-03-04 10:02:18,749 [ERROR] LogOutputStream:75 - [STDERR_REDIRECT] [Fatal Error] :1:1: Premature end of file.
2025-03-04 10:02:18,749 [ERROR] LogOutputStream:75 - [STDERR_REDIRECT] 
2025-03-04 10:02:18,778 [ERROR] LogOutputStream:75 - [STDERR_REDIRECT] [Fatal Error] :1:1: Premature end of file.
2025-03-04 10:02:18,778 [ERROR] LogOutputStream:75 - [STDERR_REDIRECT] 
2025-03-04 10:02:18,805 [ERROR] LogOutputStream:75 - [STDERR_REDIRECT] [Fatal Error] :1:1: Premature end of file.
2025-03-04 10:02:18,805 [ERROR] LogOutputStream:75 - [STDERR_REDIRECT] 
2025-03-04 10:02:18,830 [ERROR] LogOutputStream:75 - [STDERR_REDIRECT] [Fatal Error] :1:1: Premature end of file.
2025-03-04 10:02:18,830 [ERROR] LogOutputStream:75 - [STDERR_REDIRECT] 
2025-03-04 10:02:18,855 [ERROR] LogOutputStream:75 - [STDERR_REDIRECT] [Fatal Error] :1:1: Premature end of file.
2025-03-04 10:02:18,856 [ERROR] LogOutputStream:75 - [STDERR_REDIRECT] 
2025-03-04 10:02:18,879 [ERROR] LogOutputStream:75 - [STDERR_REDIRECT] [Fatal Error] :1:1: Premature end of file.
2025-03-04 10:02:18,879 [ERROR] LogOutputStream:75 - [STDERR_REDIRECT] 
2025-03-04 10:02:18,903 [ERROR] LogOutputStream:75 - [STDERR_REDIRECT] [Fatal Error] :1:1: Premature end of file.
2025-03-04 10:02:18,903 [ERROR] LogOutputStream:75 - [STDERR_REDIRECT] 
2025-03-04 10:02:18,926 [ERROR] LogOutputStream:75 - [STDERR_REDIRECT] [Fatal Error] :1:1: Premature end of file.
2025-03-04 10:02:18,927 [ERROR] LogOutputStream:75 - [STDERR_REDIRECT] 
2025-03-04 10:02:18,951 [ERROR] LogOutputStream:75 - [STDERR_REDIRECT] [Fatal Error] :1:1: Premature end of file.
2025-03-04 10:02:18,951 [ERROR] LogOutputStream:75 - [STDERR_REDIRECT] 
2025-03-04 10:02:18,976 [ERROR] LogOutputStream:75 - [STDERR_REDIRECT] [Fatal Error] :1:1: Premature end of file.
2025-03-04 10:02:18,976 [ERROR] LogOutputStream:75 - [STDERR_REDIRECT] 
2025-03-04 10:02:19,003 [ERROR] LogOutputStream:75 - [STDERR_REDIRECT] [Fatal Error] :1:1: Premature end of file.
2025-03-04 10:02:19,004 [ERROR] LogOutputStream:75 - [STDERR_REDIRECT] 
2025-03-04 10:02:19,038 [ERROR] LogOutputStream:75 - [STDERR_REDIRECT] [Fatal Error] :1:1: Premature end of file.
2025-03-04 10:02:19,038 [ERROR] LogOutputStream:75 - [STDERR_REDIRECT] 
2025-03-04 10:02:19,063 [ERROR] LogOutputStream:75 - [STDERR_REDIRECT] [Fatal Error] :1:1: Premature end of file.
2025-03-04 10:02:19,063 [ERROR] LogOutputStream:75 - [STDERR_REDIRECT] 
2025-03-04 10:02:19,089 [ERROR] LogOutputStream:75 - [STDERR_REDIRECT] [Fatal Error] :1:1: Premature end of file.
2025-03-04 10:02:19,089 [ERROR] LogOutputStream:75 - [STDERR_REDIRECT] 
2025-03-04 10:02:19,116 [ERROR] LogOutputStream:75 - [STDERR_REDIRECT] [Fatal Error] :1:1: Premature end of file.
2025-03-04 10:02:19,116 [ERROR] LogOutputStream:75 - [STDERR_REDIRECT] 
2025-03-04 10:02:19,142 [ERROR] LogOutputStream:75 - [STDERR_REDIRECT] [Fatal Error] :1:1: Premature end of file.
2025-03-04 10:02:19,143 [ERROR] LogOutputStream:75 - [STDERR_REDIRECT] 
2025-03-04 10:02:19,171 [ERROR] LogOutputStream:75 - [STDERR_REDIRECT] [Fatal Error] :1:1: Premature end of file.
2025-03-04 10:02:19,171 [ERROR] LogOutputStream:75 - [STDERR_REDIRECT] 
2025-03-04 10:02:19,197 [ERROR] LogOutputStream:75 - [STDERR_REDIRECT] [Fatal Error] :1:1: Premature end of file.
2025-03-04 10:02:19,197 [ERROR] LogOutputStream:75 - [STDERR_REDIRECT] 
2025-03-04 10:02:19,228 [ERROR] LogOutputStream:75 - [STDERR_REDIRECT] [Fatal Error] :1:1: Premature end of file.
2025-03-04 10:02:19,228 [ERROR] LogOutputStream:75 - [STDERR_REDIRECT] 
2025-03-04 10:02:19,259 [ERROR] LogOutputStream:75 - [STDERR_REDIRECT] [Fatal Error] :1:1: Premature end of file.
2025-03-04 10:02:19,259 [ERROR] LogOutputStream:75 - [STDERR_REDIRECT] 
2025-03-04 10:02:19,289 [ERROR] LogOutputStream:75 - [STDERR_REDIRECT] [Fatal Error] :1:1: Premature end of file.
2025-03-04 10:02:19,290 [ERROR] LogOutputStream:75 - [STDERR_REDIRECT] 
2025-03-04 10:02:19,319 [ERROR] LogOutputStream:75 - [STDERR_REDIRECT] [Fatal Error] :1:1: Premature end of file.
2025-03-04 10:02:19,319 [ERROR] LogOutputStream:75 - [STDERR_REDIRECT] 
2025-03-04 10:02:19,352 [ERROR] LogOutputStream:75 - [STDERR_REDIRECT] [Fatal Error] :1:1: Premature end of file.
2025-03-04 10:02:19,352 [ERROR] LogOutputStream:75 - [STDERR_REDIRECT] 
2025-03-04 10:02:19,385 [ERROR] LogOutputStream:75 - [STDERR_REDIRECT] [Fatal Error] :1:1: Premature end of file.
2025-03-04 10:02:19,385 [ERROR] LogOutputStream:75 - [STDERR_REDIRECT] 
2025-03-04 10:02:19,413 [ERROR] LogOutputStream:75 - [STDERR_REDIRECT] [Fatal Error] :1:1: Premature end of file.
2025-03-04 10:02:19,413 [ERROR] LogOutputStream:75 - [STDERR_REDIRECT] 
2025-03-04 10:02:19,444 [ERROR] LogOutputStream:75 - [STDERR_REDIRECT] [Fatal Error] :1:1: Premature end of file.
2025-03-04 10:02:19,444 [ERROR] LogOutputStream:75 - [STDERR_REDIRECT] 
2025-03-04 10:02:19,472 [ERROR] LogOutputStream:75 - [STDERR_REDIRECT] [Fatal Error] :1:1: Premature end of file.
2025-03-04 10:02:19,472 [ERROR] LogOutputStream:75 - [STDERR_REDIRECT] 
2025-03-04 10:02:19,500 [ERROR] LogOutputStream:75 - [STDERR_REDIRECT] [Fatal Error] :1:1: Premature end of file.
2025-03-04 10:02:19,501 [ERROR] LogOutputStream:75 - [STDERR_REDIRECT] 
2025-03-04 10:02:19,531 [ERROR] LogOutputStream:75 - [STDERR_REDIRECT] [Fatal Error] :1:1: Premature end of file.
2025-03-04 10:02:19,531 [ERROR] LogOutputStream:75 - [STDERR_REDIRECT] 
2025-03-04 10:02:19,564 [ERROR] LogOutputStream:75 - [STDERR_REDIRECT] [Fatal Error] :1:1: Premature end of file.
2025-03-04 10:02:19,564 [ERROR] LogOutputStream:75 - [STDERR_REDIRECT] 
2025-03-04 10:02:19,595 [ERROR] LogOutputStream:75 - [STDERR_REDIRECT] [Fatal Error] :1:1: Premature end of file.
2025-03-04 10:02:19,595 [ERROR] LogOutputStream:75 - [STDERR_REDIRECT] 
2025-03-04 10:02:19,626 [ERROR] LogOutputStream:75 - [STDERR_REDIRECT] [Fatal Error] :1:1: Premature end of file.
2025-03-04 10:02:19,626 [ERROR] LogOutputStream:75 - [STDERR_REDIRECT] 
2025-03-04 10:02:19,656 [ERROR] LogOutputStream:75 - [STDERR_REDIRECT] [Fatal Error] :1:1: Premature end of file.
2025-03-04 10:02:19,656 [ERROR] LogOutputStream:75 - [STDERR_REDIRECT] 
2025-03-04 10:02:19,686 [ERROR] LogOutputStream:75 - [STDERR_REDIRECT] [Fatal Error] :1:1: Premature end of file.
2025-03-04 10:02:19,687 [ERROR] LogOutputStream:75 - [STDERR_REDIRECT] 
2025-03-04 10:02:19,716 [ERROR] LogOutputStream:75 - [STDERR_REDIRECT] [Fatal Error] :1:1: Premature end of file.
2025-03-04 10:02:19,716 [ERROR] LogOutputStream:75 - [STDERR_REDIRECT] 
2025-03-04 10:02:19,748 [ERROR] LogOutputStream:75 - [STDERR_REDIRECT] [Fatal Error] :1:1: Premature end of file.
2025-03-04 10:02:19,748 [ERROR] LogOutputStream:75 - [STDERR_REDIRECT] 
2025-03-04 10:02:19,774 [ERROR] LogOutputStream:75 - [STDERR_REDIRECT] [Fatal Error] :1:1: Premature end of file.
2025-03-04 10:02:19,775 [ERROR] LogOutputStream:75 - [STDERR_REDIRECT] 
2025-03-04 10:02:19,802 [ERROR] LogOutputStream:75 - [STDERR_REDIRECT] [Fatal Error] :1:1: Premature end of file.
2025-03-04 10:02:19,802 [ERROR] LogOutputStream:75 - [STDERR_REDIRECT] 
2025-03-04 10:02:19,830 [ERROR] LogOutputStream:75 - [STDERR_REDIRECT] [Fatal Error] :1:1: Premature end of file.
2025-03-04 10:02:19,830 [ERROR] LogOutputStream:75 - [STDERR_REDIRECT] 
2025-03-04 10:02:19,861 [ERROR] LogOutputStream:75 - [STDERR_REDIRECT] [Fatal Error] :1:1: Premature end of file.
2025-03-04 10:02:19,861 [ERROR] LogOutputStream:75 - [STDERR_REDIRECT] 
2025-03-04 10:02:19,887 [ERROR] LogOutputStream:75 - [STDERR_REDIRECT] [Fatal Error] :1:1: Premature end of file.
2025-03-04 10:02:19,887 [ERROR] LogOutputStream:75 - [STDERR_REDIRECT] 
2025-03-04 10:02:19,915 [ERROR] LogOutputStream:75 - [STDERR_REDIRECT] [Fatal Error] :1:1: Premature end of file.
2025-03-04 10:02:19,915 [ERROR] LogOutputStream:75 - [STDERR_REDIRECT] 
2025-03-04 10:02:19,942 [ERROR] LogOutputStream:75 - [STDERR_REDIRECT] [Fatal Error] :1:1: Premature end of file.
2025-03-04 10:02:19,942 [ERROR] LogOutputStream:75 - [STDERR_REDIRECT] 
2025-03-04 10:02:19,967 [ERROR] LogOutputStream:75 - [STDERR_REDIRECT] [Fatal Error] :1:1: Premature end of file.
2025-03-04 10:02:19,967 [ERROR] LogOutputStream:75 - [STDERR_REDIRECT] 
2025-03-04 10:02:19,996 [ERROR] LogOutputStream:75 - [STDERR_REDIRECT] [Fatal Error] :1:1: Premature end of file.
2025-03-04 10:02:19,996 [ERROR] LogOutputStream:75 - [STDERR_REDIRECT] 
2025-03-04 10:02:20,022 [ERROR] LogOutputStream:75 - [STDERR_REDIRECT] [Fatal Error] :1:1: Premature end of file.
2025-03-04 10:02:20,022 [ERROR] LogOutputStream:75 - [STDERR_REDIRECT] 
2025-03-04 10:02:20,052 [ERROR] LogOutputStream:75 - [STDERR_REDIRECT] [Fatal Error] :1:1: Premature end of file.
2025-03-04 10:02:20,052 [ERROR] LogOutputStream:75 - [STDERR_REDIRECT] 
2025-03-04 10:02:20,117 [ERROR] LogOutputStream:75 - [STDERR_REDIRECT] [Fatal Error] :1:1: Premature end of file.
2025-03-04 10:02:20,117 [ERROR] LogOutputStream:75 - [STDERR_REDIRECT] 
2025-03-04 10:02:20,186 [ERROR] LogOutputStream:75 - [STDERR_REDIRECT] [Fatal Error] :1:1: Premature end of file.
2025-03-04 10:02:20,186 [ERROR] LogOutputStream:75 - [STDERR_REDIRECT] 
2025-03-04 10:02:20,270 [ERROR] LogOutputStream:75 - [STDERR_REDIRECT] [Fatal Error] :1:1: Premature end of file.
2025-03-04 10:02:20,271 [ERROR] LogOutputStream:75 - [STDERR_REDIRECT] 
2025-03-04 10:02:20,364 [ERROR] LogOutputStream:75 - [STDERR_REDIRECT] [Fatal Error] :1:1: Premature end of file.
2025-03-04 10:02:20,365 [ERROR] LogOutputStream:75 - [STDERR_REDIRECT] 
2025-03-04 10:02:20,436 [ERROR] LogOutputStream:75 - [STDERR_REDIRECT] [Fatal Error] :1:1: Premature end of file.
2025-03-04 10:02:20,436 [ERROR] LogOutputStream:75 - [STDERR_REDIRECT] 
2025-03-04 10:02:20,538 [ERROR] LogOutputStream:75 - [STDERR_REDIRECT] [Fatal Error] :1:1: Premature end of file.
2025-03-04 10:02:20,540 [ERROR] LogOutputStream:75 - [STDERR_REDIRECT] 
2025-03-04 10:02:20,629 [ERROR] LogOutputStream:75 - [STDERR_REDIRECT] [Fatal Error] :1:1: Premature end of file.
2025-03-04 10:02:20,629 [ERROR] LogOutputStream:75 - [STDERR_REDIRECT] 
2025-03-04 10:02:20,688 [ERROR] LogOutputStream:75 - [STDERR_REDIRECT] [Fatal Error] :1:1: Premature end of file.
2025-03-04 10:02:20,690 [ERROR] LogOutputStream:75 - [STDERR_REDIRECT] 
2025-03-04 10:02:20,758 [ERROR] LogOutputStream:75 - [STDERR_REDIRECT] [Fatal Error] :1:1: Premature end of file.
2025-03-04 10:02:20,758 [ERROR] LogOutputStream:75 - [STDERR_REDIRECT] 
2025-03-04 10:02:20,823 [ERROR] LogOutputStream:75 - [STDERR_REDIRECT] [Fatal Error] :1:1: Premature end of file.
2025-03-04 10:02:20,823 [ERROR] LogOutputStream:75 - [STDERR_REDIRECT] 
2025-03-04 10:02:20,893 [ERROR] LogOutputStream:75 - [STDERR_REDIRECT] [Fatal Error] :1:1: Premature end of file.
2025-03-04 10:02:20,893 [ERROR] LogOutputStream:75 - [STDERR_REDIRECT] 
2025-03-04 10:02:20,969 [ERROR] LogOutputStream:75 - [STDERR_REDIRECT] [Fatal Error] :1:1: Premature end of file.
2025-03-04 10:02:20,969 [ERROR] LogOutputStream:75 - [STDERR_REDIRECT] 
2025-03-04 10:02:21,038 [ERROR] LogOutputStream:75 - [STDERR_REDIRECT] [Fatal Error] :1:1: Premature end of file.
2025-03-04 10:02:21,040 [ERROR] LogOutputStream:75 - [STDERR_REDIRECT] 
2025-03-04 10:02:21,106 [ERROR] LogOutputStream:75 - [STDERR_REDIRECT] [Fatal Error] :1:1: Premature end of file.
2025-03-04 10:02:21,108 [ERROR] LogOutputStream:75 - [STDERR_REDIRECT] 
2025-03-04 10:02:21,178 [ERROR] LogOutputStream:75 - [STDERR_REDIRECT] [Fatal Error] :1:1: Premature end of file.
2025-03-04 10:02:21,178 [ERROR] LogOutputStream:75 - [STDERR_REDIRECT] 
2025-03-04 10:02:21,236 [ERROR] LogOutputStream:75 - [STDERR_REDIRECT] [Fatal Error] :1:1: Premature end of file.
2025-03-04 10:02:21,236 [ERROR] LogOutputStream:75 - [STDERR_REDIRECT] 
2025-03-04 10:02:21,299 [ERROR] LogOutputStream:75 - [STDERR_REDIRECT] [Fatal Error] :1:1: Premature end of file.
2025-03-04 10:02:21,300 [ERROR] LogOutputStream:75 - [STDERR_REDIRECT] 
2025-03-04 10:02:21,365 [ERROR] LogOutputStream:75 - [STDERR_REDIRECT] [Fatal Error] :1:1: Premature end of file.
2025-03-04 10:02:21,365 [ERROR] LogOutputStream:75 - [STDERR_REDIRECT] 
2025-03-04 10:02:21,428 [ERROR] LogOutputStream:75 - [STDERR_REDIRECT] [Fatal Error] :1:1: Premature end of file.
2025-03-04 10:02:21,428 [ERROR] LogOutputStream:75 - [STDERR_REDIRECT] 
2025-03-04 10:02:21,489 [ERROR] LogOutputStream:75 - [STDERR_REDIRECT] [Fatal Error] :1:1: Premature end of file.
2025-03-04 10:02:21,489 [ERROR] LogOutputStream:75 - [STDERR_REDIRECT] 
2025-03-04 10:02:21,552 [ERROR] LogOutputStream:75 - [STDERR_REDIRECT] [Fatal Error] :1:1: Premature end of file.
2025-03-04 10:02:21,553 [ERROR] LogOutputStream:75 - [STDERR_REDIRECT] 
2025-03-04 10:02:21,602 [ERROR] LogOutputStream:75 - [STDERR_REDIRECT] [Fatal Error] :1:1: Premature end of file.
2025-03-04 10:02:21,602 [ERROR] LogOutputStream:75 - [STDERR_REDIRECT] 
2025-03-04 10:02:21,654 [ERROR] LogOutputStream:75 - [STDERR_REDIRECT] [Fatal Error] :1:1: Premature end of file.
2025-03-04 10:02:21,655 [ERROR] LogOutputStream:75 - [STDERR_REDIRECT] 
2025-03-04 10:02:21,723 [ERROR] LogOutputStream:75 - [STDERR_REDIRECT] [Fatal Error] :1:1: Premature end of file.
2025-03-04 10:02:21,723 [ERROR] LogOutputStream:75 - [STDERR_REDIRECT] 
2025-03-04 10:02:21,783 [ERROR] LogOutputStream:75 - [STDERR_REDIRECT] [Fatal Error] :1:1: Premature end of file.
2025-03-04 10:02:21,783 [ERROR] LogOutputStream:75 - [STDERR_REDIRECT] 
2025-03-04 10:02:21,830 [ERROR] LogOutputStream:75 - [STDERR_REDIRECT] [Fatal Error] :1:1: Premature end of file.
2025-03-04 10:02:21,830 [ERROR] LogOutputStream:75 - [STDERR_REDIRECT] 
2025-03-04 10:02:21,880 [ERROR] LogOutputStream:75 - [STDERR_REDIRECT] [Fatal Error] :1:1: Premature end of file.
2025-03-04 10:02:21,880 [ERROR] LogOutputStream:75 - [STDERR_REDIRECT] 
2025-03-04 10:02:21,929 [ERROR] LogOutputStream:75 - [STDERR_REDIRECT] [Fatal Error] :1:1: Premature end of file.
2025-03-04 10:02:21,929 [ERROR] LogOutputStream:75 - [STDERR_REDIRECT] 
2025-03-04 10:02:21,993 [ERROR] LogOutputStream:75 - [STDERR_REDIRECT] [Fatal Error] :1:1: Premature end of file.
2025-03-04 10:02:21,994 [ERROR] LogOutputStream:75 - [STDERR_REDIRECT] 
2025-03-04 10:02:22,050 [ERROR] LogOutputStream:75 - [STDERR_REDIRECT] [Fatal Error] :1:1: Premature end of file.
2025-03-04 10:02:22,050 [ERROR] LogOutputStream:75 - [STDERR_REDIRECT] 
2025-03-04 10:02:22,105 [ERROR] LogOutputStream:75 - [STDERR_REDIRECT] [Fatal Error] :1:1: Premature end of file.
2025-03-04 10:02:22,107 [ERROR] LogOutputStream:75 - [STDERR_REDIRECT] 
2025-03-04 10:02:22,184 [ERROR] LogOutputStream:75 - [STDERR_REDIRECT] [Fatal Error] :1:1: Premature end of file.
2025-03-04 10:02:22,184 [ERROR] LogOutputStream:75 - [STDERR_REDIRECT] 
2025-03-04 10:02:22,247 [ERROR] LogOutputStream:75 - [STDERR_REDIRECT] [Fatal Error] :1:1: Premature end of file.
2025-03-04 10:02:22,247 [ERROR] LogOutputStream:75 - [STDERR_REDIRECT] 
2025-03-04 10:02:22,299 [ERROR] LogOutputStream:75 - [STDERR_REDIRECT] [Fatal Error] :1:1: Premature end of file.
2025-03-04 10:02:22,299 [ERROR] LogOutputStream:75 - [STDERR_REDIRECT] 
2025-03-04 10:02:22,359 [ERROR] LogOutputStream:75 - [STDERR_REDIRECT] [Fatal Error] :1:1: Premature end of file.
2025-03-04 10:02:22,359 [ERROR] LogOutputStream:75 - [STDERR_REDIRECT] 
2025-03-04 10:02:22,415 [ERROR] LogOutputStream:75 - [STDERR_REDIRECT] [Fatal Error] :1:1: Premature end of file.
2025-03-04 10:02:22,415 [ERROR] LogOutputStream:75 - [STDERR_REDIRECT] 
2025-03-04 10:02:22,475 [ERROR] LogOutputStream:75 - [STDERR_REDIRECT] [Fatal Error] :1:1: Premature end of file.
2025-03-04 10:02:22,475 [ERROR] LogOutputStream:75 - [STDERR_REDIRECT] 
2025-03-04 10:02:22,532 [ERROR] LogOutputStream:75 - [STDERR_REDIRECT] [Fatal Error] :1:1: Premature end of file.
2025-03-04 10:02:22,533 [ERROR] LogOutputStream:75 - [STDERR_REDIRECT] 
2025-03-04 10:02:22,578 [ERROR] LogOutputStream:75 - [STDERR_REDIRECT] [Fatal Error] :1:1: Premature end of file.
2025-03-04 10:02:22,578 [ERROR] LogOutputStream:75 - [STDERR_REDIRECT] 
2025-03-04 10:02:22,631 [ERROR] LogOutputStream:75 - [STDERR_REDIRECT] [Fatal Error] :1:1: Premature end of file.
2025-03-04 10:02:22,632 [ERROR] LogOutputStream:75 - [STDERR_REDIRECT] 
2025-03-04 10:02:22,675 [ERROR] LogOutputStream:75 - [STDERR_REDIRECT] [Fatal Error] :1:1: Premature end of file.
2025-03-04 10:02:22,675 [ERROR] LogOutputStream:75 - [STDERR_REDIRECT] 
2025-03-04 10:02:22,714 [ERROR] LogOutputStream:75 - [STDERR_REDIRECT] [Fatal Error] :1:1: Premature end of file.
2025-03-04 10:02:22,715 [ERROR] LogOutputStream:75 - [STDERR_REDIRECT] 
2025-03-04 10:02:22,760 [ERROR] LogOutputStream:75 - [STDERR_REDIRECT] [Fatal Error] :1:1: Premature end of file.
2025-03-04 10:02:22,761 [ERROR] LogOutputStream:75 - [STDERR_REDIRECT] 
2025-03-04 10:02:22,814 [ERROR] LogOutputStream:75 - [STDERR_REDIRECT] [Fatal Error] :1:1: Premature end of file.
2025-03-04 10:02:22,814 [ERROR] LogOutputStream:75 - [STDERR_REDIRECT] 
2025-03-04 10:02:22,868 [ERROR] LogOutputStream:75 - [STDERR_REDIRECT] [Fatal Error] :1:1: Premature end of file.
2025-03-04 10:02:22,868 [ERROR] LogOutputStream:75 - [STDERR_REDIRECT] 
2025-03-04 10:02:22,923 [ERROR] LogOutputStream:75 - [STDERR_REDIRECT] [Fatal Error] :1:1: Premature end of file.
2025-03-04 10:02:22,923 [ERROR] LogOutputStream:75 - [STDERR_REDIRECT] 
2025-03-04 10:02:22,984 [ERROR] LogOutputStream:75 - [STDERR_REDIRECT] [Fatal Error] :1:1: Premature end of file.
2025-03-04 10:02:22,984 [ERROR] LogOutputStream:75 - [STDERR_REDIRECT] 
2025-03-04 10:02:23,053 [ERROR] LogOutputStream:75 - [STDERR_REDIRECT] [Fatal Error] :1:1: Premature end of file.
2025-03-04 10:02:23,053 [ERROR] LogOutputStream:75 - [STDERR_REDIRECT] 
2025-03-04 10:02:23,100 [ERROR] LogOutputStream:75 - [STDERR_REDIRECT] [Fatal Error] :1:1: Premature end of file.
2025-03-04 10:02:23,101 [ERROR] LogOutputStream:75 - [STDERR_REDIRECT] 
2025-03-04 10:02:23,142 [ERROR] LogOutputStream:75 - [STDERR_REDIRECT] [Fatal Error] :1:1: Premature end of file.
2025-03-04 10:02:23,142 [ERROR] LogOutputStream:75 - [STDERR_REDIRECT] 
2025-03-04 10:02:23,185 [ERROR] LogOutputStream:75 - [STDERR_REDIRECT] [Fatal Error] :1:1: Premature end of file.
2025-03-04 10:02:23,185 [ERROR] LogOutputStream:75 - [STDERR_REDIRECT] 
2025-03-04 10:02:23,249 [ERROR] LogOutputStream:75 - [STDERR_REDIRECT] [Fatal Error] :1:1: Premature end of file.
2025-03-04 10:02:23,249 [ERROR] LogOutputStream:75 - [STDERR_REDIRECT] 
2025-03-04 10:02:23,318 [ERROR] LogOutputStream:75 - [STDERR_REDIRECT] [Fatal Error] :1:1: Premature end of file.
2025-03-04 10:02:23,318 [ERROR] LogOutputStream:75 - [STDERR_REDIRECT] 
2025-03-04 10:02:23,382 [ERROR] LogOutputStream:75 - [STDERR_REDIRECT] [Fatal Error] :1:1: Premature end of file.
2025-03-04 10:02:23,382 [ERROR] LogOutputStream:75 - [STDERR_REDIRECT] 
2025-03-04 10:02:23,444 [ERROR] LogOutputStream:75 - [STDERR_REDIRECT] [Fatal Error] :1:1: Premature end of file.
2025-03-04 10:02:23,445 [ERROR] LogOutputStream:75 - [STDERR_REDIRECT] 
2025-03-04 10:02:23,502 [ERROR] LogOutputStream:75 - [STDERR_REDIRECT] [Fatal Error] :1:1: Premature end of file.
2025-03-04 10:02:23,502 [ERROR] LogOutputStream:75 - [STDERR_REDIRECT] 
2025-03-04 10:02:23,545 [ERROR] LogOutputStream:75 - [STDERR_REDIRECT] [Fatal Error] :1:1: Premature end of file.
2025-03-04 10:02:23,545 [ERROR] LogOutputStream:75 - [STDERR_REDIRECT] 
2025-03-04 10:02:23,593 [ERROR] LogOutputStream:75 - [STDERR_REDIRECT] [Fatal Error] :1:1: Premature end of file.
2025-03-04 10:02:23,593 [ERROR] LogOutputStream:75 - [STDERR_REDIRECT] 
2025-03-04 10:02:23,688 [ERROR] LogOutputStream:75 - [STDERR_REDIRECT] [Fatal Error] :1:1: Premature end of file.
2025-03-04 10:02:23,690 [ERROR] LogOutputStream:75 - [STDERR_REDIRECT] 
2025-03-04 10:02:23,762 [ERROR] LogOutputStream:75 - [STDERR_REDIRECT] [Fatal Error] :1:1: Premature end of file.
2025-03-04 10:02:23,763 [ERROR] LogOutputStream:75 - [STDERR_REDIRECT] 
2025-03-04 10:02:23,814 [ERROR] LogOutputStream:75 - [STDERR_REDIRECT] [Fatal Error] :1:1: Premature end of file.
2025-03-04 10:02:23,814 [ERROR] LogOutputStream:75 - [STDERR_REDIRECT] 
2025-03-04 10:02:23,855 [ERROR] LogOutputStream:75 - [STDERR_REDIRECT] [Fatal Error] :1:1: Premature end of file.
2025-03-04 10:02:23,855 [ERROR] LogOutputStream:75 - [STDERR_REDIRECT] 
2025-03-04 10:02:23,906 [ERROR] LogOutputStream:75 - [STDERR_REDIRECT] [Fatal Error] :1:1: Premature end of file.
2025-03-04 10:02:23,906 [ERROR] LogOutputStream:75 - [STDERR_REDIRECT] 
2025-03-04 10:02:23,962 [ERROR] LogOutputStream:75 - [STDERR_REDIRECT] [Fatal Error] :1:1: Premature end of file.
2025-03-04 10:02:23,962 [ERROR] LogOutputStream:75 - [STDERR_REDIRECT] 
2025-03-04 10:02:24,021 [ERROR] LogOutputStream:75 - [STDERR_REDIRECT] [Fatal Error] :1:1: Premature end of file.
2025-03-04 10:02:24,021 [ERROR] LogOutputStream:75 - [STDERR_REDIRECT] 
2025-03-04 10:02:24,069 [ERROR] LogOutputStream:75 - [STDERR_REDIRECT] [Fatal Error] :1:1: Premature end of file.
2025-03-04 10:02:24,069 [ERROR] LogOutputStream:75 - [STDERR_REDIRECT] 
2025-03-04 10:02:24,137 [ERROR] LogOutputStream:75 - [STDERR_REDIRECT] [Fatal Error] :1:1: Premature end of file.
2025-03-04 10:02:24,137 [ERROR] LogOutputStream:75 - [STDERR_REDIRECT] 
2025-03-04 10:02:24,191 [ERROR] LogOutputStream:75 - [STDERR_REDIRECT] [Fatal Error] :1:1: Premature end of file.
2025-03-04 10:02:24,191 [ERROR] LogOutputStream:75 - [STDERR_REDIRECT] 
2025-03-04 10:02:24,258 [ERROR] LogOutputStream:75 - [STDERR_REDIRECT] [Fatal Error] :1:1: Premature end of file.
2025-03-04 10:02:24,258 [ERROR] LogOutputStream:75 - [STDERR_REDIRECT] 
2025-03-04 10:02:24,321 [ERROR] LogOutputStream:75 - [STDERR_REDIRECT] [Fatal Error] :1:1: Premature end of file.
2025-03-04 10:02:24,321 [ERROR] LogOutputStream:75 - [STDERR_REDIRECT] 
2025-03-04 10:02:24,394 [ERROR] LogOutputStream:75 - [STDERR_REDIRECT] [Fatal Error] :1:1: Premature end of file.
2025-03-04 10:02:24,394 [ERROR] LogOutputStream:75 - [STDERR_REDIRECT] 
2025-03-04 10:02:24,453 [ERROR] LogOutputStream:75 - [STDERR_REDIRECT] [Fatal Error] :1:1: Premature end of file.
2025-03-04 10:02:24,453 [ERROR] LogOutputStream:75 - [STDERR_REDIRECT] 
2025-03-04 10:02:24,462 [INFO] McuFinderGlobals:63 - Set McuFinder mode to 2 (CubeIDE integrated)
2025-03-04 10:02:24,509 [ERROR] LogOutputStream:75 - [STDERR_REDIRECT] [Fatal Error] :1:1: Premature end of file.
2025-03-04 10:02:24,510 [ERROR] LogOutputStream:75 - [STDERR_REDIRECT] 
2025-03-04 10:02:24,527 [INFO] MainUpdater:2872 - connection check result : 10
2025-03-04 10:02:24,545 [INFO] MainUpdater:2872 - connection check result : 10
2025-03-04 10:02:24,568 [ERROR] LogOutputStream:75 - [STDERR_REDIRECT] [Fatal Error] :1:1: Premature end of file.
2025-03-04 10:02:24,568 [ERROR] LogOutputStream:75 - [STDERR_REDIRECT] 
2025-03-04 10:02:24,632 [ERROR] LogOutputStream:75 - [STDERR_REDIRECT] [Fatal Error] :1:1: Premature end of file.
2025-03-04 10:02:24,633 [ERROR] LogOutputStream:75 - [STDERR_REDIRECT] 
2025-03-04 10:02:24,698 [ERROR] LogOutputStream:75 - [STDERR_REDIRECT] [Fatal Error] :1:1: Premature end of file.
2025-03-04 10:02:24,698 [ERROR] LogOutputStream:75 - [STDERR_REDIRECT] 
2025-03-04 10:02:24,750 [ERROR] LogOutputStream:75 - [STDERR_REDIRECT] [Fatal Error] :1:1: Premature end of file.
2025-03-04 10:02:24,750 [ERROR] LogOutputStream:75 - [STDERR_REDIRECT] 
2025-03-04 10:02:24,824 [ERROR] LogOutputStream:75 - [STDERR_REDIRECT] [Fatal Error] :1:1: Premature end of file.
2025-03-04 10:02:24,824 [ERROR] LogOutputStream:75 - [STDERR_REDIRECT] 
2025-03-04 10:02:24,869 [ERROR] LogOutputStream:75 - [STDERR_REDIRECT] [Fatal Error] :1:1: Premature end of file.
2025-03-04 10:02:24,869 [ERROR] LogOutputStream:75 - [STDERR_REDIRECT] 
2025-03-04 10:02:24,924 [ERROR] LogOutputStream:75 - [STDERR_REDIRECT] [Fatal Error] :1:1: Premature end of file.
2025-03-04 10:02:24,924 [ERROR] LogOutputStream:75 - [STDERR_REDIRECT] 
2025-03-04 10:02:24,943 [INFO] MicroXplorer:468 - Change Database Path : 
2025-03-04 10:02:24,944 [INFO] MicroXplorer:498 - Change Database Version : DB.6.0.140
2025-03-04 10:02:24,959 [WARN] ThirdParty:871 - waiting for thirdparty lock release [close project]
2025-03-04 10:02:24,959 [INFO] ThirdParty:873 - entering critical section [close project]
2025-03-04 10:02:24,962 [INFO] ThirdParty:883 - exiting critical section [close project]
2025-03-04 10:02:24,974 [INFO] PinOutPanel:1589 - setPackage(No Configuration,No Configuration)
2025-03-04 10:02:24,997 [INFO] UtilMem:75 - Begin LoadConfig() Used Memory: 705723224 Bytes (898629632)
2025-03-04 10:02:25,030 [ERROR] LogOutputStream:75 - [STDERR_REDIRECT] [Fatal Error] :1:1: Premature end of file.
2025-03-04 10:02:25,032 [ERROR] LogOutputStream:75 - [STDERR_REDIRECT] 
2025-03-04 10:02:25,086 [ERROR] LogOutputStream:75 - [STDERR_REDIRECT] [Fatal Error] :1:1: Premature end of file.
2025-03-04 10:02:25,087 [ERROR] LogOutputStream:75 - [STDERR_REDIRECT] 
2025-03-04 10:02:25,142 [ERROR] LogOutputStream:75 - [STDERR_REDIRECT] [Fatal Error] :1:1: Premature end of file.
2025-03-04 10:02:25,143 [ERROR] LogOutputStream:75 - [STDERR_REDIRECT] 
2025-03-04 10:02:25,251 [ERROR] LogOutputStream:75 - [STDERR_REDIRECT] [Fatal Error] :1:1: Premature end of file.
2025-03-04 10:02:25,251 [ERROR] LogOutputStream:75 - [STDERR_REDIRECT] 
2025-03-04 10:02:25,314 [ERROR] LogOutputStream:75 - [STDERR_REDIRECT] [Fatal Error] :1:1: Premature end of file.
2025-03-04 10:02:25,315 [ERROR] LogOutputStream:75 - [STDERR_REDIRECT] 
2025-03-04 10:02:25,381 [ERROR] LogOutputStream:75 - [STDERR_REDIRECT] [Fatal Error] :1:1: Premature end of file.
2025-03-04 10:02:25,381 [ERROR] LogOutputStream:75 - [STDERR_REDIRECT] 
2025-03-04 10:02:25,504 [ERROR] LogOutputStream:75 - [STDERR_REDIRECT] [Fatal Error] :1:1: Premature end of file.
2025-03-04 10:02:25,504 [ERROR] LogOutputStream:75 - [STDERR_REDIRECT] 
2025-03-04 10:02:25,569 [ERROR] LogOutputStream:75 - [STDERR_REDIRECT] [Fatal Error] :1:1: Premature end of file.
2025-03-04 10:02:25,569 [ERROR] LogOutputStream:75 - [STDERR_REDIRECT] 
2025-03-04 10:02:25,632 [ERROR] LogOutputStream:75 - [STDERR_REDIRECT] [Fatal Error] :1:1: Premature end of file.
2025-03-04 10:02:25,632 [ERROR] LogOutputStream:75 - [STDERR_REDIRECT] 
2025-03-04 10:02:25,691 [ERROR] LogOutputStream:75 - [STDERR_REDIRECT] [Fatal Error] :1:1: Premature end of file.
2025-03-04 10:02:25,691 [ERROR] LogOutputStream:75 - [STDERR_REDIRECT] 
2025-03-04 10:02:25,755 [ERROR] LogOutputStream:75 - [STDERR_REDIRECT] [Fatal Error] :1:1: Premature end of file.
2025-03-04 10:02:25,756 [ERROR] LogOutputStream:75 - [STDERR_REDIRECT] 
2025-03-04 10:02:25,833 [ERROR] LogOutputStream:75 - [STDERR_REDIRECT] [Fatal Error] :1:1: Premature end of file.
2025-03-04 10:02:25,833 [ERROR] LogOutputStream:75 - [STDERR_REDIRECT] 
2025-03-04 10:02:25,897 [ERROR] LogOutputStream:75 - [STDERR_REDIRECT] [Fatal Error] :1:1: Premature end of file.
2025-03-04 10:02:25,897 [ERROR] LogOutputStream:75 - [STDERR_REDIRECT] 
2025-03-04 10:02:25,946 [ERROR] LogOutputStream:75 - [STDERR_REDIRECT] [Fatal Error] :1:1: Premature end of file.
2025-03-04 10:02:25,946 [ERROR] LogOutputStream:75 - [STDERR_REDIRECT] 
2025-03-04 10:02:25,999 [ERROR] LogOutputStream:75 - [STDERR_REDIRECT] [Fatal Error] :1:1: Premature end of file.
2025-03-04 10:02:25,999 [ERROR] LogOutputStream:75 - [STDERR_REDIRECT] 
2025-03-04 10:02:26,056 [ERROR] LogOutputStream:75 - [STDERR_REDIRECT] [Fatal Error] :1:1: Premature end of file.
2025-03-04 10:02:26,056 [ERROR] LogOutputStream:75 - [STDERR_REDIRECT] 
2025-03-04 10:02:26,110 [ERROR] LogOutputStream:75 - [STDERR_REDIRECT] [Fatal Error] :1:1: Premature end of file.
2025-03-04 10:02:26,110 [ERROR] LogOutputStream:75 - [STDERR_REDIRECT] 
2025-03-04 10:02:26,160 [ERROR] LogOutputStream:75 - [STDERR_REDIRECT] [Fatal Error] :1:1: Premature end of file.
2025-03-04 10:02:26,161 [ERROR] LogOutputStream:75 - [STDERR_REDIRECT] 
2025-03-04 10:02:26,205 [ERROR] LogOutputStream:75 - [STDERR_REDIRECT] [Fatal Error] :1:1: Premature end of file.
2025-03-04 10:02:26,206 [ERROR] LogOutputStream:75 - [STDERR_REDIRECT] 
2025-03-04 10:02:26,255 [ERROR] LogOutputStream:75 - [STDERR_REDIRECT] [Fatal Error] :1:1: Premature end of file.
2025-03-04 10:02:26,256 [ERROR] LogOutputStream:75 - [STDERR_REDIRECT] 
2025-03-04 10:02:26,322 [ERROR] LogOutputStream:75 - [STDERR_REDIRECT] [Fatal Error] :1:1: Premature end of file.
2025-03-04 10:02:26,322 [ERROR] LogOutputStream:75 - [STDERR_REDIRECT] 
2025-03-04 10:02:26,390 [ERROR] LogOutputStream:75 - [STDERR_REDIRECT] [Fatal Error] :1:1: Premature end of file.
2025-03-04 10:02:26,390 [ERROR] LogOutputStream:75 - [STDERR_REDIRECT] 
2025-03-04 10:02:26,453 [ERROR] LogOutputStream:75 - [STDERR_REDIRECT] [Fatal Error] :1:1: Premature end of file.
2025-03-04 10:02:26,454 [ERROR] LogOutputStream:75 - [STDERR_REDIRECT] 
2025-03-04 10:02:26,518 [ERROR] LogOutputStream:75 - [STDERR_REDIRECT] [Fatal Error] :1:1: Premature end of file.
2025-03-04 10:02:26,518 [ERROR] LogOutputStream:75 - [STDERR_REDIRECT] 
2025-03-04 10:02:26,581 [ERROR] LogOutputStream:75 - [STDERR_REDIRECT] [Fatal Error] :1:1: Premature end of file.
2025-03-04 10:02:26,581 [ERROR] LogOutputStream:75 - [STDERR_REDIRECT] 
2025-03-04 10:02:26,643 [ERROR] LogOutputStream:75 - [STDERR_REDIRECT] [Fatal Error] :1:1: Premature end of file.
2025-03-04 10:02:26,643 [ERROR] LogOutputStream:75 - [STDERR_REDIRECT] 
2025-03-04 10:02:26,704 [ERROR] LogOutputStream:75 - [STDERR_REDIRECT] [Fatal Error] :1:1: Premature end of file.
2025-03-04 10:02:26,704 [ERROR] LogOutputStream:75 - [STDERR_REDIRECT] 
2025-03-04 10:02:26,771 [ERROR] LogOutputStream:75 - [STDERR_REDIRECT] [Fatal Error] :1:1: Premature end of file.
2025-03-04 10:02:26,771 [ERROR] LogOutputStream:75 - [STDERR_REDIRECT] 
2025-03-04 10:02:26,836 [ERROR] LogOutputStream:75 - [STDERR_REDIRECT] [Fatal Error] :1:1: Premature end of file.
2025-03-04 10:02:26,836 [ERROR] LogOutputStream:75 - [STDERR_REDIRECT] 
2025-03-04 10:02:26,903 [ERROR] LogOutputStream:75 - [STDERR_REDIRECT] [Fatal Error] :1:1: Premature end of file.
2025-03-04 10:02:26,903 [ERROR] LogOutputStream:75 - [STDERR_REDIRECT] 
2025-03-04 10:02:26,976 [ERROR] LogOutputStream:75 - [STDERR_REDIRECT] [Fatal Error] :1:1: Premature end of file.
2025-03-04 10:02:26,976 [ERROR] LogOutputStream:75 - [STDERR_REDIRECT] 
2025-03-04 10:02:27,052 [ERROR] LogOutputStream:75 - [STDERR_REDIRECT] [Fatal Error] :1:1: Premature end of file.
2025-03-04 10:02:27,052 [ERROR] LogOutputStream:75 - [STDERR_REDIRECT] 
2025-03-04 10:02:27,125 [ERROR] LogOutputStream:75 - [STDERR_REDIRECT] [Fatal Error] :1:1: Premature end of file.
2025-03-04 10:02:27,125 [ERROR] LogOutputStream:75 - [STDERR_REDIRECT] 
2025-03-04 10:02:27,192 [ERROR] LogOutputStream:75 - [STDERR_REDIRECT] [Fatal Error] :1:1: Premature end of file.
2025-03-04 10:02:27,192 [ERROR] LogOutputStream:75 - [STDERR_REDIRECT] 
2025-03-04 10:02:27,262 [ERROR] LogOutputStream:75 - [STDERR_REDIRECT] [Fatal Error] :1:1: Premature end of file.
2025-03-04 10:02:27,262 [ERROR] LogOutputStream:75 - [STDERR_REDIRECT] 
2025-03-04 10:02:27,345 [ERROR] LogOutputStream:75 - [STDERR_REDIRECT] [Fatal Error] :1:1: Premature end of file.
2025-03-04 10:02:27,346 [ERROR] LogOutputStream:75 - [STDERR_REDIRECT] 
2025-03-04 10:02:27,427 [ERROR] LogOutputStream:75 - [STDERR_REDIRECT] [Fatal Error] :1:1: Premature end of file.
2025-03-04 10:02:27,427 [ERROR] LogOutputStream:75 - [STDERR_REDIRECT] 
2025-03-04 10:02:27,503 [ERROR] LogOutputStream:75 - [STDERR_REDIRECT] [Fatal Error] :1:1: Premature end of file.
2025-03-04 10:02:27,504 [ERROR] LogOutputStream:75 - [STDERR_REDIRECT] 
2025-03-04 10:02:27,580 [ERROR] LogOutputStream:75 - [STDERR_REDIRECT] [Fatal Error] :1:1: Premature end of file.
2025-03-04 10:02:27,580 [ERROR] LogOutputStream:75 - [STDERR_REDIRECT] 
2025-03-04 10:02:27,652 [ERROR] LogOutputStream:75 - [STDERR_REDIRECT] [Fatal Error] :1:1: Premature end of file.
2025-03-04 10:02:27,652 [ERROR] LogOutputStream:75 - [STDERR_REDIRECT] 
2025-03-04 10:02:27,714 [ERROR] LogOutputStream:75 - [STDERR_REDIRECT] [Fatal Error] :1:1: Premature end of file.
2025-03-04 10:02:27,714 [ERROR] LogOutputStream:75 - [STDERR_REDIRECT] 
2025-03-04 10:02:27,786 [ERROR] LogOutputStream:75 - [STDERR_REDIRECT] [Fatal Error] :1:1: Premature end of file.
2025-03-04 10:02:27,786 [ERROR] LogOutputStream:75 - [STDERR_REDIRECT] 
2025-03-04 10:02:27,851 [ERROR] LogOutputStream:75 - [STDERR_REDIRECT] [Fatal Error] :1:1: Premature end of file.
2025-03-04 10:02:27,852 [ERROR] LogOutputStream:75 - [STDERR_REDIRECT] 
2025-03-04 10:02:27,931 [ERROR] LogOutputStream:75 - [STDERR_REDIRECT] [Fatal Error] :1:1: Premature end of file.
2025-03-04 10:02:27,932 [ERROR] LogOutputStream:75 - [STDERR_REDIRECT] 
2025-03-04 10:02:27,994 [ERROR] LogOutputStream:75 - [STDERR_REDIRECT] [Fatal Error] :1:1: Premature end of file.
2025-03-04 10:02:27,994 [ERROR] LogOutputStream:75 - [STDERR_REDIRECT] 
2025-03-04 10:02:28,053 [ERROR] LogOutputStream:75 - [STDERR_REDIRECT] [Fatal Error] :1:1: Premature end of file.
2025-03-04 10:02:28,054 [ERROR] LogOutputStream:75 - [STDERR_REDIRECT] 
2025-03-04 10:02:28,116 [ERROR] LogOutputStream:75 - [STDERR_REDIRECT] [Fatal Error] :1:1: Premature end of file.
2025-03-04 10:02:28,116 [ERROR] LogOutputStream:75 - [STDERR_REDIRECT] 
2025-03-04 10:02:28,158 [ERROR] LogOutputStream:75 - [STDERR_REDIRECT] [Fatal Error] :1:1: Premature end of file.
2025-03-04 10:02:28,158 [ERROR] LogOutputStream:75 - [STDERR_REDIRECT] 
2025-03-04 10:02:28,199 [ERROR] LogOutputStream:75 - [STDERR_REDIRECT] [Fatal Error] :1:1: Premature end of file.
2025-03-04 10:02:28,199 [ERROR] LogOutputStream:75 - [STDERR_REDIRECT] 
2025-03-04 10:02:28,243 [ERROR] LogOutputStream:75 - [STDERR_REDIRECT] [Fatal Error] :1:1: Premature end of file.
2025-03-04 10:02:28,244 [ERROR] LogOutputStream:75 - [STDERR_REDIRECT] 
2025-03-04 10:02:28,316 [ERROR] LogOutputStream:75 - [STDERR_REDIRECT] [Fatal Error] :1:1: Premature end of file.
2025-03-04 10:02:28,316 [ERROR] LogOutputStream:75 - [STDERR_REDIRECT] 
2025-03-04 10:02:28,388 [ERROR] LogOutputStream:75 - [STDERR_REDIRECT] [Fatal Error] :1:1: Premature end of file.
2025-03-04 10:02:28,388 [ERROR] LogOutputStream:75 - [STDERR_REDIRECT] 
2025-03-04 10:02:28,461 [ERROR] LogOutputStream:75 - [STDERR_REDIRECT] [Fatal Error] :1:1: Premature end of file.
2025-03-04 10:02:28,462 [ERROR] LogOutputStream:75 - [STDERR_REDIRECT] 
2025-03-04 10:02:28,535 [ERROR] LogOutputStream:75 - [STDERR_REDIRECT] [Fatal Error] :1:1: Premature end of file.
2025-03-04 10:02:28,535 [ERROR] LogOutputStream:75 - [STDERR_REDIRECT] 
2025-03-04 10:02:28,611 [ERROR] LogOutputStream:75 - [STDERR_REDIRECT] [Fatal Error] :1:1: Premature end of file.
2025-03-04 10:02:28,611 [ERROR] LogOutputStream:75 - [STDERR_REDIRECT] 
2025-03-04 10:02:28,672 [ERROR] LogOutputStream:75 - [STDERR_REDIRECT] [Fatal Error] :1:1: Premature end of file.
2025-03-04 10:02:28,672 [ERROR] LogOutputStream:75 - [STDERR_REDIRECT] 
2025-03-04 10:02:28,733 [ERROR] LogOutputStream:75 - [STDERR_REDIRECT] [Fatal Error] :1:1: Premature end of file.
2025-03-04 10:02:28,733 [ERROR] LogOutputStream:75 - [STDERR_REDIRECT] 
2025-03-04 10:02:28,779 [ERROR] LogOutputStream:75 - [STDERR_REDIRECT] [Fatal Error] :1:1: Premature end of file.
2025-03-04 10:02:28,780 [ERROR] LogOutputStream:75 - [STDERR_REDIRECT] 
2025-03-04 10:02:28,818 [ERROR] LogOutputStream:75 - [STDERR_REDIRECT] [Fatal Error] :1:1: Premature end of file.
2025-03-04 10:02:28,818 [ERROR] LogOutputStream:75 - [STDERR_REDIRECT] 
2025-03-04 10:02:28,862 [ERROR] LogOutputStream:75 - [STDERR_REDIRECT] [Fatal Error] :1:1: Premature end of file.
2025-03-04 10:02:28,863 [ERROR] LogOutputStream:75 - [STDERR_REDIRECT] 
2025-03-04 10:02:28,907 [ERROR] LogOutputStream:75 - [STDERR_REDIRECT] [Fatal Error] :1:1: Premature end of file.
2025-03-04 10:02:28,907 [ERROR] LogOutputStream:75 - [STDERR_REDIRECT] 
2025-03-04 10:02:28,962 [ERROR] LogOutputStream:75 - [STDERR_REDIRECT] [Fatal Error] :1:1: Premature end of file.
2025-03-04 10:02:28,962 [ERROR] LogOutputStream:75 - [STDERR_REDIRECT] 
2025-03-04 10:02:29,010 [ERROR] LogOutputStream:75 - [STDERR_REDIRECT] [Fatal Error] :1:1: Premature end of file.
2025-03-04 10:02:29,010 [ERROR] LogOutputStream:75 - [STDERR_REDIRECT] 
2025-03-04 10:02:29,062 [ERROR] LogOutputStream:75 - [STDERR_REDIRECT] [Fatal Error] :1:1: Premature end of file.
2025-03-04 10:02:29,063 [ERROR] LogOutputStream:75 - [STDERR_REDIRECT] 
2025-03-04 10:02:29,109 [ERROR] LogOutputStream:75 - [STDERR_REDIRECT] [Fatal Error] :1:1: Premature end of file.
2025-03-04 10:02:29,109 [ERROR] LogOutputStream:75 - [STDERR_REDIRECT] 
2025-03-04 10:02:29,170 [ERROR] LogOutputStream:75 - [STDERR_REDIRECT] [Fatal Error] :1:1: Premature end of file.
2025-03-04 10:02:29,170 [ERROR] LogOutputStream:75 - [STDERR_REDIRECT] 
2025-03-04 10:02:29,227 [ERROR] LogOutputStream:75 - [STDERR_REDIRECT] [Fatal Error] :1:1: Premature end of file.
2025-03-04 10:02:29,227 [ERROR] LogOutputStream:75 - [STDERR_REDIRECT] 
2025-03-04 10:02:29,280 [ERROR] LogOutputStream:75 - [STDERR_REDIRECT] [Fatal Error] :1:1: Premature end of file.
2025-03-04 10:02:29,281 [ERROR] LogOutputStream:75 - [STDERR_REDIRECT] 
2025-03-04 10:02:29,349 [ERROR] LogOutputStream:75 - [STDERR_REDIRECT] [Fatal Error] :1:1: Premature end of file.
2025-03-04 10:02:29,349 [ERROR] LogOutputStream:75 - [STDERR_REDIRECT] 
2025-03-04 10:02:29,408 [ERROR] LogOutputStream:75 - [STDERR_REDIRECT] [Fatal Error] :1:1: Premature end of file.
2025-03-04 10:02:29,408 [ERROR] LogOutputStream:75 - [STDERR_REDIRECT] 
2025-03-04 10:02:29,456 [ERROR] LogOutputStream:75 - [STDERR_REDIRECT] [Fatal Error] :1:1: Premature end of file.
2025-03-04 10:02:29,457 [ERROR] LogOutputStream:75 - [STDERR_REDIRECT] 
2025-03-04 10:02:29,515 [ERROR] LogOutputStream:75 - [STDERR_REDIRECT] [Fatal Error] :1:1: Premature end of file.
2025-03-04 10:02:29,516 [ERROR] LogOutputStream:75 - [STDERR_REDIRECT] 
2025-03-04 10:02:29,572 [ERROR] LogOutputStream:75 - [STDERR_REDIRECT] [Fatal Error] :1:1: Premature end of file.
2025-03-04 10:02:29,572 [ERROR] LogOutputStream:75 - [STDERR_REDIRECT] 
2025-03-04 10:02:29,618 [ERROR] LogOutputStream:75 - [STDERR_REDIRECT] [Fatal Error] :1:1: Premature end of file.
2025-03-04 10:02:29,618 [ERROR] LogOutputStream:75 - [STDERR_REDIRECT] 
2025-03-04 10:02:29,671 [ERROR] LogOutputStream:75 - [STDERR_REDIRECT] [Fatal Error] :1:1: Premature end of file.
2025-03-04 10:02:29,673 [ERROR] LogOutputStream:75 - [STDERR_REDIRECT] 
2025-03-04 10:02:29,732 [ERROR] LogOutputStream:75 - [STDERR_REDIRECT] [Fatal Error] :1:1: Premature end of file.
2025-03-04 10:02:29,733 [ERROR] LogOutputStream:75 - [STDERR_REDIRECT] 
2025-03-04 10:02:29,807 [ERROR] LogOutputStream:75 - [STDERR_REDIRECT] [Fatal Error] :1:1: Premature end of file.
2025-03-04 10:02:29,807 [ERROR] LogOutputStream:75 - [STDERR_REDIRECT] 
2025-03-04 10:02:29,912 [ERROR] LogOutputStream:75 - [STDERR_REDIRECT] [Fatal Error] :1:1: Premature end of file.
2025-03-04 10:02:29,913 [ERROR] LogOutputStream:75 - [STDERR_REDIRECT] 
2025-03-04 10:02:30,004 [ERROR] LogOutputStream:75 - [STDERR_REDIRECT] [Fatal Error] :1:1: Premature end of file.
2025-03-04 10:02:30,004 [ERROR] LogOutputStream:75 - [STDERR_REDIRECT] 
2025-03-04 10:02:30,066 [ERROR] LogOutputStream:75 - [STDERR_REDIRECT] [Fatal Error] :1:1: Premature end of file.
2025-03-04 10:02:30,067 [ERROR] LogOutputStream:75 - [STDERR_REDIRECT] 
2025-03-04 10:02:30,142 [ERROR] LogOutputStream:75 - [STDERR_REDIRECT] [Fatal Error] :1:1: Premature end of file.
2025-03-04 10:02:30,142 [ERROR] LogOutputStream:75 - [STDERR_REDIRECT] 
2025-03-04 10:02:30,201 [ERROR] LogOutputStream:75 - [STDERR_REDIRECT] [Fatal Error] :1:1: Premature end of file.
2025-03-04 10:02:30,201 [ERROR] LogOutputStream:75 - [STDERR_REDIRECT] 
2025-03-04 10:02:30,305 [ERROR] LogOutputStream:75 - [STDERR_REDIRECT] [Fatal Error] :1:1: Premature end of file.
2025-03-04 10:02:30,306 [ERROR] LogOutputStream:75 - [STDERR_REDIRECT] 
2025-03-04 10:02:30,312 [INFO] ServerAccessManage:473 - Download File stm32cube_db_v60130.zip
2025-03-04 10:02:30,404 [ERROR] LogOutputStream:75 - [STDERR_REDIRECT] [Fatal Error] :1:1: Premature end of file.
2025-03-04 10:02:30,404 [ERROR] LogOutputStream:75 - [STDERR_REDIRECT] 
2025-03-04 10:02:30,467 [ERROR] LogOutputStream:75 - [STDERR_REDIRECT] [Fatal Error] :1:1: Premature end of file.
2025-03-04 10:02:30,467 [ERROR] LogOutputStream:75 - [STDERR_REDIRECT] 
2025-03-04 10:02:30,563 [ERROR] LogOutputStream:75 - [STDERR_REDIRECT] [Fatal Error] :1:1: Premature end of file.
2025-03-04 10:02:30,564 [ERROR] LogOutputStream:75 - [STDERR_REDIRECT] 
2025-03-04 10:02:30,628 [ERROR] LogOutputStream:75 - [STDERR_REDIRECT] [Fatal Error] :1:1: Premature end of file.
2025-03-04 10:02:30,628 [ERROR] LogOutputStream:75 - [STDERR_REDIRECT] 
2025-03-04 10:02:30,690 [ERROR] LogOutputStream:75 - [STDERR_REDIRECT] [Fatal Error] :1:1: Premature end of file.
2025-03-04 10:02:30,691 [ERROR] LogOutputStream:75 - [STDERR_REDIRECT] 
2025-03-04 10:02:30,758 [ERROR] LogOutputStream:75 - [STDERR_REDIRECT] [Fatal Error] :1:1: Premature end of file.
2025-03-04 10:02:30,758 [ERROR] LogOutputStream:75 - [STDERR_REDIRECT] 
2025-03-04 10:02:30,821 [ERROR] LogOutputStream:75 - [STDERR_REDIRECT] [Fatal Error] :1:1: Premature end of file.
2025-03-04 10:02:30,821 [ERROR] LogOutputStream:75 - [STDERR_REDIRECT] 
2025-03-04 10:02:30,870 [ERROR] LogOutputStream:75 - [STDERR_REDIRECT] [Fatal Error] :1:1: Premature end of file.
2025-03-04 10:02:30,870 [ERROR] LogOutputStream:75 - [STDERR_REDIRECT] 
2025-03-04 10:02:30,956 [ERROR] LogOutputStream:75 - [STDERR_REDIRECT] [Fatal Error] :1:1: Premature end of file.
2025-03-04 10:02:30,956 [ERROR] LogOutputStream:75 - [STDERR_REDIRECT] 
2025-03-04 10:02:31,011 [ERROR] LogOutputStream:75 - [STDERR_REDIRECT] [Fatal Error] :1:1: Premature end of file.
2025-03-04 10:02:31,011 [ERROR] LogOutputStream:75 - [STDERR_REDIRECT] 
2025-03-04 10:02:31,054 [ERROR] LogOutputStream:75 - [STDERR_REDIRECT] [Fatal Error] :1:1: Premature end of file.
2025-03-04 10:02:31,054 [ERROR] LogOutputStream:75 - [STDERR_REDIRECT] 
2025-03-04 10:02:31,107 [ERROR] LogOutputStream:75 - [STDERR_REDIRECT] [Fatal Error] :1:1: Premature end of file.
2025-03-04 10:02:31,107 [ERROR] LogOutputStream:75 - [STDERR_REDIRECT] 
2025-03-04 10:02:31,161 [ERROR] LogOutputStream:75 - [STDERR_REDIRECT] [Fatal Error] :1:1: Premature end of file.
2025-03-04 10:02:31,161 [ERROR] LogOutputStream:75 - [STDERR_REDIRECT] 
2025-03-04 10:02:31,212 [ERROR] LogOutputStream:75 - [STDERR_REDIRECT] [Fatal Error] :1:1: Premature end of file.
2025-03-04 10:02:31,212 [ERROR] LogOutputStream:75 - [STDERR_REDIRECT] 
2025-03-04 10:02:31,258 [ERROR] LogOutputStream:75 - [STDERR_REDIRECT] [Fatal Error] :1:1: Premature end of file.
2025-03-04 10:02:31,258 [ERROR] LogOutputStream:75 - [STDERR_REDIRECT] 
2025-03-04 10:02:31,320 [ERROR] LogOutputStream:75 - [STDERR_REDIRECT] [Fatal Error] :1:1: Premature end of file.
2025-03-04 10:02:31,321 [ERROR] LogOutputStream:75 - [STDERR_REDIRECT] 
2025-03-04 10:02:31,385 [ERROR] LogOutputStream:75 - [STDERR_REDIRECT] [Fatal Error] :1:1: Premature end of file.
2025-03-04 10:02:31,386 [ERROR] LogOutputStream:75 - [STDERR_REDIRECT] 
2025-03-04 10:02:31,449 [ERROR] LogOutputStream:75 - [STDERR_REDIRECT] [Fatal Error] :1:1: Premature end of file.
2025-03-04 10:02:31,450 [ERROR] LogOutputStream:75 - [STDERR_REDIRECT] 
2025-03-04 10:02:31,510 [ERROR] LogOutputStream:75 - [STDERR_REDIRECT] [Fatal Error] :1:1: Premature end of file.
2025-03-04 10:02:31,510 [ERROR] LogOutputStream:75 - [STDERR_REDIRECT] 
2025-03-04 10:02:31,580 [ERROR] LogOutputStream:75 - [STDERR_REDIRECT] [Fatal Error] :1:1: Premature end of file.
2025-03-04 10:02:31,580 [ERROR] LogOutputStream:75 - [STDERR_REDIRECT] 
2025-03-04 10:02:31,641 [ERROR] LogOutputStream:75 - [STDERR_REDIRECT] [Fatal Error] :1:1: Premature end of file.
2025-03-04 10:02:31,641 [ERROR] LogOutputStream:75 - [STDERR_REDIRECT] 
2025-03-04 10:02:31,692 [ERROR] LogOutputStream:75 - [STDERR_REDIRECT] [Fatal Error] :1:1: Premature end of file.
2025-03-04 10:02:31,692 [ERROR] LogOutputStream:75 - [STDERR_REDIRECT] 
2025-03-04 10:02:31,737 [ERROR] LogOutputStream:75 - [STDERR_REDIRECT] [Fatal Error] :1:1: Premature end of file.
2025-03-04 10:02:31,737 [ERROR] LogOutputStream:75 - [STDERR_REDIRECT] 
2025-03-04 10:02:31,790 [ERROR] LogOutputStream:75 - [STDERR_REDIRECT] [Fatal Error] :1:1: Premature end of file.
2025-03-04 10:02:31,790 [ERROR] LogOutputStream:75 - [STDERR_REDIRECT] 
2025-03-04 10:02:31,843 [ERROR] LogOutputStream:75 - [STDERR_REDIRECT] [Fatal Error] :1:1: Premature end of file.
2025-03-04 10:02:31,843 [ERROR] LogOutputStream:75 - [STDERR_REDIRECT] 
2025-03-04 10:02:31,888 [ERROR] LogOutputStream:75 - [STDERR_REDIRECT] [Fatal Error] :1:1: Premature end of file.
2025-03-04 10:02:31,888 [ERROR] LogOutputStream:75 - [STDERR_REDIRECT] 
2025-03-04 10:02:31,940 [ERROR] LogOutputStream:75 - [STDERR_REDIRECT] [Fatal Error] :1:1: Premature end of file.
2025-03-04 10:02:31,940 [ERROR] LogOutputStream:75 - [STDERR_REDIRECT] 
2025-03-04 10:02:31,995 [ERROR] LogOutputStream:75 - [STDERR_REDIRECT] [Fatal Error] :1:1: Premature end of file.
2025-03-04 10:02:31,995 [ERROR] LogOutputStream:75 - [STDERR_REDIRECT] 
2025-03-04 10:02:32,050 [ERROR] LogOutputStream:75 - [STDERR_REDIRECT] [Fatal Error] :1:1: Premature end of file.
2025-03-04 10:02:32,050 [ERROR] LogOutputStream:75 - [STDERR_REDIRECT] 
2025-03-04 10:02:32,094 [ERROR] LogOutputStream:75 - [STDERR_REDIRECT] [Fatal Error] :1:1: Premature end of file.
2025-03-04 10:02:32,095 [ERROR] LogOutputStream:75 - [STDERR_REDIRECT] 
2025-03-04 10:02:32,145 [ERROR] LogOutputStream:75 - [STDERR_REDIRECT] [Fatal Error] :1:1: Premature end of file.
2025-03-04 10:02:32,145 [ERROR] LogOutputStream:75 - [STDERR_REDIRECT] 
2025-03-04 10:02:32,193 [ERROR] LogOutputStream:75 - [STDERR_REDIRECT] [Fatal Error] :1:1: Premature end of file.
2025-03-04 10:02:32,193 [ERROR] LogOutputStream:75 - [STDERR_REDIRECT] 
2025-03-04 10:02:32,251 [ERROR] LogOutputStream:75 - [STDERR_REDIRECT] [Fatal Error] :1:1: Premature end of file.
2025-03-04 10:02:32,251 [ERROR] LogOutputStream:75 - [STDERR_REDIRECT] 
2025-03-04 10:02:32,320 [ERROR] LogOutputStream:75 - [STDERR_REDIRECT] [Fatal Error] :1:1: Premature end of file.
2025-03-04 10:02:32,320 [ERROR] LogOutputStream:75 - [STDERR_REDIRECT] 
2025-03-04 10:02:32,390 [ERROR] LogOutputStream:75 - [STDERR_REDIRECT] [Fatal Error] :1:1: Premature end of file.
2025-03-04 10:02:32,390 [ERROR] LogOutputStream:75 - [STDERR_REDIRECT] 
2025-03-04 10:02:32,457 [ERROR] LogOutputStream:75 - [STDERR_REDIRECT] [Fatal Error] :1:1: Premature end of file.
2025-03-04 10:02:32,457 [ERROR] LogOutputStream:75 - [STDERR_REDIRECT] 
2025-03-04 10:02:32,518 [ERROR] LogOutputStream:75 - [STDERR_REDIRECT] [Fatal Error] :1:1: Premature end of file.
2025-03-04 10:02:32,518 [ERROR] LogOutputStream:75 - [STDERR_REDIRECT] 
2025-03-04 10:02:32,574 [ERROR] LogOutputStream:75 - [STDERR_REDIRECT] [Fatal Error] :1:1: Premature end of file.
2025-03-04 10:02:32,575 [ERROR] LogOutputStream:75 - [STDERR_REDIRECT] 
2025-03-04 10:02:32,626 [ERROR] LogOutputStream:75 - [STDERR_REDIRECT] [Fatal Error] :1:1: Premature end of file.
2025-03-04 10:02:32,626 [ERROR] LogOutputStream:75 - [STDERR_REDIRECT] 
2025-03-04 10:02:32,671 [ERROR] LogOutputStream:75 - [STDERR_REDIRECT] [Fatal Error] :1:1: Premature end of file.
2025-03-04 10:02:32,671 [ERROR] LogOutputStream:75 - [STDERR_REDIRECT] 
2025-03-04 10:02:32,714 [ERROR] LogOutputStream:75 - [STDERR_REDIRECT] [Fatal Error] :1:1: Premature end of file.
2025-03-04 10:02:32,715 [ERROR] LogOutputStream:75 - [STDERR_REDIRECT] 
2025-03-04 10:02:32,758 [ERROR] LogOutputStream:75 - [STDERR_REDIRECT] [Fatal Error] :1:1: Premature end of file.
2025-03-04 10:02:32,758 [ERROR] LogOutputStream:75 - [STDERR_REDIRECT] 
2025-03-04 10:02:32,806 [ERROR] LogOutputStream:75 - [STDERR_REDIRECT] [Fatal Error] :1:1: Premature end of file.
2025-03-04 10:02:32,807 [ERROR] LogOutputStream:75 - [STDERR_REDIRECT] 
2025-03-04 10:02:32,852 [ERROR] LogOutputStream:75 - [STDERR_REDIRECT] [Fatal Error] :1:1: Premature end of file.
2025-03-04 10:02:32,852 [ERROR] LogOutputStream:75 - [STDERR_REDIRECT] 
2025-03-04 10:02:32,898 [ERROR] LogOutputStream:75 - [STDERR_REDIRECT] [Fatal Error] :1:1: Premature end of file.
2025-03-04 10:02:32,898 [ERROR] LogOutputStream:75 - [STDERR_REDIRECT] 
2025-03-04 10:02:32,949 [ERROR] LogOutputStream:75 - [STDERR_REDIRECT] [Fatal Error] :1:1: Premature end of file.
2025-03-04 10:02:32,949 [ERROR] LogOutputStream:75 - [STDERR_REDIRECT] 
2025-03-04 10:02:33,012 [ERROR] LogOutputStream:75 - [STDERR_REDIRECT] [Fatal Error] :1:1: Premature end of file.
2025-03-04 10:02:33,013 [ERROR] LogOutputStream:75 - [STDERR_REDIRECT] 
2025-03-04 10:02:33,073 [ERROR] LogOutputStream:75 - [STDERR_REDIRECT] [Fatal Error] :1:1: Premature end of file.
2025-03-04 10:02:33,073 [ERROR] LogOutputStream:75 - [STDERR_REDIRECT] 
2025-03-04 10:02:33,143 [ERROR] LogOutputStream:75 - [STDERR_REDIRECT] [Fatal Error] :1:1: Premature end of file.
2025-03-04 10:02:33,143 [ERROR] LogOutputStream:75 - [STDERR_REDIRECT] 
2025-03-04 10:02:33,200 [ERROR] LogOutputStream:75 - [STDERR_REDIRECT] [Fatal Error] :1:1: Premature end of file.
2025-03-04 10:02:33,200 [ERROR] LogOutputStream:75 - [STDERR_REDIRECT] 
2025-03-04 10:02:33,250 [ERROR] LogOutputStream:75 - [STDERR_REDIRECT] [Fatal Error] :1:1: Premature end of file.
2025-03-04 10:02:33,252 [ERROR] LogOutputStream:75 - [STDERR_REDIRECT] 
2025-03-04 10:02:33,320 [ERROR] LogOutputStream:75 - [STDERR_REDIRECT] [Fatal Error] :1:1: Premature end of file.
2025-03-04 10:02:33,320 [ERROR] LogOutputStream:75 - [STDERR_REDIRECT] 
2025-03-04 10:02:33,408 [ERROR] LogOutputStream:75 - [STDERR_REDIRECT] [Fatal Error] :1:1: Premature end of file.
2025-03-04 10:02:33,408 [ERROR] LogOutputStream:75 - [STDERR_REDIRECT] 
2025-03-04 10:02:33,484 [ERROR] LogOutputStream:75 - [STDERR_REDIRECT] [Fatal Error] :1:1: Premature end of file.
2025-03-04 10:02:33,484 [ERROR] LogOutputStream:75 - [STDERR_REDIRECT] 
2025-03-04 10:02:33,540 [ERROR] LogOutputStream:75 - [STDERR_REDIRECT] [Fatal Error] :1:1: Premature end of file.
2025-03-04 10:02:33,540 [ERROR] LogOutputStream:75 - [STDERR_REDIRECT] 
2025-03-04 10:02:33,596 [ERROR] LogOutputStream:75 - [STDERR_REDIRECT] [Fatal Error] :1:1: Premature end of file.
2025-03-04 10:02:33,597 [ERROR] LogOutputStream:75 - [STDERR_REDIRECT] 
2025-03-04 10:02:33,657 [ERROR] LogOutputStream:75 - [STDERR_REDIRECT] [Fatal Error] :1:1: Premature end of file.
2025-03-04 10:02:33,657 [ERROR] LogOutputStream:75 - [STDERR_REDIRECT] 
2025-03-04 10:02:33,714 [ERROR] LogOutputStream:75 - [STDERR_REDIRECT] [Fatal Error] :1:1: Premature end of file.
2025-03-04 10:02:33,714 [ERROR] LogOutputStream:75 - [STDERR_REDIRECT] 
2025-03-04 10:02:33,770 [ERROR] LogOutputStream:75 - [STDERR_REDIRECT] [Fatal Error] :1:1: Premature end of file.
2025-03-04 10:02:33,770 [ERROR] LogOutputStream:75 - [STDERR_REDIRECT] 
2025-03-04 10:02:33,826 [ERROR] LogOutputStream:75 - [STDERR_REDIRECT] [Fatal Error] :1:1: Premature end of file.
2025-03-04 10:02:33,826 [ERROR] LogOutputStream:75 - [STDERR_REDIRECT] 
2025-03-04 10:02:33,869 [ERROR] LogOutputStream:75 - [STDERR_REDIRECT] [Fatal Error] :1:1: Premature end of file.
2025-03-04 10:02:33,869 [ERROR] LogOutputStream:75 - [STDERR_REDIRECT] 
2025-03-04 10:02:33,917 [ERROR] LogOutputStream:75 - [STDERR_REDIRECT] [Fatal Error] :1:1: Premature end of file.
2025-03-04 10:02:33,917 [ERROR] LogOutputStream:75 - [STDERR_REDIRECT] 
2025-03-04 10:02:33,972 [ERROR] LogOutputStream:75 - [STDERR_REDIRECT] [Fatal Error] :1:1: Premature end of file.
2025-03-04 10:02:33,973 [ERROR] LogOutputStream:75 - [STDERR_REDIRECT] 
2025-03-04 10:02:34,026 [ERROR] LogOutputStream:75 - [STDERR_REDIRECT] [Fatal Error] :1:1: Premature end of file.
2025-03-04 10:02:34,026 [ERROR] LogOutputStream:75 - [STDERR_REDIRECT] 
2025-03-04 10:02:34,084 [ERROR] LogOutputStream:75 - [STDERR_REDIRECT] [Fatal Error] :1:1: Premature end of file.
2025-03-04 10:02:34,085 [ERROR] LogOutputStream:75 - [STDERR_REDIRECT] 
2025-03-04 10:02:34,134 [ERROR] LogOutputStream:75 - [STDERR_REDIRECT] [Fatal Error] :1:1: Premature end of file.
2025-03-04 10:02:34,134 [ERROR] LogOutputStream:75 - [STDERR_REDIRECT] 
2025-03-04 10:02:34,188 [ERROR] LogOutputStream:75 - [STDERR_REDIRECT] [Fatal Error] :1:1: Premature end of file.
2025-03-04 10:02:34,188 [ERROR] LogOutputStream:75 - [STDERR_REDIRECT] 
2025-03-04 10:02:34,243 [ERROR] LogOutputStream:75 - [STDERR_REDIRECT] [Fatal Error] :1:1: Premature end of file.
2025-03-04 10:02:34,243 [ERROR] LogOutputStream:75 - [STDERR_REDIRECT] 
2025-03-04 10:02:34,298 [ERROR] LogOutputStream:75 - [STDERR_REDIRECT] [Fatal Error] :1:1: Premature end of file.
2025-03-04 10:02:34,298 [ERROR] LogOutputStream:75 - [STDERR_REDIRECT] 
2025-03-04 10:02:34,371 [ERROR] LogOutputStream:75 - [STDERR_REDIRECT] [Fatal Error] :1:1: Premature end of file.
2025-03-04 10:02:34,371 [ERROR] LogOutputStream:75 - [STDERR_REDIRECT] 
2025-03-04 10:02:34,435 [ERROR] LogOutputStream:75 - [STDERR_REDIRECT] [Fatal Error] :1:1: Premature end of file.
2025-03-04 10:02:34,435 [ERROR] LogOutputStream:75 - [STDERR_REDIRECT] 
2025-03-04 10:02:34,491 [ERROR] LogOutputStream:75 - [STDERR_REDIRECT] [Fatal Error] :1:1: Premature end of file.
2025-03-04 10:02:34,491 [ERROR] LogOutputStream:75 - [STDERR_REDIRECT] 
2025-03-04 10:02:34,552 [ERROR] LogOutputStream:75 - [STDERR_REDIRECT] [Fatal Error] :1:1: Premature end of file.
2025-03-04 10:02:34,553 [ERROR] LogOutputStream:75 - [STDERR_REDIRECT] 
2025-03-04 10:02:34,618 [ERROR] LogOutputStream:75 - [STDERR_REDIRECT] [Fatal Error] :1:1: Premature end of file.
2025-03-04 10:02:34,618 [ERROR] LogOutputStream:75 - [STDERR_REDIRECT] 
2025-03-04 10:02:34,683 [ERROR] LogOutputStream:75 - [STDERR_REDIRECT] [Fatal Error] :1:1: Premature end of file.
2025-03-04 10:02:34,683 [ERROR] LogOutputStream:75 - [STDERR_REDIRECT] 
2025-03-04 10:02:34,735 [ERROR] LogOutputStream:75 - [STDERR_REDIRECT] [Fatal Error] :1:1: Premature end of file.
2025-03-04 10:02:34,735 [ERROR] LogOutputStream:75 - [STDERR_REDIRECT] 
2025-03-04 10:02:34,788 [ERROR] LogOutputStream:75 - [STDERR_REDIRECT] [Fatal Error] :1:1: Premature end of file.
2025-03-04 10:02:34,789 [ERROR] LogOutputStream:75 - [STDERR_REDIRECT] 
2025-03-04 10:02:34,838 [ERROR] LogOutputStream:75 - [STDERR_REDIRECT] [Fatal Error] :1:1: Premature end of file.
2025-03-04 10:02:34,838 [ERROR] LogOutputStream:75 - [STDERR_REDIRECT] 
2025-03-04 10:02:34,894 [ERROR] LogOutputStream:75 - [STDERR_REDIRECT] [Fatal Error] :1:1: Premature end of file.
2025-03-04 10:02:34,894 [ERROR] LogOutputStream:75 - [STDERR_REDIRECT] 
2025-03-04 10:02:34,938 [ERROR] LogOutputStream:75 - [STDERR_REDIRECT] [Fatal Error] :1:1: Premature end of file.
2025-03-04 10:02:34,938 [ERROR] LogOutputStream:75 - [STDERR_REDIRECT] 
2025-03-04 10:02:34,984 [ERROR] LogOutputStream:75 - [STDERR_REDIRECT] [Fatal Error] :1:1: Premature end of file.
2025-03-04 10:02:34,984 [ERROR] LogOutputStream:75 - [STDERR_REDIRECT] 
2025-03-04 10:02:35,049 [ERROR] LogOutputStream:75 - [STDERR_REDIRECT] [Fatal Error] :1:1: Premature end of file.
2025-03-04 10:02:35,049 [ERROR] LogOutputStream:75 - [STDERR_REDIRECT] 
2025-03-04 10:02:35,097 [ERROR] LogOutputStream:75 - [STDERR_REDIRECT] [Fatal Error] :1:1: Premature end of file.
2025-03-04 10:02:35,097 [ERROR] LogOutputStream:75 - [STDERR_REDIRECT] 
2025-03-04 10:02:35,148 [ERROR] LogOutputStream:75 - [STDERR_REDIRECT] [Fatal Error] :1:1: Premature end of file.
2025-03-04 10:02:35,148 [ERROR] LogOutputStream:75 - [STDERR_REDIRECT] 
2025-03-04 10:02:35,219 [ERROR] LogOutputStream:75 - [STDERR_REDIRECT] [Fatal Error] :1:1: Premature end of file.
2025-03-04 10:02:35,219 [ERROR] LogOutputStream:75 - [STDERR_REDIRECT] 
2025-03-04 10:02:35,297 [ERROR] LogOutputStream:75 - [STDERR_REDIRECT] [Fatal Error] :1:1: Premature end of file.
2025-03-04 10:02:35,297 [ERROR] LogOutputStream:75 - [STDERR_REDIRECT] 
2025-03-04 10:02:35,386 [ERROR] LogOutputStream:75 - [STDERR_REDIRECT] [Fatal Error] :1:1: Premature end of file.
2025-03-04 10:02:35,386 [ERROR] LogOutputStream:75 - [STDERR_REDIRECT] 
2025-03-04 10:02:35,466 [ERROR] LogOutputStream:75 - [STDERR_REDIRECT] [Fatal Error] :1:1: Premature end of file.
2025-03-04 10:02:35,466 [ERROR] LogOutputStream:75 - [STDERR_REDIRECT] 
2025-03-04 10:02:35,547 [ERROR] LogOutputStream:75 - [STDERR_REDIRECT] [Fatal Error] :1:1: Premature end of file.
2025-03-04 10:02:35,547 [ERROR] LogOutputStream:75 - [STDERR_REDIRECT] 
2025-03-04 10:02:35,593 [ERROR] LogOutputStream:75 - [STDERR_REDIRECT] [Fatal Error] :1:1: Premature end of file.
2025-03-04 10:02:35,594 [ERROR] LogOutputStream:75 - [STDERR_REDIRECT] 
2025-03-04 10:02:35,661 [ERROR] LogOutputStream:75 - [STDERR_REDIRECT] [Fatal Error] :1:1: Premature end of file.
2025-03-04 10:02:35,662 [ERROR] LogOutputStream:75 - [STDERR_REDIRECT] 
2025-03-04 10:02:35,712 [ERROR] LogOutputStream:75 - [STDERR_REDIRECT] [Fatal Error] :1:1: Premature end of file.
2025-03-04 10:02:35,712 [ERROR] LogOutputStream:75 - [STDERR_REDIRECT] 
2025-03-04 10:02:35,768 [ERROR] LogOutputStream:75 - [STDERR_REDIRECT] [Fatal Error] :1:1: Premature end of file.
2025-03-04 10:02:35,768 [ERROR] LogOutputStream:75 - [STDERR_REDIRECT] 
2025-03-04 10:02:35,829 [ERROR] LogOutputStream:75 - [STDERR_REDIRECT] [Fatal Error] :1:1: Premature end of file.
2025-03-04 10:02:35,829 [ERROR] LogOutputStream:75 - [STDERR_REDIRECT] 
2025-03-04 10:02:35,869 [ERROR] LogOutputStream:75 - [STDERR_REDIRECT] [Fatal Error] :1:1: Premature end of file.
2025-03-04 10:02:35,871 [ERROR] LogOutputStream:75 - [STDERR_REDIRECT] 
2025-03-04 10:02:35,918 [ERROR] LogOutputStream:75 - [STDERR_REDIRECT] [Fatal Error] :1:1: Premature end of file.
2025-03-04 10:02:35,919 [ERROR] LogOutputStream:75 - [STDERR_REDIRECT] 
2025-03-04 10:02:35,970 [ERROR] LogOutputStream:75 - [STDERR_REDIRECT] [Fatal Error] :1:1: Premature end of file.
2025-03-04 10:02:35,970 [ERROR] LogOutputStream:75 - [STDERR_REDIRECT] 
2025-03-04 10:02:36,034 [ERROR] LogOutputStream:75 - [STDERR_REDIRECT] [Fatal Error] :1:1: Premature end of file.
2025-03-04 10:02:36,034 [ERROR] LogOutputStream:75 - [STDERR_REDIRECT] 
2025-03-04 10:02:36,087 [ERROR] LogOutputStream:75 - [STDERR_REDIRECT] [Fatal Error] :1:1: Premature end of file.
2025-03-04 10:02:36,087 [ERROR] LogOutputStream:75 - [STDERR_REDIRECT] 
2025-03-04 10:02:36,147 [ERROR] LogOutputStream:75 - [STDERR_REDIRECT] [Fatal Error] :1:1: Premature end of file.
2025-03-04 10:02:36,147 [ERROR] LogOutputStream:75 - [STDERR_REDIRECT] 
2025-03-04 10:02:36,200 [ERROR] LogOutputStream:75 - [STDERR_REDIRECT] [Fatal Error] :1:1: Premature end of file.
2025-03-04 10:02:36,200 [ERROR] LogOutputStream:75 - [STDERR_REDIRECT] 
2025-03-04 10:02:36,263 [ERROR] LogOutputStream:75 - [STDERR_REDIRECT] [Fatal Error] :1:1: Premature end of file.
2025-03-04 10:02:36,264 [ERROR] LogOutputStream:75 - [STDERR_REDIRECT] 
2025-03-04 10:02:36,341 [ERROR] LogOutputStream:75 - [STDERR_REDIRECT] [Fatal Error] :1:1: Premature end of file.
2025-03-04 10:02:36,342 [ERROR] LogOutputStream:75 - [STDERR_REDIRECT] 
2025-03-04 10:02:36,403 [ERROR] LogOutputStream:75 - [STDERR_REDIRECT] [Fatal Error] :1:1: Premature end of file.
2025-03-04 10:02:36,404 [ERROR] LogOutputStream:75 - [STDERR_REDIRECT] 
2025-03-04 10:02:36,451 [ERROR] LogOutputStream:75 - [STDERR_REDIRECT] [Fatal Error] :1:1: Premature end of file.
2025-03-04 10:02:36,451 [ERROR] LogOutputStream:75 - [STDERR_REDIRECT] 
2025-03-04 10:02:36,498 [ERROR] LogOutputStream:75 - [STDERR_REDIRECT] [Fatal Error] :1:1: Premature end of file.
2025-03-04 10:02:36,499 [ERROR] LogOutputStream:75 - [STDERR_REDIRECT] 
2025-03-04 10:02:36,549 [ERROR] LogOutputStream:75 - [STDERR_REDIRECT] [Fatal Error] :1:1: Premature end of file.
2025-03-04 10:02:36,550 [ERROR] LogOutputStream:75 - [STDERR_REDIRECT] 
2025-03-04 10:02:36,597 [ERROR] LogOutputStream:75 - [STDERR_REDIRECT] [Fatal Error] :1:1: Premature end of file.
2025-03-04 10:02:36,597 [ERROR] LogOutputStream:75 - [STDERR_REDIRECT] 
2025-03-04 10:02:36,656 [ERROR] LogOutputStream:75 - [STDERR_REDIRECT] [Fatal Error] :1:1: Premature end of file.
2025-03-04 10:02:36,656 [ERROR] LogOutputStream:75 - [STDERR_REDIRECT] 
2025-03-04 10:02:36,717 [ERROR] LogOutputStream:75 - [STDERR_REDIRECT] [Fatal Error] :1:1: Premature end of file.
2025-03-04 10:02:36,717 [ERROR] LogOutputStream:75 - [STDERR_REDIRECT] 
2025-03-04 10:02:36,782 [ERROR] LogOutputStream:75 - [STDERR_REDIRECT] [Fatal Error] :1:1: Premature end of file.
2025-03-04 10:02:36,782 [ERROR] LogOutputStream:75 - [STDERR_REDIRECT] 
2025-03-04 10:02:36,856 [ERROR] LogOutputStream:75 - [STDERR_REDIRECT] [Fatal Error] :1:1: Premature end of file.
2025-03-04 10:02:36,857 [ERROR] LogOutputStream:75 - [STDERR_REDIRECT] 
2025-03-04 10:02:36,929 [ERROR] LogOutputStream:75 - [STDERR_REDIRECT] [Fatal Error] :1:1: Premature end of file.
2025-03-04 10:02:36,930 [ERROR] LogOutputStream:75 - [STDERR_REDIRECT] 
2025-03-04 10:02:36,991 [ERROR] LogOutputStream:75 - [STDERR_REDIRECT] [Fatal Error] :1:1: Premature end of file.
2025-03-04 10:02:36,991 [ERROR] LogOutputStream:75 - [STDERR_REDIRECT] 
2025-03-04 10:02:37,048 [ERROR] LogOutputStream:75 - [STDERR_REDIRECT] [Fatal Error] :1:1: Premature end of file.
2025-03-04 10:02:37,049 [ERROR] LogOutputStream:75 - [STDERR_REDIRECT] 
2025-03-04 10:02:37,113 [ERROR] LogOutputStream:75 - [STDERR_REDIRECT] [Fatal Error] :1:1: Premature end of file.
2025-03-04 10:02:37,113 [ERROR] LogOutputStream:75 - [STDERR_REDIRECT] 
2025-03-04 10:02:37,171 [ERROR] LogOutputStream:75 - [STDERR_REDIRECT] [Fatal Error] :1:1: Premature end of file.
2025-03-04 10:02:37,171 [ERROR] LogOutputStream:75 - [STDERR_REDIRECT] 
2025-03-04 10:02:37,232 [ERROR] LogOutputStream:75 - [STDERR_REDIRECT] [Fatal Error] :1:1: Premature end of file.
2025-03-04 10:02:37,233 [ERROR] LogOutputStream:75 - [STDERR_REDIRECT] 
2025-03-04 10:02:37,294 [ERROR] LogOutputStream:75 - [STDERR_REDIRECT] [Fatal Error] :1:1: Premature end of file.
2025-03-04 10:02:37,294 [ERROR] LogOutputStream:75 - [STDERR_REDIRECT] 
2025-03-04 10:02:37,364 [ERROR] LogOutputStream:75 - [STDERR_REDIRECT] [Fatal Error] :1:1: Premature end of file.
2025-03-04 10:02:37,365 [ERROR] LogOutputStream:75 - [STDERR_REDIRECT] 
2025-03-04 10:02:37,442 [ERROR] LogOutputStream:75 - [STDERR_REDIRECT] [Fatal Error] :1:1: Premature end of file.
2025-03-04 10:02:37,442 [ERROR] LogOutputStream:75 - [STDERR_REDIRECT] 
2025-03-04 10:02:37,512 [ERROR] LogOutputStream:75 - [STDERR_REDIRECT] [Fatal Error] :1:1: Premature end of file.
2025-03-04 10:02:37,512 [ERROR] LogOutputStream:75 - [STDERR_REDIRECT] 
2025-03-04 10:02:37,585 [ERROR] LogOutputStream:75 - [STDERR_REDIRECT] [Fatal Error] :1:1: Premature end of file.
2025-03-04 10:02:37,586 [ERROR] LogOutputStream:75 - [STDERR_REDIRECT] 
2025-03-04 10:02:37,667 [ERROR] LogOutputStream:75 - [STDERR_REDIRECT] [Fatal Error] :1:1: Premature end of file.
2025-03-04 10:02:37,667 [ERROR] LogOutputStream:75 - [STDERR_REDIRECT] 
2025-03-04 10:02:37,741 [ERROR] LogOutputStream:75 - [STDERR_REDIRECT] [Fatal Error] :1:1: Premature end of file.
2025-03-04 10:02:37,741 [ERROR] LogOutputStream:75 - [STDERR_REDIRECT] 
2025-03-04 10:02:37,801 [ERROR] LogOutputStream:75 - [STDERR_REDIRECT] [Fatal Error] :1:1: Premature end of file.
2025-03-04 10:02:37,801 [ERROR] LogOutputStream:75 - [STDERR_REDIRECT] 
2025-03-04 10:02:37,874 [ERROR] LogOutputStream:75 - [STDERR_REDIRECT] [Fatal Error] :1:1: Premature end of file.
2025-03-04 10:02:37,875 [ERROR] LogOutputStream:75 - [STDERR_REDIRECT] 
2025-03-04 10:02:37,944 [ERROR] LogOutputStream:75 - [STDERR_REDIRECT] [Fatal Error] :1:1: Premature end of file.
2025-03-04 10:02:37,944 [ERROR] LogOutputStream:75 - [STDERR_REDIRECT] 
2025-03-04 10:02:38,010 [ERROR] LogOutputStream:75 - [STDERR_REDIRECT] [Fatal Error] :1:1: Premature end of file.
2025-03-04 10:02:38,011 [ERROR] LogOutputStream:75 - [STDERR_REDIRECT] 
2025-03-04 10:02:38,084 [ERROR] LogOutputStream:75 - [STDERR_REDIRECT] [Fatal Error] :1:1: Premature end of file.
2025-03-04 10:02:38,084 [ERROR] LogOutputStream:75 - [STDERR_REDIRECT] 
2025-03-04 10:02:38,164 [ERROR] LogOutputStream:75 - [STDERR_REDIRECT] [Fatal Error] :1:1: Premature end of file.
2025-03-04 10:02:38,164 [ERROR] LogOutputStream:75 - [STDERR_REDIRECT] 
2025-03-04 10:02:38,235 [ERROR] LogOutputStream:75 - [STDERR_REDIRECT] [Fatal Error] :1:1: Premature end of file.
2025-03-04 10:02:38,236 [ERROR] LogOutputStream:75 - [STDERR_REDIRECT] 
2025-03-04 10:02:38,316 [ERROR] LogOutputStream:75 - [STDERR_REDIRECT] [Fatal Error] :1:1: Premature end of file.
2025-03-04 10:02:38,316 [ERROR] LogOutputStream:75 - [STDERR_REDIRECT] 
2025-03-04 10:02:38,396 [ERROR] LogOutputStream:75 - [STDERR_REDIRECT] [Fatal Error] :1:1: Premature end of file.
2025-03-04 10:02:38,396 [ERROR] LogOutputStream:75 - [STDERR_REDIRECT] 
2025-03-04 10:02:38,473 [ERROR] LogOutputStream:75 - [STDERR_REDIRECT] [Fatal Error] :1:1: Premature end of file.
2025-03-04 10:02:38,473 [ERROR] LogOutputStream:75 - [STDERR_REDIRECT] 
2025-03-04 10:02:38,548 [ERROR] LogOutputStream:75 - [STDERR_REDIRECT] [Fatal Error] :1:1: Premature end of file.
2025-03-04 10:02:38,548 [ERROR] LogOutputStream:75 - [STDERR_REDIRECT] 
2025-03-04 10:02:38,615 [ERROR] LogOutputStream:75 - [STDERR_REDIRECT] [Fatal Error] :1:1: Premature end of file.
2025-03-04 10:02:38,615 [ERROR] LogOutputStream:75 - [STDERR_REDIRECT] 
2025-03-04 10:02:38,680 [ERROR] LogOutputStream:75 - [STDERR_REDIRECT] [Fatal Error] :1:1: Premature end of file.
2025-03-04 10:02:38,680 [ERROR] LogOutputStream:75 - [STDERR_REDIRECT] 
2025-03-04 10:02:38,743 [ERROR] LogOutputStream:75 - [STDERR_REDIRECT] [Fatal Error] :1:1: Premature end of file.
2025-03-04 10:02:38,743 [ERROR] LogOutputStream:75 - [STDERR_REDIRECT] 
2025-03-04 10:02:39,139 [ERROR] LogOutputStream:75 - [STDERR_REDIRECT] [Fatal Error] :1:1: Premature end of file.
2025-03-04 10:02:39,139 [ERROR] LogOutputStream:75 - [STDERR_REDIRECT] 
2025-03-04 10:02:40,133 [ERROR] LogOutputStream:75 - [STDERR_REDIRECT] [Fatal Error] :1:1: Premature end of file.
2025-03-04 10:02:40,133 [ERROR] LogOutputStream:75 - [STDERR_REDIRECT] 
2025-03-04 10:02:41,142 [ERROR] LogOutputStream:75 - [STDERR_REDIRECT] [Fatal Error] :1:1: Premature end of file.
2025-03-04 10:02:41,142 [ERROR] LogOutputStream:75 - [STDERR_REDIRECT] 
2025-03-04 10:02:42,140 [ERROR] LogOutputStream:75 - [STDERR_REDIRECT] [Fatal Error] :1:1: Premature end of file.
2025-03-04 10:02:42,140 [ERROR] LogOutputStream:75 - [STDERR_REDIRECT] 
2025-03-04 10:02:43,149 [ERROR] LogOutputStream:75 - [STDERR_REDIRECT] [Fatal Error] :1:1: Premature end of file.
2025-03-04 10:02:43,150 [ERROR] LogOutputStream:75 - [STDERR_REDIRECT] 
2025-03-04 10:02:44,149 [ERROR] LogOutputStream:75 - [STDERR_REDIRECT] [Fatal Error] :1:1: Premature end of file.
2025-03-04 10:02:44,149 [ERROR] LogOutputStream:75 - [STDERR_REDIRECT] 
2025-03-04 10:02:45,157 [ERROR] LogOutputStream:75 - [STDERR_REDIRECT] [Fatal Error] :1:1: Premature end of file.
2025-03-04 10:02:45,158 [ERROR] LogOutputStream:75 - [STDERR_REDIRECT] 
2025-03-04 10:02:46,154 [ERROR] LogOutputStream:75 - [STDERR_REDIRECT] [Fatal Error] :1:1: Premature end of file.
2025-03-04 10:02:46,154 [ERROR] LogOutputStream:75 - [STDERR_REDIRECT] 
2025-03-04 10:02:47,130 [ERROR] LogOutputStream:75 - [STDERR_REDIRECT] [Fatal Error] :1:1: Premature end of file.
2025-03-04 10:02:47,130 [ERROR] LogOutputStream:75 - [STDERR_REDIRECT] 
2025-03-04 10:02:48,149 [ERROR] LogOutputStream:75 - [STDERR_REDIRECT] [Fatal Error] :1:1: Premature end of file.
2025-03-04 10:02:48,149 [ERROR] LogOutputStream:75 - [STDERR_REDIRECT] 
2025-03-04 10:02:49,131 [ERROR] LogOutputStream:75 - [STDERR_REDIRECT] [Fatal Error] :1:1: Premature end of file.
2025-03-04 10:02:49,132 [ERROR] LogOutputStream:75 - [STDERR_REDIRECT] 
2025-03-04 10:02:50,138 [ERROR] LogOutputStream:75 - [STDERR_REDIRECT] [Fatal Error] :1:1: Premature end of file.
2025-03-04 10:02:50,139 [ERROR] LogOutputStream:75 - [STDERR_REDIRECT] 
2025-03-04 10:02:51,130 [ERROR] LogOutputStream:75 - [STDERR_REDIRECT] [Fatal Error] :1:1: Premature end of file.
2025-03-04 10:02:51,130 [ERROR] LogOutputStream:75 - [STDERR_REDIRECT] 
2025-03-04 10:02:52,142 [ERROR] LogOutputStream:75 - [STDERR_REDIRECT] [Fatal Error] :1:1: Premature end of file.
2025-03-04 10:02:52,143 [ERROR] LogOutputStream:75 - [STDERR_REDIRECT] 
2025-03-04 10:02:53,140 [ERROR] LogOutputStream:75 - [STDERR_REDIRECT] [Fatal Error] :1:1: Premature end of file.
2025-03-04 10:02:53,140 [ERROR] LogOutputStream:75 - [STDERR_REDIRECT] 
2025-03-04 10:02:54,144 [ERROR] LogOutputStream:75 - [STDERR_REDIRECT] [Fatal Error] :1:1: Premature end of file.
2025-03-04 10:02:54,144 [ERROR] LogOutputStream:75 - [STDERR_REDIRECT] 
2025-03-04 10:02:55,140 [ERROR] LogOutputStream:75 - [STDERR_REDIRECT] [Fatal Error] :1:1: Premature end of file.
2025-03-04 10:02:55,140 [ERROR] LogOutputStream:75 - [STDERR_REDIRECT] 
2025-03-04 10:02:56,139 [ERROR] LogOutputStream:75 - [STDERR_REDIRECT] [Fatal Error] :1:1: Premature end of file.
2025-03-04 10:02:56,140 [ERROR] LogOutputStream:75 - [STDERR_REDIRECT] 
2025-03-04 10:02:57,143 [ERROR] LogOutputStream:75 - [STDERR_REDIRECT] [Fatal Error] :1:1: Premature end of file.
2025-03-04 10:02:57,144 [ERROR] LogOutputStream:75 - [STDERR_REDIRECT] 
2025-03-04 10:02:58,141 [ERROR] LogOutputStream:75 - [STDERR_REDIRECT] [Fatal Error] :1:1: Premature end of file.
2025-03-04 10:02:58,141 [ERROR] LogOutputStream:75 - [STDERR_REDIRECT] 
2025-03-04 10:02:59,140 [ERROR] LogOutputStream:75 - [STDERR_REDIRECT] [Fatal Error] :1:1: Premature end of file.
2025-03-04 10:02:59,140 [ERROR] LogOutputStream:75 - [STDERR_REDIRECT] 
2025-03-04 10:03:00,144 [ERROR] LogOutputStream:75 - [STDERR_REDIRECT] [Fatal Error] :1:1: Premature end of file.
2025-03-04 10:03:00,144 [ERROR] LogOutputStream:75 - [STDERR_REDIRECT] 
2025-03-04 10:03:01,130 [INFO] FileExtend:242 - Unzip File : stm32cube_db_v60130.zip
2025-03-04 10:03:01,131 [INFO] FileExtend:257 - Standard Zip Deflate
2025-03-04 10:03:01,150 [ERROR] LogOutputStream:75 - [STDERR_REDIRECT] [Fatal Error] :1:1: Premature end of file.
2025-03-04 10:03:01,151 [ERROR] LogOutputStream:75 - [STDERR_REDIRECT] 
2025-03-04 10:03:02,437 [ERROR] LogOutputStream:75 - [STDERR_REDIRECT] [Fatal Error] :1:1: Premature end of file.
2025-03-04 10:03:02,438 [ERROR] LogOutputStream:75 - [STDERR_REDIRECT] 
2025-03-04 10:03:03,309 [ERROR] LogOutputStream:75 - [STDERR_REDIRECT] [Fatal Error] :1:1: Premature end of file.
2025-03-04 10:03:03,310 [ERROR] LogOutputStream:75 - [STDERR_REDIRECT] 
2025-03-04 10:03:04,325 [ERROR] LogOutputStream:75 - [STDERR_REDIRECT] [Fatal Error] :1:1: Premature end of file.
2025-03-04 10:03:04,326 [ERROR] LogOutputStream:75 - [STDERR_REDIRECT] 
2025-03-04 10:03:05,558 [ERROR] LogOutputStream:75 - [STDERR_REDIRECT] [Fatal Error] :1:1: Premature end of file.
2025-03-04 10:03:05,558 [ERROR] LogOutputStream:75 - [STDERR_REDIRECT] 
2025-03-04 10:03:06,433 [ERROR] LogOutputStream:75 - [STDERR_REDIRECT] [Fatal Error] :1:1: Premature end of file.
2025-03-04 10:03:06,434 [ERROR] LogOutputStream:75 - [STDERR_REDIRECT] 
2025-03-04 10:03:07,439 [ERROR] LogOutputStream:75 - [STDERR_REDIRECT] [Fatal Error] :1:1: Premature end of file.
2025-03-04 10:03:07,440 [ERROR] LogOutputStream:75 - [STDERR_REDIRECT] 
2025-03-04 10:03:08,425 [ERROR] LogOutputStream:75 - [STDERR_REDIRECT] [Fatal Error] :1:1: Premature end of file.
2025-03-04 10:03:08,425 [ERROR] LogOutputStream:75 - [STDERR_REDIRECT] 
2025-03-04 10:03:09,524 [ERROR] LogOutputStream:75 - [STDERR_REDIRECT] [Fatal Error] :1:1: Premature end of file.
2025-03-04 10:03:09,524 [ERROR] LogOutputStream:75 - [STDERR_REDIRECT] 
2025-03-04 10:03:10,541 [ERROR] LogOutputStream:75 - [STDERR_REDIRECT] [Fatal Error] :1:1: Premature end of file.
2025-03-04 10:03:10,541 [ERROR] LogOutputStream:75 - [STDERR_REDIRECT] 
2025-03-04 10:03:11,427 [ERROR] LogOutputStream:75 - [STDERR_REDIRECT] [Fatal Error] :1:1: Premature end of file.
2025-03-04 10:03:11,427 [ERROR] LogOutputStream:75 - [STDERR_REDIRECT] 
2025-03-04 10:03:12,390 [ERROR] LogOutputStream:75 - [STDERR_REDIRECT] [Fatal Error] :1:1: Premature end of file.
2025-03-04 10:03:12,391 [ERROR] LogOutputStream:75 - [STDERR_REDIRECT] 
2025-03-04 10:03:13,382 [ERROR] LogOutputStream:75 - [STDERR_REDIRECT] [Fatal Error] :1:1: Premature end of file.
2025-03-04 10:03:13,382 [ERROR] LogOutputStream:75 - [STDERR_REDIRECT] 
2025-03-04 10:03:14,486 [ERROR] LogOutputStream:75 - [STDERR_REDIRECT] [Fatal Error] :1:1: Premature end of file.
2025-03-04 10:03:14,486 [ERROR] LogOutputStream:75 - [STDERR_REDIRECT] 
2025-03-04 10:03:15,316 [ERROR] LogOutputStream:75 - [STDERR_REDIRECT] [Fatal Error] :1:1: Premature end of file.
2025-03-04 10:03:15,317 [ERROR] LogOutputStream:75 - [STDERR_REDIRECT] 
2025-03-04 10:03:16,442 [ERROR] LogOutputStream:75 - [STDERR_REDIRECT] [Fatal Error] :1:1: Premature end of file.
2025-03-04 10:03:16,442 [ERROR] LogOutputStream:75 - [STDERR_REDIRECT] 
2025-03-04 10:03:17,557 [ERROR] LogOutputStream:75 - [STDERR_REDIRECT] [Fatal Error] :1:1: Premature end of file.
2025-03-04 10:03:17,558 [ERROR] LogOutputStream:75 - [STDERR_REDIRECT] 
2025-03-04 10:03:18,467 [ERROR] LogOutputStream:75 - [STDERR_REDIRECT] [Fatal Error] :1:1: Premature end of file.
2025-03-04 10:03:18,468 [ERROR] LogOutputStream:75 - [STDERR_REDIRECT] 
2025-03-04 10:03:19,253 [ERROR] LogOutputStream:75 - [STDERR_REDIRECT] [Fatal Error] :1:1: Premature end of file.
2025-03-04 10:03:19,253 [ERROR] LogOutputStream:75 - [STDERR_REDIRECT] 
2025-03-04 10:03:20,455 [ERROR] LogOutputStream:75 - [STDERR_REDIRECT] [Fatal Error] :1:1: Premature end of file.
2025-03-04 10:03:20,455 [ERROR] LogOutputStream:75 - [STDERR_REDIRECT] 
2025-03-04 10:03:21,452 [ERROR] LogOutputStream:75 - [STDERR_REDIRECT] [Fatal Error] :1:1: Premature end of file.
2025-03-04 10:03:21,452 [ERROR] LogOutputStream:75 - [STDERR_REDIRECT] 
2025-03-04 10:03:22,219 [ERROR] LogOutputStream:75 - [STDERR_REDIRECT] [Fatal Error] :1:1: Premature end of file.
2025-03-04 10:03:22,219 [ERROR] LogOutputStream:75 - [STDERR_REDIRECT] 
2025-03-04 10:03:23,344 [ERROR] LogOutputStream:75 - [STDERR_REDIRECT] [Fatal Error] :1:1: Premature end of file.
2025-03-04 10:03:23,345 [ERROR] LogOutputStream:75 - [STDERR_REDIRECT] 
2025-03-04 10:03:24,217 [ERROR] LogOutputStream:75 - [STDERR_REDIRECT] [Fatal Error] :1:1: Premature end of file.
2025-03-04 10:03:24,217 [ERROR] LogOutputStream:75 - [STDERR_REDIRECT] 
2025-03-04 10:03:25,242 [INFO] LoadServerPackagesThread:196 - End of LoadServerPackages Thread
2025-03-04 10:03:25,461 [ERROR] LogOutputStream:75 - [STDERR_REDIRECT] [Fatal Error] :1:1: Premature end of file.
2025-03-04 10:03:25,462 [ERROR] LogOutputStream:75 - [STDERR_REDIRECT] 
2025-03-04 10:03:25,841 [INFO] CheckServerUpdateThread:120 - End of CheckServer Thread
2025-03-04 10:03:25,875 [INFO] MicroXplorer:468 - Change Database Path : C:/Users/raj/.stm32cubemx/databases/DB.6.0.130/db/
2025-03-04 10:03:25,876 [INFO] MicroXplorer:498 - Change Database Version : DB.6.0.130
2025-03-04 10:03:25,876 [INFO] OpenFileManager:354 - Change cursor
2025-03-04 10:03:26,032 [INFO] Mcu:2011 - Initializing MCU STM32F303R(D-E)Tx STM32F303RETx STM32F303RET6
2025-03-04 10:03:26,144 [ERROR] LogOutputStream:75 - [STDERR_REDIRECT] [Fatal Error] :1:1: Premature end of file.
2025-03-04 10:03:26,145 [ERROR] LogOutputStream:75 - [STDERR_REDIRECT] 
2025-03-04 10:03:27,132 [ERROR] LogOutputStream:75 - [STDERR_REDIRECT] [Fatal Error] :1:1: Premature end of file.
2025-03-04 10:03:27,132 [ERROR] LogOutputStream:75 - [STDERR_REDIRECT] 
2025-03-04 10:03:28,138 [ERROR] LogOutputStream:75 - [STDERR_REDIRECT] [Fatal Error] :1:1: Premature end of file.
2025-03-04 10:03:28,139 [ERROR] LogOutputStream:75 - [STDERR_REDIRECT] 
2025-03-04 10:03:29,128 [ERROR] LogOutputStream:75 - [STDERR_REDIRECT] [Fatal Error] :1:1: Premature end of file.
2025-03-04 10:03:29,128 [ERROR] LogOutputStream:75 - [STDERR_REDIRECT] 
2025-03-04 10:03:29,771 [INFO] Context:756 - Trying to add GPIOservice into a context  which must be forbidden
2025-03-04 10:03:30,170 [ERROR] LogOutputStream:75 - [STDERR_REDIRECT] [Fatal Error] :1:1: Premature end of file.
2025-03-04 10:03:30,170 [ERROR] LogOutputStream:75 - [STDERR_REDIRECT] 
2025-03-04 10:03:30,551 [INFO] ImportTextPane:218 - (OptionalMessage_ERROR) Pin14 (VP_RIF_VS_RIF1) cannot be retrieved for this MCU
2025-03-04 10:03:30,993 [INFO] RtosManager:558 - Registered RTOS mode: class=CMSIS, group=RTOS, mode=CMSIS_V1, owner=FREERTOS
2025-03-04 10:03:30,993 [INFO] RtosManager:558 - Registered RTOS mode: class=CMSIS, group=RTOS2, mode=CMSIS_V2, owner=FREERTOS
2025-03-04 10:03:30,993 [INFO] RtosManager:558 - Registered RTOS mode: class=RTOS, group=Core, mode=CMSIS_V1, owner=FREERTOS
2025-03-04 10:03:30,993 [INFO] RtosManager:558 - Registered RTOS mode: class=RTOS, group=Core, mode=CMSIS_V2, owner=FREERTOS
2025-03-04 10:03:30,994 [WARN] ModelIntegratedComponent:184 - Missing modes for component STMicroelectronics:FreeRTOS:0.0.1:STMicroelectronics:RTOS:FreeRTOS:Core:::10.2.0:
2025-03-04 10:03:31,024 [WARN] ModelIntegratedComponent:63 - No mode defined for component null
2025-03-04 10:03:31,025 [WARN] ModelIntegratedComponent:63 - No mode defined for component null
2025-03-04 10:03:31,025 [WARN] ModelIntegratedComponent:63 - No mode defined for component null
2025-03-04 10:03:31,025 [WARN] ModelIntegratedComponent:63 - No mode defined for component null
2025-03-04 10:03:31,025 [WARN] ModelIntegratedComponent:63 - No mode defined for component null
2025-03-04 10:03:31,025 [WARN] ModelIntegratedComponent:63 - No mode defined for component null
2025-03-04 10:03:31,025 [WARN] ModelIntegratedComponent:63 - No mode defined for component null
2025-03-04 10:03:31,025 [WARN] ModelIntegratedComponent:63 - No mode defined for component null
2025-03-04 10:03:31,025 [WARN] ModelIntegratedComponent:63 - No mode defined for component null
2025-03-04 10:03:31,025 [WARN] ModelIntegratedComponent:63 - No mode defined for component null
2025-03-04 10:03:31,025 [WARN] ModelIntegratedComponent:63 - No mode defined for component null
2025-03-04 10:03:31,026 [WARN] ModelIntegratedComponent:63 - No mode defined for component null
2025-03-04 10:03:31,026 [WARN] ModelIntegratedComponent:63 - No mode defined for component null
2025-03-04 10:03:31,026 [WARN] ModelIntegratedComponent:63 - No mode defined for component null
2025-03-04 10:03:31,026 [WARN] ModelIntegratedComponent:63 - No mode defined for component null
2025-03-04 10:03:31,026 [WARN] ModelIntegratedComponent:63 - No mode defined for component null
2025-03-04 10:03:31,026 [WARN] ModelIntegratedComponent:63 - No mode defined for component null
2025-03-04 10:03:31,026 [WARN] ModelIntegratedComponent:63 - No mode defined for component null
2025-03-04 10:03:31,026 [WARN] ModelIntegratedComponent:63 - No mode defined for component null
2025-03-04 10:03:31,026 [WARN] ModelIntegratedComponent:63 - No mode defined for component null
2025-03-04 10:03:31,026 [WARN] ModelIntegratedComponent:63 - No mode defined for component null
2025-03-04 10:03:31,026 [WARN] ModelIntegratedComponent:63 - No mode defined for component null
2025-03-04 10:03:31,027 [WARN] ModelIntegratedComponent:63 - No mode defined for component null
2025-03-04 10:03:31,027 [WARN] ModelIntegratedComponent:63 - No mode defined for component null
2025-03-04 10:03:31,027 [WARN] ModelIntegratedComponent:63 - No mode defined for component null
2025-03-04 10:03:31,027 [WARN] ModelIntegratedComponent:63 - No mode defined for component null
2025-03-04 10:03:31,027 [WARN] ModelIntegratedComponent:63 - No mode defined for component null
2025-03-04 10:03:31,027 [WARN] ModelIntegratedComponent:63 - No mode defined for component null
2025-03-04 10:03:31,027 [WARN] ModelIntegratedComponent:63 - No mode defined for component null
2025-03-04 10:03:31,027 [WARN] ModelIntegratedComponent:63 - No mode defined for component null
2025-03-04 10:03:31,027 [WARN] ModelIntegratedComponent:63 - No mode defined for component null
2025-03-04 10:03:31,027 [WARN] ModelIntegratedComponent:63 - No mode defined for component null
2025-03-04 10:03:31,027 [WARN] ModelIntegratedComponent:63 - No mode defined for component null
2025-03-04 10:03:31,028 [WARN] ModelIntegratedComponent:63 - No mode defined for component null
2025-03-04 10:03:31,028 [WARN] ModelIntegratedComponent:63 - No mode defined for component null
2025-03-04 10:03:31,028 [WARN] ModelPack:524 - Component already loaded: STMicroelectronics:HAL Drivers:0.0.0:STMicroelectronics:Device:STMicro_Driver:XSPI:HAL::0.0.1:HAL_XSPI
2025-03-04 10:03:31,143 [ERROR] LogOutputStream:75 - [STDERR_REDIRECT] [Fatal Error] :1:1: Premature end of file.
2025-03-04 10:03:31,144 [ERROR] LogOutputStream:75 - [STDERR_REDIRECT] 
2025-03-04 10:03:31,204 [INFO] ThirdPartyModel:298 - Start build external matchings
2025-03-04 10:03:31,859 [INFO] ThirdPartyModel:316 - End build external matchings
2025-03-04 10:03:31,913 [INFO] ImportTextPane:218 - (OptionalMessage_ERROR) IP (RCC) : Invalid parameter (FamilyName)
2025-03-04 10:03:31,915 [INFO] ImportTextPane:218 - (OptionalMessage_ERROR) IP (RCC) : Invalid parameter (PLLM)
2025-03-04 10:03:31,916 [INFO] ImportTextPane:218 - (OptionalMessage_ERROR) IP (RCC) : Invalid parameter (PLLN)
2025-03-04 10:03:31,916 [INFO] ImportTextPane:218 - (OptionalMessage_ERROR) IP (RCC) : Invalid parameter (PLLP)
2025-03-04 10:03:31,916 [INFO] ImportTextPane:218 - (OptionalMessage_ERROR) IP (RCC) : Invalid parameter (PLLQ)
2025-03-04 10:03:31,916 [INFO] ImportTextPane:218 - (OptionalMessage_ERROR) IP (RCC) : Invalid parameter (RCC_PLLsource_Clock_Source_FROM_HSE)
2025-03-04 10:03:31,917 [INFO] ImportTextPane:218 - (OptionalMessage_ERROR) IP (RCC) : Parameter (USBFreq_Value) has invalid value (72000000)
2025-03-04 10:03:32,129 [ERROR] LogOutputStream:75 - [STDERR_REDIRECT] [Fatal Error] :1:1: Premature end of file.
2025-03-04 10:03:32,129 [ERROR] LogOutputStream:75 - [STDERR_REDIRECT] 
2025-03-04 10:03:32,966 [INFO] ApiDb:581 - Connected to CubeFinder SQLite database (C:\Users\raj\.stmcufinder\plugins\mcufinder\mcu\cube-finder-db.db)
2025-03-04 10:03:33,047 [INFO] ApiDb:668 - CubeFinder database Data Model version=2.1
2025-03-04 10:03:33,047 [INFO] ApiDb:669 - CubeFinder database Configuration version=3.0.39
2025-03-04 10:03:33,051 [INFO] ApiDb:670 - CubeFinder database generation date=2025-02-18 (1739885696)
2025-03-04 10:03:33,052 [INFO] ApiDb:671 - CubeFinder database FW Pack versions=[FP-ATR-ASTRA1_V2.0.0, FP-SNS-FLIGHT1_V5.0.2, FP-SNS-MOTENV1_V5.0.0, FP-SNS-MOTENVWB1_V1.4.0, FP-SNS-SMARTAG2_V1.2.0, FP-SNS-STBOX1_V2.0.0, STM32Cube_FW_C0_V1.4.0, STM32Cube_FW_F4_V1.28.1, STM32Cube_FW_F7_V1.17.2, STM32Cube_FW_G0_V1.6.2, STM32Cube_FW_G4_V1.6.1, STM32Cube_FW_H5_V1.5.0, STM32Cube_FW_H7RS_V1.2.0, STM32Cube_FW_H7_V1.12.1, STM32Cube_FW_L0_V1.12.2, STM32Cube_FW_L4_V1.18.1, STM32Cube_FW_L5_V1.5.1, STM32Cube_FW_N6_V1.1.0, STM32Cube_FW_U0_V1.2.0, STM32Cube_FW_U3_V1.1.0, STM32Cube_FW_U5_V1.7.0, STM32Cube_FW_WB0_V1.2.0, STM32Cube_FW_WBA_V1.6.0, STM32Cube_FW_WB_V1.22.0, STM32Cube_FW_WL3_V1.1.0, STM32Cube_FW_WL_V1.3.1, X-CUBE-ALGOBUILD_V1.4.0, X-CUBE-ALS_V1.0.2, X-CUBE-AZRTOS-F4_V1.1.0, X-CUBE-AZRTOS-F7_V1.1.0, X-CUBE-AZRTOS-G0_V1.1.0, X-CUBE-AZRTOS-G4_V2.0.0, X-CUBE-AZRTOS-H7RS_V1.0.0, X-CUBE-AZRTOS-H7_V3.3.0, X-CUBE-AZRTOS-L4_V2.0.0, X-CUBE-AZRTOS-L5_V2.0.0, X-CUBE-AZRTOS-WB_V2.0.0, X-CUBE-AZRTOS-WL_V2.0.0, X-CUBE-BLE1_V7.0.0, X-CUBE-BLE2_V3.3.0, X-CUBE-BLEMGR_V4.0.0, X-CUBE-EEPRMA1_V5.1.0, X-CUBE-FREERTOS_V1.3.0, X-CUBE-GNSS1_V6.0.0, X-CUBE-MEMS1_V11.1.0, X-CUBE-NFC4_V3.0.0, X-CUBE-NFC7_V1.0.1, X-CUBE-SFXS2LP1_V4.0.0, X-CUBE-SUBG2_V5.0.0, X-CUBE-TOF1_V3.4.2]
2025-03-04 10:03:33,127 [ERROR] LogOutputStream:75 - [STDERR_REDIRECT] [Fatal Error] :1:1: Premature end of file.
2025-03-04 10:03:33,128 [ERROR] LogOutputStream:75 - [STDERR_REDIRECT] 
2025-03-04 10:03:33,147 [INFO] DbBoardsSqlite:226 - include board P-NUCLEO-WB55-NUCLEO as a kit item of type 'Nucleo-64'
2025-03-04 10:03:33,147 [INFO] DbBoardsSqlite:226 - include board P-NUCLEO-WB55-USBDONGLE as a kit item of type 'Nucleo USB Dongle'
2025-03-04 10:03:33,148 [INFO] DbBoardsSqlite:226 - include board STEVAL-IDP005V1 as a kit item of type 'Evaluation Board'
2025-03-04 10:03:33,148 [INFO] DbBoardsSqlite:226 - include board STEVAL-IDP005V2 as a kit item of type 'Evaluation Board'
2025-03-04 10:03:33,228 [INFO] ApiDb:240 - Found 895 in-development CPN: [B-G473E-ZEST1S, B-WB1M-WPAN1, B-WBA5M-WPAN, B-WL5M-SUBG1, NUCLEO-C031C6, NUCLEO-C051C8, NUCLEO-C071RB, NUCLEO-C092RC, NUCLEO-H503RB, NUCLEO-H533RE, NUCLEO-H563ZI, NUCLEO-H7S3L8, NUCLEO-N657X0-Q, NUCLEO-U031R8, NUCLEO-U083RC, NUCLEO-U385RG-Q, NUCLEO-U545RE-Q, NUCLEO-U5A5ZJ-Q, NUCLEO-WB05KZ, NUCLEO-WB07CC, NUCLEO-WB09KE, NUCLEO-WBA52CG, NUCLEO-WBA55CG, NUCLEO-WBA65RI, NUCLEO-WL33CC1, NUCLEO-WL33CC2, STEVAL-PROTEUS1, STEVAL-SMARTAG2, STEVAL-STWINBX1, STM320518-EVAL, STM32C0116-DK, STM32C011D6Y3TR, STM32C011D6Y6TR, STM32C011F4P3, STM32C011F4P6, STM32C011F4U3, STM32C011F4U6TR, STM32C011F6P3, STM32C011F6P6, STM32C011F6U3, STM32C011F6U6TR, STM32C011J4M3, STM32C011J4M6, STM32C011J6M3, STM32C011J6M6, STM32C0316-DK, STM32C031C4T3, STM32C031C4T6, STM32C031C4U3, STM32C031C4U6, STM32C031C6T3, STM32C031C6T6, STM32C031C6U3, STM32C031C6U6, STM32C031F4P3, STM32C031F4P6, STM32C031F6P3, STM32C031F6P6, STM32C031G4U3, STM32C031G4U6, STM32C031G6U3, STM32C031G6U6, STM32C031K4T3, STM32C031K4T6, STM32C031K4U3, STM32C031K4U6, STM32C031K6T3, STM32C031K6T6, STM32C031K6U3, STM32C031K6U6, STM32C051C6T6, STM32C051C6U6, STM32C051C8T6, STM32C051C8U6, STM32C051D8Y6TR, STM32C051F6P6, STM32C051F8P6, STM32C051G6U6, STM32C051G8U6, STM32C051K6T6, STM32C051K6U6, STM32C051K8T6, STM32C071C8T6, STM32C071C8T6N, STM32C071C8U6, STM32C071C8U6N, STM32C071CBT6, STM32C071CBT6N, STM32C071CBU6, STM32C071CBU6N, STM32C071F8P6, STM32C071F8P6N, STM32C071FBP6, STM32C071FBP6N, STM32C071FBY6TR, STM32C071G8U6, STM32C071G8U6N, STM32C071GBU6, STM32C071GBU6N, STM32C071K8T6, STM32C071K8T6N, STM32C071K8U6, STM32C071K8U6N, STM32C071KBT6, STM32C071KBT6N, STM32C071KBU6, STM32C071KBU6N, STM32C071R8T6, STM32C071R8T6N, STM32C071RBI6N, STM32C071RBT6, STM32C071RBT6N, STM32C091CBT6, STM32C091CBU6, STM32C091CCT6, STM32C091CCU6, STM32C091ECY6TR, STM32C091FBP6, STM32C091FCP6, STM32C091GBU6, STM32C091GCU6, STM32C091KBT6, STM32C091KBU6, STM32C091KCT6, STM32C091KCU6, STM32C091RBT6, STM32C091RCI6, STM32C091RCT6, STM32C092CBT6, STM32C092CBU6, STM32C092CCT6, STM32C092CCU6, STM32C092ECY6TR, STM32C092FBP6, STM32C092FCP6, STM32C092GBU6, STM32C092GCU6, STM32C092KBT6, STM32C092KBU6, STM32C092KCT6, STM32C092KCU6, STM32C092RBT6, STM32C092RCI6, STM32C092RCT6, STM32G071K8TXN, STM32G071K8UXN, STM32G081GBU6N, STM32G081KBT6N, STM32G081KBUXN, STM32G0B1CCT6N, STM32G0B1KCT6, STM32G0B1NEY6TR, STM32G0B1RCT6N, STM32G0C1CCT6, STM32G0C1CCT6N, STM32G0C1CCU6N, STM32G0C1CET6N, STM32G0C1CEU6N, STM32G0C1KCT6, STM32G0C1NEY6TR, STM32G0C1RCI6N, STM32G0C1RCT6N, STM32G0C1REI6N, STM32G0C1RET6N, STM32G0C1VCI6, STM32G0C1VEI6, STM32G411C6T3, STM32G411C6T6, STM32G411C6U3, STM32G411C6U6, STM32G411C8T3, STM32G411C8T6, STM32G411C8U3, STM32G411C8U6, STM32G411CBT3, STM32G411CBT6, STM32G411CBU3, STM32G411CBU6, STM32G411CCT3, STM32G411CCT6, STM32G411CCU3, STM32G411CCU6, STM32G411K6T3, STM32G411K6T6, STM32G411K6U3, STM32G411K6U6, STM32G411K8T3, STM32G411K8T6, STM32G411K8U3, STM32G411K8U6, STM32G411KBT3, STM32G411KBT6, STM32G411KBU3, STM32G411KBU6, STM32G411M6T3, STM32G411M6T6, STM32G411M8T3, STM32G411M8T6, STM32G411MBT3, STM32G411MBT6, STM32G411MCT3, STM32G411MCT6, STM32G411R6T3, STM32G411R6T6, STM32G411R8T3, STM32G411R8T6, STM32G411RBT3, STM32G411RBT6, STM32G411RCT3, STM32G411RCT6, STM32G414CBT3, STM32G414CBT6, STM32G414CBU3, STM32G414CBU6, STM32G414CCT3, STM32G414CCT6, STM32G414CCU3, STM32G414CCU6, STM32G414MBT3, STM32G414MBT6, STM32G414MCT3, STM32G414MCT6, STM32G414RBT3, STM32G414RBT6, STM32G414RCT3, STM32G414RCT6, STM32G414VBT3, STM32G414VBT6, STM32G414VCT3, STM32G414VCT6, STM32G431CBT3Z, STM32G431RBT3Z, STM32G471CCT6, STM32G471CCU6, STM32G471CET3, STM32G471CET6, STM32G471CEU3, STM32G471CEU6, STM32G471MCT6, STM32G471MET3, STM32G471MET6, STM32G471MEY6TR, STM32G471QCT6, STM32G471QET3, STM32G471RCT6, STM32G471RET3, STM32G471RET6, STM32G471VCH6, STM32G471VCI6, STM32G471VCT6, STM32G471VEH3, STM32G471VEH6, STM32G471VEI3, STM32G471VEI6, STM32G471VET3, STM32G471VET6, STM32G473QET3Z, STM32G473RET3Z, STM32G474CCT6, STM32G491RET3Z, STM32H503CBT6, STM32H503CBU6, STM32H503EBY6TR, STM32H503KBU6, STM32H503RBT6, STM32H523CCT6, STM32H523CCU6, STM32H523CET6, STM32H523CEU6, STM32H523HEY6TR, STM32H523RCT6, STM32H523RET6, STM32H523VCI6, STM32H523VCT6, STM32H523VEI6, STM32H523VET6, STM32H523ZCJ6, STM32H523ZCT6, STM32H523ZEJ6, STM32H523ZET6, STM32H533CET6, STM32H533CEU6, STM32H533HEY6TR, STM32H533RET6, STM32H533VEI6, STM32H533VET6, STM32H533ZEJ6, STM32H533ZET6, STM32H562AGI6, STM32H562AII6, STM32H562IGK6, STM32H562IGT6, STM32H562IIK6, STM32H562IIT6, STM32H562RGT6, STM32H562RGV6, STM32H562RIT6, STM32H562RIV6, STM32H562VGT6, STM32H562VIT6, STM32H562ZGT6, STM32H562ZIT6, STM32H563AGI6, STM32H563AII3Q, STM32H563AII6, STM32H563IGK6, STM32H563IGT6, STM32H563IIK3Q, STM32H563IIK6, STM32H563IIT3Q, STM32H563IIT6, STM32H563MIY3QTR, STM32H563RGT6, STM32H563RGV6, STM32H563RIT6, STM32H563RIV6, STM32H563VGT6, STM32H563VIT3Q, STM32H563VIT6, STM32H563ZGT6, STM32H563ZIT3Q, STM32H563ZIT6, STM32H573AII3Q, STM32H573AII6, STM32H573I-DK, STM32H573IIK3Q, STM32H573IIK6, STM32H573IIT3Q, STM32H573IIT6, STM32H573MIY3QTR, STM32H573RIT6, STM32H573RIV6, STM32H573VIT3Q, STM32H573VIT6, STM32H573ZIT3Q, STM32H573ZIT6, STM32H7R3A8I6, STM32H7R3I8K6, STM32H7R3I8T6, STM32H7R3L8H6, STM32H7R3L8H6H, STM32H7R3R8V6, STM32H7R3V8H6, STM32H7R3V8T6, STM32H7R3V8Y6TR, STM32H7R3Z8J6, STM32H7R3Z8T6, STM32H7R7A8I6, STM32H7R7I8K6, STM32H7R7I8T6, STM32H7R7L8H6, STM32H7R7L8H6H, STM32H7R7Z8J6, STM32H7S3A8I6, STM32H7S3I8K6, STM32H7S3I8T6, STM32H7S3L8H6, STM32H7S3L8H6H, STM32H7S3R8V6, STM32H7S3V8H6, STM32H7S3V8T6, STM32H7S3V8Y6TR, STM32H7S3Z8J6, STM32H7S3Z8T6, STM32H7S78-DK, STM32H7S7A8I6, STM32H7S7I8K6, STM32H7S7I8T6, STM32H7S7L8H6, STM32H7S7L8H6H, STM32H7S7Z8J6, STM32L4R5QGI6STR, STM32MP131AAE3, STM32MP131AAF3, STM32MP131AAG3, STM32MP131CAE3, STM32MP131CAF3, STM32MP131CAG3, STM32MP131DAE7, STM32MP131DAF7, STM32MP131DAG7, STM32MP131FAE7, STM32MP131FAF7, STM32MP131FAG7, STM32MP133AAE3, STM32MP133AAF3, STM32MP133AAG3, STM32MP133CAE3, STM32MP133CAF3, STM32MP133CAG3, STM32MP133DAE7, STM32MP133DAF7, STM32MP133DAG7, STM32MP133FAE7, STM32MP133FAF7, STM32MP133FAG7, STM32MP135AAE3, STM32MP135AAF3, STM32MP135AAG3, STM32MP135CAE3, STM32MP135CAF3, STM32MP135CAG3, STM32MP135DAE7, STM32MP135DAF7, STM32MP135DAG7, STM32MP135F-DK, STM32MP135FAE7, STM32MP135FAF7, STM32MP135FAF7T, STM32MP135FAF7U, STM32MP135FAG7, STM32MP231AAJ3, STM32MP231AAK3, STM32MP231AAL3, STM32MP231CAJ3, STM32MP231CAK3, STM32MP231CAL3, STM32MP231DAJ3, STM32MP231DAK3, STM32MP231DAL3, STM32MP231FAJ3, STM32MP231FAK3, STM32MP231FAL3, STM32MP233AAJ3, STM32MP233AAK3, STM32MP233AAL3, STM32MP233CAJ3, STM32MP233CAK3, STM32MP233CAL3, STM32MP233DAJ3, STM32MP233DAK3, STM32MP233DAL3, STM32MP233FAJ3, STM32MP233FAK3, STM32MP233FAL3, STM32MP235AAJ3, STM32MP235AAK3, STM32MP235AAL3, STM32MP235CAJ3, STM32MP235CAK3, STM32MP235CAL3, STM32MP235DAJ3, STM32MP235DAK3, STM32MP235DAL3, STM32MP235FAJ3, STM32MP235FAK3, STM32MP235FAL3, STM32MP251AAI3, STM32MP251AAJ3, STM32MP251AAK3, STM32MP251AAL3, STM32MP251CAI3, STM32MP251CAJ3, STM32MP251CAK3, STM32MP251CAL3, STM32MP251DAI3, STM32MP251DAJ3, STM32MP251DAK3, STM32MP251DAL3, STM32MP251FAI3, STM32MP251FAJ3, STM32MP251FAK3, STM32MP251FAL3, STM32MP253AAI3, STM32MP253AAJ3, STM32MP253AAK3, STM32MP253AAL3, STM32MP253CAI3, STM32MP253CAJ3, STM32MP253CAK3, STM32MP253CAL3, STM32MP253DAI3, STM32MP253DAJ3, STM32MP253DAK3, STM32MP253DAL3, STM32MP253FAI3, STM32MP253FAJ3, STM32MP253FAK3, STM32MP253FAL3, STM32MP255AAI3, STM32MP255AAJ3, STM32MP255AAK3, STM32MP255AAL3, STM32MP255CAI3, STM32MP255CAJ3, STM32MP255CAK3, STM32MP255CAL3, STM32MP255DAI3, STM32MP255DAJ3, STM32MP255DAK3, STM32MP255DAL3, STM32MP255FAI3, STM32MP255FAJ3, STM32MP255FAK3, STM32MP255FAL3, STM32MP257AAI3, STM32MP257AAJ3, STM32MP257AAK3, STM32MP257AAL3, STM32MP257CAI3, STM32MP257CAJ3, STM32MP257CAK3, STM32MP257CAL3, STM32MP257DAI3, STM32MP257DAJ3, STM32MP257DAK3, STM32MP257DAL3, STM32MP257F-DK, STM32MP257F-EV1, STM32MP257FAI3, STM32MP257FAJ3, STM32MP257FAK3, STM32MP257FAL3, STM32N645A0H3Q, STM32N645B0H3Q, STM32N645I0H3Q, STM32N645L0H3Q, STM32N645X0H3Q, STM32N645Z0H3Q, STM32N647A0H3Q, STM32N647B0H3Q, STM32N647I0H3Q, STM32N647L0H3Q, STM32N647X0H3Q, STM32N647Z0H3Q, STM32N655A0H3Q, STM32N655B0H3Q, STM32N655I0H3Q, STM32N655L0H3Q, STM32N655X0H3Q, STM32N655Z0H3Q, STM32N6570-DK, STM32N657A0H3Q, STM32N657B0H3Q, STM32N657I0H3Q, STM32N657L0H3Q, STM32N657X0H3Q, STM32N657Z0H3Q, STM32U031C6T6, STM32U031C6U6, STM32U031C8T6, STM32U031C8U6, STM32U031F4P6, STM32U031F6P6, STM32U031F8P6, STM32U031G6Y6TR, STM32U031G8Y6TR, STM32U031K4U6, STM32U031K6U6, STM32U031K8U6, STM32U031R6I6, STM32U031R6T6, STM32U031R8I6, STM32U031R8T6, STM32U073C8T6, STM32U073C8U6, STM32U073CBT6, STM32U073CBU6, STM32U073CCT6, STM32U073CCU6, STM32U073H8Y6TR, STM32U073HBY6TR, STM32U073HCY6TR, STM32U073K8U6, STM32U073KBU6, STM32U073KCU6, STM32U073M8I6, STM32U073M8T6, STM32U073MBI6, STM32U073MBT6, STM32U073MCI6, STM32U073MCT6, STM32U073R8I6, STM32U073R8T6, STM32U073RBI6, STM32U073RBT6, STM32U073RCI6, STM32U073RCT6, STM32U083C-DK, STM32U083CCT6, STM32U083CCU6, STM32U083HCY6TR, STM32U083KCU6, STM32U083MCI6, STM32U083MCT6, STM32U083RCI6, STM32U083RCT6, STM32U375CET6, STM32U375CET6Q, STM32U375CEU6, STM32U375CEU6Q, STM32U375CEY6QTR, STM32U375CGT6, STM32U375CGT6Q, STM32U375CGU6, STM32U375CGU6Q, STM32U375CGY6QTR, STM32U375KEU6, STM32U375KGU6, STM32U375REI6, STM32U375REI6Q, STM32U375RET6, STM32U375RET6Q, STM32U375REY6GTR, STM32U375REY6QTR, STM32U375RGI6, STM32U375RGI6Q, STM32U375RGT6, STM32U375RGT6Q, STM32U375RGY6GTR, STM32U375RGY6QTR, STM32U375VEI6, STM32U375VEI6Q, STM32U375VET6, STM32U375VET6Q, STM32U375VGI6, STM32U375VGI6Q, STM32U375VGT6, STM32U375VGT6Q, STM32U385CGT6, STM32U385CGT6Q, STM32U385CGU6, STM32U385CGU6Q, STM32U385CGY6QTR, STM32U385KGU6, STM32U385RGI6, STM32U385RGI6Q, STM32U385RGT6, STM32U385RGT6Q, STM32U385RGY6GTR, STM32U385RGY6QTR, STM32U385VGI6, STM32U385VGI6Q, STM32U385VGT6, STM32U385VGT6Q, STM32U535CBT6, STM32U535CBT6Q, STM32U535CBU6, STM32U535CBU6Q, STM32U535CCT6, STM32U535CCT6Q, STM32U535CCU6, STM32U535CCU6Q, STM32U535CET6, STM32U535CET6Q, STM32U535CEU6, STM32U535CEU6Q, STM32U535JEY6QTR, STM32U535NCY6QTR, STM32U535NEY6QTR, STM32U535RBI6, STM32U535RBI6Q, STM32U535RBT6, STM32U535RBT6Q, STM32U535RCI6, STM32U535RCI6Q, STM32U535RCT6, STM32U535RCT6Q, STM32U535REI6, STM32U535REI6Q, STM32U535RET6, STM32U535RET6Q, STM32U535VCI6, STM32U535VCI6Q, STM32U535VCT6, STM32U535VCT6Q, STM32U535VEI6, STM32U535VEI6Q, STM32U535VET6, STM32U535VET6Q, STM32U545CET6, STM32U545CET6Q, STM32U545CEU6, STM32U545CEU6Q, STM32U545JEY6QTR, STM32U545NEY6QTR, STM32U545REI6, STM32U545REI6Q, STM32U545RET6, STM32U545RET6Q, STM32U545VEI6, STM32U545VEI6Q, STM32U545VET6, STM32U545VET6Q, STM32U595AIH6, STM32U595AIH6Q, STM32U595AJH6, STM32U595AJH6Q, STM32U595QII6, STM32U595QII6Q, STM32U595QJI6, STM32U595QJI6Q, STM32U595RIT6, STM32U595RIT6Q, STM32U595RJT6, STM32U595RJT6Q, STM32U595VIT6, STM32U595VIT6Q, STM32U595VJT6, STM32U595VJT6Q, STM32U595ZIT6, STM32U595ZIT6Q, STM32U595ZIY6QTR, STM32U595ZJT6, STM32U595ZJT6Q, STM32U595ZJY6QTR, STM32U599BJY6QTR, STM32U599NIH6Q, STM32U599NJH6Q, STM32U599VIT6Q, STM32U599VJT6, STM32U599VJT6Q, STM32U599ZIT6Q, STM32U599ZIY6QTR, STM32U599ZJT6Q, STM32U599ZJY6QTR, STM32U5A5AJH6, STM32U5A5AJH6Q, STM32U5A5QII3Q , STM32U5A5QJI6, STM32U5A5QJI6Q, STM32U5A5RJT6, STM32U5A5RJT6Q, STM32U5A5VJT6, STM32U5A5VJT6Q, STM32U5A5ZJT6, STM32U5A5ZJT6Q, STM32U5A5ZJY6QTR, STM32U5A9BJY6QTR, STM32U5A9J-DK, STM32U5A9NJH6Q, STM32U5A9VJT6Q, STM32U5A9ZJT6Q, STM32U5A9ZJY6QTR, STM32U5F7VIT6, STM32U5F7VIT6Q, STM32U5F7VJT6, STM32U5F7VJT6Q, STM32U5F9BJY6QTR, STM32U5F9NJH6Q, STM32U5F9VIT6Q, STM32U5F9VJT6Q, STM32U5F9ZIJ6QTR, STM32U5F9ZIT6Q, STM32U5F9ZJJ6QTR, STM32U5F9ZJT6Q, STM32U5G7VJT6, STM32U5G7VJT6Q, STM32U5G9BJY6QTR, STM32U5G9J-DK1, STM32U5G9J-DK2, STM32U5G9NJH6Q, STM32U5G9VJT6Q, STM32U5G9ZJJ6QTR, STM32U5G9ZJT6Q, STM32WB05KZV6TR, STM32WB05KZV7TR, STM32WB05TZF6TR, STM32WB05TZF7TR, STM32WB06CCF6TR, STM32WB06CCF7TR, STM32WB06CCV6TR, STM32WB06CCV7TR, STM32WB06KCV6TR, STM32WB06KCV7TR, STM32WB07CCF6TR, STM32WB07CCF7TR, STM32WB07CCV6TR, STM32WB07CCV7TR, STM32WB07KCV6TR, STM32WB07KCV7TR, STM32WB09KEV6TR, STM32WB09KEV7TR, STM32WB09TEF6TR, STM32WB09TEF7TR, STM32WB1MMCH6, STM32WBA50KGU6, STM32WBA50KGU6TR, STM32WBA52CEU6, STM32WBA52CEU6TR, STM32WBA52CEU7, STM32WBA52CEU7TR, STM32WBA52CGU6, STM32WBA52CGU6TR, STM32WBA52CGU6U, STM32WBA52CGU7, STM32WBA52CGU7TR, STM32WBA52KEU6, STM32WBA52KEU6TR, STM32WBA52KGU6, STM32WBA52KGU6TR, STM32WBA54CEU6, STM32WBA54CEU6TR, STM32WBA54CEU7, STM32WBA54CEU7TR, STM32WBA54CGU6, STM32WBA54CGU6TR, STM32WBA54CGU7, STM32WBA54CGU7TR, STM32WBA54KEU6, STM32WBA54KEU6TR, STM32WBA54KEU7, STM32WBA54KEU7TR, STM32WBA54KGU6, STM32WBA54KGU6TR, STM32WBA54KGU7, STM32WBA54KGU7TR, STM32WBA55CEU6, STM32WBA55CEU6TR, STM32WBA55CEU7, STM32WBA55CEU7TR, STM32WBA55CGU6, STM32WBA55CGU6TR, STM32WBA55CGU6U, STM32WBA55CGU7, STM32WBA55CGU7TR, STM32WBA55G-DK1, STM32WBA55HEF6, STM32WBA55HEF7, STM32WBA55HGF6, STM32WBA55HGF7, STM32WBA55UEI6, STM32WBA55UEI6TR, STM32WBA55UEI7, STM32WBA55UEI7TR, STM32WBA55UGI6, STM32WBA55UGI6TR, STM32WBA55UGI7, STM32WBA55UGI7TR, STM32WBA5MJGH6TR, STM32WBA62CGU6, STM32WBA62CIU6, STM32WBA62MGF6, STM32WBA62MIF6, STM32WBA62PGI6, STM32WBA62PII6, STM32WBA63CGU6, STM32WBA63CGU7, STM32WBA63CIU6, STM32WBA63CIU7, STM32WBA64CGU6, STM32WBA64CGU7, STM32WBA64CIU6, STM32WBA64CIU7, STM32WBA65CGU6, STM32WBA65CGU7, STM32WBA65CIU6, STM32WBA65CIU7, STM32WBA65I-DK1, STM32WBA65MGF6, STM32WBA65MGF7, STM32WBA65MIF6, STM32WBA65MIF7, STM32WBA65PGI6, STM32WBA65PGI7, STM32WBA65PII6, STM32WBA65PII7, STM32WBA65RGV6, STM32WBA65RGV7, STM32WBA65RIV6, STM32WBA65RIV7, STM32WL30K8V6, STM32WL30KBV6, STM32WL31C8V6, STM32WL31CBV6, STM32WL31K8V6, STM32WL31KBV6, STM32WL33C8V6, STM32WL33C8V6TR, STM32WL33C8V7, STM32WL33C8V7TR, STM32WL33CBV6, STM32WL33CBV6TR, STM32WL33CBV7, STM32WL33CBV7TR, STM32WL33CCV6, STM32WL33CCV6TR, STM32WL33CCV7, STM32WL33CCV7A, STM32WL33CCV7ATR, STM32WL33CCV7TR, STM32WL33K8V6, STM32WL33K8V6TR, STM32WL33K8V7, STM32WL33K8V7TR, STM32WL33KBV6, STM32WL33KBV6TR, STM32WL33KBV7, STM32WL33KBV7TR, STM32WL33KCV6, STM32WL33KCV6TR, STM32WL33KCV7, STM32WL33KCV7TR, STM32WL5MOCH6, STM32WL5MOCH6TR]
2025-03-04 10:03:33,527 [INFO] BoardInfo:889 - No configuration file found for board P-NUCLEO-WB55
2025-03-04 10:03:33,530 [INFO] DbBoards:161 - Kit is not supported: P-NUCLEO-WB55
2025-03-04 10:03:33,543 [INFO] BoardInfo:889 - No configuration file found for board STEVAL-BFA001V1B
2025-03-04 10:03:33,546 [INFO] DbBoards:161 - Kit is not supported: STEVAL-BFA001V1B
2025-03-04 10:03:33,547 [INFO] BoardInfo:889 - No configuration file found for board STEVAL-BFA001V2B
2025-03-04 10:03:33,550 [INFO] DbBoards:161 - Kit is not supported: STEVAL-BFA001V2B
2025-03-04 10:03:33,861 [INFO] DbBoards:168 - Found 211 boards, 208 are supported
2025-03-04 10:03:33,861 [INFO] DbBoards:169 - Found 211 boards, 43 of them is supported for  Bsp
2025-03-04 10:03:33,866 [INFO] ApiDb:668 - CubeFinder database Data Model version=2.1
2025-03-04 10:03:33,866 [INFO] ApiDb:669 - CubeFinder database Configuration version=3.0.39
2025-03-04 10:03:33,866 [INFO] ApiDb:670 - CubeFinder database generation date=2025-02-18 (1739885696)
2025-03-04 10:03:33,866 [INFO] ApiDb:671 - CubeFinder database FW Pack versions=[FP-ATR-ASTRA1_V2.0.0, FP-SNS-FLIGHT1_V5.0.2, FP-SNS-MOTENV1_V5.0.0, FP-SNS-MOTENVWB1_V1.4.0, FP-SNS-SMARTAG2_V1.2.0, FP-SNS-STBOX1_V2.0.0, STM32Cube_FW_C0_V1.4.0, STM32Cube_FW_F4_V1.28.1, STM32Cube_FW_F7_V1.17.2, STM32Cube_FW_G0_V1.6.2, STM32Cube_FW_G4_V1.6.1, STM32Cube_FW_H5_V1.5.0, STM32Cube_FW_H7RS_V1.2.0, STM32Cube_FW_H7_V1.12.1, STM32Cube_FW_L0_V1.12.2, STM32Cube_FW_L4_V1.18.1, STM32Cube_FW_L5_V1.5.1, STM32Cube_FW_N6_V1.1.0, STM32Cube_FW_U0_V1.2.0, STM32Cube_FW_U3_V1.1.0, STM32Cube_FW_U5_V1.7.0, STM32Cube_FW_WB0_V1.2.0, STM32Cube_FW_WBA_V1.6.0, STM32Cube_FW_WB_V1.22.0, STM32Cube_FW_WL3_V1.1.0, STM32Cube_FW_WL_V1.3.1, X-CUBE-ALGOBUILD_V1.4.0, X-CUBE-ALS_V1.0.2, X-CUBE-AZRTOS-F4_V1.1.0, X-CUBE-AZRTOS-F7_V1.1.0, X-CUBE-AZRTOS-G0_V1.1.0, X-CUBE-AZRTOS-G4_V2.0.0, X-CUBE-AZRTOS-H7RS_V1.0.0, X-CUBE-AZRTOS-H7_V3.3.0, X-CUBE-AZRTOS-L4_V2.0.0, X-CUBE-AZRTOS-L5_V2.0.0, X-CUBE-AZRTOS-WB_V2.0.0, X-CUBE-AZRTOS-WL_V2.0.0, X-CUBE-BLE1_V7.0.0, X-CUBE-BLE2_V3.3.0, X-CUBE-BLEMGR_V4.0.0, X-CUBE-EEPRMA1_V5.1.0, X-CUBE-FREERTOS_V1.3.0, X-CUBE-GNSS1_V6.0.0, X-CUBE-MEMS1_V11.1.0, X-CUBE-NFC4_V3.0.0, X-CUBE-NFC7_V1.0.1, X-CUBE-SFXS2LP1_V4.0.0, X-CUBE-SUBG2_V5.0.0, X-CUBE-TOF1_V3.4.2]
2025-03-04 10:03:34,120 [ERROR] LogOutputStream:75 - [STDERR_REDIRECT] [Fatal Error] :1:1: Premature end of file.
2025-03-04 10:03:34,120 [ERROR] LogOutputStream:75 - [STDERR_REDIRECT] 
2025-03-04 10:03:35,114 [ERROR] LogOutputStream:75 - [STDERR_REDIRECT] [Fatal Error] :1:1: Premature end of file.
2025-03-04 10:03:35,114 [ERROR] LogOutputStream:75 - [STDERR_REDIRECT] 
2025-03-04 10:03:36,119 [ERROR] LogOutputStream:75 - [STDERR_REDIRECT] [Fatal Error] :1:1: Premature end of file.
2025-03-04 10:03:36,119 [ERROR] LogOutputStream:75 - [STDERR_REDIRECT] 
2025-03-04 10:03:36,381 [INFO] ApiDb:240 - Found 895 in-development CPN: [B-G473E-ZEST1S, B-WB1M-WPAN1, B-WBA5M-WPAN, B-WL5M-SUBG1, NUCLEO-C031C6, NUCLEO-C051C8, NUCLEO-C071RB, NUCLEO-C092RC, NUCLEO-H503RB, NUCLEO-H533RE, NUCLEO-H563ZI, NUCLEO-H7S3L8, NUCLEO-N657X0-Q, NUCLEO-U031R8, NUCLEO-U083RC, NUCLEO-U385RG-Q, NUCLEO-U545RE-Q, NUCLEO-U5A5ZJ-Q, NUCLEO-WB05KZ, NUCLEO-WB07CC, NUCLEO-WB09KE, NUCLEO-WBA52CG, NUCLEO-WBA55CG, NUCLEO-WBA65RI, NUCLEO-WL33CC1, NUCLEO-WL33CC2, STEVAL-PROTEUS1, STEVAL-SMARTAG2, STEVAL-STWINBX1, STM320518-EVAL, STM32C0116-DK, STM32C011D6Y3TR, STM32C011D6Y6TR, STM32C011F4P3, STM32C011F4P6, STM32C011F4U3, STM32C011F4U6TR, STM32C011F6P3, STM32C011F6P6, STM32C011F6U3, STM32C011F6U6TR, STM32C011J4M3, STM32C011J4M6, STM32C011J6M3, STM32C011J6M6, STM32C0316-DK, STM32C031C4T3, STM32C031C4T6, STM32C031C4U3, STM32C031C4U6, STM32C031C6T3, STM32C031C6T6, STM32C031C6U3, STM32C031C6U6, STM32C031F4P3, STM32C031F4P6, STM32C031F6P3, STM32C031F6P6, STM32C031G4U3, STM32C031G4U6, STM32C031G6U3, STM32C031G6U6, STM32C031K4T3, STM32C031K4T6, STM32C031K4U3, STM32C031K4U6, STM32C031K6T3, STM32C031K6T6, STM32C031K6U3, STM32C031K6U6, STM32C051C6T6, STM32C051C6U6, STM32C051C8T6, STM32C051C8U6, STM32C051D8Y6TR, STM32C051F6P6, STM32C051F8P6, STM32C051G6U6, STM32C051G8U6, STM32C051K6T6, STM32C051K6U6, STM32C051K8T6, STM32C071C8T6, STM32C071C8T6N, STM32C071C8U6, STM32C071C8U6N, STM32C071CBT6, STM32C071CBT6N, STM32C071CBU6, STM32C071CBU6N, STM32C071F8P6, STM32C071F8P6N, STM32C071FBP6, STM32C071FBP6N, STM32C071FBY6TR, STM32C071G8U6, STM32C071G8U6N, STM32C071GBU6, STM32C071GBU6N, STM32C071K8T6, STM32C071K8T6N, STM32C071K8U6, STM32C071K8U6N, STM32C071KBT6, STM32C071KBT6N, STM32C071KBU6, STM32C071KBU6N, STM32C071R8T6, STM32C071R8T6N, STM32C071RBI6N, STM32C071RBT6, STM32C071RBT6N, STM32C091CBT6, STM32C091CBU6, STM32C091CCT6, STM32C091CCU6, STM32C091ECY6TR, STM32C091FBP6, STM32C091FCP6, STM32C091GBU6, STM32C091GCU6, STM32C091KBT6, STM32C091KBU6, STM32C091KCT6, STM32C091KCU6, STM32C091RBT6, STM32C091RCI6, STM32C091RCT6, STM32C092CBT6, STM32C092CBU6, STM32C092CCT6, STM32C092CCU6, STM32C092ECY6TR, STM32C092FBP6, STM32C092FCP6, STM32C092GBU6, STM32C092GCU6, STM32C092KBT6, STM32C092KBU6, STM32C092KCT6, STM32C092KCU6, STM32C092RBT6, STM32C092RCI6, STM32C092RCT6, STM32G071K8TXN, STM32G071K8UXN, STM32G081GBU6N, STM32G081KBT6N, STM32G081KBUXN, STM32G0B1CCT6N, STM32G0B1KCT6, STM32G0B1NEY6TR, STM32G0B1RCT6N, STM32G0C1CCT6, STM32G0C1CCT6N, STM32G0C1CCU6N, STM32G0C1CET6N, STM32G0C1CEU6N, STM32G0C1KCT6, STM32G0C1NEY6TR, STM32G0C1RCI6N, STM32G0C1RCT6N, STM32G0C1REI6N, STM32G0C1RET6N, STM32G0C1VCI6, STM32G0C1VEI6, STM32G411C6T3, STM32G411C6T6, STM32G411C6U3, STM32G411C6U6, STM32G411C8T3, STM32G411C8T6, STM32G411C8U3, STM32G411C8U6, STM32G411CBT3, STM32G411CBT6, STM32G411CBU3, STM32G411CBU6, STM32G411CCT3, STM32G411CCT6, STM32G411CCU3, STM32G411CCU6, STM32G411K6T3, STM32G411K6T6, STM32G411K6U3, STM32G411K6U6, STM32G411K8T3, STM32G411K8T6, STM32G411K8U3, STM32G411K8U6, STM32G411KBT3, STM32G411KBT6, STM32G411KBU3, STM32G411KBU6, STM32G411M6T3, STM32G411M6T6, STM32G411M8T3, STM32G411M8T6, STM32G411MBT3, STM32G411MBT6, STM32G411MCT3, STM32G411MCT6, STM32G411R6T3, STM32G411R6T6, STM32G411R8T3, STM32G411R8T6, STM32G411RBT3, STM32G411RBT6, STM32G411RCT3, STM32G411RCT6, STM32G414CBT3, STM32G414CBT6, STM32G414CBU3, STM32G414CBU6, STM32G414CCT3, STM32G414CCT6, STM32G414CCU3, STM32G414CCU6, STM32G414MBT3, STM32G414MBT6, STM32G414MCT3, STM32G414MCT6, STM32G414RBT3, STM32G414RBT6, STM32G414RCT3, STM32G414RCT6, STM32G414VBT3, STM32G414VBT6, STM32G414VCT3, STM32G414VCT6, STM32G431CBT3Z, STM32G431RBT3Z, STM32G471CCT6, STM32G471CCU6, STM32G471CET3, STM32G471CET6, STM32G471CEU3, STM32G471CEU6, STM32G471MCT6, STM32G471MET3, STM32G471MET6, STM32G471MEY6TR, STM32G471QCT6, STM32G471QET3, STM32G471RCT6, STM32G471RET3, STM32G471RET6, STM32G471VCH6, STM32G471VCI6, STM32G471VCT6, STM32G471VEH3, STM32G471VEH6, STM32G471VEI3, STM32G471VEI6, STM32G471VET3, STM32G471VET6, STM32G473QET3Z, STM32G473RET3Z, STM32G474CCT6, STM32G491RET3Z, STM32H503CBT6, STM32H503CBU6, STM32H503EBY6TR, STM32H503KBU6, STM32H503RBT6, STM32H523CCT6, STM32H523CCU6, STM32H523CET6, STM32H523CEU6, STM32H523HEY6TR, STM32H523RCT6, STM32H523RET6, STM32H523VCI6, STM32H523VCT6, STM32H523VEI6, STM32H523VET6, STM32H523ZCJ6, STM32H523ZCT6, STM32H523ZEJ6, STM32H523ZET6, STM32H533CET6, STM32H533CEU6, STM32H533HEY6TR, STM32H533RET6, STM32H533VEI6, STM32H533VET6, STM32H533ZEJ6, STM32H533ZET6, STM32H562AGI6, STM32H562AII6, STM32H562IGK6, STM32H562IGT6, STM32H562IIK6, STM32H562IIT6, STM32H562RGT6, STM32H562RGV6, STM32H562RIT6, STM32H562RIV6, STM32H562VGT6, STM32H562VIT6, STM32H562ZGT6, STM32H562ZIT6, STM32H563AGI6, STM32H563AII3Q, STM32H563AII6, STM32H563IGK6, STM32H563IGT6, STM32H563IIK3Q, STM32H563IIK6, STM32H563IIT3Q, STM32H563IIT6, STM32H563MIY3QTR, STM32H563RGT6, STM32H563RGV6, STM32H563RIT6, STM32H563RIV6, STM32H563VGT6, STM32H563VIT3Q, STM32H563VIT6, STM32H563ZGT6, STM32H563ZIT3Q, STM32H563ZIT6, STM32H573AII3Q, STM32H573AII6, STM32H573I-DK, STM32H573IIK3Q, STM32H573IIK6, STM32H573IIT3Q, STM32H573IIT6, STM32H573MIY3QTR, STM32H573RIT6, STM32H573RIV6, STM32H573VIT3Q, STM32H573VIT6, STM32H573ZIT3Q, STM32H573ZIT6, STM32H7R3A8I6, STM32H7R3I8K6, STM32H7R3I8T6, STM32H7R3L8H6, STM32H7R3L8H6H, STM32H7R3R8V6, STM32H7R3V8H6, STM32H7R3V8T6, STM32H7R3V8Y6TR, STM32H7R3Z8J6, STM32H7R3Z8T6, STM32H7R7A8I6, STM32H7R7I8K6, STM32H7R7I8T6, STM32H7R7L8H6, STM32H7R7L8H6H, STM32H7R7Z8J6, STM32H7S3A8I6, STM32H7S3I8K6, STM32H7S3I8T6, STM32H7S3L8H6, STM32H7S3L8H6H, STM32H7S3R8V6, STM32H7S3V8H6, STM32H7S3V8T6, STM32H7S3V8Y6TR, STM32H7S3Z8J6, STM32H7S3Z8T6, STM32H7S78-DK, STM32H7S7A8I6, STM32H7S7I8K6, STM32H7S7I8T6, STM32H7S7L8H6, STM32H7S7L8H6H, STM32H7S7Z8J6, STM32L4R5QGI6STR, STM32MP131AAE3, STM32MP131AAF3, STM32MP131AAG3, STM32MP131CAE3, STM32MP131CAF3, STM32MP131CAG3, STM32MP131DAE7, STM32MP131DAF7, STM32MP131DAG7, STM32MP131FAE7, STM32MP131FAF7, STM32MP131FAG7, STM32MP133AAE3, STM32MP133AAF3, STM32MP133AAG3, STM32MP133CAE3, STM32MP133CAF3, STM32MP133CAG3, STM32MP133DAE7, STM32MP133DAF7, STM32MP133DAG7, STM32MP133FAE7, STM32MP133FAF7, STM32MP133FAG7, STM32MP135AAE3, STM32MP135AAF3, STM32MP135AAG3, STM32MP135CAE3, STM32MP135CAF3, STM32MP135CAG3, STM32MP135DAE7, STM32MP135DAF7, STM32MP135DAG7, STM32MP135F-DK, STM32MP135FAE7, STM32MP135FAF7, STM32MP135FAF7T, STM32MP135FAF7U, STM32MP135FAG7, STM32MP231AAJ3, STM32MP231AAK3, STM32MP231AAL3, STM32MP231CAJ3, STM32MP231CAK3, STM32MP231CAL3, STM32MP231DAJ3, STM32MP231DAK3, STM32MP231DAL3, STM32MP231FAJ3, STM32MP231FAK3, STM32MP231FAL3, STM32MP233AAJ3, STM32MP233AAK3, STM32MP233AAL3, STM32MP233CAJ3, STM32MP233CAK3, STM32MP233CAL3, STM32MP233DAJ3, STM32MP233DAK3, STM32MP233DAL3, STM32MP233FAJ3, STM32MP233FAK3, STM32MP233FAL3, STM32MP235AAJ3, STM32MP235AAK3, STM32MP235AAL3, STM32MP235CAJ3, STM32MP235CAK3, STM32MP235CAL3, STM32MP235DAJ3, STM32MP235DAK3, STM32MP235DAL3, STM32MP235FAJ3, STM32MP235FAK3, STM32MP235FAL3, STM32MP251AAI3, STM32MP251AAJ3, STM32MP251AAK3, STM32MP251AAL3, STM32MP251CAI3, STM32MP251CAJ3, STM32MP251CAK3, STM32MP251CAL3, STM32MP251DAI3, STM32MP251DAJ3, STM32MP251DAK3, STM32MP251DAL3, STM32MP251FAI3, STM32MP251FAJ3, STM32MP251FAK3, STM32MP251FAL3, STM32MP253AAI3, STM32MP253AAJ3, STM32MP253AAK3, STM32MP253AAL3, STM32MP253CAI3, STM32MP253CAJ3, STM32MP253CAK3, STM32MP253CAL3, STM32MP253DAI3, STM32MP253DAJ3, STM32MP253DAK3, STM32MP253DAL3, STM32MP253FAI3, STM32MP253FAJ3, STM32MP253FAK3, STM32MP253FAL3, STM32MP255AAI3, STM32MP255AAJ3, STM32MP255AAK3, STM32MP255AAL3, STM32MP255CAI3, STM32MP255CAJ3, STM32MP255CAK3, STM32MP255CAL3, STM32MP255DAI3, STM32MP255DAJ3, STM32MP255DAK3, STM32MP255DAL3, STM32MP255FAI3, STM32MP255FAJ3, STM32MP255FAK3, STM32MP255FAL3, STM32MP257AAI3, STM32MP257AAJ3, STM32MP257AAK3, STM32MP257AAL3, STM32MP257CAI3, STM32MP257CAJ3, STM32MP257CAK3, STM32MP257CAL3, STM32MP257DAI3, STM32MP257DAJ3, STM32MP257DAK3, STM32MP257DAL3, STM32MP257F-DK, STM32MP257F-EV1, STM32MP257FAI3, STM32MP257FAJ3, STM32MP257FAK3, STM32MP257FAL3, STM32N645A0H3Q, STM32N645B0H3Q, STM32N645I0H3Q, STM32N645L0H3Q, STM32N645X0H3Q, STM32N645Z0H3Q, STM32N647A0H3Q, STM32N647B0H3Q, STM32N647I0H3Q, STM32N647L0H3Q, STM32N647X0H3Q, STM32N647Z0H3Q, STM32N655A0H3Q, STM32N655B0H3Q, STM32N655I0H3Q, STM32N655L0H3Q, STM32N655X0H3Q, STM32N655Z0H3Q, STM32N6570-DK, STM32N657A0H3Q, STM32N657B0H3Q, STM32N657I0H3Q, STM32N657L0H3Q, STM32N657X0H3Q, STM32N657Z0H3Q, STM32U031C6T6, STM32U031C6U6, STM32U031C8T6, STM32U031C8U6, STM32U031F4P6, STM32U031F6P6, STM32U031F8P6, STM32U031G6Y6TR, STM32U031G8Y6TR, STM32U031K4U6, STM32U031K6U6, STM32U031K8U6, STM32U031R6I6, STM32U031R6T6, STM32U031R8I6, STM32U031R8T6, STM32U073C8T6, STM32U073C8U6, STM32U073CBT6, STM32U073CBU6, STM32U073CCT6, STM32U073CCU6, STM32U073H8Y6TR, STM32U073HBY6TR, STM32U073HCY6TR, STM32U073K8U6, STM32U073KBU6, STM32U073KCU6, STM32U073M8I6, STM32U073M8T6, STM32U073MBI6, STM32U073MBT6, STM32U073MCI6, STM32U073MCT6, STM32U073R8I6, STM32U073R8T6, STM32U073RBI6, STM32U073RBT6, STM32U073RCI6, STM32U073RCT6, STM32U083C-DK, STM32U083CCT6, STM32U083CCU6, STM32U083HCY6TR, STM32U083KCU6, STM32U083MCI6, STM32U083MCT6, STM32U083RCI6, STM32U083RCT6, STM32U375CET6, STM32U375CET6Q, STM32U375CEU6, STM32U375CEU6Q, STM32U375CEY6QTR, STM32U375CGT6, STM32U375CGT6Q, STM32U375CGU6, STM32U375CGU6Q, STM32U375CGY6QTR, STM32U375KEU6, STM32U375KGU6, STM32U375REI6, STM32U375REI6Q, STM32U375RET6, STM32U375RET6Q, STM32U375REY6GTR, STM32U375REY6QTR, STM32U375RGI6, STM32U375RGI6Q, STM32U375RGT6, STM32U375RGT6Q, STM32U375RGY6GTR, STM32U375RGY6QTR, STM32U375VEI6, STM32U375VEI6Q, STM32U375VET6, STM32U375VET6Q, STM32U375VGI6, STM32U375VGI6Q, STM32U375VGT6, STM32U375VGT6Q, STM32U385CGT6, STM32U385CGT6Q, STM32U385CGU6, STM32U385CGU6Q, STM32U385CGY6QTR, STM32U385KGU6, STM32U385RGI6, STM32U385RGI6Q, STM32U385RGT6, STM32U385RGT6Q, STM32U385RGY6GTR, STM32U385RGY6QTR, STM32U385VGI6, STM32U385VGI6Q, STM32U385VGT6, STM32U385VGT6Q, STM32U535CBT6, STM32U535CBT6Q, STM32U535CBU6, STM32U535CBU6Q, STM32U535CCT6, STM32U535CCT6Q, STM32U535CCU6, STM32U535CCU6Q, STM32U535CET6, STM32U535CET6Q, STM32U535CEU6, STM32U535CEU6Q, STM32U535JEY6QTR, STM32U535NCY6QTR, STM32U535NEY6QTR, STM32U535RBI6, STM32U535RBI6Q, STM32U535RBT6, STM32U535RBT6Q, STM32U535RCI6, STM32U535RCI6Q, STM32U535RCT6, STM32U535RCT6Q, STM32U535REI6, STM32U535REI6Q, STM32U535RET6, STM32U535RET6Q, STM32U535VCI6, STM32U535VCI6Q, STM32U535VCT6, STM32U535VCT6Q, STM32U535VEI6, STM32U535VEI6Q, STM32U535VET6, STM32U535VET6Q, STM32U545CET6, STM32U545CET6Q, STM32U545CEU6, STM32U545CEU6Q, STM32U545JEY6QTR, STM32U545NEY6QTR, STM32U545REI6, STM32U545REI6Q, STM32U545RET6, STM32U545RET6Q, STM32U545VEI6, STM32U545VEI6Q, STM32U545VET6, STM32U545VET6Q, STM32U595AIH6, STM32U595AIH6Q, STM32U595AJH6, STM32U595AJH6Q, STM32U595QII6, STM32U595QII6Q, STM32U595QJI6, STM32U595QJI6Q, STM32U595RIT6, STM32U595RIT6Q, STM32U595RJT6, STM32U595RJT6Q, STM32U595VIT6, STM32U595VIT6Q, STM32U595VJT6, STM32U595VJT6Q, STM32U595ZIT6, STM32U595ZIT6Q, STM32U595ZIY6QTR, STM32U595ZJT6, STM32U595ZJT6Q, STM32U595ZJY6QTR, STM32U599BJY6QTR, STM32U599NIH6Q, STM32U599NJH6Q, STM32U599VIT6Q, STM32U599VJT6, STM32U599VJT6Q, STM32U599ZIT6Q, STM32U599ZIY6QTR, STM32U599ZJT6Q, STM32U599ZJY6QTR, STM32U5A5AJH6, STM32U5A5AJH6Q, STM32U5A5QII3Q , STM32U5A5QJI6, STM32U5A5QJI6Q, STM32U5A5RJT6, STM32U5A5RJT6Q, STM32U5A5VJT6, STM32U5A5VJT6Q, STM32U5A5ZJT6, STM32U5A5ZJT6Q, STM32U5A5ZJY6QTR, STM32U5A9BJY6QTR, STM32U5A9J-DK, STM32U5A9NJH6Q, STM32U5A9VJT6Q, STM32U5A9ZJT6Q, STM32U5A9ZJY6QTR, STM32U5F7VIT6, STM32U5F7VIT6Q, STM32U5F7VJT6, STM32U5F7VJT6Q, STM32U5F9BJY6QTR, STM32U5F9NJH6Q, STM32U5F9VIT6Q, STM32U5F9VJT6Q, STM32U5F9ZIJ6QTR, STM32U5F9ZIT6Q, STM32U5F9ZJJ6QTR, STM32U5F9ZJT6Q, STM32U5G7VJT6, STM32U5G7VJT6Q, STM32U5G9BJY6QTR, STM32U5G9J-DK1, STM32U5G9J-DK2, STM32U5G9NJH6Q, STM32U5G9VJT6Q, STM32U5G9ZJJ6QTR, STM32U5G9ZJT6Q, STM32WB05KZV6TR, STM32WB05KZV7TR, STM32WB05TZF6TR, STM32WB05TZF7TR, STM32WB06CCF6TR, STM32WB06CCF7TR, STM32WB06CCV6TR, STM32WB06CCV7TR, STM32WB06KCV6TR, STM32WB06KCV7TR, STM32WB07CCF6TR, STM32WB07CCF7TR, STM32WB07CCV6TR, STM32WB07CCV7TR, STM32WB07KCV6TR, STM32WB07KCV7TR, STM32WB09KEV6TR, STM32WB09KEV7TR, STM32WB09TEF6TR, STM32WB09TEF7TR, STM32WB1MMCH6, STM32WBA50KGU6, STM32WBA50KGU6TR, STM32WBA52CEU6, STM32WBA52CEU6TR, STM32WBA52CEU7, STM32WBA52CEU7TR, STM32WBA52CGU6, STM32WBA52CGU6TR, STM32WBA52CGU6U, STM32WBA52CGU7, STM32WBA52CGU7TR, STM32WBA52KEU6, STM32WBA52KEU6TR, STM32WBA52KGU6, STM32WBA52KGU6TR, STM32WBA54CEU6, STM32WBA54CEU6TR, STM32WBA54CEU7, STM32WBA54CEU7TR, STM32WBA54CGU6, STM32WBA54CGU6TR, STM32WBA54CGU7, STM32WBA54CGU7TR, STM32WBA54KEU6, STM32WBA54KEU6TR, STM32WBA54KEU7, STM32WBA54KEU7TR, STM32WBA54KGU6, STM32WBA54KGU6TR, STM32WBA54KGU7, STM32WBA54KGU7TR, STM32WBA55CEU6, STM32WBA55CEU6TR, STM32WBA55CEU7, STM32WBA55CEU7TR, STM32WBA55CGU6, STM32WBA55CGU6TR, STM32WBA55CGU6U, STM32WBA55CGU7, STM32WBA55CGU7TR, STM32WBA55G-DK1, STM32WBA55HEF6, STM32WBA55HEF7, STM32WBA55HGF6, STM32WBA55HGF7, STM32WBA55UEI6, STM32WBA55UEI6TR, STM32WBA55UEI7, STM32WBA55UEI7TR, STM32WBA55UGI6, STM32WBA55UGI6TR, STM32WBA55UGI7, STM32WBA55UGI7TR, STM32WBA5MJGH6TR, STM32WBA62CGU6, STM32WBA62CIU6, STM32WBA62MGF6, STM32WBA62MIF6, STM32WBA62PGI6, STM32WBA62PII6, STM32WBA63CGU6, STM32WBA63CGU7, STM32WBA63CIU6, STM32WBA63CIU7, STM32WBA64CGU6, STM32WBA64CGU7, STM32WBA64CIU6, STM32WBA64CIU7, STM32WBA65CGU6, STM32WBA65CGU7, STM32WBA65CIU6, STM32WBA65CIU7, STM32WBA65I-DK1, STM32WBA65MGF6, STM32WBA65MGF7, STM32WBA65MIF6, STM32WBA65MIF7, STM32WBA65PGI6, STM32WBA65PGI7, STM32WBA65PII6, STM32WBA65PII7, STM32WBA65RGV6, STM32WBA65RGV7, STM32WBA65RIV6, STM32WBA65RIV7, STM32WL30K8V6, STM32WL30KBV6, STM32WL31C8V6, STM32WL31CBV6, STM32WL31K8V6, STM32WL31KBV6, STM32WL33C8V6, STM32WL33C8V6TR, STM32WL33C8V7, STM32WL33C8V7TR, STM32WL33CBV6, STM32WL33CBV6TR, STM32WL33CBV7, STM32WL33CBV7TR, STM32WL33CCV6, STM32WL33CCV6TR, STM32WL33CCV7, STM32WL33CCV7A, STM32WL33CCV7ATR, STM32WL33CCV7TR, STM32WL33K8V6, STM32WL33K8V6TR, STM32WL33K8V7, STM32WL33K8V7TR, STM32WL33KBV6, STM32WL33KBV6TR, STM32WL33KBV7, STM32WL33KBV7TR, STM32WL33KCV6, STM32WL33KCV6TR, STM32WL33KCV7, STM32WL33KCV7TR, STM32WL5MOCH6, STM32WL5MOCH6TR]
2025-03-04 10:03:36,386 [INFO] DbMcus:218 - Found 4682 MCUs, 4682 are supported
2025-03-04 10:03:36,387 [INFO] ApiDb:423 - Load user favorites file C:\Users\raj/.stm32cubeide/favorites.mcus.txt: 0 item(s)
2025-03-04 10:03:36,387 [INFO] ApiDb:427 - User favorites MCUs=[]
2025-03-04 10:03:36,387 [INFO] DbMcus:224 - Set 0 / 0 favorites MCUs
2025-03-04 10:03:36,886 [INFO] ApiDb:423 - Load user favorites file C:\Users\raj/.stm32cubeide/favorites.boards.txt: 0 item(s)
2025-03-04 10:03:36,887 [INFO] ApiDb:427 - User favorites Boards=[]
2025-03-04 10:03:36,887 [INFO] DbBoards:198 - Set 0 / 0 favorites Boards
2025-03-04 10:03:36,990 [INFO] UtilMem:75 - End LoadConfig() Used Memory: 348243584 Bytes (1073741824)
2025-03-04 10:03:37,145 [ERROR] LogOutputStream:75 - [STDERR_REDIRECT] [Fatal Error] :1:1: Premature end of file.
2025-03-04 10:03:37,145 [ERROR] LogOutputStream:75 - [STDERR_REDIRECT] 
2025-03-04 10:03:37,178 [WARN] ThirdParty:833 - waiting for thirdparty lock release [change project]
2025-03-04 10:03:37,178 [INFO] ThirdParty:835 - entering critical section [change project]
2025-03-04 10:03:37,178 [INFO] ThirdParty:1030 - CMSIS Pack Vendor :STMicroelectronics USBPD 4.1
2025-03-04 10:03:37,178 [INFO] ThirdParty:1030 - CMSIS Pack Vendor :STMicroelectronics X-CUBE-AZRTOS-H7 3.3.0
2025-03-04 10:03:37,178 [INFO] ThirdParty:1030 - CMSIS Pack Vendor :STMicroelectronics X-CUBE-NFC9 1.0.0
2025-03-04 10:03:37,178 [INFO] ThirdParty:1030 - CMSIS Pack Vendor :STMicroelectronics USB_HOST 2.0.0
2025-03-04 10:03:37,178 [INFO] ThirdParty:1030 - CMSIS Pack Vendor :STMicroelectronics FP-SNS-MOTENVWB1 1.4.0
2025-03-04 10:03:37,178 [INFO] ThirdParty:1030 - CMSIS Pack Vendor :STMicroelectronics X-CUBE-AZRTOS-F4 1.1.0
2025-03-04 10:03:37,178 [INFO] ThirdParty:1030 - CMSIS Pack Vendor :STMicroelectronics LIBJPEG 8.0.0
2025-03-04 10:03:37,178 [INFO] ThirdParty:1030 - CMSIS Pack Vendor :STMicroelectronics FP-ATR-ASTRA1 2.0.2
2025-03-04 10:03:37,178 [INFO] ThirdParty:1030 - CMSIS Pack Vendor :STMicroelectronics FP-ATR-ASTRA1 2.0.1
2025-03-04 10:03:37,179 [INFO] ThirdParty:1030 - CMSIS Pack Vendor :STMicroelectronics X-CUBE-SMBUS 2.1.0
2025-03-04 10:03:37,179 [INFO] ThirdParty:1030 - CMSIS Pack Vendor :STMicroelectronics X-CUBE-WB05N 1.1.0
2025-03-04 10:03:37,179 [INFO] ThirdParty:1030 - CMSIS Pack Vendor :STMicroelectronics USB_DEVICE 3.0.0
2025-03-04 10:03:37,179 [INFO] ThirdParty:1030 - CMSIS Pack Vendor :STMicroelectronics X-CUBE-TCPP 4.1.0
2025-03-04 10:03:37,179 [INFO] ThirdParty:1030 - CMSIS Pack Vendor :STMicroelectronics X-CUBE-ISPU 2.1.0
2025-03-04 10:03:37,179 [INFO] ThirdParty:1030 - CMSIS Pack Vendor :STMicroelectronics X-CUBE-FREERTOS 1.2.0
2025-03-04 10:03:37,179 [INFO] ThirdParty:1030 - CMSIS Pack Vendor :STMicroelectronics X-CUBE-IPS 3.0.0
2025-03-04 10:03:37,179 [INFO] ThirdParty:1030 - CMSIS Pack Vendor :STMicroelectronics X-CUBE-AZRTOS-WB 2.0.0
2025-03-04 10:03:37,179 [INFO] ThirdParty:1030 - CMSIS Pack Vendor :STMicroelectronics X-CUBE-GNSS1 7.0.0
2025-03-04 10:03:37,179 [INFO] ThirdParty:1030 - CMSIS Pack Vendor :STMicroelectronics X-CUBE-GNSS1 7.0.1
2025-03-04 10:03:37,179 [INFO] ThirdParty:1030 - CMSIS Pack Vendor :STMicroelectronics X-CUBE-AZRTOS-F7 1.1.0
2025-03-04 10:03:37,179 [INFO] ThirdParty:1030 - CMSIS Pack Vendor :STMicroelectronics X-CUBE-AZRTOS-L5 2.0.0
2025-03-04 10:03:37,179 [INFO] ThirdParty:1030 - CMSIS Pack Vendor :STMicroelectronics USB_DEVICE 2.0.0
2025-03-04 10:03:37,179 [INFO] ThirdParty:1030 - CMSIS Pack Vendor :STMicroelectronics X-CUBE-NFC6 3.1.0
2025-03-04 10:03:37,179 [INFO] ThirdParty:1030 - CMSIS Pack Vendor :STMicroelectronics FP-SNS-STBOX1 2.0.0
2025-03-04 10:03:37,179 [INFO] ThirdParty:1030 - CMSIS Pack Vendor :STMicroelectronics X-CUBE-MEMS1 11.0.0
2025-03-04 10:03:37,179 [INFO] ThirdParty:1030 - CMSIS Pack Vendor :STMicroelectronics FreeRTOS 0.0.1
2025-03-04 10:03:37,179 [INFO] ThirdParty:1030 - CMSIS Pack Vendor :STMicroelectronics X-CUBE-AZRTOS-G0 1.1.0
2025-03-04 10:03:37,179 [INFO] ThirdParty:1030 - CMSIS Pack Vendor :STMicroelectronics X-CUBE-SAFEA1 1.2.2
2025-03-04 10:03:37,179 [INFO] ThirdParty:1030 - CMSIS Pack Vendor :STMicroelectronics X-CUBE-NFC4 3.0.0
2025-03-04 10:03:37,179 [INFO] ThirdParty:1030 - CMSIS Pack Vendor :STMicroelectronics X-CUBE-DPower 1.2.0
2025-03-04 10:03:37,179 [INFO] ThirdParty:1030 - CMSIS Pack Vendor :STMicroelectronics X-CUBE-SUBG2 5.0.0
2025-03-04 10:03:37,179 [INFO] ThirdParty:1030 - CMSIS Pack Vendor :STMicroelectronics STM32_WPAN 1.0.0
2025-03-04 10:03:37,179 [INFO] ThirdParty:1030 - CMSIS Pack Vendor :EmbeddedOffice I-CUBE-FS-RTOS 1.0.1
2025-03-04 10:03:37,179 [INFO] ThirdParty:1030 - CMSIS Pack Vendor :STMicroelectronics lwIP 2.0.3
2025-03-04 10:03:37,180 [INFO] ThirdParty:1030 - CMSIS Pack Vendor :STMicroelectronics FP-SNS-FLIGHT1 5.0.2
2025-03-04 10:03:37,180 [INFO] ThirdParty:1030 - CMSIS Pack Vendor :Cesanta I-CUBE-Mongoose 7.13.0
2025-03-04 10:03:37,180 [INFO] ThirdParty:1030 - CMSIS Pack Vendor :STMicroelectronics USB_HOST 1.0.0
2025-03-04 10:03:37,180 [INFO] ThirdParty:1030 - CMSIS Pack Vendor :Infineon AIROC-Wi-Fi-Bluetooth-STM32 1.7.0
2025-03-04 10:03:37,180 [INFO] ThirdParty:1030 - CMSIS Pack Vendor :STMicroelectronics X-CUBE-AZRTOS-G4 2.0.0
2025-03-04 10:03:37,180 [INFO] ThirdParty:1030 - CMSIS Pack Vendor :STMicroelectronics PDM2PCM 3.1.0
2025-03-04 10:03:37,180 [INFO] ThirdParty:1030 - CMSIS Pack Vendor :STMicroelectronics PDM2PCM 3.3.0
2025-03-04 10:03:37,180 [INFO] ThirdParty:1030 - CMSIS Pack Vendor :STMicroelectronics X-CUBE-DISPLAY 3.0.0
2025-03-04 10:03:37,180 [INFO] ThirdParty:1030 - CMSIS Pack Vendor :STMicroelectronics X-CUBE-TCPP 4.2.0
2025-03-04 10:03:37,180 [INFO] ThirdParty:1030 - CMSIS Pack Vendor :RealThread X-CUBE-RT-Thread_Nano 4.1.1
2025-03-04 10:03:37,180 [INFO] ThirdParty:1030 - CMSIS Pack Vendor :STMicroelectronics X-CUBE-BLE1 7.0.0
2025-03-04 10:03:37,180 [INFO] ThirdParty:1030 - CMSIS Pack Vendor :STMicroelectronics FP-ATR-SIGFOX1 3.2.0
2025-03-04 10:03:37,180 [INFO] ThirdParty:1030 - CMSIS Pack Vendor :STMicroelectronics X-CUBE-NFC10 1.0.0
2025-03-04 10:03:37,180 [INFO] ThirdParty:1030 - CMSIS Pack Vendor :quantropi X-CUBE-qispace-sdk-base 1.9.3
2025-03-04 10:03:37,180 [INFO] ThirdParty:1030 - CMSIS Pack Vendor :STMicroelectronics X-CUBE-BLEMGR 4.0.0
2025-03-04 10:03:37,180 [INFO] ThirdParty:1030 - CMSIS Pack Vendor :STMicroelectronics X-CUBE-EEPRMA1 5.1.0
2025-03-04 10:03:37,180 [INFO] ThirdParty:1030 - CMSIS Pack Vendor :STMicroelectronics HAL Drivers 0.0.0
2025-03-04 10:03:37,180 [INFO] ThirdParty:1030 - CMSIS Pack Vendor :STMicroelectronics MBEDTLS 2.16.2
2025-03-04 10:03:37,180 [INFO] ThirdParty:1030 - CMSIS Pack Vendor :STMicroelectronics X-CUBE-IPS 3.1.0
2025-03-04 10:03:37,180 [INFO] ThirdParty:1030 - CMSIS Pack Vendor :STMicroelectronics X-CUBE-ALS 1.0.2
2025-03-04 10:03:37,180 [INFO] ThirdParty:1030 - CMSIS Pack Vendor :emotas I-CUBE-CANOPEN 1.3.0
2025-03-04 10:03:37,180 [INFO] ThirdParty:1030 - CMSIS Pack Vendor :STMicroelectronics X-CUBE-FREERTOS 1.3.0
2025-03-04 10:03:37,180 [INFO] ThirdParty:1030 - CMSIS Pack Vendor :wolfSSL I-CUBE-wolfSSL 5.7.4
2025-03-04 10:03:37,180 [INFO] ThirdParty:1030 - CMSIS Pack Vendor :STMicroelectronics X-CUBE-NFC7 1.0.1
2025-03-04 10:03:37,180 [INFO] ThirdParty:1030 - CMSIS Pack Vendor :STMicroelectronics MBEDTLS 2.14.1
2025-03-04 10:03:37,180 [INFO] ThirdParty:1030 - CMSIS Pack Vendor :ITTIA_DB I-CUBE-ITTIADB 8.9.0
2025-03-04 10:03:37,180 [INFO] ThirdParty:1030 - CMSIS Pack Vendor :STMicroelectronics X-CUBE-TOUCHGFX 4.24.2
2025-03-04 10:03:37,181 [INFO] ThirdParty:1030 - CMSIS Pack Vendor :STMicroelectronics X-CUBE-TOUCHGFX 4.24.1
2025-03-04 10:03:37,181 [INFO] ThirdParty:1030 - CMSIS Pack Vendor :wolfSSL I-CUBE-wolfTPM 3.4.0
2025-03-04 10:03:37,181 [INFO] ThirdParty:1030 - CMSIS Pack Vendor :portGmbH I-Cube-SoM-uGOAL 1.1.0
2025-03-04 10:03:37,181 [INFO] ThirdParty:1030 - CMSIS Pack Vendor :STMicroelectronics X-CUBE-BLEMGR 3.1.0
2025-03-04 10:03:37,181 [INFO] ThirdParty:1030 - CMSIS Pack Vendor :STMicroelectronics X-CUBE-AI 10.0.0
2025-03-04 10:03:37,181 [INFO] ThirdParty:1030 - CMSIS Pack Vendor :STMicroelectronics ThreadX 1.0.0
2025-03-04 10:03:37,181 [INFO] ThirdParty:1030 - CMSIS Pack Vendor :STMicroelectronics FP-SNS-SMARTAG2 1.2.0
2025-03-04 10:03:37,181 [INFO] ThirdParty:1030 - CMSIS Pack Vendor :STMicroelectronics X-CUBE-MEMS1 11.1.0
2025-03-04 10:03:37,181 [INFO] ThirdParty:1030 - CMSIS Pack Vendor :STMicroelectronics X-CUBE-AZRTOS-WL 2.0.0
2025-03-04 10:03:37,181 [INFO] ThirdParty:1030 - CMSIS Pack Vendor :SEGGER I-CUBE-embOS 1.3.1
2025-03-04 10:03:37,181 [INFO] ThirdParty:1030 - CMSIS Pack Vendor :STMicroelectronics X-CUBE-ALGOBUILD 1.4.0
2025-03-04 10:03:37,181 [INFO] ThirdParty:1030 - CMSIS Pack Vendor :STMicroelectronics FP-SNS-MOTENV1 5.0.0
2025-03-04 10:03:37,181 [INFO] ThirdParty:1030 - CMSIS Pack Vendor :STMicroelectronics USB_DEVICE 1.0.0
2025-03-04 10:03:37,181 [INFO] ThirdParty:1030 - CMSIS Pack Vendor :STMicroelectronics X-CUBE-AZRTOS-H7RS 1.0.0
2025-03-04 10:03:37,181 [INFO] ThirdParty:1030 - CMSIS Pack Vendor :wolfSSL I-CUBE-wolfMQTT 1.19.0
2025-03-04 10:03:37,181 [INFO] ThirdParty:1030 - CMSIS Pack Vendor :STMicroelectronics X-CUBE-AZRTOS-L4 2.0.0
2025-03-04 10:03:37,181 [INFO] ThirdParty:1030 - CMSIS Pack Vendor :STMicroelectronics ThreadX 0.0.2
2025-03-04 10:03:37,181 [INFO] ThirdParty:1030 - CMSIS Pack Vendor :WES I-CUBE-Cesium 1.3.0
2025-03-04 10:03:37,181 [INFO] ThirdParty:1030 - CMSIS Pack Vendor :STMicroelectronics FP-ATR-ASTRA1 2.0.0
2025-03-04 10:03:37,181 [INFO] ThirdParty:1030 - CMSIS Pack Vendor :STMicroelectronics lwIP 2.1.2
2025-03-04 10:03:37,181 [INFO] ThirdParty:1030 - CMSIS Pack Vendor :STMicroelectronics X-CUBE-SFXS2LP1 4.0.0
2025-03-04 10:03:37,181 [INFO] ThirdParty:1030 - CMSIS Pack Vendor :STMicroelectronics X-CUBE-BLE2 3.3.0
2025-03-04 10:03:37,181 [INFO] ThirdParty:1030 - CMSIS Pack Vendor :STMicroelectronics X-CUBE-TOF1 3.4.2
2025-03-04 10:03:37,181 [INFO] ThirdParty:1030 - CMSIS Pack Vendor :STMicroelectronics X-CUBE-AI 9.1.0
2025-03-04 10:03:37,181 [INFO] ThirdParty:1030 - CMSIS Pack Vendor :Infineon AIROC-Wi-Fi-Bluetooth-STM32 1.6.1
2025-03-04 10:03:37,181 [INFO] ThirdParty:1030 - CMSIS Pack Vendor :STMicroelectronics PDM2PCM 3.2.0
2025-03-04 10:03:37,182 [INFO] ThirdParty:1030 - CMSIS Pack Vendor :wolfSSL I-CUBE-wolfSSH 1.4.17
2025-03-04 10:03:37,182 [INFO] ThirdParty:841 - exiting critical section [change project]
2025-03-04 10:03:38,161 [ERROR] LogOutputStream:75 - [STDERR_REDIRECT] [Fatal Error] :1:1: Premature end of file.
2025-03-04 10:03:38,164 [ERROR] LogOutputStream:75 - [STDERR_REDIRECT] 
2025-03-04 10:03:38,219 [INFO] PinOutPanel:1589 - setPackage(No Configuration,No Configuration)
2025-03-04 10:03:38,221 [INFO] PinOutPanel:1589 - setPackage(STM32F303RETx,LQFP64)
2025-03-04 10:03:39,131 [ERROR] LogOutputStream:75 - [STDERR_REDIRECT] [Fatal Error] :1:1: Premature end of file.
2025-03-04 10:03:39,133 [ERROR] LogOutputStream:75 - [STDERR_REDIRECT] 
2025-03-04 10:03:39,400 [INFO] UtilMem:75 - Before build in PCC Used Memory: 611075496 Bytes (1073741824)
2025-03-04 10:03:40,138 [ERROR] LogOutputStream:75 - [STDERR_REDIRECT] [Fatal Error] :1:1: Premature end of file.
2025-03-04 10:03:40,141 [ERROR] LogOutputStream:75 - [STDERR_REDIRECT] 
2025-03-04 10:03:41,142 [ERROR] LogOutputStream:75 - [STDERR_REDIRECT] [Fatal Error] :1:1: Premature end of file.
2025-03-04 10:03:41,146 [ERROR] LogOutputStream:75 - [STDERR_REDIRECT] 
2025-03-04 10:03:41,533 [INFO] UtilMem:75 - After build in PCC Used Memory: 675068488 Bytes (1073741824)
2025-03-04 10:03:41,614 [INFO] IPUIPlugin:80 - create IPUIPlugin
2025-03-04 10:03:41,614 [INFO] IPUIPlugin:80 - create IPUIPlugin
2025-03-04 10:03:41,614 [INFO] IPUIPlugin:80 - create IPUIPlugin
2025-03-04 10:03:41,614 [INFO] IPUIPlugin:80 - create IPUIPlugin
2025-03-04 10:03:41,615 [INFO] IPUIPlugin:80 - create IPUIPlugin
2025-03-04 10:03:41,615 [INFO] IPUIPlugin:80 - create IPUIPlugin
2025-03-04 10:03:41,615 [INFO] IPUIPlugin:80 - create IPUIPlugin
2025-03-04 10:03:41,615 [INFO] IPUIPlugin:80 - create IPUIPlugin
2025-03-04 10:03:41,615 [INFO] IPUIPlugin:80 - create IPUIPlugin
2025-03-04 10:03:41,616 [INFO] IPUIPlugin:80 - create IPUIPlugin
2025-03-04 10:03:41,616 [INFO] IPUIPlugin:80 - create IPUIPlugin
2025-03-04 10:03:41,616 [INFO] IPUIPlugin:80 - create IPUIPlugin
2025-03-04 10:03:41,616 [INFO] IPUIPlugin:80 - create IPUIPlugin
2025-03-04 10:03:41,617 [INFO] IPUIPlugin:80 - create IPUIPlugin
2025-03-04 10:03:41,617 [INFO] IPUIPlugin:80 - create IPUIPlugin
2025-03-04 10:03:41,617 [INFO] IPUIPlugin:80 - create IPUIPlugin
2025-03-04 10:03:41,617 [INFO] IPUIPlugin:80 - create IPUIPlugin
2025-03-04 10:03:41,618 [INFO] IPUIPlugin:80 - create IPUIPlugin
2025-03-04 10:03:41,618 [INFO] IPUIPlugin:80 - create IPUIPlugin
2025-03-04 10:03:41,618 [INFO] IPUIPlugin:80 - create IPUIPlugin
2025-03-04 10:03:41,618 [INFO] IPUIPlugin:80 - create IPUIPlugin
2025-03-04 10:03:41,618 [INFO] IPUIPlugin:80 - create IPUIPlugin
2025-03-04 10:03:41,618 [INFO] IPUIPlugin:80 - create IPUIPlugin
2025-03-04 10:03:41,619 [INFO] IPUIPlugin:80 - create IPUIPlugin
2025-03-04 10:03:41,619 [INFO] IPUIPlugin:80 - create IPUIPlugin
2025-03-04 10:03:41,619 [INFO] IPUIPlugin:80 - create IPUIPlugin
2025-03-04 10:03:41,619 [INFO] IPUIPlugin:80 - create IPUIPlugin
2025-03-04 10:03:41,619 [INFO] IPUIPlugin:80 - create IPUIPlugin
2025-03-04 10:03:41,619 [INFO] IPUIPlugin:80 - create IPUIPlugin
2025-03-04 10:03:41,620 [INFO] IPUIPlugin:80 - create IPUIPlugin
2025-03-04 10:03:41,620 [INFO] IPUIPlugin:80 - create IPUIPlugin
2025-03-04 10:03:41,620 [INFO] IPUIPlugin:80 - create IPUIPlugin
2025-03-04 10:03:41,620 [INFO] IPUIPlugin:80 - create IPUIPlugin
2025-03-04 10:03:41,621 [INFO] IPUIPlugin:80 - create IPUIPlugin
2025-03-04 10:03:41,621 [INFO] IPUIPlugin:80 - create IPUIPlugin
2025-03-04 10:03:41,621 [INFO] IPUIPlugin:80 - create IPUIPlugin
2025-03-04 10:03:41,623 [INFO] IPUIPlugin:80 - create IPUIPlugin
2025-03-04 10:03:41,623 [INFO] IPUIPlugin:80 - create IPUIPlugin
2025-03-04 10:03:41,624 [INFO] IPUIPlugin:80 - create IPUIPlugin
2025-03-04 10:03:41,625 [INFO] IPUIPlugin:80 - create IPUIPlugin
2025-03-04 10:03:41,626 [INFO] IPUIPlugin:80 - create IPUIPlugin
2025-03-04 10:03:41,627 [INFO] IPUIPlugin:80 - create IPUIPlugin
2025-03-04 10:03:41,628 [INFO] IPUIPlugin:80 - create IPUIPlugin
2025-03-04 10:03:41,628 [INFO] IPUIPlugin:80 - create IPUIPlugin
2025-03-04 10:03:41,629 [INFO] IPUIPlugin:80 - create IPUIPlugin
2025-03-04 10:03:41,630 [INFO] IPUIPlugin:80 - create IPUIPlugin
2025-03-04 10:03:41,631 [INFO] IPUIPlugin:80 - create IPUIPlugin
2025-03-04 10:03:41,632 [INFO] IPUIPlugin:80 - create IPUIPlugin
2025-03-04 10:03:41,633 [INFO] IPUIPlugin:80 - create IPUIPlugin
2025-03-04 10:03:41,633 [INFO] IPUIPlugin:80 - create IPUIPlugin
2025-03-04 10:03:41,634 [INFO] IPUIPlugin:80 - create IPUIPlugin
2025-03-04 10:03:41,634 [INFO] IPUIPlugin:80 - create IPUIPlugin
2025-03-04 10:03:41,635 [INFO] IPUIPlugin:80 - create IPUIPlugin
2025-03-04 10:03:41,635 [INFO] IPUIPlugin:80 - create IPUIPlugin
2025-03-04 10:03:41,635 [INFO] IPUIPlugin:80 - create IPUIPlugin
2025-03-04 10:03:41,636 [INFO] IPUIPlugin:80 - create IPUIPlugin
2025-03-04 10:03:42,143 [ERROR] LogOutputStream:75 - [STDERR_REDIRECT] [Fatal Error] :1:1: Premature end of file.
2025-03-04 10:03:42,145 [ERROR] LogOutputStream:75 - [STDERR_REDIRECT] 
2025-03-04 10:03:42,510 [INFO] CADModel:165 - CPN selected for project levelSTM32F303RET6
2025-03-04 10:03:42,510 [INFO] CADModel:114 - Register for checkConnection events
2025-03-04 10:03:42,627 [INFO] OpenFileManager:385 - Restore cursor
2025-03-04 10:03:43,142 [ERROR] LogOutputStream:75 - [STDERR_REDIRECT] [Fatal Error] :1:1: Premature end of file.
2025-03-04 10:03:43,143 [ERROR] LogOutputStream:75 - [STDERR_REDIRECT] 
2025-03-04 10:03:44,161 [ERROR] LogOutputStream:75 - [STDERR_REDIRECT] [Fatal Error] :1:1: Premature end of file.
2025-03-04 10:03:44,161 [ERROR] LogOutputStream:75 - [STDERR_REDIRECT] 
2025-03-04 10:03:45,150 [ERROR] LogOutputStream:75 - [STDERR_REDIRECT] [Fatal Error] :1:1: Premature end of file.
2025-03-04 10:03:45,151 [ERROR] LogOutputStream:75 - [STDERR_REDIRECT] 
2025-03-04 10:03:46,158 [ERROR] LogOutputStream:75 - [STDERR_REDIRECT] [Fatal Error] :1:1: Premature end of file.
2025-03-04 10:03:46,158 [ERROR] LogOutputStream:75 - [STDERR_REDIRECT] 
2025-03-04 10:03:47,149 [ERROR] LogOutputStream:75 - [STDERR_REDIRECT] [Fatal Error] :1:1: Premature end of file.
2025-03-04 10:03:47,149 [ERROR] LogOutputStream:75 - [STDERR_REDIRECT] 
2025-03-04 10:03:48,144 [ERROR] LogOutputStream:75 - [STDERR_REDIRECT] [Fatal Error] :1:1: Premature end of file.
2025-03-04 10:03:48,144 [ERROR] LogOutputStream:75 - [STDERR_REDIRECT] 
2025-03-04 10:03:49,107 [ERROR] LogOutputStream:75 - [STDERR_REDIRECT] [Fatal Error] :1:1: Premature end of file.
2025-03-04 10:03:49,108 [ERROR] LogOutputStream:75 - [STDERR_REDIRECT] 
2025-03-04 10:03:50,152 [ERROR] LogOutputStream:75 - [STDERR_REDIRECT] [Fatal Error] :1:1: Premature end of file.
2025-03-04 10:03:50,152 [ERROR] LogOutputStream:75 - [STDERR_REDIRECT] 
2025-03-04 10:03:51,138 [ERROR] LogOutputStream:75 - [STDERR_REDIRECT] [Fatal Error] :1:1: Premature end of file.
2025-03-04 10:03:51,138 [ERROR] LogOutputStream:75 - [STDERR_REDIRECT] 
2025-03-04 10:03:52,149 [ERROR] LogOutputStream:75 - [STDERR_REDIRECT] [Fatal Error] :1:1: Premature end of file.
2025-03-04 10:03:52,150 [ERROR] LogOutputStream:75 - [STDERR_REDIRECT] 
2025-03-04 10:03:53,136 [ERROR] LogOutputStream:75 - [STDERR_REDIRECT] [Fatal Error] :1:1: Premature end of file.
2025-03-04 10:03:53,136 [ERROR] LogOutputStream:75 - [STDERR_REDIRECT] 
2025-03-04 10:03:54,121 [ERROR] LogOutputStream:75 - [STDERR_REDIRECT] [Fatal Error] :1:1: Premature end of file.
2025-03-04 10:03:54,121 [ERROR] LogOutputStream:75 - [STDERR_REDIRECT] 
2025-03-04 10:03:55,120 [ERROR] LogOutputStream:75 - [STDERR_REDIRECT] [Fatal Error] :1:1: Premature end of file.
2025-03-04 10:03:55,120 [ERROR] LogOutputStream:75 - [STDERR_REDIRECT] 
2025-03-04 10:03:56,152 [ERROR] LogOutputStream:75 - [STDERR_REDIRECT] [Fatal Error] :1:1: Premature end of file.
2025-03-04 10:03:56,153 [ERROR] LogOutputStream:75 - [STDERR_REDIRECT] 
2025-03-04 10:03:56,521 [ERROR] LogOutputStream:75 - [STDERR_REDIRECT] Exception in thread "AWT-EventQueue-0" java.awt.IllegalComponentStateException: Native resources unavailable
2025-03-04 10:03:56,524 [ERROR] LogOutputStream:75 - [STDERR_REDIRECT] 	at java.desktop/sun.awt.windows.WWindowPeer.getScreenImOn(Native Method)
2025-03-04 10:03:56,527 [ERROR] LogOutputStream:75 - [STDERR_REDIRECT] 	at java.desktop/sun.awt.windows.WWindowPeer.updateGC(WWindowPeer.java:566)
2025-03-04 10:03:56,531 [ERROR] LogOutputStream:75 - [STDERR_REDIRECT] 	at java.desktop/java.awt.event.InvocationEvent.dispatch(InvocationEvent.java:318)
2025-03-04 10:03:56,534 [ERROR] LogOutputStream:75 - [STDERR_REDIRECT] 	at java.desktop/java.awt.EventQueue.dispatchEventImpl(EventQueue.java:773)
2025-03-04 10:03:56,536 [ERROR] LogOutputStream:75 - [STDERR_REDIRECT] 	at java.desktop/java.awt.EventQueue$4.run(EventQueue.java:720)
2025-03-04 10:03:56,539 [ERROR] LogOutputStream:75 - [STDERR_REDIRECT] 	at java.desktop/java.awt.EventQueue$4.run(EventQueue.java:714)
2025-03-04 10:03:56,543 [ERROR] LogOutputStream:75 - [STDERR_REDIRECT] 	at java.base/java.security.AccessController.doPrivileged(AccessController.java:400)
2025-03-04 10:03:56,546 [ERROR] LogOutputStream:75 - [STDERR_REDIRECT] 	at java.base/java.security.ProtectionDomain$JavaSecurityAccessImpl.doIntersectionPrivilege(ProtectionDomain.java:87)
2025-03-04 10:03:56,549 [ERROR] LogOutputStream:75 - [STDERR_REDIRECT] 	at java.base/java.security.ProtectionDomain$JavaSecurityAccessImpl.doIntersectionPrivilege(ProtectionDomain.java:98)
2025-03-04 10:03:56,551 [ERROR] LogOutputStream:75 - [STDERR_REDIRECT] 	at java.desktop/java.awt.EventQueue$5.run(EventQueue.java:747)
2025-03-04 10:03:56,552 [ERROR] LogOutputStream:75 - [STDERR_REDIRECT] 	at java.desktop/java.awt.EventQueue$5.run(EventQueue.java:745)
2025-03-04 10:03:56,554 [ERROR] LogOutputStream:75 - [STDERR_REDIRECT] 	at java.base/java.security.AccessController.doPrivileged(AccessController.java:400)
2025-03-04 10:03:56,556 [ERROR] LogOutputStream:75 - [STDERR_REDIRECT] 	at java.base/java.security.ProtectionDomain$JavaSecurityAccessImpl.doIntersectionPrivilege(ProtectionDomain.java:87)
2025-03-04 10:03:56,559 [ERROR] LogOutputStream:75 - [STDERR_REDIRECT] 	at java.desktop/java.awt.EventQueue.dispatchEvent(EventQueue.java:744)
2025-03-04 10:03:56,563 [ERROR] LogOutputStream:75 - [STDERR_REDIRECT] 	at java.desktop/java.awt.EventDispatchThread.pumpOneEventForFilters(EventDispatchThread.java:203)
2025-03-04 10:03:56,566 [ERROR] LogOutputStream:75 - [STDERR_REDIRECT] 	at java.desktop/java.awt.EventDispatchThread.pumpEventsForFilter(EventDispatchThread.java:124)
2025-03-04 10:03:56,566 [ERROR] LogOutputStream:75 - [STDERR_REDIRECT] 	at java.desktop/java.awt.EventDispatchThread.pumpEventsForHierarchy(EventDispatchThread.java:113)
2025-03-04 10:03:56,570 [ERROR] LogOutputStream:75 - [STDERR_REDIRECT] 	at java.desktop/java.awt.EventDispatchThread.pumpEvents(EventDispatchThread.java:109)
2025-03-04 10:03:56,574 [ERROR] LogOutputStream:75 - [STDERR_REDIRECT] 	at java.desktop/java.awt.EventDispatchThread.pumpEvents(EventDispatchThread.java:101)
2025-03-04 10:03:56,578 [ERROR] LogOutputStream:75 - [STDERR_REDIRECT] 	at java.desktop/java.awt.EventDispatchThread.run(EventDispatchThread.java:90)
2025-03-04 10:03:57,148 [ERROR] LogOutputStream:75 - [STDERR_REDIRECT] [Fatal Error] :1:1: Premature end of file.
2025-03-04 10:03:57,148 [ERROR] LogOutputStream:75 - [STDERR_REDIRECT] 
2025-03-04 10:03:58,205 [ERROR] LogOutputStream:75 - [STDERR_REDIRECT] [Fatal Error] :1:1: Premature end of file.
2025-03-04 10:03:58,208 [ERROR] LogOutputStream:75 - [STDERR_REDIRECT] 
2025-03-04 10:03:59,193 [ERROR] LogOutputStream:75 - [STDERR_REDIRECT] [Fatal Error] :1:1: Premature end of file.
2025-03-04 10:03:59,195 [ERROR] LogOutputStream:75 - [STDERR_REDIRECT] 
2025-03-04 10:03:59,550 [ERROR] LogOutputStream:75 - [STDERR_REDIRECT] 
2025-03-04 10:37:47,335 [INFO] Activator:176 - 


2025-03-04 10:37:47,336 [INFO] Activator:177 - !SESSION log4j initialized
2025-03-04 10:37:52,249 [ERROR] LogOutputStream:75 - [STDERR_REDIRECT] [Fatal Error] :1:1: Premature end of file.
2025-03-04 10:37:52,250 [ERROR] LogOutputStream:75 - [STDERR_REDIRECT] 
2025-03-04 10:37:52,607 [INFO] LogOutputStream:77 - [STDOUT_REDIRECT] 
2025-03-04 10:37:53,166 [INFO] ApplicationProperties:184 - Using Application install path: C:\ST\STM32CubeIDE_1.17.0\STM32CubeIDE\plugins\com.st.stm32cube.common.mx_6.14.0.202502271554
2025-03-04 10:37:53,178 [INFO] DbMcusXml:78 - Set database path to: C:\ST\STM32CubeIDE_1.17.0\STM32CubeIDE\plugins\com.st.stm32cube.common.mx_6.14.0.202502271554\\db\/mcu/
2025-03-04 10:37:53,179 [INFO] ApiDb:274 - Set plugin database path to: C:\ST\STM32CubeIDE_1.17.0\STM32CubeIDE\plugins\com.st.stm32cube.common.mx_6.14.0.202502271554\\db\/plugins/boardmanager/
2025-03-04 10:37:53,179 [WARN] ApiDb:259 - Overriding images path with different value:  => C:\ST\STM32CubeIDE_1.17.0\STM32CubeIDE\plugins\com.st.stm32cube.common.mx_6.14.0.202502271554\\db\/plugins/mcufinder/images/
2025-03-04 10:37:53,182 [INFO] ApiDb:250 - Set database path to: C:\Users\raj\.stmcufinder\plugins\mcufinder//mcu/
2025-03-04 10:37:53,184 [INFO] DbMcusAds:125 - Set database path to: C:\Users\raj\.stmcufinder\plugins\mcufinder//mcu/
2025-03-04 10:37:53,188 [INFO] CrossReferenceDbSqlite:203 - Set database path to: C:\Users\raj\.stmcufinder\plugins\mcufinder//mcu/cs/
2025-03-04 10:37:53,234 [ERROR] LogOutputStream:75 - [STDERR_REDIRECT] [Fatal Error] :1:1: Premature end of file.
2025-03-04 10:37:53,234 [ERROR] LogOutputStream:75 - [STDERR_REDIRECT] 
2025-03-04 10:37:53,295 [INFO] RulesReader:64 - Compatibility file has been processed (301 Rules)
2025-03-04 10:37:53,348 [INFO] DbMcusXml:78 - Set database path to: C:\ST\STM32CubeIDE_1.17.0\STM32CubeIDE\plugins\com.st.stm32cube.common.mx_6.14.0.202502271554\\db\/mcu/
2025-03-04 10:37:53,348 [INFO] ApiDb:274 - Set plugin database path to: C:\ST\STM32CubeIDE_1.17.0\STM32CubeIDE\plugins\com.st.stm32cube.common.mx_6.14.0.202502271554\\db\/plugins/boardmanager/
2025-03-04 10:37:53,349 [INFO] ApiDb:261 - Set plugin images path to: C:\ST\STM32CubeIDE_1.17.0\STM32CubeIDE\plugins\com.st.stm32cube.common.mx_6.14.0.202502271554\\db\/plugins/mcufinder/images/
2025-03-04 10:37:53,349 [WARN] DbFile:41 - Overriding database path with different value: C:\Users\raj\.stmcufinder\plugins\mcufinder/ => C:\Users\raj\.stmcufinder\plugins\mcufinder
2025-03-04 10:37:53,349 [INFO] ApiDb:250 - Set database path to: C:\Users\raj\.stmcufinder\plugins\mcufinder//mcu/
2025-03-04 10:37:53,349 [WARN] DbFile:41 - Overriding database path with different value: C:\Users\raj\.stmcufinder\plugins\mcufinder/ => C:\Users\raj\.stmcufinder\plugins\mcufinder
2025-03-04 10:37:53,349 [INFO] DbMcusAds:125 - Set database path to: C:\Users\raj\.stmcufinder\plugins\mcufinder//mcu/
2025-03-04 10:37:53,349 [WARN] DbFile:41 - Overriding database path with different value: C:\Users\raj\.stmcufinder\plugins\mcufinder/ => C:\Users\raj\.stmcufinder\plugins\mcufinder
2025-03-04 10:37:53,349 [WARN] DbFile:41 - Overriding database path with different value: C:\Users\raj\.stmcufinder\plugins\mcufinder/ => C:\Users\raj\.stmcufinder\plugins\mcufinder
2025-03-04 10:37:53,349 [INFO] CrossReferenceDbSqlite:203 - Set database path to: C:\Users\raj\.stmcufinder\plugins\mcufinder//mcu/cs/
2025-03-04 10:37:53,402 [INFO] MainPanel:272 - HeapMemory: 268435456
2025-03-04 10:37:53,459 [INFO] DbMcusXml:78 - Set database path to: C:\ST\STM32CubeIDE_1.17.0\STM32CubeIDE\plugins\com.st.stm32cube.common.mx_6.14.0.202502271554\\db\/mcu/
2025-03-04 10:37:53,459 [INFO] ApiDb:274 - Set plugin database path to: C:\ST\STM32CubeIDE_1.17.0\STM32CubeIDE\plugins\com.st.stm32cube.common.mx_6.14.0.202502271554\\db\/plugins/boardmanager/
2025-03-04 10:37:53,459 [INFO] ApiDb:261 - Set plugin images path to: C:\ST\STM32CubeIDE_1.17.0\STM32CubeIDE\plugins\com.st.stm32cube.common.mx_6.14.0.202502271554\\db\/plugins/mcufinder/images/
2025-03-04 10:37:53,459 [WARN] DbFile:41 - Overriding database path with different value: C:\Users\raj\.stmcufinder\plugins\mcufinder/ => C:\Users\raj\.stmcufinder\plugins\mcufinder
2025-03-04 10:37:53,460 [INFO] ApiDb:250 - Set database path to: C:\Users\raj\.stmcufinder\plugins\mcufinder//mcu/
2025-03-04 10:37:53,460 [WARN] DbFile:41 - Overriding database path with different value: C:\Users\raj\.stmcufinder\plugins\mcufinder/ => C:\Users\raj\.stmcufinder\plugins\mcufinder
2025-03-04 10:37:53,460 [INFO] DbMcusAds:125 - Set database path to: C:\Users\raj\.stmcufinder\plugins\mcufinder//mcu/
2025-03-04 10:37:53,460 [WARN] DbFile:41 - Overriding database path with different value: C:\Users\raj\.stmcufinder\plugins\mcufinder/ => C:\Users\raj\.stmcufinder\plugins\mcufinder
2025-03-04 10:37:53,460 [WARN] DbFile:41 - Overriding database path with different value: C:\Users\raj\.stmcufinder\plugins\mcufinder/ => C:\Users\raj\.stmcufinder\plugins\mcufinder
2025-03-04 10:37:53,460 [INFO] CrossReferenceDbSqlite:203 - Set database path to: C:\Users\raj\.stmcufinder\plugins\mcufinder//mcu/cs/
2025-03-04 10:37:53,473 [INFO] ApplicationProperties:184 - Using Application install path: C:\ST\STM32CubeIDE_1.17.0\STM32CubeIDE\plugins\com.st.stm32cube.common.mx_6.14.0.202502271554
2025-03-04 10:37:53,475 [INFO] PluginManage:196 - Search for loadable plugins [exclusion list=, ]
2025-03-04 10:37:53,476 [INFO] PluginManage:310 - Check plugin analytics
2025-03-04 10:37:53,681 [INFO] AnalyticsPlugin:253 - Accepted Software Licenses: 
2025-03-04 10:37:53,681 [INFO] AnalyticsPlugin:255 - Accepted CMSIS Pack Licenses: 
2025-03-04 10:37:53,682 [INFO] AnalyticsPlugin:257 - Accepted Firmware Licenses: FW.L4.1.18.0
2025-03-04 10:37:53,684 [INFO] PluginManage:359 - Loaded plugin analytics (category:tool,tabindex:-1)
2025-03-04 10:37:53,685 [INFO] PluginManage:310 - Check plugin cadmodel
2025-03-04 10:37:53,689 [INFO] CADModel:105 - Init CAD model plugin
2025-03-04 10:37:53,689 [INFO] PluginManage:359 - Loaded plugin cadmodel (category:power,tabindex:5)
2025-03-04 10:37:53,690 [INFO] PluginManage:310 - Check plugin clock
2025-03-04 10:37:53,698 [INFO] PluginManage:359 - Loaded plugin clock (category:base,tabindex:2)
2025-03-04 10:37:53,699 [INFO] PluginManage:310 - Check plugin ddr
2025-03-04 10:37:53,701 [INFO] PluginManage:359 - Loaded plugin ddr (category:tool,tabindex:6)
2025-03-04 10:37:53,701 [INFO] PluginManage:310 - Check plugin filemanager
2025-03-04 10:37:53,819 [INFO] PluginManage:359 - Loaded plugin filemanager (category:base,tabindex:10)
2025-03-04 10:37:53,819 [INFO] PluginManage:310 - Check plugin ipmanager
2025-03-04 10:37:53,825 [INFO] PluginManage:359 - Loaded plugin ipmanager (category:base,tabindex:5)
2025-03-04 10:37:53,825 [INFO] PluginManage:310 - Check plugin lpbam
2025-03-04 10:37:53,832 [INFO] PluginManage:359 - Loaded plugin lpbam (category:base,tabindex:0)
2025-03-04 10:37:53,832 [INFO] PluginManage:310 - Check plugin memorymap
2025-03-04 10:37:53,841 [INFO] PluginManage:359 - Loaded plugin memorymap (category:base,tabindex:4)
2025-03-04 10:37:53,842 [INFO] PluginManage:310 - Check plugin pinoutandconfiguration
2025-03-04 10:37:53,847 [INFO] PluginManage:359 - Loaded plugin pinoutandconfiguration (category:base,tabindex:1)
2025-03-04 10:37:53,847 [INFO] PluginManage:310 - Check plugin pinoutconfig
2025-03-04 10:37:53,916 [WARN] SupportedApi:132 - Cannot load RTOS API schema: s4s-elt-must-match.1: The content of 'definitions' must match (annotation?, (simpleType | complexType)?, (unique | key | keyref)*)). A problem was found starting at: attribute.
2025-03-04 10:37:54,009 [INFO] PluginManage:359 - Loaded plugin pinoutconfig (category:base,tabindex:0)
2025-03-04 10:37:54,010 [INFO] PluginManage:310 - Check plugin power
2025-03-04 10:37:54,014 [INFO] PluginManage:359 - Loaded plugin power (category:power,tabindex:4)
2025-03-04 10:37:54,014 [INFO] PluginManage:310 - Check plugin projectmanager
2025-03-04 10:37:54,025 [INFO] PluginManage:359 - Loaded plugin projectmanager (category:projectmanager,tabindex:4)
2025-03-04 10:37:54,025 [INFO] PluginManage:310 - Check plugin rif
2025-03-04 10:37:54,030 [INFO] PluginManage:359 - Loaded plugin rif (category:base,tabindex:3)
2025-03-04 10:37:54,030 [INFO] PluginManage:310 - Check plugin thirdparty
2025-03-04 10:37:54,131 [WARN] IntegrityCheckThread:84 - waiting for thirdparty lock release [integrity check]
2025-03-04 10:37:54,131 [INFO] IntegrityCheckThread:86 - entering critical section [integrity check]
2025-03-04 10:37:54,132 [INFO] ThirdPartyUpdaterWithRetryManager:70 - Updater plugin not ready yet. [1/15]
2025-03-04 10:37:54,133 [INFO] PluginManage:359 - Loaded plugin thirdparty (category:base,tabindex:-1)
2025-03-04 10:37:54,133 [INFO] PluginManage:310 - Check plugin tools
2025-03-04 10:37:54,136 [INFO] PluginManage:359 - Loaded plugin tools (category:base,tabindex:7)
2025-03-04 10:37:54,136 [INFO] PluginManage:310 - Check plugin tutovideos
2025-03-04 10:37:54,208 [ERROR] LogOutputStream:75 - [STDERR_REDIRECT] [Fatal Error] :1:1: Premature end of file.
2025-03-04 10:37:54,209 [ERROR] LogOutputStream:75 - [STDERR_REDIRECT] 
2025-03-04 10:37:54,289 [INFO] PluginManage:359 - Loaded plugin tutovideos (category:base,tabindex:-1)
2025-03-04 10:37:54,289 [INFO] PluginManage:310 - Check plugin updater
2025-03-04 10:37:54,316 [INFO] PluginManage:359 - Loaded plugin updater (category:base,tabindex:12)
2025-03-04 10:37:54,316 [INFO] PluginManage:310 - Check plugin userauth
2025-03-04 10:37:54,320 [INFO] UserAuth:118 - Init User Auth plugin
2025-03-04 10:37:54,321 [INFO] PluginManage:359 - Loaded plugin userauth (category:base,tabindex:14)
2025-03-04 10:37:54,322 [INFO] PluginManage:283 - PluginManage : Loaded plugins [18]
2025-03-04 10:37:54,493 [INFO] PinOutPanel:1589 - setPackage(No Configuration,No Configuration)
2025-03-04 10:37:54,559 [INFO] CADModel:165 - CPN selected for project level
2025-03-04 10:37:54,559 [INFO] CADModel:114 - Register for checkConnection events
2025-03-04 10:37:54,572 [INFO] IPUIPlugin:80 - create IPUIPlugin
2025-03-04 10:37:54,572 [INFO] PluginManager:220 - loadIPPluginJar : add adc
2025-03-04 10:37:54,574 [INFO] IPUIPlugin:80 - create IPUIPlugin
2025-03-04 10:37:54,574 [INFO] PluginManager:220 - loadIPPluginJar : add aes
2025-03-04 10:37:54,576 [INFO] IPUIPlugin:80 - create IPUIPlugin
2025-03-04 10:37:54,576 [INFO] PluginManager:220 - loadIPPluginJar : add can
2025-03-04 10:37:54,577 [INFO] IPUIPlugin:80 - create IPUIPlugin
2025-03-04 10:37:54,577 [INFO] PluginManager:220 - loadIPPluginJar : add comp
2025-03-04 10:37:54,578 [INFO] IPUIPlugin:80 - create IPUIPlugin
2025-03-04 10:37:54,579 [INFO] PluginManager:220 - loadIPPluginJar : add cryp
2025-03-04 10:37:54,581 [INFO] IPUIPlugin:80 - create IPUIPlugin
2025-03-04 10:37:54,581 [INFO] PluginManager:220 - loadIPPluginJar : add ddr_ctrl_phy
2025-03-04 10:37:54,582 [INFO] IPUIPlugin:80 - create IPUIPlugin
2025-03-04 10:37:54,582 [INFO] PluginManager:220 - loadIPPluginJar : add dfsdm
2025-03-04 10:37:54,586 [INFO] IPUIPlugin:80 - create IPUIPlugin
2025-03-04 10:37:54,586 [INFO] PluginManager:220 - loadIPPluginJar : add dma
2025-03-04 10:37:54,588 [INFO] IPUIPlugin:80 - create IPUIPlugin
2025-03-04 10:37:54,588 [INFO] PluginManager:220 - loadIPPluginJar : add dma3
2025-03-04 10:37:54,590 [INFO] IPUIPlugin:80 - create IPUIPlugin
2025-03-04 10:37:54,590 [INFO] PluginManager:220 - loadIPPluginJar : add extmemmanager
2025-03-04 10:37:54,591 [INFO] IPUIPlugin:80 - create IPUIPlugin
2025-03-04 10:37:54,591 [INFO] PluginManager:220 - loadIPPluginJar : add fatfs
2025-03-04 10:37:54,594 [INFO] IPUIPlugin:80 - create IPUIPlugin
2025-03-04 10:37:54,594 [INFO] PluginManager:220 - loadIPPluginJar : add fmc
2025-03-04 10:37:54,603 [INFO] IPUIPlugin:80 - create IPUIPlugin
2025-03-04 10:37:54,603 [INFO] PluginManager:220 - loadIPPluginJar : add freertos
2025-03-04 10:37:54,605 [INFO] IPUIPlugin:80 - create IPUIPlugin
2025-03-04 10:37:54,605 [INFO] PluginManager:220 - loadIPPluginJar : add genericplugin
2025-03-04 10:37:54,607 [INFO] IPUIPlugin:80 - create IPUIPlugin
2025-03-04 10:37:54,607 [INFO] PluginManager:220 - loadIPPluginJar : add gfxmmu
2025-03-04 10:37:54,611 [INFO] IPUIPlugin:80 - create IPUIPlugin
2025-03-04 10:37:54,611 [INFO] PluginManager:220 - loadIPPluginJar : add gic
2025-03-04 10:37:54,616 [INFO] IPUIPlugin:80 - create IPUIPlugin
2025-03-04 10:37:54,616 [INFO] PluginManager:220 - loadIPPluginJar : add gpio
2025-03-04 10:37:54,618 [INFO] IPUIPlugin:80 - create IPUIPlugin
2025-03-04 10:37:54,618 [INFO] PluginManager:220 - loadIPPluginJar : add gtzc
2025-03-04 10:37:54,621 [INFO] IPUIPlugin:80 - create IPUIPlugin
2025-03-04 10:37:54,621 [INFO] PluginManager:220 - loadIPPluginJar : add hash
2025-03-04 10:37:54,624 [INFO] IPUIPlugin:80 - create IPUIPlugin
2025-03-04 10:37:54,625 [INFO] PluginManager:220 - loadIPPluginJar : add i2c
2025-03-04 10:37:54,626 [INFO] IPUIPlugin:80 - create IPUIPlugin
2025-03-04 10:37:54,626 [INFO] PluginManager:220 - loadIPPluginJar : add i2s
2025-03-04 10:37:54,628 [INFO] IPUIPlugin:80 - create IPUIPlugin
2025-03-04 10:37:54,628 [INFO] PluginManager:220 - loadIPPluginJar : add i3c
2025-03-04 10:37:54,633 [INFO] IPUIPlugin:80 - create IPUIPlugin
2025-03-04 10:37:54,633 [INFO] PluginManager:220 - loadIPPluginJar : add ipddr
2025-03-04 10:37:54,639 [INFO] IPUIPlugin:80 - create IPUIPlugin
2025-03-04 10:37:54,639 [INFO] PluginManager:220 - loadIPPluginJar : add linkedlist
2025-03-04 10:37:54,642 [INFO] IPUIPlugin:80 - create IPUIPlugin
2025-03-04 10:37:54,642 [INFO] PluginManager:220 - loadIPPluginJar : add lorawan
2025-03-04 10:37:54,643 [INFO] IPUIPlugin:80 - create IPUIPlugin
2025-03-04 10:37:54,643 [INFO] PluginManager:220 - loadIPPluginJar : add ltdc
2025-03-04 10:37:54,648 [INFO] IPUIPlugin:80 - create IPUIPlugin
2025-03-04 10:37:54,648 [INFO] PluginManager:220 - loadIPPluginJar : add mdma
2025-03-04 10:37:54,651 [INFO] IPUIPlugin:80 - create IPUIPlugin
2025-03-04 10:37:54,652 [INFO] PluginManager:220 - loadIPPluginJar : add nvic
2025-03-04 10:37:54,656 [INFO] IPUIPlugin:80 - create IPUIPlugin
2025-03-04 10:37:54,656 [INFO] PluginManager:220 - loadIPPluginJar : add opamp
2025-03-04 10:37:54,660 [INFO] IPUIPlugin:80 - create IPUIPlugin
2025-03-04 10:37:54,660 [INFO] PluginManager:220 - loadIPPluginJar : add openamp
2025-03-04 10:37:54,663 [INFO] IPUIPlugin:80 - create IPUIPlugin
2025-03-04 10:37:54,663 [INFO] PluginManager:220 - loadIPPluginJar : add pdm2pcm
2025-03-04 10:37:54,668 [INFO] IPUIPlugin:80 - create IPUIPlugin
2025-03-04 10:37:54,669 [INFO] PluginManager:220 - loadIPPluginJar : add plateformsettings
2025-03-04 10:37:54,671 [INFO] IPUIPlugin:80 - create IPUIPlugin
2025-03-04 10:37:54,671 [INFO] PluginManager:220 - loadIPPluginJar : add quadspi
2025-03-04 10:37:54,672 [INFO] IPUIPlugin:80 - create IPUIPlugin
2025-03-04 10:37:54,672 [INFO] PluginManager:220 - loadIPPluginJar : add radio
2025-03-04 10:37:54,675 [INFO] IPUIPlugin:80 - create IPUIPlugin
2025-03-04 10:37:54,675 [INFO] PluginManager:220 - loadIPPluginJar : add resmgrutility
2025-03-04 10:37:54,677 [INFO] IPUIPlugin:80 - create IPUIPlugin
2025-03-04 10:37:54,678 [INFO] PluginManager:220 - loadIPPluginJar : add sai
2025-03-04 10:37:54,679 [INFO] IPUIPlugin:80 - create IPUIPlugin
2025-03-04 10:37:54,679 [INFO] PluginManager:220 - loadIPPluginJar : add spi
2025-03-04 10:37:54,685 [INFO] IPUIPlugin:80 - create IPUIPlugin
2025-03-04 10:37:54,686 [INFO] PluginManager:220 - loadIPPluginJar : add stm32_wpan
2025-03-04 10:37:54,687 [INFO] IPUIPlugin:80 - create IPUIPlugin
2025-03-04 10:37:54,687 [INFO] PluginManager:220 - loadIPPluginJar : add tim
2025-03-04 10:37:54,690 [INFO] IPUIPlugin:80 - create IPUIPlugin
2025-03-04 10:37:54,690 [INFO] PluginManager:220 - loadIPPluginJar : add touchsensing
2025-03-04 10:37:54,692 [INFO] IPUIPlugin:80 - create IPUIPlugin
2025-03-04 10:37:54,692 [INFO] PluginManager:220 - loadIPPluginJar : add tracer_emb
2025-03-04 10:37:54,694 [INFO] IPUIPlugin:80 - create IPUIPlugin
2025-03-04 10:37:54,694 [INFO] PluginManager:220 - loadIPPluginJar : add ts
2025-03-04 10:37:54,695 [INFO] IPUIPlugin:80 - create IPUIPlugin
2025-03-04 10:37:54,695 [INFO] PluginManager:220 - loadIPPluginJar : add tsc
2025-03-04 10:37:54,696 [INFO] IPUIPlugin:80 - create IPUIPlugin
2025-03-04 10:37:54,697 [INFO] PluginManager:220 - loadIPPluginJar : add ucpd
2025-03-04 10:37:54,698 [INFO] IPUIPlugin:80 - create IPUIPlugin
2025-03-04 10:37:54,698 [INFO] PluginManager:220 - loadIPPluginJar : add usart
2025-03-04 10:37:54,701 [INFO] IPUIPlugin:80 - create IPUIPlugin
2025-03-04 10:37:54,701 [INFO] PluginManager:220 - loadIPPluginJar : add usbx
2025-03-04 10:37:54,823 [FATAL] Updater:351 - Updater called before beeing initialized
2025-03-04 10:37:54,847 [INFO] RulesReader:64 - Compatibility file has been processed (301 Rules)
2025-03-04 10:37:54,854 [INFO] RulesReader:64 - Compatibility file has been processed (301 Rules)
2025-03-04 10:37:54,862 [INFO] CADModel:165 - CPN selected for project level
2025-03-04 10:37:54,862 [INFO] CADModel:114 - Register for checkConnection events
2025-03-04 10:37:54,862 [FATAL] Updater:351 - Updater called before beeing initialized
2025-03-04 10:37:54,862 [ERROR] CADModel:125 - Updater not yet initialized, retry later 
2025-03-04 10:37:54,977 [FATAL] Updater:351 - Updater called before beeing initialized
2025-03-04 10:37:54,978 [INFO] CADModel:165 - CPN selected for project level
2025-03-04 10:37:54,978 [INFO] CADModel:114 - Register for checkConnection events
2025-03-04 10:37:54,978 [FATAL] Updater:351 - Updater called before beeing initialized
2025-03-04 10:37:54,978 [ERROR] CADModel:125 - Updater not yet initialized, retry later 
2025-03-04 10:37:54,981 [FATAL] Updater:351 - Updater called before beeing initialized
2025-03-04 10:37:55,068 [FATAL] Updater:351 - Updater called before beeing initialized
2025-03-04 10:37:55,071 [INFO] DbMcusAds:53 - JSON generation date=Thu Sep 30 08:55:09 CEST 2021 (1632984909247)
2025-03-04 10:37:55,071 [FATAL] Updater:351 - Updater called before beeing initialized
2025-03-04 10:37:55,097 [WARN] DetailPanel:346 - Failed to get advertising image, set to default
2025-03-04 10:37:55,208 [ERROR] LogOutputStream:75 - [STDERR_REDIRECT] [Fatal Error] :1:1: Premature end of file.
2025-03-04 10:37:55,209 [ERROR] LogOutputStream:75 - [STDERR_REDIRECT] 
2025-03-04 10:37:55,255 [FATAL] Updater:351 - Updater called before beeing initialized
2025-03-04 10:37:55,256 [FATAL] Updater:351 - Updater called before beeing initialized
2025-03-04 10:37:55,256 [FATAL] Updater:351 - Updater called before beeing initialized
2025-03-04 10:37:55,256 [WARN] DetailPanel:346 - Failed to get advertising image, set to default
2025-03-04 10:37:55,257 [FATAL] Updater:351 - Updater called before beeing initialized
2025-03-04 10:37:55,303 [ERROR] Updater:1198 - MainUpdater not yet initialized. External WinMGr cannot be set.
2025-03-04 10:37:55,313 [INFO] Updater:1134 - Updater Version found : 6.14.0
2025-03-04 10:37:55,327 [INFO] ApplicationProperties:184 - Using Application install path: C:\ST\STM32CubeIDE_1.17.0\STM32CubeIDE\plugins\com.st.stm32cube.common.mx_6.14.0.202502271554
2025-03-04 10:37:56,247 [ERROR] LogOutputStream:75 - [STDERR_REDIRECT] [Fatal Error] :1:1: Premature end of file.
2025-03-04 10:37:56,247 [ERROR] LogOutputStream:75 - [STDERR_REDIRECT] 
2025-03-04 10:37:56,912 [ERROR] LogOutputStream:75 - [STDERR_REDIRECT] Mar 04, 2025 10:37:56 AM java.util.prefs.WindowsPreferences <init>
2025-03-04 10:37:56,914 [ERROR] LogOutputStream:75 - [STDERR_REDIRECT] WARNING: Could not open/create prefs root node Software\JavaSoft\Prefs at root 0xffffffff80000002. Windows RegCreateKeyEx(...) returned error code 5.
2025-03-04 10:37:56,914 [ERROR] LogOutputStream:75 - [STDERR_REDIRECT] 
2025-03-04 10:37:57,133 [INFO] ThirdPartyUpdaterWithRetryManager:70 - Updater plugin not ready yet. [2/15]
2025-03-04 10:37:57,229 [ERROR] LogOutputStream:75 - [STDERR_REDIRECT] [Fatal Error] :1:1: Premature end of file.
2025-03-04 10:37:57,230 [ERROR] LogOutputStream:75 - [STDERR_REDIRECT] 
2025-03-04 10:37:57,322 [INFO] MainUpdater:2872 - connection check result : 10
2025-03-04 10:37:57,323 [INFO] MainUpdater:289 - Updater Check For Update Now.
2025-03-04 10:37:57,323 [INFO] MicroXplorer:498 - Change Database Version : DB.6.0.140
2025-03-04 10:37:57,371 [INFO] McuFinderGlobals:63 - Set McuFinder mode to 2 (CubeIDE integrated)
2025-03-04 10:37:57,396 [INFO] UserAuth:486 - Internet connection configuration mode: 1
2025-03-04 10:37:57,463 [INFO] JxBrowserEngine:152 - Initiate JxBrowser Engine with user profile folder
2025-03-04 10:37:57,652 [INFO] CheckServerUpdateThread:120 - End of CheckServer Thread
2025-03-04 10:37:58,205 [INFO] WebApp:169 - Instantiating new browser for Auth
2025-03-04 10:37:58,218 [ERROR] LogOutputStream:75 - [STDERR_REDIRECT] [Fatal Error] :1:1: Premature end of file.
2025-03-04 10:37:58,219 [ERROR] LogOutputStream:75 - [STDERR_REDIRECT] 
2025-03-04 10:37:59,028 [INFO] WebApp:463 - Apply proxy settings
2025-03-04 10:37:59,028 [INFO] WebApp:548 - Chromium requires no authentication
2025-03-04 10:37:59,037 [INFO] WebApp:491 - Direct internet connection detected
2025-03-04 10:37:59,075 [INFO] WebApp:894 - Register for checkConnection events
2025-03-04 10:37:59,075 [INFO] WebApp:463 - Apply proxy settings
2025-03-04 10:37:59,075 [INFO] WebApp:548 - Chromium requires no authentication
2025-03-04 10:37:59,075 [INFO] WebApp:491 - Direct internet connection detected
2025-03-04 10:37:59,207 [ERROR] LogOutputStream:75 - [STDERR_REDIRECT] [Fatal Error] :1:1: Premature end of file.
2025-03-04 10:37:59,207 [ERROR] LogOutputStream:75 - [STDERR_REDIRECT] 
2025-03-04 10:37:59,220 [INFO] WebApp:225 - Starting web application
2025-03-04 10:37:59,221 [INFO] WebApp:593 - Web application path used C:\ST\STM32CubeIDE_1.17.0\STM32CubeIDE\plugins\com.st.stm32cube.common.mx_6.14.0.202502271554\db\plugins\mcufinder\reactClient1\index.html
2025-03-04 10:37:59,378 [INFO] WebApp:191 - Connection restablished
2025-03-04 10:37:59,394 [INFO] UserAuth:486 - Internet connection configuration mode: 1
2025-03-04 10:38:00,253 [ERROR] LogOutputStream:75 - [STDERR_REDIRECT] [Fatal Error] :1:1: Premature end of file.
2025-03-04 10:38:00,254 [ERROR] LogOutputStream:75 - [STDERR_REDIRECT] 
2025-03-04 10:38:00,388 [WARN] PackLoader:240 - Cannot read IP mode file for STMicroelectronics.FP-SNS-MOTENVWB1.1.4.0
2025-03-04 10:38:00,416 [WARN] PackLoader:240 - Cannot read IP mode file for STMicroelectronics.FP-ATR-ASTRA1.2.0.2
2025-03-04 10:38:00,438 [WARN] PackLoader:240 - Cannot read IP mode file for STMicroelectronics.FP-ATR-ASTRA1.2.0.1
2025-03-04 10:38:00,460 [WARN] PackLoader:240 - Cannot read IP mode file for STMicroelectronics.X-CUBE-SMBUS.2.1.0
2025-03-04 10:38:00,479 [WARN] PackLoader:240 - Cannot read IP mode file for STMicroelectronics.X-CUBE-WB05N.1.1.0
2025-03-04 10:38:00,517 [WARN] PackLoader:240 - Cannot read IP mode file for STMicroelectronics.X-CUBE-AZRTOS-F7.1.1.0
2025-03-04 10:38:00,584 [WARN] PackLoader:240 - Cannot read IP mode file for STMicroelectronics.X-CUBE-MEMS1.11.0.0
2025-03-04 10:38:00,736 [WARN] PackLoader:240 - Cannot read IP mode file for STMicroelectronics.FP-SNS-FLIGHT1.5.0.2
2025-03-04 10:38:00,769 [WARN] PackLoader:240 - Cannot read IP mode file for Infineon.AIROC-Wi-Fi-Bluetooth-STM32.1.7.0
2025-03-04 10:38:00,800 [WARN] PackLoader:240 - Cannot read IP mode file for STMicroelectronics.X-CUBE-DISPLAY.3.0.0
2025-03-04 10:38:00,818 [WARN] PackLoader:240 - Cannot read IP mode file for STMicroelectronics.X-CUBE-BLE1.7.0.0
2025-03-04 10:38:00,837 [WARN] PackLoader:240 - Cannot read IP mode file for STMicroelectronics.X-CUBE-NFC10.1.0.0
2025-03-04 10:38:00,859 [WARN] PackLoader:240 - Cannot read IP mode file for STMicroelectronics.X-CUBE-BLEMGR.4.0.0
2025-03-04 10:38:00,877 [WARN] PackLoader:240 - Cannot read IP mode file for emotas.I-CUBE-CANOPEN.1.3.0
2025-03-04 10:38:00,896 [WARN] PackLoader:240 - Cannot read IP mode file for STMicroelectronics.X-CUBE-BLEMGR.3.1.0
2025-03-04 10:38:00,912 [WARN] PackLoader:240 - Cannot read IP mode file for STMicroelectronics.X-CUBE-AI.10.0.0
2025-03-04 10:38:00,929 [WARN] PackLoader:240 - Cannot read IP mode file for STMicroelectronics.FP-SNS-SMARTAG2.1.2.0
2025-03-04 10:38:00,969 [WARN] PackLoader:240 - Cannot read IP mode file for STMicroelectronics.X-CUBE-MEMS1.11.1.0
2025-03-04 10:38:01,053 [INFO] LogOutputStream:77 - [STDOUT_REDIRECT] 1 : Invalid condition id : UX_CORESTACK_Condition cause : null
2025-03-04 10:38:01,054 [INFO] LogOutputStream:77 - [STDOUT_REDIRECT] 1 : Invalid condition id : UX_CORESTACK_Condition cause : null
2025-03-04 10:38:01,055 [INFO] LogOutputStream:77 - [STDOUT_REDIRECT] 1 : Invalid condition id : UX_CORESTACK_Condition cause : null
2025-03-04 10:38:01,056 [INFO] LogOutputStream:77 - [STDOUT_REDIRECT] 1 : Invalid condition id : UX_CORESTACK_Condition cause : null
2025-03-04 10:38:01,058 [INFO] LogOutputStream:77 - [STDOUT_REDIRECT] 1 : Invalid condition id : UX_CORESTACK_Condition cause : null
2025-03-04 10:38:01,063 [WARN] PackLoader:240 - Cannot read IP mode file for STMicroelectronics.X-CUBE-AZRTOS-WL.2.0.0
2025-03-04 10:38:01,083 [WARN] PackLoader:240 - Cannot read IP mode file for STMicroelectronics.FP-SNS-MOTENV1.5.0.0
2025-03-04 10:38:01,102 [WARN] PackLoader:240 - Cannot read IP mode file for wolfSSL.I-CUBE-wolfMQTT.1.19.0
2025-03-04 10:38:01,129 [WARN] PackLoader:240 - Cannot read IP mode file for WES.I-CUBE-Cesium.1.3.0
2025-03-04 10:38:01,151 [WARN] PackLoader:240 - Cannot read IP mode file for STMicroelectronics.X-CUBE-BLE2.3.3.0
2025-03-04 10:38:01,176 [WARN] PackLoader:240 - Cannot read IP mode file for STMicroelectronics.X-CUBE-NFC9.1.0.0
2025-03-04 10:38:01,203 [WARN] PackLoader:240 - Cannot read IP mode file for STMicroelectronics.X-CUBE-TCPP.4.1.0
2025-03-04 10:38:01,226 [ERROR] LogOutputStream:75 - [STDERR_REDIRECT] [Fatal Error] :1:1: Premature end of file.
2025-03-04 10:38:01,226 [ERROR] LogOutputStream:75 - [STDERR_REDIRECT] 
2025-03-04 10:38:01,231 [WARN] PackLoader:240 - Cannot read IP mode file for STMicroelectronics.X-CUBE-AZRTOS-G0.1.1.0
2025-03-04 10:38:01,251 [WARN] PackLoader:240 - Cannot read IP mode file for STMicroelectronics.X-CUBE-SAFEA1.1.2.2
2025-03-04 10:38:01,268 [WARN] PackLoader:240 - Cannot read IP mode file for STMicroelectronics.X-CUBE-NFC4.3.0.0
2025-03-04 10:38:01,284 [WARN] PackLoader:240 - Cannot read IP mode file for EmbeddedOffice.I-CUBE-FS-RTOS.1.0.1
2025-03-04 10:38:01,300 [WARN] PackLoader:240 - Cannot read IP mode file for STMicroelectronics.X-CUBE-TCPP.4.2.0
2025-03-04 10:38:01,316 [WARN] PackLoader:240 - Cannot read IP mode file for RealThread.X-CUBE-RT-Thread_Nano.4.1.1
2025-03-04 10:38:01,329 [WARN] PackLoader:240 - Cannot read IP mode file for STMicroelectronics.FP-ATR-SIGFOX1.3.2.0
2025-03-04 10:38:01,346 [WARN] ConditionMgr:438 - getConditionDescription Invalid condition id : Cortex-A Device cause : null
2025-03-04 10:38:01,384 [WARN] ConditionMgr:1044 - genDependencies : Invalid condition id : Cortex-A Device cause : null
2025-03-04 10:38:01,384 [WARN] ConditionMgr:1044 - genDependencies : Invalid condition id : Cortex-A Device cause : null
2025-03-04 10:38:01,385 [WARN] ConditionMgr:1044 - genDependencies : Invalid condition id : Cortex-A Device cause : null
2025-03-04 10:38:01,407 [WARN] PackLoader:240 - Cannot read IP mode file for STMicroelectronics.X-CUBE-EEPRMA1.5.1.0
2025-03-04 10:38:01,424 [WARN] PackLoader:240 - Cannot read IP mode file for wolfSSL.I-CUBE-wolfSSL.5.7.4
2025-03-04 10:38:01,440 [WARN] PackLoader:240 - Cannot read IP mode file for ITTIA_DB.I-CUBE-ITTIADB.8.9.0
2025-03-04 10:38:01,463 [WARN] PackLoader:240 - Cannot read IP mode file for SEGGER.I-CUBE-embOS.1.3.1
2025-03-04 10:38:01,491 [WARN] PackLoader:240 - Cannot read IP mode file for STMicroelectronics.X-CUBE-ALGOBUILD.1.4.0
2025-03-04 10:38:01,505 [WARN] PackLoader:240 - Cannot read IP mode file for STMicroelectronics.X-CUBE-AI.9.1.0
2025-03-04 10:38:01,528 [WARN] PackLoader:240 - Cannot read IP mode file for STMicroelectronics.X-CUBE-AZRTOS-F4.1.1.0
2025-03-04 10:38:01,545 [WARN] PackLoader:240 - Cannot read IP mode file for STMicroelectronics.X-CUBE-ISPU.2.1.0
2025-03-04 10:38:01,563 [WARN] PackLoader:240 - Cannot read IP mode file for STMicroelectronics.X-CUBE-FREERTOS.1.2.0
2025-03-04 10:38:01,595 [WARN] PackLoader:240 - Cannot read IP mode file for STMicroelectronics.X-CUBE-AZRTOS-L5.2.0.0
2025-03-04 10:38:01,616 [WARN] PackLoader:240 - Cannot read IP mode file for STMicroelectronics.X-CUBE-NFC6.3.1.0
2025-03-04 10:38:01,637 [WARN] PackLoader:240 - Cannot read IP mode file for STMicroelectronics.X-CUBE-DPower.1.2.0
2025-03-04 10:38:01,658 [WARN] PackLoader:240 - Cannot read IP mode file for STMicroelectronics.X-CUBE-FREERTOS.1.3.0
2025-03-04 10:38:01,680 [WARN] PackLoader:240 - Cannot read IP mode file for STMicroelectronics.X-CUBE-NFC7.1.0.1
2025-03-04 10:38:01,718 [WARN] ConditionMgr:438 - getConditionDescription Invalid condition id : LAN8742 Phy interface Condition cause : null
2025-03-04 10:38:01,719 [WARN] PackLoader:240 - Cannot read IP mode file for STMicroelectronics.X-CUBE-AZRTOS-L4.2.0.0
2025-03-04 10:38:01,725 [WARN] ConditionMgr:1044 - genDependencies : Invalid condition id : LAN8742 Phy interface Condition cause : null
2025-03-04 10:38:01,726 [WARN] ConditionMgr:1044 - genDependencies : Invalid condition id : LAN8742 Phy interface Condition cause : null
2025-03-04 10:38:01,726 [WARN] ConditionMgr:1044 - genDependencies : Invalid condition id : LAN8742 Phy interface Condition cause : null
2025-03-04 10:38:01,754 [WARN] PackLoader:240 - Cannot read IP mode file for STMicroelectronics.X-CUBE-SFXS2LP1.4.0.0
2025-03-04 10:38:01,821 [WARN] PackLoader:240 - Cannot read IP mode file for STMicroelectronics.X-CUBE-AZRTOS-H7.3.3.0
2025-03-04 10:38:01,851 [WARN] PackLoader:240 - Cannot read IP mode file for STMicroelectronics.X-CUBE-IPS.3.0.0
2025-03-04 10:38:01,882 [WARN] ConditionMgr:438 - getConditionDescription Invalid condition id : UX DEVICE CLASS RTOS Condition cause : null
2025-03-04 10:38:01,882 [WARN] ConditionMgr:438 - getConditionDescription Invalid condition id : UX DEVICE CLASS RTOS Condition cause : null
2025-03-04 10:38:01,884 [WARN] PackLoader:240 - Cannot read IP mode file for STMicroelectronics.X-CUBE-AZRTOS-WB.2.0.0
2025-03-04 10:38:01,884 [WARN] ConditionMgr:1044 - genDependencies : Invalid condition id : UX DEVICE CLASS RTOS Condition cause : null
2025-03-04 10:38:01,884 [WARN] ConditionMgr:1044 - genDependencies : Invalid condition id : UX DEVICE CLASS RTOS Condition cause : null
2025-03-04 10:38:01,885 [WARN] ConditionMgr:1044 - genDependencies : Invalid condition id : UX DEVICE CLASS RTOS Condition cause : null
2025-03-04 10:38:01,885 [WARN] ConditionMgr:1044 - genDependencies : Invalid condition id : UX DEVICE CLASS RTOS Condition cause : null
2025-03-04 10:38:01,885 [WARN] ConditionMgr:1044 - genDependencies : Invalid condition id : UX DEVICE CLASS RTOS Condition cause : null
2025-03-04 10:38:01,901 [WARN] PackLoader:240 - Cannot read IP mode file for STMicroelectronics.X-CUBE-GNSS1.7.0.0
2025-03-04 10:38:01,916 [WARN] PackLoader:240 - Cannot read IP mode file for STMicroelectronics.X-CUBE-GNSS1.7.0.1
2025-03-04 10:38:01,931 [WARN] PackLoader:240 - Cannot read IP mode file for STMicroelectronics.FP-SNS-STBOX1.2.0.0
2025-03-04 10:38:01,947 [WARN] PackLoader:240 - Cannot read IP mode file for STMicroelectronics.X-CUBE-SUBG2.5.0.0
2025-03-04 10:38:01,975 [WARN] PackLoader:240 - Cannot read IP mode file for Cesanta.I-CUBE-Mongoose.7.13.0
2025-03-04 10:38:02,003 [WARN] PackLoader:240 - Cannot read IP mode file for STMicroelectronics.X-CUBE-AZRTOS-G4.2.0.0
2025-03-04 10:38:02,028 [WARN] PackLoader:240 - Cannot read IP mode file for STMicroelectronics.X-CUBE-IPS.3.1.0
2025-03-04 10:38:02,049 [WARN] PackLoader:240 - Cannot read IP mode file for STMicroelectronics.X-CUBE-ALS.1.0.2
2025-03-04 10:38:02,071 [WARN] PackLoader:240 - Cannot read IP mode file for STMicroelectronics.X-CUBE-TOUCHGFX.4.24.2
2025-03-04 10:38:02,085 [WARN] PackLoader:240 - Cannot read IP mode file for STMicroelectronics.X-CUBE-TOUCHGFX.4.24.1
2025-03-04 10:38:02,101 [WARN] PackLoader:240 - Cannot read IP mode file for wolfSSL.I-CUBE-wolfTPM.3.4.0
2025-03-04 10:38:02,118 [WARN] PackLoader:240 - Cannot read IP mode file for portGmbH.I-Cube-SoM-uGOAL.1.1.0
2025-03-04 10:38:02,143 [WARN] PackLoader:240 - Cannot read IP mode file for STMicroelectronics.X-CUBE-AZRTOS-H7RS.1.0.0
2025-03-04 10:38:02,164 [WARN] PackLoader:240 - Cannot read IP mode file for STMicroelectronics.FP-ATR-ASTRA1.2.0.0
2025-03-04 10:38:02,185 [WARN] PackLoader:240 - Cannot read IP mode file for STMicroelectronics.X-CUBE-TOF1.3.4.2
2025-03-04 10:38:02,220 [WARN] PackLoader:240 - Cannot read IP mode file for Infineon.AIROC-Wi-Fi-Bluetooth-STM32.1.6.1
2025-03-04 10:38:02,221 [ERROR] LogOutputStream:75 - [STDERR_REDIRECT] [Fatal Error] :1:1: Premature end of file.
2025-03-04 10:38:02,222 [ERROR] LogOutputStream:75 - [STDERR_REDIRECT] 
2025-03-04 10:38:02,244 [WARN] PackLoader:240 - Cannot read IP mode file for wolfSSL.I-CUBE-wolfSSH.1.4.17
2025-03-04 10:38:02,245 [INFO] ThirdParty:978 - Integrity check success = true
2025-03-04 10:38:02,246 [INFO] IntegrityCheckThread:100 - exiting critical section [integrity check]
2025-03-04 10:38:02,246 [INFO] IntegrityCheckThread:103 - End integrity checks thread
2025-03-04 10:38:03,245 [ERROR] LogOutputStream:75 - [STDERR_REDIRECT] [Fatal Error] :1:1: Premature end of file.
2025-03-04 10:38:03,245 [ERROR] LogOutputStream:75 - [STDERR_REDIRECT] 
2025-03-04 10:38:04,255 [ERROR] LogOutputStream:75 - [STDERR_REDIRECT] [Fatal Error] :1:1: Premature end of file.
2025-03-04 10:38:04,256 [ERROR] LogOutputStream:75 - [STDERR_REDIRECT] 
2025-03-04 10:38:05,246 [ERROR] LogOutputStream:75 - [STDERR_REDIRECT] [Fatal Error] :1:1: Premature end of file.
2025-03-04 10:38:05,247 [ERROR] LogOutputStream:75 - [STDERR_REDIRECT] 
2025-03-04 10:38:06,246 [ERROR] LogOutputStream:75 - [STDERR_REDIRECT] [Fatal Error] :1:1: Premature end of file.
2025-03-04 10:38:06,246 [ERROR] LogOutputStream:75 - [STDERR_REDIRECT] 
2025-03-04 10:38:07,255 [ERROR] LogOutputStream:75 - [STDERR_REDIRECT] [Fatal Error] :1:1: Premature end of file.
2025-03-04 10:38:07,255 [ERROR] LogOutputStream:75 - [STDERR_REDIRECT] 
2025-03-04 10:38:08,251 [ERROR] LogOutputStream:75 - [STDERR_REDIRECT] [Fatal Error] :1:1: Premature end of file.
2025-03-04 10:38:08,251 [ERROR] LogOutputStream:75 - [STDERR_REDIRECT] 
2025-03-04 10:38:09,258 [ERROR] LogOutputStream:75 - [STDERR_REDIRECT] [Fatal Error] :1:1: Premature end of file.
2025-03-04 10:38:09,258 [ERROR] LogOutputStream:75 - [STDERR_REDIRECT] 
2025-03-04 10:38:10,217 [ERROR] LogOutputStream:75 - [STDERR_REDIRECT] [Fatal Error] :1:1: Premature end of file.
2025-03-04 10:38:10,217 [ERROR] LogOutputStream:75 - [STDERR_REDIRECT] 
2025-03-04 10:38:11,242 [ERROR] LogOutputStream:75 - [STDERR_REDIRECT] [Fatal Error] :1:1: Premature end of file.
2025-03-04 10:38:11,242 [ERROR] LogOutputStream:75 - [STDERR_REDIRECT] 
2025-03-04 10:38:12,244 [ERROR] LogOutputStream:75 - [STDERR_REDIRECT] [Fatal Error] :1:1: Premature end of file.
2025-03-04 10:38:12,245 [ERROR] LogOutputStream:75 - [STDERR_REDIRECT] 
2025-03-04 10:38:13,246 [ERROR] LogOutputStream:75 - [STDERR_REDIRECT] [Fatal Error] :1:1: Premature end of file.
2025-03-04 10:38:13,246 [ERROR] LogOutputStream:75 - [STDERR_REDIRECT] 
2025-03-04 10:38:14,244 [ERROR] LogOutputStream:75 - [STDERR_REDIRECT] [Fatal Error] :1:1: Premature end of file.
2025-03-04 10:38:14,245 [ERROR] LogOutputStream:75 - [STDERR_REDIRECT] 
2025-03-04 10:38:15,237 [ERROR] LogOutputStream:75 - [STDERR_REDIRECT] [Fatal Error] :1:1: Premature end of file.
2025-03-04 10:38:15,238 [ERROR] LogOutputStream:75 - [STDERR_REDIRECT] 
2025-03-04 10:38:16,241 [ERROR] LogOutputStream:75 - [STDERR_REDIRECT] [Fatal Error] :1:1: Premature end of file.
2025-03-04 10:38:16,242 [ERROR] LogOutputStream:75 - [STDERR_REDIRECT] 
2025-03-04 10:38:17,240 [ERROR] LogOutputStream:75 - [STDERR_REDIRECT] [Fatal Error] :1:1: Premature end of file.
2025-03-04 10:38:17,240 [ERROR] LogOutputStream:75 - [STDERR_REDIRECT] 
2025-03-04 10:38:18,220 [ERROR] LogOutputStream:75 - [STDERR_REDIRECT] [Fatal Error] :1:1: Premature end of file.
2025-03-04 10:38:18,220 [ERROR] LogOutputStream:75 - [STDERR_REDIRECT] 
2025-03-04 10:38:19,247 [ERROR] LogOutputStream:75 - [STDERR_REDIRECT] [Fatal Error] :1:1: Premature end of file.
2025-03-04 10:38:19,247 [ERROR] LogOutputStream:75 - [STDERR_REDIRECT] 
2025-03-04 10:38:20,221 [ERROR] LogOutputStream:75 - [STDERR_REDIRECT] [Fatal Error] :1:1: Premature end of file.
2025-03-04 10:38:20,221 [ERROR] LogOutputStream:75 - [STDERR_REDIRECT] 
2025-03-04 10:38:21,220 [ERROR] LogOutputStream:75 - [STDERR_REDIRECT] [Fatal Error] :1:1: Premature end of file.
2025-03-04 10:38:21,220 [ERROR] LogOutputStream:75 - [STDERR_REDIRECT] 
2025-03-04 10:38:22,245 [ERROR] LogOutputStream:75 - [STDERR_REDIRECT] [Fatal Error] :1:1: Premature end of file.
2025-03-04 10:38:22,246 [ERROR] LogOutputStream:75 - [STDERR_REDIRECT] 
2025-03-04 10:38:23,244 [ERROR] LogOutputStream:75 - [STDERR_REDIRECT] [Fatal Error] :1:1: Premature end of file.
2025-03-04 10:38:23,245 [ERROR] LogOutputStream:75 - [STDERR_REDIRECT] 
2025-03-04 10:38:24,257 [ERROR] LogOutputStream:75 - [STDERR_REDIRECT] [Fatal Error] :1:1: Premature end of file.
2025-03-04 10:38:24,258 [ERROR] LogOutputStream:75 - [STDERR_REDIRECT] 
2025-03-04 10:38:25,209 [ERROR] LogOutputStream:75 - [STDERR_REDIRECT] [Fatal Error] :1:1: Premature end of file.
2025-03-04 10:38:25,209 [ERROR] LogOutputStream:75 - [STDERR_REDIRECT] 
2025-03-04 10:38:26,217 [ERROR] LogOutputStream:75 - [STDERR_REDIRECT] [Fatal Error] :1:1: Premature end of file.
2025-03-04 10:38:26,217 [ERROR] LogOutputStream:75 - [STDERR_REDIRECT] 
2025-03-04 10:38:27,216 [ERROR] LogOutputStream:75 - [STDERR_REDIRECT] [Fatal Error] :1:1: Premature end of file.
2025-03-04 10:38:27,216 [ERROR] LogOutputStream:75 - [STDERR_REDIRECT] 
2025-03-04 10:38:28,211 [ERROR] LogOutputStream:75 - [STDERR_REDIRECT] [Fatal Error] :1:1: Premature end of file.
2025-03-04 10:38:28,211 [ERROR] LogOutputStream:75 - [STDERR_REDIRECT] 
2025-03-04 10:38:29,214 [ERROR] LogOutputStream:75 - [STDERR_REDIRECT] [Fatal Error] :1:1: Premature end of file.
2025-03-04 10:38:29,214 [ERROR] LogOutputStream:75 - [STDERR_REDIRECT] 
2025-03-04 10:38:30,216 [ERROR] LogOutputStream:75 - [STDERR_REDIRECT] [Fatal Error] :1:1: Premature end of file.
2025-03-04 10:38:30,216 [ERROR] LogOutputStream:75 - [STDERR_REDIRECT] 
2025-03-04 10:38:31,211 [ERROR] LogOutputStream:75 - [STDERR_REDIRECT] [Fatal Error] :1:1: Premature end of file.
2025-03-04 10:38:31,211 [ERROR] LogOutputStream:75 - [STDERR_REDIRECT] 
2025-03-04 10:38:32,229 [ERROR] LogOutputStream:75 - [STDERR_REDIRECT] [Fatal Error] :1:1: Premature end of file.
2025-03-04 10:38:32,229 [ERROR] LogOutputStream:75 - [STDERR_REDIRECT] 
2025-03-04 10:38:33,211 [ERROR] LogOutputStream:75 - [STDERR_REDIRECT] [Fatal Error] :1:1: Premature end of file.
2025-03-04 10:38:33,211 [ERROR] LogOutputStream:75 - [STDERR_REDIRECT] 
2025-03-04 10:38:34,255 [ERROR] LogOutputStream:75 - [STDERR_REDIRECT] [Fatal Error] :1:1: Premature end of file.
2025-03-04 10:38:34,256 [ERROR] LogOutputStream:75 - [STDERR_REDIRECT] 
2025-03-04 10:38:35,244 [ERROR] LogOutputStream:75 - [STDERR_REDIRECT] [Fatal Error] :1:1: Premature end of file.
2025-03-04 10:38:35,244 [ERROR] LogOutputStream:75 - [STDERR_REDIRECT] 
2025-03-04 10:38:36,233 [ERROR] LogOutputStream:75 - [STDERR_REDIRECT] [Fatal Error] :1:1: Premature end of file.
2025-03-04 10:38:36,233 [ERROR] LogOutputStream:75 - [STDERR_REDIRECT] 
2025-03-04 10:38:37,208 [ERROR] LogOutputStream:75 - [STDERR_REDIRECT] [Fatal Error] :1:1: Premature end of file.
2025-03-04 10:38:37,208 [ERROR] LogOutputStream:75 - [STDERR_REDIRECT] 
2025-03-04 10:38:38,230 [ERROR] LogOutputStream:75 - [STDERR_REDIRECT] [Fatal Error] :1:1: Premature end of file.
2025-03-04 10:38:38,230 [ERROR] LogOutputStream:75 - [STDERR_REDIRECT] 
2025-03-04 10:38:39,242 [ERROR] LogOutputStream:75 - [STDERR_REDIRECT] [Fatal Error] :1:1: Premature end of file.
2025-03-04 10:38:39,243 [ERROR] LogOutputStream:75 - [STDERR_REDIRECT] 
2025-03-04 10:38:40,242 [ERROR] LogOutputStream:75 - [STDERR_REDIRECT] [Fatal Error] :1:1: Premature end of file.
2025-03-04 10:38:40,243 [ERROR] LogOutputStream:75 - [STDERR_REDIRECT] 
2025-03-04 10:38:41,210 [ERROR] LogOutputStream:75 - [STDERR_REDIRECT] [Fatal Error] :1:1: Premature end of file.
2025-03-04 10:38:41,210 [ERROR] LogOutputStream:75 - [STDERR_REDIRECT] 
2025-03-04 10:38:42,240 [ERROR] LogOutputStream:75 - [STDERR_REDIRECT] [Fatal Error] :1:1: Premature end of file.
2025-03-04 10:38:42,240 [ERROR] LogOutputStream:75 - [STDERR_REDIRECT] 
2025-03-04 10:38:43,210 [ERROR] LogOutputStream:75 - [STDERR_REDIRECT] [Fatal Error] :1:1: Premature end of file.
2025-03-04 10:38:43,211 [ERROR] LogOutputStream:75 - [STDERR_REDIRECT] 
2025-03-04 10:38:44,241 [ERROR] LogOutputStream:75 - [STDERR_REDIRECT] [Fatal Error] :1:1: Premature end of file.
2025-03-04 10:38:44,241 [ERROR] LogOutputStream:75 - [STDERR_REDIRECT] 
2025-03-04 10:38:45,229 [ERROR] LogOutputStream:75 - [STDERR_REDIRECT] [Fatal Error] :1:1: Premature end of file.
2025-03-04 10:38:45,229 [ERROR] LogOutputStream:75 - [STDERR_REDIRECT] 
2025-03-04 10:38:46,252 [ERROR] LogOutputStream:75 - [STDERR_REDIRECT] [Fatal Error] :1:1: Premature end of file.
2025-03-04 10:38:46,253 [ERROR] LogOutputStream:75 - [STDERR_REDIRECT] 
2025-03-04 10:38:47,239 [ERROR] LogOutputStream:75 - [STDERR_REDIRECT] [Fatal Error] :1:1: Premature end of file.
2025-03-04 10:38:47,239 [ERROR] LogOutputStream:75 - [STDERR_REDIRECT] 
2025-03-04 10:38:48,230 [ERROR] LogOutputStream:75 - [STDERR_REDIRECT] [Fatal Error] :1:1: Premature end of file.
2025-03-04 10:38:48,231 [ERROR] LogOutputStream:75 - [STDERR_REDIRECT] 
2025-03-04 10:38:49,220 [ERROR] LogOutputStream:75 - [STDERR_REDIRECT] [Fatal Error] :1:1: Premature end of file.
2025-03-04 10:38:49,220 [ERROR] LogOutputStream:75 - [STDERR_REDIRECT] 
2025-03-04 10:38:50,240 [ERROR] LogOutputStream:75 - [STDERR_REDIRECT] [Fatal Error] :1:1: Premature end of file.
2025-03-04 10:38:50,241 [ERROR] LogOutputStream:75 - [STDERR_REDIRECT] 
2025-03-04 10:38:51,226 [ERROR] LogOutputStream:75 - [STDERR_REDIRECT] [Fatal Error] :1:1: Premature end of file.
2025-03-04 10:38:51,226 [ERROR] LogOutputStream:75 - [STDERR_REDIRECT] 
2025-03-04 10:38:52,228 [ERROR] LogOutputStream:75 - [STDERR_REDIRECT] [Fatal Error] :1:1: Premature end of file.
2025-03-04 10:38:52,228 [ERROR] LogOutputStream:75 - [STDERR_REDIRECT] 
2025-03-04 10:38:53,216 [ERROR] LogOutputStream:75 - [STDERR_REDIRECT] [Fatal Error] :1:1: Premature end of file.
2025-03-04 10:38:53,216 [ERROR] LogOutputStream:75 - [STDERR_REDIRECT] 
2025-03-04 10:38:54,237 [ERROR] LogOutputStream:75 - [STDERR_REDIRECT] [Fatal Error] :1:1: Premature end of file.
2025-03-04 10:38:54,237 [ERROR] LogOutputStream:75 - [STDERR_REDIRECT] 
2025-03-04 10:38:55,210 [ERROR] LogOutputStream:75 - [STDERR_REDIRECT] [Fatal Error] :1:1: Premature end of file.
2025-03-04 10:38:55,210 [ERROR] LogOutputStream:75 - [STDERR_REDIRECT] 
2025-03-04 10:38:56,260 [ERROR] LogOutputStream:75 - [STDERR_REDIRECT] [Fatal Error] :1:1: Premature end of file.
2025-03-04 10:38:56,260 [ERROR] LogOutputStream:75 - [STDERR_REDIRECT] 
2025-03-04 10:38:57,254 [ERROR] LogOutputStream:75 - [STDERR_REDIRECT] [Fatal Error] :1:1: Premature end of file.
2025-03-04 10:38:57,255 [ERROR] LogOutputStream:75 - [STDERR_REDIRECT] 
2025-03-04 10:38:58,240 [ERROR] LogOutputStream:75 - [STDERR_REDIRECT] [Fatal Error] :1:1: Premature end of file.
2025-03-04 10:38:58,241 [ERROR] LogOutputStream:75 - [STDERR_REDIRECT] 
2025-03-04 10:38:59,236 [ERROR] LogOutputStream:75 - [STDERR_REDIRECT] [Fatal Error] :1:1: Premature end of file.
2025-03-04 10:38:59,236 [ERROR] LogOutputStream:75 - [STDERR_REDIRECT] 
2025-03-04 10:39:00,240 [ERROR] LogOutputStream:75 - [STDERR_REDIRECT] [Fatal Error] :1:1: Premature end of file.
2025-03-04 10:39:00,241 [ERROR] LogOutputStream:75 - [STDERR_REDIRECT] 
2025-03-04 10:39:01,242 [ERROR] LogOutputStream:75 - [STDERR_REDIRECT] [Fatal Error] :1:1: Premature end of file.
2025-03-04 10:39:01,242 [ERROR] LogOutputStream:75 - [STDERR_REDIRECT] 
2025-03-04 10:39:02,239 [ERROR] LogOutputStream:75 - [STDERR_REDIRECT] [Fatal Error] :1:1: Premature end of file.
2025-03-04 10:39:02,240 [ERROR] LogOutputStream:75 - [STDERR_REDIRECT] 
2025-03-04 10:39:03,226 [ERROR] LogOutputStream:75 - [STDERR_REDIRECT] [Fatal Error] :1:1: Premature end of file.
2025-03-04 10:39:03,226 [ERROR] LogOutputStream:75 - [STDERR_REDIRECT] 
2025-03-04 10:39:04,212 [ERROR] LogOutputStream:75 - [STDERR_REDIRECT] [Fatal Error] :1:1: Premature end of file.
2025-03-04 10:39:04,212 [ERROR] LogOutputStream:75 - [STDERR_REDIRECT] 
2025-03-04 10:39:05,231 [ERROR] LogOutputStream:75 - [STDERR_REDIRECT] [Fatal Error] :1:1: Premature end of file.
2025-03-04 10:39:05,231 [ERROR] LogOutputStream:75 - [STDERR_REDIRECT] 
2025-03-04 10:39:06,237 [ERROR] LogOutputStream:75 - [STDERR_REDIRECT] [Fatal Error] :1:1: Premature end of file.
2025-03-04 10:39:06,238 [ERROR] LogOutputStream:75 - [STDERR_REDIRECT] 
2025-03-04 10:39:07,244 [ERROR] LogOutputStream:75 - [STDERR_REDIRECT] [Fatal Error] :1:1: Premature end of file.
2025-03-04 10:39:07,244 [ERROR] LogOutputStream:75 - [STDERR_REDIRECT] 
2025-03-04 10:39:08,252 [ERROR] LogOutputStream:75 - [STDERR_REDIRECT] [Fatal Error] :1:1: Premature end of file.
2025-03-04 10:39:08,252 [ERROR] LogOutputStream:75 - [STDERR_REDIRECT] 
2025-03-04 10:39:09,249 [ERROR] LogOutputStream:75 - [STDERR_REDIRECT] [Fatal Error] :1:1: Premature end of file.
2025-03-04 10:39:09,249 [ERROR] LogOutputStream:75 - [STDERR_REDIRECT] 
2025-03-04 10:39:10,245 [ERROR] LogOutputStream:75 - [STDERR_REDIRECT] [Fatal Error] :1:1: Premature end of file.
2025-03-04 10:39:10,245 [ERROR] LogOutputStream:75 - [STDERR_REDIRECT] 
2025-03-04 10:39:11,244 [ERROR] LogOutputStream:75 - [STDERR_REDIRECT] [Fatal Error] :1:1: Premature end of file.
2025-03-04 10:39:11,244 [ERROR] LogOutputStream:75 - [STDERR_REDIRECT] 
2025-03-04 10:39:12,242 [ERROR] LogOutputStream:75 - [STDERR_REDIRECT] [Fatal Error] :1:1: Premature end of file.
2025-03-04 10:39:12,243 [ERROR] LogOutputStream:75 - [STDERR_REDIRECT] 
2025-03-04 10:39:13,236 [ERROR] LogOutputStream:75 - [STDERR_REDIRECT] [Fatal Error] :1:1: Premature end of file.
2025-03-04 10:39:13,236 [ERROR] LogOutputStream:75 - [STDERR_REDIRECT] 
2025-03-04 10:39:14,237 [ERROR] LogOutputStream:75 - [STDERR_REDIRECT] [Fatal Error] :1:1: Premature end of file.
2025-03-04 10:39:14,237 [ERROR] LogOutputStream:75 - [STDERR_REDIRECT] 
2025-03-04 10:39:15,243 [ERROR] LogOutputStream:75 - [STDERR_REDIRECT] [Fatal Error] :1:1: Premature end of file.
2025-03-04 10:39:15,243 [ERROR] LogOutputStream:75 - [STDERR_REDIRECT] 
2025-03-04 10:39:16,239 [ERROR] LogOutputStream:75 - [STDERR_REDIRECT] [Fatal Error] :1:1: Premature end of file.
2025-03-04 10:39:16,240 [ERROR] LogOutputStream:75 - [STDERR_REDIRECT] 
2025-03-04 10:39:17,239 [ERROR] LogOutputStream:75 - [STDERR_REDIRECT] [Fatal Error] :1:1: Premature end of file.
2025-03-04 10:39:17,239 [ERROR] LogOutputStream:75 - [STDERR_REDIRECT] 
2025-03-04 10:39:18,239 [ERROR] LogOutputStream:75 - [STDERR_REDIRECT] [Fatal Error] :1:1: Premature end of file.
2025-03-04 10:39:18,239 [ERROR] LogOutputStream:75 - [STDERR_REDIRECT] 
2025-03-04 10:39:19,243 [ERROR] LogOutputStream:75 - [STDERR_REDIRECT] [Fatal Error] :1:1: Premature end of file.
2025-03-04 10:39:19,244 [ERROR] LogOutputStream:75 - [STDERR_REDIRECT] 
2025-03-04 10:39:20,242 [ERROR] LogOutputStream:75 - [STDERR_REDIRECT] [Fatal Error] :1:1: Premature end of file.
2025-03-04 10:39:20,242 [ERROR] LogOutputStream:75 - [STDERR_REDIRECT] 
2025-03-04 10:39:21,238 [ERROR] LogOutputStream:75 - [STDERR_REDIRECT] [Fatal Error] :1:1: Premature end of file.
2025-03-04 10:39:21,238 [ERROR] LogOutputStream:75 - [STDERR_REDIRECT] 
2025-03-04 10:39:22,239 [ERROR] LogOutputStream:75 - [STDERR_REDIRECT] [Fatal Error] :1:1: Premature end of file.
2025-03-04 10:39:22,240 [ERROR] LogOutputStream:75 - [STDERR_REDIRECT] 
2025-03-04 10:39:23,236 [ERROR] LogOutputStream:75 - [STDERR_REDIRECT] [Fatal Error] :1:1: Premature end of file.
2025-03-04 10:39:23,236 [ERROR] LogOutputStream:75 - [STDERR_REDIRECT] 
2025-03-04 10:39:24,244 [ERROR] LogOutputStream:75 - [STDERR_REDIRECT] [Fatal Error] :1:1: Premature end of file.
2025-03-04 10:39:24,244 [ERROR] LogOutputStream:75 - [STDERR_REDIRECT] 
2025-03-04 10:39:25,227 [ERROR] LogOutputStream:75 - [STDERR_REDIRECT] [Fatal Error] :1:1: Premature end of file.
2025-03-04 10:39:25,227 [ERROR] LogOutputStream:75 - [STDERR_REDIRECT] 
2025-03-04 10:39:26,306 [ERROR] LogOutputStream:75 - [STDERR_REDIRECT] [Fatal Error] :1:1: Premature end of file.
2025-03-04 10:39:26,307 [ERROR] LogOutputStream:75 - [STDERR_REDIRECT] 
2025-03-04 10:39:27,239 [ERROR] LogOutputStream:75 - [STDERR_REDIRECT] [Fatal Error] :1:1: Premature end of file.
2025-03-04 10:39:27,239 [ERROR] LogOutputStream:75 - [STDERR_REDIRECT] 
2025-03-04 10:39:28,256 [ERROR] LogOutputStream:75 - [STDERR_REDIRECT] [Fatal Error] :1:1: Premature end of file.
2025-03-04 10:39:28,257 [ERROR] LogOutputStream:75 - [STDERR_REDIRECT] 
2025-03-04 10:39:29,233 [ERROR] LogOutputStream:75 - [STDERR_REDIRECT] [Fatal Error] :1:1: Premature end of file.
2025-03-04 10:39:29,234 [ERROR] LogOutputStream:75 - [STDERR_REDIRECT] 
2025-03-04 10:39:30,245 [ERROR] LogOutputStream:75 - [STDERR_REDIRECT] [Fatal Error] :1:1: Premature end of file.
2025-03-04 10:39:30,246 [ERROR] LogOutputStream:75 - [STDERR_REDIRECT] 
2025-03-04 10:39:30,639 [INFO] WebApp:194 - Connection lost
2025-03-04 10:39:30,813 [INFO] WebApp:191 - Connection restablished
2025-03-04 10:39:31,228 [ERROR] LogOutputStream:75 - [STDERR_REDIRECT] [Fatal Error] :1:1: Premature end of file.
2025-03-04 10:39:31,229 [ERROR] LogOutputStream:75 - [STDERR_REDIRECT] 
2025-03-04 10:39:32,255 [ERROR] LogOutputStream:75 - [STDERR_REDIRECT] [Fatal Error] :1:1: Premature end of file.
2025-03-04 10:39:32,255 [ERROR] LogOutputStream:75 - [STDERR_REDIRECT] 
2025-03-04 10:39:33,269 [ERROR] LogOutputStream:75 - [STDERR_REDIRECT] [Fatal Error] :1:1: Premature end of file.
2025-03-04 10:39:33,270 [ERROR] LogOutputStream:75 - [STDERR_REDIRECT] 
2025-03-04 10:39:33,334 [INFO] WebApp:194 - Connection lost
2025-03-04 10:39:33,485 [INFO] WebApp:191 - Connection restablished
2025-03-04 10:39:34,252 [ERROR] LogOutputStream:75 - [STDERR_REDIRECT] [Fatal Error] :1:1: Premature end of file.
2025-03-04 10:39:34,253 [ERROR] LogOutputStream:75 - [STDERR_REDIRECT] 
2025-03-04 10:39:35,249 [ERROR] LogOutputStream:75 - [STDERR_REDIRECT] [Fatal Error] :1:1: Premature end of file.
2025-03-04 10:39:35,250 [ERROR] LogOutputStream:75 - [STDERR_REDIRECT] 
2025-03-04 10:39:36,260 [ERROR] LogOutputStream:75 - [STDERR_REDIRECT] [Fatal Error] :1:1: Premature end of file.
2025-03-04 10:39:36,260 [ERROR] LogOutputStream:75 - [STDERR_REDIRECT] 
2025-03-04 10:39:37,250 [ERROR] LogOutputStream:75 - [STDERR_REDIRECT] [Fatal Error] :1:1: Premature end of file.
2025-03-04 10:39:37,251 [ERROR] LogOutputStream:75 - [STDERR_REDIRECT] 
2025-03-04 10:39:38,276 [ERROR] LogOutputStream:75 - [STDERR_REDIRECT] [Fatal Error] :1:1: Premature end of file.
2025-03-04 10:39:38,276 [ERROR] LogOutputStream:75 - [STDERR_REDIRECT] 
2025-03-04 10:39:39,252 [ERROR] LogOutputStream:75 - [STDERR_REDIRECT] [Fatal Error] :1:1: Premature end of file.
2025-03-04 10:39:39,252 [ERROR] LogOutputStream:75 - [STDERR_REDIRECT] 
2025-03-04 10:39:40,241 [ERROR] LogOutputStream:75 - [STDERR_REDIRECT] [Fatal Error] :1:1: Premature end of file.
2025-03-04 10:39:40,242 [ERROR] LogOutputStream:75 - [STDERR_REDIRECT] 
2025-03-04 10:39:41,239 [ERROR] LogOutputStream:75 - [STDERR_REDIRECT] [Fatal Error] :1:1: Premature end of file.
2025-03-04 10:39:41,240 [ERROR] LogOutputStream:75 - [STDERR_REDIRECT] 
2025-03-04 10:39:42,239 [ERROR] LogOutputStream:75 - [STDERR_REDIRECT] [Fatal Error] :1:1: Premature end of file.
2025-03-04 10:39:42,240 [ERROR] LogOutputStream:75 - [STDERR_REDIRECT] 
2025-03-04 10:39:43,240 [ERROR] LogOutputStream:75 - [STDERR_REDIRECT] [Fatal Error] :1:1: Premature end of file.
2025-03-04 10:39:43,241 [ERROR] LogOutputStream:75 - [STDERR_REDIRECT] 
2025-03-04 10:39:44,244 [ERROR] LogOutputStream:75 - [STDERR_REDIRECT] [Fatal Error] :1:1: Premature end of file.
2025-03-04 10:39:44,244 [ERROR] LogOutputStream:75 - [STDERR_REDIRECT] 
2025-03-04 10:39:45,236 [ERROR] LogOutputStream:75 - [STDERR_REDIRECT] [Fatal Error] :1:1: Premature end of file.
2025-03-04 10:39:45,236 [ERROR] LogOutputStream:75 - [STDERR_REDIRECT] 
2025-03-04 10:39:46,248 [ERROR] LogOutputStream:75 - [STDERR_REDIRECT] [Fatal Error] :1:1: Premature end of file.
2025-03-04 10:39:46,248 [ERROR] LogOutputStream:75 - [STDERR_REDIRECT] 
2025-03-04 10:39:47,250 [ERROR] LogOutputStream:75 - [STDERR_REDIRECT] [Fatal Error] :1:1: Premature end of file.
2025-03-04 10:39:47,251 [ERROR] LogOutputStream:75 - [STDERR_REDIRECT] 
2025-03-04 10:39:48,236 [ERROR] LogOutputStream:75 - [STDERR_REDIRECT] [Fatal Error] :1:1: Premature end of file.
2025-03-04 10:39:48,237 [ERROR] LogOutputStream:75 - [STDERR_REDIRECT] 
2025-03-04 10:39:49,243 [ERROR] LogOutputStream:75 - [STDERR_REDIRECT] [Fatal Error] :1:1: Premature end of file.
2025-03-04 10:39:49,243 [ERROR] LogOutputStream:75 - [STDERR_REDIRECT] 
2025-03-04 10:39:50,238 [ERROR] LogOutputStream:75 - [STDERR_REDIRECT] [Fatal Error] :1:1: Premature end of file.
2025-03-04 10:39:50,239 [ERROR] LogOutputStream:75 - [STDERR_REDIRECT] 
2025-03-04 10:39:51,228 [ERROR] LogOutputStream:75 - [STDERR_REDIRECT] [Fatal Error] :1:1: Premature end of file.
2025-03-04 10:39:51,228 [ERROR] LogOutputStream:75 - [STDERR_REDIRECT] 
2025-03-04 10:39:52,235 [ERROR] LogOutputStream:75 - [STDERR_REDIRECT] [Fatal Error] :1:1: Premature end of file.
2025-03-04 10:39:52,236 [ERROR] LogOutputStream:75 - [STDERR_REDIRECT] 
2025-03-04 10:39:53,237 [ERROR] LogOutputStream:75 - [STDERR_REDIRECT] [Fatal Error] :1:1: Premature end of file.
2025-03-04 10:39:53,237 [ERROR] LogOutputStream:75 - [STDERR_REDIRECT] 
2025-03-04 10:39:54,237 [ERROR] LogOutputStream:75 - [STDERR_REDIRECT] [Fatal Error] :1:1: Premature end of file.
2025-03-04 10:39:54,237 [ERROR] LogOutputStream:75 - [STDERR_REDIRECT] 
2025-03-04 10:39:55,241 [ERROR] LogOutputStream:75 - [STDERR_REDIRECT] [Fatal Error] :1:1: Premature end of file.
2025-03-04 10:39:55,241 [ERROR] LogOutputStream:75 - [STDERR_REDIRECT] 
2025-03-04 10:39:56,272 [ERROR] LogOutputStream:75 - [STDERR_REDIRECT] [Fatal Error] :1:1: Premature end of file.
2025-03-04 10:39:56,272 [ERROR] LogOutputStream:75 - [STDERR_REDIRECT] 
2025-03-04 10:39:57,247 [ERROR] LogOutputStream:75 - [STDERR_REDIRECT] [Fatal Error] :1:1: Premature end of file.
2025-03-04 10:39:57,248 [ERROR] LogOutputStream:75 - [STDERR_REDIRECT] 
2025-03-04 10:39:58,233 [ERROR] LogOutputStream:75 - [STDERR_REDIRECT] [Fatal Error] :1:1: Premature end of file.
2025-03-04 10:39:58,234 [ERROR] LogOutputStream:75 - [STDERR_REDIRECT] 
2025-03-04 10:39:59,251 [ERROR] LogOutputStream:75 - [STDERR_REDIRECT] [Fatal Error] :1:1: Premature end of file.
2025-03-04 10:39:59,252 [ERROR] LogOutputStream:75 - [STDERR_REDIRECT] 
2025-03-04 10:40:00,258 [ERROR] LogOutputStream:75 - [STDERR_REDIRECT] [Fatal Error] :1:1: Premature end of file.
2025-03-04 10:40:00,258 [ERROR] LogOutputStream:75 - [STDERR_REDIRECT] 
2025-03-04 10:40:01,247 [ERROR] LogOutputStream:75 - [STDERR_REDIRECT] [Fatal Error] :1:1: Premature end of file.
2025-03-04 10:40:01,248 [ERROR] LogOutputStream:75 - [STDERR_REDIRECT] 
2025-03-04 10:40:02,250 [ERROR] LogOutputStream:75 - [STDERR_REDIRECT] [Fatal Error] :1:1: Premature end of file.
2025-03-04 10:40:02,250 [ERROR] LogOutputStream:75 - [STDERR_REDIRECT] 
2025-03-04 10:40:03,243 [ERROR] LogOutputStream:75 - [STDERR_REDIRECT] [Fatal Error] :1:1: Premature end of file.
2025-03-04 10:40:03,244 [ERROR] LogOutputStream:75 - [STDERR_REDIRECT] 
2025-03-04 10:40:04,245 [ERROR] LogOutputStream:75 - [STDERR_REDIRECT] [Fatal Error] :1:1: Premature end of file.
2025-03-04 10:40:04,246 [ERROR] LogOutputStream:75 - [STDERR_REDIRECT] 
2025-03-04 10:40:05,245 [ERROR] LogOutputStream:75 - [STDERR_REDIRECT] [Fatal Error] :1:1: Premature end of file.
2025-03-04 10:40:05,245 [ERROR] LogOutputStream:75 - [STDERR_REDIRECT] 
2025-03-04 10:40:06,244 [ERROR] LogOutputStream:75 - [STDERR_REDIRECT] [Fatal Error] :1:1: Premature end of file.
2025-03-04 10:40:06,244 [ERROR] LogOutputStream:75 - [STDERR_REDIRECT] 
2025-03-04 10:40:07,252 [ERROR] LogOutputStream:75 - [STDERR_REDIRECT] [Fatal Error] :1:1: Premature end of file.
2025-03-04 10:40:07,253 [ERROR] LogOutputStream:75 - [STDERR_REDIRECT] 
2025-03-04 10:40:08,250 [ERROR] LogOutputStream:75 - [STDERR_REDIRECT] [Fatal Error] :1:1: Premature end of file.
2025-03-04 10:40:08,250 [ERROR] LogOutputStream:75 - [STDERR_REDIRECT] 
2025-03-04 10:40:09,244 [ERROR] LogOutputStream:75 - [STDERR_REDIRECT] [Fatal Error] :1:1: Premature end of file.
2025-03-04 10:40:09,244 [ERROR] LogOutputStream:75 - [STDERR_REDIRECT] 
2025-03-04 10:40:10,251 [ERROR] LogOutputStream:75 - [STDERR_REDIRECT] [Fatal Error] :1:1: Premature end of file.
2025-03-04 10:40:10,251 [ERROR] LogOutputStream:75 - [STDERR_REDIRECT] 
2025-03-04 10:40:11,247 [ERROR] LogOutputStream:75 - [STDERR_REDIRECT] [Fatal Error] :1:1: Premature end of file.
2025-03-04 10:40:11,248 [ERROR] LogOutputStream:75 - [STDERR_REDIRECT] 
2025-03-04 10:40:12,238 [ERROR] LogOutputStream:75 - [STDERR_REDIRECT] [Fatal Error] :1:1: Premature end of file.
2025-03-04 10:40:12,238 [ERROR] LogOutputStream:75 - [STDERR_REDIRECT] 
2025-03-04 10:40:13,240 [ERROR] LogOutputStream:75 - [STDERR_REDIRECT] [Fatal Error] :1:1: Premature end of file.
2025-03-04 10:40:13,240 [ERROR] LogOutputStream:75 - [STDERR_REDIRECT] 
2025-03-04 10:40:14,246 [ERROR] LogOutputStream:75 - [STDERR_REDIRECT] [Fatal Error] :1:1: Premature end of file.
2025-03-04 10:40:14,247 [ERROR] LogOutputStream:75 - [STDERR_REDIRECT] 
2025-03-04 10:40:15,248 [ERROR] LogOutputStream:75 - [STDERR_REDIRECT] [Fatal Error] :1:1: Premature end of file.
2025-03-04 10:40:15,249 [ERROR] LogOutputStream:75 - [STDERR_REDIRECT] 
2025-03-04 10:40:16,229 [ERROR] LogOutputStream:75 - [STDERR_REDIRECT] [Fatal Error] :1:1: Premature end of file.
2025-03-04 10:40:16,230 [ERROR] LogOutputStream:75 - [STDERR_REDIRECT] 
2025-03-04 10:40:17,239 [ERROR] LogOutputStream:75 - [STDERR_REDIRECT] [Fatal Error] :1:1: Premature end of file.
2025-03-04 10:40:17,239 [ERROR] LogOutputStream:75 - [STDERR_REDIRECT] 
2025-03-04 10:40:18,238 [ERROR] LogOutputStream:75 - [STDERR_REDIRECT] [Fatal Error] :1:1: Premature end of file.
2025-03-04 10:40:18,238 [ERROR] LogOutputStream:75 - [STDERR_REDIRECT] 
2025-03-04 10:40:19,252 [ERROR] LogOutputStream:75 - [STDERR_REDIRECT] [Fatal Error] :1:1: Premature end of file.
2025-03-04 10:40:19,253 [ERROR] LogOutputStream:75 - [STDERR_REDIRECT] 
2025-03-04 10:40:20,237 [ERROR] LogOutputStream:75 - [STDERR_REDIRECT] [Fatal Error] :1:1: Premature end of file.
2025-03-04 10:40:20,237 [ERROR] LogOutputStream:75 - [STDERR_REDIRECT] 
2025-03-04 10:40:21,240 [ERROR] LogOutputStream:75 - [STDERR_REDIRECT] [Fatal Error] :1:1: Premature end of file.
2025-03-04 10:40:21,240 [ERROR] LogOutputStream:75 - [STDERR_REDIRECT] 
2025-03-04 10:40:22,243 [ERROR] LogOutputStream:75 - [STDERR_REDIRECT] [Fatal Error] :1:1: Premature end of file.
2025-03-04 10:40:22,244 [ERROR] LogOutputStream:75 - [STDERR_REDIRECT] 
2025-03-04 10:40:23,244 [ERROR] LogOutputStream:75 - [STDERR_REDIRECT] [Fatal Error] :1:1: Premature end of file.
2025-03-04 10:40:23,244 [ERROR] LogOutputStream:75 - [STDERR_REDIRECT] 
2025-03-04 10:40:24,243 [ERROR] LogOutputStream:75 - [STDERR_REDIRECT] [Fatal Error] :1:1: Premature end of file.
2025-03-04 10:40:24,244 [ERROR] LogOutputStream:75 - [STDERR_REDIRECT] 
2025-03-04 10:40:25,251 [ERROR] LogOutputStream:75 - [STDERR_REDIRECT] [Fatal Error] :1:1: Premature end of file.
2025-03-04 10:40:25,251 [ERROR] LogOutputStream:75 - [STDERR_REDIRECT] 
2025-03-04 10:40:26,245 [ERROR] LogOutputStream:75 - [STDERR_REDIRECT] [Fatal Error] :1:1: Premature end of file.
2025-03-04 10:40:26,246 [ERROR] LogOutputStream:75 - [STDERR_REDIRECT] 
2025-03-04 10:40:27,228 [ERROR] LogOutputStream:75 - [STDERR_REDIRECT] [Fatal Error] :1:1: Premature end of file.
2025-03-04 10:40:27,228 [ERROR] LogOutputStream:75 - [STDERR_REDIRECT] 
2025-03-04 10:40:28,244 [ERROR] LogOutputStream:75 - [STDERR_REDIRECT] [Fatal Error] :1:1: Premature end of file.
2025-03-04 10:40:28,244 [ERROR] LogOutputStream:75 - [STDERR_REDIRECT] 
2025-03-04 10:40:29,239 [ERROR] LogOutputStream:75 - [STDERR_REDIRECT] [Fatal Error] :1:1: Premature end of file.
2025-03-04 10:40:29,239 [ERROR] LogOutputStream:75 - [STDERR_REDIRECT] 
2025-03-04 10:40:30,245 [ERROR] LogOutputStream:75 - [STDERR_REDIRECT] [Fatal Error] :1:1: Premature end of file.
2025-03-04 10:40:30,246 [ERROR] LogOutputStream:75 - [STDERR_REDIRECT] 
2025-03-04 10:40:31,243 [ERROR] LogOutputStream:75 - [STDERR_REDIRECT] [Fatal Error] :1:1: Premature end of file.
2025-03-04 10:40:31,244 [ERROR] LogOutputStream:75 - [STDERR_REDIRECT] 
2025-03-04 10:40:32,244 [ERROR] LogOutputStream:75 - [STDERR_REDIRECT] [Fatal Error] :1:1: Premature end of file.
2025-03-04 10:40:32,244 [ERROR] LogOutputStream:75 - [STDERR_REDIRECT] 
2025-03-04 10:40:33,235 [ERROR] LogOutputStream:75 - [STDERR_REDIRECT] [Fatal Error] :1:1: Premature end of file.
2025-03-04 10:40:33,235 [ERROR] LogOutputStream:75 - [STDERR_REDIRECT] 
2025-03-04 10:40:34,246 [ERROR] LogOutputStream:75 - [STDERR_REDIRECT] [Fatal Error] :1:1: Premature end of file.
2025-03-04 10:40:34,246 [ERROR] LogOutputStream:75 - [STDERR_REDIRECT] 
2025-03-04 10:40:35,250 [ERROR] LogOutputStream:75 - [STDERR_REDIRECT] [Fatal Error] :1:1: Premature end of file.
2025-03-04 10:40:35,251 [ERROR] LogOutputStream:75 - [STDERR_REDIRECT] 
2025-03-04 10:40:36,245 [ERROR] LogOutputStream:75 - [STDERR_REDIRECT] [Fatal Error] :1:1: Premature end of file.
2025-03-04 10:40:36,246 [ERROR] LogOutputStream:75 - [STDERR_REDIRECT] 
2025-03-04 10:40:37,256 [ERROR] LogOutputStream:75 - [STDERR_REDIRECT] [Fatal Error] :1:1: Premature end of file.
2025-03-04 10:40:37,257 [ERROR] LogOutputStream:75 - [STDERR_REDIRECT] 
2025-03-04 10:40:38,242 [ERROR] LogOutputStream:75 - [STDERR_REDIRECT] [Fatal Error] :1:1: Premature end of file.
2025-03-04 10:40:38,242 [ERROR] LogOutputStream:75 - [STDERR_REDIRECT] 
2025-03-04 10:40:39,246 [ERROR] LogOutputStream:75 - [STDERR_REDIRECT] [Fatal Error] :1:1: Premature end of file.
2025-03-04 10:40:39,246 [ERROR] LogOutputStream:75 - [STDERR_REDIRECT] 
2025-03-04 10:40:40,244 [ERROR] LogOutputStream:75 - [STDERR_REDIRECT] [Fatal Error] :1:1: Premature end of file.
2025-03-04 10:40:40,245 [ERROR] LogOutputStream:75 - [STDERR_REDIRECT] 
2025-03-04 10:40:41,235 [ERROR] LogOutputStream:75 - [STDERR_REDIRECT] [Fatal Error] :1:1: Premature end of file.
2025-03-04 10:40:41,235 [ERROR] LogOutputStream:75 - [STDERR_REDIRECT] 
2025-03-04 10:40:42,253 [ERROR] LogOutputStream:75 - [STDERR_REDIRECT] [Fatal Error] :1:1: Premature end of file.
2025-03-04 10:40:42,253 [ERROR] LogOutputStream:75 - [STDERR_REDIRECT] 
2025-03-04 10:40:43,244 [ERROR] LogOutputStream:75 - [STDERR_REDIRECT] [Fatal Error] :1:1: Premature end of file.
2025-03-04 10:40:43,244 [ERROR] LogOutputStream:75 - [STDERR_REDIRECT] 
2025-03-04 10:40:44,234 [ERROR] LogOutputStream:75 - [STDERR_REDIRECT] [Fatal Error] :1:1: Premature end of file.
2025-03-04 10:40:44,234 [ERROR] LogOutputStream:75 - [STDERR_REDIRECT] 
2025-03-04 10:40:45,266 [ERROR] LogOutputStream:75 - [STDERR_REDIRECT] [Fatal Error] :1:1: Premature end of file.
2025-03-04 10:40:45,268 [ERROR] LogOutputStream:75 - [STDERR_REDIRECT] 
2025-03-04 10:40:46,264 [ERROR] LogOutputStream:75 - [STDERR_REDIRECT] [Fatal Error] :1:1: Premature end of file.
2025-03-04 10:40:46,265 [ERROR] LogOutputStream:75 - [STDERR_REDIRECT] 
2025-03-04 10:40:47,414 [ERROR] LogOutputStream:75 - [STDERR_REDIRECT] [Fatal Error] :1:1: Premature end of file.
2025-03-04 10:40:47,415 [ERROR] LogOutputStream:75 - [STDERR_REDIRECT] 
2025-03-04 10:40:48,290 [ERROR] LogOutputStream:75 - [STDERR_REDIRECT] [Fatal Error] :1:1: Premature end of file.
2025-03-04 10:40:48,290 [ERROR] LogOutputStream:75 - [STDERR_REDIRECT] 
2025-03-04 10:40:49,255 [ERROR] LogOutputStream:75 - [STDERR_REDIRECT] [Fatal Error] :1:1: Premature end of file.
2025-03-04 10:40:49,255 [ERROR] LogOutputStream:75 - [STDERR_REDIRECT] 
2025-03-04 10:40:50,235 [ERROR] LogOutputStream:75 - [STDERR_REDIRECT] [Fatal Error] :1:1: Premature end of file.
2025-03-04 10:40:50,236 [ERROR] LogOutputStream:75 - [STDERR_REDIRECT] 
2025-03-04 10:40:51,266 [ERROR] LogOutputStream:75 - [STDERR_REDIRECT] [Fatal Error] :1:1: Premature end of file.
2025-03-04 10:40:51,269 [ERROR] LogOutputStream:75 - [STDERR_REDIRECT] 
2025-03-04 10:40:52,241 [ERROR] LogOutputStream:75 - [STDERR_REDIRECT] [Fatal Error] :1:1: Premature end of file.
2025-03-04 10:40:52,243 [ERROR] LogOutputStream:75 - [STDERR_REDIRECT] 
2025-03-04 10:40:53,224 [ERROR] LogOutputStream:75 - [STDERR_REDIRECT] [Fatal Error] :1:1: Premature end of file.
2025-03-04 10:40:53,225 [ERROR] LogOutputStream:75 - [STDERR_REDIRECT] 
2025-03-04 10:40:54,239 [ERROR] LogOutputStream:75 - [STDERR_REDIRECT] [Fatal Error] :1:1: Premature end of file.
2025-03-04 10:40:54,240 [ERROR] LogOutputStream:75 - [STDERR_REDIRECT] 
2025-03-04 10:40:55,244 [ERROR] LogOutputStream:75 - [STDERR_REDIRECT] [Fatal Error] :1:1: Premature end of file.
2025-03-04 10:40:55,244 [ERROR] LogOutputStream:75 - [STDERR_REDIRECT] 
2025-03-04 10:40:56,245 [ERROR] LogOutputStream:75 - [STDERR_REDIRECT] [Fatal Error] :1:1: Premature end of file.
2025-03-04 10:40:56,246 [ERROR] LogOutputStream:75 - [STDERR_REDIRECT] 
2025-03-04 10:40:57,254 [ERROR] LogOutputStream:75 - [STDERR_REDIRECT] [Fatal Error] :1:1: Premature end of file.
2025-03-04 10:40:57,255 [ERROR] LogOutputStream:75 - [STDERR_REDIRECT] 
2025-03-04 10:40:58,245 [ERROR] LogOutputStream:75 - [STDERR_REDIRECT] [Fatal Error] :1:1: Premature end of file.
2025-03-04 10:40:58,246 [ERROR] LogOutputStream:75 - [STDERR_REDIRECT] 
2025-03-04 10:40:59,244 [ERROR] LogOutputStream:75 - [STDERR_REDIRECT] [Fatal Error] :1:1: Premature end of file.
2025-03-04 10:40:59,244 [ERROR] LogOutputStream:75 - [STDERR_REDIRECT] 
2025-03-04 10:41:00,259 [ERROR] LogOutputStream:75 - [STDERR_REDIRECT] [Fatal Error] :1:1: Premature end of file.
2025-03-04 10:41:00,259 [ERROR] LogOutputStream:75 - [STDERR_REDIRECT] 
2025-03-04 10:41:01,234 [ERROR] LogOutputStream:75 - [STDERR_REDIRECT] [Fatal Error] :1:1: Premature end of file.
2025-03-04 10:41:01,234 [ERROR] LogOutputStream:75 - [STDERR_REDIRECT] 
2025-03-04 10:41:02,257 [ERROR] LogOutputStream:75 - [STDERR_REDIRECT] [Fatal Error] :1:1: Premature end of file.
2025-03-04 10:41:02,257 [ERROR] LogOutputStream:75 - [STDERR_REDIRECT] 
2025-03-04 10:41:03,246 [ERROR] LogOutputStream:75 - [STDERR_REDIRECT] [Fatal Error] :1:1: Premature end of file.
2025-03-04 10:41:03,246 [ERROR] LogOutputStream:75 - [STDERR_REDIRECT] 
2025-03-04 10:41:04,248 [ERROR] LogOutputStream:75 - [STDERR_REDIRECT] [Fatal Error] :1:1: Premature end of file.
2025-03-04 10:41:04,249 [ERROR] LogOutputStream:75 - [STDERR_REDIRECT] 
2025-03-04 10:41:05,246 [ERROR] LogOutputStream:75 - [STDERR_REDIRECT] [Fatal Error] :1:1: Premature end of file.
2025-03-04 10:41:05,247 [ERROR] LogOutputStream:75 - [STDERR_REDIRECT] 
2025-03-04 10:41:06,244 [ERROR] LogOutputStream:75 - [STDERR_REDIRECT] [Fatal Error] :1:1: Premature end of file.
2025-03-04 10:41:06,244 [ERROR] LogOutputStream:75 - [STDERR_REDIRECT] 
2025-03-04 10:41:07,251 [ERROR] LogOutputStream:75 - [STDERR_REDIRECT] [Fatal Error] :1:1: Premature end of file.
2025-03-04 10:41:07,251 [ERROR] LogOutputStream:75 - [STDERR_REDIRECT] 
2025-03-04 10:41:08,238 [ERROR] LogOutputStream:75 - [STDERR_REDIRECT] [Fatal Error] :1:1: Premature end of file.
2025-03-04 10:41:08,239 [ERROR] LogOutputStream:75 - [STDERR_REDIRECT] 
2025-03-04 10:41:09,245 [ERROR] LogOutputStream:75 - [STDERR_REDIRECT] [Fatal Error] :1:1: Premature end of file.
2025-03-04 10:41:09,246 [ERROR] LogOutputStream:75 - [STDERR_REDIRECT] 
2025-03-04 10:41:10,252 [ERROR] LogOutputStream:75 - [STDERR_REDIRECT] [Fatal Error] :1:1: Premature end of file.
2025-03-04 10:41:10,253 [ERROR] LogOutputStream:75 - [STDERR_REDIRECT] 
2025-03-04 10:41:11,248 [ERROR] LogOutputStream:75 - [STDERR_REDIRECT] [Fatal Error] :1:1: Premature end of file.
2025-03-04 10:41:11,249 [ERROR] LogOutputStream:75 - [STDERR_REDIRECT] 
2025-03-04 10:41:12,237 [ERROR] LogOutputStream:75 - [STDERR_REDIRECT] [Fatal Error] :1:1: Premature end of file.
2025-03-04 10:41:12,237 [ERROR] LogOutputStream:75 - [STDERR_REDIRECT] 
2025-03-04 10:41:13,244 [ERROR] LogOutputStream:75 - [STDERR_REDIRECT] [Fatal Error] :1:1: Premature end of file.
2025-03-04 10:41:13,244 [ERROR] LogOutputStream:75 - [STDERR_REDIRECT] 
2025-03-04 10:41:14,248 [ERROR] LogOutputStream:75 - [STDERR_REDIRECT] [Fatal Error] :1:1: Premature end of file.
2025-03-04 10:41:14,248 [ERROR] LogOutputStream:75 - [STDERR_REDIRECT] 
2025-03-04 10:41:15,240 [ERROR] LogOutputStream:75 - [STDERR_REDIRECT] [Fatal Error] :1:1: Premature end of file.
2025-03-04 10:41:15,241 [ERROR] LogOutputStream:75 - [STDERR_REDIRECT] 
2025-03-04 10:41:16,250 [ERROR] LogOutputStream:75 - [STDERR_REDIRECT] [Fatal Error] :1:1: Premature end of file.
2025-03-04 10:41:16,250 [ERROR] LogOutputStream:75 - [STDERR_REDIRECT] 
2025-03-04 10:41:17,247 [ERROR] LogOutputStream:75 - [STDERR_REDIRECT] [Fatal Error] :1:1: Premature end of file.
2025-03-04 10:41:17,247 [ERROR] LogOutputStream:75 - [STDERR_REDIRECT] 
2025-03-04 10:41:18,269 [ERROR] LogOutputStream:75 - [STDERR_REDIRECT] [Fatal Error] :1:1: Premature end of file.
2025-03-04 10:41:18,269 [ERROR] LogOutputStream:75 - [STDERR_REDIRECT] 
2025-03-04 10:41:19,273 [ERROR] LogOutputStream:75 - [STDERR_REDIRECT] [Fatal Error] :1:1: Premature end of file.
2025-03-04 10:41:19,273 [ERROR] LogOutputStream:75 - [STDERR_REDIRECT] 
2025-03-04 10:41:20,267 [ERROR] LogOutputStream:75 - [STDERR_REDIRECT] [Fatal Error] :1:1: Premature end of file.
2025-03-04 10:41:20,268 [ERROR] LogOutputStream:75 - [STDERR_REDIRECT] 
2025-03-04 10:41:21,264 [ERROR] LogOutputStream:75 - [STDERR_REDIRECT] [Fatal Error] :1:1: Premature end of file.
2025-03-04 10:41:21,264 [ERROR] LogOutputStream:75 - [STDERR_REDIRECT] 
2025-03-04 10:41:22,259 [ERROR] LogOutputStream:75 - [STDERR_REDIRECT] [Fatal Error] :1:1: Premature end of file.
2025-03-04 10:41:22,260 [ERROR] LogOutputStream:75 - [STDERR_REDIRECT] 
2025-03-04 10:41:23,277 [ERROR] LogOutputStream:75 - [STDERR_REDIRECT] [Fatal Error] :1:1: Premature end of file.
2025-03-04 10:41:23,279 [ERROR] LogOutputStream:75 - [STDERR_REDIRECT] 
2025-03-04 10:41:24,266 [ERROR] LogOutputStream:75 - [STDERR_REDIRECT] [Fatal Error] :1:1: Premature end of file.
2025-03-04 10:41:24,266 [ERROR] LogOutputStream:75 - [STDERR_REDIRECT] 
2025-03-04 10:41:25,266 [ERROR] LogOutputStream:75 - [STDERR_REDIRECT] [Fatal Error] :1:1: Premature end of file.
2025-03-04 10:41:25,267 [ERROR] LogOutputStream:75 - [STDERR_REDIRECT] 
2025-03-04 10:41:26,261 [ERROR] LogOutputStream:75 - [STDERR_REDIRECT] [Fatal Error] :1:1: Premature end of file.
2025-03-04 10:41:26,261 [ERROR] LogOutputStream:75 - [STDERR_REDIRECT] 
2025-03-04 10:41:27,255 [ERROR] LogOutputStream:75 - [STDERR_REDIRECT] [Fatal Error] :1:1: Premature end of file.
2025-03-04 10:41:27,256 [ERROR] LogOutputStream:75 - [STDERR_REDIRECT] 
2025-03-04 10:41:28,267 [ERROR] LogOutputStream:75 - [STDERR_REDIRECT] [Fatal Error] :1:1: Premature end of file.
2025-03-04 10:41:28,267 [ERROR] LogOutputStream:75 - [STDERR_REDIRECT] 
2025-03-04 10:41:29,272 [ERROR] LogOutputStream:75 - [STDERR_REDIRECT] [Fatal Error] :1:1: Premature end of file.
2025-03-04 10:41:29,273 [ERROR] LogOutputStream:75 - [STDERR_REDIRECT] 
2025-03-04 10:41:30,270 [ERROR] LogOutputStream:75 - [STDERR_REDIRECT] [Fatal Error] :1:1: Premature end of file.
2025-03-04 10:41:30,271 [ERROR] LogOutputStream:75 - [STDERR_REDIRECT] 
2025-03-04 10:41:31,278 [ERROR] LogOutputStream:75 - [STDERR_REDIRECT] [Fatal Error] :1:1: Premature end of file.
2025-03-04 10:41:31,279 [ERROR] LogOutputStream:75 - [STDERR_REDIRECT] 
2025-03-04 10:41:32,265 [ERROR] LogOutputStream:75 - [STDERR_REDIRECT] [Fatal Error] :1:1: Premature end of file.
2025-03-04 10:41:32,265 [ERROR] LogOutputStream:75 - [STDERR_REDIRECT] 
2025-03-04 10:41:33,263 [ERROR] LogOutputStream:75 - [STDERR_REDIRECT] [Fatal Error] :1:1: Premature end of file.
2025-03-04 10:41:33,263 [ERROR] LogOutputStream:75 - [STDERR_REDIRECT] 
2025-03-04 10:41:34,267 [ERROR] LogOutputStream:75 - [STDERR_REDIRECT] [Fatal Error] :1:1: Premature end of file.
2025-03-04 10:41:34,267 [ERROR] LogOutputStream:75 - [STDERR_REDIRECT] 
2025-03-04 10:41:35,265 [ERROR] LogOutputStream:75 - [STDERR_REDIRECT] [Fatal Error] :1:1: Premature end of file.
2025-03-04 10:41:35,265 [ERROR] LogOutputStream:75 - [STDERR_REDIRECT] 
2025-03-04 10:41:36,277 [ERROR] LogOutputStream:75 - [STDERR_REDIRECT] [Fatal Error] :1:1: Premature end of file.
2025-03-04 10:41:36,278 [ERROR] LogOutputStream:75 - [STDERR_REDIRECT] 
2025-03-04 10:41:37,261 [ERROR] LogOutputStream:75 - [STDERR_REDIRECT] [Fatal Error] :1:1: Premature end of file.
2025-03-04 10:41:37,261 [ERROR] LogOutputStream:75 - [STDERR_REDIRECT] 
2025-03-04 10:41:38,272 [ERROR] LogOutputStream:75 - [STDERR_REDIRECT] [Fatal Error] :1:1: Premature end of file.
2025-03-04 10:41:38,273 [ERROR] LogOutputStream:75 - [STDERR_REDIRECT] 
2025-03-04 10:41:39,272 [ERROR] LogOutputStream:75 - [STDERR_REDIRECT] [Fatal Error] :1:1: Premature end of file.
2025-03-04 10:41:39,272 [ERROR] LogOutputStream:75 - [STDERR_REDIRECT] 
2025-03-04 10:41:40,261 [ERROR] LogOutputStream:75 - [STDERR_REDIRECT] [Fatal Error] :1:1: Premature end of file.
2025-03-04 10:41:40,262 [ERROR] LogOutputStream:75 - [STDERR_REDIRECT] 
2025-03-04 10:41:41,266 [ERROR] LogOutputStream:75 - [STDERR_REDIRECT] [Fatal Error] :1:1: Premature end of file.
2025-03-04 10:41:41,266 [ERROR] LogOutputStream:75 - [STDERR_REDIRECT] 
2025-03-04 10:41:42,287 [ERROR] LogOutputStream:75 - [STDERR_REDIRECT] [Fatal Error] :1:1: Premature end of file.
2025-03-04 10:41:42,288 [ERROR] LogOutputStream:75 - [STDERR_REDIRECT] 
2025-03-04 10:41:43,261 [ERROR] LogOutputStream:75 - [STDERR_REDIRECT] [Fatal Error] :1:1: Premature end of file.
2025-03-04 10:41:43,262 [ERROR] LogOutputStream:75 - [STDERR_REDIRECT] 
2025-03-04 10:41:44,256 [ERROR] LogOutputStream:75 - [STDERR_REDIRECT] [Fatal Error] :1:1: Premature end of file.
2025-03-04 10:41:44,256 [ERROR] LogOutputStream:75 - [STDERR_REDIRECT] 
2025-03-04 10:41:45,267 [ERROR] LogOutputStream:75 - [STDERR_REDIRECT] [Fatal Error] :1:1: Premature end of file.
2025-03-04 10:41:45,268 [ERROR] LogOutputStream:75 - [STDERR_REDIRECT] 
2025-03-04 10:41:46,263 [ERROR] LogOutputStream:75 - [STDERR_REDIRECT] [Fatal Error] :1:1: Premature end of file.
2025-03-04 10:41:46,263 [ERROR] LogOutputStream:75 - [STDERR_REDIRECT] 
2025-03-04 10:41:47,262 [ERROR] LogOutputStream:75 - [STDERR_REDIRECT] [Fatal Error] :1:1: Premature end of file.
2025-03-04 10:41:47,263 [ERROR] LogOutputStream:75 - [STDERR_REDIRECT] 
2025-03-04 10:41:48,247 [ERROR] LogOutputStream:75 - [STDERR_REDIRECT] [Fatal Error] :1:1: Premature end of file.
2025-03-04 10:41:48,248 [ERROR] LogOutputStream:75 - [STDERR_REDIRECT] 
2025-03-04 10:41:49,262 [ERROR] LogOutputStream:75 - [STDERR_REDIRECT] [Fatal Error] :1:1: Premature end of file.
2025-03-04 10:41:49,262 [ERROR] LogOutputStream:75 - [STDERR_REDIRECT] 
2025-03-04 10:41:50,267 [ERROR] LogOutputStream:75 - [STDERR_REDIRECT] [Fatal Error] :1:1: Premature end of file.
2025-03-04 10:41:50,267 [ERROR] LogOutputStream:75 - [STDERR_REDIRECT] 
2025-03-04 10:41:51,261 [ERROR] LogOutputStream:75 - [STDERR_REDIRECT] [Fatal Error] :1:1: Premature end of file.
2025-03-04 10:41:51,262 [ERROR] LogOutputStream:75 - [STDERR_REDIRECT] 
2025-03-04 10:41:52,269 [ERROR] LogOutputStream:75 - [STDERR_REDIRECT] [Fatal Error] :1:1: Premature end of file.
2025-03-04 10:41:52,269 [ERROR] LogOutputStream:75 - [STDERR_REDIRECT] 
2025-03-04 10:41:53,266 [ERROR] LogOutputStream:75 - [STDERR_REDIRECT] [Fatal Error] :1:1: Premature end of file.
2025-03-04 10:41:53,268 [ERROR] LogOutputStream:75 - [STDERR_REDIRECT] 
2025-03-04 10:41:54,275 [ERROR] LogOutputStream:75 - [STDERR_REDIRECT] [Fatal Error] :1:1: Premature end of file.
2025-03-04 10:41:54,275 [ERROR] LogOutputStream:75 - [STDERR_REDIRECT] 
2025-03-04 10:41:55,266 [ERROR] LogOutputStream:75 - [STDERR_REDIRECT] [Fatal Error] :1:1: Premature end of file.
2025-03-04 10:41:55,266 [ERROR] LogOutputStream:75 - [STDERR_REDIRECT] 
2025-03-04 10:41:56,270 [ERROR] LogOutputStream:75 - [STDERR_REDIRECT] [Fatal Error] :1:1: Premature end of file.
2025-03-04 10:41:56,270 [ERROR] LogOutputStream:75 - [STDERR_REDIRECT] 
2025-03-04 10:41:57,271 [ERROR] LogOutputStream:75 - [STDERR_REDIRECT] [Fatal Error] :1:1: Premature end of file.
2025-03-04 10:41:57,271 [ERROR] LogOutputStream:75 - [STDERR_REDIRECT] 
2025-03-04 10:41:58,270 [ERROR] LogOutputStream:75 - [STDERR_REDIRECT] [Fatal Error] :1:1: Premature end of file.
2025-03-04 10:41:58,270 [ERROR] LogOutputStream:75 - [STDERR_REDIRECT] 
2025-03-04 10:41:59,278 [ERROR] LogOutputStream:75 - [STDERR_REDIRECT] [Fatal Error] :1:1: Premature end of file.
2025-03-04 10:41:59,278 [ERROR] LogOutputStream:75 - [STDERR_REDIRECT] 
2025-03-04 10:42:00,259 [ERROR] LogOutputStream:75 - [STDERR_REDIRECT] [Fatal Error] :1:1: Premature end of file.
2025-03-04 10:42:00,259 [ERROR] LogOutputStream:75 - [STDERR_REDIRECT] 
2025-03-04 10:42:01,262 [ERROR] LogOutputStream:75 - [STDERR_REDIRECT] [Fatal Error] :1:1: Premature end of file.
2025-03-04 10:42:01,262 [ERROR] LogOutputStream:75 - [STDERR_REDIRECT] 
2025-03-04 10:42:02,255 [ERROR] LogOutputStream:75 - [STDERR_REDIRECT] [Fatal Error] :1:1: Premature end of file.
2025-03-04 10:42:02,256 [ERROR] LogOutputStream:75 - [STDERR_REDIRECT] 
2025-03-04 10:42:03,257 [ERROR] LogOutputStream:75 - [STDERR_REDIRECT] [Fatal Error] :1:1: Premature end of file.
2025-03-04 10:42:03,258 [ERROR] LogOutputStream:75 - [STDERR_REDIRECT] 
2025-03-04 10:42:04,258 [ERROR] LogOutputStream:75 - [STDERR_REDIRECT] [Fatal Error] :1:1: Premature end of file.
2025-03-04 10:42:04,259 [ERROR] LogOutputStream:75 - [STDERR_REDIRECT] 
2025-03-04 10:42:05,280 [ERROR] LogOutputStream:75 - [STDERR_REDIRECT] [Fatal Error] :1:1: Premature end of file.
2025-03-04 10:42:05,281 [ERROR] LogOutputStream:75 - [STDERR_REDIRECT] 
2025-03-04 10:42:06,271 [ERROR] LogOutputStream:75 - [STDERR_REDIRECT] [Fatal Error] :1:1: Premature end of file.
2025-03-04 10:42:06,272 [ERROR] LogOutputStream:75 - [STDERR_REDIRECT] 
2025-03-04 10:42:07,258 [ERROR] LogOutputStream:75 - [STDERR_REDIRECT] [Fatal Error] :1:1: Premature end of file.
2025-03-04 10:42:07,259 [ERROR] LogOutputStream:75 - [STDERR_REDIRECT] 
2025-03-04 10:42:08,253 [ERROR] LogOutputStream:75 - [STDERR_REDIRECT] [Fatal Error] :1:1: Premature end of file.
2025-03-04 10:42:08,253 [ERROR] LogOutputStream:75 - [STDERR_REDIRECT] 
2025-03-04 10:42:09,252 [ERROR] LogOutputStream:75 - [STDERR_REDIRECT] [Fatal Error] :1:1: Premature end of file.
2025-03-04 10:42:09,252 [ERROR] LogOutputStream:75 - [STDERR_REDIRECT] 
2025-03-04 10:42:10,273 [ERROR] LogOutputStream:75 - [STDERR_REDIRECT] [Fatal Error] :1:1: Premature end of file.
2025-03-04 10:42:10,274 [ERROR] LogOutputStream:75 - [STDERR_REDIRECT] 
2025-03-04 10:42:11,268 [ERROR] LogOutputStream:75 - [STDERR_REDIRECT] [Fatal Error] :1:1: Premature end of file.
2025-03-04 10:42:11,269 [ERROR] LogOutputStream:75 - [STDERR_REDIRECT] 
2025-03-04 10:42:12,267 [ERROR] LogOutputStream:75 - [STDERR_REDIRECT] [Fatal Error] :1:1: Premature end of file.
2025-03-04 10:42:12,267 [ERROR] LogOutputStream:75 - [STDERR_REDIRECT] 
2025-03-04 10:42:13,267 [ERROR] LogOutputStream:75 - [STDERR_REDIRECT] [Fatal Error] :1:1: Premature end of file.
2025-03-04 10:42:13,268 [ERROR] LogOutputStream:75 - [STDERR_REDIRECT] 
2025-03-04 10:42:14,281 [ERROR] LogOutputStream:75 - [STDERR_REDIRECT] [Fatal Error] :1:1: Premature end of file.
2025-03-04 10:42:14,282 [ERROR] LogOutputStream:75 - [STDERR_REDIRECT] 
2025-03-04 10:42:15,266 [ERROR] LogOutputStream:75 - [STDERR_REDIRECT] [Fatal Error] :1:1: Premature end of file.
2025-03-04 10:42:15,266 [ERROR] LogOutputStream:75 - [STDERR_REDIRECT] 
2025-03-04 10:42:16,269 [ERROR] LogOutputStream:75 - [STDERR_REDIRECT] [Fatal Error] :1:1: Premature end of file.
2025-03-04 10:42:16,270 [ERROR] LogOutputStream:75 - [STDERR_REDIRECT] 
2025-03-04 10:42:17,263 [ERROR] LogOutputStream:75 - [STDERR_REDIRECT] [Fatal Error] :1:1: Premature end of file.
2025-03-04 10:42:17,264 [ERROR] LogOutputStream:75 - [STDERR_REDIRECT] 
2025-03-04 10:42:18,265 [ERROR] LogOutputStream:75 - [STDERR_REDIRECT] [Fatal Error] :1:1: Premature end of file.
2025-03-04 10:42:18,265 [ERROR] LogOutputStream:75 - [STDERR_REDIRECT] 
2025-03-04 10:42:19,269 [ERROR] LogOutputStream:75 - [STDERR_REDIRECT] [Fatal Error] :1:1: Premature end of file.
2025-03-04 10:42:19,269 [ERROR] LogOutputStream:75 - [STDERR_REDIRECT] 
2025-03-04 10:42:20,276 [ERROR] LogOutputStream:75 - [STDERR_REDIRECT] [Fatal Error] :1:1: Premature end of file.
2025-03-04 10:42:20,277 [ERROR] LogOutputStream:75 - [STDERR_REDIRECT] 
2025-03-04 10:42:21,273 [ERROR] LogOutputStream:75 - [STDERR_REDIRECT] [Fatal Error] :1:1: Premature end of file.
2025-03-04 10:42:21,274 [ERROR] LogOutputStream:75 - [STDERR_REDIRECT] 
2025-03-04 10:42:22,267 [ERROR] LogOutputStream:75 - [STDERR_REDIRECT] [Fatal Error] :1:1: Premature end of file.
2025-03-04 10:42:22,267 [ERROR] LogOutputStream:75 - [STDERR_REDIRECT] 
2025-03-04 10:42:23,251 [ERROR] LogOutputStream:75 - [STDERR_REDIRECT] [Fatal Error] :1:1: Premature end of file.
2025-03-04 10:42:23,251 [ERROR] LogOutputStream:75 - [STDERR_REDIRECT] 
2025-03-04 10:42:24,254 [ERROR] LogOutputStream:75 - [STDERR_REDIRECT] [Fatal Error] :1:1: Premature end of file.
2025-03-04 10:42:24,255 [ERROR] LogOutputStream:75 - [STDERR_REDIRECT] 
2025-03-04 10:42:25,266 [ERROR] LogOutputStream:75 - [STDERR_REDIRECT] [Fatal Error] :1:1: Premature end of file.
2025-03-04 10:42:25,266 [ERROR] LogOutputStream:75 - [STDERR_REDIRECT] 
2025-03-04 10:42:26,271 [ERROR] LogOutputStream:75 - [STDERR_REDIRECT] [Fatal Error] :1:1: Premature end of file.
2025-03-04 10:42:26,271 [ERROR] LogOutputStream:75 - [STDERR_REDIRECT] 
2025-03-04 10:42:27,272 [ERROR] LogOutputStream:75 - [STDERR_REDIRECT] [Fatal Error] :1:1: Premature end of file.
2025-03-04 10:42:27,273 [ERROR] LogOutputStream:75 - [STDERR_REDIRECT] 
2025-03-04 10:42:28,269 [ERROR] LogOutputStream:75 - [STDERR_REDIRECT] [Fatal Error] :1:1: Premature end of file.
2025-03-04 10:42:28,269 [ERROR] LogOutputStream:75 - [STDERR_REDIRECT] 
2025-03-04 10:42:29,277 [ERROR] LogOutputStream:75 - [STDERR_REDIRECT] [Fatal Error] :1:1: Premature end of file.
2025-03-04 10:42:29,278 [ERROR] LogOutputStream:75 - [STDERR_REDIRECT] 
2025-03-04 10:42:30,266 [ERROR] LogOutputStream:75 - [STDERR_REDIRECT] [Fatal Error] :1:1: Premature end of file.
2025-03-04 10:42:30,267 [ERROR] LogOutputStream:75 - [STDERR_REDIRECT] 
2025-03-04 10:42:31,267 [ERROR] LogOutputStream:75 - [STDERR_REDIRECT] [Fatal Error] :1:1: Premature end of file.
2025-03-04 10:42:31,268 [ERROR] LogOutputStream:75 - [STDERR_REDIRECT] 
2025-03-04 10:42:32,249 [ERROR] LogOutputStream:75 - [STDERR_REDIRECT] [Fatal Error] :1:1: Premature end of file.
2025-03-04 10:42:32,249 [ERROR] LogOutputStream:75 - [STDERR_REDIRECT] 
2025-03-04 10:42:33,253 [ERROR] LogOutputStream:75 - [STDERR_REDIRECT] [Fatal Error] :1:1: Premature end of file.
2025-03-04 10:42:33,253 [ERROR] LogOutputStream:75 - [STDERR_REDIRECT] 
2025-03-04 10:42:34,257 [ERROR] LogOutputStream:75 - [STDERR_REDIRECT] [Fatal Error] :1:1: Premature end of file.
2025-03-04 10:42:34,257 [ERROR] LogOutputStream:75 - [STDERR_REDIRECT] 
2025-03-04 10:42:35,260 [ERROR] LogOutputStream:75 - [STDERR_REDIRECT] [Fatal Error] :1:1: Premature end of file.
2025-03-04 10:42:35,262 [ERROR] LogOutputStream:75 - [STDERR_REDIRECT] 
2025-03-04 10:42:36,259 [ERROR] LogOutputStream:75 - [STDERR_REDIRECT] [Fatal Error] :1:1: Premature end of file.
2025-03-04 10:42:36,260 [ERROR] LogOutputStream:75 - [STDERR_REDIRECT] 
2025-03-04 10:42:37,262 [ERROR] LogOutputStream:75 - [STDERR_REDIRECT] [Fatal Error] :1:1: Premature end of file.
2025-03-04 10:42:37,263 [ERROR] LogOutputStream:75 - [STDERR_REDIRECT] 
2025-03-04 10:42:38,262 [ERROR] LogOutputStream:75 - [STDERR_REDIRECT] [Fatal Error] :1:1: Premature end of file.
2025-03-04 10:42:38,262 [ERROR] LogOutputStream:75 - [STDERR_REDIRECT] 
2025-03-04 10:42:39,287 [ERROR] LogOutputStream:75 - [STDERR_REDIRECT] [Fatal Error] :1:1: Premature end of file.
2025-03-04 10:42:39,288 [ERROR] LogOutputStream:75 - [STDERR_REDIRECT] 
2025-03-04 10:42:40,274 [ERROR] LogOutputStream:75 - [STDERR_REDIRECT] [Fatal Error] :1:1: Premature end of file.
2025-03-04 10:42:40,275 [ERROR] LogOutputStream:75 - [STDERR_REDIRECT] 
2025-03-04 10:42:41,272 [ERROR] LogOutputStream:75 - [STDERR_REDIRECT] [Fatal Error] :1:1: Premature end of file.
2025-03-04 10:42:41,273 [ERROR] LogOutputStream:75 - [STDERR_REDIRECT] 
2025-03-04 10:42:42,257 [ERROR] LogOutputStream:75 - [STDERR_REDIRECT] [Fatal Error] :1:1: Premature end of file.
2025-03-04 10:42:42,257 [ERROR] LogOutputStream:75 - [STDERR_REDIRECT] 
2025-03-04 10:42:43,271 [ERROR] LogOutputStream:75 - [STDERR_REDIRECT] [Fatal Error] :1:1: Premature end of file.
2025-03-04 10:42:43,272 [ERROR] LogOutputStream:75 - [STDERR_REDIRECT] 
2025-03-04 10:42:44,256 [ERROR] LogOutputStream:75 - [STDERR_REDIRECT] [Fatal Error] :1:1: Premature end of file.
2025-03-04 10:42:44,257 [ERROR] LogOutputStream:75 - [STDERR_REDIRECT] 
2025-03-04 10:42:45,265 [ERROR] LogOutputStream:75 - [STDERR_REDIRECT] [Fatal Error] :1:1: Premature end of file.
2025-03-04 10:42:45,267 [ERROR] LogOutputStream:75 - [STDERR_REDIRECT] 
2025-03-04 10:42:46,271 [ERROR] LogOutputStream:75 - [STDERR_REDIRECT] [Fatal Error] :1:1: Premature end of file.
2025-03-04 10:42:46,272 [ERROR] LogOutputStream:75 - [STDERR_REDIRECT] 
2025-03-04 10:42:47,274 [ERROR] LogOutputStream:75 - [STDERR_REDIRECT] [Fatal Error] :1:1: Premature end of file.
2025-03-04 10:42:47,274 [ERROR] LogOutputStream:75 - [STDERR_REDIRECT] 
2025-03-04 10:42:48,268 [ERROR] LogOutputStream:75 - [STDERR_REDIRECT] [Fatal Error] :1:1: Premature end of file.
2025-03-04 10:42:48,269 [ERROR] LogOutputStream:75 - [STDERR_REDIRECT] 
2025-03-04 10:42:49,274 [ERROR] LogOutputStream:75 - [STDERR_REDIRECT] [Fatal Error] :1:1: Premature end of file.
2025-03-04 10:42:49,275 [ERROR] LogOutputStream:75 - [STDERR_REDIRECT] 
2025-03-04 10:42:50,270 [ERROR] LogOutputStream:75 - [STDERR_REDIRECT] [Fatal Error] :1:1: Premature end of file.
2025-03-04 10:42:50,271 [ERROR] LogOutputStream:75 - [STDERR_REDIRECT] 
2025-03-04 10:42:51,265 [ERROR] LogOutputStream:75 - [STDERR_REDIRECT] [Fatal Error] :1:1: Premature end of file.
2025-03-04 10:42:51,266 [ERROR] LogOutputStream:75 - [STDERR_REDIRECT] 
2025-03-04 10:42:52,253 [ERROR] LogOutputStream:75 - [STDERR_REDIRECT] [Fatal Error] :1:1: Premature end of file.
2025-03-04 10:42:52,254 [ERROR] LogOutputStream:75 - [STDERR_REDIRECT] 
2025-03-04 10:42:53,276 [ERROR] LogOutputStream:75 - [STDERR_REDIRECT] [Fatal Error] :1:1: Premature end of file.
2025-03-04 10:42:53,276 [ERROR] LogOutputStream:75 - [STDERR_REDIRECT] 
2025-03-04 10:42:54,275 [ERROR] LogOutputStream:75 - [STDERR_REDIRECT] [Fatal Error] :1:1: Premature end of file.
2025-03-04 10:42:54,277 [ERROR] LogOutputStream:75 - [STDERR_REDIRECT] 
2025-03-04 10:42:55,262 [ERROR] LogOutputStream:75 - [STDERR_REDIRECT] [Fatal Error] :1:1: Premature end of file.
2025-03-04 10:42:55,263 [ERROR] LogOutputStream:75 - [STDERR_REDIRECT] 
2025-03-04 10:42:56,266 [ERROR] LogOutputStream:75 - [STDERR_REDIRECT] [Fatal Error] :1:1: Premature end of file.
2025-03-04 10:42:56,267 [ERROR] LogOutputStream:75 - [STDERR_REDIRECT] 
2025-03-04 10:42:57,268 [ERROR] LogOutputStream:75 - [STDERR_REDIRECT] [Fatal Error] :1:1: Premature end of file.
2025-03-04 10:42:57,268 [ERROR] LogOutputStream:75 - [STDERR_REDIRECT] 
2025-03-04 10:42:58,274 [ERROR] LogOutputStream:75 - [STDERR_REDIRECT] [Fatal Error] :1:1: Premature end of file.
2025-03-04 10:42:58,274 [ERROR] LogOutputStream:75 - [STDERR_REDIRECT] 
2025-03-04 10:42:59,263 [ERROR] LogOutputStream:75 - [STDERR_REDIRECT] [Fatal Error] :1:1: Premature end of file.
2025-03-04 10:42:59,264 [ERROR] LogOutputStream:75 - [STDERR_REDIRECT] 
2025-03-04 10:43:00,273 [ERROR] LogOutputStream:75 - [STDERR_REDIRECT] [Fatal Error] :1:1: Premature end of file.
2025-03-04 10:43:00,273 [ERROR] LogOutputStream:75 - [STDERR_REDIRECT] 
2025-03-04 10:43:01,273 [ERROR] LogOutputStream:75 - [STDERR_REDIRECT] [Fatal Error] :1:1: Premature end of file.
2025-03-04 10:43:01,273 [ERROR] LogOutputStream:75 - [STDERR_REDIRECT] 
2025-03-04 10:43:02,267 [ERROR] LogOutputStream:75 - [STDERR_REDIRECT] [Fatal Error] :1:1: Premature end of file.
2025-03-04 10:43:02,268 [ERROR] LogOutputStream:75 - [STDERR_REDIRECT] 
2025-03-04 10:43:03,264 [ERROR] LogOutputStream:75 - [STDERR_REDIRECT] [Fatal Error] :1:1: Premature end of file.
2025-03-04 10:43:03,264 [ERROR] LogOutputStream:75 - [STDERR_REDIRECT] 
2025-03-04 10:43:04,254 [ERROR] LogOutputStream:75 - [STDERR_REDIRECT] [Fatal Error] :1:1: Premature end of file.
2025-03-04 10:43:04,255 [ERROR] LogOutputStream:75 - [STDERR_REDIRECT] 
2025-03-04 10:43:05,254 [ERROR] LogOutputStream:75 - [STDERR_REDIRECT] [Fatal Error] :1:1: Premature end of file.
2025-03-04 10:43:05,255 [ERROR] LogOutputStream:75 - [STDERR_REDIRECT] 
2025-03-04 10:43:06,257 [ERROR] LogOutputStream:75 - [STDERR_REDIRECT] [Fatal Error] :1:1: Premature end of file.
2025-03-04 10:43:06,258 [ERROR] LogOutputStream:75 - [STDERR_REDIRECT] 
2025-03-04 10:43:07,268 [ERROR] LogOutputStream:75 - [STDERR_REDIRECT] [Fatal Error] :1:1: Premature end of file.
2025-03-04 10:43:07,268 [ERROR] LogOutputStream:75 - [STDERR_REDIRECT] 
2025-03-04 10:43:08,266 [ERROR] LogOutputStream:75 - [STDERR_REDIRECT] [Fatal Error] :1:1: Premature end of file.
2025-03-04 10:43:08,267 [ERROR] LogOutputStream:75 - [STDERR_REDIRECT] 
2025-03-04 10:43:09,269 [ERROR] LogOutputStream:75 - [STDERR_REDIRECT] [Fatal Error] :1:1: Premature end of file.
2025-03-04 10:43:09,270 [ERROR] LogOutputStream:75 - [STDERR_REDIRECT] 
2025-03-04 10:43:10,261 [ERROR] LogOutputStream:75 - [STDERR_REDIRECT] [Fatal Error] :1:1: Premature end of file.
2025-03-04 10:43:10,262 [ERROR] LogOutputStream:75 - [STDERR_REDIRECT] 
2025-03-04 10:43:11,268 [ERROR] LogOutputStream:75 - [STDERR_REDIRECT] [Fatal Error] :1:1: Premature end of file.
2025-03-04 10:43:11,268 [ERROR] LogOutputStream:75 - [STDERR_REDIRECT] 
2025-03-04 10:43:12,274 [ERROR] LogOutputStream:75 - [STDERR_REDIRECT] [Fatal Error] :1:1: Premature end of file.
2025-03-04 10:43:12,274 [ERROR] LogOutputStream:75 - [STDERR_REDIRECT] 
2025-03-04 10:43:13,254 [ERROR] LogOutputStream:75 - [STDERR_REDIRECT] [Fatal Error] :1:1: Premature end of file.
2025-03-04 10:43:13,254 [ERROR] LogOutputStream:75 - [STDERR_REDIRECT] 
2025-03-04 10:43:14,273 [ERROR] LogOutputStream:75 - [STDERR_REDIRECT] [Fatal Error] :1:1: Premature end of file.
2025-03-04 10:43:14,274 [ERROR] LogOutputStream:75 - [STDERR_REDIRECT] 
2025-03-04 10:43:15,264 [ERROR] LogOutputStream:75 - [STDERR_REDIRECT] [Fatal Error] :1:1: Premature end of file.
2025-03-04 10:43:15,264 [ERROR] LogOutputStream:75 - [STDERR_REDIRECT] 
2025-03-04 10:43:16,252 [ERROR] LogOutputStream:75 - [STDERR_REDIRECT] [Fatal Error] :1:1: Premature end of file.
2025-03-04 10:43:16,253 [ERROR] LogOutputStream:75 - [STDERR_REDIRECT] 
2025-03-04 10:43:17,268 [ERROR] LogOutputStream:75 - [STDERR_REDIRECT] [Fatal Error] :1:1: Premature end of file.
2025-03-04 10:43:17,269 [ERROR] LogOutputStream:75 - [STDERR_REDIRECT] 
2025-03-04 10:43:18,271 [ERROR] LogOutputStream:75 - [STDERR_REDIRECT] [Fatal Error] :1:1: Premature end of file.
2025-03-04 10:43:18,271 [ERROR] LogOutputStream:75 - [STDERR_REDIRECT] 
2025-03-04 10:43:19,263 [ERROR] LogOutputStream:75 - [STDERR_REDIRECT] [Fatal Error] :1:1: Premature end of file.
2025-03-04 10:43:19,263 [ERROR] LogOutputStream:75 - [STDERR_REDIRECT] 
2025-03-04 10:43:20,268 [ERROR] LogOutputStream:75 - [STDERR_REDIRECT] [Fatal Error] :1:1: Premature end of file.
2025-03-04 10:43:20,268 [ERROR] LogOutputStream:75 - [STDERR_REDIRECT] 
2025-03-04 10:43:21,266 [ERROR] LogOutputStream:75 - [STDERR_REDIRECT] [Fatal Error] :1:1: Premature end of file.
2025-03-04 10:43:21,266 [ERROR] LogOutputStream:75 - [STDERR_REDIRECT] 
2025-03-04 10:43:22,262 [ERROR] LogOutputStream:75 - [STDERR_REDIRECT] [Fatal Error] :1:1: Premature end of file.
2025-03-04 10:43:22,262 [ERROR] LogOutputStream:75 - [STDERR_REDIRECT] 
2025-03-04 10:43:23,263 [ERROR] LogOutputStream:75 - [STDERR_REDIRECT] [Fatal Error] :1:1: Premature end of file.
2025-03-04 10:43:23,263 [ERROR] LogOutputStream:75 - [STDERR_REDIRECT] 
2025-03-04 10:43:24,273 [ERROR] LogOutputStream:75 - [STDERR_REDIRECT] [Fatal Error] :1:1: Premature end of file.
2025-03-04 10:43:24,274 [ERROR] LogOutputStream:75 - [STDERR_REDIRECT] 
2025-03-04 10:43:25,264 [ERROR] LogOutputStream:75 - [STDERR_REDIRECT] [Fatal Error] :1:1: Premature end of file.
2025-03-04 10:43:25,265 [ERROR] LogOutputStream:75 - [STDERR_REDIRECT] 
2025-03-04 10:43:26,259 [ERROR] LogOutputStream:75 - [STDERR_REDIRECT] [Fatal Error] :1:1: Premature end of file.
2025-03-04 10:43:26,260 [ERROR] LogOutputStream:75 - [STDERR_REDIRECT] 
2025-03-04 10:43:27,267 [ERROR] LogOutputStream:75 - [STDERR_REDIRECT] [Fatal Error] :1:1: Premature end of file.
2025-03-04 10:43:27,267 [ERROR] LogOutputStream:75 - [STDERR_REDIRECT] 
2025-03-04 10:43:28,266 [ERROR] LogOutputStream:75 - [STDERR_REDIRECT] [Fatal Error] :1:1: Premature end of file.
2025-03-04 10:43:28,267 [ERROR] LogOutputStream:75 - [STDERR_REDIRECT] 
2025-03-04 10:43:29,274 [ERROR] LogOutputStream:75 - [STDERR_REDIRECT] [Fatal Error] :1:1: Premature end of file.
2025-03-04 10:43:29,275 [ERROR] LogOutputStream:75 - [STDERR_REDIRECT] 
2025-03-04 10:43:30,263 [ERROR] LogOutputStream:75 - [STDERR_REDIRECT] [Fatal Error] :1:1: Premature end of file.
2025-03-04 10:43:30,264 [ERROR] LogOutputStream:75 - [STDERR_REDIRECT] 
2025-03-04 10:43:31,265 [ERROR] LogOutputStream:75 - [STDERR_REDIRECT] [Fatal Error] :1:1: Premature end of file.
2025-03-04 10:43:31,265 [ERROR] LogOutputStream:75 - [STDERR_REDIRECT] 
2025-03-04 10:43:32,254 [ERROR] LogOutputStream:75 - [STDERR_REDIRECT] [Fatal Error] :1:1: Premature end of file.
2025-03-04 10:43:32,254 [ERROR] LogOutputStream:75 - [STDERR_REDIRECT] 
2025-03-04 10:43:33,259 [ERROR] LogOutputStream:75 - [STDERR_REDIRECT] [Fatal Error] :1:1: Premature end of file.
2025-03-04 10:43:33,260 [ERROR] LogOutputStream:75 - [STDERR_REDIRECT] 
2025-03-04 10:43:34,270 [ERROR] LogOutputStream:75 - [STDERR_REDIRECT] [Fatal Error] :1:1: Premature end of file.
2025-03-04 10:43:34,271 [ERROR] LogOutputStream:75 - [STDERR_REDIRECT] 
2025-03-04 10:43:35,273 [ERROR] LogOutputStream:75 - [STDERR_REDIRECT] [Fatal Error] :1:1: Premature end of file.
2025-03-04 10:43:35,273 [ERROR] LogOutputStream:75 - [STDERR_REDIRECT] 
2025-03-04 10:43:36,270 [ERROR] LogOutputStream:75 - [STDERR_REDIRECT] [Fatal Error] :1:1: Premature end of file.
2025-03-04 10:43:36,270 [ERROR] LogOutputStream:75 - [STDERR_REDIRECT] 
2025-03-04 10:43:37,259 [ERROR] LogOutputStream:75 - [STDERR_REDIRECT] [Fatal Error] :1:1: Premature end of file.
2025-03-04 10:43:37,260 [ERROR] LogOutputStream:75 - [STDERR_REDIRECT] 
2025-03-04 10:43:38,265 [ERROR] LogOutputStream:75 - [STDERR_REDIRECT] [Fatal Error] :1:1: Premature end of file.
2025-03-04 10:43:38,266 [ERROR] LogOutputStream:75 - [STDERR_REDIRECT] 
2025-03-04 10:43:39,270 [ERROR] LogOutputStream:75 - [STDERR_REDIRECT] [Fatal Error] :1:1: Premature end of file.
2025-03-04 10:43:39,270 [ERROR] LogOutputStream:75 - [STDERR_REDIRECT] 
2025-03-04 10:43:40,272 [ERROR] LogOutputStream:75 - [STDERR_REDIRECT] [Fatal Error] :1:1: Premature end of file.
2025-03-04 10:43:40,273 [ERROR] LogOutputStream:75 - [STDERR_REDIRECT] 
2025-03-04 10:43:41,252 [ERROR] LogOutputStream:75 - [STDERR_REDIRECT] [Fatal Error] :1:1: Premature end of file.
2025-03-04 10:43:41,253 [ERROR] LogOutputStream:75 - [STDERR_REDIRECT] 
2025-03-04 10:43:42,255 [ERROR] LogOutputStream:75 - [STDERR_REDIRECT] [Fatal Error] :1:1: Premature end of file.
2025-03-04 10:43:42,256 [ERROR] LogOutputStream:75 - [STDERR_REDIRECT] 
2025-03-04 10:43:43,264 [ERROR] LogOutputStream:75 - [STDERR_REDIRECT] [Fatal Error] :1:1: Premature end of file.
2025-03-04 10:43:43,264 [ERROR] LogOutputStream:75 - [STDERR_REDIRECT] 
2025-03-04 10:43:44,255 [ERROR] LogOutputStream:75 - [STDERR_REDIRECT] [Fatal Error] :1:1: Premature end of file.
2025-03-04 10:43:44,255 [ERROR] LogOutputStream:75 - [STDERR_REDIRECT] 
2025-03-04 10:43:45,269 [ERROR] LogOutputStream:75 - [STDERR_REDIRECT] [Fatal Error] :1:1: Premature end of file.
2025-03-04 10:43:45,270 [ERROR] LogOutputStream:75 - [STDERR_REDIRECT] 
2025-03-04 10:43:46,291 [ERROR] LogOutputStream:75 - [STDERR_REDIRECT] [Fatal Error] :1:1: Premature end of file.
2025-03-04 10:43:46,292 [ERROR] LogOutputStream:75 - [STDERR_REDIRECT] 
2025-03-04 10:43:47,273 [ERROR] LogOutputStream:75 - [STDERR_REDIRECT] [Fatal Error] :1:1: Premature end of file.
2025-03-04 10:43:47,274 [ERROR] LogOutputStream:75 - [STDERR_REDIRECT] 
2025-03-04 10:43:48,267 [ERROR] LogOutputStream:75 - [STDERR_REDIRECT] [Fatal Error] :1:1: Premature end of file.
2025-03-04 10:43:48,267 [ERROR] LogOutputStream:75 - [STDERR_REDIRECT] 
2025-03-04 10:43:49,277 [ERROR] LogOutputStream:75 - [STDERR_REDIRECT] [Fatal Error] :1:1: Premature end of file.
2025-03-04 10:43:49,278 [ERROR] LogOutputStream:75 - [STDERR_REDIRECT] 
2025-03-04 10:43:50,265 [ERROR] LogOutputStream:75 - [STDERR_REDIRECT] [Fatal Error] :1:1: Premature end of file.
2025-03-04 10:43:50,266 [ERROR] LogOutputStream:75 - [STDERR_REDIRECT] 
2025-03-04 10:43:51,325 [ERROR] LogOutputStream:75 - [STDERR_REDIRECT] [Fatal Error] :1:1: Premature end of file.
2025-03-04 10:43:51,328 [ERROR] LogOutputStream:75 - [STDERR_REDIRECT] 
2025-03-04 10:43:52,338 [ERROR] LogOutputStream:75 - [STDERR_REDIRECT] [Fatal Error] :1:1: Premature end of file.
2025-03-04 10:43:52,339 [ERROR] LogOutputStream:75 - [STDERR_REDIRECT] 
2025-03-04 10:43:53,268 [ERROR] LogOutputStream:75 - [STDERR_REDIRECT] [Fatal Error] :1:1: Premature end of file.
2025-03-04 10:43:53,270 [ERROR] LogOutputStream:75 - [STDERR_REDIRECT] 
2025-03-04 10:43:54,270 [ERROR] LogOutputStream:75 - [STDERR_REDIRECT] [Fatal Error] :1:1: Premature end of file.
2025-03-04 10:43:54,270 [ERROR] LogOutputStream:75 - [STDERR_REDIRECT] 
2025-03-04 10:43:55,275 [ERROR] LogOutputStream:75 - [STDERR_REDIRECT] [Fatal Error] :1:1: Premature end of file.
2025-03-04 10:43:55,275 [ERROR] LogOutputStream:75 - [STDERR_REDIRECT] 
2025-03-04 10:43:56,267 [ERROR] LogOutputStream:75 - [STDERR_REDIRECT] [Fatal Error] :1:1: Premature end of file.
2025-03-04 10:43:56,267 [ERROR] LogOutputStream:75 - [STDERR_REDIRECT] 
2025-03-04 10:43:57,279 [ERROR] LogOutputStream:75 - [STDERR_REDIRECT] [Fatal Error] :1:1: Premature end of file.
2025-03-04 10:43:57,279 [ERROR] LogOutputStream:75 - [STDERR_REDIRECT] 
2025-03-04 10:43:58,265 [ERROR] LogOutputStream:75 - [STDERR_REDIRECT] [Fatal Error] :1:1: Premature end of file.
2025-03-04 10:43:58,265 [ERROR] LogOutputStream:75 - [STDERR_REDIRECT] 
2025-03-04 10:43:59,273 [ERROR] LogOutputStream:75 - [STDERR_REDIRECT] [Fatal Error] :1:1: Premature end of file.
2025-03-04 10:43:59,273 [ERROR] LogOutputStream:75 - [STDERR_REDIRECT] 
2025-03-04 10:44:00,248 [ERROR] LogOutputStream:75 - [STDERR_REDIRECT] [Fatal Error] :1:1: Premature end of file.
2025-03-04 10:44:00,248 [ERROR] LogOutputStream:75 - [STDERR_REDIRECT] 
2025-03-04 10:44:01,255 [ERROR] LogOutputStream:75 - [STDERR_REDIRECT] [Fatal Error] :1:1: Premature end of file.
2025-03-04 10:44:01,255 [ERROR] LogOutputStream:75 - [STDERR_REDIRECT] 
2025-03-04 10:44:02,260 [ERROR] LogOutputStream:75 - [STDERR_REDIRECT] [Fatal Error] :1:1: Premature end of file.
2025-03-04 10:44:02,260 [ERROR] LogOutputStream:75 - [STDERR_REDIRECT] 
2025-03-04 10:44:03,263 [ERROR] LogOutputStream:75 - [STDERR_REDIRECT] [Fatal Error] :1:1: Premature end of file.
2025-03-04 10:44:03,263 [ERROR] LogOutputStream:75 - [STDERR_REDIRECT] 
2025-03-04 10:44:04,278 [ERROR] LogOutputStream:75 - [STDERR_REDIRECT] [Fatal Error] :1:1: Premature end of file.
2025-03-04 10:44:04,278 [ERROR] LogOutputStream:75 - [STDERR_REDIRECT] 
2025-03-04 10:44:05,276 [ERROR] LogOutputStream:75 - [STDERR_REDIRECT] [Fatal Error] :1:1: Premature end of file.
2025-03-04 10:44:05,276 [ERROR] LogOutputStream:75 - [STDERR_REDIRECT] 
2025-03-04 10:44:06,272 [ERROR] LogOutputStream:75 - [STDERR_REDIRECT] [Fatal Error] :1:1: Premature end of file.
2025-03-04 10:44:06,274 [ERROR] LogOutputStream:75 - [STDERR_REDIRECT] 
2025-03-04 10:44:07,261 [ERROR] LogOutputStream:75 - [STDERR_REDIRECT] [Fatal Error] :1:1: Premature end of file.
2025-03-04 10:44:07,261 [ERROR] LogOutputStream:75 - [STDERR_REDIRECT] 
2025-03-04 10:44:08,283 [ERROR] LogOutputStream:75 - [STDERR_REDIRECT] [Fatal Error] :1:1: Premature end of file.
2025-03-04 10:44:08,283 [ERROR] LogOutputStream:75 - [STDERR_REDIRECT] 
2025-03-04 10:44:09,247 [ERROR] LogOutputStream:75 - [STDERR_REDIRECT] [Fatal Error] :1:1: Premature end of file.
2025-03-04 10:44:09,247 [ERROR] LogOutputStream:75 - [STDERR_REDIRECT] 
2025-03-04 10:44:10,270 [ERROR] LogOutputStream:75 - [STDERR_REDIRECT] [Fatal Error] :1:1: Premature end of file.
2025-03-04 10:44:10,270 [ERROR] LogOutputStream:75 - [STDERR_REDIRECT] 
2025-03-04 10:44:11,266 [ERROR] LogOutputStream:75 - [STDERR_REDIRECT] [Fatal Error] :1:1: Premature end of file.
2025-03-04 10:44:11,266 [ERROR] LogOutputStream:75 - [STDERR_REDIRECT] 
2025-03-04 10:44:12,262 [ERROR] LogOutputStream:75 - [STDERR_REDIRECT] [Fatal Error] :1:1: Premature end of file.
2025-03-04 10:44:12,262 [ERROR] LogOutputStream:75 - [STDERR_REDIRECT] 
2025-03-04 10:44:13,263 [ERROR] LogOutputStream:75 - [STDERR_REDIRECT] [Fatal Error] :1:1: Premature end of file.
2025-03-04 10:44:13,263 [ERROR] LogOutputStream:75 - [STDERR_REDIRECT] 
2025-03-04 10:44:14,265 [ERROR] LogOutputStream:75 - [STDERR_REDIRECT] [Fatal Error] :1:1: Premature end of file.
2025-03-04 10:44:14,266 [ERROR] LogOutputStream:75 - [STDERR_REDIRECT] 
2025-03-04 10:44:15,256 [ERROR] LogOutputStream:75 - [STDERR_REDIRECT] [Fatal Error] :1:1: Premature end of file.
2025-03-04 10:44:15,256 [ERROR] LogOutputStream:75 - [STDERR_REDIRECT] 
2025-03-04 10:44:16,268 [ERROR] LogOutputStream:75 - [STDERR_REDIRECT] [Fatal Error] :1:1: Premature end of file.
2025-03-04 10:44:16,268 [ERROR] LogOutputStream:75 - [STDERR_REDIRECT] 
2025-03-04 10:44:17,246 [ERROR] LogOutputStream:75 - [STDERR_REDIRECT] [Fatal Error] :1:1: Premature end of file.
2025-03-04 10:44:17,246 [ERROR] LogOutputStream:75 - [STDERR_REDIRECT] 
2025-03-04 10:44:18,255 [ERROR] LogOutputStream:75 - [STDERR_REDIRECT] [Fatal Error] :1:1: Premature end of file.
2025-03-04 10:44:18,255 [ERROR] LogOutputStream:75 - [STDERR_REDIRECT] 
2025-03-04 10:44:19,272 [ERROR] LogOutputStream:75 - [STDERR_REDIRECT] [Fatal Error] :1:1: Premature end of file.
2025-03-04 10:44:19,272 [ERROR] LogOutputStream:75 - [STDERR_REDIRECT] 
2025-03-04 10:44:20,270 [ERROR] LogOutputStream:75 - [STDERR_REDIRECT] [Fatal Error] :1:1: Premature end of file.
2025-03-04 10:44:20,270 [ERROR] LogOutputStream:75 - [STDERR_REDIRECT] 
2025-03-04 10:44:21,267 [ERROR] LogOutputStream:75 - [STDERR_REDIRECT] [Fatal Error] :1:1: Premature end of file.
2025-03-04 10:44:21,267 [ERROR] LogOutputStream:75 - [STDERR_REDIRECT] 
2025-03-04 10:44:22,269 [ERROR] LogOutputStream:75 - [STDERR_REDIRECT] [Fatal Error] :1:1: Premature end of file.
2025-03-04 10:44:22,269 [ERROR] LogOutputStream:75 - [STDERR_REDIRECT] 
2025-03-04 10:44:23,263 [ERROR] LogOutputStream:75 - [STDERR_REDIRECT] [Fatal Error] :1:1: Premature end of file.
2025-03-04 10:44:23,263 [ERROR] LogOutputStream:75 - [STDERR_REDIRECT] 
2025-03-04 10:44:24,262 [ERROR] LogOutputStream:75 - [STDERR_REDIRECT] [Fatal Error] :1:1: Premature end of file.
2025-03-04 10:44:24,262 [ERROR] LogOutputStream:75 - [STDERR_REDIRECT] 
2025-03-04 10:44:25,274 [ERROR] LogOutputStream:75 - [STDERR_REDIRECT] [Fatal Error] :1:1: Premature end of file.
2025-03-04 10:44:25,274 [ERROR] LogOutputStream:75 - [STDERR_REDIRECT] 
2025-03-04 10:44:26,267 [ERROR] LogOutputStream:75 - [STDERR_REDIRECT] [Fatal Error] :1:1: Premature end of file.
2025-03-04 10:44:26,267 [ERROR] LogOutputStream:75 - [STDERR_REDIRECT] 
2025-03-04 10:44:27,269 [ERROR] LogOutputStream:75 - [STDERR_REDIRECT] [Fatal Error] :1:1: Premature end of file.
2025-03-04 10:44:27,269 [ERROR] LogOutputStream:75 - [STDERR_REDIRECT] 
2025-03-04 10:44:28,258 [ERROR] LogOutputStream:75 - [STDERR_REDIRECT] [Fatal Error] :1:1: Premature end of file.
2025-03-04 10:44:28,259 [ERROR] LogOutputStream:75 - [STDERR_REDIRECT] 
2025-03-04 10:44:29,270 [ERROR] LogOutputStream:75 - [STDERR_REDIRECT] [Fatal Error] :1:1: Premature end of file.
2025-03-04 10:44:29,271 [ERROR] LogOutputStream:75 - [STDERR_REDIRECT] 
2025-03-04 10:44:30,254 [ERROR] LogOutputStream:75 - [STDERR_REDIRECT] [Fatal Error] :1:1: Premature end of file.
2025-03-04 10:44:30,255 [ERROR] LogOutputStream:75 - [STDERR_REDIRECT] 
2025-03-04 10:44:31,257 [ERROR] LogOutputStream:75 - [STDERR_REDIRECT] [Fatal Error] :1:1: Premature end of file.
2025-03-04 10:44:31,258 [ERROR] LogOutputStream:75 - [STDERR_REDIRECT] 
2025-03-04 10:44:32,275 [ERROR] LogOutputStream:75 - [STDERR_REDIRECT] [Fatal Error] :1:1: Premature end of file.
2025-03-04 10:44:32,275 [ERROR] LogOutputStream:75 - [STDERR_REDIRECT] 
2025-03-04 10:44:33,274 [ERROR] LogOutputStream:75 - [STDERR_REDIRECT] [Fatal Error] :1:1: Premature end of file.
2025-03-04 10:44:33,275 [ERROR] LogOutputStream:75 - [STDERR_REDIRECT] 
2025-03-04 10:44:34,269 [ERROR] LogOutputStream:75 - [STDERR_REDIRECT] [Fatal Error] :1:1: Premature end of file.
2025-03-04 10:44:34,269 [ERROR] LogOutputStream:75 - [STDERR_REDIRECT] 
2025-03-04 10:44:35,267 [ERROR] LogOutputStream:75 - [STDERR_REDIRECT] [Fatal Error] :1:1: Premature end of file.
2025-03-04 10:44:35,267 [ERROR] LogOutputStream:75 - [STDERR_REDIRECT] 
2025-03-04 10:44:36,281 [ERROR] LogOutputStream:75 - [STDERR_REDIRECT] [Fatal Error] :1:1: Premature end of file.
2025-03-04 10:44:36,281 [ERROR] LogOutputStream:75 - [STDERR_REDIRECT] 
2025-03-04 10:44:37,270 [ERROR] LogOutputStream:75 - [STDERR_REDIRECT] [Fatal Error] :1:1: Premature end of file.
2025-03-04 10:44:37,271 [ERROR] LogOutputStream:75 - [STDERR_REDIRECT] 
2025-03-04 10:44:38,295 [ERROR] LogOutputStream:75 - [STDERR_REDIRECT] [Fatal Error] :1:1: Premature end of file.
2025-03-04 10:44:38,295 [ERROR] LogOutputStream:75 - [STDERR_REDIRECT] 
2025-03-04 10:44:39,279 [ERROR] LogOutputStream:75 - [STDERR_REDIRECT] [Fatal Error] :1:1: Premature end of file.
2025-03-04 10:44:39,281 [ERROR] LogOutputStream:75 - [STDERR_REDIRECT] 
2025-03-04 10:44:40,262 [ERROR] LogOutputStream:75 - [STDERR_REDIRECT] [Fatal Error] :1:1: Premature end of file.
2025-03-04 10:44:40,262 [ERROR] LogOutputStream:75 - [STDERR_REDIRECT] 
2025-03-04 10:44:41,321 [ERROR] LogOutputStream:75 - [STDERR_REDIRECT] [Fatal Error] :1:1: Premature end of file.
2025-03-04 10:44:41,321 [ERROR] LogOutputStream:75 - [STDERR_REDIRECT] 
2025-03-04 10:44:42,253 [ERROR] LogOutputStream:75 - [STDERR_REDIRECT] [Fatal Error] :1:1: Premature end of file.
2025-03-04 10:44:42,253 [ERROR] LogOutputStream:75 - [STDERR_REDIRECT] 
2025-03-04 10:44:43,273 [ERROR] LogOutputStream:75 - [STDERR_REDIRECT] [Fatal Error] :1:1: Premature end of file.
2025-03-04 10:44:43,273 [ERROR] LogOutputStream:75 - [STDERR_REDIRECT] 
2025-03-04 10:44:44,257 [ERROR] LogOutputStream:75 - [STDERR_REDIRECT] [Fatal Error] :1:1: Premature end of file.
2025-03-04 10:44:44,259 [ERROR] LogOutputStream:75 - [STDERR_REDIRECT] 
2025-03-04 10:44:45,272 [ERROR] LogOutputStream:75 - [STDERR_REDIRECT] [Fatal Error] :1:1: Premature end of file.
2025-03-04 10:44:45,274 [ERROR] LogOutputStream:75 - [STDERR_REDIRECT] 
2025-03-04 10:44:46,263 [ERROR] LogOutputStream:75 - [STDERR_REDIRECT] [Fatal Error] :1:1: Premature end of file.
2025-03-04 10:44:46,263 [ERROR] LogOutputStream:75 - [STDERR_REDIRECT] 
2025-03-04 10:44:47,258 [ERROR] LogOutputStream:75 - [STDERR_REDIRECT] [Fatal Error] :1:1: Premature end of file.
2025-03-04 10:44:47,258 [ERROR] LogOutputStream:75 - [STDERR_REDIRECT] 
2025-03-04 10:44:48,274 [ERROR] LogOutputStream:75 - [STDERR_REDIRECT] [Fatal Error] :1:1: Premature end of file.
2025-03-04 10:44:48,274 [ERROR] LogOutputStream:75 - [STDERR_REDIRECT] 
2025-03-04 10:44:49,263 [ERROR] LogOutputStream:75 - [STDERR_REDIRECT] [Fatal Error] :1:1: Premature end of file.
2025-03-04 10:44:49,263 [ERROR] LogOutputStream:75 - [STDERR_REDIRECT] 
2025-03-04 10:44:50,246 [ERROR] LogOutputStream:75 - [STDERR_REDIRECT] [Fatal Error] :1:1: Premature end of file.
2025-03-04 10:44:50,246 [ERROR] LogOutputStream:75 - [STDERR_REDIRECT] 
2025-03-04 10:44:51,250 [ERROR] LogOutputStream:75 - [STDERR_REDIRECT] [Fatal Error] :1:1: Premature end of file.
2025-03-04 10:44:51,250 [ERROR] LogOutputStream:75 - [STDERR_REDIRECT] 
2025-03-04 10:44:52,264 [ERROR] LogOutputStream:75 - [STDERR_REDIRECT] [Fatal Error] :1:1: Premature end of file.
2025-03-04 10:44:52,264 [ERROR] LogOutputStream:75 - [STDERR_REDIRECT] 
2025-03-04 10:44:53,262 [ERROR] LogOutputStream:75 - [STDERR_REDIRECT] [Fatal Error] :1:1: Premature end of file.
2025-03-04 10:44:53,262 [ERROR] LogOutputStream:75 - [STDERR_REDIRECT] 
2025-03-04 10:44:54,272 [ERROR] LogOutputStream:75 - [STDERR_REDIRECT] [Fatal Error] :1:1: Premature end of file.
2025-03-04 10:44:54,272 [ERROR] LogOutputStream:75 - [STDERR_REDIRECT] 
2025-03-04 10:44:55,254 [ERROR] LogOutputStream:75 - [STDERR_REDIRECT] [Fatal Error] :1:1: Premature end of file.
2025-03-04 10:44:55,254 [ERROR] LogOutputStream:75 - [STDERR_REDIRECT] 
2025-03-04 10:44:56,270 [ERROR] LogOutputStream:75 - [STDERR_REDIRECT] [Fatal Error] :1:1: Premature end of file.
2025-03-04 10:44:56,274 [ERROR] LogOutputStream:75 - [STDERR_REDIRECT] 
2025-03-04 10:44:57,263 [ERROR] LogOutputStream:75 - [STDERR_REDIRECT] [Fatal Error] :1:1: Premature end of file.
2025-03-04 10:44:57,263 [ERROR] LogOutputStream:75 - [STDERR_REDIRECT] 
2025-03-04 10:44:58,262 [ERROR] LogOutputStream:75 - [STDERR_REDIRECT] [Fatal Error] :1:1: Premature end of file.
2025-03-04 10:44:58,262 [ERROR] LogOutputStream:75 - [STDERR_REDIRECT] 
2025-03-04 10:44:59,263 [ERROR] LogOutputStream:75 - [STDERR_REDIRECT] [Fatal Error] :1:1: Premature end of file.
2025-03-04 10:44:59,263 [ERROR] LogOutputStream:75 - [STDERR_REDIRECT] 
2025-03-04 10:45:00,256 [ERROR] LogOutputStream:75 - [STDERR_REDIRECT] [Fatal Error] :1:1: Premature end of file.
2025-03-04 10:45:00,256 [ERROR] LogOutputStream:75 - [STDERR_REDIRECT] 
2025-03-04 10:45:01,251 [ERROR] LogOutputStream:75 - [STDERR_REDIRECT] [Fatal Error] :1:1: Premature end of file.
2025-03-04 10:45:01,251 [ERROR] LogOutputStream:75 - [STDERR_REDIRECT] 
2025-03-04 10:45:02,258 [ERROR] LogOutputStream:75 - [STDERR_REDIRECT] [Fatal Error] :1:1: Premature end of file.
2025-03-04 10:45:02,258 [ERROR] LogOutputStream:75 - [STDERR_REDIRECT] 
2025-03-04 10:45:03,268 [ERROR] LogOutputStream:75 - [STDERR_REDIRECT] [Fatal Error] :1:1: Premature end of file.
2025-03-04 10:45:03,268 [ERROR] LogOutputStream:75 - [STDERR_REDIRECT] 
2025-03-04 10:45:04,262 [ERROR] LogOutputStream:75 - [STDERR_REDIRECT] [Fatal Error] :1:1: Premature end of file.
2025-03-04 10:45:04,262 [ERROR] LogOutputStream:75 - [STDERR_REDIRECT] 
2025-03-04 10:45:05,263 [ERROR] LogOutputStream:75 - [STDERR_REDIRECT] [Fatal Error] :1:1: Premature end of file.
2025-03-04 10:45:05,263 [ERROR] LogOutputStream:75 - [STDERR_REDIRECT] 
2025-03-04 10:45:06,250 [ERROR] LogOutputStream:75 - [STDERR_REDIRECT] [Fatal Error] :1:1: Premature end of file.
2025-03-04 10:45:06,250 [ERROR] LogOutputStream:75 - [STDERR_REDIRECT] 
2025-03-04 10:45:07,250 [ERROR] LogOutputStream:75 - [STDERR_REDIRECT] [Fatal Error] :1:1: Premature end of file.
2025-03-04 10:45:07,266 [ERROR] LogOutputStream:75 - [STDERR_REDIRECT] 
2025-03-04 10:45:08,260 [ERROR] LogOutputStream:75 - [STDERR_REDIRECT] [Fatal Error] :1:1: Premature end of file.
2025-03-04 10:45:08,260 [ERROR] LogOutputStream:75 - [STDERR_REDIRECT] 
2025-03-04 10:45:09,271 [ERROR] LogOutputStream:75 - [STDERR_REDIRECT] [Fatal Error] :1:1: Premature end of file.
2025-03-04 10:45:09,271 [ERROR] LogOutputStream:75 - [STDERR_REDIRECT] 
2025-03-04 10:45:10,262 [ERROR] LogOutputStream:75 - [STDERR_REDIRECT] [Fatal Error] :1:1: Premature end of file.
2025-03-04 10:45:10,262 [ERROR] LogOutputStream:75 - [STDERR_REDIRECT] 
2025-03-04 10:45:11,253 [ERROR] LogOutputStream:75 - [STDERR_REDIRECT] [Fatal Error] :1:1: Premature end of file.
2025-03-04 10:45:11,253 [ERROR] LogOutputStream:75 - [STDERR_REDIRECT] 
2025-03-04 10:45:12,249 [ERROR] LogOutputStream:75 - [STDERR_REDIRECT] [Fatal Error] :1:1: Premature end of file.
2025-03-04 10:45:12,249 [ERROR] LogOutputStream:75 - [STDERR_REDIRECT] 
2025-03-04 10:45:13,280 [ERROR] LogOutputStream:75 - [STDERR_REDIRECT] [Fatal Error] :1:1: Premature end of file.
2025-03-04 10:45:13,280 [ERROR] LogOutputStream:75 - [STDERR_REDIRECT] 
2025-03-04 10:45:14,266 [ERROR] LogOutputStream:75 - [STDERR_REDIRECT] [Fatal Error] :1:1: Premature end of file.
2025-03-04 10:45:14,266 [ERROR] LogOutputStream:75 - [STDERR_REDIRECT] 
2025-03-04 10:45:15,273 [ERROR] LogOutputStream:75 - [STDERR_REDIRECT] [Fatal Error] :1:1: Premature end of file.
2025-03-04 10:45:15,273 [ERROR] LogOutputStream:75 - [STDERR_REDIRECT] 
2025-03-04 10:45:16,252 [ERROR] LogOutputStream:75 - [STDERR_REDIRECT] [Fatal Error] :1:1: Premature end of file.
2025-03-04 10:45:16,268 [ERROR] LogOutputStream:75 - [STDERR_REDIRECT] 
2025-03-04 10:45:17,252 [ERROR] LogOutputStream:75 - [STDERR_REDIRECT] [Fatal Error] :1:1: Premature end of file.
2025-03-04 10:45:17,265 [ERROR] LogOutputStream:75 - [STDERR_REDIRECT] 
2025-03-04 10:45:18,256 [ERROR] LogOutputStream:75 - [STDERR_REDIRECT] [Fatal Error] :1:1: Premature end of file.
2025-03-04 10:45:18,256 [ERROR] LogOutputStream:75 - [STDERR_REDIRECT] 
2025-03-04 10:45:19,244 [ERROR] LogOutputStream:75 - [STDERR_REDIRECT] [Fatal Error] :1:1: Premature end of file.
2025-03-04 10:45:19,244 [ERROR] LogOutputStream:75 - [STDERR_REDIRECT] 
2025-03-04 10:45:20,265 [ERROR] LogOutputStream:75 - [STDERR_REDIRECT] [Fatal Error] :1:1: Premature end of file.
2025-03-04 10:45:20,265 [ERROR] LogOutputStream:75 - [STDERR_REDIRECT] 
2025-03-04 10:45:21,263 [ERROR] LogOutputStream:75 - [STDERR_REDIRECT] [Fatal Error] :1:1: Premature end of file.
2025-03-04 10:45:21,263 [ERROR] LogOutputStream:75 - [STDERR_REDIRECT] 
2025-03-04 10:45:22,264 [ERROR] LogOutputStream:75 - [STDERR_REDIRECT] [Fatal Error] :1:1: Premature end of file.
2025-03-04 10:45:22,265 [ERROR] LogOutputStream:75 - [STDERR_REDIRECT] 
2025-03-04 10:45:23,265 [ERROR] LogOutputStream:75 - [STDERR_REDIRECT] [Fatal Error] :1:1: Premature end of file.
2025-03-04 10:45:23,265 [ERROR] LogOutputStream:75 - [STDERR_REDIRECT] 
2025-03-04 10:45:24,259 [ERROR] LogOutputStream:75 - [STDERR_REDIRECT] [Fatal Error] :1:1: Premature end of file.
2025-03-04 10:45:24,259 [ERROR] LogOutputStream:75 - [STDERR_REDIRECT] 
2025-03-04 10:45:25,268 [ERROR] LogOutputStream:75 - [STDERR_REDIRECT] [Fatal Error] :1:1: Premature end of file.
2025-03-04 10:45:25,268 [ERROR] LogOutputStream:75 - [STDERR_REDIRECT] 
2025-03-04 10:45:26,267 [ERROR] LogOutputStream:75 - [STDERR_REDIRECT] [Fatal Error] :1:1: Premature end of file.
2025-03-04 10:45:26,268 [ERROR] LogOutputStream:75 - [STDERR_REDIRECT] 
2025-03-04 10:45:27,274 [ERROR] LogOutputStream:75 - [STDERR_REDIRECT] [Fatal Error] :1:1: Premature end of file.
2025-03-04 10:45:27,275 [ERROR] LogOutputStream:75 - [STDERR_REDIRECT] 
2025-03-04 10:45:28,262 [ERROR] LogOutputStream:75 - [STDERR_REDIRECT] [Fatal Error] :1:1: Premature end of file.
2025-03-04 10:45:28,263 [ERROR] LogOutputStream:75 - [STDERR_REDIRECT] 
2025-03-04 10:45:29,272 [ERROR] LogOutputStream:75 - [STDERR_REDIRECT] [Fatal Error] :1:1: Premature end of file.
2025-03-04 10:45:29,273 [ERROR] LogOutputStream:75 - [STDERR_REDIRECT] 
2025-03-04 10:45:30,273 [ERROR] LogOutputStream:75 - [STDERR_REDIRECT] [Fatal Error] :1:1: Premature end of file.
2025-03-04 10:45:30,273 [ERROR] LogOutputStream:75 - [STDERR_REDIRECT] 
2025-03-04 10:45:31,251 [ERROR] LogOutputStream:75 - [STDERR_REDIRECT] [Fatal Error] :1:1: Premature end of file.
2025-03-04 10:45:31,251 [ERROR] LogOutputStream:75 - [STDERR_REDIRECT] 
2025-03-04 10:45:32,257 [ERROR] LogOutputStream:75 - [STDERR_REDIRECT] [Fatal Error] :1:1: Premature end of file.
2025-03-04 10:45:32,258 [ERROR] LogOutputStream:75 - [STDERR_REDIRECT] 
2025-03-04 10:45:33,253 [ERROR] LogOutputStream:75 - [STDERR_REDIRECT] [Fatal Error] :1:1: Premature end of file.
2025-03-04 10:45:33,254 [ERROR] LogOutputStream:75 - [STDERR_REDIRECT] 
2025-03-04 10:45:34,259 [ERROR] LogOutputStream:75 - [STDERR_REDIRECT] [Fatal Error] :1:1: Premature end of file.
2025-03-04 10:45:34,259 [ERROR] LogOutputStream:75 - [STDERR_REDIRECT] 
2025-03-04 10:45:35,252 [ERROR] LogOutputStream:75 - [STDERR_REDIRECT] [Fatal Error] :1:1: Premature end of file.
2025-03-04 10:45:35,252 [ERROR] LogOutputStream:75 - [STDERR_REDIRECT] 
2025-03-04 10:45:36,266 [ERROR] LogOutputStream:75 - [STDERR_REDIRECT] [Fatal Error] :1:1: Premature end of file.
2025-03-04 10:45:36,267 [ERROR] LogOutputStream:75 - [STDERR_REDIRECT] 
2025-03-04 10:45:37,237 [ERROR] LogOutputStream:75 - [STDERR_REDIRECT] [Fatal Error] :1:1: Premature end of file.
2025-03-04 10:45:37,238 [ERROR] LogOutputStream:75 - [STDERR_REDIRECT] 
2025-03-04 10:45:38,247 [ERROR] LogOutputStream:75 - [STDERR_REDIRECT] [Fatal Error] :1:1: Premature end of file.
2025-03-04 10:45:38,247 [ERROR] LogOutputStream:75 - [STDERR_REDIRECT] 
2025-03-04 10:45:39,242 [ERROR] LogOutputStream:75 - [STDERR_REDIRECT] [Fatal Error] :1:1: Premature end of file.
2025-03-04 10:45:39,242 [ERROR] LogOutputStream:75 - [STDERR_REDIRECT] 
2025-03-04 10:45:40,229 [ERROR] LogOutputStream:75 - [STDERR_REDIRECT] [Fatal Error] :1:1: Premature end of file.
2025-03-04 10:45:40,229 [ERROR] LogOutputStream:75 - [STDERR_REDIRECT] 
2025-03-04 10:45:41,245 [ERROR] LogOutputStream:75 - [STDERR_REDIRECT] [Fatal Error] :1:1: Premature end of file.
2025-03-04 10:45:41,246 [ERROR] LogOutputStream:75 - [STDERR_REDIRECT] 
2025-03-04 10:45:42,255 [ERROR] LogOutputStream:75 - [STDERR_REDIRECT] [Fatal Error] :1:1: Premature end of file.
2025-03-04 10:45:42,255 [ERROR] LogOutputStream:75 - [STDERR_REDIRECT] 
2025-03-04 10:45:43,247 [ERROR] LogOutputStream:75 - [STDERR_REDIRECT] [Fatal Error] :1:1: Premature end of file.
2025-03-04 10:45:43,247 [ERROR] LogOutputStream:75 - [STDERR_REDIRECT] 
2025-03-04 10:45:44,249 [ERROR] LogOutputStream:75 - [STDERR_REDIRECT] [Fatal Error] :1:1: Premature end of file.
2025-03-04 10:45:44,249 [ERROR] LogOutputStream:75 - [STDERR_REDIRECT] 
2025-03-04 10:45:45,243 [ERROR] LogOutputStream:75 - [STDERR_REDIRECT] [Fatal Error] :1:1: Premature end of file.
2025-03-04 10:45:45,243 [ERROR] LogOutputStream:75 - [STDERR_REDIRECT] 
2025-03-04 10:45:46,248 [ERROR] LogOutputStream:75 - [STDERR_REDIRECT] [Fatal Error] :1:1: Premature end of file.
2025-03-04 10:45:46,248 [ERROR] LogOutputStream:75 - [STDERR_REDIRECT] 
2025-03-04 10:45:47,244 [ERROR] LogOutputStream:75 - [STDERR_REDIRECT] [Fatal Error] :1:1: Premature end of file.
2025-03-04 10:45:47,245 [ERROR] LogOutputStream:75 - [STDERR_REDIRECT] 
2025-03-04 10:45:48,238 [ERROR] LogOutputStream:75 - [STDERR_REDIRECT] [Fatal Error] :1:1: Premature end of file.
2025-03-04 10:45:48,238 [ERROR] LogOutputStream:75 - [STDERR_REDIRECT] 
2025-03-04 10:45:49,243 [ERROR] LogOutputStream:75 - [STDERR_REDIRECT] [Fatal Error] :1:1: Premature end of file.
2025-03-04 10:45:49,243 [ERROR] LogOutputStream:75 - [STDERR_REDIRECT] 
2025-03-04 10:45:50,242 [ERROR] LogOutputStream:75 - [STDERR_REDIRECT] [Fatal Error] :1:1: Premature end of file.
2025-03-04 10:45:50,243 [ERROR] LogOutputStream:75 - [STDERR_REDIRECT] 
2025-03-04 10:45:51,242 [ERROR] LogOutputStream:75 - [STDERR_REDIRECT] [Fatal Error] :1:1: Premature end of file.
2025-03-04 10:45:51,243 [ERROR] LogOutputStream:75 - [STDERR_REDIRECT] 
2025-03-04 10:45:52,256 [ERROR] LogOutputStream:75 - [STDERR_REDIRECT] [Fatal Error] :1:1: Premature end of file.
2025-03-04 10:45:52,256 [ERROR] LogOutputStream:75 - [STDERR_REDIRECT] 
2025-03-04 10:45:53,239 [ERROR] LogOutputStream:75 - [STDERR_REDIRECT] [Fatal Error] :1:1: Premature end of file.
2025-03-04 10:45:53,239 [ERROR] LogOutputStream:75 - [STDERR_REDIRECT] 
2025-03-04 10:45:54,250 [ERROR] LogOutputStream:75 - [STDERR_REDIRECT] [Fatal Error] :1:1: Premature end of file.
2025-03-04 10:45:54,250 [ERROR] LogOutputStream:75 - [STDERR_REDIRECT] 
2025-03-04 10:45:55,248 [ERROR] LogOutputStream:75 - [STDERR_REDIRECT] [Fatal Error] :1:1: Premature end of file.
2025-03-04 10:45:55,249 [ERROR] LogOutputStream:75 - [STDERR_REDIRECT] 
2025-03-04 10:45:56,238 [ERROR] LogOutputStream:75 - [STDERR_REDIRECT] [Fatal Error] :1:1: Premature end of file.
2025-03-04 10:45:56,238 [ERROR] LogOutputStream:75 - [STDERR_REDIRECT] 
2025-03-04 10:45:57,266 [ERROR] LogOutputStream:75 - [STDERR_REDIRECT] [Fatal Error] :1:1: Premature end of file.
2025-03-04 10:45:57,266 [ERROR] LogOutputStream:75 - [STDERR_REDIRECT] 
2025-03-04 10:45:58,239 [ERROR] LogOutputStream:75 - [STDERR_REDIRECT] [Fatal Error] :1:1: Premature end of file.
2025-03-04 10:45:58,239 [ERROR] LogOutputStream:75 - [STDERR_REDIRECT] 
2025-03-04 10:45:59,276 [ERROR] LogOutputStream:75 - [STDERR_REDIRECT] [Fatal Error] :1:1: Premature end of file.
2025-03-04 10:45:59,277 [ERROR] LogOutputStream:75 - [STDERR_REDIRECT] 
2025-03-04 10:46:00,245 [ERROR] LogOutputStream:75 - [STDERR_REDIRECT] [Fatal Error] :1:1: Premature end of file.
2025-03-04 10:46:00,245 [ERROR] LogOutputStream:75 - [STDERR_REDIRECT] 
2025-03-04 10:46:01,245 [ERROR] LogOutputStream:75 - [STDERR_REDIRECT] [Fatal Error] :1:1: Premature end of file.
2025-03-04 10:46:01,245 [ERROR] LogOutputStream:75 - [STDERR_REDIRECT] 
2025-03-04 10:46:02,245 [ERROR] LogOutputStream:75 - [STDERR_REDIRECT] [Fatal Error] :1:1: Premature end of file.
2025-03-04 10:46:02,246 [ERROR] LogOutputStream:75 - [STDERR_REDIRECT] 
2025-03-04 10:46:03,240 [ERROR] LogOutputStream:75 - [STDERR_REDIRECT] [Fatal Error] :1:1: Premature end of file.
2025-03-04 10:46:03,240 [ERROR] LogOutputStream:75 - [STDERR_REDIRECT] 
2025-03-04 10:46:04,240 [ERROR] LogOutputStream:75 - [STDERR_REDIRECT] [Fatal Error] :1:1: Premature end of file.
2025-03-04 10:46:04,241 [ERROR] LogOutputStream:75 - [STDERR_REDIRECT] 
2025-03-04 10:46:05,254 [ERROR] LogOutputStream:75 - [STDERR_REDIRECT] [Fatal Error] :1:1: Premature end of file.
2025-03-04 10:46:05,254 [ERROR] LogOutputStream:75 - [STDERR_REDIRECT] 
2025-03-04 10:46:06,250 [ERROR] LogOutputStream:75 - [STDERR_REDIRECT] [Fatal Error] :1:1: Premature end of file.
2025-03-04 10:46:06,251 [ERROR] LogOutputStream:75 - [STDERR_REDIRECT] 
2025-03-04 10:46:07,239 [ERROR] LogOutputStream:75 - [STDERR_REDIRECT] [Fatal Error] :1:1: Premature end of file.
2025-03-04 10:46:07,239 [ERROR] LogOutputStream:75 - [STDERR_REDIRECT] 
2025-03-04 10:46:08,251 [ERROR] LogOutputStream:75 - [STDERR_REDIRECT] [Fatal Error] :1:1: Premature end of file.
2025-03-04 10:46:08,251 [ERROR] LogOutputStream:75 - [STDERR_REDIRECT] 
2025-03-04 10:46:09,221 [ERROR] LogOutputStream:75 - [STDERR_REDIRECT] [Fatal Error] :1:1: Premature end of file.
2025-03-04 10:46:09,222 [ERROR] LogOutputStream:75 - [STDERR_REDIRECT] 
2025-03-04 10:46:10,243 [ERROR] LogOutputStream:75 - [STDERR_REDIRECT] [Fatal Error] :1:1: Premature end of file.
2025-03-04 10:46:10,243 [ERROR] LogOutputStream:75 - [STDERR_REDIRECT] 
2025-03-04 10:46:11,243 [ERROR] LogOutputStream:75 - [STDERR_REDIRECT] [Fatal Error] :1:1: Premature end of file.
2025-03-04 10:46:11,243 [ERROR] LogOutputStream:75 - [STDERR_REDIRECT] 
2025-03-04 10:46:12,249 [ERROR] LogOutputStream:75 - [STDERR_REDIRECT] [Fatal Error] :1:1: Premature end of file.
2025-03-04 10:46:12,250 [ERROR] LogOutputStream:75 - [STDERR_REDIRECT] 
2025-03-04 10:46:13,250 [ERROR] LogOutputStream:75 - [STDERR_REDIRECT] [Fatal Error] :1:1: Premature end of file.
2025-03-04 10:46:13,250 [ERROR] LogOutputStream:75 - [STDERR_REDIRECT] 
2025-03-04 10:46:14,252 [ERROR] LogOutputStream:75 - [STDERR_REDIRECT] [Fatal Error] :1:1: Premature end of file.
2025-03-04 10:46:14,252 [ERROR] LogOutputStream:75 - [STDERR_REDIRECT] 
2025-03-04 10:46:15,223 [ERROR] LogOutputStream:75 - [STDERR_REDIRECT] [Fatal Error] :1:1: Premature end of file.
2025-03-04 10:46:15,223 [ERROR] LogOutputStream:75 - [STDERR_REDIRECT] 
2025-03-04 10:46:16,242 [ERROR] LogOutputStream:75 - [STDERR_REDIRECT] [Fatal Error] :1:1: Premature end of file.
2025-03-04 10:46:16,242 [ERROR] LogOutputStream:75 - [STDERR_REDIRECT] 
2025-03-04 10:46:17,239 [ERROR] LogOutputStream:75 - [STDERR_REDIRECT] [Fatal Error] :1:1: Premature end of file.
2025-03-04 10:46:17,239 [ERROR] LogOutputStream:75 - [STDERR_REDIRECT] 
2025-03-04 10:46:18,245 [ERROR] LogOutputStream:75 - [STDERR_REDIRECT] [Fatal Error] :1:1: Premature end of file.
2025-03-04 10:46:18,246 [ERROR] LogOutputStream:75 - [STDERR_REDIRECT] 
2025-03-04 10:46:19,252 [ERROR] LogOutputStream:75 - [STDERR_REDIRECT] [Fatal Error] :1:1: Premature end of file.
2025-03-04 10:46:19,253 [ERROR] LogOutputStream:75 - [STDERR_REDIRECT] 
2025-03-04 10:46:20,262 [ERROR] LogOutputStream:75 - [STDERR_REDIRECT] [Fatal Error] :1:1: Premature end of file.
2025-03-04 10:46:20,263 [ERROR] LogOutputStream:75 - [STDERR_REDIRECT] 
2025-03-04 10:46:21,251 [ERROR] LogOutputStream:75 - [STDERR_REDIRECT] [Fatal Error] :1:1: Premature end of file.
2025-03-04 10:46:21,251 [ERROR] LogOutputStream:75 - [STDERR_REDIRECT] 
2025-03-04 10:46:22,257 [ERROR] LogOutputStream:75 - [STDERR_REDIRECT] [Fatal Error] :1:1: Premature end of file.
2025-03-04 10:46:22,258 [ERROR] LogOutputStream:75 - [STDERR_REDIRECT] 
2025-03-04 10:46:23,247 [ERROR] LogOutputStream:75 - [STDERR_REDIRECT] [Fatal Error] :1:1: Premature end of file.
2025-03-04 10:46:23,247 [ERROR] LogOutputStream:75 - [STDERR_REDIRECT] 
2025-03-04 10:46:24,250 [ERROR] LogOutputStream:75 - [STDERR_REDIRECT] [Fatal Error] :1:1: Premature end of file.
2025-03-04 10:46:24,251 [ERROR] LogOutputStream:75 - [STDERR_REDIRECT] 
2025-03-04 10:46:25,253 [ERROR] LogOutputStream:75 - [STDERR_REDIRECT] [Fatal Error] :1:1: Premature end of file.
2025-03-04 10:46:25,253 [ERROR] LogOutputStream:75 - [STDERR_REDIRECT] 
2025-03-04 10:46:26,261 [ERROR] LogOutputStream:75 - [STDERR_REDIRECT] [Fatal Error] :1:1: Premature end of file.
2025-03-04 10:46:26,261 [ERROR] LogOutputStream:75 - [STDERR_REDIRECT] 
2025-03-04 10:46:27,249 [ERROR] LogOutputStream:75 - [STDERR_REDIRECT] [Fatal Error] :1:1: Premature end of file.
2025-03-04 10:46:27,249 [ERROR] LogOutputStream:75 - [STDERR_REDIRECT] 
2025-03-04 10:46:28,244 [ERROR] LogOutputStream:75 - [STDERR_REDIRECT] [Fatal Error] :1:1: Premature end of file.
2025-03-04 10:46:28,245 [ERROR] LogOutputStream:75 - [STDERR_REDIRECT] 
2025-03-04 10:46:29,239 [ERROR] LogOutputStream:75 - [STDERR_REDIRECT] [Fatal Error] :1:1: Premature end of file.
2025-03-04 10:46:29,239 [ERROR] LogOutputStream:75 - [STDERR_REDIRECT] 
2025-03-04 10:46:30,251 [ERROR] LogOutputStream:75 - [STDERR_REDIRECT] [Fatal Error] :1:1: Premature end of file.
2025-03-04 10:46:30,251 [ERROR] LogOutputStream:75 - [STDERR_REDIRECT] 
2025-03-04 10:46:31,237 [ERROR] LogOutputStream:75 - [STDERR_REDIRECT] [Fatal Error] :1:1: Premature end of file.
2025-03-04 10:46:31,237 [ERROR] LogOutputStream:75 - [STDERR_REDIRECT] 
2025-03-04 10:46:32,241 [ERROR] LogOutputStream:75 - [STDERR_REDIRECT] [Fatal Error] :1:1: Premature end of file.
2025-03-04 10:46:32,241 [ERROR] LogOutputStream:75 - [STDERR_REDIRECT] 
2025-03-04 10:46:33,243 [ERROR] LogOutputStream:75 - [STDERR_REDIRECT] [Fatal Error] :1:1: Premature end of file.
2025-03-04 10:46:33,243 [ERROR] LogOutputStream:75 - [STDERR_REDIRECT] 
2025-03-04 10:46:34,243 [ERROR] LogOutputStream:75 - [STDERR_REDIRECT] [Fatal Error] :1:1: Premature end of file.
2025-03-04 10:46:34,244 [ERROR] LogOutputStream:75 - [STDERR_REDIRECT] 
2025-03-04 10:46:35,242 [ERROR] LogOutputStream:75 - [STDERR_REDIRECT] [Fatal Error] :1:1: Premature end of file.
2025-03-04 10:46:35,243 [ERROR] LogOutputStream:75 - [STDERR_REDIRECT] 
2025-03-04 10:46:36,251 [ERROR] LogOutputStream:75 - [STDERR_REDIRECT] [Fatal Error] :1:1: Premature end of file.
2025-03-04 10:46:36,251 [ERROR] LogOutputStream:75 - [STDERR_REDIRECT] 
2025-03-04 10:46:37,240 [ERROR] LogOutputStream:75 - [STDERR_REDIRECT] [Fatal Error] :1:1: Premature end of file.
2025-03-04 10:46:37,240 [ERROR] LogOutputStream:75 - [STDERR_REDIRECT] 
2025-03-04 10:46:38,248 [ERROR] LogOutputStream:75 - [STDERR_REDIRECT] [Fatal Error] :1:1: Premature end of file.
2025-03-04 10:46:38,249 [ERROR] LogOutputStream:75 - [STDERR_REDIRECT] 
2025-03-04 10:46:39,247 [ERROR] LogOutputStream:75 - [STDERR_REDIRECT] [Fatal Error] :1:1: Premature end of file.
2025-03-04 10:46:39,247 [ERROR] LogOutputStream:75 - [STDERR_REDIRECT] 
2025-03-04 10:46:40,237 [ERROR] LogOutputStream:75 - [STDERR_REDIRECT] [Fatal Error] :1:1: Premature end of file.
2025-03-04 10:46:40,237 [ERROR] LogOutputStream:75 - [STDERR_REDIRECT] 
2025-03-04 10:46:41,246 [ERROR] LogOutputStream:75 - [STDERR_REDIRECT] [Fatal Error] :1:1: Premature end of file.
2025-03-04 10:46:41,246 [ERROR] LogOutputStream:75 - [STDERR_REDIRECT] 
2025-03-04 10:46:42,239 [ERROR] LogOutputStream:75 - [STDERR_REDIRECT] [Fatal Error] :1:1: Premature end of file.
2025-03-04 10:46:42,239 [ERROR] LogOutputStream:75 - [STDERR_REDIRECT] 
2025-03-04 10:46:43,243 [ERROR] LogOutputStream:75 - [STDERR_REDIRECT] [Fatal Error] :1:1: Premature end of file.
2025-03-04 10:46:43,243 [ERROR] LogOutputStream:75 - [STDERR_REDIRECT] 
2025-03-04 10:46:44,257 [ERROR] LogOutputStream:75 - [STDERR_REDIRECT] [Fatal Error] :1:1: Premature end of file.
2025-03-04 10:46:44,257 [ERROR] LogOutputStream:75 - [STDERR_REDIRECT] 
2025-03-04 10:46:45,243 [ERROR] LogOutputStream:75 - [STDERR_REDIRECT] [Fatal Error] :1:1: Premature end of file.
2025-03-04 10:46:45,244 [ERROR] LogOutputStream:75 - [STDERR_REDIRECT] 
2025-03-04 10:46:46,243 [ERROR] LogOutputStream:75 - [STDERR_REDIRECT] [Fatal Error] :1:1: Premature end of file.
2025-03-04 10:46:46,244 [ERROR] LogOutputStream:75 - [STDERR_REDIRECT] 
2025-03-04 10:46:47,247 [ERROR] LogOutputStream:75 - [STDERR_REDIRECT] [Fatal Error] :1:1: Premature end of file.
2025-03-04 10:46:47,248 [ERROR] LogOutputStream:75 - [STDERR_REDIRECT] 
2025-03-04 10:46:48,226 [ERROR] LogOutputStream:75 - [STDERR_REDIRECT] [Fatal Error] :1:1: Premature end of file.
2025-03-04 10:46:48,227 [ERROR] LogOutputStream:75 - [STDERR_REDIRECT] 
2025-03-04 10:46:49,258 [ERROR] LogOutputStream:75 - [STDERR_REDIRECT] [Fatal Error] :1:1: Premature end of file.
2025-03-04 10:46:49,258 [ERROR] LogOutputStream:75 - [STDERR_REDIRECT] 
2025-03-04 10:46:50,250 [ERROR] LogOutputStream:75 - [STDERR_REDIRECT] [Fatal Error] :1:1: Premature end of file.
2025-03-04 10:46:50,250 [ERROR] LogOutputStream:75 - [STDERR_REDIRECT] 
2025-03-04 10:46:51,246 [ERROR] LogOutputStream:75 - [STDERR_REDIRECT] [Fatal Error] :1:1: Premature end of file.
2025-03-04 10:46:51,247 [ERROR] LogOutputStream:75 - [STDERR_REDIRECT] 
2025-03-04 10:46:52,241 [ERROR] LogOutputStream:75 - [STDERR_REDIRECT] [Fatal Error] :1:1: Premature end of file.
2025-03-04 10:46:52,241 [ERROR] LogOutputStream:75 - [STDERR_REDIRECT] 
2025-03-04 10:46:53,234 [ERROR] LogOutputStream:75 - [STDERR_REDIRECT] [Fatal Error] :1:1: Premature end of file.
2025-03-04 10:46:53,234 [ERROR] LogOutputStream:75 - [STDERR_REDIRECT] 
2025-03-04 10:46:54,253 [ERROR] LogOutputStream:75 - [STDERR_REDIRECT] [Fatal Error] :1:1: Premature end of file.
2025-03-04 10:46:54,253 [ERROR] LogOutputStream:75 - [STDERR_REDIRECT] 
2025-03-04 10:46:55,249 [ERROR] LogOutputStream:75 - [STDERR_REDIRECT] [Fatal Error] :1:1: Premature end of file.
2025-03-04 10:46:55,249 [ERROR] LogOutputStream:75 - [STDERR_REDIRECT] 
2025-03-04 10:46:56,244 [ERROR] LogOutputStream:75 - [STDERR_REDIRECT] [Fatal Error] :1:1: Premature end of file.
2025-03-04 10:46:56,245 [ERROR] LogOutputStream:75 - [STDERR_REDIRECT] 
2025-03-04 10:46:57,252 [ERROR] LogOutputStream:75 - [STDERR_REDIRECT] [Fatal Error] :1:1: Premature end of file.
2025-03-04 10:46:57,253 [ERROR] LogOutputStream:75 - [STDERR_REDIRECT] 
2025-03-04 10:46:58,270 [ERROR] LogOutputStream:75 - [STDERR_REDIRECT] [Fatal Error] :1:1: Premature end of file.
2025-03-04 10:46:58,270 [ERROR] LogOutputStream:75 - [STDERR_REDIRECT] 
2025-03-04 10:46:59,251 [ERROR] LogOutputStream:75 - [STDERR_REDIRECT] [Fatal Error] :1:1: Premature end of file.
2025-03-04 10:46:59,251 [ERROR] LogOutputStream:75 - [STDERR_REDIRECT] 
2025-03-04 10:47:00,270 [ERROR] LogOutputStream:75 - [STDERR_REDIRECT] [Fatal Error] :1:1: Premature end of file.
2025-03-04 10:47:00,270 [ERROR] LogOutputStream:75 - [STDERR_REDIRECT] 
2025-03-04 10:47:01,230 [ERROR] LogOutputStream:75 - [STDERR_REDIRECT] [Fatal Error] :1:1: Premature end of file.
2025-03-04 10:47:01,231 [ERROR] LogOutputStream:75 - [STDERR_REDIRECT] 
2025-03-04 10:47:02,245 [ERROR] LogOutputStream:75 - [STDERR_REDIRECT] [Fatal Error] :1:1: Premature end of file.
2025-03-04 10:47:02,245 [ERROR] LogOutputStream:75 - [STDERR_REDIRECT] 
2025-03-04 10:47:03,236 [ERROR] LogOutputStream:75 - [STDERR_REDIRECT] [Fatal Error] :1:1: Premature end of file.
2025-03-04 10:47:03,237 [ERROR] LogOutputStream:75 - [STDERR_REDIRECT] 
2025-03-04 10:47:04,241 [ERROR] LogOutputStream:75 - [STDERR_REDIRECT] [Fatal Error] :1:1: Premature end of file.
2025-03-04 10:47:04,241 [ERROR] LogOutputStream:75 - [STDERR_REDIRECT] 
2025-03-04 10:47:05,246 [ERROR] LogOutputStream:75 - [STDERR_REDIRECT] [Fatal Error] :1:1: Premature end of file.
2025-03-04 10:47:05,246 [ERROR] LogOutputStream:75 - [STDERR_REDIRECT] 
2025-03-04 10:47:06,244 [ERROR] LogOutputStream:75 - [STDERR_REDIRECT] [Fatal Error] :1:1: Premature end of file.
2025-03-04 10:47:06,244 [ERROR] LogOutputStream:75 - [STDERR_REDIRECT] 
2025-03-04 10:47:07,241 [ERROR] LogOutputStream:75 - [STDERR_REDIRECT] [Fatal Error] :1:1: Premature end of file.
2025-03-04 10:47:07,241 [ERROR] LogOutputStream:75 - [STDERR_REDIRECT] 
2025-03-04 10:47:08,254 [ERROR] LogOutputStream:75 - [STDERR_REDIRECT] [Fatal Error] :1:1: Premature end of file.
2025-03-04 10:47:08,254 [ERROR] LogOutputStream:75 - [STDERR_REDIRECT] 
2025-03-04 10:47:09,259 [ERROR] LogOutputStream:75 - [STDERR_REDIRECT] [Fatal Error] :1:1: Premature end of file.
2025-03-04 10:47:09,260 [ERROR] LogOutputStream:75 - [STDERR_REDIRECT] 
2025-03-04 10:47:10,281 [ERROR] LogOutputStream:75 - [STDERR_REDIRECT] [Fatal Error] :1:1: Premature end of file.
2025-03-04 10:47:10,282 [ERROR] LogOutputStream:75 - [STDERR_REDIRECT] 
2025-03-04 10:47:11,270 [ERROR] LogOutputStream:75 - [STDERR_REDIRECT] [Fatal Error] :1:1: Premature end of file.
2025-03-04 10:47:11,271 [ERROR] LogOutputStream:75 - [STDERR_REDIRECT] 
2025-03-04 10:47:12,264 [ERROR] LogOutputStream:75 - [STDERR_REDIRECT] [Fatal Error] :1:1: Premature end of file.
2025-03-04 10:47:12,265 [ERROR] LogOutputStream:75 - [STDERR_REDIRECT] 
2025-03-04 10:47:13,259 [ERROR] LogOutputStream:75 - [STDERR_REDIRECT] [Fatal Error] :1:1: Premature end of file.
2025-03-04 10:47:13,260 [ERROR] LogOutputStream:75 - [STDERR_REDIRECT] 
2025-03-04 10:47:14,267 [ERROR] LogOutputStream:75 - [STDERR_REDIRECT] [Fatal Error] :1:1: Premature end of file.
2025-03-04 10:47:14,268 [ERROR] LogOutputStream:75 - [STDERR_REDIRECT] 
2025-03-04 10:47:15,257 [ERROR] LogOutputStream:75 - [STDERR_REDIRECT] [Fatal Error] :1:1: Premature end of file.
2025-03-04 10:47:15,258 [ERROR] LogOutputStream:75 - [STDERR_REDIRECT] 
2025-03-04 10:47:16,273 [ERROR] LogOutputStream:75 - [STDERR_REDIRECT] [Fatal Error] :1:1: Premature end of file.
2025-03-04 10:47:16,274 [ERROR] LogOutputStream:75 - [STDERR_REDIRECT] 
2025-03-04 10:47:17,269 [ERROR] LogOutputStream:75 - [STDERR_REDIRECT] [Fatal Error] :1:1: Premature end of file.
2025-03-04 10:47:17,269 [ERROR] LogOutputStream:75 - [STDERR_REDIRECT] 
2025-03-04 10:47:18,270 [ERROR] LogOutputStream:75 - [STDERR_REDIRECT] [Fatal Error] :1:1: Premature end of file.
2025-03-04 10:47:18,270 [ERROR] LogOutputStream:75 - [STDERR_REDIRECT] 
2025-03-04 10:47:19,268 [ERROR] LogOutputStream:75 - [STDERR_REDIRECT] [Fatal Error] :1:1: Premature end of file.
2025-03-04 10:47:19,269 [ERROR] LogOutputStream:75 - [STDERR_REDIRECT] 
2025-03-04 10:47:20,260 [ERROR] LogOutputStream:75 - [STDERR_REDIRECT] [Fatal Error] :1:1: Premature end of file.
2025-03-04 10:47:20,260 [ERROR] LogOutputStream:75 - [STDERR_REDIRECT] 
2025-03-04 10:47:21,260 [ERROR] LogOutputStream:75 - [STDERR_REDIRECT] [Fatal Error] :1:1: Premature end of file.
2025-03-04 10:47:21,260 [ERROR] LogOutputStream:75 - [STDERR_REDIRECT] 
2025-03-04 10:47:22,273 [ERROR] LogOutputStream:75 - [STDERR_REDIRECT] [Fatal Error] :1:1: Premature end of file.
2025-03-04 10:47:22,274 [ERROR] LogOutputStream:75 - [STDERR_REDIRECT] 
2025-03-04 10:47:23,259 [ERROR] LogOutputStream:75 - [STDERR_REDIRECT] [Fatal Error] :1:1: Premature end of file.
2025-03-04 10:47:23,260 [ERROR] LogOutputStream:75 - [STDERR_REDIRECT] 
2025-03-04 10:47:24,251 [ERROR] LogOutputStream:75 - [STDERR_REDIRECT] [Fatal Error] :1:1: Premature end of file.
2025-03-04 10:47:24,251 [ERROR] LogOutputStream:75 - [STDERR_REDIRECT] 
2025-03-04 10:47:25,283 [ERROR] LogOutputStream:75 - [STDERR_REDIRECT] [Fatal Error] :1:1: Premature end of file.
2025-03-04 10:47:25,284 [ERROR] LogOutputStream:75 - [STDERR_REDIRECT] 
2025-03-04 10:47:26,259 [ERROR] LogOutputStream:75 - [STDERR_REDIRECT] [Fatal Error] :1:1: Premature end of file.
2025-03-04 10:47:26,259 [ERROR] LogOutputStream:75 - [STDERR_REDIRECT] 
2025-03-04 10:47:27,273 [ERROR] LogOutputStream:75 - [STDERR_REDIRECT] [Fatal Error] :1:1: Premature end of file.
2025-03-04 10:47:27,273 [ERROR] LogOutputStream:75 - [STDERR_REDIRECT] 
2025-03-04 10:47:28,266 [ERROR] LogOutputStream:75 - [STDERR_REDIRECT] [Fatal Error] :1:1: Premature end of file.
2025-03-04 10:47:28,267 [ERROR] LogOutputStream:75 - [STDERR_REDIRECT] 
2025-03-04 10:47:29,268 [ERROR] LogOutputStream:75 - [STDERR_REDIRECT] [Fatal Error] :1:1: Premature end of file.
2025-03-04 10:47:29,268 [ERROR] LogOutputStream:75 - [STDERR_REDIRECT] 
2025-03-04 10:47:30,272 [ERROR] LogOutputStream:75 - [STDERR_REDIRECT] [Fatal Error] :1:1: Premature end of file.
2025-03-04 10:47:30,272 [ERROR] LogOutputStream:75 - [STDERR_REDIRECT] 
2025-03-04 10:47:31,280 [ERROR] LogOutputStream:75 - [STDERR_REDIRECT] [Fatal Error] :1:1: Premature end of file.
2025-03-04 10:47:31,280 [ERROR] LogOutputStream:75 - [STDERR_REDIRECT] 
2025-03-04 10:47:32,271 [ERROR] LogOutputStream:75 - [STDERR_REDIRECT] [Fatal Error] :1:1: Premature end of file.
2025-03-04 10:47:32,271 [ERROR] LogOutputStream:75 - [STDERR_REDIRECT] 
2025-03-04 10:47:33,287 [ERROR] LogOutputStream:75 - [STDERR_REDIRECT] [Fatal Error] :1:1: Premature end of file.
2025-03-04 10:47:33,287 [ERROR] LogOutputStream:75 - [STDERR_REDIRECT] 
2025-03-04 10:47:34,261 [ERROR] LogOutputStream:75 - [STDERR_REDIRECT] [Fatal Error] :1:1: Premature end of file.
2025-03-04 10:47:34,261 [ERROR] LogOutputStream:75 - [STDERR_REDIRECT] 
2025-03-04 10:47:35,244 [ERROR] LogOutputStream:75 - [STDERR_REDIRECT] [Fatal Error] :1:1: Premature end of file.
2025-03-04 10:47:35,244 [ERROR] LogOutputStream:75 - [STDERR_REDIRECT] 
2025-03-04 10:47:36,245 [ERROR] LogOutputStream:75 - [STDERR_REDIRECT] [Fatal Error] :1:1: Premature end of file.
2025-03-04 10:47:36,245 [ERROR] LogOutputStream:75 - [STDERR_REDIRECT] 
2025-03-04 10:47:37,273 [ERROR] LogOutputStream:75 - [STDERR_REDIRECT] [Fatal Error] :1:1: Premature end of file.
2025-03-04 10:47:37,273 [ERROR] LogOutputStream:75 - [STDERR_REDIRECT] 
2025-03-04 10:47:38,268 [ERROR] LogOutputStream:75 - [STDERR_REDIRECT] [Fatal Error] :1:1: Premature end of file.
2025-03-04 10:47:38,268 [ERROR] LogOutputStream:75 - [STDERR_REDIRECT] 
2025-03-04 10:47:39,265 [ERROR] LogOutputStream:75 - [STDERR_REDIRECT] [Fatal Error] :1:1: Premature end of file.
2025-03-04 10:47:39,265 [ERROR] LogOutputStream:75 - [STDERR_REDIRECT] 
2025-03-04 10:47:40,265 [ERROR] LogOutputStream:75 - [STDERR_REDIRECT] [Fatal Error] :1:1: Premature end of file.
2025-03-04 10:47:40,265 [ERROR] LogOutputStream:75 - [STDERR_REDIRECT] 
2025-03-04 10:47:41,266 [ERROR] LogOutputStream:75 - [STDERR_REDIRECT] [Fatal Error] :1:1: Premature end of file.
2025-03-04 10:47:41,266 [ERROR] LogOutputStream:75 - [STDERR_REDIRECT] 
2025-03-04 10:47:42,270 [ERROR] LogOutputStream:75 - [STDERR_REDIRECT] [Fatal Error] :1:1: Premature end of file.
2025-03-04 10:47:42,270 [ERROR] LogOutputStream:75 - [STDERR_REDIRECT] 
2025-03-04 10:47:43,261 [ERROR] LogOutputStream:75 - [STDERR_REDIRECT] [Fatal Error] :1:1: Premature end of file.
2025-03-04 10:47:43,261 [ERROR] LogOutputStream:75 - [STDERR_REDIRECT] 
2025-03-04 10:47:44,270 [ERROR] LogOutputStream:75 - [STDERR_REDIRECT] [Fatal Error] :1:1: Premature end of file.
2025-03-04 10:47:44,270 [ERROR] LogOutputStream:75 - [STDERR_REDIRECT] 
2025-03-04 10:47:45,248 [ERROR] LogOutputStream:75 - [STDERR_REDIRECT] [Fatal Error] :1:1: Premature end of file.
2025-03-04 10:47:45,248 [ERROR] LogOutputStream:75 - [STDERR_REDIRECT] 
2025-03-04 10:47:46,258 [ERROR] LogOutputStream:75 - [STDERR_REDIRECT] [Fatal Error] :1:1: Premature end of file.
2025-03-04 10:47:46,258 [ERROR] LogOutputStream:75 - [STDERR_REDIRECT] 
2025-03-04 10:47:47,259 [ERROR] LogOutputStream:75 - [STDERR_REDIRECT] [Fatal Error] :1:1: Premature end of file.
2025-03-04 10:47:47,259 [ERROR] LogOutputStream:75 - [STDERR_REDIRECT] 
2025-03-04 10:47:48,267 [ERROR] LogOutputStream:75 - [STDERR_REDIRECT] [Fatal Error] :1:1: Premature end of file.
2025-03-04 10:47:48,267 [ERROR] LogOutputStream:75 - [STDERR_REDIRECT] 
2025-03-04 10:47:49,259 [ERROR] LogOutputStream:75 - [STDERR_REDIRECT] [Fatal Error] :1:1: Premature end of file.
2025-03-04 10:47:49,259 [ERROR] LogOutputStream:75 - [STDERR_REDIRECT] 
2025-03-04 10:47:50,267 [ERROR] LogOutputStream:75 - [STDERR_REDIRECT] [Fatal Error] :1:1: Premature end of file.
2025-03-04 10:47:50,267 [ERROR] LogOutputStream:75 - [STDERR_REDIRECT] 
2025-03-04 10:47:51,263 [ERROR] LogOutputStream:75 - [STDERR_REDIRECT] [Fatal Error] :1:1: Premature end of file.
2025-03-04 10:47:51,263 [ERROR] LogOutputStream:75 - [STDERR_REDIRECT] 
2025-03-04 10:47:52,268 [ERROR] LogOutputStream:75 - [STDERR_REDIRECT] [Fatal Error] :1:1: Premature end of file.
2025-03-04 10:47:52,268 [ERROR] LogOutputStream:75 - [STDERR_REDIRECT] 
2025-03-04 10:47:53,259 [ERROR] LogOutputStream:75 - [STDERR_REDIRECT] [Fatal Error] :1:1: Premature end of file.
2025-03-04 10:47:53,260 [ERROR] LogOutputStream:75 - [STDERR_REDIRECT] 
2025-03-04 10:47:54,306 [ERROR] LogOutputStream:75 - [STDERR_REDIRECT] [Fatal Error] :1:1: Premature end of file.
2025-03-04 10:47:54,306 [ERROR] LogOutputStream:75 - [STDERR_REDIRECT] 
2025-03-04 10:47:55,269 [ERROR] LogOutputStream:75 - [STDERR_REDIRECT] [Fatal Error] :1:1: Premature end of file.
2025-03-04 10:47:55,269 [ERROR] LogOutputStream:75 - [STDERR_REDIRECT] 
2025-03-04 10:47:56,258 [ERROR] LogOutputStream:75 - [STDERR_REDIRECT] [Fatal Error] :1:1: Premature end of file.
2025-03-04 10:47:56,258 [ERROR] LogOutputStream:75 - [STDERR_REDIRECT] 
2025-03-04 10:47:57,253 [ERROR] LogOutputStream:75 - [STDERR_REDIRECT] [Fatal Error] :1:1: Premature end of file.
2025-03-04 10:47:57,253 [ERROR] LogOutputStream:75 - [STDERR_REDIRECT] 
2025-03-04 10:47:58,269 [ERROR] LogOutputStream:75 - [STDERR_REDIRECT] [Fatal Error] :1:1: Premature end of file.
2025-03-04 10:47:58,269 [ERROR] LogOutputStream:75 - [STDERR_REDIRECT] 
2025-03-04 10:47:59,255 [ERROR] LogOutputStream:75 - [STDERR_REDIRECT] [Fatal Error] :1:1: Premature end of file.
2025-03-04 10:47:59,255 [ERROR] LogOutputStream:75 - [STDERR_REDIRECT] 
2025-03-04 10:48:00,267 [ERROR] LogOutputStream:75 - [STDERR_REDIRECT] [Fatal Error] :1:1: Premature end of file.
2025-03-04 10:48:00,268 [ERROR] LogOutputStream:75 - [STDERR_REDIRECT] 
2025-03-04 10:48:01,266 [ERROR] LogOutputStream:75 - [STDERR_REDIRECT] [Fatal Error] :1:1: Premature end of file.
2025-03-04 10:48:01,266 [ERROR] LogOutputStream:75 - [STDERR_REDIRECT] 
2025-03-04 10:48:02,264 [ERROR] LogOutputStream:75 - [STDERR_REDIRECT] [Fatal Error] :1:1: Premature end of file.
2025-03-04 10:48:02,264 [ERROR] LogOutputStream:75 - [STDERR_REDIRECT] 
2025-03-04 10:48:03,268 [ERROR] LogOutputStream:75 - [STDERR_REDIRECT] [Fatal Error] :1:1: Premature end of file.
2025-03-04 10:48:03,272 [ERROR] LogOutputStream:75 - [STDERR_REDIRECT] 
2025-03-04 10:48:04,275 [ERROR] LogOutputStream:75 - [STDERR_REDIRECT] [Fatal Error] :1:1: Premature end of file.
2025-03-04 10:48:04,275 [ERROR] LogOutputStream:75 - [STDERR_REDIRECT] 
2025-03-04 10:48:05,251 [ERROR] LogOutputStream:75 - [STDERR_REDIRECT] [Fatal Error] :1:1: Premature end of file.
2025-03-04 10:48:05,251 [ERROR] LogOutputStream:75 - [STDERR_REDIRECT] 
2025-03-04 10:48:06,259 [ERROR] LogOutputStream:75 - [STDERR_REDIRECT] [Fatal Error] :1:1: Premature end of file.
2025-03-04 10:48:06,259 [ERROR] LogOutputStream:75 - [STDERR_REDIRECT] 
2025-03-04 10:48:07,256 [ERROR] LogOutputStream:75 - [STDERR_REDIRECT] [Fatal Error] :1:1: Premature end of file.
2025-03-04 10:48:07,257 [ERROR] LogOutputStream:75 - [STDERR_REDIRECT] 
2025-03-04 10:48:08,255 [ERROR] LogOutputStream:75 - [STDERR_REDIRECT] [Fatal Error] :1:1: Premature end of file.
2025-03-04 10:48:08,256 [ERROR] LogOutputStream:75 - [STDERR_REDIRECT] 
2025-03-04 10:48:09,261 [ERROR] LogOutputStream:75 - [STDERR_REDIRECT] [Fatal Error] :1:1: Premature end of file.
2025-03-04 10:48:09,261 [ERROR] LogOutputStream:75 - [STDERR_REDIRECT] 
2025-03-04 10:48:10,261 [ERROR] LogOutputStream:75 - [STDERR_REDIRECT] [Fatal Error] :1:1: Premature end of file.
2025-03-04 10:48:10,262 [ERROR] LogOutputStream:75 - [STDERR_REDIRECT] 
2025-03-04 10:48:11,255 [ERROR] LogOutputStream:75 - [STDERR_REDIRECT] [Fatal Error] :1:1: Premature end of file.
2025-03-04 10:48:11,255 [ERROR] LogOutputStream:75 - [STDERR_REDIRECT] 
2025-03-04 10:48:12,260 [ERROR] LogOutputStream:75 - [STDERR_REDIRECT] [Fatal Error] :1:1: Premature end of file.
2025-03-04 10:48:12,260 [ERROR] LogOutputStream:75 - [STDERR_REDIRECT] 
2025-03-04 10:48:13,281 [ERROR] LogOutputStream:75 - [STDERR_REDIRECT] [Fatal Error] :1:1: Premature end of file.
2025-03-04 10:48:13,281 [ERROR] LogOutputStream:75 - [STDERR_REDIRECT] 
2025-03-04 10:48:14,272 [ERROR] LogOutputStream:75 - [STDERR_REDIRECT] [Fatal Error] :1:1: Premature end of file.
2025-03-04 10:48:14,272 [ERROR] LogOutputStream:75 - [STDERR_REDIRECT] 
2025-03-04 10:48:15,267 [ERROR] LogOutputStream:75 - [STDERR_REDIRECT] [Fatal Error] :1:1: Premature end of file.
2025-03-04 10:48:15,267 [ERROR] LogOutputStream:75 - [STDERR_REDIRECT] 
2025-03-04 10:48:16,260 [ERROR] LogOutputStream:75 - [STDERR_REDIRECT] [Fatal Error] :1:1: Premature end of file.
2025-03-04 10:48:16,261 [ERROR] LogOutputStream:75 - [STDERR_REDIRECT] 
2025-03-04 10:48:17,272 [ERROR] LogOutputStream:75 - [STDERR_REDIRECT] [Fatal Error] :1:1: Premature end of file.
2025-03-04 10:48:17,272 [ERROR] LogOutputStream:75 - [STDERR_REDIRECT] 
2025-03-04 10:48:18,263 [ERROR] LogOutputStream:75 - [STDERR_REDIRECT] [Fatal Error] :1:1: Premature end of file.
2025-03-04 10:48:18,264 [ERROR] LogOutputStream:75 - [STDERR_REDIRECT] 
2025-03-04 10:48:19,255 [ERROR] LogOutputStream:75 - [STDERR_REDIRECT] [Fatal Error] :1:1: Premature end of file.
2025-03-04 10:48:19,256 [ERROR] LogOutputStream:75 - [STDERR_REDIRECT] 
2025-03-04 10:48:20,258 [ERROR] LogOutputStream:75 - [STDERR_REDIRECT] [Fatal Error] :1:1: Premature end of file.
2025-03-04 10:48:20,259 [ERROR] LogOutputStream:75 - [STDERR_REDIRECT] 
2025-03-04 10:48:21,269 [ERROR] LogOutputStream:75 - [STDERR_REDIRECT] [Fatal Error] :1:1: Premature end of file.
2025-03-04 10:48:21,269 [ERROR] LogOutputStream:75 - [STDERR_REDIRECT] 
2025-03-04 10:48:22,264 [ERROR] LogOutputStream:75 - [STDERR_REDIRECT] [Fatal Error] :1:1: Premature end of file.
2025-03-04 10:48:22,265 [ERROR] LogOutputStream:75 - [STDERR_REDIRECT] 
2025-03-04 10:48:23,265 [ERROR] LogOutputStream:75 - [STDERR_REDIRECT] [Fatal Error] :1:1: Premature end of file.
2025-03-04 10:48:23,266 [ERROR] LogOutputStream:75 - [STDERR_REDIRECT] 
2025-03-04 10:48:24,254 [ERROR] LogOutputStream:75 - [STDERR_REDIRECT] [Fatal Error] :1:1: Premature end of file.
2025-03-04 10:48:24,254 [ERROR] LogOutputStream:75 - [STDERR_REDIRECT] 
2025-03-04 10:48:25,280 [ERROR] LogOutputStream:75 - [STDERR_REDIRECT] [Fatal Error] :1:1: Premature end of file.
2025-03-04 10:48:25,281 [ERROR] LogOutputStream:75 - [STDERR_REDIRECT] 
2025-03-04 10:48:26,258 [ERROR] LogOutputStream:75 - [STDERR_REDIRECT] [Fatal Error] :1:1: Premature end of file.
2025-03-04 10:48:26,259 [ERROR] LogOutputStream:75 - [STDERR_REDIRECT] 
2025-03-04 10:48:27,265 [ERROR] LogOutputStream:75 - [STDERR_REDIRECT] [Fatal Error] :1:1: Premature end of file.
2025-03-04 10:48:27,266 [ERROR] LogOutputStream:75 - [STDERR_REDIRECT] 
2025-03-04 10:48:28,306 [ERROR] LogOutputStream:75 - [STDERR_REDIRECT] [Fatal Error] :1:1: Premature end of file.
2025-03-04 10:48:28,307 [ERROR] LogOutputStream:75 - [STDERR_REDIRECT] 
2025-03-04 10:48:29,266 [ERROR] LogOutputStream:75 - [STDERR_REDIRECT] [Fatal Error] :1:1: Premature end of file.
2025-03-04 10:48:29,267 [ERROR] LogOutputStream:75 - [STDERR_REDIRECT] 
2025-03-04 10:48:30,272 [ERROR] LogOutputStream:75 - [STDERR_REDIRECT] [Fatal Error] :1:1: Premature end of file.
2025-03-04 10:48:30,272 [ERROR] LogOutputStream:75 - [STDERR_REDIRECT] 
2025-03-04 10:48:31,273 [ERROR] LogOutputStream:75 - [STDERR_REDIRECT] [Fatal Error] :1:1: Premature end of file.
2025-03-04 10:48:31,274 [ERROR] LogOutputStream:75 - [STDERR_REDIRECT] 
2025-03-04 10:48:32,270 [ERROR] LogOutputStream:75 - [STDERR_REDIRECT] [Fatal Error] :1:1: Premature end of file.
2025-03-04 10:48:32,271 [ERROR] LogOutputStream:75 - [STDERR_REDIRECT] 
2025-03-04 10:48:33,266 [ERROR] LogOutputStream:75 - [STDERR_REDIRECT] [Fatal Error] :1:1: Premature end of file.
2025-03-04 10:48:33,266 [ERROR] LogOutputStream:75 - [STDERR_REDIRECT] 
2025-03-04 10:48:34,268 [ERROR] LogOutputStream:75 - [STDERR_REDIRECT] [Fatal Error] :1:1: Premature end of file.
2025-03-04 10:48:34,268 [ERROR] LogOutputStream:75 - [STDERR_REDIRECT] 
2025-03-04 10:48:35,267 [ERROR] LogOutputStream:75 - [STDERR_REDIRECT] [Fatal Error] :1:1: Premature end of file.
2025-03-04 10:48:35,267 [ERROR] LogOutputStream:75 - [STDERR_REDIRECT] 
2025-03-04 10:48:36,266 [ERROR] LogOutputStream:75 - [STDERR_REDIRECT] [Fatal Error] :1:1: Premature end of file.
2025-03-04 10:48:36,266 [ERROR] LogOutputStream:75 - [STDERR_REDIRECT] 
2025-03-04 10:48:37,256 [ERROR] LogOutputStream:75 - [STDERR_REDIRECT] [Fatal Error] :1:1: Premature end of file.
2025-03-04 10:48:37,256 [ERROR] LogOutputStream:75 - [STDERR_REDIRECT] 
2025-03-04 10:48:38,261 [ERROR] LogOutputStream:75 - [STDERR_REDIRECT] [Fatal Error] :1:1: Premature end of file.
2025-03-04 10:48:38,261 [ERROR] LogOutputStream:75 - [STDERR_REDIRECT] 
2025-03-04 10:48:39,253 [ERROR] LogOutputStream:75 - [STDERR_REDIRECT] [Fatal Error] :1:1: Premature end of file.
2025-03-04 10:48:39,253 [ERROR] LogOutputStream:75 - [STDERR_REDIRECT] 
2025-03-04 10:48:40,271 [ERROR] LogOutputStream:75 - [STDERR_REDIRECT] [Fatal Error] :1:1: Premature end of file.
2025-03-04 10:48:40,272 [ERROR] LogOutputStream:75 - [STDERR_REDIRECT] 
2025-03-04 10:48:41,266 [ERROR] LogOutputStream:75 - [STDERR_REDIRECT] [Fatal Error] :1:1: Premature end of file.
2025-03-04 10:48:41,267 [ERROR] LogOutputStream:75 - [STDERR_REDIRECT] 
2025-03-04 10:48:42,261 [ERROR] LogOutputStream:75 - [STDERR_REDIRECT] [Fatal Error] :1:1: Premature end of file.
2025-03-04 10:48:42,261 [ERROR] LogOutputStream:75 - [STDERR_REDIRECT] 
2025-03-04 10:48:43,281 [ERROR] LogOutputStream:75 - [STDERR_REDIRECT] [Fatal Error] :1:1: Premature end of file.
2025-03-04 10:48:43,282 [ERROR] LogOutputStream:75 - [STDERR_REDIRECT] 
2025-03-04 10:48:44,252 [ERROR] LogOutputStream:75 - [STDERR_REDIRECT] [Fatal Error] :1:1: Premature end of file.
2025-03-04 10:48:44,252 [ERROR] LogOutputStream:75 - [STDERR_REDIRECT] 
2025-03-04 10:48:45,277 [ERROR] LogOutputStream:75 - [STDERR_REDIRECT] [Fatal Error] :1:1: Premature end of file.
2025-03-04 10:48:45,278 [ERROR] LogOutputStream:75 - [STDERR_REDIRECT] 
2025-03-04 10:48:46,258 [ERROR] LogOutputStream:75 - [STDERR_REDIRECT] [Fatal Error] :1:1: Premature end of file.
2025-03-04 10:48:46,259 [ERROR] LogOutputStream:75 - [STDERR_REDIRECT] 
2025-03-04 10:48:47,257 [ERROR] LogOutputStream:75 - [STDERR_REDIRECT] [Fatal Error] :1:1: Premature end of file.
2025-03-04 10:48:47,257 [ERROR] LogOutputStream:75 - [STDERR_REDIRECT] 
2025-03-04 10:48:48,253 [ERROR] LogOutputStream:75 - [STDERR_REDIRECT] [Fatal Error] :1:1: Premature end of file.
2025-03-04 10:48:48,253 [ERROR] LogOutputStream:75 - [STDERR_REDIRECT] 
2025-03-04 10:48:49,272 [ERROR] LogOutputStream:75 - [STDERR_REDIRECT] [Fatal Error] :1:1: Premature end of file.
2025-03-04 10:48:49,273 [ERROR] LogOutputStream:75 - [STDERR_REDIRECT] 
2025-03-04 10:48:50,270 [ERROR] LogOutputStream:75 - [STDERR_REDIRECT] [Fatal Error] :1:1: Premature end of file.
2025-03-04 10:48:50,270 [ERROR] LogOutputStream:75 - [STDERR_REDIRECT] 
2025-03-04 10:48:51,269 [ERROR] LogOutputStream:75 - [STDERR_REDIRECT] [Fatal Error] :1:1: Premature end of file.
2025-03-04 10:48:51,270 [ERROR] LogOutputStream:75 - [STDERR_REDIRECT] 
2025-03-04 10:48:52,269 [ERROR] LogOutputStream:75 - [STDERR_REDIRECT] [Fatal Error] :1:1: Premature end of file.
2025-03-04 10:48:52,269 [ERROR] LogOutputStream:75 - [STDERR_REDIRECT] 
2025-03-04 10:48:53,267 [ERROR] LogOutputStream:75 - [STDERR_REDIRECT] [Fatal Error] :1:1: Premature end of file.
2025-03-04 10:48:53,267 [ERROR] LogOutputStream:75 - [STDERR_REDIRECT] 
2025-03-04 10:48:54,261 [ERROR] LogOutputStream:75 - [STDERR_REDIRECT] [Fatal Error] :1:1: Premature end of file.
2025-03-04 10:48:54,261 [ERROR] LogOutputStream:75 - [STDERR_REDIRECT] 
2025-03-04 10:48:55,254 [ERROR] LogOutputStream:75 - [STDERR_REDIRECT] [Fatal Error] :1:1: Premature end of file.
2025-03-04 10:48:55,254 [ERROR] LogOutputStream:75 - [STDERR_REDIRECT] 
2025-03-04 10:48:56,269 [ERROR] LogOutputStream:75 - [STDERR_REDIRECT] [Fatal Error] :1:1: Premature end of file.
2025-03-04 10:48:56,269 [ERROR] LogOutputStream:75 - [STDERR_REDIRECT] 
2025-03-04 10:48:57,259 [ERROR] LogOutputStream:75 - [STDERR_REDIRECT] [Fatal Error] :1:1: Premature end of file.
2025-03-04 10:48:57,260 [ERROR] LogOutputStream:75 - [STDERR_REDIRECT] 
2025-03-04 10:48:58,259 [ERROR] LogOutputStream:75 - [STDERR_REDIRECT] [Fatal Error] :1:1: Premature end of file.
2025-03-04 10:48:58,260 [ERROR] LogOutputStream:75 - [STDERR_REDIRECT] 
2025-03-04 10:48:59,269 [ERROR] LogOutputStream:75 - [STDERR_REDIRECT] [Fatal Error] :1:1: Premature end of file.
2025-03-04 10:48:59,269 [ERROR] LogOutputStream:75 - [STDERR_REDIRECT] 
2025-03-04 10:49:00,254 [ERROR] LogOutputStream:75 - [STDERR_REDIRECT] [Fatal Error] :1:1: Premature end of file.
2025-03-04 10:49:00,254 [ERROR] LogOutputStream:75 - [STDERR_REDIRECT] 
2025-03-04 10:49:01,268 [ERROR] LogOutputStream:75 - [STDERR_REDIRECT] [Fatal Error] :1:1: Premature end of file.
2025-03-04 10:49:01,268 [ERROR] LogOutputStream:75 - [STDERR_REDIRECT] 
2025-03-04 10:49:02,272 [ERROR] LogOutputStream:75 - [STDERR_REDIRECT] [Fatal Error] :1:1: Premature end of file.
2025-03-04 10:49:02,272 [ERROR] LogOutputStream:75 - [STDERR_REDIRECT] 
2025-03-04 10:49:03,266 [ERROR] LogOutputStream:75 - [STDERR_REDIRECT] [Fatal Error] :1:1: Premature end of file.
2025-03-04 10:49:03,266 [ERROR] LogOutputStream:75 - [STDERR_REDIRECT] 
2025-03-04 10:49:04,261 [ERROR] LogOutputStream:75 - [STDERR_REDIRECT] [Fatal Error] :1:1: Premature end of file.
2025-03-04 10:49:04,261 [ERROR] LogOutputStream:75 - [STDERR_REDIRECT] 
2025-03-04 10:49:05,266 [ERROR] LogOutputStream:75 - [STDERR_REDIRECT] [Fatal Error] :1:1: Premature end of file.
2025-03-04 10:49:05,267 [ERROR] LogOutputStream:75 - [STDERR_REDIRECT] 
2025-03-04 10:49:06,266 [ERROR] LogOutputStream:75 - [STDERR_REDIRECT] [Fatal Error] :1:1: Premature end of file.
2025-03-04 10:49:06,267 [ERROR] LogOutputStream:75 - [STDERR_REDIRECT] 
2025-03-04 10:49:07,269 [ERROR] LogOutputStream:75 - [STDERR_REDIRECT] [Fatal Error] :1:1: Premature end of file.
2025-03-04 10:49:07,270 [ERROR] LogOutputStream:75 - [STDERR_REDIRECT] 
2025-03-04 10:49:08,260 [ERROR] LogOutputStream:75 - [STDERR_REDIRECT] [Fatal Error] :1:1: Premature end of file.
2025-03-04 10:49:08,261 [ERROR] LogOutputStream:75 - [STDERR_REDIRECT] 
2025-03-04 10:49:09,258 [ERROR] LogOutputStream:75 - [STDERR_REDIRECT] [Fatal Error] :1:1: Premature end of file.
2025-03-04 10:49:09,259 [ERROR] LogOutputStream:75 - [STDERR_REDIRECT] 
2025-03-04 10:49:10,253 [ERROR] LogOutputStream:75 - [STDERR_REDIRECT] [Fatal Error] :1:1: Premature end of file.
2025-03-04 10:49:10,253 [ERROR] LogOutputStream:75 - [STDERR_REDIRECT] 
2025-03-04 10:49:11,256 [ERROR] LogOutputStream:75 - [STDERR_REDIRECT] [Fatal Error] :1:1: Premature end of file.
2025-03-04 10:49:11,256 [ERROR] LogOutputStream:75 - [STDERR_REDIRECT] 
2025-03-04 10:49:12,270 [ERROR] LogOutputStream:75 - [STDERR_REDIRECT] [Fatal Error] :1:1: Premature end of file.
2025-03-04 10:49:12,270 [ERROR] LogOutputStream:75 - [STDERR_REDIRECT] 
2025-03-04 10:49:13,273 [ERROR] LogOutputStream:75 - [STDERR_REDIRECT] [Fatal Error] :1:1: Premature end of file.
2025-03-04 10:49:13,273 [ERROR] LogOutputStream:75 - [STDERR_REDIRECT] 
2025-03-04 10:49:14,276 [ERROR] LogOutputStream:75 - [STDERR_REDIRECT] [Fatal Error] :1:1: Premature end of file.
2025-03-04 10:49:14,276 [ERROR] LogOutputStream:75 - [STDERR_REDIRECT] 
2025-03-04 10:49:15,269 [ERROR] LogOutputStream:75 - [STDERR_REDIRECT] [Fatal Error] :1:1: Premature end of file.
2025-03-04 10:49:15,269 [ERROR] LogOutputStream:75 - [STDERR_REDIRECT] 
2025-03-04 10:49:16,268 [ERROR] LogOutputStream:75 - [STDERR_REDIRECT] [Fatal Error] :1:1: Premature end of file.
2025-03-04 10:49:16,269 [ERROR] LogOutputStream:75 - [STDERR_REDIRECT] 
2025-03-04 10:49:17,261 [ERROR] LogOutputStream:75 - [STDERR_REDIRECT] [Fatal Error] :1:1: Premature end of file.
2025-03-04 10:49:17,261 [ERROR] LogOutputStream:75 - [STDERR_REDIRECT] 
2025-03-04 10:49:18,261 [ERROR] LogOutputStream:75 - [STDERR_REDIRECT] [Fatal Error] :1:1: Premature end of file.
2025-03-04 10:49:18,261 [ERROR] LogOutputStream:75 - [STDERR_REDIRECT] 
2025-03-04 10:49:19,258 [ERROR] LogOutputStream:75 - [STDERR_REDIRECT] [Fatal Error] :1:1: Premature end of file.
2025-03-04 10:49:19,259 [ERROR] LogOutputStream:75 - [STDERR_REDIRECT] 
2025-03-04 10:49:20,257 [ERROR] LogOutputStream:75 - [STDERR_REDIRECT] [Fatal Error] :1:1: Premature end of file.
2025-03-04 10:49:20,257 [ERROR] LogOutputStream:75 - [STDERR_REDIRECT] 
2025-03-04 10:49:21,267 [ERROR] LogOutputStream:75 - [STDERR_REDIRECT] [Fatal Error] :1:1: Premature end of file.
2025-03-04 10:49:21,267 [ERROR] LogOutputStream:75 - [STDERR_REDIRECT] 
2025-03-04 10:49:22,269 [ERROR] LogOutputStream:75 - [STDERR_REDIRECT] [Fatal Error] :1:1: Premature end of file.
2025-03-04 10:49:22,270 [ERROR] LogOutputStream:75 - [STDERR_REDIRECT] 
2025-03-04 10:49:23,273 [ERROR] LogOutputStream:75 - [STDERR_REDIRECT] [Fatal Error] :1:1: Premature end of file.
2025-03-04 10:49:23,273 [ERROR] LogOutputStream:75 - [STDERR_REDIRECT] 
2025-03-04 10:49:24,272 [ERROR] LogOutputStream:75 - [STDERR_REDIRECT] [Fatal Error] :1:1: Premature end of file.
2025-03-04 10:49:24,272 [ERROR] LogOutputStream:75 - [STDERR_REDIRECT] 
2025-03-04 10:49:25,270 [ERROR] LogOutputStream:75 - [STDERR_REDIRECT] [Fatal Error] :1:1: Premature end of file.
2025-03-04 10:49:25,270 [ERROR] LogOutputStream:75 - [STDERR_REDIRECT] 
2025-03-04 10:49:26,364 [ERROR] LogOutputStream:75 - [STDERR_REDIRECT] [Fatal Error] :1:1: Premature end of file.
2025-03-04 10:49:26,365 [ERROR] LogOutputStream:75 - [STDERR_REDIRECT] 
2025-03-04 10:49:27,285 [ERROR] LogOutputStream:75 - [STDERR_REDIRECT] [Fatal Error] :1:1: Premature end of file.
2025-03-04 10:49:27,286 [ERROR] LogOutputStream:75 - [STDERR_REDIRECT] 
2025-03-04 10:49:28,244 [ERROR] LogOutputStream:75 - [STDERR_REDIRECT] [Fatal Error] :1:1: Premature end of file.
2025-03-04 10:49:28,245 [ERROR] LogOutputStream:75 - [STDERR_REDIRECT] 
2025-03-04 10:49:29,343 [ERROR] LogOutputStream:75 - [STDERR_REDIRECT] [Fatal Error] :1:1: Premature end of file.
2025-03-04 10:49:29,343 [ERROR] LogOutputStream:75 - [STDERR_REDIRECT] 
2025-03-04 10:49:30,262 [ERROR] LogOutputStream:75 - [STDERR_REDIRECT] [Fatal Error] :1:1: Premature end of file.
2025-03-04 10:49:30,262 [ERROR] LogOutputStream:75 - [STDERR_REDIRECT] 
2025-03-04 10:49:31,267 [ERROR] LogOutputStream:75 - [STDERR_REDIRECT] [Fatal Error] :1:1: Premature end of file.
2025-03-04 10:49:31,267 [ERROR] LogOutputStream:75 - [STDERR_REDIRECT] 
2025-03-04 10:49:32,320 [ERROR] LogOutputStream:75 - [STDERR_REDIRECT] [Fatal Error] :1:1: Premature end of file.
2025-03-04 10:49:32,321 [ERROR] LogOutputStream:75 - [STDERR_REDIRECT] 
2025-03-04 10:49:33,258 [ERROR] LogOutputStream:75 - [STDERR_REDIRECT] [Fatal Error] :1:1: Premature end of file.
2025-03-04 10:49:33,258 [ERROR] LogOutputStream:75 - [STDERR_REDIRECT] 
2025-03-04 10:49:34,265 [ERROR] LogOutputStream:75 - [STDERR_REDIRECT] [Fatal Error] :1:1: Premature end of file.
2025-03-04 10:49:34,265 [ERROR] LogOutputStream:75 - [STDERR_REDIRECT] 
2025-03-04 10:49:35,236 [ERROR] LogOutputStream:75 - [STDERR_REDIRECT] [Fatal Error] :1:1: Premature end of file.
2025-03-04 10:49:35,236 [ERROR] LogOutputStream:75 - [STDERR_REDIRECT] 
2025-03-04 10:49:36,237 [ERROR] LogOutputStream:75 - [STDERR_REDIRECT] [Fatal Error] :1:1: Premature end of file.
2025-03-04 10:49:36,237 [ERROR] LogOutputStream:75 - [STDERR_REDIRECT] 
2025-03-04 10:49:37,237 [ERROR] LogOutputStream:75 - [STDERR_REDIRECT] [Fatal Error] :1:1: Premature end of file.
2025-03-04 10:49:37,237 [ERROR] LogOutputStream:75 - [STDERR_REDIRECT] 
2025-03-04 10:49:38,239 [ERROR] LogOutputStream:75 - [STDERR_REDIRECT] [Fatal Error] :1:1: Premature end of file.
2025-03-04 10:49:38,240 [ERROR] LogOutputStream:75 - [STDERR_REDIRECT] 
2025-03-04 10:49:39,232 [ERROR] LogOutputStream:75 - [STDERR_REDIRECT] [Fatal Error] :1:1: Premature end of file.
2025-03-04 10:49:39,233 [ERROR] LogOutputStream:75 - [STDERR_REDIRECT] 
2025-03-04 10:49:40,224 [ERROR] LogOutputStream:75 - [STDERR_REDIRECT] [Fatal Error] :1:1: Premature end of file.
2025-03-04 10:49:40,224 [ERROR] LogOutputStream:75 - [STDERR_REDIRECT] 
2025-03-04 10:49:41,239 [ERROR] LogOutputStream:75 - [STDERR_REDIRECT] [Fatal Error] :1:1: Premature end of file.
2025-03-04 10:49:41,239 [ERROR] LogOutputStream:75 - [STDERR_REDIRECT] 
2025-03-04 10:49:41,814 [INFO] WebApp:194 - Connection lost
2025-03-04 10:49:41,983 [INFO] WebApp:191 - Connection restablished
2025-03-04 10:49:42,246 [ERROR] LogOutputStream:75 - [STDERR_REDIRECT] [Fatal Error] :1:1: Premature end of file.
2025-03-04 10:49:42,246 [ERROR] LogOutputStream:75 - [STDERR_REDIRECT] 
2025-03-04 10:49:43,244 [ERROR] LogOutputStream:75 - [STDERR_REDIRECT] [Fatal Error] :1:1: Premature end of file.
2025-03-04 10:49:43,245 [ERROR] LogOutputStream:75 - [STDERR_REDIRECT] 
2025-03-04 10:49:44,257 [ERROR] LogOutputStream:75 - [STDERR_REDIRECT] [Fatal Error] :1:1: Premature end of file.
2025-03-04 10:49:44,258 [ERROR] LogOutputStream:75 - [STDERR_REDIRECT] 
2025-03-04 10:49:45,291 [ERROR] LogOutputStream:75 - [STDERR_REDIRECT] [Fatal Error] :1:1: Premature end of file.
2025-03-04 10:49:45,292 [ERROR] LogOutputStream:75 - [STDERR_REDIRECT] 
2025-03-04 10:49:45,375 [INFO] WebApp:194 - Connection lost
2025-03-04 10:49:45,547 [INFO] WebApp:191 - Connection restablished
2025-03-04 10:49:46,241 [ERROR] LogOutputStream:75 - [STDERR_REDIRECT] [Fatal Error] :1:1: Premature end of file.
2025-03-04 10:49:46,242 [ERROR] LogOutputStream:75 - [STDERR_REDIRECT] 
2025-03-04 10:49:47,241 [ERROR] LogOutputStream:75 - [STDERR_REDIRECT] [Fatal Error] :1:1: Premature end of file.
2025-03-04 10:49:47,242 [ERROR] LogOutputStream:75 - [STDERR_REDIRECT] 
2025-03-04 10:49:48,221 [ERROR] LogOutputStream:75 - [STDERR_REDIRECT] [Fatal Error] :1:1: Premature end of file.
2025-03-04 10:49:48,222 [ERROR] LogOutputStream:75 - [STDERR_REDIRECT] 
2025-03-04 10:49:49,247 [ERROR] LogOutputStream:75 - [STDERR_REDIRECT] [Fatal Error] :1:1: Premature end of file.
2025-03-04 10:49:49,247 [ERROR] LogOutputStream:75 - [STDERR_REDIRECT] 
2025-03-04 10:49:50,240 [ERROR] LogOutputStream:75 - [STDERR_REDIRECT] [Fatal Error] :1:1: Premature end of file.
2025-03-04 10:49:50,240 [ERROR] LogOutputStream:75 - [STDERR_REDIRECT] 
2025-03-04 10:49:51,242 [ERROR] LogOutputStream:75 - [STDERR_REDIRECT] [Fatal Error] :1:1: Premature end of file.
2025-03-04 10:49:51,242 [ERROR] LogOutputStream:75 - [STDERR_REDIRECT] 
2025-03-04 10:49:52,241 [ERROR] LogOutputStream:75 - [STDERR_REDIRECT] [Fatal Error] :1:1: Premature end of file.
2025-03-04 10:49:52,241 [ERROR] LogOutputStream:75 - [STDERR_REDIRECT] 
2025-03-04 10:49:53,250 [ERROR] LogOutputStream:75 - [STDERR_REDIRECT] [Fatal Error] :1:1: Premature end of file.
2025-03-04 10:49:53,250 [ERROR] LogOutputStream:75 - [STDERR_REDIRECT] 
2025-03-04 10:49:54,246 [ERROR] LogOutputStream:75 - [STDERR_REDIRECT] [Fatal Error] :1:1: Premature end of file.
2025-03-04 10:49:54,246 [ERROR] LogOutputStream:75 - [STDERR_REDIRECT] 
2025-03-04 10:49:55,252 [ERROR] LogOutputStream:75 - [STDERR_REDIRECT] [Fatal Error] :1:1: Premature end of file.
2025-03-04 10:49:55,252 [ERROR] LogOutputStream:75 - [STDERR_REDIRECT] 
2025-03-04 10:49:56,243 [ERROR] LogOutputStream:75 - [STDERR_REDIRECT] [Fatal Error] :1:1: Premature end of file.
2025-03-04 10:49:56,243 [ERROR] LogOutputStream:75 - [STDERR_REDIRECT] 
2025-03-04 10:49:57,253 [ERROR] LogOutputStream:75 - [STDERR_REDIRECT] [Fatal Error] :1:1: Premature end of file.
2025-03-04 10:49:57,254 [ERROR] LogOutputStream:75 - [STDERR_REDIRECT] 
2025-03-04 10:49:58,247 [ERROR] LogOutputStream:75 - [STDERR_REDIRECT] [Fatal Error] :1:1: Premature end of file.
2025-03-04 10:49:58,248 [ERROR] LogOutputStream:75 - [STDERR_REDIRECT] 
2025-03-04 10:49:59,252 [ERROR] LogOutputStream:75 - [STDERR_REDIRECT] [Fatal Error] :1:1: Premature end of file.
2025-03-04 10:49:59,252 [ERROR] LogOutputStream:75 - [STDERR_REDIRECT] 
2025-03-04 10:50:00,252 [ERROR] LogOutputStream:75 - [STDERR_REDIRECT] [Fatal Error] :1:1: Premature end of file.
2025-03-04 10:50:00,253 [ERROR] LogOutputStream:75 - [STDERR_REDIRECT] 
2025-03-04 10:50:01,235 [ERROR] LogOutputStream:75 - [STDERR_REDIRECT] [Fatal Error] :1:1: Premature end of file.
2025-03-04 10:50:01,235 [ERROR] LogOutputStream:75 - [STDERR_REDIRECT] 
2025-03-04 10:50:02,237 [ERROR] LogOutputStream:75 - [STDERR_REDIRECT] [Fatal Error] :1:1: Premature end of file.
2025-03-04 10:50:02,238 [ERROR] LogOutputStream:75 - [STDERR_REDIRECT] 
2025-03-04 10:50:03,302 [ERROR] LogOutputStream:75 - [STDERR_REDIRECT] [Fatal Error] :1:1: Premature end of file.
2025-03-04 10:50:03,303 [ERROR] LogOutputStream:75 - [STDERR_REDIRECT] 
2025-03-04 10:50:04,086 [ERROR] LogOutputStream:75 - [STDERR_REDIRECT] 
2025-03-04 10:50:04,089 [ERROR] LogOutputStream:75 - [STDERR_REDIRECT] 
