2025-03-25 09:16:32,036 [INFO] Activator:176 - 


2025-03-25 09:16:32,037 [INFO] Activator:177 - !SESSION log4j initialized
2025-03-25 09:16:33,723 [ERROR] LogOutputStream:75 - [STDERR_REDIRECT] [Fatal Error] :1:1: Premature end of file.
2025-03-25 09:16:33,724 [ERROR] LogOutputStream:75 - [STDERR_REDIRECT] 
2025-03-25 09:16:34,185 [ERROR] LogOutputStream:75 - [STDERR_REDIRECT] [Fatal Error] :1:1: Premature end of file.
2025-03-25 09:16:34,185 [ERROR] LogOutputStream:75 - [STDERR_REDIRECT] 
2025-03-25 09:16:34,578 [INFO] LogOutputStream:77 - [STDOUT_REDIRECT] 
2025-03-25 09:16:35,197 [ERROR] LogOutputStream:75 - [STDERR_REDIRECT] [Fatal Error] :1:1: Premature end of file.
2025-03-25 09:16:35,198 [ERROR] LogOutputStream:75 - [STDERR_REDIRECT] 
2025-03-25 09:16:36,198 [ERROR] LogOutputStream:75 - [STDERR_REDIRECT] [Fatal Error] :1:1: Premature end of file.
2025-03-25 09:16:36,198 [ERROR] LogOutputStream:75 - [STDERR_REDIRECT] 
2025-03-25 09:16:36,322 [INFO] ApplicationProperties:184 - Using Application install path: C:\ST\STM32CubeIDE_1.17.0\STM32CubeIDE\plugins\com.st.stm32cube.common.mx_6.14.0.202502271554
2025-03-25 09:16:36,341 [INFO] DbMcusXml:78 - Set database path to: C:\ST\STM32CubeIDE_1.17.0\STM32CubeIDE\plugins\com.st.stm32cube.common.mx_6.14.0.202502271554\\db\/mcu/
2025-03-25 09:16:36,342 [INFO] ApiDb:274 - Set plugin database path to: C:\ST\STM32CubeIDE_1.17.0\STM32CubeIDE\plugins\com.st.stm32cube.common.mx_6.14.0.202502271554\\db\/plugins/boardmanager/
2025-03-25 09:16:36,342 [WARN] ApiDb:259 - Overriding images path with different value:  => C:\ST\STM32CubeIDE_1.17.0\STM32CubeIDE\plugins\com.st.stm32cube.common.mx_6.14.0.202502271554\\db\/plugins/mcufinder/images/
2025-03-25 09:16:36,348 [INFO] ApiDb:250 - Set database path to: C:\Users\raj\.stmcufinder\plugins\mcufinder//mcu/
2025-03-25 09:16:36,350 [INFO] DbMcusAds:125 - Set database path to: C:\Users\raj\.stmcufinder\plugins\mcufinder//mcu/
2025-03-25 09:16:36,353 [INFO] CrossReferenceDbSqlite:203 - Set database path to: C:\Users\raj\.stmcufinder\plugins\mcufinder//mcu/cs/
2025-03-25 09:16:36,473 [INFO] RulesReader:64 - Compatibility file has been processed (301 Rules)
2025-03-25 09:16:36,532 [INFO] DbMcusXml:78 - Set database path to: C:\ST\STM32CubeIDE_1.17.0\STM32CubeIDE\plugins\com.st.stm32cube.common.mx_6.14.0.202502271554\\db\/mcu/
2025-03-25 09:16:36,532 [INFO] ApiDb:274 - Set plugin database path to: C:\ST\STM32CubeIDE_1.17.0\STM32CubeIDE\plugins\com.st.stm32cube.common.mx_6.14.0.202502271554\\db\/plugins/boardmanager/
2025-03-25 09:16:36,532 [INFO] ApiDb:261 - Set plugin images path to: C:\ST\STM32CubeIDE_1.17.0\STM32CubeIDE\plugins\com.st.stm32cube.common.mx_6.14.0.202502271554\\db\/plugins/mcufinder/images/
2025-03-25 09:16:36,532 [WARN] DbFile:41 - Overriding database path with different value: C:\Users\raj\.stmcufinder\plugins\mcufinder/ => C:\Users\raj\.stmcufinder\plugins\mcufinder
2025-03-25 09:16:36,533 [INFO] ApiDb:250 - Set database path to: C:\Users\raj\.stmcufinder\plugins\mcufinder//mcu/
2025-03-25 09:16:36,533 [WARN] DbFile:41 - Overriding database path with different value: C:\Users\raj\.stmcufinder\plugins\mcufinder/ => C:\Users\raj\.stmcufinder\plugins\mcufinder
2025-03-25 09:16:36,533 [INFO] DbMcusAds:125 - Set database path to: C:\Users\raj\.stmcufinder\plugins\mcufinder//mcu/
2025-03-25 09:16:36,533 [WARN] DbFile:41 - Overriding database path with different value: C:\Users\raj\.stmcufinder\plugins\mcufinder/ => C:\Users\raj\.stmcufinder\plugins\mcufinder
2025-03-25 09:16:36,533 [WARN] DbFile:41 - Overriding database path with different value: C:\Users\raj\.stmcufinder\plugins\mcufinder/ => C:\Users\raj\.stmcufinder\plugins\mcufinder
2025-03-25 09:16:36,533 [INFO] CrossReferenceDbSqlite:203 - Set database path to: C:\Users\raj\.stmcufinder\plugins\mcufinder//mcu/cs/
2025-03-25 09:16:36,602 [INFO] MainPanel:272 - HeapMemory: 268435456
2025-03-25 09:16:36,755 [INFO] DbMcusXml:78 - Set database path to: C:\ST\STM32CubeIDE_1.17.0\STM32CubeIDE\plugins\com.st.stm32cube.common.mx_6.14.0.202502271554\\db\/mcu/
2025-03-25 09:16:36,755 [INFO] ApiDb:274 - Set plugin database path to: C:\ST\STM32CubeIDE_1.17.0\STM32CubeIDE\plugins\com.st.stm32cube.common.mx_6.14.0.202502271554\\db\/plugins/boardmanager/
2025-03-25 09:16:36,755 [INFO] ApiDb:261 - Set plugin images path to: C:\ST\STM32CubeIDE_1.17.0\STM32CubeIDE\plugins\com.st.stm32cube.common.mx_6.14.0.202502271554\\db\/plugins/mcufinder/images/
2025-03-25 09:16:36,758 [WARN] DbFile:41 - Overriding database path with different value: C:\Users\raj\.stmcufinder\plugins\mcufinder/ => C:\Users\raj\.stmcufinder\plugins\mcufinder
2025-03-25 09:16:36,759 [INFO] ApiDb:250 - Set database path to: C:\Users\raj\.stmcufinder\plugins\mcufinder//mcu/
2025-03-25 09:16:36,759 [WARN] DbFile:41 - Overriding database path with different value: C:\Users\raj\.stmcufinder\plugins\mcufinder/ => C:\Users\raj\.stmcufinder\plugins\mcufinder
2025-03-25 09:16:36,759 [INFO] DbMcusAds:125 - Set database path to: C:\Users\raj\.stmcufinder\plugins\mcufinder//mcu/
2025-03-25 09:16:36,759 [WARN] DbFile:41 - Overriding database path with different value: C:\Users\raj\.stmcufinder\plugins\mcufinder/ => C:\Users\raj\.stmcufinder\plugins\mcufinder
2025-03-25 09:16:36,759 [WARN] DbFile:41 - Overriding database path with different value: C:\Users\raj\.stmcufinder\plugins\mcufinder/ => C:\Users\raj\.stmcufinder\plugins\mcufinder
2025-03-25 09:16:36,759 [INFO] CrossReferenceDbSqlite:203 - Set database path to: C:\Users\raj\.stmcufinder\plugins\mcufinder//mcu/cs/
2025-03-25 09:16:36,776 [INFO] ApplicationProperties:184 - Using Application install path: C:\ST\STM32CubeIDE_1.17.0\STM32CubeIDE\plugins\com.st.stm32cube.common.mx_6.14.0.202502271554
2025-03-25 09:16:36,777 [INFO] PluginManage:196 - Search for loadable plugins [exclusion list=, ]
2025-03-25 09:16:36,778 [INFO] PluginManage:310 - Check plugin analytics
2025-03-25 09:16:36,981 [INFO] AnalyticsPlugin:253 - Accepted Software Licenses: 
2025-03-25 09:16:36,981 [INFO] AnalyticsPlugin:255 - Accepted CMSIS Pack Licenses: 
2025-03-25 09:16:36,981 [INFO] AnalyticsPlugin:257 - Accepted Firmware Licenses: FW.L4.1.18.0
2025-03-25 09:16:36,983 [INFO] PluginManage:359 - Loaded plugin analytics (category:tool,tabindex:-1)
2025-03-25 09:16:36,983 [INFO] PluginManage:310 - Check plugin cadmodel
2025-03-25 09:16:36,997 [INFO] CADModel:105 - Init CAD model plugin
2025-03-25 09:16:36,997 [INFO] PluginManage:359 - Loaded plugin cadmodel (category:power,tabindex:5)
2025-03-25 09:16:36,997 [INFO] PluginManage:310 - Check plugin clock
2025-03-25 09:16:37,012 [INFO] PluginManage:359 - Loaded plugin clock (category:base,tabindex:2)
2025-03-25 09:16:37,012 [INFO] PluginManage:310 - Check plugin ddr
2025-03-25 09:16:37,014 [INFO] PluginManage:359 - Loaded plugin ddr (category:tool,tabindex:6)
2025-03-25 09:16:37,014 [INFO] PluginManage:310 - Check plugin filemanager
2025-03-25 09:16:37,123 [INFO] PluginManage:359 - Loaded plugin filemanager (category:base,tabindex:10)
2025-03-25 09:16:37,123 [INFO] PluginManage:310 - Check plugin ipmanager
2025-03-25 09:16:37,128 [INFO] PluginManage:359 - Loaded plugin ipmanager (category:base,tabindex:5)
2025-03-25 09:16:37,128 [INFO] PluginManage:310 - Check plugin lpbam
2025-03-25 09:16:37,148 [INFO] PluginManage:359 - Loaded plugin lpbam (category:base,tabindex:0)
2025-03-25 09:16:37,148 [INFO] PluginManage:310 - Check plugin memorymap
2025-03-25 09:16:37,172 [INFO] PluginManage:359 - Loaded plugin memorymap (category:base,tabindex:4)
2025-03-25 09:16:37,172 [INFO] PluginManage:310 - Check plugin pinoutandconfiguration
2025-03-25 09:16:37,184 [ERROR] LogOutputStream:75 - [STDERR_REDIRECT] [Fatal Error] :1:1: Premature end of file.
2025-03-25 09:16:37,184 [ERROR] LogOutputStream:75 - [STDERR_REDIRECT] 
2025-03-25 09:16:37,188 [INFO] PluginManage:359 - Loaded plugin pinoutandconfiguration (category:base,tabindex:1)
2025-03-25 09:16:37,189 [INFO] PluginManage:310 - Check plugin pinoutconfig
2025-03-25 09:16:37,262 [WARN] SupportedApi:132 - Cannot load RTOS API schema: s4s-elt-must-match.1: The content of 'definitions' must match (annotation?, (simpleType | complexType)?, (unique | key | keyref)*)). A problem was found starting at: attribute.
2025-03-25 09:16:37,362 [INFO] PluginManage:359 - Loaded plugin pinoutconfig (category:base,tabindex:0)
2025-03-25 09:16:37,362 [INFO] PluginManage:310 - Check plugin power
2025-03-25 09:16:37,378 [INFO] PluginManage:359 - Loaded plugin power (category:power,tabindex:4)
2025-03-25 09:16:37,378 [INFO] PluginManage:310 - Check plugin projectmanager
2025-03-25 09:16:37,389 [INFO] PluginManage:359 - Loaded plugin projectmanager (category:projectmanager,tabindex:4)
2025-03-25 09:16:37,389 [INFO] PluginManage:310 - Check plugin rif
2025-03-25 09:16:37,403 [INFO] PluginManage:359 - Loaded plugin rif (category:base,tabindex:3)
2025-03-25 09:16:37,404 [INFO] PluginManage:310 - Check plugin thirdparty
2025-03-25 09:16:37,892 [INFO] PluginManage:359 - Loaded plugin thirdparty (category:base,tabindex:-1)
2025-03-25 09:16:37,892 [INFO] PluginManage:310 - Check plugin tools
2025-03-25 09:16:37,892 [WARN] IntegrityCheckThread:84 - waiting for thirdparty lock release [integrity check]
2025-03-25 09:16:37,892 [INFO] IntegrityCheckThread:86 - entering critical section [integrity check]
2025-03-25 09:16:37,893 [INFO] ThirdPartyUpdaterWithRetryManager:70 - Updater plugin not ready yet. [1/15]
2025-03-25 09:16:37,971 [INFO] PluginManage:359 - Loaded plugin tools (category:base,tabindex:7)
2025-03-25 09:16:37,971 [INFO] PluginManage:310 - Check plugin tutovideos
2025-03-25 09:16:38,220 [ERROR] LogOutputStream:75 - [STDERR_REDIRECT] [Fatal Error] :1:1: Premature end of file.
2025-03-25 09:16:38,221 [ERROR] LogOutputStream:75 - [STDERR_REDIRECT] 
2025-03-25 09:16:38,242 [INFO] PluginManage:359 - Loaded plugin tutovideos (category:base,tabindex:-1)
2025-03-25 09:16:38,242 [INFO] PluginManage:310 - Check plugin updater
2025-03-25 09:16:38,263 [INFO] PluginManage:359 - Loaded plugin updater (category:base,tabindex:12)
2025-03-25 09:16:38,263 [INFO] PluginManage:310 - Check plugin userauth
2025-03-25 09:16:38,266 [INFO] UserAuth:118 - Init User Auth plugin
2025-03-25 09:16:38,267 [INFO] PluginManage:359 - Loaded plugin userauth (category:base,tabindex:14)
2025-03-25 09:16:38,268 [INFO] PluginManage:283 - PluginManage : Loaded plugins [18]
2025-03-25 09:16:38,513 [INFO] PinOutPanel:1589 - setPackage(No Configuration,No Configuration)
2025-03-25 09:16:38,617 [INFO] CADModel:165 - CPN selected for project level
2025-03-25 09:16:38,617 [INFO] CADModel:114 - Register for checkConnection events
2025-03-25 09:16:38,643 [INFO] IPUIPlugin:80 - create IPUIPlugin
2025-03-25 09:16:38,643 [INFO] PluginManager:220 - loadIPPluginJar : add adc
2025-03-25 09:16:38,683 [INFO] IPUIPlugin:80 - create IPUIPlugin
2025-03-25 09:16:38,683 [INFO] PluginManager:220 - loadIPPluginJar : add aes
2025-03-25 09:16:38,728 [INFO] IPUIPlugin:80 - create IPUIPlugin
2025-03-25 09:16:38,728 [INFO] PluginManager:220 - loadIPPluginJar : add can
2025-03-25 09:16:38,757 [INFO] IPUIPlugin:80 - create IPUIPlugin
2025-03-25 09:16:38,757 [INFO] PluginManager:220 - loadIPPluginJar : add comp
2025-03-25 09:16:38,797 [INFO] IPUIPlugin:80 - create IPUIPlugin
2025-03-25 09:16:38,797 [INFO] PluginManager:220 - loadIPPluginJar : add cryp
2025-03-25 09:16:38,810 [INFO] IPUIPlugin:80 - create IPUIPlugin
2025-03-25 09:16:38,810 [INFO] PluginManager:220 - loadIPPluginJar : add ddr_ctrl_phy
2025-03-25 09:16:38,844 [INFO] IPUIPlugin:80 - create IPUIPlugin
2025-03-25 09:16:38,844 [INFO] PluginManager:220 - loadIPPluginJar : add dfsdm
2025-03-25 09:16:38,858 [INFO] IPUIPlugin:80 - create IPUIPlugin
2025-03-25 09:16:38,859 [INFO] PluginManager:220 - loadIPPluginJar : add dma
2025-03-25 09:16:38,904 [INFO] IPUIPlugin:80 - create IPUIPlugin
2025-03-25 09:16:38,904 [INFO] PluginManager:220 - loadIPPluginJar : add dma3
2025-03-25 09:16:38,970 [INFO] IPUIPlugin:80 - create IPUIPlugin
2025-03-25 09:16:38,970 [INFO] PluginManager:220 - loadIPPluginJar : add extmemmanager
2025-03-25 09:16:39,008 [INFO] IPUIPlugin:80 - create IPUIPlugin
2025-03-25 09:16:39,008 [INFO] PluginManager:220 - loadIPPluginJar : add fatfs
2025-03-25 09:16:39,071 [INFO] IPUIPlugin:80 - create IPUIPlugin
2025-03-25 09:16:39,071 [INFO] PluginManager:220 - loadIPPluginJar : add fmc
2025-03-25 09:16:39,093 [INFO] IPUIPlugin:80 - create IPUIPlugin
2025-03-25 09:16:39,093 [INFO] PluginManager:220 - loadIPPluginJar : add freertos
2025-03-25 09:16:39,122 [INFO] IPUIPlugin:80 - create IPUIPlugin
2025-03-25 09:16:39,122 [INFO] PluginManager:220 - loadIPPluginJar : add genericplugin
2025-03-25 09:16:39,206 [ERROR] LogOutputStream:75 - [STDERR_REDIRECT] [Fatal Error] :1:1: Premature end of file.
2025-03-25 09:16:39,207 [ERROR] LogOutputStream:75 - [STDERR_REDIRECT] 
2025-03-25 09:16:39,295 [INFO] IPUIPlugin:80 - create IPUIPlugin
2025-03-25 09:16:39,295 [INFO] PluginManager:220 - loadIPPluginJar : add gfxmmu
2025-03-25 09:16:39,483 [INFO] IPUIPlugin:80 - create IPUIPlugin
2025-03-25 09:16:39,484 [INFO] PluginManager:220 - loadIPPluginJar : add gic
2025-03-25 09:16:39,506 [INFO] IPUIPlugin:80 - create IPUIPlugin
2025-03-25 09:16:39,507 [INFO] PluginManager:220 - loadIPPluginJar : add gpio
2025-03-25 09:16:39,624 [INFO] IPUIPlugin:80 - create IPUIPlugin
2025-03-25 09:16:39,624 [INFO] PluginManager:220 - loadIPPluginJar : add gtzc
2025-03-25 09:16:39,668 [INFO] IPUIPlugin:80 - create IPUIPlugin
2025-03-25 09:16:39,668 [INFO] PluginManager:220 - loadIPPluginJar : add hash
2025-03-25 09:16:39,721 [INFO] IPUIPlugin:80 - create IPUIPlugin
2025-03-25 09:16:39,721 [INFO] PluginManager:220 - loadIPPluginJar : add i2c
2025-03-25 09:16:39,760 [INFO] IPUIPlugin:80 - create IPUIPlugin
2025-03-25 09:16:39,760 [INFO] PluginManager:220 - loadIPPluginJar : add i2s
2025-03-25 09:16:39,804 [INFO] IPUIPlugin:80 - create IPUIPlugin
2025-03-25 09:16:39,804 [INFO] PluginManager:220 - loadIPPluginJar : add i3c
2025-03-25 09:16:39,899 [INFO] IPUIPlugin:80 - create IPUIPlugin
2025-03-25 09:16:39,899 [INFO] PluginManager:220 - loadIPPluginJar : add ipddr
2025-03-25 09:16:39,996 [INFO] IPUIPlugin:80 - create IPUIPlugin
2025-03-25 09:16:39,996 [INFO] PluginManager:220 - loadIPPluginJar : add linkedlist
2025-03-25 09:16:40,035 [INFO] IPUIPlugin:80 - create IPUIPlugin
2025-03-25 09:16:40,035 [INFO] PluginManager:220 - loadIPPluginJar : add lorawan
2025-03-25 09:16:40,069 [INFO] IPUIPlugin:80 - create IPUIPlugin
2025-03-25 09:16:40,069 [INFO] PluginManager:220 - loadIPPluginJar : add ltdc
2025-03-25 09:16:40,084 [INFO] IPUIPlugin:80 - create IPUIPlugin
2025-03-25 09:16:40,084 [INFO] PluginManager:220 - loadIPPluginJar : add mdma
2025-03-25 09:16:40,099 [INFO] IPUIPlugin:80 - create IPUIPlugin
2025-03-25 09:16:40,099 [INFO] PluginManager:220 - loadIPPluginJar : add nvic
2025-03-25 09:16:40,144 [INFO] IPUIPlugin:80 - create IPUIPlugin
2025-03-25 09:16:40,144 [INFO] PluginManager:220 - loadIPPluginJar : add opamp
2025-03-25 09:16:40,195 [ERROR] LogOutputStream:75 - [STDERR_REDIRECT] [Fatal Error] :1:1: Premature end of file.
2025-03-25 09:16:40,196 [ERROR] LogOutputStream:75 - [STDERR_REDIRECT] 
2025-03-25 09:16:40,225 [INFO] IPUIPlugin:80 - create IPUIPlugin
2025-03-25 09:16:40,226 [INFO] PluginManager:220 - loadIPPluginJar : add openamp
2025-03-25 09:16:40,267 [INFO] IPUIPlugin:80 - create IPUIPlugin
2025-03-25 09:16:40,267 [INFO] PluginManager:220 - loadIPPluginJar : add pdm2pcm
2025-03-25 09:16:40,281 [INFO] IPUIPlugin:80 - create IPUIPlugin
2025-03-25 09:16:40,282 [INFO] PluginManager:220 - loadIPPluginJar : add plateformsettings
2025-03-25 09:16:40,306 [INFO] IPUIPlugin:80 - create IPUIPlugin
2025-03-25 09:16:40,306 [INFO] PluginManager:220 - loadIPPluginJar : add quadspi
2025-03-25 09:16:40,331 [INFO] IPUIPlugin:80 - create IPUIPlugin
2025-03-25 09:16:40,331 [INFO] PluginManager:220 - loadIPPluginJar : add radio
2025-03-25 09:16:40,344 [INFO] IPUIPlugin:80 - create IPUIPlugin
2025-03-25 09:16:40,345 [INFO] PluginManager:220 - loadIPPluginJar : add resmgrutility
2025-03-25 09:16:40,398 [INFO] IPUIPlugin:80 - create IPUIPlugin
2025-03-25 09:16:40,398 [INFO] PluginManager:220 - loadIPPluginJar : add sai
2025-03-25 09:16:40,442 [INFO] IPUIPlugin:80 - create IPUIPlugin
2025-03-25 09:16:40,442 [INFO] PluginManager:220 - loadIPPluginJar : add spi
2025-03-25 09:16:40,510 [INFO] IPUIPlugin:80 - create IPUIPlugin
2025-03-25 09:16:40,510 [INFO] PluginManager:220 - loadIPPluginJar : add stm32_wpan
2025-03-25 09:16:40,533 [INFO] IPUIPlugin:80 - create IPUIPlugin
2025-03-25 09:16:40,533 [INFO] PluginManager:220 - loadIPPluginJar : add tim
2025-03-25 09:16:40,587 [INFO] IPUIPlugin:80 - create IPUIPlugin
2025-03-25 09:16:40,587 [INFO] PluginManager:220 - loadIPPluginJar : add touchsensing
2025-03-25 09:16:40,609 [INFO] IPUIPlugin:80 - create IPUIPlugin
2025-03-25 09:16:40,609 [INFO] PluginManager:220 - loadIPPluginJar : add tracer_emb
2025-03-25 09:16:40,635 [INFO] IPUIPlugin:80 - create IPUIPlugin
2025-03-25 09:16:40,635 [INFO] PluginManager:220 - loadIPPluginJar : add ts
2025-03-25 09:16:40,661 [INFO] IPUIPlugin:80 - create IPUIPlugin
2025-03-25 09:16:40,661 [INFO] PluginManager:220 - loadIPPluginJar : add tsc
2025-03-25 09:16:40,685 [INFO] IPUIPlugin:80 - create IPUIPlugin
2025-03-25 09:16:40,685 [INFO] PluginManager:220 - loadIPPluginJar : add ucpd
2025-03-25 09:16:40,722 [INFO] IPUIPlugin:80 - create IPUIPlugin
2025-03-25 09:16:40,722 [INFO] PluginManager:220 - loadIPPluginJar : add usart
2025-03-25 09:16:40,761 [INFO] IPUIPlugin:80 - create IPUIPlugin
2025-03-25 09:16:40,761 [INFO] PluginManager:220 - loadIPPluginJar : add usbx
2025-03-25 09:16:40,869 [FATAL] Updater:351 - Updater called before beeing initialized
2025-03-25 09:16:40,895 [INFO] ThirdPartyUpdaterWithRetryManager:70 - Updater plugin not ready yet. [2/15]
2025-03-25 09:16:40,903 [INFO] RulesReader:64 - Compatibility file has been processed (301 Rules)
2025-03-25 09:16:40,912 [INFO] RulesReader:64 - Compatibility file has been processed (301 Rules)
2025-03-25 09:16:40,923 [INFO] CADModel:165 - CPN selected for project level
2025-03-25 09:16:40,923 [INFO] CADModel:114 - Register for checkConnection events
2025-03-25 09:16:40,923 [FATAL] Updater:351 - Updater called before beeing initialized
2025-03-25 09:16:40,923 [ERROR] CADModel:125 - Updater not yet initialized, retry later 
2025-03-25 09:16:41,044 [FATAL] Updater:351 - Updater called before beeing initialized
2025-03-25 09:16:41,046 [INFO] CADModel:165 - CPN selected for project level
2025-03-25 09:16:41,046 [INFO] CADModel:114 - Register for checkConnection events
2025-03-25 09:16:41,046 [FATAL] Updater:351 - Updater called before beeing initialized
2025-03-25 09:16:41,046 [ERROR] CADModel:125 - Updater not yet initialized, retry later 
2025-03-25 09:16:41,049 [FATAL] Updater:351 - Updater called before beeing initialized
2025-03-25 09:16:41,123 [FATAL] Updater:351 - Updater called before beeing initialized
2025-03-25 09:16:41,133 [INFO] DbMcusAds:53 - JSON generation date=Thu Mar 06 15:54:21 CET 2025 (1741272861825)
2025-03-25 09:16:41,133 [FATAL] Updater:351 - Updater called before beeing initialized
2025-03-25 09:16:41,157 [WARN] DetailPanel:346 - Failed to get advertising image, set to default
2025-03-25 09:16:41,189 [ERROR] LogOutputStream:75 - [STDERR_REDIRECT] [Fatal Error] :1:1: Premature end of file.
2025-03-25 09:16:41,189 [ERROR] LogOutputStream:75 - [STDERR_REDIRECT] 
2025-03-25 09:16:41,310 [FATAL] Updater:351 - Updater called before beeing initialized
2025-03-25 09:16:41,311 [FATAL] Updater:351 - Updater called before beeing initialized
2025-03-25 09:16:41,311 [FATAL] Updater:351 - Updater called before beeing initialized
2025-03-25 09:16:41,311 [WARN] DetailPanel:346 - Failed to get advertising image, set to default
2025-03-25 09:16:41,312 [FATAL] Updater:351 - Updater called before beeing initialized
2025-03-25 09:16:41,373 [ERROR] Updater:1198 - MainUpdater not yet initialized. External WinMGr cannot be set.
2025-03-25 09:16:41,382 [INFO] Updater:1134 - Updater Version found : 6.14.0
2025-03-25 09:16:41,398 [INFO] ApplicationProperties:184 - Using Application install path: C:\ST\STM32CubeIDE_1.17.0\STM32CubeIDE\plugins\com.st.stm32cube.common.mx_6.14.0.202502271554
2025-03-25 09:16:42,213 [ERROR] LogOutputStream:75 - [STDERR_REDIRECT] [Fatal Error] :1:1: Premature end of file.
2025-03-25 09:16:42,213 [ERROR] LogOutputStream:75 - [STDERR_REDIRECT] 
2025-03-25 09:16:42,981 [ERROR] LogOutputStream:75 - [STDERR_REDIRECT] Mar 25, 2025 9:16:42 AM java.util.prefs.WindowsPreferences <init>
2025-03-25 09:16:42,984 [ERROR] LogOutputStream:75 - [STDERR_REDIRECT] WARNING: Could not open/create prefs root node Software\JavaSoft\Prefs at root 0xffffffff80000002. Windows RegCreateKeyEx(...) returned error code 5.
2025-03-25 09:16:42,984 [ERROR] LogOutputStream:75 - [STDERR_REDIRECT] 
2025-03-25 09:16:43,183 [ERROR] LogOutputStream:75 - [STDERR_REDIRECT] [Fatal Error] :1:1: Premature end of file.
2025-03-25 09:16:43,183 [ERROR] LogOutputStream:75 - [STDERR_REDIRECT] 
2025-03-25 09:16:43,897 [FATAL] Updater:351 - Updater called before beeing initialized
2025-03-25 09:16:43,898 [ERROR] IntegrityCheckThread:130 - Cannot retrieve database content from updater: error 21
2025-03-25 09:16:43,898 [INFO] ThirdParty:978 - Integrity check success = false
2025-03-25 09:16:43,898 [INFO] IntegrityCheckThread:100 - exiting critical section [integrity check]
2025-03-25 09:16:43,899 [INFO] IntegrityCheckThread:103 - End integrity checks thread
2025-03-25 09:16:44,223 [ERROR] LogOutputStream:75 - [STDERR_REDIRECT] [Fatal Error] :1:1: Premature end of file.
2025-03-25 09:16:44,223 [ERROR] LogOutputStream:75 - [STDERR_REDIRECT] 
2025-03-25 09:16:44,625 [INFO] MainUpdater:2872 - connection check result : 10
2025-03-25 09:16:44,626 [INFO] MainUpdater:289 - Updater Check For Update Now.
2025-03-25 09:16:44,627 [INFO] MicroXplorer:498 - Change Database Version : DB.6.0.140
2025-03-25 09:16:44,681 [INFO] McuFinderGlobals:63 - Set McuFinder mode to 2 (CubeIDE integrated)
2025-03-25 09:16:44,693 [INFO] UserAuth:486 - Internet connection configuration mode: 1
2025-03-25 09:16:44,733 [INFO] JxBrowserEngine:152 - Initiate JxBrowser Engine with user profile folder
2025-03-25 09:16:44,851 [INFO] CheckServerUpdateThread:120 - End of CheckServer Thread
2025-03-25 09:16:45,224 [ERROR] LogOutputStream:75 - [STDERR_REDIRECT] [Fatal Error] :1:1: Premature end of file.
2025-03-25 09:16:45,224 [ERROR] LogOutputStream:75 - [STDERR_REDIRECT] 
2025-03-25 09:16:45,601 [INFO] WebApp:169 - Instantiating new browser for Auth
2025-03-25 09:16:46,221 [ERROR] LogOutputStream:75 - [STDERR_REDIRECT] [Fatal Error] :1:1: Premature end of file.
2025-03-25 09:16:46,221 [ERROR] LogOutputStream:75 - [STDERR_REDIRECT] 
2025-03-25 09:16:46,448 [INFO] WebApp:463 - Apply proxy settings
2025-03-25 09:16:46,448 [INFO] WebApp:548 - Chromium requires no authentication
2025-03-25 09:16:46,459 [INFO] WebApp:491 - Direct internet connection detected
2025-03-25 09:16:46,497 [INFO] WebApp:894 - Register for checkConnection events
2025-03-25 09:16:46,498 [INFO] WebApp:463 - Apply proxy settings
2025-03-25 09:16:46,498 [INFO] WebApp:548 - Chromium requires no authentication
2025-03-25 09:16:46,499 [INFO] WebApp:491 - Direct internet connection detected
2025-03-25 09:16:46,653 [INFO] WebApp:225 - Starting web application
2025-03-25 09:16:46,653 [INFO] WebApp:593 - Web application path used C:\ST\STM32CubeIDE_1.17.0\STM32CubeIDE\plugins\com.st.stm32cube.common.mx_6.14.0.202502271554\db\plugins\mcufinder\reactClient1\index.html
2025-03-25 09:16:47,035 [INFO] UserAuth:486 - Internet connection configuration mode: 1
2025-03-25 09:16:47,221 [ERROR] LogOutputStream:75 - [STDERR_REDIRECT] [Fatal Error] :1:1: Premature end of file.
2025-03-25 09:16:47,222 [ERROR] LogOutputStream:75 - [STDERR_REDIRECT] 
2025-03-25 09:16:47,783 [INFO] WebApp:191 - Connection restablished
2025-03-25 09:16:48,212 [ERROR] LogOutputStream:75 - [STDERR_REDIRECT] [Fatal Error] :1:1: Premature end of file.
2025-03-25 09:16:48,212 [ERROR] LogOutputStream:75 - [STDERR_REDIRECT] 
2025-03-25 09:16:49,232 [ERROR] LogOutputStream:75 - [STDERR_REDIRECT] [Fatal Error] :1:1: Premature end of file.
2025-03-25 09:16:49,233 [ERROR] LogOutputStream:75 - [STDERR_REDIRECT] 
2025-03-25 09:16:50,246 [ERROR] LogOutputStream:75 - [STDERR_REDIRECT] [Fatal Error] :1:1: Premature end of file.
2025-03-25 09:16:50,247 [ERROR] LogOutputStream:75 - [STDERR_REDIRECT] 
2025-03-25 09:16:51,208 [ERROR] LogOutputStream:75 - [STDERR_REDIRECT] [Fatal Error] :1:1: Premature end of file.
2025-03-25 09:16:51,208 [ERROR] LogOutputStream:75 - [STDERR_REDIRECT] 
2025-03-25 09:16:52,215 [ERROR] LogOutputStream:75 - [STDERR_REDIRECT] [Fatal Error] :1:1: Premature end of file.
2025-03-25 09:16:52,215 [ERROR] LogOutputStream:75 - [STDERR_REDIRECT] 
2025-03-25 09:16:53,207 [ERROR] LogOutputStream:75 - [STDERR_REDIRECT] [Fatal Error] :1:1: Premature end of file.
2025-03-25 09:16:53,207 [ERROR] LogOutputStream:75 - [STDERR_REDIRECT] 
2025-03-25 09:16:54,236 [ERROR] LogOutputStream:75 - [STDERR_REDIRECT] [Fatal Error] :1:1: Premature end of file.
2025-03-25 09:16:54,237 [ERROR] LogOutputStream:75 - [STDERR_REDIRECT] 
2025-03-25 09:16:55,205 [ERROR] LogOutputStream:75 - [STDERR_REDIRECT] [Fatal Error] :1:1: Premature end of file.
2025-03-25 09:16:55,205 [ERROR] LogOutputStream:75 - [STDERR_REDIRECT] 
2025-03-25 09:16:56,211 [ERROR] LogOutputStream:75 - [STDERR_REDIRECT] [Fatal Error] :1:1: Premature end of file.
2025-03-25 09:16:56,211 [ERROR] LogOutputStream:75 - [STDERR_REDIRECT] 
2025-03-25 09:16:57,212 [ERROR] LogOutputStream:75 - [STDERR_REDIRECT] [Fatal Error] :1:1: Premature end of file.
2025-03-25 09:16:57,213 [ERROR] LogOutputStream:75 - [STDERR_REDIRECT] 
2025-03-25 09:16:58,210 [ERROR] LogOutputStream:75 - [STDERR_REDIRECT] [Fatal Error] :1:1: Premature end of file.
2025-03-25 09:16:58,210 [ERROR] LogOutputStream:75 - [STDERR_REDIRECT] 
2025-03-25 09:16:59,218 [ERROR] LogOutputStream:75 - [STDERR_REDIRECT] [Fatal Error] :1:1: Premature end of file.
2025-03-25 09:16:59,218 [ERROR] LogOutputStream:75 - [STDERR_REDIRECT] 
2025-03-25 09:17:00,226 [ERROR] LogOutputStream:75 - [STDERR_REDIRECT] [Fatal Error] :1:1: Premature end of file.
2025-03-25 09:17:00,227 [ERROR] LogOutputStream:75 - [STDERR_REDIRECT] 
2025-03-25 09:17:01,216 [ERROR] LogOutputStream:75 - [STDERR_REDIRECT] [Fatal Error] :1:1: Premature end of file.
2025-03-25 09:17:01,216 [ERROR] LogOutputStream:75 - [STDERR_REDIRECT] 
2025-03-25 09:17:02,234 [ERROR] LogOutputStream:75 - [STDERR_REDIRECT] [Fatal Error] :1:1: Premature end of file.
2025-03-25 09:17:02,235 [ERROR] LogOutputStream:75 - [STDERR_REDIRECT] 
2025-03-25 09:17:03,212 [ERROR] LogOutputStream:75 - [STDERR_REDIRECT] [Fatal Error] :1:1: Premature end of file.
2025-03-25 09:17:03,212 [ERROR] LogOutputStream:75 - [STDERR_REDIRECT] 
2025-03-25 09:17:04,216 [ERROR] LogOutputStream:75 - [STDERR_REDIRECT] [Fatal Error] :1:1: Premature end of file.
2025-03-25 09:17:04,217 [ERROR] LogOutputStream:75 - [STDERR_REDIRECT] 
2025-03-25 09:17:05,215 [ERROR] LogOutputStream:75 - [STDERR_REDIRECT] [Fatal Error] :1:1: Premature end of file.
2025-03-25 09:17:05,215 [ERROR] LogOutputStream:75 - [STDERR_REDIRECT] 
2025-03-25 09:17:06,221 [ERROR] LogOutputStream:75 - [STDERR_REDIRECT] [Fatal Error] :1:1: Premature end of file.
2025-03-25 09:17:06,221 [ERROR] LogOutputStream:75 - [STDERR_REDIRECT] 
2025-03-25 09:17:07,205 [ERROR] LogOutputStream:75 - [STDERR_REDIRECT] [Fatal Error] :1:1: Premature end of file.
2025-03-25 09:17:07,205 [ERROR] LogOutputStream:75 - [STDERR_REDIRECT] 
2025-03-25 09:17:08,193 [ERROR] LogOutputStream:75 - [STDERR_REDIRECT] [Fatal Error] :1:1: Premature end of file.
2025-03-25 09:17:08,193 [ERROR] LogOutputStream:75 - [STDERR_REDIRECT] 
2025-03-25 09:17:09,205 [ERROR] LogOutputStream:75 - [STDERR_REDIRECT] [Fatal Error] :1:1: Premature end of file.
2025-03-25 09:17:09,205 [ERROR] LogOutputStream:75 - [STDERR_REDIRECT] 
2025-03-25 09:17:10,227 [ERROR] LogOutputStream:75 - [STDERR_REDIRECT] [Fatal Error] :1:1: Premature end of file.
2025-03-25 09:17:10,227 [ERROR] LogOutputStream:75 - [STDERR_REDIRECT] 
2025-03-25 09:17:11,193 [ERROR] LogOutputStream:75 - [STDERR_REDIRECT] [Fatal Error] :1:1: Premature end of file.
2025-03-25 09:17:11,193 [ERROR] LogOutputStream:75 - [STDERR_REDIRECT] 
2025-03-25 09:17:12,226 [ERROR] LogOutputStream:75 - [STDERR_REDIRECT] [Fatal Error] :1:1: Premature end of file.
2025-03-25 09:17:12,227 [ERROR] LogOutputStream:75 - [STDERR_REDIRECT] 
2025-03-25 09:17:13,223 [ERROR] LogOutputStream:75 - [STDERR_REDIRECT] [Fatal Error] :1:1: Premature end of file.
2025-03-25 09:17:13,224 [ERROR] LogOutputStream:75 - [STDERR_REDIRECT] 
2025-03-25 09:17:14,213 [ERROR] LogOutputStream:75 - [STDERR_REDIRECT] [Fatal Error] :1:1: Premature end of file.
2025-03-25 09:17:14,213 [ERROR] LogOutputStream:75 - [STDERR_REDIRECT] 
2025-03-25 09:17:15,223 [ERROR] LogOutputStream:75 - [STDERR_REDIRECT] [Fatal Error] :1:1: Premature end of file.
2025-03-25 09:17:15,224 [ERROR] LogOutputStream:75 - [STDERR_REDIRECT] 
2025-03-25 09:17:16,210 [ERROR] LogOutputStream:75 - [STDERR_REDIRECT] [Fatal Error] :1:1: Premature end of file.
2025-03-25 09:17:16,211 [ERROR] LogOutputStream:75 - [STDERR_REDIRECT] 
2025-03-25 09:17:17,191 [ERROR] LogOutputStream:75 - [STDERR_REDIRECT] [Fatal Error] :1:1: Premature end of file.
2025-03-25 09:17:17,191 [ERROR] LogOutputStream:75 - [STDERR_REDIRECT] 
2025-03-25 09:17:18,206 [ERROR] LogOutputStream:75 - [STDERR_REDIRECT] [Fatal Error] :1:1: Premature end of file.
2025-03-25 09:17:18,206 [ERROR] LogOutputStream:75 - [STDERR_REDIRECT] 
2025-03-25 09:17:19,187 [ERROR] LogOutputStream:75 - [STDERR_REDIRECT] [Fatal Error] :1:1: Premature end of file.
2025-03-25 09:17:19,187 [ERROR] LogOutputStream:75 - [STDERR_REDIRECT] 
2025-03-25 09:17:20,189 [ERROR] LogOutputStream:75 - [STDERR_REDIRECT] [Fatal Error] :1:1: Premature end of file.
2025-03-25 09:17:20,189 [ERROR] LogOutputStream:75 - [STDERR_REDIRECT] 
2025-03-25 09:17:21,187 [ERROR] LogOutputStream:75 - [STDERR_REDIRECT] [Fatal Error] :1:1: Premature end of file.
2025-03-25 09:17:21,188 [ERROR] LogOutputStream:75 - [STDERR_REDIRECT] 
2025-03-25 09:17:22,187 [ERROR] LogOutputStream:75 - [STDERR_REDIRECT] [Fatal Error] :1:1: Premature end of file.
2025-03-25 09:17:22,187 [ERROR] LogOutputStream:75 - [STDERR_REDIRECT] 
2025-03-25 09:17:23,194 [ERROR] LogOutputStream:75 - [STDERR_REDIRECT] [Fatal Error] :1:1: Premature end of file.
2025-03-25 09:17:23,194 [ERROR] LogOutputStream:75 - [STDERR_REDIRECT] 
2025-03-25 09:17:24,186 [ERROR] LogOutputStream:75 - [STDERR_REDIRECT] [Fatal Error] :1:1: Premature end of file.
2025-03-25 09:17:24,187 [ERROR] LogOutputStream:75 - [STDERR_REDIRECT] 
2025-03-25 09:17:25,185 [ERROR] LogOutputStream:75 - [STDERR_REDIRECT] [Fatal Error] :1:1: Premature end of file.
2025-03-25 09:17:25,185 [ERROR] LogOutputStream:75 - [STDERR_REDIRECT] 
2025-03-25 09:17:26,186 [ERROR] LogOutputStream:75 - [STDERR_REDIRECT] [Fatal Error] :1:1: Premature end of file.
2025-03-25 09:17:26,187 [ERROR] LogOutputStream:75 - [STDERR_REDIRECT] 
2025-03-25 09:17:27,212 [ERROR] LogOutputStream:75 - [STDERR_REDIRECT] [Fatal Error] :1:1: Premature end of file.
2025-03-25 09:17:27,213 [ERROR] LogOutputStream:75 - [STDERR_REDIRECT] 
2025-03-25 09:17:28,197 [ERROR] LogOutputStream:75 - [STDERR_REDIRECT] [Fatal Error] :1:1: Premature end of file.
2025-03-25 09:17:28,197 [ERROR] LogOutputStream:75 - [STDERR_REDIRECT] 
2025-03-25 09:17:29,238 [ERROR] LogOutputStream:75 - [STDERR_REDIRECT] [Fatal Error] :1:1: Premature end of file.
2025-03-25 09:17:29,238 [ERROR] LogOutputStream:75 - [STDERR_REDIRECT] 
2025-03-25 09:17:30,232 [ERROR] LogOutputStream:75 - [STDERR_REDIRECT] [Fatal Error] :1:1: Premature end of file.
2025-03-25 09:17:30,232 [ERROR] LogOutputStream:75 - [STDERR_REDIRECT] 
2025-03-25 09:17:31,224 [ERROR] LogOutputStream:75 - [STDERR_REDIRECT] [Fatal Error] :1:1: Premature end of file.
2025-03-25 09:17:31,224 [ERROR] LogOutputStream:75 - [STDERR_REDIRECT] 
2025-03-25 09:17:32,183 [ERROR] LogOutputStream:75 - [STDERR_REDIRECT] [Fatal Error] :1:1: Premature end of file.
2025-03-25 09:17:32,184 [ERROR] LogOutputStream:75 - [STDERR_REDIRECT] 
2025-03-25 09:17:33,219 [ERROR] LogOutputStream:75 - [STDERR_REDIRECT] [Fatal Error] :1:1: Premature end of file.
2025-03-25 09:17:33,220 [ERROR] LogOutputStream:75 - [STDERR_REDIRECT] 
2025-03-25 09:17:34,213 [ERROR] LogOutputStream:75 - [STDERR_REDIRECT] [Fatal Error] :1:1: Premature end of file.
2025-03-25 09:17:34,213 [ERROR] LogOutputStream:75 - [STDERR_REDIRECT] 
2025-03-25 09:17:35,217 [ERROR] LogOutputStream:75 - [STDERR_REDIRECT] [Fatal Error] :1:1: Premature end of file.
2025-03-25 09:17:35,217 [ERROR] LogOutputStream:75 - [STDERR_REDIRECT] 
2025-03-25 09:17:36,205 [ERROR] LogOutputStream:75 - [STDERR_REDIRECT] [Fatal Error] :1:1: Premature end of file.
2025-03-25 09:17:36,205 [ERROR] LogOutputStream:75 - [STDERR_REDIRECT] 
2025-03-25 09:17:37,184 [ERROR] LogOutputStream:75 - [STDERR_REDIRECT] [Fatal Error] :1:1: Premature end of file.
2025-03-25 09:17:37,184 [ERROR] LogOutputStream:75 - [STDERR_REDIRECT] 
2025-03-25 09:17:38,203 [ERROR] LogOutputStream:75 - [STDERR_REDIRECT] [Fatal Error] :1:1: Premature end of file.
2025-03-25 09:17:38,204 [ERROR] LogOutputStream:75 - [STDERR_REDIRECT] 
2025-03-25 09:17:39,236 [ERROR] LogOutputStream:75 - [STDERR_REDIRECT] [Fatal Error] :1:1: Premature end of file.
2025-03-25 09:17:39,236 [ERROR] LogOutputStream:75 - [STDERR_REDIRECT] 
2025-03-25 09:17:40,220 [ERROR] LogOutputStream:75 - [STDERR_REDIRECT] [Fatal Error] :1:1: Premature end of file.
2025-03-25 09:17:40,221 [ERROR] LogOutputStream:75 - [STDERR_REDIRECT] 
2025-03-25 09:17:41,210 [ERROR] LogOutputStream:75 - [STDERR_REDIRECT] [Fatal Error] :1:1: Premature end of file.
2025-03-25 09:17:41,210 [ERROR] LogOutputStream:75 - [STDERR_REDIRECT] 
2025-03-25 09:17:42,189 [ERROR] LogOutputStream:75 - [STDERR_REDIRECT] [Fatal Error] :1:1: Premature end of file.
2025-03-25 09:17:42,189 [ERROR] LogOutputStream:75 - [STDERR_REDIRECT] 
2025-03-25 09:17:43,198 [ERROR] LogOutputStream:75 - [STDERR_REDIRECT] [Fatal Error] :1:1: Premature end of file.
2025-03-25 09:17:43,198 [ERROR] LogOutputStream:75 - [STDERR_REDIRECT] 
2025-03-25 09:17:44,221 [ERROR] LogOutputStream:75 - [STDERR_REDIRECT] [Fatal Error] :1:1: Premature end of file.
2025-03-25 09:17:44,223 [ERROR] LogOutputStream:75 - [STDERR_REDIRECT] 
2025-03-25 09:17:45,217 [ERROR] LogOutputStream:75 - [STDERR_REDIRECT] [Fatal Error] :1:1: Premature end of file.
2025-03-25 09:17:45,217 [ERROR] LogOutputStream:75 - [STDERR_REDIRECT] 
2025-03-25 09:17:46,221 [ERROR] LogOutputStream:75 - [STDERR_REDIRECT] [Fatal Error] :1:1: Premature end of file.
2025-03-25 09:17:46,221 [ERROR] LogOutputStream:75 - [STDERR_REDIRECT] 
2025-03-25 09:17:47,216 [ERROR] LogOutputStream:75 - [STDERR_REDIRECT] [Fatal Error] :1:1: Premature end of file.
2025-03-25 09:17:47,216 [ERROR] LogOutputStream:75 - [STDERR_REDIRECT] 
2025-03-25 09:17:48,216 [ERROR] LogOutputStream:75 - [STDERR_REDIRECT] [Fatal Error] :1:1: Premature end of file.
2025-03-25 09:17:48,216 [ERROR] LogOutputStream:75 - [STDERR_REDIRECT] 
2025-03-25 09:17:49,222 [ERROR] LogOutputStream:75 - [STDERR_REDIRECT] [Fatal Error] :1:1: Premature end of file.
2025-03-25 09:17:49,222 [ERROR] LogOutputStream:75 - [STDERR_REDIRECT] 
2025-03-25 09:17:50,218 [ERROR] LogOutputStream:75 - [STDERR_REDIRECT] [Fatal Error] :1:1: Premature end of file.
2025-03-25 09:17:50,219 [ERROR] LogOutputStream:75 - [STDERR_REDIRECT] 
2025-03-25 09:17:51,206 [ERROR] LogOutputStream:75 - [STDERR_REDIRECT] [Fatal Error] :1:1: Premature end of file.
2025-03-25 09:17:51,206 [ERROR] LogOutputStream:75 - [STDERR_REDIRECT] 
2025-03-25 09:17:52,210 [ERROR] LogOutputStream:75 - [STDERR_REDIRECT] [Fatal Error] :1:1: Premature end of file.
2025-03-25 09:17:52,210 [ERROR] LogOutputStream:75 - [STDERR_REDIRECT] 
2025-03-25 09:17:53,224 [ERROR] LogOutputStream:75 - [STDERR_REDIRECT] [Fatal Error] :1:1: Premature end of file.
2025-03-25 09:17:53,225 [ERROR] LogOutputStream:75 - [STDERR_REDIRECT] 
2025-03-25 09:17:54,227 [ERROR] LogOutputStream:75 - [STDERR_REDIRECT] [Fatal Error] :1:1: Premature end of file.
2025-03-25 09:17:54,227 [ERROR] LogOutputStream:75 - [STDERR_REDIRECT] 
2025-03-25 09:17:55,212 [ERROR] LogOutputStream:75 - [STDERR_REDIRECT] [Fatal Error] :1:1: Premature end of file.
2025-03-25 09:17:55,212 [ERROR] LogOutputStream:75 - [STDERR_REDIRECT] 
2025-03-25 09:17:56,215 [ERROR] LogOutputStream:75 - [STDERR_REDIRECT] [Fatal Error] :1:1: Premature end of file.
2025-03-25 09:17:56,215 [ERROR] LogOutputStream:75 - [STDERR_REDIRECT] 
2025-03-25 09:17:57,215 [ERROR] LogOutputStream:75 - [STDERR_REDIRECT] [Fatal Error] :1:1: Premature end of file.
2025-03-25 09:17:57,215 [ERROR] LogOutputStream:75 - [STDERR_REDIRECT] 
2025-03-25 09:17:58,223 [ERROR] LogOutputStream:75 - [STDERR_REDIRECT] [Fatal Error] :1:1: Premature end of file.
2025-03-25 09:17:58,223 [ERROR] LogOutputStream:75 - [STDERR_REDIRECT] 
2025-03-25 09:17:59,223 [ERROR] LogOutputStream:75 - [STDERR_REDIRECT] [Fatal Error] :1:1: Premature end of file.
2025-03-25 09:17:59,224 [ERROR] LogOutputStream:75 - [STDERR_REDIRECT] 
2025-03-25 09:18:00,215 [ERROR] LogOutputStream:75 - [STDERR_REDIRECT] [Fatal Error] :1:1: Premature end of file.
2025-03-25 09:18:00,216 [ERROR] LogOutputStream:75 - [STDERR_REDIRECT] 
2025-03-25 09:18:01,219 [ERROR] LogOutputStream:75 - [STDERR_REDIRECT] [Fatal Error] :1:1: Premature end of file.
2025-03-25 09:18:01,219 [ERROR] LogOutputStream:75 - [STDERR_REDIRECT] 
2025-03-25 09:18:02,216 [ERROR] LogOutputStream:75 - [STDERR_REDIRECT] [Fatal Error] :1:1: Premature end of file.
2025-03-25 09:18:02,216 [ERROR] LogOutputStream:75 - [STDERR_REDIRECT] 
2025-03-25 09:18:03,226 [ERROR] LogOutputStream:75 - [STDERR_REDIRECT] [Fatal Error] :1:1: Premature end of file.
2025-03-25 09:18:03,226 [ERROR] LogOutputStream:75 - [STDERR_REDIRECT] 
2025-03-25 09:18:04,225 [ERROR] LogOutputStream:75 - [STDERR_REDIRECT] [Fatal Error] :1:1: Premature end of file.
2025-03-25 09:18:04,225 [ERROR] LogOutputStream:75 - [STDERR_REDIRECT] 
2025-03-25 09:18:05,219 [ERROR] LogOutputStream:75 - [STDERR_REDIRECT] [Fatal Error] :1:1: Premature end of file.
2025-03-25 09:18:05,220 [ERROR] LogOutputStream:75 - [STDERR_REDIRECT] 
2025-03-25 09:18:06,215 [ERROR] LogOutputStream:75 - [STDERR_REDIRECT] [Fatal Error] :1:1: Premature end of file.
2025-03-25 09:18:06,216 [ERROR] LogOutputStream:75 - [STDERR_REDIRECT] 
2025-03-25 09:18:07,211 [ERROR] LogOutputStream:75 - [STDERR_REDIRECT] [Fatal Error] :1:1: Premature end of file.
2025-03-25 09:18:07,211 [ERROR] LogOutputStream:75 - [STDERR_REDIRECT] 
2025-03-25 09:18:08,217 [ERROR] LogOutputStream:75 - [STDERR_REDIRECT] [Fatal Error] :1:1: Premature end of file.
2025-03-25 09:18:08,218 [ERROR] LogOutputStream:75 - [STDERR_REDIRECT] 
2025-03-25 09:18:09,223 [ERROR] LogOutputStream:75 - [STDERR_REDIRECT] [Fatal Error] :1:1: Premature end of file.
2025-03-25 09:18:09,223 [ERROR] LogOutputStream:75 - [STDERR_REDIRECT] 
2025-03-25 09:18:10,222 [ERROR] LogOutputStream:75 - [STDERR_REDIRECT] [Fatal Error] :1:1: Premature end of file.
2025-03-25 09:18:10,222 [ERROR] LogOutputStream:75 - [STDERR_REDIRECT] 
2025-03-25 09:18:11,215 [ERROR] LogOutputStream:75 - [STDERR_REDIRECT] [Fatal Error] :1:1: Premature end of file.
2025-03-25 09:18:11,216 [ERROR] LogOutputStream:75 - [STDERR_REDIRECT] 
2025-03-25 09:18:12,218 [ERROR] LogOutputStream:75 - [STDERR_REDIRECT] [Fatal Error] :1:1: Premature end of file.
2025-03-25 09:18:12,219 [ERROR] LogOutputStream:75 - [STDERR_REDIRECT] 
2025-03-25 09:18:13,214 [ERROR] LogOutputStream:75 - [STDERR_REDIRECT] [Fatal Error] :1:1: Premature end of file.
2025-03-25 09:18:13,215 [ERROR] LogOutputStream:75 - [STDERR_REDIRECT] 
2025-03-25 09:18:14,217 [ERROR] LogOutputStream:75 - [STDERR_REDIRECT] [Fatal Error] :1:1: Premature end of file.
2025-03-25 09:18:14,217 [ERROR] LogOutputStream:75 - [STDERR_REDIRECT] 
2025-03-25 09:18:15,205 [ERROR] LogOutputStream:75 - [STDERR_REDIRECT] [Fatal Error] :1:1: Premature end of file.
2025-03-25 09:18:15,205 [ERROR] LogOutputStream:75 - [STDERR_REDIRECT] 
2025-03-25 09:18:16,214 [ERROR] LogOutputStream:75 - [STDERR_REDIRECT] [Fatal Error] :1:1: Premature end of file.
2025-03-25 09:18:16,214 [ERROR] LogOutputStream:75 - [STDERR_REDIRECT] 
2025-03-25 09:18:17,224 [ERROR] LogOutputStream:75 - [STDERR_REDIRECT] [Fatal Error] :1:1: Premature end of file.
2025-03-25 09:18:17,224 [ERROR] LogOutputStream:75 - [STDERR_REDIRECT] 
2025-03-25 09:18:18,218 [ERROR] LogOutputStream:75 - [STDERR_REDIRECT] [Fatal Error] :1:1: Premature end of file.
2025-03-25 09:18:18,218 [ERROR] LogOutputStream:75 - [STDERR_REDIRECT] 
2025-03-25 09:18:19,225 [ERROR] LogOutputStream:75 - [STDERR_REDIRECT] [Fatal Error] :1:1: Premature end of file.
2025-03-25 09:18:19,226 [ERROR] LogOutputStream:75 - [STDERR_REDIRECT] 
2025-03-25 09:18:20,223 [ERROR] LogOutputStream:75 - [STDERR_REDIRECT] [Fatal Error] :1:1: Premature end of file.
2025-03-25 09:18:20,223 [ERROR] LogOutputStream:75 - [STDERR_REDIRECT] 
2025-03-25 09:18:21,221 [ERROR] LogOutputStream:75 - [STDERR_REDIRECT] [Fatal Error] :1:1: Premature end of file.
2025-03-25 09:18:21,221 [ERROR] LogOutputStream:75 - [STDERR_REDIRECT] 
2025-03-25 09:18:22,212 [ERROR] LogOutputStream:75 - [STDERR_REDIRECT] [Fatal Error] :1:1: Premature end of file.
2025-03-25 09:18:22,213 [ERROR] LogOutputStream:75 - [STDERR_REDIRECT] 
2025-03-25 09:18:23,212 [ERROR] LogOutputStream:75 - [STDERR_REDIRECT] [Fatal Error] :1:1: Premature end of file.
2025-03-25 09:18:23,213 [ERROR] LogOutputStream:75 - [STDERR_REDIRECT] 
2025-03-25 09:18:24,218 [ERROR] LogOutputStream:75 - [STDERR_REDIRECT] [Fatal Error] :1:1: Premature end of file.
2025-03-25 09:18:24,219 [ERROR] LogOutputStream:75 - [STDERR_REDIRECT] 
2025-03-25 09:18:25,209 [ERROR] LogOutputStream:75 - [STDERR_REDIRECT] [Fatal Error] :1:1: Premature end of file.
2025-03-25 09:18:25,209 [ERROR] LogOutputStream:75 - [STDERR_REDIRECT] 
2025-03-25 09:18:26,215 [ERROR] LogOutputStream:75 - [STDERR_REDIRECT] [Fatal Error] :1:1: Premature end of file.
2025-03-25 09:18:26,215 [ERROR] LogOutputStream:75 - [STDERR_REDIRECT] 
2025-03-25 09:18:27,217 [ERROR] LogOutputStream:75 - [STDERR_REDIRECT] [Fatal Error] :1:1: Premature end of file.
2025-03-25 09:18:27,217 [ERROR] LogOutputStream:75 - [STDERR_REDIRECT] 
2025-03-25 09:18:28,215 [ERROR] LogOutputStream:75 - [STDERR_REDIRECT] [Fatal Error] :1:1: Premature end of file.
2025-03-25 09:18:28,215 [ERROR] LogOutputStream:75 - [STDERR_REDIRECT] 
2025-03-25 09:18:29,229 [ERROR] LogOutputStream:75 - [STDERR_REDIRECT] [Fatal Error] :1:1: Premature end of file.
2025-03-25 09:18:29,229 [ERROR] LogOutputStream:75 - [STDERR_REDIRECT] 
2025-03-25 09:18:30,218 [ERROR] LogOutputStream:75 - [STDERR_REDIRECT] [Fatal Error] :1:1: Premature end of file.
2025-03-25 09:18:30,219 [ERROR] LogOutputStream:75 - [STDERR_REDIRECT] 
2025-03-25 09:18:31,215 [ERROR] LogOutputStream:75 - [STDERR_REDIRECT] [Fatal Error] :1:1: Premature end of file.
2025-03-25 09:18:31,216 [ERROR] LogOutputStream:75 - [STDERR_REDIRECT] 
2025-03-25 09:18:32,219 [ERROR] LogOutputStream:75 - [STDERR_REDIRECT] [Fatal Error] :1:1: Premature end of file.
2025-03-25 09:18:32,220 [ERROR] LogOutputStream:75 - [STDERR_REDIRECT] 
2025-03-25 09:18:33,224 [ERROR] LogOutputStream:75 - [STDERR_REDIRECT] [Fatal Error] :1:1: Premature end of file.
2025-03-25 09:18:33,224 [ERROR] LogOutputStream:75 - [STDERR_REDIRECT] 
2025-03-25 09:18:34,220 [ERROR] LogOutputStream:75 - [STDERR_REDIRECT] [Fatal Error] :1:1: Premature end of file.
2025-03-25 09:18:34,220 [ERROR] LogOutputStream:75 - [STDERR_REDIRECT] 
2025-03-25 09:18:35,212 [ERROR] LogOutputStream:75 - [STDERR_REDIRECT] [Fatal Error] :1:1: Premature end of file.
2025-03-25 09:18:35,213 [ERROR] LogOutputStream:75 - [STDERR_REDIRECT] 
2025-03-25 09:18:36,217 [ERROR] LogOutputStream:75 - [STDERR_REDIRECT] [Fatal Error] :1:1: Premature end of file.
2025-03-25 09:18:36,217 [ERROR] LogOutputStream:75 - [STDERR_REDIRECT] 
2025-03-25 09:18:37,191 [ERROR] LogOutputStream:75 - [STDERR_REDIRECT] [Fatal Error] :1:1: Premature end of file.
2025-03-25 09:18:37,191 [ERROR] LogOutputStream:75 - [STDERR_REDIRECT] 
2025-03-25 09:18:38,218 [ERROR] LogOutputStream:75 - [STDERR_REDIRECT] [Fatal Error] :1:1: Premature end of file.
2025-03-25 09:18:38,218 [ERROR] LogOutputStream:75 - [STDERR_REDIRECT] 
2025-03-25 09:18:39,240 [ERROR] LogOutputStream:75 - [STDERR_REDIRECT] [Fatal Error] :1:1: Premature end of file.
2025-03-25 09:18:39,241 [ERROR] LogOutputStream:75 - [STDERR_REDIRECT] 
2025-03-25 09:18:39,630 [INFO] McuFinderGlobals:63 - Set McuFinder mode to 2 (CubeIDE integrated)
2025-03-25 09:18:39,665 [INFO] MainUpdater:2872 - connection check result : 10
2025-03-25 09:18:39,699 [INFO] McuFinderGlobals:76 - Set McuFinderConnectedMode to true
2025-03-25 09:18:39,922 [INFO] ServerAccessManage:473 - Download File mcusAds.json._tmp_
2025-03-25 09:18:40,060 [INFO] LoadUrlFilesThread:156 - End of LoadUrlFiles Thread
2025-03-25 09:18:40,222 [ERROR] LogOutputStream:75 - [STDERR_REDIRECT] [Fatal Error] :1:1: Premature end of file.
2025-03-25 09:18:40,223 [ERROR] LogOutputStream:75 - [STDERR_REDIRECT] 
2025-03-25 09:18:40,324 [INFO] ServerAccessManage:473 - Download File cube-finder-db.zip
2025-03-25 09:18:41,217 [ERROR] LogOutputStream:75 - [STDERR_REDIRECT] [Fatal Error] :1:1: Premature end of file.
2025-03-25 09:18:41,217 [ERROR] LogOutputStream:75 - [STDERR_REDIRECT] 
2025-03-25 09:18:42,220 [ERROR] LogOutputStream:75 - [STDERR_REDIRECT] [Fatal Error] :1:1: Premature end of file.
2025-03-25 09:18:42,221 [ERROR] LogOutputStream:75 - [STDERR_REDIRECT] 
2025-03-25 09:18:43,215 [ERROR] LogOutputStream:75 - [STDERR_REDIRECT] [Fatal Error] :1:1: Premature end of file.
2025-03-25 09:18:43,215 [ERROR] LogOutputStream:75 - [STDERR_REDIRECT] 
2025-03-25 09:18:44,214 [ERROR] LogOutputStream:75 - [STDERR_REDIRECT] [Fatal Error] :1:1: Premature end of file.
2025-03-25 09:18:44,214 [ERROR] LogOutputStream:75 - [STDERR_REDIRECT] 
2025-03-25 09:18:45,215 [ERROR] LogOutputStream:75 - [STDERR_REDIRECT] [Fatal Error] :1:1: Premature end of file.
2025-03-25 09:18:45,215 [ERROR] LogOutputStream:75 - [STDERR_REDIRECT] 
2025-03-25 09:18:46,228 [ERROR] LogOutputStream:75 - [STDERR_REDIRECT] [Fatal Error] :1:1: Premature end of file.
2025-03-25 09:18:46,229 [ERROR] LogOutputStream:75 - [STDERR_REDIRECT] 
2025-03-25 09:18:47,215 [ERROR] LogOutputStream:75 - [STDERR_REDIRECT] [Fatal Error] :1:1: Premature end of file.
2025-03-25 09:18:47,215 [ERROR] LogOutputStream:75 - [STDERR_REDIRECT] 
2025-03-25 09:18:48,217 [ERROR] LogOutputStream:75 - [STDERR_REDIRECT] [Fatal Error] :1:1: Premature end of file.
2025-03-25 09:18:48,217 [ERROR] LogOutputStream:75 - [STDERR_REDIRECT] 
2025-03-25 09:18:48,865 [INFO] FileExtend:242 - Unzip File : cube-finder-db.zip
2025-03-25 09:18:48,866 [INFO] FileExtend:257 - Standard Zip Deflate
2025-03-25 09:18:49,275 [ERROR] LogOutputStream:75 - [STDERR_REDIRECT] [Fatal Error] :1:1: Premature end of file.
2025-03-25 09:18:49,275 [ERROR] LogOutputStream:75 - [STDERR_REDIRECT] 
2025-03-25 09:18:49,826 [INFO] LoadUrlFilesThread:156 - End of LoadUrlFiles Thread
2025-03-25 09:18:50,217 [ERROR] LogOutputStream:75 - [STDERR_REDIRECT] [Fatal Error] :1:1: Premature end of file.
2025-03-25 09:18:50,217 [ERROR] LogOutputStream:75 - [STDERR_REDIRECT] 
2025-03-25 09:18:51,198 [ERROR] LogOutputStream:75 - [STDERR_REDIRECT] [Fatal Error] :1:1: Premature end of file.
2025-03-25 09:18:51,198 [ERROR] LogOutputStream:75 - [STDERR_REDIRECT] 
2025-03-25 09:18:52,205 [ERROR] LogOutputStream:75 - [STDERR_REDIRECT] [Fatal Error] :1:1: Premature end of file.
2025-03-25 09:18:52,205 [ERROR] LogOutputStream:75 - [STDERR_REDIRECT] 
2025-03-25 09:18:53,200 [INFO] ServerAccessManage:473 - Download File crdb.zip
2025-03-25 09:18:53,231 [ERROR] LogOutputStream:75 - [STDERR_REDIRECT] [Fatal Error] :1:1: Premature end of file.
2025-03-25 09:18:53,231 [ERROR] LogOutputStream:75 - [STDERR_REDIRECT] 
2025-03-25 09:18:53,496 [INFO] FileExtend:242 - Unzip File : crdb.zip
2025-03-25 09:18:53,497 [INFO] FileExtend:257 - Standard Zip Deflate
2025-03-25 09:18:53,643 [INFO] LoadUrlFilesThread:156 - End of LoadUrlFiles Thread
2025-03-25 09:18:53,831 [INFO] ServerAccessManage:473 - Download File tutoVideoDB.zip
2025-03-25 09:18:53,890 [INFO] FileExtend:242 - Unzip File : tutoVideoDB.zip
2025-03-25 09:18:53,891 [INFO] FileExtend:257 - Standard Zip Deflate
2025-03-25 09:18:54,041 [INFO] LoadUrlFilesThread:156 - End of LoadUrlFiles Thread
2025-03-25 09:18:54,048 [WARN] DbFile:41 - Overriding database path with different value: C:\Users\raj\.stmcufinder\plugins\mcufinder/ => C:\Users\raj\.stmcufinder\plugins\mcufinder
2025-03-25 09:18:54,212 [ERROR] LogOutputStream:75 - [STDERR_REDIRECT] [Fatal Error] :1:1: Premature end of file.
2025-03-25 09:18:54,212 [ERROR] LogOutputStream:75 - [STDERR_REDIRECT] 
2025-03-25 09:18:54,222 [INFO] ServerAccessManage:473 - Download File api_config.json
2025-03-25 09:18:54,359 [INFO] LoadUrlFilesThread:156 - End of LoadUrlFiles Thread
2025-03-25 09:18:54,367 [INFO] DbMcusAds:53 - JSON generation date=Thu Mar 06 15:54:21 CET 2025 (1741272861825)
2025-03-25 09:18:54,411 [INFO] LoadUrlFilesThread:185 - End of LoadServerUrlFiles without Thread
2025-03-25 09:18:54,412 [INFO] TargetSelectorAdapter:259 - Refresh data is successful
2025-03-25 09:18:54,580 [INFO] ApiDb:581 - Connected to CubeFinder SQLite database (C:\Users\raj\.stmcufinder\plugins\mcufinder\mcu\cube-finder-db.db)
2025-03-25 09:18:54,628 [INFO] ApiDb:668 - CubeFinder database Data Model version=2.1
2025-03-25 09:18:54,628 [INFO] ApiDb:669 - CubeFinder database Configuration version=3.0.39
2025-03-25 09:18:54,628 [INFO] ApiDb:670 - CubeFinder database generation date=2025-03-07 (1741340029)
2025-03-25 09:18:54,628 [INFO] ApiDb:671 - CubeFinder database FW Pack versions=[FP-ATR-ASTRA1_V2.0.0, FP-SNS-FLIGHT1_V5.0.2, FP-SNS-MOTENV1_V5.0.0, FP-SNS-MOTENVWB1_V1.4.0, FP-SNS-SMARTAG2_V1.2.0, FP-SNS-STBOX1_V2.0.0, STM32Cube_FW_C0_V1.4.0, STM32Cube_FW_F4_V1.28.1, STM32Cube_FW_F7_V1.17.2, STM32Cube_FW_G0_V1.6.2, STM32Cube_FW_G4_V1.6.1, STM32Cube_FW_H5_V1.5.0, STM32Cube_FW_H7RS_V1.2.0, STM32Cube_FW_H7_V1.12.1, STM32Cube_FW_L0_V1.12.2, STM32Cube_FW_L4_V1.18.1, STM32Cube_FW_L5_V1.5.1, STM32Cube_FW_N6_V1.1.0, STM32Cube_FW_U0_V1.2.0, STM32Cube_FW_U3_V1.1.0, STM32Cube_FW_U5_V1.7.0, STM32Cube_FW_WB0_V1.2.0, STM32Cube_FW_WBA_V1.6.0, STM32Cube_FW_WB_V1.22.0, STM32Cube_FW_WL3_V1.1.0, STM32Cube_FW_WL_V1.3.1, X-CUBE-ALGOBUILD_V1.4.0, X-CUBE-ALS_V1.0.2, X-CUBE-AZRTOS-F4_V1.1.0, X-CUBE-AZRTOS-F7_V1.1.0, X-CUBE-AZRTOS-G0_V1.1.0, X-CUBE-AZRTOS-G4_V2.0.0, X-CUBE-AZRTOS-H7RS_V1.0.0, X-CUBE-AZRTOS-H7_V3.3.0, X-CUBE-AZRTOS-L4_V2.0.0, X-CUBE-AZRTOS-L5_V2.0.0, X-CUBE-AZRTOS-WB_V2.0.0, X-CUBE-AZRTOS-WL_V2.0.0, X-CUBE-BLE1_V7.1.0, X-CUBE-BLE2_V3.3.0, X-CUBE-BLEMGR_V4.0.0, X-CUBE-EEPRMA1_V5.1.0, X-CUBE-FREERTOS_V1.3.0, X-CUBE-GNSS1_V6.0.0, X-CUBE-MEMS1_V11.1.0, X-CUBE-NFC4_V3.0.0, X-CUBE-NFC7_V1.0.1, X-CUBE-SFXS2LP1_V4.0.0, X-CUBE-SUBG2_V5.0.0, X-CUBE-TOF1_V3.4.2]
2025-03-25 09:18:55,191 [ERROR] LogOutputStream:75 - [STDERR_REDIRECT] [Fatal Error] :1:1: Premature end of file.
2025-03-25 09:18:55,191 [ERROR] LogOutputStream:75 - [STDERR_REDIRECT] 
2025-03-25 09:18:56,140 [INFO] ApiDb:240 - Found 895 in-development CPN: [B-G473E-ZEST1S, B-WB1M-WPAN1, B-WBA5M-WPAN, B-WL5M-SUBG1, NUCLEO-C031C6, NUCLEO-C051C8, NUCLEO-C071RB, NUCLEO-C092RC, NUCLEO-H503RB, NUCLEO-H533RE, NUCLEO-H563ZI, NUCLEO-H7S3L8, NUCLEO-N657X0-Q, NUCLEO-U031R8, NUCLEO-U083RC, NUCLEO-U385RG-Q, NUCLEO-U545RE-Q, NUCLEO-U5A5ZJ-Q, NUCLEO-WB05KZ, NUCLEO-WB07CC, NUCLEO-WB09KE, NUCLEO-WBA52CG, NUCLEO-WBA55CG, NUCLEO-WBA65RI, NUCLEO-WL33CC1, NUCLEO-WL33CC2, STEVAL-PROTEUS1, STEVAL-SMARTAG2, STEVAL-STWINBX1, STM320518-EVAL, STM32C0116-DK, STM32C011D6Y3TR, STM32C011D6Y6TR, STM32C011F4P3, STM32C011F4P6, STM32C011F4U3, STM32C011F4U6TR, STM32C011F6P3, STM32C011F6P6, STM32C011F6U3, STM32C011F6U6TR, STM32C011J4M3, STM32C011J4M6, STM32C011J6M3, STM32C011J6M6, STM32C0316-DK, STM32C031C4T3, STM32C031C4T6, STM32C031C4U3, STM32C031C4U6, STM32C031C6T3, STM32C031C6T6, STM32C031C6U3, STM32C031C6U6, STM32C031F4P3, STM32C031F4P6, STM32C031F6P3, STM32C031F6P6, STM32C031G4U3, STM32C031G4U6, STM32C031G6U3, STM32C031G6U6, STM32C031K4T3, STM32C031K4T6, STM32C031K4U3, STM32C031K4U6, STM32C031K6T3, STM32C031K6T6, STM32C031K6U3, STM32C031K6U6, STM32C051C6T6, STM32C051C6U6, STM32C051C8T6, STM32C051C8U6, STM32C051D8Y6TR, STM32C051F6P6, STM32C051F8P6, STM32C051G6U6, STM32C051G8U6, STM32C051K6T6, STM32C051K6U6, STM32C051K8T6, STM32C071C8T6, STM32C071C8T6N, STM32C071C8U6, STM32C071C8U6N, STM32C071CBT6, STM32C071CBT6N, STM32C071CBU6, STM32C071CBU6N, STM32C071F8P6, STM32C071F8P6N, STM32C071FBP6, STM32C071FBP6N, STM32C071FBY6TR, STM32C071G8U6, STM32C071G8U6N, STM32C071GBU6, STM32C071GBU6N, STM32C071K8T6, STM32C071K8T6N, STM32C071K8U6, STM32C071K8U6N, STM32C071KBT6, STM32C071KBT6N, STM32C071KBU6, STM32C071KBU6N, STM32C071R8T6, STM32C071R8T6N, STM32C071RBI6N, STM32C071RBT6, STM32C071RBT6N, STM32C091CBT6, STM32C091CBU6, STM32C091CCT6, STM32C091CCU6, STM32C091ECY6TR, STM32C091FBP6, STM32C091FCP6, STM32C091GBU6, STM32C091GCU6, STM32C091KBT6, STM32C091KBU6, STM32C091KCT6, STM32C091KCU6, STM32C091RBT6, STM32C091RCI6, STM32C091RCT6, STM32C092CBT6, STM32C092CBU6, STM32C092CCT6, STM32C092CCU6, STM32C092ECY6TR, STM32C092FBP6, STM32C092FCP6, STM32C092GBU6, STM32C092GCU6, STM32C092KBT6, STM32C092KBU6, STM32C092KCT6, STM32C092KCU6, STM32C092RBT6, STM32C092RCI6, STM32C092RCT6, STM32G071K8TXN, STM32G071K8UXN, STM32G081GBU6N, STM32G081KBT6N, STM32G081KBUXN, STM32G0B1CCT6N, STM32G0B1KCT6, STM32G0B1NEY6TR, STM32G0B1RCT6N, STM32G0C1CCT6, STM32G0C1CCT6N, STM32G0C1CCU6N, STM32G0C1CET6N, STM32G0C1CEU6N, STM32G0C1KCT6, STM32G0C1NEY6TR, STM32G0C1RCI6N, STM32G0C1RCT6N, STM32G0C1REI6N, STM32G0C1RET6N, STM32G0C1VCI6, STM32G0C1VEI6, STM32G411C6T3, STM32G411C6T6, STM32G411C6U3, STM32G411C6U6, STM32G411C8T3, STM32G411C8T6, STM32G411C8U3, STM32G411C8U6, STM32G411CBT3, STM32G411CBT6, STM32G411CBU3, STM32G411CBU6, STM32G411CCT3, STM32G411CCT6, STM32G411CCU3, STM32G411CCU6, STM32G411K6T3, STM32G411K6T6, STM32G411K6U3, STM32G411K6U6, STM32G411K8T3, STM32G411K8T6, STM32G411K8U3, STM32G411K8U6, STM32G411KBT3, STM32G411KBT6, STM32G411KBU3, STM32G411KBU6, STM32G411M6T3, STM32G411M6T6, STM32G411M8T3, STM32G411M8T6, STM32G411MBT3, STM32G411MBT6, STM32G411MCT3, STM32G411MCT6, STM32G411R6T3, STM32G411R6T6, STM32G411R8T3, STM32G411R8T6, STM32G411RBT3, STM32G411RBT6, STM32G411RCT3, STM32G411RCT6, STM32G414CBT3, STM32G414CBT6, STM32G414CBU3, STM32G414CBU6, STM32G414CCT3, STM32G414CCT6, STM32G414CCU3, STM32G414CCU6, STM32G414MBT3, STM32G414MBT6, STM32G414MCT3, STM32G414MCT6, STM32G414RBT3, STM32G414RBT6, STM32G414RCT3, STM32G414RCT6, STM32G414VBT3, STM32G414VBT6, STM32G414VCT3, STM32G414VCT6, STM32G431CBT3Z, STM32G431RBT3Z, STM32G471CCT6, STM32G471CCU6, STM32G471CET3, STM32G471CET6, STM32G471CEU3, STM32G471CEU6, STM32G471MCT6, STM32G471MET3, STM32G471MET6, STM32G471MEY6TR, STM32G471QCT6, STM32G471QET3, STM32G471RCT6, STM32G471RET3, STM32G471RET6, STM32G471VCH6, STM32G471VCI6, STM32G471VCT6, STM32G471VEH3, STM32G471VEH6, STM32G471VEI3, STM32G471VEI6, STM32G471VET3, STM32G471VET6, STM32G473QET3Z, STM32G473RET3Z, STM32G474CCT6, STM32G491RET3Z, STM32H503CBT6, STM32H503CBU6, STM32H503EBY6TR, STM32H503KBU6, STM32H503RBT6, STM32H523CCT6, STM32H523CCU6, STM32H523CET6, STM32H523CEU6, STM32H523HEY6TR, STM32H523RCT6, STM32H523RET6, STM32H523VCI6, STM32H523VCT6, STM32H523VEI6, STM32H523VET6, STM32H523ZCJ6, STM32H523ZCT6, STM32H523ZEJ6, STM32H523ZET6, STM32H533CET6, STM32H533CEU6, STM32H533HEY6TR, STM32H533RET6, STM32H533VEI6, STM32H533VET6, STM32H533ZEJ6, STM32H533ZET6, STM32H562AGI6, STM32H562AII6, STM32H562IGK6, STM32H562IGT6, STM32H562IIK6, STM32H562IIT6, STM32H562RGT6, STM32H562RGV6, STM32H562RIT6, STM32H562RIV6, STM32H562VGT6, STM32H562VIT6, STM32H562ZGT6, STM32H562ZIT6, STM32H563AGI6, STM32H563AII3Q, STM32H563AII6, STM32H563IGK6, STM32H563IGT6, STM32H563IIK3Q, STM32H563IIK6, STM32H563IIT3Q, STM32H563IIT6, STM32H563MIY3QTR, STM32H563RGT6, STM32H563RGV6, STM32H563RIT6, STM32H563RIV6, STM32H563VGT6, STM32H563VIT3Q, STM32H563VIT6, STM32H563ZGT6, STM32H563ZIT3Q, STM32H563ZIT6, STM32H573AII3Q, STM32H573AII6, STM32H573I-DK, STM32H573IIK3Q, STM32H573IIK6, STM32H573IIT3Q, STM32H573IIT6, STM32H573MIY3QTR, STM32H573RIT6, STM32H573RIV6, STM32H573VIT3Q, STM32H573VIT6, STM32H573ZIT3Q, STM32H573ZIT6, STM32H7R3A8I6, STM32H7R3I8K6, STM32H7R3I8T6, STM32H7R3L8H6, STM32H7R3L8H6H, STM32H7R3R8V6, STM32H7R3V8H6, STM32H7R3V8T6, STM32H7R3V8Y6TR, STM32H7R3Z8J6, STM32H7R3Z8T6, STM32H7R7A8I6, STM32H7R7I8K6, STM32H7R7I8T6, STM32H7R7L8H6, STM32H7R7L8H6H, STM32H7R7Z8J6, STM32H7S3A8I6, STM32H7S3I8K6, STM32H7S3I8T6, STM32H7S3L8H6, STM32H7S3L8H6H, STM32H7S3R8V6, STM32H7S3V8H6, STM32H7S3V8T6, STM32H7S3V8Y6TR, STM32H7S3Z8J6, STM32H7S3Z8T6, STM32H7S78-DK, STM32H7S7A8I6, STM32H7S7I8K6, STM32H7S7I8T6, STM32H7S7L8H6, STM32H7S7L8H6H, STM32H7S7Z8J6, STM32L4R5QGI6STR, STM32MP131AAE3, STM32MP131AAF3, STM32MP131AAG3, STM32MP131CAE3, STM32MP131CAF3, STM32MP131CAG3, STM32MP131DAE7, STM32MP131DAF7, STM32MP131DAG7, STM32MP131FAE7, STM32MP131FAF7, STM32MP131FAG7, STM32MP133AAE3, STM32MP133AAF3, STM32MP133AAG3, STM32MP133CAE3, STM32MP133CAF3, STM32MP133CAG3, STM32MP133DAE7, STM32MP133DAF7, STM32MP133DAG7, STM32MP133FAE7, STM32MP133FAF7, STM32MP133FAG7, STM32MP135AAE3, STM32MP135AAF3, STM32MP135AAG3, STM32MP135CAE3, STM32MP135CAF3, STM32MP135CAG3, STM32MP135DAE7, STM32MP135DAF7, STM32MP135DAG7, STM32MP135F-DK, STM32MP135FAE7, STM32MP135FAF7, STM32MP135FAF7T, STM32MP135FAF7U, STM32MP135FAG7, STM32MP231AAJ3, STM32MP231AAK3, STM32MP231AAL3, STM32MP231CAJ3, STM32MP231CAK3, STM32MP231CAL3, STM32MP231DAJ3, STM32MP231DAK3, STM32MP231DAL3, STM32MP231FAJ3, STM32MP231FAK3, STM32MP231FAL3, STM32MP233AAJ3, STM32MP233AAK3, STM32MP233AAL3, STM32MP233CAJ3, STM32MP233CAK3, STM32MP233CAL3, STM32MP233DAJ3, STM32MP233DAK3, STM32MP233DAL3, STM32MP233FAJ3, STM32MP233FAK3, STM32MP233FAL3, STM32MP235AAJ3, STM32MP235AAK3, STM32MP235AAL3, STM32MP235CAJ3, STM32MP235CAK3, STM32MP235CAL3, STM32MP235DAJ3, STM32MP235DAK3, STM32MP235DAL3, STM32MP235FAJ3, STM32MP235FAK3, STM32MP235FAL3, STM32MP251AAI3, STM32MP251AAJ3, STM32MP251AAK3, STM32MP251AAL3, STM32MP251CAI3, STM32MP251CAJ3, STM32MP251CAK3, STM32MP251CAL3, STM32MP251DAI3, STM32MP251DAJ3, STM32MP251DAK3, STM32MP251DAL3, STM32MP251FAI3, STM32MP251FAJ3, STM32MP251FAK3, STM32MP251FAL3, STM32MP253AAI3, STM32MP253AAJ3, STM32MP253AAK3, STM32MP253AAL3, STM32MP253CAI3, STM32MP253CAJ3, STM32MP253CAK3, STM32MP253CAL3, STM32MP253DAI3, STM32MP253DAJ3, STM32MP253DAK3, STM32MP253DAL3, STM32MP253FAI3, STM32MP253FAJ3, STM32MP253FAK3, STM32MP253FAL3, STM32MP255AAI3, STM32MP255AAJ3, STM32MP255AAK3, STM32MP255AAL3, STM32MP255CAI3, STM32MP255CAJ3, STM32MP255CAK3, STM32MP255CAL3, STM32MP255DAI3, STM32MP255DAJ3, STM32MP255DAK3, STM32MP255DAL3, STM32MP255FAI3, STM32MP255FAJ3, STM32MP255FAK3, STM32MP255FAL3, STM32MP257AAI3, STM32MP257AAJ3, STM32MP257AAK3, STM32MP257AAL3, STM32MP257CAI3, STM32MP257CAJ3, STM32MP257CAK3, STM32MP257CAL3, STM32MP257DAI3, STM32MP257DAJ3, STM32MP257DAK3, STM32MP257DAL3, STM32MP257F-DK, STM32MP257F-EV1, STM32MP257FAI3, STM32MP257FAJ3, STM32MP257FAK3, STM32MP257FAL3, STM32N645A0H3Q, STM32N645B0H3Q, STM32N645I0H3Q, STM32N645L0H3Q, STM32N645X0H3Q, STM32N645Z0H3Q, STM32N647A0H3Q, STM32N647B0H3Q, STM32N647I0H3Q, STM32N647L0H3Q, STM32N647X0H3Q, STM32N647Z0H3Q, STM32N655A0H3Q, STM32N655B0H3Q, STM32N655I0H3Q, STM32N655L0H3Q, STM32N655X0H3Q, STM32N655Z0H3Q, STM32N6570-DK, STM32N657A0H3Q, STM32N657B0H3Q, STM32N657I0H3Q, STM32N657L0H3Q, STM32N657X0H3Q, STM32N657Z0H3Q, STM32U031C6T6, STM32U031C6U6, STM32U031C8T6, STM32U031C8U6, STM32U031F4P6, STM32U031F6P6, STM32U031F8P6, STM32U031G6Y6TR, STM32U031G8Y6TR, STM32U031K4U6, STM32U031K6U6, STM32U031K8U6, STM32U031R6I6, STM32U031R6T6, STM32U031R8I6, STM32U031R8T6, STM32U073C8T6, STM32U073C8U6, STM32U073CBT6, STM32U073CBU6, STM32U073CCT6, STM32U073CCU6, STM32U073H8Y6TR, STM32U073HBY6TR, STM32U073HCY6TR, STM32U073K8U6, STM32U073KBU6, STM32U073KCU6, STM32U073M8I6, STM32U073M8T6, STM32U073MBI6, STM32U073MBT6, STM32U073MCI6, STM32U073MCT6, STM32U073R8I6, STM32U073R8T6, STM32U073RBI6, STM32U073RBT6, STM32U073RCI6, STM32U073RCT6, STM32U083C-DK, STM32U083CCT6, STM32U083CCU6, STM32U083HCY6TR, STM32U083KCU6, STM32U083MCI6, STM32U083MCT6, STM32U083RCI6, STM32U083RCT6, STM32U375CET6, STM32U375CET6Q, STM32U375CEU6, STM32U375CEU6Q, STM32U375CEY6QTR, STM32U375CGT6, STM32U375CGT6Q, STM32U375CGU6, STM32U375CGU6Q, STM32U375CGY6QTR, STM32U375KEU6, STM32U375KGU6, STM32U375REI6, STM32U375REI6Q, STM32U375RET6, STM32U375RET6Q, STM32U375REY6GTR, STM32U375REY6QTR, STM32U375RGI6, STM32U375RGI6Q, STM32U375RGT6, STM32U375RGT6Q, STM32U375RGY6GTR, STM32U375RGY6QTR, STM32U375VEI6, STM32U375VEI6Q, STM32U375VET6, STM32U375VET6Q, STM32U375VGI6, STM32U375VGI6Q, STM32U375VGT6, STM32U375VGT6Q, STM32U385CGT6, STM32U385CGT6Q, STM32U385CGU6, STM32U385CGU6Q, STM32U385CGY6QTR, STM32U385KGU6, STM32U385RGI6, STM32U385RGI6Q, STM32U385RGT6, STM32U385RGT6Q, STM32U385RGY6GTR, STM32U385RGY6QTR, STM32U385VGI6, STM32U385VGI6Q, STM32U385VGT6, STM32U385VGT6Q, STM32U535CBT6, STM32U535CBT6Q, STM32U535CBU6, STM32U535CBU6Q, STM32U535CCT6, STM32U535CCT6Q, STM32U535CCU6, STM32U535CCU6Q, STM32U535CET6, STM32U535CET6Q, STM32U535CEU6, STM32U535CEU6Q, STM32U535JEY6QTR, STM32U535NCY6QTR, STM32U535NEY6QTR, STM32U535RBI6, STM32U535RBI6Q, STM32U535RBT6, STM32U535RBT6Q, STM32U535RCI6, STM32U535RCI6Q, STM32U535RCT6, STM32U535RCT6Q, STM32U535REI6, STM32U535REI6Q, STM32U535RET6, STM32U535RET6Q, STM32U535VCI6, STM32U535VCI6Q, STM32U535VCT6, STM32U535VCT6Q, STM32U535VEI6, STM32U535VEI6Q, STM32U535VET6, STM32U535VET6Q, STM32U545CET6, STM32U545CET6Q, STM32U545CEU6, STM32U545CEU6Q, STM32U545JEY6QTR, STM32U545NEY6QTR, STM32U545REI6, STM32U545REI6Q, STM32U545RET6, STM32U545RET6Q, STM32U545VEI6, STM32U545VEI6Q, STM32U545VET6, STM32U545VET6Q, STM32U595AIH6, STM32U595AIH6Q, STM32U595AJH6, STM32U595AJH6Q, STM32U595QII6, STM32U595QII6Q, STM32U595QJI6, STM32U595QJI6Q, STM32U595RIT6, STM32U595RIT6Q, STM32U595RJT6, STM32U595RJT6Q, STM32U595VIT6, STM32U595VIT6Q, STM32U595VJT6, STM32U595VJT6Q, STM32U595ZIT6, STM32U595ZIT6Q, STM32U595ZIY6QTR, STM32U595ZJT6, STM32U595ZJT6Q, STM32U595ZJY6QTR, STM32U599BJY6QTR, STM32U599NIH6Q, STM32U599NJH6Q, STM32U599VIT6Q, STM32U599VJT6, STM32U599VJT6Q, STM32U599ZIT6Q, STM32U599ZIY6QTR, STM32U599ZJT6Q, STM32U599ZJY6QTR, STM32U5A5AJH6, STM32U5A5AJH6Q, STM32U5A5QII3Q , STM32U5A5QJI6, STM32U5A5QJI6Q, STM32U5A5RJT6, STM32U5A5RJT6Q, STM32U5A5VJT6, STM32U5A5VJT6Q, STM32U5A5ZJT6, STM32U5A5ZJT6Q, STM32U5A5ZJY6QTR, STM32U5A9BJY6QTR, STM32U5A9J-DK, STM32U5A9NJH6Q, STM32U5A9VJT6Q, STM32U5A9ZJT6Q, STM32U5A9ZJY6QTR, STM32U5F7VIT6, STM32U5F7VIT6Q, STM32U5F7VJT6, STM32U5F7VJT6Q, STM32U5F9BJY6QTR, STM32U5F9NJH6Q, STM32U5F9VIT6Q, STM32U5F9VJT6Q, STM32U5F9ZIJ6QTR, STM32U5F9ZIT6Q, STM32U5F9ZJJ6QTR, STM32U5F9ZJT6Q, STM32U5G7VJT6, STM32U5G7VJT6Q, STM32U5G9BJY6QTR, STM32U5G9J-DK1, STM32U5G9J-DK2, STM32U5G9NJH6Q, STM32U5G9VJT6Q, STM32U5G9ZJJ6QTR, STM32U5G9ZJT6Q, STM32WB05KZV6TR, STM32WB05KZV7TR, STM32WB05TZF6TR, STM32WB05TZF7TR, STM32WB06CCF6TR, STM32WB06CCF7TR, STM32WB06CCV6TR, STM32WB06CCV7TR, STM32WB06KCV6TR, STM32WB06KCV7TR, STM32WB07CCF6TR, STM32WB07CCF7TR, STM32WB07CCV6TR, STM32WB07CCV7TR, STM32WB07KCV6TR, STM32WB07KCV7TR, STM32WB09KEV6TR, STM32WB09KEV7TR, STM32WB09TEF6TR, STM32WB09TEF7TR, STM32WB1MMCH6, STM32WBA50KGU6, STM32WBA50KGU6TR, STM32WBA52CEU6, STM32WBA52CEU6TR, STM32WBA52CEU7, STM32WBA52CEU7TR, STM32WBA52CGU6, STM32WBA52CGU6TR, STM32WBA52CGU6U, STM32WBA52CGU7, STM32WBA52CGU7TR, STM32WBA52KEU6, STM32WBA52KEU6TR, STM32WBA52KGU6, STM32WBA52KGU6TR, STM32WBA54CEU6, STM32WBA54CEU6TR, STM32WBA54CEU7, STM32WBA54CEU7TR, STM32WBA54CGU6, STM32WBA54CGU6TR, STM32WBA54CGU7, STM32WBA54CGU7TR, STM32WBA54KEU6, STM32WBA54KEU6TR, STM32WBA54KEU7, STM32WBA54KEU7TR, STM32WBA54KGU6, STM32WBA54KGU6TR, STM32WBA54KGU7, STM32WBA54KGU7TR, STM32WBA55CEU6, STM32WBA55CEU6TR, STM32WBA55CEU7, STM32WBA55CEU7TR, STM32WBA55CGU6, STM32WBA55CGU6TR, STM32WBA55CGU6U, STM32WBA55CGU7, STM32WBA55CGU7TR, STM32WBA55G-DK1, STM32WBA55HEF6, STM32WBA55HEF7, STM32WBA55HGF6, STM32WBA55HGF7, STM32WBA55UEI6, STM32WBA55UEI6TR, STM32WBA55UEI7, STM32WBA55UEI7TR, STM32WBA55UGI6, STM32WBA55UGI6TR, STM32WBA55UGI7, STM32WBA55UGI7TR, STM32WBA5MJGH6TR, STM32WBA62CGU6, STM32WBA62CIU6, STM32WBA62MGF6, STM32WBA62MIF6, STM32WBA62PGI6, STM32WBA62PII6, STM32WBA63CGU6, STM32WBA63CGU7, STM32WBA63CIU6, STM32WBA63CIU7, STM32WBA64CGU6, STM32WBA64CGU7, STM32WBA64CIU6, STM32WBA64CIU7, STM32WBA65CGU6, STM32WBA65CGU7, STM32WBA65CIU6, STM32WBA65CIU7, STM32WBA65I-DK1, STM32WBA65MGF6, STM32WBA65MGF7, STM32WBA65MIF6, STM32WBA65MIF7, STM32WBA65PGI6, STM32WBA65PGI7, STM32WBA65PII6, STM32WBA65PII7, STM32WBA65RGV6, STM32WBA65RGV7, STM32WBA65RIV6, STM32WBA65RIV7, STM32WL30K8V6, STM32WL30KBV6, STM32WL31C8V6, STM32WL31CBV6, STM32WL31K8V6, STM32WL31KBV6, STM32WL33C8V6, STM32WL33C8V6TR, STM32WL33C8V7, STM32WL33C8V7TR, STM32WL33CBV6, STM32WL33CBV6TR, STM32WL33CBV7, STM32WL33CBV7TR, STM32WL33CCV6, STM32WL33CCV6TR, STM32WL33CCV7, STM32WL33CCV7A, STM32WL33CCV7ATR, STM32WL33CCV7TR, STM32WL33K8V6, STM32WL33K8V6TR, STM32WL33K8V7, STM32WL33K8V7TR, STM32WL33KBV6, STM32WL33KBV6TR, STM32WL33KBV7, STM32WL33KBV7TR, STM32WL33KCV6, STM32WL33KCV6TR, STM32WL33KCV7, STM32WL33KCV7TR, STM32WL5MOCH6, STM32WL5MOCH6TR]
2025-03-25 09:18:56,145 [INFO] DbMcus:218 - Found 4682 MCUs, 4682 are supported
2025-03-25 09:18:56,145 [INFO] ApiDb:423 - Load user favorites file C:\Users\raj/.stm32cubeide/favorites.mcus.txt: 0 item(s)
2025-03-25 09:18:56,145 [INFO] ApiDb:427 - User favorites MCUs=[]
2025-03-25 09:18:56,145 [INFO] DbMcus:224 - Set 0 / 0 favorites MCUs
2025-03-25 09:18:56,197 [ERROR] LogOutputStream:75 - [STDERR_REDIRECT] [Fatal Error] :1:1: Premature end of file.
2025-03-25 09:18:56,197 [ERROR] LogOutputStream:75 - [STDERR_REDIRECT] 
2025-03-25 09:18:56,414 [INFO] ApiDb:668 - CubeFinder database Data Model version=2.1
2025-03-25 09:18:56,414 [INFO] ApiDb:669 - CubeFinder database Configuration version=3.0.39
2025-03-25 09:18:56,414 [INFO] ApiDb:670 - CubeFinder database generation date=2025-03-07 (1741340029)
2025-03-25 09:18:56,414 [INFO] ApiDb:671 - CubeFinder database FW Pack versions=[FP-ATR-ASTRA1_V2.0.0, FP-SNS-FLIGHT1_V5.0.2, FP-SNS-MOTENV1_V5.0.0, FP-SNS-MOTENVWB1_V1.4.0, FP-SNS-SMARTAG2_V1.2.0, FP-SNS-STBOX1_V2.0.0, STM32Cube_FW_C0_V1.4.0, STM32Cube_FW_F4_V1.28.1, STM32Cube_FW_F7_V1.17.2, STM32Cube_FW_G0_V1.6.2, STM32Cube_FW_G4_V1.6.1, STM32Cube_FW_H5_V1.5.0, STM32Cube_FW_H7RS_V1.2.0, STM32Cube_FW_H7_V1.12.1, STM32Cube_FW_L0_V1.12.2, STM32Cube_FW_L4_V1.18.1, STM32Cube_FW_L5_V1.5.1, STM32Cube_FW_N6_V1.1.0, STM32Cube_FW_U0_V1.2.0, STM32Cube_FW_U3_V1.1.0, STM32Cube_FW_U5_V1.7.0, STM32Cube_FW_WB0_V1.2.0, STM32Cube_FW_WBA_V1.6.0, STM32Cube_FW_WB_V1.22.0, STM32Cube_FW_WL3_V1.1.0, STM32Cube_FW_WL_V1.3.1, X-CUBE-ALGOBUILD_V1.4.0, X-CUBE-ALS_V1.0.2, X-CUBE-AZRTOS-F4_V1.1.0, X-CUBE-AZRTOS-F7_V1.1.0, X-CUBE-AZRTOS-G0_V1.1.0, X-CUBE-AZRTOS-G4_V2.0.0, X-CUBE-AZRTOS-H7RS_V1.0.0, X-CUBE-AZRTOS-H7_V3.3.0, X-CUBE-AZRTOS-L4_V2.0.0, X-CUBE-AZRTOS-L5_V2.0.0, X-CUBE-AZRTOS-WB_V2.0.0, X-CUBE-AZRTOS-WL_V2.0.0, X-CUBE-BLE1_V7.1.0, X-CUBE-BLE2_V3.3.0, X-CUBE-BLEMGR_V4.0.0, X-CUBE-EEPRMA1_V5.1.0, X-CUBE-FREERTOS_V1.3.0, X-CUBE-GNSS1_V6.0.0, X-CUBE-MEMS1_V11.1.0, X-CUBE-NFC4_V3.0.0, X-CUBE-NFC7_V1.0.1, X-CUBE-SFXS2LP1_V4.0.0, X-CUBE-SUBG2_V5.0.0, X-CUBE-TOF1_V3.4.2]
2025-03-25 09:18:56,448 [INFO] DbBoardsSqlite:226 - include board P-NUCLEO-WB55-NUCLEO as a kit item of type 'Nucleo-64'
2025-03-25 09:18:56,448 [INFO] DbBoardsSqlite:226 - include board P-NUCLEO-WB55-USBDONGLE as a kit item of type 'Nucleo USB Dongle'
2025-03-25 09:18:56,448 [INFO] DbBoardsSqlite:226 - include board STEVAL-IDP005V1 as a kit item of type 'Evaluation Board'
2025-03-25 09:18:56,448 [INFO] DbBoardsSqlite:226 - include board STEVAL-IDP005V2 as a kit item of type 'Evaluation Board'
2025-03-25 09:18:56,489 [INFO] ApiDb:240 - Found 895 in-development CPN: [B-G473E-ZEST1S, B-WB1M-WPAN1, B-WBA5M-WPAN, B-WL5M-SUBG1, NUCLEO-C031C6, NUCLEO-C051C8, NUCLEO-C071RB, NUCLEO-C092RC, NUCLEO-H503RB, NUCLEO-H533RE, NUCLEO-H563ZI, NUCLEO-H7S3L8, NUCLEO-N657X0-Q, NUCLEO-U031R8, NUCLEO-U083RC, NUCLEO-U385RG-Q, NUCLEO-U545RE-Q, NUCLEO-U5A5ZJ-Q, NUCLEO-WB05KZ, NUCLEO-WB07CC, NUCLEO-WB09KE, NUCLEO-WBA52CG, NUCLEO-WBA55CG, NUCLEO-WBA65RI, NUCLEO-WL33CC1, NUCLEO-WL33CC2, STEVAL-PROTEUS1, STEVAL-SMARTAG2, STEVAL-STWINBX1, STM320518-EVAL, STM32C0116-DK, STM32C011D6Y3TR, STM32C011D6Y6TR, STM32C011F4P3, STM32C011F4P6, STM32C011F4U3, STM32C011F4U6TR, STM32C011F6P3, STM32C011F6P6, STM32C011F6U3, STM32C011F6U6TR, STM32C011J4M3, STM32C011J4M6, STM32C011J6M3, STM32C011J6M6, STM32C0316-DK, STM32C031C4T3, STM32C031C4T6, STM32C031C4U3, STM32C031C4U6, STM32C031C6T3, STM32C031C6T6, STM32C031C6U3, STM32C031C6U6, STM32C031F4P3, STM32C031F4P6, STM32C031F6P3, STM32C031F6P6, STM32C031G4U3, STM32C031G4U6, STM32C031G6U3, STM32C031G6U6, STM32C031K4T3, STM32C031K4T6, STM32C031K4U3, STM32C031K4U6, STM32C031K6T3, STM32C031K6T6, STM32C031K6U3, STM32C031K6U6, STM32C051C6T6, STM32C051C6U6, STM32C051C8T6, STM32C051C8U6, STM32C051D8Y6TR, STM32C051F6P6, STM32C051F8P6, STM32C051G6U6, STM32C051G8U6, STM32C051K6T6, STM32C051K6U6, STM32C051K8T6, STM32C071C8T6, STM32C071C8T6N, STM32C071C8U6, STM32C071C8U6N, STM32C071CBT6, STM32C071CBT6N, STM32C071CBU6, STM32C071CBU6N, STM32C071F8P6, STM32C071F8P6N, STM32C071FBP6, STM32C071FBP6N, STM32C071FBY6TR, STM32C071G8U6, STM32C071G8U6N, STM32C071GBU6, STM32C071GBU6N, STM32C071K8T6, STM32C071K8T6N, STM32C071K8U6, STM32C071K8U6N, STM32C071KBT6, STM32C071KBT6N, STM32C071KBU6, STM32C071KBU6N, STM32C071R8T6, STM32C071R8T6N, STM32C071RBI6N, STM32C071RBT6, STM32C071RBT6N, STM32C091CBT6, STM32C091CBU6, STM32C091CCT6, STM32C091CCU6, STM32C091ECY6TR, STM32C091FBP6, STM32C091FCP6, STM32C091GBU6, STM32C091GCU6, STM32C091KBT6, STM32C091KBU6, STM32C091KCT6, STM32C091KCU6, STM32C091RBT6, STM32C091RCI6, STM32C091RCT6, STM32C092CBT6, STM32C092CBU6, STM32C092CCT6, STM32C092CCU6, STM32C092ECY6TR, STM32C092FBP6, STM32C092FCP6, STM32C092GBU6, STM32C092GCU6, STM32C092KBT6, STM32C092KBU6, STM32C092KCT6, STM32C092KCU6, STM32C092RBT6, STM32C092RCI6, STM32C092RCT6, STM32G071K8TXN, STM32G071K8UXN, STM32G081GBU6N, STM32G081KBT6N, STM32G081KBUXN, STM32G0B1CCT6N, STM32G0B1KCT6, STM32G0B1NEY6TR, STM32G0B1RCT6N, STM32G0C1CCT6, STM32G0C1CCT6N, STM32G0C1CCU6N, STM32G0C1CET6N, STM32G0C1CEU6N, STM32G0C1KCT6, STM32G0C1NEY6TR, STM32G0C1RCI6N, STM32G0C1RCT6N, STM32G0C1REI6N, STM32G0C1RET6N, STM32G0C1VCI6, STM32G0C1VEI6, STM32G411C6T3, STM32G411C6T6, STM32G411C6U3, STM32G411C6U6, STM32G411C8T3, STM32G411C8T6, STM32G411C8U3, STM32G411C8U6, STM32G411CBT3, STM32G411CBT6, STM32G411CBU3, STM32G411CBU6, STM32G411CCT3, STM32G411CCT6, STM32G411CCU3, STM32G411CCU6, STM32G411K6T3, STM32G411K6T6, STM32G411K6U3, STM32G411K6U6, STM32G411K8T3, STM32G411K8T6, STM32G411K8U3, STM32G411K8U6, STM32G411KBT3, STM32G411KBT6, STM32G411KBU3, STM32G411KBU6, STM32G411M6T3, STM32G411M6T6, STM32G411M8T3, STM32G411M8T6, STM32G411MBT3, STM32G411MBT6, STM32G411MCT3, STM32G411MCT6, STM32G411R6T3, STM32G411R6T6, STM32G411R8T3, STM32G411R8T6, STM32G411RBT3, STM32G411RBT6, STM32G411RCT3, STM32G411RCT6, STM32G414CBT3, STM32G414CBT6, STM32G414CBU3, STM32G414CBU6, STM32G414CCT3, STM32G414CCT6, STM32G414CCU3, STM32G414CCU6, STM32G414MBT3, STM32G414MBT6, STM32G414MCT3, STM32G414MCT6, STM32G414RBT3, STM32G414RBT6, STM32G414RCT3, STM32G414RCT6, STM32G414VBT3, STM32G414VBT6, STM32G414VCT3, STM32G414VCT6, STM32G431CBT3Z, STM32G431RBT3Z, STM32G471CCT6, STM32G471CCU6, STM32G471CET3, STM32G471CET6, STM32G471CEU3, STM32G471CEU6, STM32G471MCT6, STM32G471MET3, STM32G471MET6, STM32G471MEY6TR, STM32G471QCT6, STM32G471QET3, STM32G471RCT6, STM32G471RET3, STM32G471RET6, STM32G471VCH6, STM32G471VCI6, STM32G471VCT6, STM32G471VEH3, STM32G471VEH6, STM32G471VEI3, STM32G471VEI6, STM32G471VET3, STM32G471VET6, STM32G473QET3Z, STM32G473RET3Z, STM32G474CCT6, STM32G491RET3Z, STM32H503CBT6, STM32H503CBU6, STM32H503EBY6TR, STM32H503KBU6, STM32H503RBT6, STM32H523CCT6, STM32H523CCU6, STM32H523CET6, STM32H523CEU6, STM32H523HEY6TR, STM32H523RCT6, STM32H523RET6, STM32H523VCI6, STM32H523VCT6, STM32H523VEI6, STM32H523VET6, STM32H523ZCJ6, STM32H523ZCT6, STM32H523ZEJ6, STM32H523ZET6, STM32H533CET6, STM32H533CEU6, STM32H533HEY6TR, STM32H533RET6, STM32H533VEI6, STM32H533VET6, STM32H533ZEJ6, STM32H533ZET6, STM32H562AGI6, STM32H562AII6, STM32H562IGK6, STM32H562IGT6, STM32H562IIK6, STM32H562IIT6, STM32H562RGT6, STM32H562RGV6, STM32H562RIT6, STM32H562RIV6, STM32H562VGT6, STM32H562VIT6, STM32H562ZGT6, STM32H562ZIT6, STM32H563AGI6, STM32H563AII3Q, STM32H563AII6, STM32H563IGK6, STM32H563IGT6, STM32H563IIK3Q, STM32H563IIK6, STM32H563IIT3Q, STM32H563IIT6, STM32H563MIY3QTR, STM32H563RGT6, STM32H563RGV6, STM32H563RIT6, STM32H563RIV6, STM32H563VGT6, STM32H563VIT3Q, STM32H563VIT6, STM32H563ZGT6, STM32H563ZIT3Q, STM32H563ZIT6, STM32H573AII3Q, STM32H573AII6, STM32H573I-DK, STM32H573IIK3Q, STM32H573IIK6, STM32H573IIT3Q, STM32H573IIT6, STM32H573MIY3QTR, STM32H573RIT6, STM32H573RIV6, STM32H573VIT3Q, STM32H573VIT6, STM32H573ZIT3Q, STM32H573ZIT6, STM32H7R3A8I6, STM32H7R3I8K6, STM32H7R3I8T6, STM32H7R3L8H6, STM32H7R3L8H6H, STM32H7R3R8V6, STM32H7R3V8H6, STM32H7R3V8T6, STM32H7R3V8Y6TR, STM32H7R3Z8J6, STM32H7R3Z8T6, STM32H7R7A8I6, STM32H7R7I8K6, STM32H7R7I8T6, STM32H7R7L8H6, STM32H7R7L8H6H, STM32H7R7Z8J6, STM32H7S3A8I6, STM32H7S3I8K6, STM32H7S3I8T6, STM32H7S3L8H6, STM32H7S3L8H6H, STM32H7S3R8V6, STM32H7S3V8H6, STM32H7S3V8T6, STM32H7S3V8Y6TR, STM32H7S3Z8J6, STM32H7S3Z8T6, STM32H7S78-DK, STM32H7S7A8I6, STM32H7S7I8K6, STM32H7S7I8T6, STM32H7S7L8H6, STM32H7S7L8H6H, STM32H7S7Z8J6, STM32L4R5QGI6STR, STM32MP131AAE3, STM32MP131AAF3, STM32MP131AAG3, STM32MP131CAE3, STM32MP131CAF3, STM32MP131CAG3, STM32MP131DAE7, STM32MP131DAF7, STM32MP131DAG7, STM32MP131FAE7, STM32MP131FAF7, STM32MP131FAG7, STM32MP133AAE3, STM32MP133AAF3, STM32MP133AAG3, STM32MP133CAE3, STM32MP133CAF3, STM32MP133CAG3, STM32MP133DAE7, STM32MP133DAF7, STM32MP133DAG7, STM32MP133FAE7, STM32MP133FAF7, STM32MP133FAG7, STM32MP135AAE3, STM32MP135AAF3, STM32MP135AAG3, STM32MP135CAE3, STM32MP135CAF3, STM32MP135CAG3, STM32MP135DAE7, STM32MP135DAF7, STM32MP135DAG7, STM32MP135F-DK, STM32MP135FAE7, STM32MP135FAF7, STM32MP135FAF7T, STM32MP135FAF7U, STM32MP135FAG7, STM32MP231AAJ3, STM32MP231AAK3, STM32MP231AAL3, STM32MP231CAJ3, STM32MP231CAK3, STM32MP231CAL3, STM32MP231DAJ3, STM32MP231DAK3, STM32MP231DAL3, STM32MP231FAJ3, STM32MP231FAK3, STM32MP231FAL3, STM32MP233AAJ3, STM32MP233AAK3, STM32MP233AAL3, STM32MP233CAJ3, STM32MP233CAK3, STM32MP233CAL3, STM32MP233DAJ3, STM32MP233DAK3, STM32MP233DAL3, STM32MP233FAJ3, STM32MP233FAK3, STM32MP233FAL3, STM32MP235AAJ3, STM32MP235AAK3, STM32MP235AAL3, STM32MP235CAJ3, STM32MP235CAK3, STM32MP235CAL3, STM32MP235DAJ3, STM32MP235DAK3, STM32MP235DAL3, STM32MP235FAJ3, STM32MP235FAK3, STM32MP235FAL3, STM32MP251AAI3, STM32MP251AAJ3, STM32MP251AAK3, STM32MP251AAL3, STM32MP251CAI3, STM32MP251CAJ3, STM32MP251CAK3, STM32MP251CAL3, STM32MP251DAI3, STM32MP251DAJ3, STM32MP251DAK3, STM32MP251DAL3, STM32MP251FAI3, STM32MP251FAJ3, STM32MP251FAK3, STM32MP251FAL3, STM32MP253AAI3, STM32MP253AAJ3, STM32MP253AAK3, STM32MP253AAL3, STM32MP253CAI3, STM32MP253CAJ3, STM32MP253CAK3, STM32MP253CAL3, STM32MP253DAI3, STM32MP253DAJ3, STM32MP253DAK3, STM32MP253DAL3, STM32MP253FAI3, STM32MP253FAJ3, STM32MP253FAK3, STM32MP253FAL3, STM32MP255AAI3, STM32MP255AAJ3, STM32MP255AAK3, STM32MP255AAL3, STM32MP255CAI3, STM32MP255CAJ3, STM32MP255CAK3, STM32MP255CAL3, STM32MP255DAI3, STM32MP255DAJ3, STM32MP255DAK3, STM32MP255DAL3, STM32MP255FAI3, STM32MP255FAJ3, STM32MP255FAK3, STM32MP255FAL3, STM32MP257AAI3, STM32MP257AAJ3, STM32MP257AAK3, STM32MP257AAL3, STM32MP257CAI3, STM32MP257CAJ3, STM32MP257CAK3, STM32MP257CAL3, STM32MP257DAI3, STM32MP257DAJ3, STM32MP257DAK3, STM32MP257DAL3, STM32MP257F-DK, STM32MP257F-EV1, STM32MP257FAI3, STM32MP257FAJ3, STM32MP257FAK3, STM32MP257FAL3, STM32N645A0H3Q, STM32N645B0H3Q, STM32N645I0H3Q, STM32N645L0H3Q, STM32N645X0H3Q, STM32N645Z0H3Q, STM32N647A0H3Q, STM32N647B0H3Q, STM32N647I0H3Q, STM32N647L0H3Q, STM32N647X0H3Q, STM32N647Z0H3Q, STM32N655A0H3Q, STM32N655B0H3Q, STM32N655I0H3Q, STM32N655L0H3Q, STM32N655X0H3Q, STM32N655Z0H3Q, STM32N6570-DK, STM32N657A0H3Q, STM32N657B0H3Q, STM32N657I0H3Q, STM32N657L0H3Q, STM32N657X0H3Q, STM32N657Z0H3Q, STM32U031C6T6, STM32U031C6U6, STM32U031C8T6, STM32U031C8U6, STM32U031F4P6, STM32U031F6P6, STM32U031F8P6, STM32U031G6Y6TR, STM32U031G8Y6TR, STM32U031K4U6, STM32U031K6U6, STM32U031K8U6, STM32U031R6I6, STM32U031R6T6, STM32U031R8I6, STM32U031R8T6, STM32U073C8T6, STM32U073C8U6, STM32U073CBT6, STM32U073CBU6, STM32U073CCT6, STM32U073CCU6, STM32U073H8Y6TR, STM32U073HBY6TR, STM32U073HCY6TR, STM32U073K8U6, STM32U073KBU6, STM32U073KCU6, STM32U073M8I6, STM32U073M8T6, STM32U073MBI6, STM32U073MBT6, STM32U073MCI6, STM32U073MCT6, STM32U073R8I6, STM32U073R8T6, STM32U073RBI6, STM32U073RBT6, STM32U073RCI6, STM32U073RCT6, STM32U083C-DK, STM32U083CCT6, STM32U083CCU6, STM32U083HCY6TR, STM32U083KCU6, STM32U083MCI6, STM32U083MCT6, STM32U083RCI6, STM32U083RCT6, STM32U375CET6, STM32U375CET6Q, STM32U375CEU6, STM32U375CEU6Q, STM32U375CEY6QTR, STM32U375CGT6, STM32U375CGT6Q, STM32U375CGU6, STM32U375CGU6Q, STM32U375CGY6QTR, STM32U375KEU6, STM32U375KGU6, STM32U375REI6, STM32U375REI6Q, STM32U375RET6, STM32U375RET6Q, STM32U375REY6GTR, STM32U375REY6QTR, STM32U375RGI6, STM32U375RGI6Q, STM32U375RGT6, STM32U375RGT6Q, STM32U375RGY6GTR, STM32U375RGY6QTR, STM32U375VEI6, STM32U375VEI6Q, STM32U375VET6, STM32U375VET6Q, STM32U375VGI6, STM32U375VGI6Q, STM32U375VGT6, STM32U375VGT6Q, STM32U385CGT6, STM32U385CGT6Q, STM32U385CGU6, STM32U385CGU6Q, STM32U385CGY6QTR, STM32U385KGU6, STM32U385RGI6, STM32U385RGI6Q, STM32U385RGT6, STM32U385RGT6Q, STM32U385RGY6GTR, STM32U385RGY6QTR, STM32U385VGI6, STM32U385VGI6Q, STM32U385VGT6, STM32U385VGT6Q, STM32U535CBT6, STM32U535CBT6Q, STM32U535CBU6, STM32U535CBU6Q, STM32U535CCT6, STM32U535CCT6Q, STM32U535CCU6, STM32U535CCU6Q, STM32U535CET6, STM32U535CET6Q, STM32U535CEU6, STM32U535CEU6Q, STM32U535JEY6QTR, STM32U535NCY6QTR, STM32U535NEY6QTR, STM32U535RBI6, STM32U535RBI6Q, STM32U535RBT6, STM32U535RBT6Q, STM32U535RCI6, STM32U535RCI6Q, STM32U535RCT6, STM32U535RCT6Q, STM32U535REI6, STM32U535REI6Q, STM32U535RET6, STM32U535RET6Q, STM32U535VCI6, STM32U535VCI6Q, STM32U535VCT6, STM32U535VCT6Q, STM32U535VEI6, STM32U535VEI6Q, STM32U535VET6, STM32U535VET6Q, STM32U545CET6, STM32U545CET6Q, STM32U545CEU6, STM32U545CEU6Q, STM32U545JEY6QTR, STM32U545NEY6QTR, STM32U545REI6, STM32U545REI6Q, STM32U545RET6, STM32U545RET6Q, STM32U545VEI6, STM32U545VEI6Q, STM32U545VET6, STM32U545VET6Q, STM32U595AIH6, STM32U595AIH6Q, STM32U595AJH6, STM32U595AJH6Q, STM32U595QII6, STM32U595QII6Q, STM32U595QJI6, STM32U595QJI6Q, STM32U595RIT6, STM32U595RIT6Q, STM32U595RJT6, STM32U595RJT6Q, STM32U595VIT6, STM32U595VIT6Q, STM32U595VJT6, STM32U595VJT6Q, STM32U595ZIT6, STM32U595ZIT6Q, STM32U595ZIY6QTR, STM32U595ZJT6, STM32U595ZJT6Q, STM32U595ZJY6QTR, STM32U599BJY6QTR, STM32U599NIH6Q, STM32U599NJH6Q, STM32U599VIT6Q, STM32U599VJT6, STM32U599VJT6Q, STM32U599ZIT6Q, STM32U599ZIY6QTR, STM32U599ZJT6Q, STM32U599ZJY6QTR, STM32U5A5AJH6, STM32U5A5AJH6Q, STM32U5A5QII3Q , STM32U5A5QJI6, STM32U5A5QJI6Q, STM32U5A5RJT6, STM32U5A5RJT6Q, STM32U5A5VJT6, STM32U5A5VJT6Q, STM32U5A5ZJT6, STM32U5A5ZJT6Q, STM32U5A5ZJY6QTR, STM32U5A9BJY6QTR, STM32U5A9J-DK, STM32U5A9NJH6Q, STM32U5A9VJT6Q, STM32U5A9ZJT6Q, STM32U5A9ZJY6QTR, STM32U5F7VIT6, STM32U5F7VIT6Q, STM32U5F7VJT6, STM32U5F7VJT6Q, STM32U5F9BJY6QTR, STM32U5F9NJH6Q, STM32U5F9VIT6Q, STM32U5F9VJT6Q, STM32U5F9ZIJ6QTR, STM32U5F9ZIT6Q, STM32U5F9ZJJ6QTR, STM32U5F9ZJT6Q, STM32U5G7VJT6, STM32U5G7VJT6Q, STM32U5G9BJY6QTR, STM32U5G9J-DK1, STM32U5G9J-DK2, STM32U5G9NJH6Q, STM32U5G9VJT6Q, STM32U5G9ZJJ6QTR, STM32U5G9ZJT6Q, STM32WB05KZV6TR, STM32WB05KZV7TR, STM32WB05TZF6TR, STM32WB05TZF7TR, STM32WB06CCF6TR, STM32WB06CCF7TR, STM32WB06CCV6TR, STM32WB06CCV7TR, STM32WB06KCV6TR, STM32WB06KCV7TR, STM32WB07CCF6TR, STM32WB07CCF7TR, STM32WB07CCV6TR, STM32WB07CCV7TR, STM32WB07KCV6TR, STM32WB07KCV7TR, STM32WB09KEV6TR, STM32WB09KEV7TR, STM32WB09TEF6TR, STM32WB09TEF7TR, STM32WB1MMCH6, STM32WBA50KGU6, STM32WBA50KGU6TR, STM32WBA52CEU6, STM32WBA52CEU6TR, STM32WBA52CEU7, STM32WBA52CEU7TR, STM32WBA52CGU6, STM32WBA52CGU6TR, STM32WBA52CGU6U, STM32WBA52CGU7, STM32WBA52CGU7TR, STM32WBA52KEU6, STM32WBA52KEU6TR, STM32WBA52KGU6, STM32WBA52KGU6TR, STM32WBA54CEU6, STM32WBA54CEU6TR, STM32WBA54CEU7, STM32WBA54CEU7TR, STM32WBA54CGU6, STM32WBA54CGU6TR, STM32WBA54CGU7, STM32WBA54CGU7TR, STM32WBA54KEU6, STM32WBA54KEU6TR, STM32WBA54KEU7, STM32WBA54KEU7TR, STM32WBA54KGU6, STM32WBA54KGU6TR, STM32WBA54KGU7, STM32WBA54KGU7TR, STM32WBA55CEU6, STM32WBA55CEU6TR, STM32WBA55CEU7, STM32WBA55CEU7TR, STM32WBA55CGU6, STM32WBA55CGU6TR, STM32WBA55CGU6U, STM32WBA55CGU7, STM32WBA55CGU7TR, STM32WBA55G-DK1, STM32WBA55HEF6, STM32WBA55HEF7, STM32WBA55HGF6, STM32WBA55HGF7, STM32WBA55UEI6, STM32WBA55UEI6TR, STM32WBA55UEI7, STM32WBA55UEI7TR, STM32WBA55UGI6, STM32WBA55UGI6TR, STM32WBA55UGI7, STM32WBA55UGI7TR, STM32WBA5MJGH6TR, STM32WBA62CGU6, STM32WBA62CIU6, STM32WBA62MGF6, STM32WBA62MIF6, STM32WBA62PGI6, STM32WBA62PII6, STM32WBA63CGU6, STM32WBA63CGU7, STM32WBA63CIU6, STM32WBA63CIU7, STM32WBA64CGU6, STM32WBA64CGU7, STM32WBA64CIU6, STM32WBA64CIU7, STM32WBA65CGU6, STM32WBA65CGU7, STM32WBA65CIU6, STM32WBA65CIU7, STM32WBA65I-DK1, STM32WBA65MGF6, STM32WBA65MGF7, STM32WBA65MIF6, STM32WBA65MIF7, STM32WBA65PGI6, STM32WBA65PGI7, STM32WBA65PII6, STM32WBA65PII7, STM32WBA65RGV6, STM32WBA65RGV7, STM32WBA65RIV6, STM32WBA65RIV7, STM32WL30K8V6, STM32WL30KBV6, STM32WL31C8V6, STM32WL31CBV6, STM32WL31K8V6, STM32WL31KBV6, STM32WL33C8V6, STM32WL33C8V6TR, STM32WL33C8V7, STM32WL33C8V7TR, STM32WL33CBV6, STM32WL33CBV6TR, STM32WL33CBV7, STM32WL33CBV7TR, STM32WL33CCV6, STM32WL33CCV6TR, STM32WL33CCV7, STM32WL33CCV7A, STM32WL33CCV7ATR, STM32WL33CCV7TR, STM32WL33K8V6, STM32WL33K8V6TR, STM32WL33K8V7, STM32WL33K8V7TR, STM32WL33KBV6, STM32WL33KBV6TR, STM32WL33KBV7, STM32WL33KBV7TR, STM32WL33KCV6, STM32WL33KCV6TR, STM32WL33KCV7, STM32WL33KCV7TR, STM32WL5MOCH6, STM32WL5MOCH6TR]
2025-03-25 09:18:56,635 [INFO] BoardInfo:889 - No configuration file found for board P-NUCLEO-WB55
2025-03-25 09:18:56,636 [INFO] DbBoards:161 - Kit is not supported: P-NUCLEO-WB55
2025-03-25 09:18:56,641 [INFO] BoardInfo:889 - No configuration file found for board STEVAL-BFA001V1B
2025-03-25 09:18:56,642 [INFO] DbBoards:161 - Kit is not supported: STEVAL-BFA001V1B
2025-03-25 09:18:56,644 [INFO] BoardInfo:889 - No configuration file found for board STEVAL-BFA001V2B
2025-03-25 09:18:56,644 [INFO] DbBoards:161 - Kit is not supported: STEVAL-BFA001V2B
2025-03-25 09:18:56,792 [INFO] DbBoards:168 - Found 211 boards, 208 are supported
2025-03-25 09:18:56,792 [INFO] DbBoards:169 - Found 211 boards, 43 of them is supported for  Bsp
2025-03-25 09:18:56,794 [INFO] ApiDb:423 - Load user favorites file C:\Users\raj/.stm32cubeide/favorites.boards.txt: 0 item(s)
2025-03-25 09:18:56,794 [INFO] ApiDb:427 - User favorites Boards=[]
2025-03-25 09:18:56,794 [INFO] DbBoards:198 - Set 0 / 0 favorites Boards
2025-03-25 09:18:56,796 [INFO] ApiDb:668 - CubeFinder database Data Model version=2.1
2025-03-25 09:18:56,796 [INFO] ApiDb:669 - CubeFinder database Configuration version=3.0.39
2025-03-25 09:18:56,796 [INFO] ApiDb:670 - CubeFinder database generation date=2025-03-07 (1741340029)
2025-03-25 09:18:56,796 [INFO] ApiDb:671 - CubeFinder database FW Pack versions=[FP-ATR-ASTRA1_V2.0.0, FP-SNS-FLIGHT1_V5.0.2, FP-SNS-MOTENV1_V5.0.0, FP-SNS-MOTENVWB1_V1.4.0, FP-SNS-SMARTAG2_V1.2.0, FP-SNS-STBOX1_V2.0.0, STM32Cube_FW_C0_V1.4.0, STM32Cube_FW_F4_V1.28.1, STM32Cube_FW_F7_V1.17.2, STM32Cube_FW_G0_V1.6.2, STM32Cube_FW_G4_V1.6.1, STM32Cube_FW_H5_V1.5.0, STM32Cube_FW_H7RS_V1.2.0, STM32Cube_FW_H7_V1.12.1, STM32Cube_FW_L0_V1.12.2, STM32Cube_FW_L4_V1.18.1, STM32Cube_FW_L5_V1.5.1, STM32Cube_FW_N6_V1.1.0, STM32Cube_FW_U0_V1.2.0, STM32Cube_FW_U3_V1.1.0, STM32Cube_FW_U5_V1.7.0, STM32Cube_FW_WB0_V1.2.0, STM32Cube_FW_WBA_V1.6.0, STM32Cube_FW_WB_V1.22.0, STM32Cube_FW_WL3_V1.1.0, STM32Cube_FW_WL_V1.3.1, X-CUBE-ALGOBUILD_V1.4.0, X-CUBE-ALS_V1.0.2, X-CUBE-AZRTOS-F4_V1.1.0, X-CUBE-AZRTOS-F7_V1.1.0, X-CUBE-AZRTOS-G0_V1.1.0, X-CUBE-AZRTOS-G4_V2.0.0, X-CUBE-AZRTOS-H7RS_V1.0.0, X-CUBE-AZRTOS-H7_V3.3.0, X-CUBE-AZRTOS-L4_V2.0.0, X-CUBE-AZRTOS-L5_V2.0.0, X-CUBE-AZRTOS-WB_V2.0.0, X-CUBE-AZRTOS-WL_V2.0.0, X-CUBE-BLE1_V7.1.0, X-CUBE-BLE2_V3.3.0, X-CUBE-BLEMGR_V4.0.0, X-CUBE-EEPRMA1_V5.1.0, X-CUBE-FREERTOS_V1.3.0, X-CUBE-GNSS1_V6.0.0, X-CUBE-MEMS1_V11.1.0, X-CUBE-NFC4_V3.0.0, X-CUBE-NFC7_V1.0.1, X-CUBE-SFXS2LP1_V4.0.0, X-CUBE-SUBG2_V5.0.0, X-CUBE-TOF1_V3.4.2]
2025-03-25 09:18:57,200 [ERROR] LogOutputStream:75 - [STDERR_REDIRECT] [Fatal Error] :1:1: Premature end of file.
2025-03-25 09:18:57,200 [ERROR] LogOutputStream:75 - [STDERR_REDIRECT] 
2025-03-25 09:18:57,252 [ERROR] DbExamplesSqlite:437 - Missing JSON key: board_cpn
2025-03-25 09:18:57,252 [ERROR] DbExamplesSqlite:437 - Missing JSON key: board_cpn
2025-03-25 09:18:57,252 [ERROR] DbExamplesSqlite:437 - Missing JSON key: board_cpn
2025-03-25 09:18:57,252 [ERROR] DbExamplesSqlite:437 - Missing JSON key: board_cpn
2025-03-25 09:18:57,333 [ERROR] DbExamplesSqlite:437 - Missing JSON key: board_cpn
2025-03-25 09:18:57,333 [ERROR] DbExamplesSqlite:437 - Missing JSON key: board_cpn
2025-03-25 09:18:57,333 [ERROR] DbExamplesSqlite:437 - Missing JSON key: board_cpn
2025-03-25 09:18:57,333 [ERROR] DbExamplesSqlite:437 - Missing JSON key: board_cpn
2025-03-25 09:18:57,333 [ERROR] DbExamplesSqlite:437 - Missing JSON key: board_cpn
2025-03-25 09:18:57,333 [ERROR] DbExamplesSqlite:437 - Missing JSON key: board_cpn
2025-03-25 09:18:57,333 [ERROR] DbExamplesSqlite:437 - Missing JSON key: board_cpn
2025-03-25 09:18:57,333 [ERROR] DbExamplesSqlite:437 - Missing JSON key: board_cpn
2025-03-25 09:18:57,334 [ERROR] DbExamplesSqlite:437 - Missing JSON key: board_cpn
2025-03-25 09:18:57,433 [ERROR] DbExamplesSqlite:437 - Missing JSON key: board_cpn
2025-03-25 09:18:57,440 [INFO] DbExamplesSqlite:395 - Ignored 46 examples not supported by CubeIDE
2025-03-25 09:18:57,440 [INFO] DbExamplesSqlite:396 - Found 10814 examples active
2025-03-25 09:18:57,440 [INFO] DbExamplesSqlite:397 - Found 0 examples obsolete
2025-03-25 09:18:57,440 [INFO] DbExamplesSqlite:398 - Found 0 examples under development
2025-03-25 09:18:57,440 [INFO] DbExamplesSqlite:399 - Found 79 examples not building
2025-03-25 09:18:57,442 [INFO] DbExamples:125 - Found 10847 examples
2025-03-25 09:18:57,456 [ERROR] DbExamples:208 - Found 3 examples with invalid data (board or MCU)
2025-03-25 09:18:57,456 [INFO] DbExamples:222 - Found 134 boards with related examples
2025-03-25 09:18:57,457 [INFO] DbExamples:235 - Found 110 MCUs with related examples
2025-03-25 09:18:57,474 [INFO] ApiDb:414 - User favorites file not found: C:\Users\raj/.stm32cubeide/favorites.examples.txt
2025-03-25 09:18:57,475 [INFO] DbExamples:250 - Set 0 / 0 favorites Examples
2025-03-25 09:18:57,842 [INFO] McuFinderGlobals:76 - Set McuFinderConnectedMode to true
2025-03-25 09:18:57,848 [INFO] MultiScanPanel:200 - Auto-refresh data requested => check proxy status ongoing
2025-03-25 09:18:57,851 [INFO] FinderPluginLoader:95 - Searching for filters in installed packs
2025-03-25 09:18:58,197 [ERROR] LogOutputStream:75 - [STDERR_REDIRECT] [Fatal Error] :1:1: Premature end of file.
2025-03-25 09:18:58,198 [ERROR] LogOutputStream:75 - [STDERR_REDIRECT] 
2025-03-25 09:18:58,911 [INFO] LoadUrlFilesThread:185 - End of LoadServerUrlFiles without Thread
2025-03-25 09:18:59,011 [INFO] DetailPanel:341 - Set advertising image to C:/Users/raj/STM32Cube/Repository/\en.prom-stm32u3-mcu-finder.jpg
2025-03-25 09:18:59,204 [ERROR] LogOutputStream:75 - [STDERR_REDIRECT] [Fatal Error] :1:1: Premature end of file.
2025-03-25 09:18:59,204 [ERROR] LogOutputStream:75 - [STDERR_REDIRECT] 
2025-03-25 09:19:00,201 [ERROR] LogOutputStream:75 - [STDERR_REDIRECT] [Fatal Error] :1:1: Premature end of file.
2025-03-25 09:19:00,202 [ERROR] LogOutputStream:75 - [STDERR_REDIRECT] 
2025-03-25 09:19:01,214 [ERROR] LogOutputStream:75 - [STDERR_REDIRECT] [Fatal Error] :1:1: Premature end of file.
2025-03-25 09:19:01,214 [ERROR] LogOutputStream:75 - [STDERR_REDIRECT] 
2025-03-25 09:19:02,228 [ERROR] LogOutputStream:75 - [STDERR_REDIRECT] [Fatal Error] :1:1: Premature end of file.
2025-03-25 09:19:02,228 [ERROR] LogOutputStream:75 - [STDERR_REDIRECT] 
2025-03-25 09:19:03,216 [ERROR] LogOutputStream:75 - [STDERR_REDIRECT] [Fatal Error] :1:1: Premature end of file.
2025-03-25 09:19:03,217 [ERROR] LogOutputStream:75 - [STDERR_REDIRECT] 
2025-03-25 09:19:04,207 [ERROR] LogOutputStream:75 - [STDERR_REDIRECT] [Fatal Error] :1:1: Premature end of file.
2025-03-25 09:19:04,207 [ERROR] LogOutputStream:75 - [STDERR_REDIRECT] 
2025-03-25 09:19:04,931 [INFO] MultiScanPanel:200 - Auto-refresh data requested => check proxy status ongoing
2025-03-25 09:19:05,061 [INFO] LoadUrlFilesThread:185 - End of LoadServerUrlFiles without Thread
2025-03-25 09:19:05,061 [INFO] DetailPanel:341 - Set advertising image to C:/Users/raj/STM32Cube/Repository/\en.prom-stm32u3-mcu-finder.jpg
2025-03-25 09:19:05,072 [INFO] DbBoards:642 - Loading board mini-images...
2025-03-25 09:19:05,132 [ERROR] DbBoards:659 - Image file not found for board B-WBA5M-WPAN: C:\Users\raj\.stmcufinder\plugins\mcufinder//mcu//boards_images/B-WBA5M-WPAN.jpg
2025-03-25 09:19:05,197 [ERROR] LogOutputStream:75 - [STDERR_REDIRECT] [Fatal Error] :1:1: Premature end of file.
2025-03-25 09:19:05,197 [ERROR] LogOutputStream:75 - [STDERR_REDIRECT] 
2025-03-25 09:19:05,665 [ERROR] DbBoards:659 - Image file not found for board NUCLEO-U385RG-Q: C:\Users\raj\.stmcufinder\plugins\mcufinder//mcu//boards_images/NUCLEO-U385RG-Q.jpg
2025-03-25 09:19:06,192 [ERROR] LogOutputStream:75 - [STDERR_REDIRECT] [Fatal Error] :1:1: Premature end of file.
2025-03-25 09:19:06,192 [ERROR] LogOutputStream:75 - [STDERR_REDIRECT] 
2025-03-25 09:19:06,546 [INFO] DbBoards:665 - Loaded 209 board mini-images
2025-03-25 09:19:07,222 [ERROR] LogOutputStream:75 - [STDERR_REDIRECT] [Fatal Error] :1:1: Premature end of file.
2025-03-25 09:19:07,222 [ERROR] LogOutputStream:75 - [STDERR_REDIRECT] 
2025-03-25 09:19:08,214 [ERROR] LogOutputStream:75 - [STDERR_REDIRECT] [Fatal Error] :1:1: Premature end of file.
2025-03-25 09:19:08,215 [ERROR] LogOutputStream:75 - [STDERR_REDIRECT] 
2025-03-25 09:19:09,203 [ERROR] LogOutputStream:75 - [STDERR_REDIRECT] [Fatal Error] :1:1: Premature end of file.
2025-03-25 09:19:09,204 [ERROR] LogOutputStream:75 - [STDERR_REDIRECT] 
2025-03-25 09:19:10,216 [ERROR] LogOutputStream:75 - [STDERR_REDIRECT] [Fatal Error] :1:1: Premature end of file.
2025-03-25 09:19:10,216 [ERROR] LogOutputStream:75 - [STDERR_REDIRECT] 
2025-03-25 09:19:11,214 [ERROR] LogOutputStream:75 - [STDERR_REDIRECT] [Fatal Error] :1:1: Premature end of file.
2025-03-25 09:19:11,215 [ERROR] LogOutputStream:75 - [STDERR_REDIRECT] 
2025-03-25 09:19:12,208 [ERROR] LogOutputStream:75 - [STDERR_REDIRECT] [Fatal Error] :1:1: Premature end of file.
2025-03-25 09:19:12,209 [ERROR] LogOutputStream:75 - [STDERR_REDIRECT] 
2025-03-25 09:19:13,216 [ERROR] LogOutputStream:75 - [STDERR_REDIRECT] [Fatal Error] :1:1: Premature end of file.
2025-03-25 09:19:13,216 [ERROR] LogOutputStream:75 - [STDERR_REDIRECT] 
2025-03-25 09:19:14,191 [ERROR] LogOutputStream:75 - [STDERR_REDIRECT] [Fatal Error] :1:1: Premature end of file.
2025-03-25 09:19:14,192 [ERROR] LogOutputStream:75 - [STDERR_REDIRECT] 
2025-03-25 09:19:15,217 [ERROR] LogOutputStream:75 - [STDERR_REDIRECT] [Fatal Error] :1:1: Premature end of file.
2025-03-25 09:19:15,217 [ERROR] LogOutputStream:75 - [STDERR_REDIRECT] 
2025-03-25 09:19:16,190 [ERROR] LogOutputStream:75 - [STDERR_REDIRECT] [Fatal Error] :1:1: Premature end of file.
2025-03-25 09:19:16,190 [ERROR] LogOutputStream:75 - [STDERR_REDIRECT] 
2025-03-25 09:19:17,214 [ERROR] LogOutputStream:75 - [STDERR_REDIRECT] [Fatal Error] :1:1: Premature end of file.
2025-03-25 09:19:17,215 [ERROR] LogOutputStream:75 - [STDERR_REDIRECT] 
2025-03-25 09:19:18,202 [ERROR] LogOutputStream:75 - [STDERR_REDIRECT] [Fatal Error] :1:1: Premature end of file.
2025-03-25 09:19:18,202 [ERROR] LogOutputStream:75 - [STDERR_REDIRECT] 
2025-03-25 09:19:19,221 [ERROR] LogOutputStream:75 - [STDERR_REDIRECT] [Fatal Error] :1:1: Premature end of file.
2025-03-25 09:19:19,221 [ERROR] LogOutputStream:75 - [STDERR_REDIRECT] 
2025-03-25 09:19:20,192 [ERROR] LogOutputStream:75 - [STDERR_REDIRECT] [Fatal Error] :1:1: Premature end of file.
2025-03-25 09:19:20,192 [ERROR] LogOutputStream:75 - [STDERR_REDIRECT] 
2025-03-25 09:19:21,193 [ERROR] LogOutputStream:75 - [STDERR_REDIRECT] [Fatal Error] :1:1: Premature end of file.
2025-03-25 09:19:21,193 [ERROR] LogOutputStream:75 - [STDERR_REDIRECT] 
2025-03-25 09:19:22,223 [ERROR] LogOutputStream:75 - [STDERR_REDIRECT] [Fatal Error] :1:1: Premature end of file.
2025-03-25 09:19:22,223 [ERROR] LogOutputStream:75 - [STDERR_REDIRECT] 
2025-03-25 09:19:23,190 [ERROR] LogOutputStream:75 - [STDERR_REDIRECT] [Fatal Error] :1:1: Premature end of file.
2025-03-25 09:19:23,190 [ERROR] LogOutputStream:75 - [STDERR_REDIRECT] 
2025-03-25 09:19:23,650 [INFO] MainUpdater:2872 - connection check result : 10
2025-03-25 09:19:23,650 [INFO] MainUpdater:2872 - connection check result : 10
2025-03-25 09:19:23,696 [INFO] MicroXplorer:468 - Change Database Path : 
2025-03-25 09:19:23,697 [INFO] MicroXplorer:498 - Change Database Version : DB.6.0.140
2025-03-25 09:19:23,707 [WARN] ThirdParty:871 - waiting for thirdparty lock release [close project]
2025-03-25 09:19:23,707 [INFO] ThirdParty:873 - entering critical section [close project]
2025-03-25 09:19:23,709 [INFO] ThirdParty:883 - exiting critical section [close project]
2025-03-25 09:19:23,713 [INFO] PinOutPanel:1589 - setPackage(No Configuration,No Configuration)
2025-03-25 09:19:23,723 [INFO] UtilMem:75 - Begin LoadConfig() Used Memory: 849769824 Bytes (1073741824)
2025-03-25 09:19:23,730 [INFO] OpenFileManager:354 - Change cursor
2025-03-25 09:19:23,762 [WARN] IntegrityCheckThread:84 - waiting for thirdparty lock release [integrity check]
2025-03-25 09:19:23,762 [INFO] IntegrityCheckThread:86 - entering critical section [integrity check]
2025-03-25 09:19:23,974 [WARN] PackLoader:240 - Cannot read IP mode file for STMicroelectronics.FP-SNS-MOTENVWB1.1.4.0
2025-03-25 09:19:24,005 [WARN] PackLoader:240 - Cannot read IP mode file for STMicroelectronics.FP-ATR-ASTRA1.2.0.2
2025-03-25 09:19:24,028 [WARN] PackLoader:240 - Cannot read IP mode file for STMicroelectronics.FP-ATR-ASTRA1.2.0.1
2025-03-25 09:19:24,052 [WARN] PackLoader:240 - Cannot read IP mode file for STMicroelectronics.X-CUBE-SMBUS.2.1.0
2025-03-25 09:19:24,066 [WARN] PackLoader:240 - Cannot read IP mode file for STMicroelectronics.X-CUBE-WB05N.1.1.0
2025-03-25 09:19:24,109 [WARN] PackLoader:240 - Cannot read IP mode file for STMicroelectronics.X-CUBE-AZRTOS-F7.1.1.0
2025-03-25 09:19:24,169 [WARN] PackLoader:240 - Cannot read IP mode file for STMicroelectronics.X-CUBE-MEMS1.11.0.0
2025-03-25 09:19:24,197 [ERROR] LogOutputStream:75 - [STDERR_REDIRECT] [Fatal Error] :1:1: Premature end of file.
2025-03-25 09:19:24,198 [ERROR] LogOutputStream:75 - [STDERR_REDIRECT] 
2025-03-25 09:19:24,272 [WARN] PackLoader:240 - Cannot read IP mode file for STMicroelectronics.FP-SNS-FLIGHT1.5.0.2
2025-03-25 09:19:24,299 [WARN] PackLoader:240 - Cannot read IP mode file for Infineon.AIROC-Wi-Fi-Bluetooth-STM32.1.7.0
2025-03-25 09:19:24,317 [WARN] PackLoader:240 - Cannot read IP mode file for STMicroelectronics.X-CUBE-DISPLAY.3.0.0
2025-03-25 09:19:24,334 [WARN] PackLoader:240 - Cannot read IP mode file for STMicroelectronics.X-CUBE-BLE1.7.0.0
2025-03-25 09:19:24,350 [WARN] PackLoader:240 - Cannot read IP mode file for STMicroelectronics.X-CUBE-NFC10.1.0.0
2025-03-25 09:19:24,367 [WARN] PackLoader:240 - Cannot read IP mode file for STMicroelectronics.X-CUBE-BLEMGR.4.0.0
2025-03-25 09:19:24,385 [WARN] PackLoader:240 - Cannot read IP mode file for emotas.I-CUBE-CANOPEN.1.3.0
2025-03-25 09:19:24,402 [WARN] PackLoader:240 - Cannot read IP mode file for STMicroelectronics.X-CUBE-BLEMGR.3.1.0
2025-03-25 09:19:24,418 [WARN] PackLoader:240 - Cannot read IP mode file for STMicroelectronics.X-CUBE-AI.10.0.0
2025-03-25 09:19:24,431 [WARN] PackLoader:240 - Cannot read IP mode file for STMicroelectronics.FP-SNS-SMARTAG2.1.2.0
2025-03-25 09:19:24,445 [WARN] PackLoader:240 - Cannot read IP mode file for STMicroelectronics.FP-SNS-FLIGHT1.5.1.0
2025-03-25 09:19:24,494 [WARN] PackLoader:240 - Cannot read IP mode file for STMicroelectronics.X-CUBE-MEMS1.11.1.0
2025-03-25 09:19:24,560 [INFO] LogOutputStream:77 - [STDOUT_REDIRECT] 1 : Invalid condition id : UX_CORESTACK_Condition cause : null
2025-03-25 09:19:24,561 [INFO] LogOutputStream:77 - [STDOUT_REDIRECT] 1 : Invalid condition id : UX_CORESTACK_Condition cause : null
2025-03-25 09:19:24,562 [INFO] LogOutputStream:77 - [STDOUT_REDIRECT] 1 : Invalid condition id : UX_CORESTACK_Condition cause : null
2025-03-25 09:19:24,563 [INFO] LogOutputStream:77 - [STDOUT_REDIRECT] 1 : Invalid condition id : UX_CORESTACK_Condition cause : null
2025-03-25 09:19:24,563 [INFO] LogOutputStream:77 - [STDOUT_REDIRECT] 1 : Invalid condition id : UX_CORESTACK_Condition cause : null
2025-03-25 09:19:24,565 [WARN] PackLoader:240 - Cannot read IP mode file for STMicroelectronics.X-CUBE-AZRTOS-WL.2.0.0
2025-03-25 09:19:24,578 [WARN] PackLoader:240 - Cannot read IP mode file for STMicroelectronics.FP-SNS-MOTENV1.5.0.0
2025-03-25 09:19:24,592 [WARN] PackLoader:240 - Cannot read IP mode file for wolfSSL.I-CUBE-wolfMQTT.1.19.0
2025-03-25 09:19:24,613 [WARN] PackLoader:240 - Cannot read IP mode file for WES.I-CUBE-Cesium.1.3.0
2025-03-25 09:19:24,630 [WARN] PackLoader:240 - Cannot read IP mode file for STMicroelectronics.X-CUBE-BLE2.3.3.0
2025-03-25 09:19:24,647 [WARN] PackLoader:240 - Cannot read IP mode file for STMicroelectronics.X-CUBE-NFC9.1.0.0
2025-03-25 09:19:24,666 [WARN] PackLoader:240 - Cannot read IP mode file for STMicroelectronics.X-CUBE-BLE1.7.1.0
2025-03-25 09:19:24,683 [WARN] PackLoader:240 - Cannot read IP mode file for STMicroelectronics.X-CUBE-TCPP.4.1.0
2025-03-25 09:19:24,710 [WARN] PackLoader:240 - Cannot read IP mode file for STMicroelectronics.X-CUBE-AZRTOS-G0.1.1.0
2025-03-25 09:19:24,725 [WARN] PackLoader:240 - Cannot read IP mode file for STMicroelectronics.X-CUBE-SAFEA1.1.2.2
2025-03-25 09:19:24,740 [WARN] PackLoader:240 - Cannot read IP mode file for STMicroelectronics.X-CUBE-NFC4.3.0.0
2025-03-25 09:19:24,759 [WARN] PackLoader:240 - Cannot read IP mode file for EmbeddedOffice.I-CUBE-FS-RTOS.1.0.1
2025-03-25 09:19:24,775 [WARN] PackLoader:240 - Cannot read IP mode file for STMicroelectronics.X-CUBE-TCPP.4.2.0
2025-03-25 09:19:24,792 [WARN] PackLoader:240 - Cannot read IP mode file for RealThread.X-CUBE-RT-Thread_Nano.4.1.1
2025-03-25 09:19:24,805 [WARN] PackLoader:240 - Cannot read IP mode file for STMicroelectronics.FP-ATR-SIGFOX1.3.2.0
2025-03-25 09:19:24,819 [WARN] ConditionMgr:438 - getConditionDescription Invalid condition id : Cortex-A Device cause : null
2025-03-25 09:19:24,844 [WARN] ConditionMgr:1044 - genDependencies : Invalid condition id : Cortex-A Device cause : null
2025-03-25 09:19:24,844 [WARN] ConditionMgr:1044 - genDependencies : Invalid condition id : Cortex-A Device cause : null
2025-03-25 09:19:24,844 [WARN] ConditionMgr:1044 - genDependencies : Invalid condition id : Cortex-A Device cause : null
2025-03-25 09:19:24,860 [WARN] PackLoader:240 - Cannot read IP mode file for STMicroelectronics.X-CUBE-EEPRMA1.5.1.0
2025-03-25 09:19:24,876 [WARN] PackLoader:240 - Cannot read IP mode file for wolfSSL.I-CUBE-wolfSSL.5.7.4
2025-03-25 09:19:24,892 [WARN] PackLoader:240 - Cannot read IP mode file for ITTIA_DB.I-CUBE-ITTIADB.8.9.0
2025-03-25 09:19:24,914 [WARN] PackLoader:240 - Cannot read IP mode file for SEGGER.I-CUBE-embOS.1.3.1
2025-03-25 09:19:24,948 [WARN] PackLoader:240 - Cannot read IP mode file for STMicroelectronics.X-CUBE-ALGOBUILD.1.4.0
2025-03-25 09:19:24,963 [WARN] PackLoader:240 - Cannot read IP mode file for STMicroelectronics.X-CUBE-AI.9.1.0
2025-03-25 09:19:24,990 [WARN] PackLoader:240 - Cannot read IP mode file for STMicroelectronics.X-CUBE-AZRTOS-F4.1.1.0
2025-03-25 09:19:25,005 [WARN] PackLoader:240 - Cannot read IP mode file for STMicroelectronics.X-CUBE-ISPU.2.1.0
2025-03-25 09:19:25,018 [WARN] PackLoader:240 - Cannot read IP mode file for STMicroelectronics.X-CUBE-FREERTOS.1.2.0
2025-03-25 09:19:25,046 [WARN] PackLoader:240 - Cannot read IP mode file for STMicroelectronics.X-CUBE-AZRTOS-L5.2.0.0
2025-03-25 09:19:25,067 [WARN] PackLoader:240 - Cannot read IP mode file for STMicroelectronics.X-CUBE-NFC6.3.1.0
2025-03-25 09:19:25,085 [WARN] PackLoader:240 - Cannot read IP mode file for STMicroelectronics.X-CUBE-DPower.1.2.0
2025-03-25 09:19:25,099 [WARN] PackLoader:240 - Cannot read IP mode file for STMicroelectronics.X-CUBE-FREERTOS.1.3.0
2025-03-25 09:19:25,116 [WARN] PackLoader:240 - Cannot read IP mode file for STMicroelectronics.X-CUBE-NFC7.1.0.1
2025-03-25 09:19:25,146 [WARN] ConditionMgr:438 - getConditionDescription Invalid condition id : LAN8742 Phy interface Condition cause : null
2025-03-25 09:19:25,146 [WARN] PackLoader:240 - Cannot read IP mode file for STMicroelectronics.X-CUBE-AZRTOS-L4.2.0.0
2025-03-25 09:19:25,147 [WARN] ConditionMgr:1044 - genDependencies : Invalid condition id : LAN8742 Phy interface Condition cause : null
2025-03-25 09:19:25,147 [WARN] ConditionMgr:1044 - genDependencies : Invalid condition id : LAN8742 Phy interface Condition cause : null
2025-03-25 09:19:25,147 [WARN] ConditionMgr:1044 - genDependencies : Invalid condition id : LAN8742 Phy interface Condition cause : null
2025-03-25 09:19:25,166 [WARN] PackLoader:240 - Cannot read IP mode file for STMicroelectronics.X-CUBE-SFXS2LP1.4.0.0
2025-03-25 09:19:25,206 [WARN] PackLoader:240 - Cannot read IP mode file for STMicroelectronics.X-CUBE-AZRTOS-H7.3.3.0
2025-03-25 09:19:25,214 [ERROR] LogOutputStream:75 - [STDERR_REDIRECT] [Fatal Error] :1:1: Premature end of file.
2025-03-25 09:19:25,214 [ERROR] LogOutputStream:75 - [STDERR_REDIRECT] 
2025-03-25 09:19:25,229 [WARN] PackLoader:240 - Cannot read IP mode file for STMicroelectronics.X-CUBE-IPS.3.0.0
2025-03-25 09:19:25,254 [WARN] ConditionMgr:438 - getConditionDescription Invalid condition id : UX DEVICE CLASS RTOS Condition cause : null
2025-03-25 09:19:25,254 [WARN] ConditionMgr:438 - getConditionDescription Invalid condition id : UX DEVICE CLASS RTOS Condition cause : null
2025-03-25 09:19:25,255 [WARN] PackLoader:240 - Cannot read IP mode file for STMicroelectronics.X-CUBE-AZRTOS-WB.2.0.0
2025-03-25 09:19:25,256 [WARN] ConditionMgr:1044 - genDependencies : Invalid condition id : UX DEVICE CLASS RTOS Condition cause : null
2025-03-25 09:19:25,256 [WARN] ConditionMgr:1044 - genDependencies : Invalid condition id : UX DEVICE CLASS RTOS Condition cause : null
2025-03-25 09:19:25,256 [WARN] ConditionMgr:1044 - genDependencies : Invalid condition id : UX DEVICE CLASS RTOS Condition cause : null
2025-03-25 09:19:25,256 [WARN] ConditionMgr:1044 - genDependencies : Invalid condition id : UX DEVICE CLASS RTOS Condition cause : null
2025-03-25 09:19:25,256 [WARN] ConditionMgr:1044 - genDependencies : Invalid condition id : UX DEVICE CLASS RTOS Condition cause : null
2025-03-25 09:19:25,268 [WARN] PackLoader:240 - Cannot read IP mode file for STMicroelectronics.X-CUBE-GNSS1.7.0.0
2025-03-25 09:19:25,282 [WARN] PackLoader:240 - Cannot read IP mode file for STMicroelectronics.X-CUBE-GNSS1.7.0.1
2025-03-25 09:19:25,296 [WARN] PackLoader:240 - Cannot read IP mode file for STMicroelectronics.X-CUBE-TOUCHGFX.4.25.0
2025-03-25 09:19:25,312 [WARN] PackLoader:240 - Cannot read IP mode file for STMicroelectronics.FP-SNS-STBOX1.2.0.0
2025-03-25 09:19:25,332 [WARN] PackLoader:240 - Cannot read IP mode file for STMicroelectronics.X-CUBE-SUBG2.5.0.0
2025-03-25 09:19:25,360 [WARN] PackLoader:240 - Cannot read IP mode file for STMicroelectronics.X-CUBE-AZRTOS-H7RS.1.1.0
2025-03-25 09:19:25,373 [WARN] PackLoader:240 - Cannot read IP mode file for Cesanta.I-CUBE-Mongoose.7.13.0
2025-03-25 09:19:25,392 [WARN] PackLoader:240 - Cannot read IP mode file for STMicroelectronics.X-CUBE-AZRTOS-G4.2.0.0
2025-03-25 09:19:25,408 [WARN] PackLoader:240 - Cannot read IP mode file for STMicroelectronics.X-CUBE-IPS.3.1.0
2025-03-25 09:19:25,422 [WARN] PackLoader:240 - Cannot read IP mode file for STMicroelectronics.X-CUBE-ALS.1.0.2
2025-03-25 09:19:25,435 [WARN] PackLoader:240 - Cannot read IP mode file for STMicroelectronics.X-CUBE-TOUCHGFX.4.24.2
2025-03-25 09:19:25,452 [WARN] PackLoader:240 - Cannot read IP mode file for STMicroelectronics.X-CUBE-TOUCHGFX.4.24.1
2025-03-25 09:19:25,473 [WARN] PackLoader:240 - Cannot read IP mode file for wolfSSL.I-CUBE-wolfTPM.3.4.0
2025-03-25 09:19:25,487 [WARN] PackLoader:240 - Cannot read IP mode file for portGmbH.I-Cube-SoM-uGOAL.1.1.0
2025-03-25 09:19:25,521 [WARN] PackLoader:240 - Cannot read IP mode file for STMicroelectronics.X-CUBE-AZRTOS-H7RS.1.0.0
2025-03-25 09:19:25,537 [WARN] PackLoader:240 - Cannot read IP mode file for STMicroelectronics.FP-ATR-ASTRA1.2.0.0
2025-03-25 09:19:25,562 [WARN] PackLoader:240 - Cannot read IP mode file for STMicroelectronics.X-CUBE-TOF1.3.4.2
2025-03-25 09:19:25,585 [WARN] PackLoader:240 - Cannot read IP mode file for Infineon.AIROC-Wi-Fi-Bluetooth-STM32.1.6.1
2025-03-25 09:19:25,599 [WARN] PackLoader:240 - Cannot read IP mode file for wolfSSL.I-CUBE-wolfSSH.1.4.17
2025-03-25 09:19:25,600 [INFO] ThirdParty:978 - Integrity check success = true
2025-03-25 09:19:25,600 [INFO] IntegrityCheckThread:100 - exiting critical section [integrity check]
2025-03-25 09:19:25,600 [INFO] IntegrityCheckThread:103 - End integrity checks thread
2025-03-25 09:19:25,621 [INFO] ProjectFactory:442 - No CPN specified for board NUCLEO-F303RE => set CPN to STM32F303RET6
2025-03-25 09:19:25,622 [INFO] Mcu:2011 - Initializing MCU STM32F303R(D-E)Tx STM32F303RETx STM32F303RET6
2025-03-25 09:19:26,186 [ERROR] LogOutputStream:75 - [STDERR_REDIRECT] [Fatal Error] :1:1: Premature end of file.
2025-03-25 09:19:26,186 [ERROR] LogOutputStream:75 - [STDERR_REDIRECT] 
2025-03-25 09:19:27,192 [ERROR] LogOutputStream:75 - [STDERR_REDIRECT] [Fatal Error] :1:1: Premature end of file.
2025-03-25 09:19:27,192 [ERROR] LogOutputStream:75 - [STDERR_REDIRECT] 
2025-03-25 09:19:27,253 [INFO] Context:756 - Trying to add GPIOservice into a context  which must be forbidden
2025-03-25 09:19:27,849 [INFO] Rule:224 - rule 117617 - U5Cobra4M][GTZC] default value MPCBB3 and MPCBB5 - Not Secured memory - MPCBB1 is applicable
2025-03-25 09:19:27,849 [INFO] Rule:224 - rule 117617 - U5Cobra4M][GTZC] default value MPCBB3 and MPCBB5 - Not Secured memory - MPCBB1 is applicable
2025-03-25 09:19:27,849 [INFO] Rule:224 - rule 117617 - U5Cobra4M][GTZC] default value MPCBB3 and MPCBB5 - Not Secured memory - MPCBB2 is applicable
2025-03-25 09:19:27,849 [INFO] Rule:224 - rule 117617 - U5Cobra4M][GTZC] default value MPCBB3 and MPCBB5 - Not Secured memory - MPCBB2 is applicable
2025-03-25 09:19:27,849 [INFO] Rule:224 - rule 117617 - U5Cobra4M][GTZC] default value MPCBB3 and MPCBB5 - Not Secured memory - MPCBB3 is applicable
2025-03-25 09:19:27,849 [INFO] Rule:224 - rule 117617 - U5Cobra4M][GTZC] default value MPCBB3 and MPCBB5 - Not Secured memory - MPCBB3 is applicable
2025-03-25 09:19:27,849 [INFO] Rule:224 - rule 117617 - U5Cobra4M][GTZC] default value MPCBB3 and MPCBB5 - Not Secured memory - MPCBB4 is applicable
2025-03-25 09:19:27,849 [INFO] Rule:224 - rule 117617 - U5Cobra4M][GTZC] default value MPCBB3 and MPCBB5 - Not Secured memory - MPCBB4 is applicable
2025-03-25 09:19:27,849 [INFO] Rule:224 - rule 117617 - U5Cobra4M][GTZC] default value MPCBB3 and MPCBB5 - Secured memory - MPCBB1 is applicable
2025-03-25 09:19:27,849 [INFO] Rule:224 - rule 117617 - U5Cobra4M][GTZC] default value MPCBB3 and MPCBB5 - Secured memory - MPCBB2 is applicable
2025-03-25 09:19:27,849 [INFO] Rule:224 - rule 117617 - U5Cobra4M][GTZC] default value MPCBB3 and MPCBB5 - Secured memory - MPCBB3 is applicable
2025-03-25 09:19:27,849 [INFO] Rule:224 - rule 117617 - U5Cobra4M][GTZC] default value MPCBB3 and MPCBB5 - Secured memory - MPCBB4 is applicable
2025-03-25 09:19:27,849 [INFO] Rule:224 - rule 117617 - U5Cobra4M][GTZC] default value MPCBB3 and MPCBB5 - Privileged memory - MPCBB1 is applicable
2025-03-25 09:19:27,849 [INFO] Rule:224 - rule 117617 - U5Cobra4M][GTZC] default value MPCBB3 and MPCBB5 - Privileged memory - MPCBB2 is applicable
2025-03-25 09:19:27,849 [INFO] Rule:224 - rule 117617 - U5Cobra4M][GTZC] default value MPCBB3 and MPCBB5 - Privileged memory - MPCBB3 is applicable
2025-03-25 09:19:27,849 [INFO] Rule:224 - rule 117617 - U5Cobra4M][GTZC] default value MPCBB3 and MPCBB5 - Privileged memory - MPCBB4 is applicable
2025-03-25 09:19:27,849 [INFO] Rule:224 - rule 117617 - U5Cobra4M][GTZC] default value MPCBB3 and MPCBB5 - Not Privileged memory - MPCBB1 is applicable
2025-03-25 09:19:27,849 [INFO] Rule:224 - rule 117617 - U5Cobra4M][GTZC] default value MPCBB3 and MPCBB5 - Not Privileged memory - MPCBB2 is applicable
2025-03-25 09:19:27,849 [INFO] Rule:224 - rule 117617 - U5Cobra4M][GTZC] default value MPCBB3 and MPCBB5 - Not Privileged memory - MPCBB3 is applicable
2025-03-25 09:19:27,849 [INFO] Rule:224 - rule 117617 - U5Cobra4M][GTZC] default value MPCBB3 and MPCBB5 - Not Privileged memory - MPCBB4 is applicable
2025-03-25 09:19:27,849 [INFO] Rule:224 - rule 117617 - U5Cobra4M][GTZC] default value MPCBB3 and MPCBB5 - Privileged memory - MPCBB1 is applicable
2025-03-25 09:19:27,849 [INFO] Rule:224 - rule 117617 - U5Cobra4M][GTZC] default value MPCBB3 and MPCBB5 - Privileged memory - MPCBB2 is applicable
2025-03-25 09:19:27,849 [INFO] Rule:224 - rule 117617 - U5Cobra4M][GTZC] default value MPCBB3 and MPCBB5 - Privileged memory - MPCBB3 is applicable
2025-03-25 09:19:27,849 [INFO] Rule:224 - rule 117617 - U5Cobra4M][GTZC] default value MPCBB3 and MPCBB5 - Privileged memory - MPCBB4 is applicable
2025-03-25 09:19:27,849 [INFO] Rule:224 - rule 117617 - U5Cobra4M][GTZC] default value MPCBB3 and MPCBB5 - Privileged memory - MPCBB1 is applicable
2025-03-25 09:19:27,849 [INFO] Rule:224 - rule 117617 - U5Cobra4M][GTZC] default value MPCBB3 and MPCBB5 - Privileged memory - MPCBB2 is applicable
2025-03-25 09:19:27,849 [INFO] Rule:224 - rule 117617 - U5Cobra4M][GTZC] default value MPCBB3 and MPCBB5 - Privileged memory - MPCBB3 is applicable
2025-03-25 09:19:27,849 [INFO] Rule:224 - rule 117617 - U5Cobra4M][GTZC] default value MPCBB3 and MPCBB5 - Privileged memory - MPCBB4 is applicable
2025-03-25 09:19:27,849 [INFO] Rule:224 - rule 117617 - U5Cobra4M][GTZC] default value MPCBB3 and MPCBB5 - Not Privileged memory - MPCBB1 is applicable
2025-03-25 09:19:27,849 [INFO] Rule:224 - rule 117617 - U5Cobra4M][GTZC] default value MPCBB3 and MPCBB5 - Not Privileged memory - MPCBB2 is applicable
2025-03-25 09:19:27,849 [INFO] Rule:224 - rule 117617 - U5Cobra4M][GTZC] default value MPCBB3 and MPCBB5 - Not Privileged memory - MPCBB3 is applicable
2025-03-25 09:19:27,849 [INFO] Rule:224 - rule 117617 - U5Cobra4M][GTZC] default value MPCBB3 and MPCBB5 - Not Privileged memory - MPCBB4 is applicable
2025-03-25 09:19:27,849 [INFO] Rule:224 - rule 117617 - U5Cobra4M][GTZC] default value MPCBB3 and MPCBB5 - Privileged memory - MPCBB1 is applicable
2025-03-25 09:19:27,849 [INFO] Rule:224 - rule 117617 - U5Cobra4M][GTZC] default value MPCBB3 and MPCBB5 - Privileged memory - MPCBB2 is applicable
2025-03-25 09:19:27,849 [INFO] Rule:224 - rule 117617 - U5Cobra4M][GTZC] default value MPCBB3 and MPCBB5 - Privileged memory - MPCBB3 is applicable
2025-03-25 09:19:27,850 [INFO] Rule:224 - rule 117617 - U5Cobra4M][GTZC] default value MPCBB3 and MPCBB5 - Privileged memory - MPCBB4 is applicable
2025-03-25 09:19:27,850 [INFO] Rule:224 - rule Rename SubGHz_Phy SUBGHZ_APPLICATION SUBGHZ_PINGPONG to SUBGHZ_ADV_APPLICATION is applicable
2025-03-25 09:19:27,850 [INFO] Rule:224 - rule Rename Enabled to IBEACON is applicable
2025-03-25 09:19:27,850 [INFO] Rule:224 - rule GTZC_S instance for project manager is applicable
2025-03-25 09:19:27,850 [INFO] Rule:224 - rule GTZC_S instance for context M33S is applicable
2025-03-25 09:19:27,850 [INFO] Rule:224 - rule GTZC_S instance value for IP GTZC is applicable
2025-03-25 09:19:27,850 [INFO] Rule:224 - rule GTZC_S instance for mcu.IP is applicable
2025-03-25 09:19:27,850 [INFO] Rule:224 - rule GTZC_S instance for VP is applicable
2025-03-25 09:19:27,850 [INFO] Rule:224 - rule GTZC_S instance for signal is applicable
2025-03-25 09:19:27,850 [INFO] Rule:224 - rule GTZC_S instance for mcu.Pin is applicable
2025-03-25 09:19:27,850 [INFO] Rule:224 - rule GTZC_S instance for VP is applicable
2025-03-25 09:19:27,850 [INFO] Rule:224 - rule GTZC_S instance for signal is applicable
2025-03-25 09:19:27,850 [INFO] Rule:224 - rule GTZC_S instance for mcu is applicable
2025-03-25 09:19:27,850 [INFO] Rule:224 - rule GTZC_S instance for mcu.Pin is applicable
2025-03-25 09:19:27,850 [INFO] Rule:224 - rule GTZC_S instance value for IP GTZC is applicable
2025-03-25 09:19:27,850 [INFO] Rule:224 - rule GTZC_S instance for project manager is applicable
2025-03-25 09:19:27,850 [INFO] Rule:224 - rule GTZC_S instance for context M33S is applicable
2025-03-25 09:19:27,850 [INFO] Rule:224 - rule GTZC_S instance for VP is applicable
2025-03-25 09:19:27,850 [INFO] Rule:224 - rule GTZC_S instance for signal is applicable
2025-03-25 09:19:27,850 [INFO] Rule:224 - rule SPDIFRX instance for mcu is applicable
2025-03-25 09:19:27,850 [INFO] Rule:224 - rule Rename Tracer Mode is applicable
2025-03-25 09:19:27,850 [INFO] Rule:224 - rule SPDIFRX instance value for IP SPDIFRX is applicable
2025-03-25 09:19:27,850 [INFO] Rule:224 - rule SPDIFRX instance for signal is applicable
2025-03-25 09:19:27,850 [INFO] Rule:224 - rule SPDIFRX instance for project manager is applicable
2025-03-25 09:19:27,850 [INFO] Rule:224 - rule SPDIFRX instance for project manager is applicable
2025-03-25 09:19:27,850 [INFO] Rule:224 - rule ADC Scan  fix with FW F7 is applicable
2025-03-25 09:19:27,850 [INFO] Rule:224 - rule ADC Scan  fix with FW F7 is applicable
2025-03-25 09:19:27,850 [INFO] Rule:224 - rule WakeUp0 Mode is applicable
2025-03-25 09:19:27,850 [INFO] Rule:224 - rule WakeUp0 SIGNAL is applicable
2025-03-25 09:19:27,850 [INFO] Rule:224 - rule WakeUp1 Mode is applicable
2025-03-25 09:19:27,850 [INFO] Rule:224 - rule WakeUp1 SIGNAL is applicable
2025-03-25 09:19:27,850 [INFO] Rule:224 - rule WakeUp2 Mode is applicable
2025-03-25 09:19:27,850 [INFO] Rule:224 - rule WakeUp2 SIGNAL is applicable
2025-03-25 09:19:27,850 [INFO] Rule:224 - rule WakeUp4 Mode is applicable
2025-03-25 09:19:27,850 [INFO] Rule:224 - rule WakeUp4 SIGNAL is applicable
2025-03-25 09:19:27,850 [INFO] Rule:224 - rule WakeUp5 Mode is applicable
2025-03-25 09:19:27,850 [INFO] Rule:224 - rule WakeUp5 SIGNAL is applicable
2025-03-25 09:19:27,850 [INFO] Rule:224 - rule Add RTC Activate Clock Source is applicable
2025-03-25 09:19:27,850 [INFO] Rule:224 - rule Add RTC Activate Calendar 1 is applicable
2025-03-25 09:19:27,850 [INFO] Rule:224 - rule Add RTC Activate Calendar 2 is applicable
2025-03-25 09:19:27,850 [INFO] Rule:224 - rule Add RTC Activate Calendar 3 is applicable
2025-03-25 09:19:27,850 [INFO] Rule:224 - rule UART/USART TX Mode is applicable
2025-03-25 09:19:27,850 [INFO] Rule:224 - rule UART/USART RX Mode is applicable
2025-03-25 09:19:27,851 [INFO] Rule:224 - rule UART/USART RX TX Mode is applicable
2025-03-25 09:19:27,851 [INFO] Rule:224 - rule UART/USART PARITY NONE is applicable
2025-03-25 09:19:27,851 [INFO] Rule:224 - rule UART/USART PARITY EVEN is applicable
2025-03-25 09:19:27,851 [INFO] Rule:224 - rule UART/USART PARITY ODD is applicable
2025-03-25 09:19:27,851 [INFO] Rule:224 - rule USART StopBits 1 is applicable
2025-03-25 09:19:27,851 [INFO] Rule:224 - rule USART StopBits 2 is applicable
2025-03-25 09:19:27,851 [INFO] Rule:224 - rule USART StopBits 1.5 is applicable
2025-03-25 09:19:27,851 [INFO] Rule:224 - rule USART StopBits 0.5 is applicable
2025-03-25 09:19:27,851 [INFO] Rule:224 - rule UART/USART WORD LENGTH 7 is applicable
2025-03-25 09:19:27,851 [INFO] Rule:224 - rule UART/USART WORD LENGTH 8 is applicable
2025-03-25 09:19:27,851 [INFO] Rule:224 - rule UART/USART WORD LENGTH 9 is applicable
2025-03-25 09:19:27,851 [INFO] Rule:224 - rule Rename FMC NAND NCE signal is applicable
2025-03-25 09:19:27,851 [INFO] Rule:224 - rule Rename FMC NAND INT signal is applicable
2025-03-25 09:19:27,851 [INFO] Rule:224 - rule Change Default Value for LSE Drive Capability for WB family is applicable
2025-03-25 09:19:27,851 [INFO] Rule:224 - rule Change Default Value for ADC Clock Prescaler G0 family is applicable
2025-03-25 09:19:27,851 [INFO] Rule:224 - rule Change Default Value for ADC ExternalTrigConv L4 family is applicable
2025-03-25 09:19:27,851 [INFO] Rule:224 - rule Change Default Value for ADC ExternalTrigInjecConv L4 family is applicable
2025-03-25 09:19:27,851 [INFO] Rule:224 - rule Change Default Value for ADC ExternalTrigConv F3 family is applicable
2025-03-25 09:19:27,851 [INFO] Rule:224 - rule Change Default Value for ADC ExternalTrigInjecConv F3 family is applicable
2025-03-25 09:19:27,851 [INFO] Rule:224 - rule Change Default Value for ADC ExternalTrigConv Goldfish serie is applicable
2025-03-25 09:19:27,851 [INFO] Rule:224 - rule Change Default Value for ADC ExternalTrigInjecConv Goldfish serie is applicable
2025-03-25 09:19:27,851 [INFO] Rule:224 - rule Change Default Value for ADC ExternalTrigConv L0 family is applicable
2025-03-25 09:19:27,851 [INFO] Rule:224 - rule Change Default Value for ADC ExternalTrigConv F0 family is applicable
2025-03-25 09:19:27,851 [INFO] Rule:224 - rule Change Default Value for ADC ExternalTrigConvn L1 family is applicable
2025-03-25 09:19:27,851 [INFO] Rule:224 - rule Change Default Value for ADC ExternalTrigInjecConv L1 family is applicable
2025-03-25 09:19:27,851 [INFO] Rule:224 - rule Change Default Value for ADC ExternalTrigConv F1 family is applicable
2025-03-25 09:19:27,851 [INFO] Rule:224 - rule Change Default Value for ADC ExternalTrigInjecConv F1 family is applicable
2025-03-25 09:19:27,851 [INFO] Rule:224 - rule Change Default Value for ADC ExternalTrigConv F7 family is applicable
2025-03-25 09:19:27,851 [INFO] Rule:224 - rule Change Default Value for ADC ExternalTrigInjecConv F7 family is applicable
2025-03-25 09:19:27,851 [INFO] Rule:224 - rule Change Default Value for ADC ExternalTrigConv F4 and F2 family is applicable
2025-03-25 09:19:27,851 [INFO] Rule:224 - rule Change Default Value for ADC ExternalTrigInjecConv F4 and F2 family is applicable
2025-03-25 09:19:27,851 [INFO] Rule:224 - rule ADC SamplingTime fix with FW L0  is applicable
2025-03-25 09:19:27,851 [INFO] Rule:224 - rule ADC SamplingTime fix with FW L0  is applicable
2025-03-25 09:19:27,851 [INFO] Rule:224 - rule ADC SamplingTime fix with FW L0 is applicable
2025-03-25 09:19:27,851 [INFO] Rule:224 - rule ADC SamplingTime fix with FW L0 is applicable
2025-03-25 09:19:27,851 [INFO] Rule:224 - rule ADC SamplingTime fix with FW L0  is applicable
2025-03-25 09:19:27,851 [INFO] Rule:224 - rule ADC SamplingTime fix with FW L0 is applicable
2025-03-25 09:19:27,851 [INFO] Rule:224 - rule Rename USB_OE Signal is applicable
2025-03-25 09:19:27,852 [INFO] Rule:224 - rule Rename Activate_OE Mode is applicable
2025-03-25 09:19:27,852 [INFO] Rule:224 - rule Rename DIE462/DIE415 pin PC14/OSC32_IN -> PC14-OSC32_IN (PC14) is applicable
2025-03-25 09:19:27,852 [INFO] Rule:224 - rule Rename DIE462/DIE415 pin PC15/OSC32_OUT -> PC15-OSC32_OUT (PC15) is applicable
2025-03-25 09:19:27,852 [INFO] Rule:224 - rule Rename DIE462/DIE415 pin PH0/OSC_IN -> PH0-OSC_IN (PH0) is applicable
2025-03-25 09:19:27,852 [INFO] Rule:224 - rule Rename DIE462/DIE415 pin PH1/OSC_OUT -> PH1-OSC_OUT (PH1) is applicable
2025-03-25 09:19:27,852 [INFO] Rule:224 - rule Rename DIE462 pin PA13 -> PA13 (JTMS/SWDIO) is applicable
2025-03-25 09:19:27,852 [INFO] Rule:224 - rule Rename DIE415 pin PA13 -> PA13 (JTMS/SWDIO) is applicable
2025-03-25 09:19:27,852 [INFO] Rule:224 - rule Rename DIE462 pin PA14 -> PA14 (JTCK/SWCLK) is applicable
2025-03-25 09:19:27,852 [INFO] Rule:224 - rule Rename DIE415 pin PA14 -> PA14 (JTCK/SWCLK) is applicable
2025-03-25 09:19:27,852 [INFO] Rule:224 - rule Rename DIE462/DIE415 pin PA15 -> PA15 (JTDI) is applicable
2025-03-25 09:19:27,852 [INFO] Rule:224 - rule Rename DIE462 pin PB3 -> PB3 (JTD0/TRACESWO) is applicable
2025-03-25 09:19:27,852 [INFO] Rule:224 - rule Rename DIE415 pin PB3 -> PB3 (JTD0-TRACESWO) is applicable
2025-03-25 09:19:27,852 [INFO] Rule:224 - rule Rename DIE462/DIE415 pin PB4 -> PB4 (NJTRST) is applicable
2025-03-25 09:19:27,852 [INFO] Rule:224 - rule Rename DIE462 pin PH3/BOOT0 -> PH3-BOOT0 (BOOT0) is applicable
2025-03-25 09:19:27,852 [INFO] Rule:224 - rule Rename CRYP DataEncryptionTypesList to Algorithm is applicable
2025-03-25 09:19:27,852 [INFO] Rule:224 - rule Rename AES DataEncryptionTypesList to Algorithm is applicable
2025-03-25 09:19:27,852 [INFO] Rule:224 - rule Rename TDESECB to CRYP_TDES_ECB is applicable
2025-03-25 09:19:27,852 [INFO] Rule:224 - rule Rename TDESCBC to CRYP_TDES_CBC is applicable
2025-03-25 09:19:27,852 [INFO] Rule:224 - rule Rename DESECB to CRYP_DES_ECB is applicable
2025-03-25 09:19:27,852 [INFO] Rule:224 - rule Rename DESCBC to CRYP_DES_CBC is applicable
2025-03-25 09:19:27,852 [INFO] Rule:224 - rule Rename AESECB to CRYP_AES_ECB is applicable
2025-03-25 09:19:27,852 [INFO] Rule:224 - rule Rename AESCBC to CRYP_AES_CBC is applicable
2025-03-25 09:19:27,852 [INFO] Rule:224 - rule Rename AESCTR to CRYP_AES_CTR is applicable
2025-03-25 09:19:27,852 [INFO] Rule:224 - rule Rename AESGCM to CRYP_AES_GCM is applicable
2025-03-25 09:19:27,852 [INFO] Rule:224 - rule Rename AESCCM to CRYP_AES_CCM is applicable
2025-03-25 09:19:27,852 [INFO] Rule:224 - rule Rename CAN TimeSeg1 to BS1 is applicable
2025-03-25 09:19:27,852 [INFO] Rule:224 - rule Rename CAN TimeSeg2 to BS2 is applicable
2025-03-25 09:19:27,852 [INFO] Rule:224 - rule Rename CAN SyncJumpWidth to SJW is applicable
2025-03-25 09:19:27,852 [INFO] Rule:224 - rule TimeTriggeredMode to TTCM is applicable
2025-03-25 09:19:27,852 [INFO] Rule:224 - rule Rename CAN AutoBusOff to ABOM is applicable
2025-03-25 09:19:27,852 [INFO] Rule:224 - rule Rename CAN AutoWakeUp to AWUM is applicable
2025-03-25 09:19:27,852 [INFO] Rule:224 - rule Rename CAN AutoRetransmission to NART is applicable
2025-03-25 09:19:27,852 [INFO] Rule:224 - rule Rename CAN ReceiveFifoLocked to RFLM is applicable
2025-03-25 09:19:27,852 [INFO] Rule:224 - rule Rename CAN TransmitFifoPriority to TXFP is applicable
2025-03-25 09:19:27,852 [INFO] Rule:224 - rule Rename HRTIMER HRTIM_OUTPUTFAULTLEVEL_HIGH in HRTIMER HRTIM_OUTPUTFAULTLEVEL_HIGHZ is applicable
2025-03-25 09:19:27,852 [INFO] Rule:224 - rule Rename TIMER TIM_CLEARINPUTSOURCE_OCREFCLR in  TIMER TIM_CLEARINPUTSOURCE_NONE for F7 family is applicable
2025-03-25 09:19:27,853 [INFO] Rule:224 - rule FDCAN_R1 - Rename FDCAN mode Master into Classic is applicable
2025-03-25 09:19:27,853 [INFO] Rule:224 - rule FDCAN_R2 - Rename FDCAN mode Slave into Classic is applicable
2025-03-25 09:19:27,853 [INFO] Rule:224 - rule FDCAN1_R3 - if PA10.Mode=FullDuplex, add Pin PA12 is applicable
2025-03-25 09:19:27,853 [INFO] Rule:224 - rule FDCAN1_R3 - if PA9.Mode=FullDuplex, add Pin PA11 is applicable
2025-03-25 09:19:27,853 [INFO] Rule:224 - rule FDCAN1_R3 - Alternatepin_1 - if PE1.Mode=FullDuplex, add Pin PB9 is applicable
2025-03-25 09:19:27,853 [INFO] Rule:224 - rule FDCAN1_R3 - Alternatepin_1 - if PE0.Mode=FullDuplex, add Pin PB8 is applicable
2025-03-25 09:19:27,853 [INFO] Rule:224 - rule FDCAN1_R3 - Alternatepin_2 - if PD5.Mode=FullDuplex, add Pin PD1 is applicable
2025-03-25 09:19:27,853 [INFO] Rule:224 - rule FDCAN1_R3 - Alternatepin_2 - if PD4.Mode=FullDuplex, add Pin PD0 is applicable
2025-03-25 09:19:27,853 [INFO] Rule:224 - rule FDCAN1_R4 - Rename Mode FullDuplex into Enable FDCAN_TXFD for pin PA10 is applicable
2025-03-25 09:19:27,853 [INFO] Rule:224 - rule FDCAN1_R4 - Rename Mode FullDuplex into Enable FDCAN_TXFD for pin PA9 is applicable
2025-03-25 09:19:27,853 [INFO] Rule:224 - rule FDCAN1_R4 - Alternatepin_1 - Rename Mode FullDuplex into Enable FDCAN_TXFD for pin PE1 is applicable
2025-03-25 09:19:27,853 [INFO] Rule:224 - rule FDCAN1_R4 - Alternatepin_1 - Rename Mode FullDuplex into Enable FDCAN_TXFD for pin PE0 is applicable
2025-03-25 09:19:27,853 [INFO] Rule:224 - rule FDCAN1_R4 - Alternatepin_2 - Rename Mode FullDuplex into Enable FDCAN_TXFD for pin PD5 is applicable
2025-03-25 09:19:27,853 [INFO] Rule:224 - rule FDCAN1_R4 - Alternatepin_2 - Rename Mode FullDuplex into Enable FDCAN_TXFD for pin PD4 is applicable
2025-03-25 09:19:27,853 [INFO] Rule:224 - rule FDCAN2_R3 - if PD10.Mode=FullDuplex, add Pin PB13 is applicable
2025-03-25 09:19:27,853 [INFO] Rule:224 - rule FDCAN2_R3 - if PD9.Mode=FullDuplex, add Pin PB12 is applicable
2025-03-25 09:19:27,853 [INFO] Rule:224 - rule FDCAN2_R3 - Alternatepin_1 - if PB7.Mode=FullDuplex, add Pin PB6 is applicable
2025-03-25 09:19:27,853 [INFO] Rule:224 - rule FDCAN2_R3 - Alternatepin_1 - if PD9.Mode=FullDuplex, add Pin PB12 is applicable
2025-03-25 09:19:27,853 [INFO] Rule:224 - rule FDCAN2_R4 - Rename Mode FullDuplex into Enable FDCAN_TXFD for pin PD10 is applicable
2025-03-25 09:19:27,853 [INFO] Rule:224 - rule FDCAN2_R4 - Rename Mode FullDuplex into Enable FDCAN_TXFD for pin PD9 is applicable
2025-03-25 09:19:27,853 [INFO] Rule:224 - rule FDCAN2_R4 - Alternatepin_1 - Rename Mode FullDuplex into Enable FDCAN_TXFD for pin PB7 is applicable
2025-03-25 09:19:27,853 [INFO] Rule:224 - rule FDCAN2_R4 - Alternatepin_1 - Rename Mode FullDuplex into Enable FDCAN_TXFD for pin PD6 is applicable
2025-03-25 09:19:27,853 [INFO] Rule:224 - rule USART TxPinLevelInvertParam Mode is applicable
2025-03-25 09:19:27,853 [INFO] Rule:224 - rule USART RxPinLevelInvertParam Mode is applicable
2025-03-25 09:19:27,853 [INFO] Rule:224 - rule USART DataInvertParam Mode is applicable
2025-03-25 09:19:27,853 [INFO] Rule:224 - rule USART SwapParam Mode is applicable
2025-03-25 09:19:27,853 [INFO] Rule:224 - rule USART OverrunDisableParam Mode is applicable
2025-03-25 09:19:27,853 [INFO] Rule:224 - rule USART DMADisableonRxErrorParam Mode is applicable
2025-03-25 09:19:27,853 [INFO] Rule:224 - rule USART MSBFirstParam Mode is applicable
2025-03-25 09:19:27,853 [INFO] Rule:224 - rule Update MwName for USB_DEVICE is applicable
2025-03-25 09:19:27,853 [INFO] Rule:224 - rule Change PWR_Regulator_Voltage_Scale Default Value for RCC  H7 family is applicable
2025-03-25 09:19:27,853 [INFO] Rule:224 - rule UART/USART IPParameter rename Prescaler parameter to ClockPrescaler is applicable
2025-03-25 09:19:27,853 [INFO] Rule:224 - rule UART/USART Prescaler rename Prescaler parameter to ClockPrescaler is applicable
2025-03-25 09:19:27,853 [INFO] Rule:224 - rule TIM1CLockSelection is applicable
2025-03-25 09:19:27,853 [INFO] Rule:224 - rule TIM15CLockSelection is applicable
2025-03-25 09:19:27,853 [INFO] Rule:224 - rule align RCC SDMMC3CLockSelection default value on MP1 is applicable
2025-03-25 09:19:27,853 [INFO] Rule:224 - rule align RCC SDMMC12CLockSelection default value on MP1 is applicable
2025-03-25 09:19:27,853 [INFO] Rule:224 - rule align RCC QSPICLockSelection default value on MP1 is applicable
2025-03-25 09:19:27,853 [INFO] Rule:224 - rule align RCC QSPICLockSelection default value on MP1 is applicable
2025-03-25 09:19:27,853 [INFO] Rule:224 - rule align RCC SPI6CLockSelection default value on MP1 is applicable
2025-03-25 09:19:27,853 [INFO] Rule:224 - rule align RCC LPTIM23CLockSelection default value on MP1 is applicable
2025-03-25 09:19:27,853 [INFO] Rule:224 - rule align RCC LPTIM1CLockSelection default value on MP1 is applicable
2025-03-25 09:19:27,853 [INFO] Rule:224 - rule align RCC USART1CLockSelection default value on MP1 is applicable
2025-03-25 09:19:27,853 [INFO] Rule:224 - rule align RCC USART24CLockSelection default value on MP1 is applicable
2025-03-25 09:19:27,853 [INFO] Rule:224 - rule align RCC USART6CLockSelection default value on MP1 is applicable
2025-03-25 09:19:27,853 [INFO] Rule:224 - rule align RCC UART78CLockSelection default value on MP1 is applicable
2025-03-25 09:19:27,853 [INFO] Rule:224 - rule align RCC USART35CLockSelection default value on MP1 is applicable
2025-03-25 09:19:27,854 [INFO] Rule:224 - rule align RCC SPI45CLockSelection default value on MP1 is applicable
2025-03-25 09:19:27,854 [INFO] Rule:224 - rule align RCC I2C46CLockSelection BCLK value on MP1 is applicable
2025-03-25 09:19:27,854 [INFO] Rule:224 - rule align RCC SPI45CLockSelection default value on MP1 is applicable
2025-03-25 09:19:27,854 [INFO] Rule:224 - rule align RCC I2C12CLockSelection default value on MP1 is applicable
2025-03-25 09:19:27,854 [INFO] Rule:224 - rule align RCC I2C35CLockSelection default value on MP1 is applicable
2025-03-25 09:19:27,854 [INFO] Rule:224 - rule align RCC LPTIM45CLockSelection default value on MP1 is applicable
2025-03-25 09:19:27,854 [INFO] Rule:224 - rule Rename DCMI PIXCK signal is applicable
2025-03-25 09:19:27,854 [INFO] Rule:224 - rule Change Default Value for I2C46CLockSelection MP1 family is applicable
2025-03-25 09:19:27,854 [INFO] Rule:224 - rule Change Default Value for UART for G4, G0 and WB families is applicable
2025-03-25 09:19:27,854 [INFO] Rule:224 - rule Change Default Value for USART for G4, G0 and WB families is applicable
2025-03-25 09:19:27,854 [INFO] Rule:224 - rule Change Default Value for USART for G4 family is applicable
2025-03-25 09:19:27,854 [INFO] Rule:224 - rule Change USART1CLockSelection refparam name for MP1 is applicable
2025-03-25 09:19:27,854 [INFO] Rule:224 - rule Change USART2CLockSelection refparam name for MP1 is applicable
2025-03-25 09:19:27,854 [INFO] Rule:224 - rule Change USART3CLockSelection refparam name for MP1 is applicable
2025-03-25 09:19:27,854 [INFO] Rule:224 - rule Change UART4CLockSelection refparam name for MP1 is applicable
2025-03-25 09:19:27,854 [INFO] Rule:224 - rule Change UART5CLockSelection refparam name for MP1 is applicable
2025-03-25 09:19:27,854 [INFO] Rule:224 - rule Change LPUART1CLockSelection refparam name for MP1 is applicable
2025-03-25 09:19:27,854 [INFO] Rule:224 - rule Change LPTIM1CLockSelection refparam name for MP1 is applicable
2025-03-25 09:19:27,854 [INFO] Rule:224 - rule Change LPTIM2CLockSelection refparam name for MP1 is applicable
2025-03-25 09:19:27,854 [INFO] Rule:224 - rule Change RCC_MCO1Source refparam name for MP1 is applicable
2025-03-25 09:19:27,854 [INFO] Rule:224 - rule Change LSCOSource1 refparam name for MP1 is applicable
2025-03-25 09:19:27,854 [INFO] Rule:224 - rule Change SMPSCLockSelection refparam name for MP1 is applicable
2025-03-25 09:19:27,854 [INFO] Rule:224 - rule Change LPTIM3CLockSelection refparam name for MP1 is applicable
2025-03-25 09:19:27,854 [INFO] Rule:224 - rule Change MPCBB* Default Template Mode to Parameters is applicable
2025-03-25 09:19:27,854 [INFO] Rule:224 - rule Change MPCWM* or MPCBB* Secure Mode to Parameters is applicable
2025-03-25 09:19:27,854 [INFO] Rule:224 - rule Change MPCWM* or MPCBB* No Secure Mode to Parameters is applicable
2025-03-25 09:19:27,854 [INFO] Rule:224 - rule Change TZSC IP Secure Mode to Parameters is applicable
2025-03-25 09:19:27,854 [INFO] Rule:224 - rule Change TZSC IP No Secure Mode to Parameters is applicable
2025-03-25 09:19:27,854 [INFO] Rule:224 - rule Change TZSC IP Privilege Mode to Parameters is applicable
2025-03-25 09:19:27,854 [INFO] Rule:224 - rule Change TZSC IP No Privilege Mode to Parameters is applicable
2025-03-25 09:19:27,854 [INFO] Rule:224 - rule Change TZIC IT Secure Mode to Parameters is applicable
2025-03-25 09:19:27,854 [INFO] Rule:224 - rule Change TZIC IT No Secure Mode to Parameters is applicable
2025-03-25 09:19:27,854 [INFO] Rule:224 - rule Add MPCBB1_NonSecureArea_Start_Address value with referenced to MPCBB1_NonSecureArea_Start value is applicable
2025-03-25 09:19:27,854 [INFO] Rule:224 - rule Add MPCBB2_NonSecureArea_Start_Address value with referenced to MPCBB2_NonSecureArea_Start value is applicable
2025-03-25 09:19:27,854 [INFO] Rule:224 - rule Add MPCWM1_NonSecureArea*_Start_Address value with referenced to MPCWM1_NonSecureArea*_Start value is applicable
2025-03-25 09:19:27,854 [INFO] Rule:224 - rule Add MPCWM2_NonSecureArea*_Start_Address value with referenced to MPCWM2_NonSecureArea*_Start value is applicable
2025-03-25 09:19:27,854 [INFO] Rule:224 - rule Add MPCWM3_NonSecureArea_Start_Address value with referenced to MPCWM3_NonSecureArea_Start value is applicable
2025-03-25 09:19:27,854 [INFO] Rule:224 - rule Change Default Value for PLL1UserDefinedConfig is applicable
2025-03-25 09:19:27,854 [INFO] Rule:224 - rule Change GPIO_PuPd Default Value for USART in async mode is applicable
2025-03-25 09:19:27,854 [INFO] Rule:224 - rule Change SMPSDivider Default Value is applicable
2025-03-25 09:19:27,854 [INFO] Rule:224 - rule OPAMP is applicable
2025-03-25 09:19:27,854 [INFO] Rule:224 - rule LPUART IPParameter rename Prescaler parameter to ClockPrescaler for STM32H7 is applicable
2025-03-25 09:19:27,855 [INFO] Rule:224 - rule LPUART IPParameter rename Prescaler parameter to ClockPrescaler for STM32H7 is applicable
2025-03-25 09:19:27,855 [INFO] Rule:224 - rule LPUART IPParameter rename Prescaler parameter to ClockPrescaler for STM32WB is applicable
2025-03-25 09:19:27,855 [INFO] Rule:224 - rule LPUART IPParameter rename Prescaler parameter to ClockPrescaler for STM32WB is applicable
2025-03-25 09:19:27,855 [INFO] Rule:224 - rule LPUART IPParameter rename Prescaler parameter to ClockPrescaler for STM32G4 is applicable
2025-03-25 09:19:27,855 [INFO] Rule:224 - rule LPUART IPParameter rename Prescaler parameter to ClockPrescaler for STM32G4 is applicable
2025-03-25 09:19:27,855 [INFO] Rule:224 - rule LPUART IPParameter rename Prescaler parameter to ClockPrescaler for STM32L5 is applicable
2025-03-25 09:19:27,855 [INFO] Rule:224 - rule LPUART IPParameter rename Prescaler parameter to ClockPrescaler for STM32L5 is applicable
2025-03-25 09:19:27,855 [INFO] Rule:224 - rule LPUART IPParameter rename Prescaler parameter to ClockPrescaler for STM32G4 is applicable
2025-03-25 09:19:27,855 [INFO] Rule:224 - rule LPUART IPParameter rename Prescaler parameter to ClockPrescaler for STM32G4 is applicable
2025-03-25 09:19:27,855 [INFO] Rule:224 - rule USB device lib V2.5.3 for L0 rename USBD_SUPPORT_USER_STRING parameter to USBD_SUPPORT_USER_STRING_DESC4 is applicable
2025-03-25 09:19:27,855 [INFO] Rule:224 - rule I2SCLockSelection clock entry align is applicable
2025-03-25 09:19:27,855 [INFO] Rule:224 - rule Assign TIMx context if used as SYS timebase is applicable
2025-03-25 09:19:27,855 [INFO] Rule:224 - rule Change GPIO_Pu Default Value for I2C is applicable
2025-03-25 09:19:27,855 [INFO] Rule:224 - rule Change GPIO_Pu Default Value for SMBus is applicable
2025-03-25 09:19:27,855 [INFO] Rule:224 - rule change FDCAN default value is applicable
2025-03-25 09:19:27,855 [INFO] Rule:224 - rule Change mode sai is applicable
2025-03-25 09:19:27,855 [INFO] Rule:224 - rule **Change sai mode is applicable
2025-03-25 09:19:27,855 [INFO] Rule:224 - rule Rename STM32WPAN CFG_BLE_IRK to CFG_BLE_IR is applicable
2025-03-25 09:19:27,855 [INFO] Rule:224 - rule Rename STM32WPAN CFG_BLE_ERK to CFG_BLE_ER is applicable
2025-03-25 09:19:27,855 [INFO] Rule:224 - rule Rename STM32WPAN CFG_BLE_IRK_HEX to CFG_BLE_IR_HEX is applicable
2025-03-25 09:19:27,855 [INFO] Rule:224 - rule Rename STM32WPAN CFG_BLE_ERK_HEX to CFG_BLE_ER_HEX is applicable
2025-03-25 09:19:27,855 [INFO] Rule:224 - rule Adapt Old IOC before rework replace old CORTEX_M33/CORTEX_M55 attributes by the new one. is applicable
2025-03-25 09:19:27,855 [INFO] Rule:224 - rule Rename parametre of RCC RCC_APBDBG_DIV2 to RCC_TIMPRES_DIV2 is applicable
2025-03-25 09:19:27,855 [INFO] Rule:224 - rule Rename DIE493 pin PA10 [PA12] -> PA10 is applicable
2025-03-25 09:19:27,855 [INFO] Rule:224 - rule Rename DIE493 pin PA9 [PA11] -> PA9 is applicable
2025-03-25 09:19:27,864 [INFO] DbConfProperties:307 - Apply Compatibility (39/266 Rules)
2025-03-25 09:19:28,196 [ERROR] LogOutputStream:75 - [STDERR_REDIRECT] [Fatal Error] :1:1: Premature end of file.
2025-03-25 09:19:28,197 [ERROR] LogOutputStream:75 - [STDERR_REDIRECT] 
2025-03-25 09:19:28,282 [INFO] ImportTextPane:218 - (OptionalMessage_ERROR) Unable to find key (Mcu.ThirdPartyNb) in loaded IOC file
2025-03-25 09:19:28,284 [INFO] ImportTextPane:218 - (OptionalMessage_ERROR) Pin12 (VP_RIF_VS_RIF1) cannot be retrieved for this MCU
2025-03-25 09:19:28,438 [INFO] RtosManager:558 - Registered RTOS mode: class=CMSIS, group=RTOS, mode=CMSIS_V1, owner=FREERTOS
2025-03-25 09:19:28,438 [INFO] RtosManager:558 - Registered RTOS mode: class=CMSIS, group=RTOS2, mode=CMSIS_V2, owner=FREERTOS
2025-03-25 09:19:28,438 [INFO] RtosManager:558 - Registered RTOS mode: class=RTOS, group=Core, mode=CMSIS_V1, owner=FREERTOS
2025-03-25 09:19:28,438 [INFO] RtosManager:558 - Registered RTOS mode: class=RTOS, group=Core, mode=CMSIS_V2, owner=FREERTOS
2025-03-25 09:19:28,439 [WARN] ModelIntegratedComponent:184 - Missing modes for component STMicroelectronics:FreeRTOS:0.0.1:STMicroelectronics:RTOS:FreeRTOS:Core:::10.2.0:
2025-03-25 09:19:28,457 [WARN] ModelIntegratedComponent:63 - No mode defined for component null
2025-03-25 09:19:28,458 [WARN] ModelIntegratedComponent:63 - No mode defined for component null
2025-03-25 09:19:28,458 [WARN] ModelIntegratedComponent:63 - No mode defined for component null
2025-03-25 09:19:28,458 [WARN] ModelIntegratedComponent:63 - No mode defined for component null
2025-03-25 09:19:28,458 [WARN] ModelIntegratedComponent:63 - No mode defined for component null
2025-03-25 09:19:28,458 [WARN] ModelIntegratedComponent:63 - No mode defined for component null
2025-03-25 09:19:28,458 [WARN] ModelIntegratedComponent:63 - No mode defined for component null
2025-03-25 09:19:28,458 [WARN] ModelIntegratedComponent:63 - No mode defined for component null
2025-03-25 09:19:28,458 [WARN] ModelIntegratedComponent:63 - No mode defined for component null
2025-03-25 09:19:28,458 [WARN] ModelIntegratedComponent:63 - No mode defined for component null
2025-03-25 09:19:28,458 [WARN] ModelIntegratedComponent:63 - No mode defined for component null
2025-03-25 09:19:28,458 [WARN] ModelIntegratedComponent:63 - No mode defined for component null
2025-03-25 09:19:28,458 [WARN] ModelIntegratedComponent:63 - No mode defined for component null
2025-03-25 09:19:28,458 [WARN] ModelIntegratedComponent:63 - No mode defined for component null
2025-03-25 09:19:28,458 [WARN] ModelIntegratedComponent:63 - No mode defined for component null
2025-03-25 09:19:28,458 [WARN] ModelIntegratedComponent:63 - No mode defined for component null
2025-03-25 09:19:28,458 [WARN] ModelIntegratedComponent:63 - No mode defined for component null
2025-03-25 09:19:28,458 [WARN] ModelIntegratedComponent:63 - No mode defined for component null
2025-03-25 09:19:28,458 [WARN] ModelIntegratedComponent:63 - No mode defined for component null
2025-03-25 09:19:28,458 [WARN] ModelIntegratedComponent:63 - No mode defined for component null
2025-03-25 09:19:28,458 [WARN] ModelIntegratedComponent:63 - No mode defined for component null
2025-03-25 09:19:28,458 [WARN] ModelIntegratedComponent:63 - No mode defined for component null
2025-03-25 09:19:28,458 [WARN] ModelIntegratedComponent:63 - No mode defined for component null
2025-03-25 09:19:28,458 [WARN] ModelIntegratedComponent:63 - No mode defined for component null
2025-03-25 09:19:28,458 [WARN] ModelIntegratedComponent:63 - No mode defined for component null
2025-03-25 09:19:28,458 [WARN] ModelIntegratedComponent:63 - No mode defined for component null
2025-03-25 09:19:28,458 [WARN] ModelIntegratedComponent:63 - No mode defined for component null
2025-03-25 09:19:28,458 [WARN] ModelIntegratedComponent:63 - No mode defined for component null
2025-03-25 09:19:28,458 [WARN] ModelIntegratedComponent:63 - No mode defined for component null
2025-03-25 09:19:28,458 [WARN] ModelIntegratedComponent:63 - No mode defined for component null
2025-03-25 09:19:28,458 [WARN] ModelIntegratedComponent:63 - No mode defined for component null
2025-03-25 09:19:28,458 [WARN] ModelIntegratedComponent:63 - No mode defined for component null
2025-03-25 09:19:28,458 [WARN] ModelIntegratedComponent:63 - No mode defined for component null
2025-03-25 09:19:28,458 [WARN] ModelIntegratedComponent:63 - No mode defined for component null
2025-03-25 09:19:28,458 [WARN] ModelIntegratedComponent:63 - No mode defined for component null
2025-03-25 09:19:28,458 [WARN] ModelPack:524 - Component already loaded: STMicroelectronics:HAL Drivers:0.0.0:STMicroelectronics:Device:STMicro_Driver:XSPI:HAL::0.0.1:HAL_XSPI
2025-03-25 09:19:28,517 [INFO] ThirdPartyModel:298 - Start build external matchings
2025-03-25 09:19:29,090 [INFO] ThirdPartyModel:316 - End build external matchings
2025-03-25 09:19:29,106 [INFO] ImportTextPane:218 - (OptionalMessage_ERROR) IP (RCC) : Invalid parameter (FamilyName)
2025-03-25 09:19:29,106 [INFO] ImportTextPane:218 - (OptionalMessage_ERROR) IP (RCC) : Invalid parameter (PLLM)
2025-03-25 09:19:29,106 [INFO] ImportTextPane:218 - (OptionalMessage_ERROR) IP (RCC) : Invalid parameter (PLLN)
2025-03-25 09:19:29,107 [INFO] ImportTextPane:218 - (OptionalMessage_ERROR) IP (RCC) : Invalid parameter (PLLP)
2025-03-25 09:19:29,107 [INFO] ImportTextPane:218 - (OptionalMessage_ERROR) IP (RCC) : Invalid parameter (PLLQ)
2025-03-25 09:19:29,107 [INFO] ImportTextPane:218 - (OptionalMessage_ERROR) IP (RCC) : Invalid parameter (RCC_PLLsource_Clock_Source_FROM_HSE)
2025-03-25 09:19:29,107 [INFO] ImportTextPane:218 - (OptionalMessage_ERROR) IP (RCC) : Parameter (USBFreq_Value) has invalid value (72000000)
2025-03-25 09:19:29,187 [ERROR] LogOutputStream:75 - [STDERR_REDIRECT] [Fatal Error] :1:1: Premature end of file.
2025-03-25 09:19:29,187 [ERROR] LogOutputStream:75 - [STDERR_REDIRECT] 
2025-03-25 09:19:29,400 [INFO] UtilMem:75 - End LoadConfig() Used Memory: 788196464 Bytes (1073741824)
2025-03-25 09:19:29,504 [WARN] ThirdParty:833 - waiting for thirdparty lock release [change project]
2025-03-25 09:19:29,505 [INFO] ThirdParty:835 - entering critical section [change project]
2025-03-25 09:19:29,505 [INFO] ThirdParty:1030 - CMSIS Pack Vendor :STMicroelectronics USBPD 4.1
2025-03-25 09:19:29,505 [INFO] ThirdParty:1030 - CMSIS Pack Vendor :STMicroelectronics X-CUBE-AZRTOS-H7 3.3.0
2025-03-25 09:19:29,505 [INFO] ThirdParty:1030 - CMSIS Pack Vendor :STMicroelectronics X-CUBE-NFC9 1.0.0
2025-03-25 09:19:29,505 [INFO] ThirdParty:1030 - CMSIS Pack Vendor :STMicroelectronics USB_HOST 2.0.0
2025-03-25 09:19:29,505 [INFO] ThirdParty:1030 - CMSIS Pack Vendor :STMicroelectronics FP-SNS-MOTENVWB1 1.4.0
2025-03-25 09:19:29,505 [INFO] ThirdParty:1030 - CMSIS Pack Vendor :STMicroelectronics X-CUBE-AZRTOS-F4 1.1.0
2025-03-25 09:19:29,505 [INFO] ThirdParty:1030 - CMSIS Pack Vendor :STMicroelectronics LIBJPEG 8.0.0
2025-03-25 09:19:29,505 [INFO] ThirdParty:1030 - CMSIS Pack Vendor :STMicroelectronics FP-ATR-ASTRA1 2.0.2
2025-03-25 09:19:29,505 [INFO] ThirdParty:1030 - CMSIS Pack Vendor :STMicroelectronics FP-ATR-ASTRA1 2.0.1
2025-03-25 09:19:29,505 [INFO] ThirdParty:1030 - CMSIS Pack Vendor :STMicroelectronics X-CUBE-BLE1 7.1.0
2025-03-25 09:19:29,505 [INFO] ThirdParty:1030 - CMSIS Pack Vendor :STMicroelectronics X-CUBE-SMBUS 2.1.0
2025-03-25 09:19:29,505 [INFO] ThirdParty:1030 - CMSIS Pack Vendor :STMicroelectronics X-CUBE-WB05N 1.1.0
2025-03-25 09:19:29,505 [INFO] ThirdParty:1030 - CMSIS Pack Vendor :STMicroelectronics USB_DEVICE 3.0.0
2025-03-25 09:19:29,505 [INFO] ThirdParty:1030 - CMSIS Pack Vendor :STMicroelectronics X-CUBE-TCPP 4.1.0
2025-03-25 09:19:29,505 [INFO] ThirdParty:1030 - CMSIS Pack Vendor :STMicroelectronics X-CUBE-ISPU 2.1.0
2025-03-25 09:19:29,505 [INFO] ThirdParty:1030 - CMSIS Pack Vendor :STMicroelectronics X-CUBE-FREERTOS 1.2.0
2025-03-25 09:19:29,505 [INFO] ThirdParty:1030 - CMSIS Pack Vendor :STMicroelectronics X-CUBE-IPS 3.0.0
2025-03-25 09:19:29,505 [INFO] ThirdParty:1030 - CMSIS Pack Vendor :STMicroelectronics X-CUBE-AZRTOS-WB 2.0.0
2025-03-25 09:19:29,505 [INFO] ThirdParty:1030 - CMSIS Pack Vendor :STMicroelectronics X-CUBE-GNSS1 7.0.0
2025-03-25 09:19:29,505 [INFO] ThirdParty:1030 - CMSIS Pack Vendor :STMicroelectronics X-CUBE-GNSS1 7.0.1
2025-03-25 09:19:29,505 [INFO] ThirdParty:1030 - CMSIS Pack Vendor :STMicroelectronics X-CUBE-AZRTOS-F7 1.1.0
2025-03-25 09:19:29,505 [INFO] ThirdParty:1030 - CMSIS Pack Vendor :STMicroelectronics X-CUBE-AZRTOS-L5 2.0.0
2025-03-25 09:19:29,505 [INFO] ThirdParty:1030 - CMSIS Pack Vendor :STMicroelectronics X-CUBE-TOUCHGFX 4.25.0
2025-03-25 09:19:29,505 [INFO] ThirdParty:1030 - CMSIS Pack Vendor :STMicroelectronics USB_DEVICE 2.0.0
2025-03-25 09:19:29,505 [INFO] ThirdParty:1030 - CMSIS Pack Vendor :STMicroelectronics X-CUBE-NFC6 3.1.0
2025-03-25 09:19:29,505 [INFO] ThirdParty:1030 - CMSIS Pack Vendor :STMicroelectronics FP-SNS-STBOX1 2.0.0
2025-03-25 09:19:29,505 [INFO] ThirdParty:1030 - CMSIS Pack Vendor :STMicroelectronics X-CUBE-MEMS1 11.0.0
2025-03-25 09:19:29,506 [INFO] ThirdParty:1030 - CMSIS Pack Vendor :STMicroelectronics FreeRTOS 0.0.1
2025-03-25 09:19:29,506 [INFO] ThirdParty:1030 - CMSIS Pack Vendor :STMicroelectronics X-CUBE-AZRTOS-G0 1.1.0
2025-03-25 09:19:29,506 [INFO] ThirdParty:1030 - CMSIS Pack Vendor :STMicroelectronics X-CUBE-SAFEA1 1.2.2
2025-03-25 09:19:29,506 [INFO] ThirdParty:1030 - CMSIS Pack Vendor :STMicroelectronics X-CUBE-NFC4 3.0.0
2025-03-25 09:19:29,506 [INFO] ThirdParty:1030 - CMSIS Pack Vendor :STMicroelectronics X-CUBE-DPower 1.2.0
2025-03-25 09:19:29,506 [INFO] ThirdParty:1030 - CMSIS Pack Vendor :STMicroelectronics X-CUBE-SUBG2 5.0.0
2025-03-25 09:19:29,506 [INFO] ThirdParty:1030 - CMSIS Pack Vendor :STMicroelectronics X-CUBE-AZRTOS-H7RS 1.1.0
2025-03-25 09:19:29,506 [INFO] ThirdParty:1030 - CMSIS Pack Vendor :STMicroelectronics STM32_WPAN 1.0.0
2025-03-25 09:19:29,506 [INFO] ThirdParty:1030 - CMSIS Pack Vendor :EmbeddedOffice I-CUBE-FS-RTOS 1.0.1
2025-03-25 09:19:29,506 [INFO] ThirdParty:1030 - CMSIS Pack Vendor :STMicroelectronics lwIP 2.0.3
2025-03-25 09:19:29,506 [INFO] ThirdParty:1030 - CMSIS Pack Vendor :STMicroelectronics FP-SNS-FLIGHT1 5.0.2
2025-03-25 09:19:29,506 [INFO] ThirdParty:1030 - CMSIS Pack Vendor :Cesanta I-CUBE-Mongoose 7.13.0
2025-03-25 09:19:29,506 [INFO] ThirdParty:1030 - CMSIS Pack Vendor :STMicroelectronics USB_HOST 1.0.0
2025-03-25 09:19:29,506 [INFO] ThirdParty:1030 - CMSIS Pack Vendor :Infineon AIROC-Wi-Fi-Bluetooth-STM32 1.7.0
2025-03-25 09:19:29,506 [INFO] ThirdParty:1030 - CMSIS Pack Vendor :STMicroelectronics X-CUBE-AZRTOS-G4 2.0.0
2025-03-25 09:19:29,506 [INFO] ThirdParty:1030 - CMSIS Pack Vendor :STMicroelectronics PDM2PCM 3.1.0
2025-03-25 09:19:29,506 [INFO] ThirdParty:1030 - CMSIS Pack Vendor :STMicroelectronics PDM2PCM 3.3.0
2025-03-25 09:19:29,506 [INFO] ThirdParty:1030 - CMSIS Pack Vendor :STMicroelectronics X-CUBE-DISPLAY 3.0.0
2025-03-25 09:19:29,506 [INFO] ThirdParty:1030 - CMSIS Pack Vendor :STMicroelectronics X-CUBE-TCPP 4.2.0
2025-03-25 09:19:29,506 [INFO] ThirdParty:1030 - CMSIS Pack Vendor :RealThread X-CUBE-RT-Thread_Nano 4.1.1
2025-03-25 09:19:29,506 [INFO] ThirdParty:1030 - CMSIS Pack Vendor :STMicroelectronics X-CUBE-BLE1 7.0.0
2025-03-25 09:19:29,506 [INFO] ThirdParty:1030 - CMSIS Pack Vendor :STMicroelectronics FP-ATR-SIGFOX1 3.2.0
2025-03-25 09:19:29,506 [INFO] ThirdParty:1030 - CMSIS Pack Vendor :STMicroelectronics X-CUBE-NFC10 1.0.0
2025-03-25 09:19:29,506 [INFO] ThirdParty:1030 - CMSIS Pack Vendor :quantropi X-CUBE-qispace-sdk-base 1.9.3
2025-03-25 09:19:29,506 [INFO] ThirdParty:1030 - CMSIS Pack Vendor :STMicroelectronics X-CUBE-BLEMGR 4.0.0
2025-03-25 09:19:29,506 [INFO] ThirdParty:1030 - CMSIS Pack Vendor :STMicroelectronics X-CUBE-EEPRMA1 5.1.0
2025-03-25 09:19:29,506 [INFO] ThirdParty:1030 - CMSIS Pack Vendor :STMicroelectronics HAL Drivers 0.0.0
2025-03-25 09:19:29,506 [INFO] ThirdParty:1030 - CMSIS Pack Vendor :STMicroelectronics MBEDTLS 2.16.2
2025-03-25 09:19:29,506 [INFO] ThirdParty:1030 - CMSIS Pack Vendor :STMicroelectronics X-CUBE-IPS 3.1.0
2025-03-25 09:19:29,506 [INFO] ThirdParty:1030 - CMSIS Pack Vendor :STMicroelectronics X-CUBE-ALS 1.0.2
2025-03-25 09:19:29,506 [INFO] ThirdParty:1030 - CMSIS Pack Vendor :emotas I-CUBE-CANOPEN 1.3.0
2025-03-25 09:19:29,506 [INFO] ThirdParty:1030 - CMSIS Pack Vendor :STMicroelectronics X-CUBE-FREERTOS 1.3.0
2025-03-25 09:19:29,506 [INFO] ThirdParty:1030 - CMSIS Pack Vendor :wolfSSL I-CUBE-wolfSSL 5.7.4
2025-03-25 09:19:29,506 [INFO] ThirdParty:1030 - CMSIS Pack Vendor :STMicroelectronics X-CUBE-NFC7 1.0.1
2025-03-25 09:19:29,506 [INFO] ThirdParty:1030 - CMSIS Pack Vendor :STMicroelectronics MBEDTLS 2.14.1
2025-03-25 09:19:29,506 [INFO] ThirdParty:1030 - CMSIS Pack Vendor :ITTIA_DB I-CUBE-ITTIADB 8.9.0
2025-03-25 09:19:29,506 [INFO] ThirdParty:1030 - CMSIS Pack Vendor :STMicroelectronics X-CUBE-TOUCHGFX 4.24.2
2025-03-25 09:19:29,506 [INFO] ThirdParty:1030 - CMSIS Pack Vendor :STMicroelectronics X-CUBE-TOUCHGFX 4.24.1
2025-03-25 09:19:29,506 [INFO] ThirdParty:1030 - CMSIS Pack Vendor :wolfSSL I-CUBE-wolfTPM 3.4.0
2025-03-25 09:19:29,506 [INFO] ThirdParty:1030 - CMSIS Pack Vendor :portGmbH I-Cube-SoM-uGOAL 1.1.0
2025-03-25 09:19:29,506 [INFO] ThirdParty:1030 - CMSIS Pack Vendor :STMicroelectronics X-CUBE-BLEMGR 3.1.0
2025-03-25 09:19:29,506 [INFO] ThirdParty:1030 - CMSIS Pack Vendor :STMicroelectronics X-CUBE-AI 10.0.0
2025-03-25 09:19:29,506 [INFO] ThirdParty:1030 - CMSIS Pack Vendor :STMicroelectronics ThreadX 1.0.0
2025-03-25 09:19:29,506 [INFO] ThirdParty:1030 - CMSIS Pack Vendor :STMicroelectronics FP-SNS-SMARTAG2 1.2.0
2025-03-25 09:19:29,506 [INFO] ThirdParty:1030 - CMSIS Pack Vendor :STMicroelectronics FP-SNS-FLIGHT1 5.1.0
2025-03-25 09:19:29,506 [INFO] ThirdParty:1030 - CMSIS Pack Vendor :STMicroelectronics X-CUBE-MEMS1 11.1.0
2025-03-25 09:19:29,506 [INFO] ThirdParty:1030 - CMSIS Pack Vendor :STMicroelectronics X-CUBE-AZRTOS-WL 2.0.0
2025-03-25 09:19:29,506 [INFO] ThirdParty:1030 - CMSIS Pack Vendor :SEGGER I-CUBE-embOS 1.3.1
2025-03-25 09:19:29,506 [INFO] ThirdParty:1030 - CMSIS Pack Vendor :STMicroelectronics X-CUBE-ALGOBUILD 1.4.0
2025-03-25 09:19:29,506 [INFO] ThirdParty:1030 - CMSIS Pack Vendor :STMicroelectronics FP-SNS-MOTENV1 5.0.0
2025-03-25 09:19:29,506 [INFO] ThirdParty:1030 - CMSIS Pack Vendor :STMicroelectronics USB_DEVICE 1.0.0
2025-03-25 09:19:29,506 [INFO] ThirdParty:1030 - CMSIS Pack Vendor :STMicroelectronics X-CUBE-AZRTOS-H7RS 1.0.0
2025-03-25 09:19:29,506 [INFO] ThirdParty:1030 - CMSIS Pack Vendor :wolfSSL I-CUBE-wolfMQTT 1.19.0
2025-03-25 09:19:29,506 [INFO] ThirdParty:1030 - CMSIS Pack Vendor :STMicroelectronics X-CUBE-AZRTOS-L4 2.0.0
2025-03-25 09:19:29,506 [INFO] ThirdParty:1030 - CMSIS Pack Vendor :STMicroelectronics ThreadX 0.0.2
2025-03-25 09:19:29,506 [INFO] ThirdParty:1030 - CMSIS Pack Vendor :WES I-CUBE-Cesium 1.3.0
2025-03-25 09:19:29,506 [INFO] ThirdParty:1030 - CMSIS Pack Vendor :STMicroelectronics FP-ATR-ASTRA1 2.0.0
2025-03-25 09:19:29,506 [INFO] ThirdParty:1030 - CMSIS Pack Vendor :STMicroelectronics lwIP 2.1.2
2025-03-25 09:19:29,506 [INFO] ThirdParty:1030 - CMSIS Pack Vendor :STMicroelectronics X-CUBE-SFXS2LP1 4.0.0
2025-03-25 09:19:29,506 [INFO] ThirdParty:1030 - CMSIS Pack Vendor :STMicroelectronics X-CUBE-BLE2 3.3.0
2025-03-25 09:19:29,506 [INFO] ThirdParty:1030 - CMSIS Pack Vendor :STMicroelectronics X-CUBE-TOF1 3.4.2
2025-03-25 09:19:29,506 [INFO] ThirdParty:1030 - CMSIS Pack Vendor :STMicroelectronics X-CUBE-AI 9.1.0
2025-03-25 09:19:29,506 [INFO] ThirdParty:1030 - CMSIS Pack Vendor :Infineon AIROC-Wi-Fi-Bluetooth-STM32 1.6.1
2025-03-25 09:19:29,506 [INFO] ThirdParty:1030 - CMSIS Pack Vendor :STMicroelectronics PDM2PCM 3.2.0
2025-03-25 09:19:29,507 [INFO] ThirdParty:1030 - CMSIS Pack Vendor :wolfSSL I-CUBE-wolfSSH 1.4.17
2025-03-25 09:19:29,507 [INFO] ThirdParty:841 - exiting critical section [change project]
2025-03-25 09:19:29,820 [INFO] PinOutPanel:1589 - setPackage(No Configuration,No Configuration)
2025-03-25 09:19:29,822 [INFO] PinOutPanel:1589 - setPackage(STM32F303RETx,LQFP64)
2025-03-25 09:19:30,199 [ERROR] LogOutputStream:75 - [STDERR_REDIRECT] [Fatal Error] :1:1: Premature end of file.
2025-03-25 09:19:30,200 [ERROR] LogOutputStream:75 - [STDERR_REDIRECT] 
2025-03-25 09:19:30,308 [INFO] UtilMem:75 - Before build in PCC Used Memory: 604217784 Bytes (1073741824)
2025-03-25 09:19:31,021 [INFO] UtilMem:75 - After build in PCC Used Memory: 669755832 Bytes (1073741824)
2025-03-25 09:19:31,050 [INFO] IPUIPlugin:80 - create IPUIPlugin
2025-03-25 09:19:31,050 [INFO] IPUIPlugin:80 - create IPUIPlugin
2025-03-25 09:19:31,050 [INFO] IPUIPlugin:80 - create IPUIPlugin
2025-03-25 09:19:31,050 [INFO] IPUIPlugin:80 - create IPUIPlugin
2025-03-25 09:19:31,050 [INFO] IPUIPlugin:80 - create IPUIPlugin
2025-03-25 09:19:31,050 [INFO] IPUIPlugin:80 - create IPUIPlugin
2025-03-25 09:19:31,050 [INFO] IPUIPlugin:80 - create IPUIPlugin
2025-03-25 09:19:31,050 [INFO] IPUIPlugin:80 - create IPUIPlugin
2025-03-25 09:19:31,050 [INFO] IPUIPlugin:80 - create IPUIPlugin
2025-03-25 09:19:31,050 [INFO] IPUIPlugin:80 - create IPUIPlugin
2025-03-25 09:19:31,050 [INFO] IPUIPlugin:80 - create IPUIPlugin
2025-03-25 09:19:31,050 [INFO] IPUIPlugin:80 - create IPUIPlugin
2025-03-25 09:19:31,050 [INFO] IPUIPlugin:80 - create IPUIPlugin
2025-03-25 09:19:31,051 [INFO] IPUIPlugin:80 - create IPUIPlugin
2025-03-25 09:19:31,051 [INFO] IPUIPlugin:80 - create IPUIPlugin
2025-03-25 09:19:31,051 [INFO] IPUIPlugin:80 - create IPUIPlugin
2025-03-25 09:19:31,051 [INFO] IPUIPlugin:80 - create IPUIPlugin
2025-03-25 09:19:31,051 [INFO] IPUIPlugin:80 - create IPUIPlugin
2025-03-25 09:19:31,051 [INFO] IPUIPlugin:80 - create IPUIPlugin
2025-03-25 09:19:31,051 [INFO] IPUIPlugin:80 - create IPUIPlugin
2025-03-25 09:19:31,051 [INFO] IPUIPlugin:80 - create IPUIPlugin
2025-03-25 09:19:31,051 [INFO] IPUIPlugin:80 - create IPUIPlugin
2025-03-25 09:19:31,051 [INFO] IPUIPlugin:80 - create IPUIPlugin
2025-03-25 09:19:31,051 [INFO] IPUIPlugin:80 - create IPUIPlugin
2025-03-25 09:19:31,051 [INFO] IPUIPlugin:80 - create IPUIPlugin
2025-03-25 09:19:31,052 [INFO] IPUIPlugin:80 - create IPUIPlugin
2025-03-25 09:19:31,053 [INFO] IPUIPlugin:80 - create IPUIPlugin
2025-03-25 09:19:31,053 [INFO] IPUIPlugin:80 - create IPUIPlugin
2025-03-25 09:19:31,053 [INFO] IPUIPlugin:80 - create IPUIPlugin
2025-03-25 09:19:31,053 [INFO] IPUIPlugin:80 - create IPUIPlugin
2025-03-25 09:19:31,054 [INFO] IPUIPlugin:80 - create IPUIPlugin
2025-03-25 09:19:31,054 [INFO] IPUIPlugin:80 - create IPUIPlugin
2025-03-25 09:19:31,054 [INFO] IPUIPlugin:80 - create IPUIPlugin
2025-03-25 09:19:31,054 [INFO] IPUIPlugin:80 - create IPUIPlugin
2025-03-25 09:19:31,055 [INFO] IPUIPlugin:80 - create IPUIPlugin
2025-03-25 09:19:31,055 [INFO] IPUIPlugin:80 - create IPUIPlugin
2025-03-25 09:19:31,055 [INFO] IPUIPlugin:80 - create IPUIPlugin
2025-03-25 09:19:31,055 [INFO] IPUIPlugin:80 - create IPUIPlugin
2025-03-25 09:19:31,055 [INFO] IPUIPlugin:80 - create IPUIPlugin
2025-03-25 09:19:31,055 [INFO] IPUIPlugin:80 - create IPUIPlugin
2025-03-25 09:19:31,055 [INFO] IPUIPlugin:80 - create IPUIPlugin
2025-03-25 09:19:31,056 [INFO] IPUIPlugin:80 - create IPUIPlugin
2025-03-25 09:19:31,056 [INFO] IPUIPlugin:80 - create IPUIPlugin
2025-03-25 09:19:31,056 [INFO] IPUIPlugin:80 - create IPUIPlugin
2025-03-25 09:19:31,056 [INFO] IPUIPlugin:80 - create IPUIPlugin
2025-03-25 09:19:31,056 [INFO] IPUIPlugin:80 - create IPUIPlugin
2025-03-25 09:19:31,056 [INFO] IPUIPlugin:80 - create IPUIPlugin
2025-03-25 09:19:31,056 [INFO] IPUIPlugin:80 - create IPUIPlugin
2025-03-25 09:19:31,056 [INFO] IPUIPlugin:80 - create IPUIPlugin
2025-03-25 09:19:31,057 [INFO] IPUIPlugin:80 - create IPUIPlugin
2025-03-25 09:19:31,057 [INFO] IPUIPlugin:80 - create IPUIPlugin
2025-03-25 09:19:31,057 [INFO] IPUIPlugin:80 - create IPUIPlugin
2025-03-25 09:19:31,057 [INFO] IPUIPlugin:80 - create IPUIPlugin
2025-03-25 09:19:31,057 [INFO] IPUIPlugin:80 - create IPUIPlugin
2025-03-25 09:19:31,057 [INFO] IPUIPlugin:80 - create IPUIPlugin
2025-03-25 09:19:31,058 [INFO] IPUIPlugin:80 - create IPUIPlugin
2025-03-25 09:19:31,193 [ERROR] LogOutputStream:75 - [STDERR_REDIRECT] [Fatal Error] :1:1: Premature end of file.
2025-03-25 09:19:31,193 [ERROR] LogOutputStream:75 - [STDERR_REDIRECT] 
2025-03-25 09:19:31,243 [INFO] CADModel:165 - CPN selected for project levelSTM32F303RET6
2025-03-25 09:19:31,244 [INFO] CADModel:114 - Register for checkConnection events
2025-03-25 09:19:31,293 [INFO] OpenFileManager:385 - Restore cursor
2025-03-25 09:19:32,211 [ERROR] LogOutputStream:75 - [STDERR_REDIRECT] [Fatal Error] :1:1: Premature end of file.
2025-03-25 09:19:32,212 [ERROR] LogOutputStream:75 - [STDERR_REDIRECT] 
2025-03-25 09:19:33,192 [ERROR] LogOutputStream:75 - [STDERR_REDIRECT] [Fatal Error] :1:1: Premature end of file.
2025-03-25 09:19:33,193 [ERROR] LogOutputStream:75 - [STDERR_REDIRECT] 
2025-03-25 09:19:34,194 [ERROR] LogOutputStream:75 - [STDERR_REDIRECT] [Fatal Error] :1:1: Premature end of file.
2025-03-25 09:19:34,194 [ERROR] LogOutputStream:75 - [STDERR_REDIRECT] 
2025-03-25 09:19:34,479 [INFO] UtilMem:75 - End SaveConfig() Used Memory: 840675856 Bytes (1073741824)
2025-03-25 09:19:34,545 [INFO] UtilMem:75 - End SaveConfig() Used Memory: 862684128 Bytes (1073741824)
2025-03-25 09:19:34,712 [INFO] BlockDiagram:2775 - set Specific Code input for plugin: SYS
2025-03-25 09:19:34,712 [INFO] BlockDiagram:2775 - set Specific Code input for plugin: RCC
2025-03-25 09:19:34,712 [INFO] BlockDiagram:2775 - set Specific Code input for plugin: NVIC
2025-03-25 09:19:34,712 [INFO] BlockDiagram:2775 - set Specific Code input for plugin: USART
2025-03-25 09:19:34,714 [INFO] BlockDiagram:2775 - set Specific Code input for plugin: GPIO
2025-03-25 09:19:34,715 [INFO] CodeGenerator:882 - code generatio: config db path: C:\ST\STM32CubeIDE_1.17.0\STM32CubeIDE\plugins\com.st.stm32cube.common.mx_6.14.0.202502271554\\db\
2025-03-25 09:19:34,884 [INFO] CodeEngine:263 - oldGeneratedFile, C:\Users\raj\Project\Project\Test\bat\bat\MXTmpFiles\license.tmp_save
2025-03-25 09:19:35,171 [INFO] CodeEngine:287 - Generated code: C:\Users\raj\Project\Project\Test\bat\bat\MXTmpFiles\license.tmp
2025-03-25 09:19:35,186 [ERROR] LogOutputStream:75 - [STDERR_REDIRECT] [Fatal Error] :1:1: Premature end of file.
2025-03-25 09:19:35,186 [ERROR] LogOutputStream:75 - [STDERR_REDIRECT] 
2025-03-25 09:19:35,261 [INFO] CodeEngine:263 - oldGeneratedFile, C:\Users\raj\Project\Project\Test\bat\bat\MXTmpFiles\gpio.tmp_save
2025-03-25 09:19:35,393 [INFO] CodeEngine:287 - Generated code: C:\Users\raj\Project\Project\Test\bat\bat\MXTmpFiles\gpio.tmp
2025-03-25 09:19:35,517 [INFO] CodeEngine:263 - oldGeneratedFile, C:\Users\raj\Project\Project\Test\bat\bat\Core\Src\stm32f3xx_it.c_save
2025-03-25 09:19:35,659 [INFO] CodeEngine:287 - Generated code: C:\Users\raj\Project\Project\Test\bat\bat\Core\Src\stm32f3xx_it.c
2025-03-25 09:19:35,670 [INFO] CodeEngine:263 - oldGeneratedFile, C:\Users\raj\Project\Project\Test\bat\bat\Core\Inc\stm32f3xx_it.h_save
2025-03-25 09:19:35,739 [INFO] CodeEngine:287 - Generated code: C:\Users\raj\Project\Project\Test\bat\bat\Core\Inc\stm32f3xx_it.h
2025-03-25 09:19:35,761 [INFO] CodeEngine:263 - oldGeneratedFile, C:\Users\raj\Project\Project\Test\bat\bat\Core\Src\stm32f3xx_hal_msp.c_save
2025-03-25 09:19:35,877 [INFO] CodeEngine:287 - Generated code: C:\Users\raj\Project\Project\Test\bat\bat\Core\Src\stm32f3xx_hal_msp.c
2025-03-25 09:19:35,887 [INFO] CodeEngine:263 - oldGeneratedFile, C:\Users\raj\Project\Project\Test\bat\bat\MXTmpFiles\system.tmp_save
2025-03-25 09:19:35,946 [INFO] CodeEngine:287 - Generated code: C:\Users\raj\Project\Project\Test\bat\bat\MXTmpFiles\system.tmp
2025-03-25 09:19:35,967 [INFO] CodeEngine:319 - oldGeneratedFile, C:\Users\raj\Project\Project\Test\bat\bat\Core\Inc\stm32f3xx_hal_conf.h_save
2025-03-25 09:19:36,037 [INFO] CodeEngine:343 - Generated code: C:\Users\raj\Project\Project\Test\bat\bat\Core\Inc\stm32f3xx_hal_conf.h
2025-03-25 09:19:36,076 [INFO] ApiDbMcu:508 - Load IP Config File for USART2
2025-03-25 09:19:36,079 [INFO] ApiDbMcu:508 - Load IP Config File for RCC
2025-03-25 09:19:36,098 [INFO] CodeEngine:263 - oldGeneratedFile, C:\Users\raj\Project\Project\Test\bat\bat\Core\Inc\main.h_save
2025-03-25 09:19:36,194 [ERROR] LogOutputStream:75 - [STDERR_REDIRECT] [Fatal Error] :1:1: Premature end of file.
2025-03-25 09:19:36,194 [ERROR] LogOutputStream:75 - [STDERR_REDIRECT] 
2025-03-25 09:19:36,211 [INFO] CodeEngine:287 - Generated code: C:\Users\raj\Project\Project\Test\bat\bat\Core\Inc\main.h
2025-03-25 09:19:36,228 [INFO] CodeEngine:263 - oldGeneratedFile, C:\Users\raj\Project\Project\Test\bat\bat\Core\Src\main.c_save
2025-03-25 09:19:36,361 [INFO] CodeEngine:287 - Generated code: C:\Users\raj\Project\Project\Test\bat\bat\Core\Src\main.c
2025-03-25 09:19:36,616 [INFO] ProjectBuilder:3324 - Time for Copy HAL[1] : 159mS.
2025-03-25 09:19:36,623 [INFO] ProjectBuilder:4912 - Project Generator version: 4.6.0-B36
2025-03-25 09:19:36,680 [INFO] ConfigFileManager:1590 - The Die is : DIE446
2025-03-25 09:19:36,693 [INFO] ApiDbMcu:508 - Load IP Config File for FATFS
2025-03-25 09:19:36,704 [INFO] ApiDbMcu:508 - Load IP Config File for FREERTOS
2025-03-25 09:19:36,719 [INFO] ApiDbMcu:508 - Load IP Config File for TOUCHSENSING
2025-03-25 09:19:36,731 [INFO] ApiDbMcu:508 - Load IP Config File for USB_DEVICE
2025-03-25 09:19:37,188 [ERROR] LogOutputStream:75 - [STDERR_REDIRECT] [Fatal Error] :1:1: Premature end of file.
2025-03-25 09:19:37,189 [ERROR] LogOutputStream:75 - [STDERR_REDIRECT] 
2025-03-25 09:19:37,360 [INFO] LogOutputStream:77 - [STDOUT_REDIRECT] 
2025-03-25 09:19:38,206 [ERROR] LogOutputStream:75 - [STDERR_REDIRECT] [Fatal Error] :1:1: Premature end of file.
2025-03-25 09:19:38,206 [ERROR] LogOutputStream:75 - [STDERR_REDIRECT] 
2025-03-25 09:19:39,270 [ERROR] LogOutputStream:75 - [STDERR_REDIRECT] [Fatal Error] :1:1: Premature end of file.
2025-03-25 09:19:39,271 [ERROR] LogOutputStream:75 - [STDERR_REDIRECT] 
2025-03-25 09:19:40,197 [ERROR] LogOutputStream:75 - [STDERR_REDIRECT] [Fatal Error] :1:1: Premature end of file.
2025-03-25 09:19:40,198 [ERROR] LogOutputStream:75 - [STDERR_REDIRECT] 
2025-03-25 09:19:40,869 [INFO] ProjectBuilder:5191 - Time for Generating toolchain IDE Files: 4246mS.
2025-03-25 09:19:40,872 [INFO] ProjectBuilder:3181 - Time for Copy CMSIS : 1mS.
2025-03-25 09:19:40,874 [INFO] ProjectBuilder:3181 - Time for Copy CMSIS : 0mS.
2025-03-25 09:19:41,201 [ERROR] LogOutputStream:75 - [STDERR_REDIRECT] [Fatal Error] :1:1: Premature end of file.
2025-03-25 09:19:41,202 [ERROR] LogOutputStream:75 - [STDERR_REDIRECT] 
2025-03-25 09:19:41,475 [INFO] McuFinderGlobals:76 - Set McuFinderConnectedMode to true
2025-03-25 09:19:41,480 [INFO] ApiDb:448 - Save user favorites file C:\Users\raj/.stm32cubeide/favorites.mcus.txt: 0 item(s)
2025-03-25 09:19:41,481 [INFO] ApiDb:452 - User favorites MCUs=[]
2025-03-25 09:19:41,483 [INFO] ApiDb:448 - Save user favorites file C:\Users\raj/.stm32cubeide/favorites.boards.txt: 0 item(s)
2025-03-25 09:19:41,483 [INFO] ApiDb:452 - User favorites Boards=[]
2025-03-25 09:19:42,192 [ERROR] LogOutputStream:75 - [STDERR_REDIRECT] [Fatal Error] :1:1: Premature end of file.
2025-03-25 09:19:42,193 [ERROR] LogOutputStream:75 - [STDERR_REDIRECT] 
2025-03-25 09:19:43,198 [ERROR] LogOutputStream:75 - [STDERR_REDIRECT] [Fatal Error] :1:1: Premature end of file.
2025-03-25 09:19:43,198 [ERROR] LogOutputStream:75 - [STDERR_REDIRECT] 
2025-03-25 09:19:44,190 [ERROR] LogOutputStream:75 - [STDERR_REDIRECT] [Fatal Error] :1:1: Premature end of file.
2025-03-25 09:19:44,191 [ERROR] LogOutputStream:75 - [STDERR_REDIRECT] 
2025-03-25 09:19:45,187 [ERROR] LogOutputStream:75 - [STDERR_REDIRECT] [Fatal Error] :1:1: Premature end of file.
2025-03-25 09:19:45,187 [ERROR] LogOutputStream:75 - [STDERR_REDIRECT] 
2025-03-25 09:19:46,181 [ERROR] LogOutputStream:75 - [STDERR_REDIRECT] [Fatal Error] :1:1: Premature end of file.
2025-03-25 09:19:46,181 [ERROR] LogOutputStream:75 - [STDERR_REDIRECT] 
2025-03-25 09:19:47,186 [ERROR] LogOutputStream:75 - [STDERR_REDIRECT] [Fatal Error] :1:1: Premature end of file.
2025-03-25 09:19:47,186 [ERROR] LogOutputStream:75 - [STDERR_REDIRECT] 
2025-03-25 09:19:48,194 [ERROR] LogOutputStream:75 - [STDERR_REDIRECT] [Fatal Error] :1:1: Premature end of file.
2025-03-25 09:19:48,194 [ERROR] LogOutputStream:75 - [STDERR_REDIRECT] 
2025-03-25 09:19:49,197 [ERROR] LogOutputStream:75 - [STDERR_REDIRECT] [Fatal Error] :1:1: Premature end of file.
2025-03-25 09:19:49,197 [ERROR] LogOutputStream:75 - [STDERR_REDIRECT] 
2025-03-25 09:19:50,215 [ERROR] LogOutputStream:75 - [STDERR_REDIRECT] [Fatal Error] :1:1: Premature end of file.
2025-03-25 09:19:50,215 [ERROR] LogOutputStream:75 - [STDERR_REDIRECT] 
2025-03-25 09:19:51,216 [ERROR] LogOutputStream:75 - [STDERR_REDIRECT] [Fatal Error] :1:1: Premature end of file.
2025-03-25 09:19:51,217 [ERROR] LogOutputStream:75 - [STDERR_REDIRECT] 
2025-03-25 09:19:52,218 [ERROR] LogOutputStream:75 - [STDERR_REDIRECT] [Fatal Error] :1:1: Premature end of file.
2025-03-25 09:19:52,219 [ERROR] LogOutputStream:75 - [STDERR_REDIRECT] 
2025-03-25 09:19:53,212 [ERROR] LogOutputStream:75 - [STDERR_REDIRECT] [Fatal Error] :1:1: Premature end of file.
2025-03-25 09:19:53,212 [ERROR] LogOutputStream:75 - [STDERR_REDIRECT] 
2025-03-25 09:19:54,209 [ERROR] LogOutputStream:75 - [STDERR_REDIRECT] [Fatal Error] :1:1: Premature end of file.
2025-03-25 09:19:54,209 [ERROR] LogOutputStream:75 - [STDERR_REDIRECT] 
2025-03-25 09:19:55,207 [ERROR] LogOutputStream:75 - [STDERR_REDIRECT] [Fatal Error] :1:1: Premature end of file.
2025-03-25 09:19:55,208 [ERROR] LogOutputStream:75 - [STDERR_REDIRECT] 
2025-03-25 09:19:56,186 [ERROR] LogOutputStream:75 - [STDERR_REDIRECT] [Fatal Error] :1:1: Premature end of file.
2025-03-25 09:19:56,187 [ERROR] LogOutputStream:75 - [STDERR_REDIRECT] 
2025-03-25 09:19:57,206 [ERROR] LogOutputStream:75 - [STDERR_REDIRECT] [Fatal Error] :1:1: Premature end of file.
2025-03-25 09:19:57,207 [ERROR] LogOutputStream:75 - [STDERR_REDIRECT] 
2025-03-25 09:19:58,202 [ERROR] LogOutputStream:75 - [STDERR_REDIRECT] [Fatal Error] :1:1: Premature end of file.
2025-03-25 09:19:58,202 [ERROR] LogOutputStream:75 - [STDERR_REDIRECT] 
2025-03-25 09:19:59,215 [ERROR] LogOutputStream:75 - [STDERR_REDIRECT] [Fatal Error] :1:1: Premature end of file.
2025-03-25 09:19:59,215 [ERROR] LogOutputStream:75 - [STDERR_REDIRECT] 
2025-03-25 09:20:00,190 [ERROR] LogOutputStream:75 - [STDERR_REDIRECT] [Fatal Error] :1:1: Premature end of file.
2025-03-25 09:20:00,190 [ERROR] LogOutputStream:75 - [STDERR_REDIRECT] 
2025-03-25 09:20:01,223 [ERROR] LogOutputStream:75 - [STDERR_REDIRECT] [Fatal Error] :1:1: Premature end of file.
2025-03-25 09:20:01,224 [ERROR] LogOutputStream:75 - [STDERR_REDIRECT] 
2025-03-25 09:20:02,194 [ERROR] LogOutputStream:75 - [STDERR_REDIRECT] [Fatal Error] :1:1: Premature end of file.
2025-03-25 09:20:02,194 [ERROR] LogOutputStream:75 - [STDERR_REDIRECT] 
2025-03-25 09:20:03,216 [ERROR] LogOutputStream:75 - [STDERR_REDIRECT] [Fatal Error] :1:1: Premature end of file.
2025-03-25 09:20:03,216 [ERROR] LogOutputStream:75 - [STDERR_REDIRECT] 
2025-03-25 09:20:04,219 [ERROR] LogOutputStream:75 - [STDERR_REDIRECT] [Fatal Error] :1:1: Premature end of file.
2025-03-25 09:20:04,220 [ERROR] LogOutputStream:75 - [STDERR_REDIRECT] 
2025-03-25 09:20:05,215 [ERROR] LogOutputStream:75 - [STDERR_REDIRECT] [Fatal Error] :1:1: Premature end of file.
2025-03-25 09:20:05,216 [ERROR] LogOutputStream:75 - [STDERR_REDIRECT] 
2025-03-25 09:20:06,212 [ERROR] LogOutputStream:75 - [STDERR_REDIRECT] [Fatal Error] :1:1: Premature end of file.
2025-03-25 09:20:06,212 [ERROR] LogOutputStream:75 - [STDERR_REDIRECT] 
2025-03-25 09:20:06,991 [INFO] I2cTimingTraitement:330 - 0x00201D2B
2025-03-25 09:20:07,210 [ERROR] LogOutputStream:75 - [STDERR_REDIRECT] [Fatal Error] :1:1: Premature end of file.
2025-03-25 09:20:07,211 [ERROR] LogOutputStream:75 - [STDERR_REDIRECT] 
2025-03-25 09:20:08,241 [ERROR] LogOutputStream:75 - [STDERR_REDIRECT] [Fatal Error] :1:1: Premature end of file.
2025-03-25 09:20:08,241 [ERROR] LogOutputStream:75 - [STDERR_REDIRECT] 
2025-03-25 09:20:09,219 [ERROR] LogOutputStream:75 - [STDERR_REDIRECT] [Fatal Error] :1:1: Premature end of file.
2025-03-25 09:20:09,219 [ERROR] LogOutputStream:75 - [STDERR_REDIRECT] 
2025-03-25 09:20:10,213 [ERROR] LogOutputStream:75 - [STDERR_REDIRECT] [Fatal Error] :1:1: Premature end of file.
2025-03-25 09:20:10,213 [ERROR] LogOutputStream:75 - [STDERR_REDIRECT] 
2025-03-25 09:20:11,223 [ERROR] LogOutputStream:75 - [STDERR_REDIRECT] [Fatal Error] :1:1: Premature end of file.
2025-03-25 09:20:11,223 [ERROR] LogOutputStream:75 - [STDERR_REDIRECT] 
2025-03-25 09:20:12,222 [ERROR] LogOutputStream:75 - [STDERR_REDIRECT] [Fatal Error] :1:1: Premature end of file.
2025-03-25 09:20:12,222 [ERROR] LogOutputStream:75 - [STDERR_REDIRECT] 
2025-03-25 09:20:13,200 [ERROR] LogOutputStream:75 - [STDERR_REDIRECT] [Fatal Error] :1:1: Premature end of file.
2025-03-25 09:20:13,200 [ERROR] LogOutputStream:75 - [STDERR_REDIRECT] 
2025-03-25 09:20:14,234 [ERROR] LogOutputStream:75 - [STDERR_REDIRECT] [Fatal Error] :1:1: Premature end of file.
2025-03-25 09:20:14,234 [ERROR] LogOutputStream:75 - [STDERR_REDIRECT] 
2025-03-25 09:20:15,195 [ERROR] LogOutputStream:75 - [STDERR_REDIRECT] [Fatal Error] :1:1: Premature end of file.
2025-03-25 09:20:15,195 [ERROR] LogOutputStream:75 - [STDERR_REDIRECT] 
2025-03-25 09:20:16,214 [ERROR] LogOutputStream:75 - [STDERR_REDIRECT] [Fatal Error] :1:1: Premature end of file.
2025-03-25 09:20:16,214 [ERROR] LogOutputStream:75 - [STDERR_REDIRECT] 
2025-03-25 09:20:17,223 [ERROR] LogOutputStream:75 - [STDERR_REDIRECT] [Fatal Error] :1:1: Premature end of file.
2025-03-25 09:20:17,223 [ERROR] LogOutputStream:75 - [STDERR_REDIRECT] 
2025-03-25 09:20:18,221 [ERROR] LogOutputStream:75 - [STDERR_REDIRECT] [Fatal Error] :1:1: Premature end of file.
2025-03-25 09:20:18,221 [ERROR] LogOutputStream:75 - [STDERR_REDIRECT] 
2025-03-25 09:20:19,205 [ERROR] LogOutputStream:75 - [STDERR_REDIRECT] [Fatal Error] :1:1: Premature end of file.
2025-03-25 09:20:19,206 [ERROR] LogOutputStream:75 - [STDERR_REDIRECT] 
2025-03-25 09:20:20,212 [ERROR] LogOutputStream:75 - [STDERR_REDIRECT] [Fatal Error] :1:1: Premature end of file.
2025-03-25 09:20:20,212 [ERROR] LogOutputStream:75 - [STDERR_REDIRECT] 
2025-03-25 09:20:21,211 [ERROR] LogOutputStream:75 - [STDERR_REDIRECT] [Fatal Error] :1:1: Premature end of file.
2025-03-25 09:20:21,211 [ERROR] LogOutputStream:75 - [STDERR_REDIRECT] 
2025-03-25 09:20:22,216 [ERROR] LogOutputStream:75 - [STDERR_REDIRECT] [Fatal Error] :1:1: Premature end of file.
2025-03-25 09:20:22,216 [ERROR] LogOutputStream:75 - [STDERR_REDIRECT] 
2025-03-25 09:20:23,218 [ERROR] LogOutputStream:75 - [STDERR_REDIRECT] [Fatal Error] :1:1: Premature end of file.
2025-03-25 09:20:23,218 [ERROR] LogOutputStream:75 - [STDERR_REDIRECT] 
2025-03-25 09:20:24,184 [ERROR] LogOutputStream:75 - [STDERR_REDIRECT] [Fatal Error] :1:1: Premature end of file.
2025-03-25 09:20:24,184 [ERROR] LogOutputStream:75 - [STDERR_REDIRECT] 
2025-03-25 09:20:25,213 [ERROR] LogOutputStream:75 - [STDERR_REDIRECT] [Fatal Error] :1:1: Premature end of file.
2025-03-25 09:20:25,214 [ERROR] LogOutputStream:75 - [STDERR_REDIRECT] 
2025-03-25 09:20:26,224 [ERROR] LogOutputStream:75 - [STDERR_REDIRECT] [Fatal Error] :1:1: Premature end of file.
2025-03-25 09:20:26,224 [ERROR] LogOutputStream:75 - [STDERR_REDIRECT] 
2025-03-25 09:20:27,217 [ERROR] LogOutputStream:75 - [STDERR_REDIRECT] [Fatal Error] :1:1: Premature end of file.
2025-03-25 09:20:27,217 [ERROR] LogOutputStream:75 - [STDERR_REDIRECT] 
2025-03-25 09:20:28,223 [ERROR] LogOutputStream:75 - [STDERR_REDIRECT] [Fatal Error] :1:1: Premature end of file.
2025-03-25 09:20:28,223 [ERROR] LogOutputStream:75 - [STDERR_REDIRECT] 
2025-03-25 09:20:29,224 [ERROR] LogOutputStream:75 - [STDERR_REDIRECT] [Fatal Error] :1:1: Premature end of file.
2025-03-25 09:20:29,225 [ERROR] LogOutputStream:75 - [STDERR_REDIRECT] 
2025-03-25 09:20:30,219 [ERROR] LogOutputStream:75 - [STDERR_REDIRECT] [Fatal Error] :1:1: Premature end of file.
2025-03-25 09:20:30,219 [ERROR] LogOutputStream:75 - [STDERR_REDIRECT] 
2025-03-25 09:20:31,208 [ERROR] LogOutputStream:75 - [STDERR_REDIRECT] [Fatal Error] :1:1: Premature end of file.
2025-03-25 09:20:31,208 [ERROR] LogOutputStream:75 - [STDERR_REDIRECT] 
2025-03-25 09:20:32,211 [ERROR] LogOutputStream:75 - [STDERR_REDIRECT] [Fatal Error] :1:1: Premature end of file.
2025-03-25 09:20:32,212 [ERROR] LogOutputStream:75 - [STDERR_REDIRECT] 
2025-03-25 09:20:33,188 [ERROR] LogOutputStream:75 - [STDERR_REDIRECT] [Fatal Error] :1:1: Premature end of file.
2025-03-25 09:20:33,188 [ERROR] LogOutputStream:75 - [STDERR_REDIRECT] 
2025-03-25 09:20:34,205 [ERROR] LogOutputStream:75 - [STDERR_REDIRECT] [Fatal Error] :1:1: Premature end of file.
2025-03-25 09:20:34,206 [ERROR] LogOutputStream:75 - [STDERR_REDIRECT] 
2025-03-25 09:20:35,193 [ERROR] LogOutputStream:75 - [STDERR_REDIRECT] [Fatal Error] :1:1: Premature end of file.
2025-03-25 09:20:35,193 [ERROR] LogOutputStream:75 - [STDERR_REDIRECT] 
2025-03-25 09:20:36,187 [ERROR] LogOutputStream:75 - [STDERR_REDIRECT] [Fatal Error] :1:1: Premature end of file.
2025-03-25 09:20:36,187 [ERROR] LogOutputStream:75 - [STDERR_REDIRECT] 
2025-03-25 09:20:37,222 [ERROR] LogOutputStream:75 - [STDERR_REDIRECT] [Fatal Error] :1:1: Premature end of file.
2025-03-25 09:20:37,222 [ERROR] LogOutputStream:75 - [STDERR_REDIRECT] 
2025-03-25 09:20:38,226 [ERROR] LogOutputStream:75 - [STDERR_REDIRECT] [Fatal Error] :1:1: Premature end of file.
2025-03-25 09:20:38,226 [ERROR] LogOutputStream:75 - [STDERR_REDIRECT] 
2025-03-25 09:20:39,250 [ERROR] LogOutputStream:75 - [STDERR_REDIRECT] [Fatal Error] :1:1: Premature end of file.
2025-03-25 09:20:39,250 [ERROR] LogOutputStream:75 - [STDERR_REDIRECT] 
2025-03-25 09:20:40,220 [ERROR] LogOutputStream:75 - [STDERR_REDIRECT] [Fatal Error] :1:1: Premature end of file.
2025-03-25 09:20:40,220 [ERROR] LogOutputStream:75 - [STDERR_REDIRECT] 
2025-03-25 09:20:41,227 [ERROR] LogOutputStream:75 - [STDERR_REDIRECT] [Fatal Error] :1:1: Premature end of file.
2025-03-25 09:20:41,227 [ERROR] LogOutputStream:75 - [STDERR_REDIRECT] 
2025-03-25 09:20:42,217 [ERROR] LogOutputStream:75 - [STDERR_REDIRECT] [Fatal Error] :1:1: Premature end of file.
2025-03-25 09:20:42,218 [ERROR] LogOutputStream:75 - [STDERR_REDIRECT] 
2025-03-25 09:20:43,222 [ERROR] LogOutputStream:75 - [STDERR_REDIRECT] [Fatal Error] :1:1: Premature end of file.
2025-03-25 09:20:43,223 [ERROR] LogOutputStream:75 - [STDERR_REDIRECT] 
2025-03-25 09:20:44,192 [ERROR] LogOutputStream:75 - [STDERR_REDIRECT] [Fatal Error] :1:1: Premature end of file.
2025-03-25 09:20:44,192 [ERROR] LogOutputStream:75 - [STDERR_REDIRECT] 
2025-03-25 09:20:45,186 [ERROR] LogOutputStream:75 - [STDERR_REDIRECT] [Fatal Error] :1:1: Premature end of file.
2025-03-25 09:20:45,186 [ERROR] LogOutputStream:75 - [STDERR_REDIRECT] 
2025-03-25 09:20:46,187 [ERROR] LogOutputStream:75 - [STDERR_REDIRECT] [Fatal Error] :1:1: Premature end of file.
2025-03-25 09:20:46,187 [ERROR] LogOutputStream:75 - [STDERR_REDIRECT] 
2025-03-25 09:20:47,186 [ERROR] LogOutputStream:75 - [STDERR_REDIRECT] [Fatal Error] :1:1: Premature end of file.
2025-03-25 09:20:47,186 [ERROR] LogOutputStream:75 - [STDERR_REDIRECT] 
2025-03-25 09:20:48,192 [ERROR] LogOutputStream:75 - [STDERR_REDIRECT] [Fatal Error] :1:1: Premature end of file.
2025-03-25 09:20:48,192 [ERROR] LogOutputStream:75 - [STDERR_REDIRECT] 
2025-03-25 09:20:49,185 [ERROR] LogOutputStream:75 - [STDERR_REDIRECT] [Fatal Error] :1:1: Premature end of file.
2025-03-25 09:20:49,185 [ERROR] LogOutputStream:75 - [STDERR_REDIRECT] 
2025-03-25 09:20:50,218 [ERROR] LogOutputStream:75 - [STDERR_REDIRECT] [Fatal Error] :1:1: Premature end of file.
2025-03-25 09:20:50,218 [ERROR] LogOutputStream:75 - [STDERR_REDIRECT] 
2025-03-25 09:20:51,218 [ERROR] LogOutputStream:75 - [STDERR_REDIRECT] [Fatal Error] :1:1: Premature end of file.
2025-03-25 09:20:51,219 [ERROR] LogOutputStream:75 - [STDERR_REDIRECT] 
2025-03-25 09:20:52,229 [ERROR] LogOutputStream:75 - [STDERR_REDIRECT] [Fatal Error] :1:1: Premature end of file.
2025-03-25 09:20:52,229 [ERROR] LogOutputStream:75 - [STDERR_REDIRECT] 
2025-03-25 09:20:53,196 [ERROR] LogOutputStream:75 - [STDERR_REDIRECT] [Fatal Error] :1:1: Premature end of file.
2025-03-25 09:20:53,196 [ERROR] LogOutputStream:75 - [STDERR_REDIRECT] 
2025-03-25 09:20:54,207 [ERROR] LogOutputStream:75 - [STDERR_REDIRECT] [Fatal Error] :1:1: Premature end of file.
2025-03-25 09:20:54,208 [ERROR] LogOutputStream:75 - [STDERR_REDIRECT] 
2025-03-25 09:20:55,204 [ERROR] LogOutputStream:75 - [STDERR_REDIRECT] [Fatal Error] :1:1: Premature end of file.
2025-03-25 09:20:55,205 [ERROR] LogOutputStream:75 - [STDERR_REDIRECT] 
2025-03-25 09:20:56,215 [ERROR] LogOutputStream:75 - [STDERR_REDIRECT] [Fatal Error] :1:1: Premature end of file.
2025-03-25 09:20:56,215 [ERROR] LogOutputStream:75 - [STDERR_REDIRECT] 
2025-03-25 09:20:57,217 [ERROR] LogOutputStream:75 - [STDERR_REDIRECT] [Fatal Error] :1:1: Premature end of file.
2025-03-25 09:20:57,218 [ERROR] LogOutputStream:75 - [STDERR_REDIRECT] 
2025-03-25 09:20:58,214 [ERROR] LogOutputStream:75 - [STDERR_REDIRECT] [Fatal Error] :1:1: Premature end of file.
2025-03-25 09:20:58,215 [ERROR] LogOutputStream:75 - [STDERR_REDIRECT] 
2025-03-25 09:20:59,233 [ERROR] LogOutputStream:75 - [STDERR_REDIRECT] [Fatal Error] :1:1: Premature end of file.
2025-03-25 09:20:59,234 [ERROR] LogOutputStream:75 - [STDERR_REDIRECT] 
2025-03-25 09:21:00,221 [ERROR] LogOutputStream:75 - [STDERR_REDIRECT] [Fatal Error] :1:1: Premature end of file.
2025-03-25 09:21:00,221 [ERROR] LogOutputStream:75 - [STDERR_REDIRECT] 
2025-03-25 09:21:01,213 [ERROR] LogOutputStream:75 - [STDERR_REDIRECT] [Fatal Error] :1:1: Premature end of file.
2025-03-25 09:21:01,213 [ERROR] LogOutputStream:75 - [STDERR_REDIRECT] 
2025-03-25 09:21:02,217 [ERROR] LogOutputStream:75 - [STDERR_REDIRECT] [Fatal Error] :1:1: Premature end of file.
2025-03-25 09:21:02,217 [ERROR] LogOutputStream:75 - [STDERR_REDIRECT] 
2025-03-25 09:21:03,222 [ERROR] LogOutputStream:75 - [STDERR_REDIRECT] [Fatal Error] :1:1: Premature end of file.
2025-03-25 09:21:03,222 [ERROR] LogOutputStream:75 - [STDERR_REDIRECT] 
2025-03-25 09:21:04,226 [ERROR] LogOutputStream:75 - [STDERR_REDIRECT] [Fatal Error] :1:1: Premature end of file.
2025-03-25 09:21:04,228 [ERROR] LogOutputStream:75 - [STDERR_REDIRECT] 
2025-03-25 09:21:05,217 [ERROR] LogOutputStream:75 - [STDERR_REDIRECT] [Fatal Error] :1:1: Premature end of file.
2025-03-25 09:21:05,217 [ERROR] LogOutputStream:75 - [STDERR_REDIRECT] 
2025-03-25 09:21:06,226 [ERROR] LogOutputStream:75 - [STDERR_REDIRECT] [Fatal Error] :1:1: Premature end of file.
2025-03-25 09:21:06,226 [ERROR] LogOutputStream:75 - [STDERR_REDIRECT] 
2025-03-25 09:21:07,218 [ERROR] LogOutputStream:75 - [STDERR_REDIRECT] [Fatal Error] :1:1: Premature end of file.
2025-03-25 09:21:07,218 [ERROR] LogOutputStream:75 - [STDERR_REDIRECT] 
2025-03-25 09:21:08,216 [ERROR] LogOutputStream:75 - [STDERR_REDIRECT] [Fatal Error] :1:1: Premature end of file.
2025-03-25 09:21:08,216 [ERROR] LogOutputStream:75 - [STDERR_REDIRECT] 
2025-03-25 09:21:09,220 [ERROR] LogOutputStream:75 - [STDERR_REDIRECT] [Fatal Error] :1:1: Premature end of file.
2025-03-25 09:21:09,220 [ERROR] LogOutputStream:75 - [STDERR_REDIRECT] 
2025-03-25 09:21:10,213 [ERROR] LogOutputStream:75 - [STDERR_REDIRECT] [Fatal Error] :1:1: Premature end of file.
2025-03-25 09:21:10,213 [ERROR] LogOutputStream:75 - [STDERR_REDIRECT] 
2025-03-25 09:21:11,217 [ERROR] LogOutputStream:75 - [STDERR_REDIRECT] [Fatal Error] :1:1: Premature end of file.
2025-03-25 09:21:11,217 [ERROR] LogOutputStream:75 - [STDERR_REDIRECT] 
2025-03-25 09:21:12,226 [ERROR] LogOutputStream:75 - [STDERR_REDIRECT] [Fatal Error] :1:1: Premature end of file.
2025-03-25 09:21:12,226 [ERROR] LogOutputStream:75 - [STDERR_REDIRECT] 
2025-03-25 09:21:13,223 [ERROR] LogOutputStream:75 - [STDERR_REDIRECT] [Fatal Error] :1:1: Premature end of file.
2025-03-25 09:21:13,224 [ERROR] LogOutputStream:75 - [STDERR_REDIRECT] 
2025-03-25 09:21:14,225 [ERROR] LogOutputStream:75 - [STDERR_REDIRECT] [Fatal Error] :1:1: Premature end of file.
2025-03-25 09:21:14,225 [ERROR] LogOutputStream:75 - [STDERR_REDIRECT] 
2025-03-25 09:21:15,219 [ERROR] LogOutputStream:75 - [STDERR_REDIRECT] [Fatal Error] :1:1: Premature end of file.
2025-03-25 09:21:15,219 [ERROR] LogOutputStream:75 - [STDERR_REDIRECT] 
2025-03-25 09:21:16,217 [ERROR] LogOutputStream:75 - [STDERR_REDIRECT] [Fatal Error] :1:1: Premature end of file.
2025-03-25 09:21:16,218 [ERROR] LogOutputStream:75 - [STDERR_REDIRECT] 
2025-03-25 09:21:17,219 [ERROR] LogOutputStream:75 - [STDERR_REDIRECT] [Fatal Error] :1:1: Premature end of file.
2025-03-25 09:21:17,219 [ERROR] LogOutputStream:75 - [STDERR_REDIRECT] 
2025-03-25 09:21:18,223 [ERROR] LogOutputStream:75 - [STDERR_REDIRECT] [Fatal Error] :1:1: Premature end of file.
2025-03-25 09:21:18,223 [ERROR] LogOutputStream:75 - [STDERR_REDIRECT] 
2025-03-25 09:21:19,217 [ERROR] LogOutputStream:75 - [STDERR_REDIRECT] [Fatal Error] :1:1: Premature end of file.
2025-03-25 09:21:19,218 [ERROR] LogOutputStream:75 - [STDERR_REDIRECT] 
2025-03-25 09:21:20,216 [ERROR] LogOutputStream:75 - [STDERR_REDIRECT] [Fatal Error] :1:1: Premature end of file.
2025-03-25 09:21:20,217 [ERROR] LogOutputStream:75 - [STDERR_REDIRECT] 
2025-03-25 09:21:21,215 [ERROR] LogOutputStream:75 - [STDERR_REDIRECT] [Fatal Error] :1:1: Premature end of file.
2025-03-25 09:21:21,215 [ERROR] LogOutputStream:75 - [STDERR_REDIRECT] 
2025-03-25 09:21:22,219 [ERROR] LogOutputStream:75 - [STDERR_REDIRECT] [Fatal Error] :1:1: Premature end of file.
2025-03-25 09:21:22,219 [ERROR] LogOutputStream:75 - [STDERR_REDIRECT] 
2025-03-25 09:21:23,219 [ERROR] LogOutputStream:75 - [STDERR_REDIRECT] [Fatal Error] :1:1: Premature end of file.
2025-03-25 09:21:23,220 [ERROR] LogOutputStream:75 - [STDERR_REDIRECT] 
2025-03-25 09:21:24,209 [INFO] UtilMem:75 - End SaveConfig() Used Memory: 738778704 Bytes (1073741824)
2025-03-25 09:21:24,236 [ERROR] LogOutputStream:75 - [STDERR_REDIRECT] [Fatal Error] :1:1: Premature end of file.
2025-03-25 09:21:24,237 [ERROR] LogOutputStream:75 - [STDERR_REDIRECT] 
2025-03-25 09:21:25,221 [ERROR] LogOutputStream:75 - [STDERR_REDIRECT] [Fatal Error] :1:1: Premature end of file.
2025-03-25 09:21:25,222 [ERROR] LogOutputStream:75 - [STDERR_REDIRECT] 
2025-03-25 09:21:26,267 [ERROR] LogOutputStream:75 - [STDERR_REDIRECT] [Fatal Error] :1:1: Premature end of file.
2025-03-25 09:21:26,269 [ERROR] LogOutputStream:75 - [STDERR_REDIRECT] 
2025-03-25 09:21:26,297 [INFO] UtilMem:75 - End SaveConfig() Used Memory: 762895952 Bytes (1073741824)
2025-03-25 09:21:27,219 [ERROR] LogOutputStream:75 - [STDERR_REDIRECT] [Fatal Error] :1:1: Premature end of file.
2025-03-25 09:21:27,219 [ERROR] LogOutputStream:75 - [STDERR_REDIRECT] 
2025-03-25 09:21:28,215 [ERROR] LogOutputStream:75 - [STDERR_REDIRECT] [Fatal Error] :1:1: Premature end of file.
2025-03-25 09:21:28,216 [ERROR] LogOutputStream:75 - [STDERR_REDIRECT] 
2025-03-25 09:21:29,196 [ERROR] LogOutputStream:75 - [STDERR_REDIRECT] [Fatal Error] :1:1: Premature end of file.
2025-03-25 09:21:29,197 [ERROR] LogOutputStream:75 - [STDERR_REDIRECT] 
2025-03-25 09:21:30,066 [INFO] UtilMem:75 - End SaveConfig() Used Memory: 920704584 Bytes (1073741824)
2025-03-25 09:21:30,205 [ERROR] LogOutputStream:75 - [STDERR_REDIRECT] [Fatal Error] :1:1: Premature end of file.
2025-03-25 09:21:30,206 [ERROR] LogOutputStream:75 - [STDERR_REDIRECT] 
2025-03-25 09:21:30,360 [INFO] BlockDiagram:2775 - set Specific Code input for plugin: SYS
2025-03-25 09:21:30,360 [INFO] BlockDiagram:2775 - set Specific Code input for plugin: RCC
2025-03-25 09:21:30,360 [INFO] BlockDiagram:2775 - set Specific Code input for plugin: I2C
2025-03-25 09:21:30,360 [INFO] BlockDiagram:2775 - set Specific Code input for plugin: NVIC
2025-03-25 09:21:30,360 [INFO] BlockDiagram:2775 - set Specific Code input for plugin: USART
2025-03-25 09:21:30,361 [INFO] BlockDiagram:2775 - set Specific Code input for plugin: GPIO
2025-03-25 09:21:30,361 [INFO] CodeGenerator:882 - code generatio: config db path: C:\ST\STM32CubeIDE_1.17.0\STM32CubeIDE\plugins\com.st.stm32cube.common.mx_6.14.0.202502271554\\db\
2025-03-25 09:21:30,415 [INFO] CodeEngine:263 - oldGeneratedFile, C:\Users\raj\Project\Project\Test\bat\bat\MXTmpFiles\license.tmp_save
2025-03-25 09:21:30,552 [INFO] CodeEngine:287 - Generated code: C:\Users\raj\Project\Project\Test\bat\bat\MXTmpFiles\license.tmp
2025-03-25 09:21:30,592 [INFO] CodeEngine:263 - oldGeneratedFile, C:\Users\raj\Project\Project\Test\bat\bat\MXTmpFiles\gpio.tmp_save
2025-03-25 09:21:30,692 [INFO] CodeEngine:287 - Generated code: C:\Users\raj\Project\Project\Test\bat\bat\MXTmpFiles\gpio.tmp
2025-03-25 09:21:30,818 [INFO] CodeEngine:263 - oldGeneratedFile, C:\Users\raj\Project\Project\Test\bat\bat\Core\Src\stm32f3xx_it.c_save
2025-03-25 09:21:30,879 [INFO] CodeEngine:287 - Generated code: C:\Users\raj\Project\Project\Test\bat\bat\Core\Src\stm32f3xx_it.c
2025-03-25 09:21:30,883 [INFO] CodeEngine:263 - oldGeneratedFile, C:\Users\raj\Project\Project\Test\bat\bat\Core\Inc\stm32f3xx_it.h_save
2025-03-25 09:21:30,933 [INFO] CodeEngine:287 - Generated code: C:\Users\raj\Project\Project\Test\bat\bat\Core\Inc\stm32f3xx_it.h
2025-03-25 09:21:30,957 [INFO] CodeEngine:263 - oldGeneratedFile, C:\Users\raj\Project\Project\Test\bat\bat\Core\Src\stm32f3xx_hal_msp.c_save
2025-03-25 09:21:31,064 [INFO] CodeEngine:287 - Generated code: C:\Users\raj\Project\Project\Test\bat\bat\Core\Src\stm32f3xx_hal_msp.c
2025-03-25 09:21:31,070 [INFO] CodeEngine:263 - oldGeneratedFile, C:\Users\raj\Project\Project\Test\bat\bat\MXTmpFiles\system.tmp_save
2025-03-25 09:21:31,119 [INFO] CodeEngine:287 - Generated code: C:\Users\raj\Project\Project\Test\bat\bat\MXTmpFiles\system.tmp
2025-03-25 09:21:31,146 [INFO] CodeEngine:319 - oldGeneratedFile, C:\Users\raj\Project\Project\Test\bat\bat\Core\Inc\stm32f3xx_hal_conf.h_save
2025-03-25 09:21:31,196 [ERROR] LogOutputStream:75 - [STDERR_REDIRECT] [Fatal Error] :1:1: Premature end of file.
2025-03-25 09:21:31,197 [ERROR] LogOutputStream:75 - [STDERR_REDIRECT] 
2025-03-25 09:21:31,235 [INFO] CodeEngine:343 - Generated code: C:\Users\raj\Project\Project\Test\bat\bat\Core\Inc\stm32f3xx_hal_conf.h
2025-03-25 09:21:31,267 [INFO] ApiDbMcu:508 - Load IP Config File for I2C1
2025-03-25 09:21:31,296 [INFO] CodeEngine:263 - oldGeneratedFile, C:\Users\raj\Project\Project\Test\bat\bat\Core\Inc\main.h_save
2025-03-25 09:21:31,351 [INFO] CodeEngine:287 - Generated code: C:\Users\raj\Project\Project\Test\bat\bat\Core\Inc\main.h
2025-03-25 09:21:31,365 [INFO] CodeEngine:263 - oldGeneratedFile, C:\Users\raj\Project\Project\Test\bat\bat\Core\Src\main.c_save
2025-03-25 09:21:31,467 [INFO] CodeEngine:287 - Generated code: C:\Users\raj\Project\Project\Test\bat\bat\Core\Src\main.c
2025-03-25 09:21:31,692 [INFO] ProjectBuilder:3324 - Time for Copy HAL[1] : 125mS.
2025-03-25 09:21:31,695 [INFO] ProjectBuilder:4912 - Project Generator version: 4.6.0-B36
2025-03-25 09:21:31,743 [INFO] ConfigFileManager:1590 - The Die is : DIE446
2025-03-25 09:21:32,198 [ERROR] LogOutputStream:75 - [STDERR_REDIRECT] [Fatal Error] :1:1: Premature end of file.
2025-03-25 09:21:32,199 [ERROR] LogOutputStream:75 - [STDERR_REDIRECT] 
2025-03-25 09:21:32,763 [INFO] ProjectBuilder:5191 - Time for Generating toolchain IDE Files: 1068mS.
2025-03-25 09:21:32,764 [INFO] ProjectBuilder:3181 - Time for Copy CMSIS : 1mS.
2025-03-25 09:21:32,765 [INFO] ProjectBuilder:3181 - Time for Copy CMSIS : 0mS.
2025-03-25 09:21:33,186 [ERROR] LogOutputStream:75 - [STDERR_REDIRECT] [Fatal Error] :1:1: Premature end of file.
2025-03-25 09:21:33,186 [ERROR] LogOutputStream:75 - [STDERR_REDIRECT] 
2025-03-25 09:21:34,195 [ERROR] LogOutputStream:75 - [STDERR_REDIRECT] [Fatal Error] :1:1: Premature end of file.
2025-03-25 09:21:34,196 [ERROR] LogOutputStream:75 - [STDERR_REDIRECT] 
2025-03-25 09:21:35,209 [ERROR] LogOutputStream:75 - [STDERR_REDIRECT] [Fatal Error] :1:1: Premature end of file.
2025-03-25 09:21:35,209 [ERROR] LogOutputStream:75 - [STDERR_REDIRECT] 
2025-03-25 09:21:36,218 [ERROR] LogOutputStream:75 - [STDERR_REDIRECT] [Fatal Error] :1:1: Premature end of file.
2025-03-25 09:21:36,218 [ERROR] LogOutputStream:75 - [STDERR_REDIRECT] 
2025-03-25 09:21:37,216 [ERROR] LogOutputStream:75 - [STDERR_REDIRECT] [Fatal Error] :1:1: Premature end of file.
2025-03-25 09:21:37,217 [ERROR] LogOutputStream:75 - [STDERR_REDIRECT] 
2025-03-25 09:21:38,216 [ERROR] LogOutputStream:75 - [STDERR_REDIRECT] [Fatal Error] :1:1: Premature end of file.
2025-03-25 09:21:38,217 [ERROR] LogOutputStream:75 - [STDERR_REDIRECT] 
2025-03-25 09:21:39,224 [ERROR] LogOutputStream:75 - [STDERR_REDIRECT] [Fatal Error] :1:1: Premature end of file.
2025-03-25 09:21:39,225 [ERROR] LogOutputStream:75 - [STDERR_REDIRECT] 
2025-03-25 09:21:40,231 [ERROR] LogOutputStream:75 - [STDERR_REDIRECT] [Fatal Error] :1:1: Premature end of file.
2025-03-25 09:21:40,231 [ERROR] LogOutputStream:75 - [STDERR_REDIRECT] 
2025-03-25 09:21:41,217 [ERROR] LogOutputStream:75 - [STDERR_REDIRECT] [Fatal Error] :1:1: Premature end of file.
2025-03-25 09:21:41,217 [ERROR] LogOutputStream:75 - [STDERR_REDIRECT] 
2025-03-25 09:21:42,223 [ERROR] LogOutputStream:75 - [STDERR_REDIRECT] [Fatal Error] :1:1: Premature end of file.
2025-03-25 09:21:42,223 [ERROR] LogOutputStream:75 - [STDERR_REDIRECT] 
2025-03-25 09:21:43,221 [ERROR] LogOutputStream:75 - [STDERR_REDIRECT] [Fatal Error] :1:1: Premature end of file.
2025-03-25 09:21:43,221 [ERROR] LogOutputStream:75 - [STDERR_REDIRECT] 
2025-03-25 09:21:44,215 [ERROR] LogOutputStream:75 - [STDERR_REDIRECT] [Fatal Error] :1:1: Premature end of file.
2025-03-25 09:21:44,216 [ERROR] LogOutputStream:75 - [STDERR_REDIRECT] 
2025-03-25 09:21:45,192 [ERROR] LogOutputStream:75 - [STDERR_REDIRECT] [Fatal Error] :1:1: Premature end of file.
2025-03-25 09:21:45,192 [ERROR] LogOutputStream:75 - [STDERR_REDIRECT] 
2025-03-25 09:21:46,190 [ERROR] LogOutputStream:75 - [STDERR_REDIRECT] [Fatal Error] :1:1: Premature end of file.
2025-03-25 09:21:46,190 [ERROR] LogOutputStream:75 - [STDERR_REDIRECT] 
2025-03-25 09:21:47,225 [ERROR] LogOutputStream:75 - [STDERR_REDIRECT] [Fatal Error] :1:1: Premature end of file.
2025-03-25 09:21:47,226 [ERROR] LogOutputStream:75 - [STDERR_REDIRECT] 
2025-03-25 09:21:48,219 [ERROR] LogOutputStream:75 - [STDERR_REDIRECT] [Fatal Error] :1:1: Premature end of file.
2025-03-25 09:21:48,219 [ERROR] LogOutputStream:75 - [STDERR_REDIRECT] 
2025-03-25 09:21:49,237 [ERROR] LogOutputStream:75 - [STDERR_REDIRECT] [Fatal Error] :1:1: Premature end of file.
2025-03-25 09:21:49,238 [ERROR] LogOutputStream:75 - [STDERR_REDIRECT] 
2025-03-25 09:21:50,225 [ERROR] LogOutputStream:75 - [STDERR_REDIRECT] [Fatal Error] :1:1: Premature end of file.
2025-03-25 09:21:50,225 [ERROR] LogOutputStream:75 - [STDERR_REDIRECT] 
2025-03-25 09:21:51,214 [ERROR] LogOutputStream:75 - [STDERR_REDIRECT] [Fatal Error] :1:1: Premature end of file.
2025-03-25 09:21:51,215 [ERROR] LogOutputStream:75 - [STDERR_REDIRECT] 
2025-03-25 09:21:52,223 [ERROR] LogOutputStream:75 - [STDERR_REDIRECT] [Fatal Error] :1:1: Premature end of file.
2025-03-25 09:21:52,223 [ERROR] LogOutputStream:75 - [STDERR_REDIRECT] 
2025-03-25 09:21:53,226 [ERROR] LogOutputStream:75 - [STDERR_REDIRECT] [Fatal Error] :1:1: Premature end of file.
2025-03-25 09:21:53,226 [ERROR] LogOutputStream:75 - [STDERR_REDIRECT] 
2025-03-25 09:21:54,222 [ERROR] LogOutputStream:75 - [STDERR_REDIRECT] [Fatal Error] :1:1: Premature end of file.
2025-03-25 09:21:54,222 [ERROR] LogOutputStream:75 - [STDERR_REDIRECT] 
2025-03-25 09:21:55,245 [ERROR] LogOutputStream:75 - [STDERR_REDIRECT] [Fatal Error] :1:1: Premature end of file.
2025-03-25 09:21:55,246 [ERROR] LogOutputStream:75 - [STDERR_REDIRECT] 
2025-03-25 09:21:56,207 [ERROR] LogOutputStream:75 - [STDERR_REDIRECT] [Fatal Error] :1:1: Premature end of file.
2025-03-25 09:21:56,207 [ERROR] LogOutputStream:75 - [STDERR_REDIRECT] 
2025-03-25 09:21:57,199 [ERROR] LogOutputStream:75 - [STDERR_REDIRECT] [Fatal Error] :1:1: Premature end of file.
2025-03-25 09:21:57,199 [ERROR] LogOutputStream:75 - [STDERR_REDIRECT] 
2025-03-25 09:21:58,178 [ERROR] LogOutputStream:75 - [STDERR_REDIRECT] [Fatal Error] :1:1: Premature end of file.
2025-03-25 09:21:58,178 [ERROR] LogOutputStream:75 - [STDERR_REDIRECT] 
2025-03-25 09:21:59,217 [ERROR] LogOutputStream:75 - [STDERR_REDIRECT] [Fatal Error] :1:1: Premature end of file.
2025-03-25 09:21:59,217 [ERROR] LogOutputStream:75 - [STDERR_REDIRECT] 
2025-03-25 09:22:00,224 [ERROR] LogOutputStream:75 - [STDERR_REDIRECT] [Fatal Error] :1:1: Premature end of file.
2025-03-25 09:22:00,224 [ERROR] LogOutputStream:75 - [STDERR_REDIRECT] 
2025-03-25 09:22:01,217 [ERROR] LogOutputStream:75 - [STDERR_REDIRECT] [Fatal Error] :1:1: Premature end of file.
2025-03-25 09:22:01,217 [ERROR] LogOutputStream:75 - [STDERR_REDIRECT] 
2025-03-25 09:22:02,222 [ERROR] LogOutputStream:75 - [STDERR_REDIRECT] [Fatal Error] :1:1: Premature end of file.
2025-03-25 09:22:02,222 [ERROR] LogOutputStream:75 - [STDERR_REDIRECT] 
2025-03-25 09:22:03,218 [ERROR] LogOutputStream:75 - [STDERR_REDIRECT] [Fatal Error] :1:1: Premature end of file.
2025-03-25 09:22:03,219 [ERROR] LogOutputStream:75 - [STDERR_REDIRECT] 
2025-03-25 09:22:04,224 [ERROR] LogOutputStream:75 - [STDERR_REDIRECT] [Fatal Error] :1:1: Premature end of file.
2025-03-25 09:22:04,224 [ERROR] LogOutputStream:75 - [STDERR_REDIRECT] 
2025-03-25 09:22:05,220 [ERROR] LogOutputStream:75 - [STDERR_REDIRECT] [Fatal Error] :1:1: Premature end of file.
2025-03-25 09:22:05,220 [ERROR] LogOutputStream:75 - [STDERR_REDIRECT] 
2025-03-25 09:22:06,215 [ERROR] LogOutputStream:75 - [STDERR_REDIRECT] [Fatal Error] :1:1: Premature end of file.
2025-03-25 09:22:06,215 [ERROR] LogOutputStream:75 - [STDERR_REDIRECT] 
2025-03-25 09:22:07,216 [ERROR] LogOutputStream:75 - [STDERR_REDIRECT] [Fatal Error] :1:1: Premature end of file.
2025-03-25 09:22:07,216 [ERROR] LogOutputStream:75 - [STDERR_REDIRECT] 
2025-03-25 09:22:08,214 [ERROR] LogOutputStream:75 - [STDERR_REDIRECT] [Fatal Error] :1:1: Premature end of file.
2025-03-25 09:22:08,214 [ERROR] LogOutputStream:75 - [STDERR_REDIRECT] 
2025-03-25 09:22:09,223 [ERROR] LogOutputStream:75 - [STDERR_REDIRECT] [Fatal Error] :1:1: Premature end of file.
2025-03-25 09:22:09,223 [ERROR] LogOutputStream:75 - [STDERR_REDIRECT] 
2025-03-25 09:22:10,216 [ERROR] LogOutputStream:75 - [STDERR_REDIRECT] [Fatal Error] :1:1: Premature end of file.
2025-03-25 09:22:10,217 [ERROR] LogOutputStream:75 - [STDERR_REDIRECT] 
2025-03-25 09:22:11,226 [ERROR] LogOutputStream:75 - [STDERR_REDIRECT] [Fatal Error] :1:1: Premature end of file.
2025-03-25 09:22:11,226 [ERROR] LogOutputStream:75 - [STDERR_REDIRECT] 
2025-03-25 09:22:12,224 [ERROR] LogOutputStream:75 - [STDERR_REDIRECT] [Fatal Error] :1:1: Premature end of file.
2025-03-25 09:22:12,225 [ERROR] LogOutputStream:75 - [STDERR_REDIRECT] 
2025-03-25 09:22:13,215 [ERROR] LogOutputStream:75 - [STDERR_REDIRECT] [Fatal Error] :1:1: Premature end of file.
2025-03-25 09:22:13,215 [ERROR] LogOutputStream:75 - [STDERR_REDIRECT] 
2025-03-25 09:22:14,219 [ERROR] LogOutputStream:75 - [STDERR_REDIRECT] [Fatal Error] :1:1: Premature end of file.
2025-03-25 09:22:14,220 [ERROR] LogOutputStream:75 - [STDERR_REDIRECT] 
2025-03-25 09:22:15,228 [ERROR] LogOutputStream:75 - [STDERR_REDIRECT] [Fatal Error] :1:1: Premature end of file.
2025-03-25 09:22:15,229 [ERROR] LogOutputStream:75 - [STDERR_REDIRECT] 
2025-03-25 09:22:16,192 [ERROR] LogOutputStream:75 - [STDERR_REDIRECT] [Fatal Error] :1:1: Premature end of file.
2025-03-25 09:22:16,192 [ERROR] LogOutputStream:75 - [STDERR_REDIRECT] 
2025-03-25 09:22:17,248 [ERROR] LogOutputStream:75 - [STDERR_REDIRECT] [Fatal Error] :1:1: Premature end of file.
2025-03-25 09:22:17,248 [ERROR] LogOutputStream:75 - [STDERR_REDIRECT] 
2025-03-25 09:22:18,217 [ERROR] LogOutputStream:75 - [STDERR_REDIRECT] [Fatal Error] :1:1: Premature end of file.
2025-03-25 09:22:18,217 [ERROR] LogOutputStream:75 - [STDERR_REDIRECT] 
2025-03-25 09:22:19,214 [ERROR] LogOutputStream:75 - [STDERR_REDIRECT] [Fatal Error] :1:1: Premature end of file.
2025-03-25 09:22:19,214 [ERROR] LogOutputStream:75 - [STDERR_REDIRECT] 
2025-03-25 09:22:20,221 [ERROR] LogOutputStream:75 - [STDERR_REDIRECT] [Fatal Error] :1:1: Premature end of file.
2025-03-25 09:22:20,221 [ERROR] LogOutputStream:75 - [STDERR_REDIRECT] 
2025-03-25 09:22:21,223 [ERROR] LogOutputStream:75 - [STDERR_REDIRECT] [Fatal Error] :1:1: Premature end of file.
2025-03-25 09:22:21,223 [ERROR] LogOutputStream:75 - [STDERR_REDIRECT] 
2025-03-25 09:22:22,216 [ERROR] LogOutputStream:75 - [STDERR_REDIRECT] [Fatal Error] :1:1: Premature end of file.
2025-03-25 09:22:22,216 [ERROR] LogOutputStream:75 - [STDERR_REDIRECT] 
2025-03-25 09:22:23,221 [ERROR] LogOutputStream:75 - [STDERR_REDIRECT] [Fatal Error] :1:1: Premature end of file.
2025-03-25 09:22:23,221 [ERROR] LogOutputStream:75 - [STDERR_REDIRECT] 
2025-03-25 09:22:24,219 [ERROR] LogOutputStream:75 - [STDERR_REDIRECT] [Fatal Error] :1:1: Premature end of file.
2025-03-25 09:22:24,219 [ERROR] LogOutputStream:75 - [STDERR_REDIRECT] 
2025-03-25 09:22:25,216 [ERROR] LogOutputStream:75 - [STDERR_REDIRECT] [Fatal Error] :1:1: Premature end of file.
2025-03-25 09:22:25,217 [ERROR] LogOutputStream:75 - [STDERR_REDIRECT] 
2025-03-25 09:22:26,214 [ERROR] LogOutputStream:75 - [STDERR_REDIRECT] [Fatal Error] :1:1: Premature end of file.
2025-03-25 09:22:26,215 [ERROR] LogOutputStream:75 - [STDERR_REDIRECT] 
2025-03-25 09:22:27,219 [ERROR] LogOutputStream:75 - [STDERR_REDIRECT] [Fatal Error] :1:1: Premature end of file.
2025-03-25 09:22:27,219 [ERROR] LogOutputStream:75 - [STDERR_REDIRECT] 
2025-03-25 09:22:28,226 [ERROR] LogOutputStream:75 - [STDERR_REDIRECT] [Fatal Error] :1:1: Premature end of file.
2025-03-25 09:22:28,226 [ERROR] LogOutputStream:75 - [STDERR_REDIRECT] 
2025-03-25 09:22:29,214 [ERROR] LogOutputStream:75 - [STDERR_REDIRECT] [Fatal Error] :1:1: Premature end of file.
2025-03-25 09:22:29,214 [ERROR] LogOutputStream:75 - [STDERR_REDIRECT] 
2025-03-25 09:22:30,221 [ERROR] LogOutputStream:75 - [STDERR_REDIRECT] [Fatal Error] :1:1: Premature end of file.
2025-03-25 09:22:30,221 [ERROR] LogOutputStream:75 - [STDERR_REDIRECT] 
2025-03-25 09:22:31,228 [ERROR] LogOutputStream:75 - [STDERR_REDIRECT] [Fatal Error] :1:1: Premature end of file.
2025-03-25 09:22:31,228 [ERROR] LogOutputStream:75 - [STDERR_REDIRECT] 
2025-03-25 09:22:32,213 [ERROR] LogOutputStream:75 - [STDERR_REDIRECT] [Fatal Error] :1:1: Premature end of file.
2025-03-25 09:22:32,214 [ERROR] LogOutputStream:75 - [STDERR_REDIRECT] 
2025-03-25 09:22:33,219 [ERROR] LogOutputStream:75 - [STDERR_REDIRECT] [Fatal Error] :1:1: Premature end of file.
2025-03-25 09:22:33,219 [ERROR] LogOutputStream:75 - [STDERR_REDIRECT] 
2025-03-25 09:22:34,230 [ERROR] LogOutputStream:75 - [STDERR_REDIRECT] [Fatal Error] :1:1: Premature end of file.
2025-03-25 09:22:34,230 [ERROR] LogOutputStream:75 - [STDERR_REDIRECT] 
2025-03-25 09:22:35,215 [ERROR] LogOutputStream:75 - [STDERR_REDIRECT] [Fatal Error] :1:1: Premature end of file.
2025-03-25 09:22:35,215 [ERROR] LogOutputStream:75 - [STDERR_REDIRECT] 
2025-03-25 09:22:36,213 [ERROR] LogOutputStream:75 - [STDERR_REDIRECT] [Fatal Error] :1:1: Premature end of file.
2025-03-25 09:22:36,213 [ERROR] LogOutputStream:75 - [STDERR_REDIRECT] 
2025-03-25 09:22:37,204 [ERROR] LogOutputStream:75 - [STDERR_REDIRECT] [Fatal Error] :1:1: Premature end of file.
2025-03-25 09:22:37,205 [ERROR] LogOutputStream:75 - [STDERR_REDIRECT] 
2025-03-25 09:22:38,218 [ERROR] LogOutputStream:75 - [STDERR_REDIRECT] [Fatal Error] :1:1: Premature end of file.
2025-03-25 09:22:38,218 [ERROR] LogOutputStream:75 - [STDERR_REDIRECT] 
2025-03-25 09:22:39,216 [ERROR] LogOutputStream:75 - [STDERR_REDIRECT] [Fatal Error] :1:1: Premature end of file.
2025-03-25 09:22:39,217 [ERROR] LogOutputStream:75 - [STDERR_REDIRECT] 
2025-03-25 09:22:40,238 [ERROR] LogOutputStream:75 - [STDERR_REDIRECT] [Fatal Error] :1:1: Premature end of file.
2025-03-25 09:22:40,238 [ERROR] LogOutputStream:75 - [STDERR_REDIRECT] 
2025-03-25 09:22:41,224 [ERROR] LogOutputStream:75 - [STDERR_REDIRECT] [Fatal Error] :1:1: Premature end of file.
2025-03-25 09:22:41,224 [ERROR] LogOutputStream:75 - [STDERR_REDIRECT] 
2025-03-25 09:22:42,220 [ERROR] LogOutputStream:75 - [STDERR_REDIRECT] [Fatal Error] :1:1: Premature end of file.
2025-03-25 09:22:42,220 [ERROR] LogOutputStream:75 - [STDERR_REDIRECT] 
2025-03-25 09:22:43,212 [ERROR] LogOutputStream:75 - [STDERR_REDIRECT] [Fatal Error] :1:1: Premature end of file.
2025-03-25 09:22:43,213 [ERROR] LogOutputStream:75 - [STDERR_REDIRECT] 
2025-03-25 09:22:44,214 [ERROR] LogOutputStream:75 - [STDERR_REDIRECT] [Fatal Error] :1:1: Premature end of file.
2025-03-25 09:22:44,214 [ERROR] LogOutputStream:75 - [STDERR_REDIRECT] 
2025-03-25 09:22:45,217 [ERROR] LogOutputStream:75 - [STDERR_REDIRECT] [Fatal Error] :1:1: Premature end of file.
2025-03-25 09:22:45,217 [ERROR] LogOutputStream:75 - [STDERR_REDIRECT] 
2025-03-25 09:22:46,219 [ERROR] LogOutputStream:75 - [STDERR_REDIRECT] [Fatal Error] :1:1: Premature end of file.
2025-03-25 09:22:46,219 [ERROR] LogOutputStream:75 - [STDERR_REDIRECT] 
2025-03-25 09:22:47,217 [ERROR] LogOutputStream:75 - [STDERR_REDIRECT] [Fatal Error] :1:1: Premature end of file.
2025-03-25 09:22:47,218 [ERROR] LogOutputStream:75 - [STDERR_REDIRECT] 
2025-03-25 09:22:48,217 [ERROR] LogOutputStream:75 - [STDERR_REDIRECT] [Fatal Error] :1:1: Premature end of file.
2025-03-25 09:22:48,217 [ERROR] LogOutputStream:75 - [STDERR_REDIRECT] 
2025-03-25 09:22:49,217 [ERROR] LogOutputStream:75 - [STDERR_REDIRECT] [Fatal Error] :1:1: Premature end of file.
2025-03-25 09:22:49,218 [ERROR] LogOutputStream:75 - [STDERR_REDIRECT] 
2025-03-25 09:22:50,213 [ERROR] LogOutputStream:75 - [STDERR_REDIRECT] [Fatal Error] :1:1: Premature end of file.
2025-03-25 09:22:50,214 [ERROR] LogOutputStream:75 - [STDERR_REDIRECT] 
2025-03-25 09:22:51,216 [ERROR] LogOutputStream:75 - [STDERR_REDIRECT] [Fatal Error] :1:1: Premature end of file.
2025-03-25 09:22:51,217 [ERROR] LogOutputStream:75 - [STDERR_REDIRECT] 
2025-03-25 09:22:52,215 [ERROR] LogOutputStream:75 - [STDERR_REDIRECT] [Fatal Error] :1:1: Premature end of file.
2025-03-25 09:22:52,215 [ERROR] LogOutputStream:75 - [STDERR_REDIRECT] 
2025-03-25 09:22:53,202 [ERROR] LogOutputStream:75 - [STDERR_REDIRECT] [Fatal Error] :1:1: Premature end of file.
2025-03-25 09:22:53,202 [ERROR] LogOutputStream:75 - [STDERR_REDIRECT] 
2025-03-25 09:22:54,220 [ERROR] LogOutputStream:75 - [STDERR_REDIRECT] [Fatal Error] :1:1: Premature end of file.
2025-03-25 09:22:54,221 [ERROR] LogOutputStream:75 - [STDERR_REDIRECT] 
2025-03-25 09:22:55,217 [ERROR] LogOutputStream:75 - [STDERR_REDIRECT] [Fatal Error] :1:1: Premature end of file.
2025-03-25 09:22:55,218 [ERROR] LogOutputStream:75 - [STDERR_REDIRECT] 
2025-03-25 09:22:56,220 [ERROR] LogOutputStream:75 - [STDERR_REDIRECT] [Fatal Error] :1:1: Premature end of file.
2025-03-25 09:22:56,221 [ERROR] LogOutputStream:75 - [STDERR_REDIRECT] 
2025-03-25 09:22:57,209 [ERROR] LogOutputStream:75 - [STDERR_REDIRECT] [Fatal Error] :1:1: Premature end of file.
2025-03-25 09:22:57,209 [ERROR] LogOutputStream:75 - [STDERR_REDIRECT] 
2025-03-25 09:22:58,244 [ERROR] LogOutputStream:75 - [STDERR_REDIRECT] [Fatal Error] :1:1: Premature end of file.
2025-03-25 09:22:58,244 [ERROR] LogOutputStream:75 - [STDERR_REDIRECT] 
2025-03-25 09:22:59,211 [ERROR] LogOutputStream:75 - [STDERR_REDIRECT] [Fatal Error] :1:1: Premature end of file.
2025-03-25 09:22:59,211 [ERROR] LogOutputStream:75 - [STDERR_REDIRECT] 
2025-03-25 09:23:00,217 [ERROR] LogOutputStream:75 - [STDERR_REDIRECT] [Fatal Error] :1:1: Premature end of file.
2025-03-25 09:23:00,218 [ERROR] LogOutputStream:75 - [STDERR_REDIRECT] 
2025-03-25 09:23:01,189 [ERROR] LogOutputStream:75 - [STDERR_REDIRECT] [Fatal Error] :1:1: Premature end of file.
2025-03-25 09:23:01,189 [ERROR] LogOutputStream:75 - [STDERR_REDIRECT] 
2025-03-25 09:23:02,200 [ERROR] LogOutputStream:75 - [STDERR_REDIRECT] [Fatal Error] :1:1: Premature end of file.
2025-03-25 09:23:02,200 [ERROR] LogOutputStream:75 - [STDERR_REDIRECT] 
2025-03-25 09:23:03,255 [ERROR] LogOutputStream:75 - [STDERR_REDIRECT] [Fatal Error] :1:1: Premature end of file.
2025-03-25 09:23:03,256 [ERROR] LogOutputStream:75 - [STDERR_REDIRECT] 
2025-03-25 09:23:04,224 [ERROR] LogOutputStream:75 - [STDERR_REDIRECT] [Fatal Error] :1:1: Premature end of file.
2025-03-25 09:23:04,225 [ERROR] LogOutputStream:75 - [STDERR_REDIRECT] 
2025-03-25 09:23:05,218 [ERROR] LogOutputStream:75 - [STDERR_REDIRECT] [Fatal Error] :1:1: Premature end of file.
2025-03-25 09:23:05,219 [ERROR] LogOutputStream:75 - [STDERR_REDIRECT] 
2025-03-25 09:23:06,243 [ERROR] LogOutputStream:75 - [STDERR_REDIRECT] [Fatal Error] :1:1: Premature end of file.
2025-03-25 09:23:06,243 [ERROR] LogOutputStream:75 - [STDERR_REDIRECT] 
2025-03-25 09:23:07,217 [ERROR] LogOutputStream:75 - [STDERR_REDIRECT] [Fatal Error] :1:1: Premature end of file.
2025-03-25 09:23:07,218 [ERROR] LogOutputStream:75 - [STDERR_REDIRECT] 
2025-03-25 09:23:08,218 [ERROR] LogOutputStream:75 - [STDERR_REDIRECT] [Fatal Error] :1:1: Premature end of file.
2025-03-25 09:23:08,218 [ERROR] LogOutputStream:75 - [STDERR_REDIRECT] 
2025-03-25 09:23:09,215 [ERROR] LogOutputStream:75 - [STDERR_REDIRECT] [Fatal Error] :1:1: Premature end of file.
2025-03-25 09:23:09,215 [ERROR] LogOutputStream:75 - [STDERR_REDIRECT] 
2025-03-25 09:23:10,217 [ERROR] LogOutputStream:75 - [STDERR_REDIRECT] [Fatal Error] :1:1: Premature end of file.
2025-03-25 09:23:10,217 [ERROR] LogOutputStream:75 - [STDERR_REDIRECT] 
2025-03-25 09:23:11,217 [ERROR] LogOutputStream:75 - [STDERR_REDIRECT] [Fatal Error] :1:1: Premature end of file.
2025-03-25 09:23:11,217 [ERROR] LogOutputStream:75 - [STDERR_REDIRECT] 
2025-03-25 09:23:12,212 [ERROR] LogOutputStream:75 - [STDERR_REDIRECT] [Fatal Error] :1:1: Premature end of file.
2025-03-25 09:23:12,212 [ERROR] LogOutputStream:75 - [STDERR_REDIRECT] 
2025-03-25 09:23:13,226 [ERROR] LogOutputStream:75 - [STDERR_REDIRECT] [Fatal Error] :1:1: Premature end of file.
2025-03-25 09:23:13,226 [ERROR] LogOutputStream:75 - [STDERR_REDIRECT] 
2025-03-25 09:23:14,194 [ERROR] LogOutputStream:75 - [STDERR_REDIRECT] [Fatal Error] :1:1: Premature end of file.
2025-03-25 09:23:14,194 [ERROR] LogOutputStream:75 - [STDERR_REDIRECT] 
2025-03-25 09:23:15,220 [ERROR] LogOutputStream:75 - [STDERR_REDIRECT] [Fatal Error] :1:1: Premature end of file.
2025-03-25 09:23:15,220 [ERROR] LogOutputStream:75 - [STDERR_REDIRECT] 
2025-03-25 09:23:16,218 [ERROR] LogOutputStream:75 - [STDERR_REDIRECT] [Fatal Error] :1:1: Premature end of file.
2025-03-25 09:23:16,218 [ERROR] LogOutputStream:75 - [STDERR_REDIRECT] 
2025-03-25 09:23:17,209 [ERROR] LogOutputStream:75 - [STDERR_REDIRECT] [Fatal Error] :1:1: Premature end of file.
2025-03-25 09:23:17,210 [ERROR] LogOutputStream:75 - [STDERR_REDIRECT] 
2025-03-25 09:23:18,220 [ERROR] LogOutputStream:75 - [STDERR_REDIRECT] [Fatal Error] :1:1: Premature end of file.
2025-03-25 09:23:18,220 [ERROR] LogOutputStream:75 - [STDERR_REDIRECT] 
2025-03-25 09:23:19,221 [ERROR] LogOutputStream:75 - [STDERR_REDIRECT] [Fatal Error] :1:1: Premature end of file.
2025-03-25 09:23:19,221 [ERROR] LogOutputStream:75 - [STDERR_REDIRECT] 
2025-03-25 09:23:20,222 [ERROR] LogOutputStream:75 - [STDERR_REDIRECT] [Fatal Error] :1:1: Premature end of file.
2025-03-25 09:23:20,222 [ERROR] LogOutputStream:75 - [STDERR_REDIRECT] 
2025-03-25 09:23:21,227 [ERROR] LogOutputStream:75 - [STDERR_REDIRECT] [Fatal Error] :1:1: Premature end of file.
2025-03-25 09:23:21,227 [ERROR] LogOutputStream:75 - [STDERR_REDIRECT] 
2025-03-25 09:23:22,221 [ERROR] LogOutputStream:75 - [STDERR_REDIRECT] [Fatal Error] :1:1: Premature end of file.
2025-03-25 09:23:22,221 [ERROR] LogOutputStream:75 - [STDERR_REDIRECT] 
2025-03-25 09:23:23,214 [ERROR] LogOutputStream:75 - [STDERR_REDIRECT] [Fatal Error] :1:1: Premature end of file.
2025-03-25 09:23:23,214 [ERROR] LogOutputStream:75 - [STDERR_REDIRECT] 
2025-03-25 09:23:24,215 [ERROR] LogOutputStream:75 - [STDERR_REDIRECT] [Fatal Error] :1:1: Premature end of file.
2025-03-25 09:23:24,216 [ERROR] LogOutputStream:75 - [STDERR_REDIRECT] 
2025-03-25 09:23:25,220 [ERROR] LogOutputStream:75 - [STDERR_REDIRECT] [Fatal Error] :1:1: Premature end of file.
2025-03-25 09:23:25,221 [ERROR] LogOutputStream:75 - [STDERR_REDIRECT] 
2025-03-25 09:23:26,187 [ERROR] LogOutputStream:75 - [STDERR_REDIRECT] [Fatal Error] :1:1: Premature end of file.
2025-03-25 09:23:26,187 [ERROR] LogOutputStream:75 - [STDERR_REDIRECT] 
2025-03-25 09:23:27,219 [ERROR] LogOutputStream:75 - [STDERR_REDIRECT] [Fatal Error] :1:1: Premature end of file.
2025-03-25 09:23:27,219 [ERROR] LogOutputStream:75 - [STDERR_REDIRECT] 
2025-03-25 09:23:28,214 [ERROR] LogOutputStream:75 - [STDERR_REDIRECT] [Fatal Error] :1:1: Premature end of file.
2025-03-25 09:23:28,214 [ERROR] LogOutputStream:75 - [STDERR_REDIRECT] 
2025-03-25 09:23:29,218 [ERROR] LogOutputStream:75 - [STDERR_REDIRECT] [Fatal Error] :1:1: Premature end of file.
2025-03-25 09:23:29,218 [ERROR] LogOutputStream:75 - [STDERR_REDIRECT] 
2025-03-25 09:23:30,218 [ERROR] LogOutputStream:75 - [STDERR_REDIRECT] [Fatal Error] :1:1: Premature end of file.
2025-03-25 09:23:30,218 [ERROR] LogOutputStream:75 - [STDERR_REDIRECT] 
2025-03-25 09:23:31,212 [ERROR] LogOutputStream:75 - [STDERR_REDIRECT] [Fatal Error] :1:1: Premature end of file.
2025-03-25 09:23:31,212 [ERROR] LogOutputStream:75 - [STDERR_REDIRECT] 
2025-03-25 09:23:32,217 [ERROR] LogOutputStream:75 - [STDERR_REDIRECT] [Fatal Error] :1:1: Premature end of file.
2025-03-25 09:23:32,217 [ERROR] LogOutputStream:75 - [STDERR_REDIRECT] 
2025-03-25 09:23:33,218 [ERROR] LogOutputStream:75 - [STDERR_REDIRECT] [Fatal Error] :1:1: Premature end of file.
2025-03-25 09:23:33,218 [ERROR] LogOutputStream:75 - [STDERR_REDIRECT] 
2025-03-25 09:23:34,220 [ERROR] LogOutputStream:75 - [STDERR_REDIRECT] [Fatal Error] :1:1: Premature end of file.
2025-03-25 09:23:34,220 [ERROR] LogOutputStream:75 - [STDERR_REDIRECT] 
2025-03-25 09:23:35,218 [ERROR] LogOutputStream:75 - [STDERR_REDIRECT] [Fatal Error] :1:1: Premature end of file.
2025-03-25 09:23:35,218 [ERROR] LogOutputStream:75 - [STDERR_REDIRECT] 
2025-03-25 09:23:36,211 [ERROR] LogOutputStream:75 - [STDERR_REDIRECT] [Fatal Error] :1:1: Premature end of file.
2025-03-25 09:23:36,211 [ERROR] LogOutputStream:75 - [STDERR_REDIRECT] 
2025-03-25 09:23:37,218 [ERROR] LogOutputStream:75 - [STDERR_REDIRECT] [Fatal Error] :1:1: Premature end of file.
2025-03-25 09:23:37,218 [ERROR] LogOutputStream:75 - [STDERR_REDIRECT] 
2025-03-25 09:23:38,219 [ERROR] LogOutputStream:75 - [STDERR_REDIRECT] [Fatal Error] :1:1: Premature end of file.
2025-03-25 09:23:38,219 [ERROR] LogOutputStream:75 - [STDERR_REDIRECT] 
2025-03-25 09:23:39,215 [ERROR] LogOutputStream:75 - [STDERR_REDIRECT] [Fatal Error] :1:1: Premature end of file.
2025-03-25 09:23:39,215 [ERROR] LogOutputStream:75 - [STDERR_REDIRECT] 
2025-03-25 09:23:40,215 [ERROR] LogOutputStream:75 - [STDERR_REDIRECT] [Fatal Error] :1:1: Premature end of file.
2025-03-25 09:23:40,215 [ERROR] LogOutputStream:75 - [STDERR_REDIRECT] 
2025-03-25 09:23:41,214 [ERROR] LogOutputStream:75 - [STDERR_REDIRECT] [Fatal Error] :1:1: Premature end of file.
2025-03-25 09:23:41,215 [ERROR] LogOutputStream:75 - [STDERR_REDIRECT] 
2025-03-25 09:23:42,212 [ERROR] LogOutputStream:75 - [STDERR_REDIRECT] [Fatal Error] :1:1: Premature end of file.
2025-03-25 09:23:42,212 [ERROR] LogOutputStream:75 - [STDERR_REDIRECT] 
2025-03-25 09:23:43,213 [ERROR] LogOutputStream:75 - [STDERR_REDIRECT] [Fatal Error] :1:1: Premature end of file.
2025-03-25 09:23:43,213 [ERROR] LogOutputStream:75 - [STDERR_REDIRECT] 
2025-03-25 09:23:44,216 [ERROR] LogOutputStream:75 - [STDERR_REDIRECT] [Fatal Error] :1:1: Premature end of file.
2025-03-25 09:23:44,217 [ERROR] LogOutputStream:75 - [STDERR_REDIRECT] 
2025-03-25 09:23:45,217 [ERROR] LogOutputStream:75 - [STDERR_REDIRECT] [Fatal Error] :1:1: Premature end of file.
2025-03-25 09:23:45,217 [ERROR] LogOutputStream:75 - [STDERR_REDIRECT] 
2025-03-25 09:23:46,220 [ERROR] LogOutputStream:75 - [STDERR_REDIRECT] [Fatal Error] :1:1: Premature end of file.
2025-03-25 09:23:46,220 [ERROR] LogOutputStream:75 - [STDERR_REDIRECT] 
2025-03-25 09:23:47,219 [ERROR] LogOutputStream:75 - [STDERR_REDIRECT] [Fatal Error] :1:1: Premature end of file.
2025-03-25 09:23:47,220 [ERROR] LogOutputStream:75 - [STDERR_REDIRECT] 
2025-03-25 09:23:48,217 [ERROR] LogOutputStream:75 - [STDERR_REDIRECT] [Fatal Error] :1:1: Premature end of file.
2025-03-25 09:23:48,217 [ERROR] LogOutputStream:75 - [STDERR_REDIRECT] 
2025-03-25 09:23:49,215 [ERROR] LogOutputStream:75 - [STDERR_REDIRECT] [Fatal Error] :1:1: Premature end of file.
2025-03-25 09:23:49,215 [ERROR] LogOutputStream:75 - [STDERR_REDIRECT] 
2025-03-25 09:23:50,212 [ERROR] LogOutputStream:75 - [STDERR_REDIRECT] [Fatal Error] :1:1: Premature end of file.
2025-03-25 09:23:50,212 [ERROR] LogOutputStream:75 - [STDERR_REDIRECT] 
2025-03-25 09:23:51,217 [ERROR] LogOutputStream:75 - [STDERR_REDIRECT] [Fatal Error] :1:1: Premature end of file.
2025-03-25 09:23:51,217 [ERROR] LogOutputStream:75 - [STDERR_REDIRECT] 
2025-03-25 09:23:52,217 [ERROR] LogOutputStream:75 - [STDERR_REDIRECT] [Fatal Error] :1:1: Premature end of file.
2025-03-25 09:23:52,217 [ERROR] LogOutputStream:75 - [STDERR_REDIRECT] 
2025-03-25 09:23:53,221 [ERROR] LogOutputStream:75 - [STDERR_REDIRECT] [Fatal Error] :1:1: Premature end of file.
2025-03-25 09:23:53,221 [ERROR] LogOutputStream:75 - [STDERR_REDIRECT] 
2025-03-25 09:23:54,209 [ERROR] LogOutputStream:75 - [STDERR_REDIRECT] [Fatal Error] :1:1: Premature end of file.
2025-03-25 09:23:54,210 [ERROR] LogOutputStream:75 - [STDERR_REDIRECT] 
2025-03-25 09:23:55,220 [ERROR] LogOutputStream:75 - [STDERR_REDIRECT] [Fatal Error] :1:1: Premature end of file.
2025-03-25 09:23:55,221 [ERROR] LogOutputStream:75 - [STDERR_REDIRECT] 
2025-03-25 09:23:56,214 [ERROR] LogOutputStream:75 - [STDERR_REDIRECT] [Fatal Error] :1:1: Premature end of file.
2025-03-25 09:23:56,215 [ERROR] LogOutputStream:75 - [STDERR_REDIRECT] 
2025-03-25 09:23:57,214 [ERROR] LogOutputStream:75 - [STDERR_REDIRECT] [Fatal Error] :1:1: Premature end of file.
2025-03-25 09:23:57,214 [ERROR] LogOutputStream:75 - [STDERR_REDIRECT] 
2025-03-25 09:23:58,202 [ERROR] LogOutputStream:75 - [STDERR_REDIRECT] [Fatal Error] :1:1: Premature end of file.
2025-03-25 09:23:58,202 [ERROR] LogOutputStream:75 - [STDERR_REDIRECT] 
2025-03-25 09:23:59,216 [ERROR] LogOutputStream:75 - [STDERR_REDIRECT] [Fatal Error] :1:1: Premature end of file.
2025-03-25 09:23:59,216 [ERROR] LogOutputStream:75 - [STDERR_REDIRECT] 
2025-03-25 09:24:00,216 [ERROR] LogOutputStream:75 - [STDERR_REDIRECT] [Fatal Error] :1:1: Premature end of file.
2025-03-25 09:24:00,217 [ERROR] LogOutputStream:75 - [STDERR_REDIRECT] 
2025-03-25 09:24:01,221 [ERROR] LogOutputStream:75 - [STDERR_REDIRECT] [Fatal Error] :1:1: Premature end of file.
2025-03-25 09:24:01,221 [ERROR] LogOutputStream:75 - [STDERR_REDIRECT] 
2025-03-25 09:24:02,222 [ERROR] LogOutputStream:75 - [STDERR_REDIRECT] [Fatal Error] :1:1: Premature end of file.
2025-03-25 09:24:02,223 [ERROR] LogOutputStream:75 - [STDERR_REDIRECT] 
2025-03-25 09:24:03,221 [ERROR] LogOutputStream:75 - [STDERR_REDIRECT] [Fatal Error] :1:1: Premature end of file.
2025-03-25 09:24:03,221 [ERROR] LogOutputStream:75 - [STDERR_REDIRECT] 
2025-03-25 09:24:04,217 [ERROR] LogOutputStream:75 - [STDERR_REDIRECT] [Fatal Error] :1:1: Premature end of file.
2025-03-25 09:24:04,217 [ERROR] LogOutputStream:75 - [STDERR_REDIRECT] 
2025-03-25 09:24:05,219 [ERROR] LogOutputStream:75 - [STDERR_REDIRECT] [Fatal Error] :1:1: Premature end of file.
2025-03-25 09:24:05,219 [ERROR] LogOutputStream:75 - [STDERR_REDIRECT] 
2025-03-25 09:24:06,219 [ERROR] LogOutputStream:75 - [STDERR_REDIRECT] [Fatal Error] :1:1: Premature end of file.
2025-03-25 09:24:06,219 [ERROR] LogOutputStream:75 - [STDERR_REDIRECT] 
2025-03-25 09:24:07,221 [ERROR] LogOutputStream:75 - [STDERR_REDIRECT] [Fatal Error] :1:1: Premature end of file.
2025-03-25 09:24:07,221 [ERROR] LogOutputStream:75 - [STDERR_REDIRECT] 
2025-03-25 09:24:08,215 [ERROR] LogOutputStream:75 - [STDERR_REDIRECT] [Fatal Error] :1:1: Premature end of file.
2025-03-25 09:24:08,215 [ERROR] LogOutputStream:75 - [STDERR_REDIRECT] 
2025-03-25 09:24:09,222 [ERROR] LogOutputStream:75 - [STDERR_REDIRECT] [Fatal Error] :1:1: Premature end of file.
2025-03-25 09:24:09,222 [ERROR] LogOutputStream:75 - [STDERR_REDIRECT] 
2025-03-25 09:24:10,219 [ERROR] LogOutputStream:75 - [STDERR_REDIRECT] [Fatal Error] :1:1: Premature end of file.
2025-03-25 09:24:10,219 [ERROR] LogOutputStream:75 - [STDERR_REDIRECT] 
2025-03-25 09:24:11,222 [ERROR] LogOutputStream:75 - [STDERR_REDIRECT] [Fatal Error] :1:1: Premature end of file.
2025-03-25 09:24:11,222 [ERROR] LogOutputStream:75 - [STDERR_REDIRECT] 
2025-03-25 09:24:12,224 [ERROR] LogOutputStream:75 - [STDERR_REDIRECT] [Fatal Error] :1:1: Premature end of file.
2025-03-25 09:24:12,225 [ERROR] LogOutputStream:75 - [STDERR_REDIRECT] 
2025-03-25 09:24:13,220 [ERROR] LogOutputStream:75 - [STDERR_REDIRECT] [Fatal Error] :1:1: Premature end of file.
2025-03-25 09:24:13,220 [ERROR] LogOutputStream:75 - [STDERR_REDIRECT] 
2025-03-25 09:24:14,213 [ERROR] LogOutputStream:75 - [STDERR_REDIRECT] [Fatal Error] :1:1: Premature end of file.
2025-03-25 09:24:14,213 [ERROR] LogOutputStream:75 - [STDERR_REDIRECT] 
2025-03-25 09:24:15,215 [ERROR] LogOutputStream:75 - [STDERR_REDIRECT] [Fatal Error] :1:1: Premature end of file.
2025-03-25 09:24:15,215 [ERROR] LogOutputStream:75 - [STDERR_REDIRECT] 
2025-03-25 09:24:16,214 [ERROR] LogOutputStream:75 - [STDERR_REDIRECT] [Fatal Error] :1:1: Premature end of file.
2025-03-25 09:24:16,215 [ERROR] LogOutputStream:75 - [STDERR_REDIRECT] 
2025-03-25 09:24:17,217 [ERROR] LogOutputStream:75 - [STDERR_REDIRECT] [Fatal Error] :1:1: Premature end of file.
2025-03-25 09:24:17,218 [ERROR] LogOutputStream:75 - [STDERR_REDIRECT] 
2025-03-25 09:24:18,217 [ERROR] LogOutputStream:75 - [STDERR_REDIRECT] [Fatal Error] :1:1: Premature end of file.
2025-03-25 09:24:18,217 [ERROR] LogOutputStream:75 - [STDERR_REDIRECT] 
2025-03-25 09:24:19,217 [ERROR] LogOutputStream:75 - [STDERR_REDIRECT] [Fatal Error] :1:1: Premature end of file.
2025-03-25 09:24:19,218 [ERROR] LogOutputStream:75 - [STDERR_REDIRECT] 
2025-03-25 09:24:20,219 [ERROR] LogOutputStream:75 - [STDERR_REDIRECT] [Fatal Error] :1:1: Premature end of file.
2025-03-25 09:24:20,220 [ERROR] LogOutputStream:75 - [STDERR_REDIRECT] 
2025-03-25 09:24:21,216 [ERROR] LogOutputStream:75 - [STDERR_REDIRECT] [Fatal Error] :1:1: Premature end of file.
2025-03-25 09:24:21,216 [ERROR] LogOutputStream:75 - [STDERR_REDIRECT] 
2025-03-25 09:24:22,219 [ERROR] LogOutputStream:75 - [STDERR_REDIRECT] [Fatal Error] :1:1: Premature end of file.
2025-03-25 09:24:22,219 [ERROR] LogOutputStream:75 - [STDERR_REDIRECT] 
2025-03-25 09:24:23,218 [ERROR] LogOutputStream:75 - [STDERR_REDIRECT] [Fatal Error] :1:1: Premature end of file.
2025-03-25 09:24:23,218 [ERROR] LogOutputStream:75 - [STDERR_REDIRECT] 
2025-03-25 09:24:24,220 [ERROR] LogOutputStream:75 - [STDERR_REDIRECT] [Fatal Error] :1:1: Premature end of file.
2025-03-25 09:24:24,220 [ERROR] LogOutputStream:75 - [STDERR_REDIRECT] 
2025-03-25 09:24:25,217 [ERROR] LogOutputStream:75 - [STDERR_REDIRECT] [Fatal Error] :1:1: Premature end of file.
2025-03-25 09:24:25,217 [ERROR] LogOutputStream:75 - [STDERR_REDIRECT] 
2025-03-25 09:24:26,213 [ERROR] LogOutputStream:75 - [STDERR_REDIRECT] [Fatal Error] :1:1: Premature end of file.
2025-03-25 09:24:26,213 [ERROR] LogOutputStream:75 - [STDERR_REDIRECT] 
2025-03-25 09:24:27,219 [ERROR] LogOutputStream:75 - [STDERR_REDIRECT] [Fatal Error] :1:1: Premature end of file.
2025-03-25 09:24:27,219 [ERROR] LogOutputStream:75 - [STDERR_REDIRECT] 
2025-03-25 09:24:28,215 [ERROR] LogOutputStream:75 - [STDERR_REDIRECT] [Fatal Error] :1:1: Premature end of file.
2025-03-25 09:24:28,215 [ERROR] LogOutputStream:75 - [STDERR_REDIRECT] 
2025-03-25 09:24:29,215 [ERROR] LogOutputStream:75 - [STDERR_REDIRECT] [Fatal Error] :1:1: Premature end of file.
2025-03-25 09:24:29,215 [ERROR] LogOutputStream:75 - [STDERR_REDIRECT] 
2025-03-25 09:24:30,217 [ERROR] LogOutputStream:75 - [STDERR_REDIRECT] [Fatal Error] :1:1: Premature end of file.
2025-03-25 09:24:30,217 [ERROR] LogOutputStream:75 - [STDERR_REDIRECT] 
2025-03-25 09:24:31,216 [ERROR] LogOutputStream:75 - [STDERR_REDIRECT] [Fatal Error] :1:1: Premature end of file.
2025-03-25 09:24:31,216 [ERROR] LogOutputStream:75 - [STDERR_REDIRECT] 
2025-03-25 09:24:32,219 [ERROR] LogOutputStream:75 - [STDERR_REDIRECT] [Fatal Error] :1:1: Premature end of file.
2025-03-25 09:24:32,219 [ERROR] LogOutputStream:75 - [STDERR_REDIRECT] 
2025-03-25 09:24:33,222 [ERROR] LogOutputStream:75 - [STDERR_REDIRECT] [Fatal Error] :1:1: Premature end of file.
2025-03-25 09:24:33,222 [ERROR] LogOutputStream:75 - [STDERR_REDIRECT] 
2025-03-25 09:24:34,204 [ERROR] LogOutputStream:75 - [STDERR_REDIRECT] [Fatal Error] :1:1: Premature end of file.
2025-03-25 09:24:34,204 [ERROR] LogOutputStream:75 - [STDERR_REDIRECT] 
2025-03-25 09:24:35,216 [ERROR] LogOutputStream:75 - [STDERR_REDIRECT] [Fatal Error] :1:1: Premature end of file.
2025-03-25 09:24:35,218 [ERROR] LogOutputStream:75 - [STDERR_REDIRECT] 
2025-03-25 09:24:36,218 [ERROR] LogOutputStream:75 - [STDERR_REDIRECT] [Fatal Error] :1:1: Premature end of file.
2025-03-25 09:24:36,218 [ERROR] LogOutputStream:75 - [STDERR_REDIRECT] 
2025-03-25 09:24:37,215 [ERROR] LogOutputStream:75 - [STDERR_REDIRECT] [Fatal Error] :1:1: Premature end of file.
2025-03-25 09:24:37,215 [ERROR] LogOutputStream:75 - [STDERR_REDIRECT] 
2025-03-25 09:24:38,214 [ERROR] LogOutputStream:75 - [STDERR_REDIRECT] [Fatal Error] :1:1: Premature end of file.
2025-03-25 09:24:38,214 [ERROR] LogOutputStream:75 - [STDERR_REDIRECT] 
2025-03-25 09:24:39,219 [ERROR] LogOutputStream:75 - [STDERR_REDIRECT] [Fatal Error] :1:1: Premature end of file.
2025-03-25 09:24:39,219 [ERROR] LogOutputStream:75 - [STDERR_REDIRECT] 
2025-03-25 09:24:40,220 [ERROR] LogOutputStream:75 - [STDERR_REDIRECT] [Fatal Error] :1:1: Premature end of file.
2025-03-25 09:24:40,220 [ERROR] LogOutputStream:75 - [STDERR_REDIRECT] 
2025-03-25 09:24:41,213 [ERROR] LogOutputStream:75 - [STDERR_REDIRECT] [Fatal Error] :1:1: Premature end of file.
2025-03-25 09:24:41,213 [ERROR] LogOutputStream:75 - [STDERR_REDIRECT] 
2025-03-25 09:24:42,217 [ERROR] LogOutputStream:75 - [STDERR_REDIRECT] [Fatal Error] :1:1: Premature end of file.
2025-03-25 09:24:42,218 [ERROR] LogOutputStream:75 - [STDERR_REDIRECT] 
2025-03-25 09:24:43,232 [ERROR] LogOutputStream:75 - [STDERR_REDIRECT] [Fatal Error] :1:1: Premature end of file.
2025-03-25 09:24:43,232 [ERROR] LogOutputStream:75 - [STDERR_REDIRECT] 
2025-03-25 09:24:44,214 [ERROR] LogOutputStream:75 - [STDERR_REDIRECT] [Fatal Error] :1:1: Premature end of file.
2025-03-25 09:24:44,214 [ERROR] LogOutputStream:75 - [STDERR_REDIRECT] 
2025-03-25 09:24:45,225 [ERROR] LogOutputStream:75 - [STDERR_REDIRECT] [Fatal Error] :1:1: Premature end of file.
2025-03-25 09:24:45,225 [ERROR] LogOutputStream:75 - [STDERR_REDIRECT] 
2025-03-25 09:24:46,218 [ERROR] LogOutputStream:75 - [STDERR_REDIRECT] [Fatal Error] :1:1: Premature end of file.
2025-03-25 09:24:46,218 [ERROR] LogOutputStream:75 - [STDERR_REDIRECT] 
2025-03-25 09:24:47,228 [ERROR] LogOutputStream:75 - [STDERR_REDIRECT] [Fatal Error] :1:1: Premature end of file.
2025-03-25 09:24:47,229 [ERROR] LogOutputStream:75 - [STDERR_REDIRECT] 
2025-03-25 09:24:48,220 [ERROR] LogOutputStream:75 - [STDERR_REDIRECT] [Fatal Error] :1:1: Premature end of file.
2025-03-25 09:24:48,220 [ERROR] LogOutputStream:75 - [STDERR_REDIRECT] 
2025-03-25 09:24:49,215 [ERROR] LogOutputStream:75 - [STDERR_REDIRECT] [Fatal Error] :1:1: Premature end of file.
2025-03-25 09:24:49,215 [ERROR] LogOutputStream:75 - [STDERR_REDIRECT] 
2025-03-25 09:24:50,221 [ERROR] LogOutputStream:75 - [STDERR_REDIRECT] [Fatal Error] :1:1: Premature end of file.
2025-03-25 09:24:50,221 [ERROR] LogOutputStream:75 - [STDERR_REDIRECT] 
2025-03-25 09:24:51,185 [ERROR] LogOutputStream:75 - [STDERR_REDIRECT] [Fatal Error] :1:1: Premature end of file.
2025-03-25 09:24:51,186 [ERROR] LogOutputStream:75 - [STDERR_REDIRECT] 
2025-03-25 09:24:52,220 [ERROR] LogOutputStream:75 - [STDERR_REDIRECT] [Fatal Error] :1:1: Premature end of file.
2025-03-25 09:24:52,221 [ERROR] LogOutputStream:75 - [STDERR_REDIRECT] 
2025-03-25 09:24:53,221 [ERROR] LogOutputStream:75 - [STDERR_REDIRECT] [Fatal Error] :1:1: Premature end of file.
2025-03-25 09:24:53,221 [ERROR] LogOutputStream:75 - [STDERR_REDIRECT] 
2025-03-25 09:24:54,219 [ERROR] LogOutputStream:75 - [STDERR_REDIRECT] [Fatal Error] :1:1: Premature end of file.
2025-03-25 09:24:54,219 [ERROR] LogOutputStream:75 - [STDERR_REDIRECT] 
2025-03-25 09:24:55,221 [ERROR] LogOutputStream:75 - [STDERR_REDIRECT] [Fatal Error] :1:1: Premature end of file.
2025-03-25 09:24:55,221 [ERROR] LogOutputStream:75 - [STDERR_REDIRECT] 
2025-03-25 09:24:56,216 [ERROR] LogOutputStream:75 - [STDERR_REDIRECT] [Fatal Error] :1:1: Premature end of file.
2025-03-25 09:24:56,217 [ERROR] LogOutputStream:75 - [STDERR_REDIRECT] 
2025-03-25 09:24:57,215 [ERROR] LogOutputStream:75 - [STDERR_REDIRECT] [Fatal Error] :1:1: Premature end of file.
2025-03-25 09:24:57,215 [ERROR] LogOutputStream:75 - [STDERR_REDIRECT] 
2025-03-25 09:24:58,222 [ERROR] LogOutputStream:75 - [STDERR_REDIRECT] [Fatal Error] :1:1: Premature end of file.
2025-03-25 09:24:58,222 [ERROR] LogOutputStream:75 - [STDERR_REDIRECT] 
2025-03-25 09:24:59,221 [ERROR] LogOutputStream:75 - [STDERR_REDIRECT] [Fatal Error] :1:1: Premature end of file.
2025-03-25 09:24:59,223 [ERROR] LogOutputStream:75 - [STDERR_REDIRECT] 
2025-03-25 09:25:00,220 [ERROR] LogOutputStream:75 - [STDERR_REDIRECT] [Fatal Error] :1:1: Premature end of file.
2025-03-25 09:25:00,220 [ERROR] LogOutputStream:75 - [STDERR_REDIRECT] 
2025-03-25 09:25:01,217 [ERROR] LogOutputStream:75 - [STDERR_REDIRECT] [Fatal Error] :1:1: Premature end of file.
2025-03-25 09:25:01,217 [ERROR] LogOutputStream:75 - [STDERR_REDIRECT] 
2025-03-25 09:25:02,227 [ERROR] LogOutputStream:75 - [STDERR_REDIRECT] [Fatal Error] :1:1: Premature end of file.
2025-03-25 09:25:02,228 [ERROR] LogOutputStream:75 - [STDERR_REDIRECT] 
2025-03-25 09:25:03,217 [ERROR] LogOutputStream:75 - [STDERR_REDIRECT] [Fatal Error] :1:1: Premature end of file.
2025-03-25 09:25:03,217 [ERROR] LogOutputStream:75 - [STDERR_REDIRECT] 
2025-03-25 09:25:04,217 [ERROR] LogOutputStream:75 - [STDERR_REDIRECT] [Fatal Error] :1:1: Premature end of file.
2025-03-25 09:25:04,217 [ERROR] LogOutputStream:75 - [STDERR_REDIRECT] 
2025-03-25 09:25:05,217 [ERROR] LogOutputStream:75 - [STDERR_REDIRECT] [Fatal Error] :1:1: Premature end of file.
2025-03-25 09:25:05,217 [ERROR] LogOutputStream:75 - [STDERR_REDIRECT] 
2025-03-25 09:25:06,219 [ERROR] LogOutputStream:75 - [STDERR_REDIRECT] [Fatal Error] :1:1: Premature end of file.
2025-03-25 09:25:06,220 [ERROR] LogOutputStream:75 - [STDERR_REDIRECT] 
2025-03-25 09:25:07,218 [ERROR] LogOutputStream:75 - [STDERR_REDIRECT] [Fatal Error] :1:1: Premature end of file.
2025-03-25 09:25:07,219 [ERROR] LogOutputStream:75 - [STDERR_REDIRECT] 
2025-03-25 09:25:08,217 [ERROR] LogOutputStream:75 - [STDERR_REDIRECT] [Fatal Error] :1:1: Premature end of file.
2025-03-25 09:25:08,217 [ERROR] LogOutputStream:75 - [STDERR_REDIRECT] 
2025-03-25 09:25:09,213 [ERROR] LogOutputStream:75 - [STDERR_REDIRECT] [Fatal Error] :1:1: Premature end of file.
2025-03-25 09:25:09,213 [ERROR] LogOutputStream:75 - [STDERR_REDIRECT] 
2025-03-25 09:25:10,219 [ERROR] LogOutputStream:75 - [STDERR_REDIRECT] [Fatal Error] :1:1: Premature end of file.
2025-03-25 09:25:10,219 [ERROR] LogOutputStream:75 - [STDERR_REDIRECT] 
2025-03-25 09:25:11,213 [ERROR] LogOutputStream:75 - [STDERR_REDIRECT] [Fatal Error] :1:1: Premature end of file.
2025-03-25 09:25:11,213 [ERROR] LogOutputStream:75 - [STDERR_REDIRECT] 
2025-03-25 09:25:12,218 [ERROR] LogOutputStream:75 - [STDERR_REDIRECT] [Fatal Error] :1:1: Premature end of file.
2025-03-25 09:25:12,219 [ERROR] LogOutputStream:75 - [STDERR_REDIRECT] 
2025-03-25 09:25:13,212 [ERROR] LogOutputStream:75 - [STDERR_REDIRECT] [Fatal Error] :1:1: Premature end of file.
2025-03-25 09:25:13,212 [ERROR] LogOutputStream:75 - [STDERR_REDIRECT] 
2025-03-25 09:25:14,213 [ERROR] LogOutputStream:75 - [STDERR_REDIRECT] [Fatal Error] :1:1: Premature end of file.
2025-03-25 09:25:14,214 [ERROR] LogOutputStream:75 - [STDERR_REDIRECT] 
2025-03-25 09:25:15,218 [ERROR] LogOutputStream:75 - [STDERR_REDIRECT] [Fatal Error] :1:1: Premature end of file.
2025-03-25 09:25:15,219 [ERROR] LogOutputStream:75 - [STDERR_REDIRECT] 
2025-03-25 09:25:16,220 [ERROR] LogOutputStream:75 - [STDERR_REDIRECT] [Fatal Error] :1:1: Premature end of file.
2025-03-25 09:25:16,220 [ERROR] LogOutputStream:75 - [STDERR_REDIRECT] 
2025-03-25 09:25:17,213 [ERROR] LogOutputStream:75 - [STDERR_REDIRECT] [Fatal Error] :1:1: Premature end of file.
2025-03-25 09:25:17,213 [ERROR] LogOutputStream:75 - [STDERR_REDIRECT] 
2025-03-25 09:25:18,219 [ERROR] LogOutputStream:75 - [STDERR_REDIRECT] [Fatal Error] :1:1: Premature end of file.
2025-03-25 09:25:18,220 [ERROR] LogOutputStream:75 - [STDERR_REDIRECT] 
2025-03-25 09:25:19,237 [ERROR] LogOutputStream:75 - [STDERR_REDIRECT] [Fatal Error] :1:1: Premature end of file.
2025-03-25 09:25:19,237 [ERROR] LogOutputStream:75 - [STDERR_REDIRECT] 
2025-03-25 09:25:20,222 [ERROR] LogOutputStream:75 - [STDERR_REDIRECT] [Fatal Error] :1:1: Premature end of file.
2025-03-25 09:25:20,222 [ERROR] LogOutputStream:75 - [STDERR_REDIRECT] 
2025-03-25 09:25:21,215 [ERROR] LogOutputStream:75 - [STDERR_REDIRECT] [Fatal Error] :1:1: Premature end of file.
2025-03-25 09:25:21,216 [ERROR] LogOutputStream:75 - [STDERR_REDIRECT] 
2025-03-25 09:25:22,218 [ERROR] LogOutputStream:75 - [STDERR_REDIRECT] [Fatal Error] :1:1: Premature end of file.
2025-03-25 09:25:22,218 [ERROR] LogOutputStream:75 - [STDERR_REDIRECT] 
2025-03-25 09:25:23,218 [ERROR] LogOutputStream:75 - [STDERR_REDIRECT] [Fatal Error] :1:1: Premature end of file.
2025-03-25 09:25:23,218 [ERROR] LogOutputStream:75 - [STDERR_REDIRECT] 
2025-03-25 09:25:24,215 [ERROR] LogOutputStream:75 - [STDERR_REDIRECT] [Fatal Error] :1:1: Premature end of file.
2025-03-25 09:25:24,215 [ERROR] LogOutputStream:75 - [STDERR_REDIRECT] 
2025-03-25 09:25:25,225 [ERROR] LogOutputStream:75 - [STDERR_REDIRECT] [Fatal Error] :1:1: Premature end of file.
2025-03-25 09:25:25,225 [ERROR] LogOutputStream:75 - [STDERR_REDIRECT] 
2025-03-25 09:25:26,214 [ERROR] LogOutputStream:75 - [STDERR_REDIRECT] [Fatal Error] :1:1: Premature end of file.
2025-03-25 09:25:26,214 [ERROR] LogOutputStream:75 - [STDERR_REDIRECT] 
2025-03-25 09:25:27,222 [ERROR] LogOutputStream:75 - [STDERR_REDIRECT] [Fatal Error] :1:1: Premature end of file.
2025-03-25 09:25:27,222 [ERROR] LogOutputStream:75 - [STDERR_REDIRECT] 
2025-03-25 09:25:28,217 [ERROR] LogOutputStream:75 - [STDERR_REDIRECT] [Fatal Error] :1:1: Premature end of file.
2025-03-25 09:25:28,217 [ERROR] LogOutputStream:75 - [STDERR_REDIRECT] 
2025-03-25 09:25:29,222 [ERROR] LogOutputStream:75 - [STDERR_REDIRECT] [Fatal Error] :1:1: Premature end of file.
2025-03-25 09:25:29,222 [ERROR] LogOutputStream:75 - [STDERR_REDIRECT] 
2025-03-25 09:25:30,219 [ERROR] LogOutputStream:75 - [STDERR_REDIRECT] [Fatal Error] :1:1: Premature end of file.
2025-03-25 09:25:30,219 [ERROR] LogOutputStream:75 - [STDERR_REDIRECT] 
2025-03-25 09:25:31,216 [ERROR] LogOutputStream:75 - [STDERR_REDIRECT] [Fatal Error] :1:1: Premature end of file.
2025-03-25 09:25:31,216 [ERROR] LogOutputStream:75 - [STDERR_REDIRECT] 
2025-03-25 09:25:32,217 [ERROR] LogOutputStream:75 - [STDERR_REDIRECT] [Fatal Error] :1:1: Premature end of file.
2025-03-25 09:25:32,217 [ERROR] LogOutputStream:75 - [STDERR_REDIRECT] 
2025-03-25 09:25:33,214 [ERROR] LogOutputStream:75 - [STDERR_REDIRECT] [Fatal Error] :1:1: Premature end of file.
2025-03-25 09:25:33,215 [ERROR] LogOutputStream:75 - [STDERR_REDIRECT] 
2025-03-25 09:25:34,215 [ERROR] LogOutputStream:75 - [STDERR_REDIRECT] [Fatal Error] :1:1: Premature end of file.
2025-03-25 09:25:34,215 [ERROR] LogOutputStream:75 - [STDERR_REDIRECT] 
2025-03-25 09:25:35,218 [ERROR] LogOutputStream:75 - [STDERR_REDIRECT] [Fatal Error] :1:1: Premature end of file.
2025-03-25 09:25:35,218 [ERROR] LogOutputStream:75 - [STDERR_REDIRECT] 
2025-03-25 09:25:36,214 [ERROR] LogOutputStream:75 - [STDERR_REDIRECT] [Fatal Error] :1:1: Premature end of file.
2025-03-25 09:25:36,214 [ERROR] LogOutputStream:75 - [STDERR_REDIRECT] 
2025-03-25 09:25:37,215 [ERROR] LogOutputStream:75 - [STDERR_REDIRECT] [Fatal Error] :1:1: Premature end of file.
2025-03-25 09:25:37,215 [ERROR] LogOutputStream:75 - [STDERR_REDIRECT] 
2025-03-25 09:25:38,221 [ERROR] LogOutputStream:75 - [STDERR_REDIRECT] [Fatal Error] :1:1: Premature end of file.
2025-03-25 09:25:38,222 [ERROR] LogOutputStream:75 - [STDERR_REDIRECT] 
2025-03-25 09:25:39,220 [ERROR] LogOutputStream:75 - [STDERR_REDIRECT] [Fatal Error] :1:1: Premature end of file.
2025-03-25 09:25:39,220 [ERROR] LogOutputStream:75 - [STDERR_REDIRECT] 
2025-03-25 09:25:40,216 [ERROR] LogOutputStream:75 - [STDERR_REDIRECT] [Fatal Error] :1:1: Premature end of file.
2025-03-25 09:25:40,216 [ERROR] LogOutputStream:75 - [STDERR_REDIRECT] 
2025-03-25 09:25:41,227 [ERROR] LogOutputStream:75 - [STDERR_REDIRECT] [Fatal Error] :1:1: Premature end of file.
2025-03-25 09:25:41,228 [ERROR] LogOutputStream:75 - [STDERR_REDIRECT] 
2025-03-25 09:25:42,217 [ERROR] LogOutputStream:75 - [STDERR_REDIRECT] [Fatal Error] :1:1: Premature end of file.
2025-03-25 09:25:42,217 [ERROR] LogOutputStream:75 - [STDERR_REDIRECT] 
2025-03-25 09:25:43,221 [ERROR] LogOutputStream:75 - [STDERR_REDIRECT] [Fatal Error] :1:1: Premature end of file.
2025-03-25 09:25:43,221 [ERROR] LogOutputStream:75 - [STDERR_REDIRECT] 
2025-03-25 09:25:44,220 [ERROR] LogOutputStream:75 - [STDERR_REDIRECT] [Fatal Error] :1:1: Premature end of file.
2025-03-25 09:25:44,221 [ERROR] LogOutputStream:75 - [STDERR_REDIRECT] 
2025-03-25 09:25:45,214 [ERROR] LogOutputStream:75 - [STDERR_REDIRECT] [Fatal Error] :1:1: Premature end of file.
2025-03-25 09:25:45,215 [ERROR] LogOutputStream:75 - [STDERR_REDIRECT] 
2025-03-25 09:25:46,218 [ERROR] LogOutputStream:75 - [STDERR_REDIRECT] [Fatal Error] :1:1: Premature end of file.
2025-03-25 09:25:46,218 [ERROR] LogOutputStream:75 - [STDERR_REDIRECT] 
2025-03-25 09:25:47,196 [ERROR] LogOutputStream:75 - [STDERR_REDIRECT] [Fatal Error] :1:1: Premature end of file.
2025-03-25 09:25:47,196 [ERROR] LogOutputStream:75 - [STDERR_REDIRECT] 
2025-03-25 09:25:48,220 [ERROR] LogOutputStream:75 - [STDERR_REDIRECT] [Fatal Error] :1:1: Premature end of file.
2025-03-25 09:25:48,220 [ERROR] LogOutputStream:75 - [STDERR_REDIRECT] 
2025-03-25 09:25:49,216 [ERROR] LogOutputStream:75 - [STDERR_REDIRECT] [Fatal Error] :1:1: Premature end of file.
2025-03-25 09:25:49,216 [ERROR] LogOutputStream:75 - [STDERR_REDIRECT] 
2025-03-25 09:25:50,219 [ERROR] LogOutputStream:75 - [STDERR_REDIRECT] [Fatal Error] :1:1: Premature end of file.
2025-03-25 09:25:50,219 [ERROR] LogOutputStream:75 - [STDERR_REDIRECT] 
2025-03-25 09:25:51,199 [ERROR] LogOutputStream:75 - [STDERR_REDIRECT] [Fatal Error] :1:1: Premature end of file.
2025-03-25 09:25:51,199 [ERROR] LogOutputStream:75 - [STDERR_REDIRECT] 
2025-03-25 09:25:52,211 [ERROR] LogOutputStream:75 - [STDERR_REDIRECT] [Fatal Error] :1:1: Premature end of file.
2025-03-25 09:25:52,211 [ERROR] LogOutputStream:75 - [STDERR_REDIRECT] 
2025-03-25 09:25:53,214 [ERROR] LogOutputStream:75 - [STDERR_REDIRECT] [Fatal Error] :1:1: Premature end of file.
2025-03-25 09:25:53,214 [ERROR] LogOutputStream:75 - [STDERR_REDIRECT] 
2025-03-25 09:25:54,218 [ERROR] LogOutputStream:75 - [STDERR_REDIRECT] [Fatal Error] :1:1: Premature end of file.
2025-03-25 09:25:54,218 [ERROR] LogOutputStream:75 - [STDERR_REDIRECT] 
2025-03-25 09:25:55,215 [ERROR] LogOutputStream:75 - [STDERR_REDIRECT] [Fatal Error] :1:1: Premature end of file.
2025-03-25 09:25:55,215 [ERROR] LogOutputStream:75 - [STDERR_REDIRECT] 
2025-03-25 09:25:56,215 [ERROR] LogOutputStream:75 - [STDERR_REDIRECT] [Fatal Error] :1:1: Premature end of file.
2025-03-25 09:25:56,216 [ERROR] LogOutputStream:75 - [STDERR_REDIRECT] 
2025-03-25 09:25:57,223 [ERROR] LogOutputStream:75 - [STDERR_REDIRECT] [Fatal Error] :1:1: Premature end of file.
2025-03-25 09:25:57,223 [ERROR] LogOutputStream:75 - [STDERR_REDIRECT] 
2025-03-25 09:25:58,216 [ERROR] LogOutputStream:75 - [STDERR_REDIRECT] [Fatal Error] :1:1: Premature end of file.
2025-03-25 09:25:58,216 [ERROR] LogOutputStream:75 - [STDERR_REDIRECT] 
2025-03-25 09:25:59,218 [ERROR] LogOutputStream:75 - [STDERR_REDIRECT] [Fatal Error] :1:1: Premature end of file.
2025-03-25 09:25:59,218 [ERROR] LogOutputStream:75 - [STDERR_REDIRECT] 
2025-03-25 09:26:00,209 [ERROR] LogOutputStream:75 - [STDERR_REDIRECT] [Fatal Error] :1:1: Premature end of file.
2025-03-25 09:26:00,209 [ERROR] LogOutputStream:75 - [STDERR_REDIRECT] 
2025-03-25 09:26:01,221 [ERROR] LogOutputStream:75 - [STDERR_REDIRECT] [Fatal Error] :1:1: Premature end of file.
2025-03-25 09:26:01,221 [ERROR] LogOutputStream:75 - [STDERR_REDIRECT] 
2025-03-25 09:26:02,235 [ERROR] LogOutputStream:75 - [STDERR_REDIRECT] [Fatal Error] :1:1: Premature end of file.
2025-03-25 09:26:02,235 [ERROR] LogOutputStream:75 - [STDERR_REDIRECT] 
2025-03-25 09:26:03,219 [ERROR] LogOutputStream:75 - [STDERR_REDIRECT] [Fatal Error] :1:1: Premature end of file.
2025-03-25 09:26:03,219 [ERROR] LogOutputStream:75 - [STDERR_REDIRECT] 
2025-03-25 09:26:04,222 [ERROR] LogOutputStream:75 - [STDERR_REDIRECT] [Fatal Error] :1:1: Premature end of file.
2025-03-25 09:26:04,222 [ERROR] LogOutputStream:75 - [STDERR_REDIRECT] 
2025-03-25 09:26:05,222 [ERROR] LogOutputStream:75 - [STDERR_REDIRECT] [Fatal Error] :1:1: Premature end of file.
2025-03-25 09:26:05,222 [ERROR] LogOutputStream:75 - [STDERR_REDIRECT] 
2025-03-25 09:26:06,218 [ERROR] LogOutputStream:75 - [STDERR_REDIRECT] [Fatal Error] :1:1: Premature end of file.
2025-03-25 09:26:06,218 [ERROR] LogOutputStream:75 - [STDERR_REDIRECT] 
2025-03-25 09:26:07,210 [ERROR] LogOutputStream:75 - [STDERR_REDIRECT] [Fatal Error] :1:1: Premature end of file.
2025-03-25 09:26:07,211 [ERROR] LogOutputStream:75 - [STDERR_REDIRECT] 
2025-03-25 09:26:08,218 [ERROR] LogOutputStream:75 - [STDERR_REDIRECT] [Fatal Error] :1:1: Premature end of file.
2025-03-25 09:26:08,218 [ERROR] LogOutputStream:75 - [STDERR_REDIRECT] 
2025-03-25 09:26:09,218 [ERROR] LogOutputStream:75 - [STDERR_REDIRECT] [Fatal Error] :1:1: Premature end of file.
2025-03-25 09:26:09,219 [ERROR] LogOutputStream:75 - [STDERR_REDIRECT] 
2025-03-25 09:26:10,216 [ERROR] LogOutputStream:75 - [STDERR_REDIRECT] [Fatal Error] :1:1: Premature end of file.
2025-03-25 09:26:10,216 [ERROR] LogOutputStream:75 - [STDERR_REDIRECT] 
2025-03-25 09:26:11,221 [ERROR] LogOutputStream:75 - [STDERR_REDIRECT] [Fatal Error] :1:1: Premature end of file.
2025-03-25 09:26:11,221 [ERROR] LogOutputStream:75 - [STDERR_REDIRECT] 
2025-03-25 09:26:12,181 [ERROR] LogOutputStream:75 - [STDERR_REDIRECT] [Fatal Error] :1:1: Premature end of file.
2025-03-25 09:26:12,181 [ERROR] LogOutputStream:75 - [STDERR_REDIRECT] 
2025-03-25 09:26:13,217 [ERROR] LogOutputStream:75 - [STDERR_REDIRECT] [Fatal Error] :1:1: Premature end of file.
2025-03-25 09:26:13,217 [ERROR] LogOutputStream:75 - [STDERR_REDIRECT] 
2025-03-25 09:26:14,221 [ERROR] LogOutputStream:75 - [STDERR_REDIRECT] [Fatal Error] :1:1: Premature end of file.
2025-03-25 09:26:14,221 [ERROR] LogOutputStream:75 - [STDERR_REDIRECT] 
2025-03-25 09:26:15,215 [ERROR] LogOutputStream:75 - [STDERR_REDIRECT] [Fatal Error] :1:1: Premature end of file.
2025-03-25 09:26:15,215 [ERROR] LogOutputStream:75 - [STDERR_REDIRECT] 
2025-03-25 09:26:16,223 [ERROR] LogOutputStream:75 - [STDERR_REDIRECT] [Fatal Error] :1:1: Premature end of file.
2025-03-25 09:26:16,223 [ERROR] LogOutputStream:75 - [STDERR_REDIRECT] 
2025-03-25 09:26:17,220 [ERROR] LogOutputStream:75 - [STDERR_REDIRECT] [Fatal Error] :1:1: Premature end of file.
2025-03-25 09:26:17,220 [ERROR] LogOutputStream:75 - [STDERR_REDIRECT] 
2025-03-25 09:26:18,224 [ERROR] LogOutputStream:75 - [STDERR_REDIRECT] [Fatal Error] :1:1: Premature end of file.
2025-03-25 09:26:18,225 [ERROR] LogOutputStream:75 - [STDERR_REDIRECT] 
2025-03-25 09:26:19,219 [ERROR] LogOutputStream:75 - [STDERR_REDIRECT] [Fatal Error] :1:1: Premature end of file.
2025-03-25 09:26:19,220 [ERROR] LogOutputStream:75 - [STDERR_REDIRECT] 
2025-03-25 09:26:20,214 [ERROR] LogOutputStream:75 - [STDERR_REDIRECT] [Fatal Error] :1:1: Premature end of file.
2025-03-25 09:26:20,214 [ERROR] LogOutputStream:75 - [STDERR_REDIRECT] 
2025-03-25 09:26:21,239 [ERROR] LogOutputStream:75 - [STDERR_REDIRECT] [Fatal Error] :1:1: Premature end of file.
2025-03-25 09:26:21,239 [ERROR] LogOutputStream:75 - [STDERR_REDIRECT] 
2025-03-25 09:26:22,220 [ERROR] LogOutputStream:75 - [STDERR_REDIRECT] [Fatal Error] :1:1: Premature end of file.
2025-03-25 09:26:22,220 [ERROR] LogOutputStream:75 - [STDERR_REDIRECT] 
2025-03-25 09:26:23,220 [ERROR] LogOutputStream:75 - [STDERR_REDIRECT] [Fatal Error] :1:1: Premature end of file.
2025-03-25 09:26:23,220 [ERROR] LogOutputStream:75 - [STDERR_REDIRECT] 
2025-03-25 09:26:24,222 [ERROR] LogOutputStream:75 - [STDERR_REDIRECT] [Fatal Error] :1:1: Premature end of file.
2025-03-25 09:26:24,222 [ERROR] LogOutputStream:75 - [STDERR_REDIRECT] 
2025-03-25 09:26:25,221 [ERROR] LogOutputStream:75 - [STDERR_REDIRECT] [Fatal Error] :1:1: Premature end of file.
2025-03-25 09:26:25,222 [ERROR] LogOutputStream:75 - [STDERR_REDIRECT] 
2025-03-25 09:26:26,223 [ERROR] LogOutputStream:75 - [STDERR_REDIRECT] [Fatal Error] :1:1: Premature end of file.
2025-03-25 09:26:26,224 [ERROR] LogOutputStream:75 - [STDERR_REDIRECT] 
2025-03-25 09:26:27,221 [ERROR] LogOutputStream:75 - [STDERR_REDIRECT] [Fatal Error] :1:1: Premature end of file.
2025-03-25 09:26:27,222 [ERROR] LogOutputStream:75 - [STDERR_REDIRECT] 
2025-03-25 09:26:28,219 [ERROR] LogOutputStream:75 - [STDERR_REDIRECT] [Fatal Error] :1:1: Premature end of file.
2025-03-25 09:26:28,219 [ERROR] LogOutputStream:75 - [STDERR_REDIRECT] 
2025-03-25 09:26:29,221 [ERROR] LogOutputStream:75 - [STDERR_REDIRECT] [Fatal Error] :1:1: Premature end of file.
2025-03-25 09:26:29,221 [ERROR] LogOutputStream:75 - [STDERR_REDIRECT] 
2025-03-25 09:26:30,180 [ERROR] LogOutputStream:75 - [STDERR_REDIRECT] [Fatal Error] :1:1: Premature end of file.
2025-03-25 09:26:30,180 [ERROR] LogOutputStream:75 - [STDERR_REDIRECT] 
2025-03-25 09:26:31,218 [ERROR] LogOutputStream:75 - [STDERR_REDIRECT] [Fatal Error] :1:1: Premature end of file.
2025-03-25 09:26:31,218 [ERROR] LogOutputStream:75 - [STDERR_REDIRECT] 
2025-03-25 09:26:32,221 [ERROR] LogOutputStream:75 - [STDERR_REDIRECT] [Fatal Error] :1:1: Premature end of file.
2025-03-25 09:26:32,221 [ERROR] LogOutputStream:75 - [STDERR_REDIRECT] 
2025-03-25 09:26:33,220 [ERROR] LogOutputStream:75 - [STDERR_REDIRECT] [Fatal Error] :1:1: Premature end of file.
2025-03-25 09:26:33,221 [ERROR] LogOutputStream:75 - [STDERR_REDIRECT] 
2025-03-25 09:26:34,227 [ERROR] LogOutputStream:75 - [STDERR_REDIRECT] [Fatal Error] :1:1: Premature end of file.
2025-03-25 09:26:34,227 [ERROR] LogOutputStream:75 - [STDERR_REDIRECT] 
2025-03-25 09:26:35,242 [ERROR] LogOutputStream:75 - [STDERR_REDIRECT] [Fatal Error] :1:1: Premature end of file.
2025-03-25 09:26:35,243 [ERROR] LogOutputStream:75 - [STDERR_REDIRECT] 
2025-03-25 09:26:36,224 [ERROR] LogOutputStream:75 - [STDERR_REDIRECT] [Fatal Error] :1:1: Premature end of file.
2025-03-25 09:26:36,224 [ERROR] LogOutputStream:75 - [STDERR_REDIRECT] 
2025-03-25 09:26:37,218 [ERROR] LogOutputStream:75 - [STDERR_REDIRECT] [Fatal Error] :1:1: Premature end of file.
2025-03-25 09:26:37,218 [ERROR] LogOutputStream:75 - [STDERR_REDIRECT] 
2025-03-25 09:26:38,212 [ERROR] LogOutputStream:75 - [STDERR_REDIRECT] [Fatal Error] :1:1: Premature end of file.
2025-03-25 09:26:38,212 [ERROR] LogOutputStream:75 - [STDERR_REDIRECT] 
2025-03-25 09:26:39,224 [ERROR] LogOutputStream:75 - [STDERR_REDIRECT] [Fatal Error] :1:1: Premature end of file.
2025-03-25 09:26:39,224 [ERROR] LogOutputStream:75 - [STDERR_REDIRECT] 
2025-03-25 09:26:40,220 [ERROR] LogOutputStream:75 - [STDERR_REDIRECT] [Fatal Error] :1:1: Premature end of file.
2025-03-25 09:26:40,220 [ERROR] LogOutputStream:75 - [STDERR_REDIRECT] 
2025-03-25 09:26:41,231 [ERROR] LogOutputStream:75 - [STDERR_REDIRECT] [Fatal Error] :1:1: Premature end of file.
2025-03-25 09:26:41,231 [ERROR] LogOutputStream:75 - [STDERR_REDIRECT] 
2025-03-25 09:26:42,214 [ERROR] LogOutputStream:75 - [STDERR_REDIRECT] [Fatal Error] :1:1: Premature end of file.
2025-03-25 09:26:42,214 [ERROR] LogOutputStream:75 - [STDERR_REDIRECT] 
2025-03-25 09:26:43,224 [ERROR] LogOutputStream:75 - [STDERR_REDIRECT] [Fatal Error] :1:1: Premature end of file.
2025-03-25 09:26:43,224 [ERROR] LogOutputStream:75 - [STDERR_REDIRECT] 
2025-03-25 09:26:44,215 [ERROR] LogOutputStream:75 - [STDERR_REDIRECT] [Fatal Error] :1:1: Premature end of file.
2025-03-25 09:26:44,215 [ERROR] LogOutputStream:75 - [STDERR_REDIRECT] 
2025-03-25 09:26:45,221 [ERROR] LogOutputStream:75 - [STDERR_REDIRECT] [Fatal Error] :1:1: Premature end of file.
2025-03-25 09:26:45,221 [ERROR] LogOutputStream:75 - [STDERR_REDIRECT] 
2025-03-25 09:26:46,223 [ERROR] LogOutputStream:75 - [STDERR_REDIRECT] [Fatal Error] :1:1: Premature end of file.
2025-03-25 09:26:46,223 [ERROR] LogOutputStream:75 - [STDERR_REDIRECT] 
2025-03-25 09:26:47,185 [ERROR] LogOutputStream:75 - [STDERR_REDIRECT] [Fatal Error] :1:1: Premature end of file.
2025-03-25 09:26:47,185 [ERROR] LogOutputStream:75 - [STDERR_REDIRECT] 
2025-03-25 09:26:48,196 [ERROR] LogOutputStream:75 - [STDERR_REDIRECT] [Fatal Error] :1:1: Premature end of file.
2025-03-25 09:26:48,197 [ERROR] LogOutputStream:75 - [STDERR_REDIRECT] 
2025-03-25 09:26:49,203 [ERROR] LogOutputStream:75 - [STDERR_REDIRECT] [Fatal Error] :1:1: Premature end of file.
2025-03-25 09:26:49,203 [ERROR] LogOutputStream:75 - [STDERR_REDIRECT] 
2025-03-25 09:26:50,218 [ERROR] LogOutputStream:75 - [STDERR_REDIRECT] [Fatal Error] :1:1: Premature end of file.
2025-03-25 09:26:50,218 [ERROR] LogOutputStream:75 - [STDERR_REDIRECT] 
2025-03-25 09:26:51,218 [ERROR] LogOutputStream:75 - [STDERR_REDIRECT] [Fatal Error] :1:1: Premature end of file.
2025-03-25 09:26:51,218 [ERROR] LogOutputStream:75 - [STDERR_REDIRECT] 
2025-03-25 09:26:52,242 [ERROR] LogOutputStream:75 - [STDERR_REDIRECT] [Fatal Error] :1:1: Premature end of file.
2025-03-25 09:26:52,242 [ERROR] LogOutputStream:75 - [STDERR_REDIRECT] 
2025-03-25 09:26:53,219 [ERROR] LogOutputStream:75 - [STDERR_REDIRECT] [Fatal Error] :1:1: Premature end of file.
2025-03-25 09:26:53,219 [ERROR] LogOutputStream:75 - [STDERR_REDIRECT] 
2025-03-25 09:26:54,221 [ERROR] LogOutputStream:75 - [STDERR_REDIRECT] [Fatal Error] :1:1: Premature end of file.
2025-03-25 09:26:54,221 [ERROR] LogOutputStream:75 - [STDERR_REDIRECT] 
2025-03-25 09:26:55,225 [ERROR] LogOutputStream:75 - [STDERR_REDIRECT] [Fatal Error] :1:1: Premature end of file.
2025-03-25 09:26:55,225 [ERROR] LogOutputStream:75 - [STDERR_REDIRECT] 
2025-03-25 09:26:56,233 [ERROR] LogOutputStream:75 - [STDERR_REDIRECT] [Fatal Error] :1:1: Premature end of file.
2025-03-25 09:26:56,233 [ERROR] LogOutputStream:75 - [STDERR_REDIRECT] 
2025-03-25 09:26:57,223 [ERROR] LogOutputStream:75 - [STDERR_REDIRECT] [Fatal Error] :1:1: Premature end of file.
2025-03-25 09:26:57,223 [ERROR] LogOutputStream:75 - [STDERR_REDIRECT] 
2025-03-25 09:26:58,227 [ERROR] LogOutputStream:75 - [STDERR_REDIRECT] [Fatal Error] :1:1: Premature end of file.
2025-03-25 09:26:58,227 [ERROR] LogOutputStream:75 - [STDERR_REDIRECT] 
2025-03-25 09:26:59,226 [ERROR] LogOutputStream:75 - [STDERR_REDIRECT] [Fatal Error] :1:1: Premature end of file.
2025-03-25 09:26:59,226 [ERROR] LogOutputStream:75 - [STDERR_REDIRECT] 
2025-03-25 09:27:00,216 [ERROR] LogOutputStream:75 - [STDERR_REDIRECT] [Fatal Error] :1:1: Premature end of file.
2025-03-25 09:27:00,217 [ERROR] LogOutputStream:75 - [STDERR_REDIRECT] 
2025-03-25 09:27:01,216 [ERROR] LogOutputStream:75 - [STDERR_REDIRECT] [Fatal Error] :1:1: Premature end of file.
2025-03-25 09:27:01,216 [ERROR] LogOutputStream:75 - [STDERR_REDIRECT] 
2025-03-25 09:27:02,222 [ERROR] LogOutputStream:75 - [STDERR_REDIRECT] [Fatal Error] :1:1: Premature end of file.
2025-03-25 09:27:02,222 [ERROR] LogOutputStream:75 - [STDERR_REDIRECT] 
2025-03-25 09:27:03,217 [ERROR] LogOutputStream:75 - [STDERR_REDIRECT] [Fatal Error] :1:1: Premature end of file.
2025-03-25 09:27:03,217 [ERROR] LogOutputStream:75 - [STDERR_REDIRECT] 
2025-03-25 09:27:04,223 [ERROR] LogOutputStream:75 - [STDERR_REDIRECT] [Fatal Error] :1:1: Premature end of file.
2025-03-25 09:27:04,224 [ERROR] LogOutputStream:75 - [STDERR_REDIRECT] 
2025-03-25 09:27:05,220 [ERROR] LogOutputStream:75 - [STDERR_REDIRECT] [Fatal Error] :1:1: Premature end of file.
2025-03-25 09:27:05,220 [ERROR] LogOutputStream:75 - [STDERR_REDIRECT] 
2025-03-25 09:27:06,223 [ERROR] LogOutputStream:75 - [STDERR_REDIRECT] [Fatal Error] :1:1: Premature end of file.
2025-03-25 09:27:06,223 [ERROR] LogOutputStream:75 - [STDERR_REDIRECT] 
2025-03-25 09:27:07,230 [ERROR] LogOutputStream:75 - [STDERR_REDIRECT] [Fatal Error] :1:1: Premature end of file.
2025-03-25 09:27:07,230 [ERROR] LogOutputStream:75 - [STDERR_REDIRECT] 
2025-03-25 09:27:08,219 [ERROR] LogOutputStream:75 - [STDERR_REDIRECT] [Fatal Error] :1:1: Premature end of file.
2025-03-25 09:27:08,219 [ERROR] LogOutputStream:75 - [STDERR_REDIRECT] 
2025-03-25 09:27:09,218 [ERROR] LogOutputStream:75 - [STDERR_REDIRECT] [Fatal Error] :1:1: Premature end of file.
2025-03-25 09:27:09,218 [ERROR] LogOutputStream:75 - [STDERR_REDIRECT] 
2025-03-25 09:27:10,224 [ERROR] LogOutputStream:75 - [STDERR_REDIRECT] [Fatal Error] :1:1: Premature end of file.
2025-03-25 09:27:10,225 [ERROR] LogOutputStream:75 - [STDERR_REDIRECT] 
2025-03-25 09:27:11,227 [ERROR] LogOutputStream:75 - [STDERR_REDIRECT] [Fatal Error] :1:1: Premature end of file.
2025-03-25 09:27:11,227 [ERROR] LogOutputStream:75 - [STDERR_REDIRECT] 
2025-03-25 09:27:12,230 [ERROR] LogOutputStream:75 - [STDERR_REDIRECT] [Fatal Error] :1:1: Premature end of file.
2025-03-25 09:27:12,231 [ERROR] LogOutputStream:75 - [STDERR_REDIRECT] 
2025-03-25 09:27:13,215 [ERROR] LogOutputStream:75 - [STDERR_REDIRECT] [Fatal Error] :1:1: Premature end of file.
2025-03-25 09:27:13,215 [ERROR] LogOutputStream:75 - [STDERR_REDIRECT] 
2025-03-25 09:27:14,233 [ERROR] LogOutputStream:75 - [STDERR_REDIRECT] [Fatal Error] :1:1: Premature end of file.
2025-03-25 09:27:14,233 [ERROR] LogOutputStream:75 - [STDERR_REDIRECT] 
2025-03-25 09:27:15,216 [ERROR] LogOutputStream:75 - [STDERR_REDIRECT] [Fatal Error] :1:1: Premature end of file.
2025-03-25 09:27:15,218 [ERROR] LogOutputStream:75 - [STDERR_REDIRECT] 
2025-03-25 09:27:16,209 [ERROR] LogOutputStream:75 - [STDERR_REDIRECT] [Fatal Error] :1:1: Premature end of file.
2025-03-25 09:27:16,210 [ERROR] LogOutputStream:75 - [STDERR_REDIRECT] 
2025-03-25 09:27:17,222 [ERROR] LogOutputStream:75 - [STDERR_REDIRECT] [Fatal Error] :1:1: Premature end of file.
2025-03-25 09:27:17,223 [ERROR] LogOutputStream:75 - [STDERR_REDIRECT] 
2025-03-25 09:27:18,217 [ERROR] LogOutputStream:75 - [STDERR_REDIRECT] [Fatal Error] :1:1: Premature end of file.
2025-03-25 09:27:18,217 [ERROR] LogOutputStream:75 - [STDERR_REDIRECT] 
2025-03-25 09:27:19,210 [ERROR] LogOutputStream:75 - [STDERR_REDIRECT] [Fatal Error] :1:1: Premature end of file.
2025-03-25 09:27:19,211 [ERROR] LogOutputStream:75 - [STDERR_REDIRECT] 
2025-03-25 09:27:20,223 [ERROR] LogOutputStream:75 - [STDERR_REDIRECT] [Fatal Error] :1:1: Premature end of file.
2025-03-25 09:27:20,224 [ERROR] LogOutputStream:75 - [STDERR_REDIRECT] 
2025-03-25 09:27:21,223 [ERROR] LogOutputStream:75 - [STDERR_REDIRECT] [Fatal Error] :1:1: Premature end of file.
2025-03-25 09:27:21,223 [ERROR] LogOutputStream:75 - [STDERR_REDIRECT] 
2025-03-25 09:27:22,222 [ERROR] LogOutputStream:75 - [STDERR_REDIRECT] [Fatal Error] :1:1: Premature end of file.
2025-03-25 09:27:22,223 [ERROR] LogOutputStream:75 - [STDERR_REDIRECT] 
2025-03-25 09:27:23,227 [ERROR] LogOutputStream:75 - [STDERR_REDIRECT] [Fatal Error] :1:1: Premature end of file.
2025-03-25 09:27:23,227 [ERROR] LogOutputStream:75 - [STDERR_REDIRECT] 
2025-03-25 09:27:24,217 [ERROR] LogOutputStream:75 - [STDERR_REDIRECT] [Fatal Error] :1:1: Premature end of file.
2025-03-25 09:27:24,217 [ERROR] LogOutputStream:75 - [STDERR_REDIRECT] 
2025-03-25 09:27:25,212 [ERROR] LogOutputStream:75 - [STDERR_REDIRECT] [Fatal Error] :1:1: Premature end of file.
2025-03-25 09:27:25,212 [ERROR] LogOutputStream:75 - [STDERR_REDIRECT] 
2025-03-25 09:27:26,223 [ERROR] LogOutputStream:75 - [STDERR_REDIRECT] [Fatal Error] :1:1: Premature end of file.
2025-03-25 09:27:26,223 [ERROR] LogOutputStream:75 - [STDERR_REDIRECT] 
2025-03-25 09:27:27,221 [ERROR] LogOutputStream:75 - [STDERR_REDIRECT] [Fatal Error] :1:1: Premature end of file.
2025-03-25 09:27:27,222 [ERROR] LogOutputStream:75 - [STDERR_REDIRECT] 
2025-03-25 09:27:28,225 [ERROR] LogOutputStream:75 - [STDERR_REDIRECT] [Fatal Error] :1:1: Premature end of file.
2025-03-25 09:27:28,225 [ERROR] LogOutputStream:75 - [STDERR_REDIRECT] 
2025-03-25 09:27:29,222 [ERROR] LogOutputStream:75 - [STDERR_REDIRECT] [Fatal Error] :1:1: Premature end of file.
2025-03-25 09:27:29,223 [ERROR] LogOutputStream:75 - [STDERR_REDIRECT] 
2025-03-25 09:27:30,224 [ERROR] LogOutputStream:75 - [STDERR_REDIRECT] [Fatal Error] :1:1: Premature end of file.
2025-03-25 09:27:30,224 [ERROR] LogOutputStream:75 - [STDERR_REDIRECT] 
2025-03-25 09:27:31,227 [ERROR] LogOutputStream:75 - [STDERR_REDIRECT] [Fatal Error] :1:1: Premature end of file.
2025-03-25 09:27:31,227 [ERROR] LogOutputStream:75 - [STDERR_REDIRECT] 
2025-03-25 09:27:32,221 [ERROR] LogOutputStream:75 - [STDERR_REDIRECT] [Fatal Error] :1:1: Premature end of file.
2025-03-25 09:27:32,222 [ERROR] LogOutputStream:75 - [STDERR_REDIRECT] 
2025-03-25 09:27:33,221 [ERROR] LogOutputStream:75 - [STDERR_REDIRECT] [Fatal Error] :1:1: Premature end of file.
2025-03-25 09:27:33,221 [ERROR] LogOutputStream:75 - [STDERR_REDIRECT] 
2025-03-25 09:27:34,219 [ERROR] LogOutputStream:75 - [STDERR_REDIRECT] [Fatal Error] :1:1: Premature end of file.
2025-03-25 09:27:34,219 [ERROR] LogOutputStream:75 - [STDERR_REDIRECT] 
2025-03-25 09:27:35,228 [ERROR] LogOutputStream:75 - [STDERR_REDIRECT] [Fatal Error] :1:1: Premature end of file.
2025-03-25 09:27:35,228 [ERROR] LogOutputStream:75 - [STDERR_REDIRECT] 
2025-03-25 09:27:36,218 [ERROR] LogOutputStream:75 - [STDERR_REDIRECT] [Fatal Error] :1:1: Premature end of file.
2025-03-25 09:27:36,218 [ERROR] LogOutputStream:75 - [STDERR_REDIRECT] 
2025-03-25 09:27:37,223 [ERROR] LogOutputStream:75 - [STDERR_REDIRECT] [Fatal Error] :1:1: Premature end of file.
2025-03-25 09:27:37,224 [ERROR] LogOutputStream:75 - [STDERR_REDIRECT] 
2025-03-25 09:27:38,223 [ERROR] LogOutputStream:75 - [STDERR_REDIRECT] [Fatal Error] :1:1: Premature end of file.
2025-03-25 09:27:38,223 [ERROR] LogOutputStream:75 - [STDERR_REDIRECT] 
2025-03-25 09:27:39,224 [ERROR] LogOutputStream:75 - [STDERR_REDIRECT] [Fatal Error] :1:1: Premature end of file.
2025-03-25 09:27:39,224 [ERROR] LogOutputStream:75 - [STDERR_REDIRECT] 
2025-03-25 09:27:40,220 [ERROR] LogOutputStream:75 - [STDERR_REDIRECT] [Fatal Error] :1:1: Premature end of file.
2025-03-25 09:27:40,220 [ERROR] LogOutputStream:75 - [STDERR_REDIRECT] 
2025-03-25 09:27:41,232 [ERROR] LogOutputStream:75 - [STDERR_REDIRECT] [Fatal Error] :1:1: Premature end of file.
2025-03-25 09:27:41,233 [ERROR] LogOutputStream:75 - [STDERR_REDIRECT] 
2025-03-25 09:27:42,226 [ERROR] LogOutputStream:75 - [STDERR_REDIRECT] [Fatal Error] :1:1: Premature end of file.
2025-03-25 09:27:42,226 [ERROR] LogOutputStream:75 - [STDERR_REDIRECT] 
2025-03-25 09:27:43,217 [ERROR] LogOutputStream:75 - [STDERR_REDIRECT] [Fatal Error] :1:1: Premature end of file.
2025-03-25 09:27:43,218 [ERROR] LogOutputStream:75 - [STDERR_REDIRECT] 
2025-03-25 09:27:44,222 [ERROR] LogOutputStream:75 - [STDERR_REDIRECT] [Fatal Error] :1:1: Premature end of file.
2025-03-25 09:27:44,222 [ERROR] LogOutputStream:75 - [STDERR_REDIRECT] 
2025-03-25 09:27:45,216 [ERROR] LogOutputStream:75 - [STDERR_REDIRECT] [Fatal Error] :1:1: Premature end of file.
2025-03-25 09:27:45,216 [ERROR] LogOutputStream:75 - [STDERR_REDIRECT] 
2025-03-25 09:27:46,217 [ERROR] LogOutputStream:75 - [STDERR_REDIRECT] [Fatal Error] :1:1: Premature end of file.
2025-03-25 09:27:46,217 [ERROR] LogOutputStream:75 - [STDERR_REDIRECT] 
2025-03-25 09:27:47,220 [ERROR] LogOutputStream:75 - [STDERR_REDIRECT] [Fatal Error] :1:1: Premature end of file.
2025-03-25 09:27:47,220 [ERROR] LogOutputStream:75 - [STDERR_REDIRECT] 
2025-03-25 09:27:48,222 [ERROR] LogOutputStream:75 - [STDERR_REDIRECT] [Fatal Error] :1:1: Premature end of file.
2025-03-25 09:27:48,222 [ERROR] LogOutputStream:75 - [STDERR_REDIRECT] 
2025-03-25 09:27:49,219 [ERROR] LogOutputStream:75 - [STDERR_REDIRECT] [Fatal Error] :1:1: Premature end of file.
2025-03-25 09:27:49,220 [ERROR] LogOutputStream:75 - [STDERR_REDIRECT] 
2025-03-25 09:27:50,231 [ERROR] LogOutputStream:75 - [STDERR_REDIRECT] [Fatal Error] :1:1: Premature end of file.
2025-03-25 09:27:50,232 [ERROR] LogOutputStream:75 - [STDERR_REDIRECT] 
2025-03-25 09:27:51,217 [ERROR] LogOutputStream:75 - [STDERR_REDIRECT] [Fatal Error] :1:1: Premature end of file.
2025-03-25 09:27:51,217 [ERROR] LogOutputStream:75 - [STDERR_REDIRECT] 
2025-03-25 09:27:52,217 [ERROR] LogOutputStream:75 - [STDERR_REDIRECT] [Fatal Error] :1:1: Premature end of file.
2025-03-25 09:27:52,217 [ERROR] LogOutputStream:75 - [STDERR_REDIRECT] 
2025-03-25 09:27:53,220 [ERROR] LogOutputStream:75 - [STDERR_REDIRECT] [Fatal Error] :1:1: Premature end of file.
2025-03-25 09:27:53,220 [ERROR] LogOutputStream:75 - [STDERR_REDIRECT] 
2025-03-25 09:27:54,219 [ERROR] LogOutputStream:75 - [STDERR_REDIRECT] [Fatal Error] :1:1: Premature end of file.
2025-03-25 09:27:54,219 [ERROR] LogOutputStream:75 - [STDERR_REDIRECT] 
2025-03-25 09:27:55,221 [ERROR] LogOutputStream:75 - [STDERR_REDIRECT] [Fatal Error] :1:1: Premature end of file.
2025-03-25 09:27:55,222 [ERROR] LogOutputStream:75 - [STDERR_REDIRECT] 
2025-03-25 09:27:56,221 [ERROR] LogOutputStream:75 - [STDERR_REDIRECT] [Fatal Error] :1:1: Premature end of file.
2025-03-25 09:27:56,221 [ERROR] LogOutputStream:75 - [STDERR_REDIRECT] 
2025-03-25 09:27:57,220 [ERROR] LogOutputStream:75 - [STDERR_REDIRECT] [Fatal Error] :1:1: Premature end of file.
2025-03-25 09:27:57,220 [ERROR] LogOutputStream:75 - [STDERR_REDIRECT] 
2025-03-25 09:27:58,227 [ERROR] LogOutputStream:75 - [STDERR_REDIRECT] [Fatal Error] :1:1: Premature end of file.
2025-03-25 09:27:58,227 [ERROR] LogOutputStream:75 - [STDERR_REDIRECT] 
2025-03-25 09:27:59,213 [ERROR] LogOutputStream:75 - [STDERR_REDIRECT] [Fatal Error] :1:1: Premature end of file.
2025-03-25 09:27:59,213 [ERROR] LogOutputStream:75 - [STDERR_REDIRECT] 
2025-03-25 09:28:00,206 [ERROR] LogOutputStream:75 - [STDERR_REDIRECT] [Fatal Error] :1:1: Premature end of file.
2025-03-25 09:28:00,206 [ERROR] LogOutputStream:75 - [STDERR_REDIRECT] 
2025-03-25 09:28:01,219 [ERROR] LogOutputStream:75 - [STDERR_REDIRECT] [Fatal Error] :1:1: Premature end of file.
2025-03-25 09:28:01,219 [ERROR] LogOutputStream:75 - [STDERR_REDIRECT] 
2025-03-25 09:28:02,222 [ERROR] LogOutputStream:75 - [STDERR_REDIRECT] [Fatal Error] :1:1: Premature end of file.
2025-03-25 09:28:02,222 [ERROR] LogOutputStream:75 - [STDERR_REDIRECT] 
2025-03-25 09:28:03,217 [ERROR] LogOutputStream:75 - [STDERR_REDIRECT] [Fatal Error] :1:1: Premature end of file.
2025-03-25 09:28:03,217 [ERROR] LogOutputStream:75 - [STDERR_REDIRECT] 
2025-03-25 09:28:04,226 [ERROR] LogOutputStream:75 - [STDERR_REDIRECT] [Fatal Error] :1:1: Premature end of file.
2025-03-25 09:28:04,227 [ERROR] LogOutputStream:75 - [STDERR_REDIRECT] 
2025-03-25 09:28:05,214 [ERROR] LogOutputStream:75 - [STDERR_REDIRECT] [Fatal Error] :1:1: Premature end of file.
2025-03-25 09:28:05,214 [ERROR] LogOutputStream:75 - [STDERR_REDIRECT] 
2025-03-25 09:28:06,222 [ERROR] LogOutputStream:75 - [STDERR_REDIRECT] [Fatal Error] :1:1: Premature end of file.
2025-03-25 09:28:06,223 [ERROR] LogOutputStream:75 - [STDERR_REDIRECT] 
2025-03-25 09:28:07,223 [ERROR] LogOutputStream:75 - [STDERR_REDIRECT] [Fatal Error] :1:1: Premature end of file.
2025-03-25 09:28:07,223 [ERROR] LogOutputStream:75 - [STDERR_REDIRECT] 
2025-03-25 09:28:08,215 [ERROR] LogOutputStream:75 - [STDERR_REDIRECT] [Fatal Error] :1:1: Premature end of file.
2025-03-25 09:28:08,215 [ERROR] LogOutputStream:75 - [STDERR_REDIRECT] 
2025-03-25 09:28:09,222 [ERROR] LogOutputStream:75 - [STDERR_REDIRECT] [Fatal Error] :1:1: Premature end of file.
2025-03-25 09:28:09,222 [ERROR] LogOutputStream:75 - [STDERR_REDIRECT] 
2025-03-25 09:28:10,222 [ERROR] LogOutputStream:75 - [STDERR_REDIRECT] [Fatal Error] :1:1: Premature end of file.
2025-03-25 09:28:10,222 [ERROR] LogOutputStream:75 - [STDERR_REDIRECT] 
2025-03-25 09:28:11,212 [ERROR] LogOutputStream:75 - [STDERR_REDIRECT] [Fatal Error] :1:1: Premature end of file.
2025-03-25 09:28:11,213 [ERROR] LogOutputStream:75 - [STDERR_REDIRECT] 
2025-03-25 09:28:12,222 [ERROR] LogOutputStream:75 - [STDERR_REDIRECT] [Fatal Error] :1:1: Premature end of file.
2025-03-25 09:28:12,222 [ERROR] LogOutputStream:75 - [STDERR_REDIRECT] 
2025-03-25 09:28:13,218 [ERROR] LogOutputStream:75 - [STDERR_REDIRECT] [Fatal Error] :1:1: Premature end of file.
2025-03-25 09:28:13,218 [ERROR] LogOutputStream:75 - [STDERR_REDIRECT] 
2025-03-25 09:28:14,217 [ERROR] LogOutputStream:75 - [STDERR_REDIRECT] [Fatal Error] :1:1: Premature end of file.
2025-03-25 09:28:14,217 [ERROR] LogOutputStream:75 - [STDERR_REDIRECT] 
2025-03-25 09:28:15,229 [ERROR] LogOutputStream:75 - [STDERR_REDIRECT] [Fatal Error] :1:1: Premature end of file.
2025-03-25 09:28:15,229 [ERROR] LogOutputStream:75 - [STDERR_REDIRECT] 
2025-03-25 09:28:16,225 [ERROR] LogOutputStream:75 - [STDERR_REDIRECT] [Fatal Error] :1:1: Premature end of file.
2025-03-25 09:28:16,226 [ERROR] LogOutputStream:75 - [STDERR_REDIRECT] 
2025-03-25 09:28:17,224 [ERROR] LogOutputStream:75 - [STDERR_REDIRECT] [Fatal Error] :1:1: Premature end of file.
2025-03-25 09:28:17,224 [ERROR] LogOutputStream:75 - [STDERR_REDIRECT] 
2025-03-25 09:28:18,222 [ERROR] LogOutputStream:75 - [STDERR_REDIRECT] [Fatal Error] :1:1: Premature end of file.
2025-03-25 09:28:18,222 [ERROR] LogOutputStream:75 - [STDERR_REDIRECT] 
2025-03-25 09:28:19,216 [ERROR] LogOutputStream:75 - [STDERR_REDIRECT] [Fatal Error] :1:1: Premature end of file.
2025-03-25 09:28:19,216 [ERROR] LogOutputStream:75 - [STDERR_REDIRECT] 
2025-03-25 09:28:20,216 [ERROR] LogOutputStream:75 - [STDERR_REDIRECT] [Fatal Error] :1:1: Premature end of file.
2025-03-25 09:28:20,217 [ERROR] LogOutputStream:75 - [STDERR_REDIRECT] 
2025-03-25 09:28:21,221 [ERROR] LogOutputStream:75 - [STDERR_REDIRECT] [Fatal Error] :1:1: Premature end of file.
2025-03-25 09:28:21,221 [ERROR] LogOutputStream:75 - [STDERR_REDIRECT] 
2025-03-25 09:28:22,221 [ERROR] LogOutputStream:75 - [STDERR_REDIRECT] [Fatal Error] :1:1: Premature end of file.
2025-03-25 09:28:22,222 [ERROR] LogOutputStream:75 - [STDERR_REDIRECT] 
2025-03-25 09:28:23,220 [ERROR] LogOutputStream:75 - [STDERR_REDIRECT] [Fatal Error] :1:1: Premature end of file.
2025-03-25 09:28:23,221 [ERROR] LogOutputStream:75 - [STDERR_REDIRECT] 
2025-03-25 09:28:24,229 [ERROR] LogOutputStream:75 - [STDERR_REDIRECT] [Fatal Error] :1:1: Premature end of file.
2025-03-25 09:28:24,230 [ERROR] LogOutputStream:75 - [STDERR_REDIRECT] 
2025-03-25 09:28:25,221 [ERROR] LogOutputStream:75 - [STDERR_REDIRECT] [Fatal Error] :1:1: Premature end of file.
2025-03-25 09:28:25,221 [ERROR] LogOutputStream:75 - [STDERR_REDIRECT] 
2025-03-25 09:28:26,220 [ERROR] LogOutputStream:75 - [STDERR_REDIRECT] [Fatal Error] :1:1: Premature end of file.
2025-03-25 09:28:26,220 [ERROR] LogOutputStream:75 - [STDERR_REDIRECT] 
2025-03-25 09:28:27,221 [ERROR] LogOutputStream:75 - [STDERR_REDIRECT] [Fatal Error] :1:1: Premature end of file.
2025-03-25 09:28:27,222 [ERROR] LogOutputStream:75 - [STDERR_REDIRECT] 
2025-03-25 09:28:28,223 [ERROR] LogOutputStream:75 - [STDERR_REDIRECT] [Fatal Error] :1:1: Premature end of file.
2025-03-25 09:28:28,223 [ERROR] LogOutputStream:75 - [STDERR_REDIRECT] 
2025-03-25 09:28:29,202 [ERROR] LogOutputStream:75 - [STDERR_REDIRECT] [Fatal Error] :1:1: Premature end of file.
2025-03-25 09:28:29,202 [ERROR] LogOutputStream:75 - [STDERR_REDIRECT] 
2025-03-25 09:28:30,224 [ERROR] LogOutputStream:75 - [STDERR_REDIRECT] [Fatal Error] :1:1: Premature end of file.
2025-03-25 09:28:30,224 [ERROR] LogOutputStream:75 - [STDERR_REDIRECT] 
2025-03-25 09:28:31,218 [ERROR] LogOutputStream:75 - [STDERR_REDIRECT] [Fatal Error] :1:1: Premature end of file.
2025-03-25 09:28:31,218 [ERROR] LogOutputStream:75 - [STDERR_REDIRECT] 
2025-03-25 09:28:32,209 [ERROR] LogOutputStream:75 - [STDERR_REDIRECT] [Fatal Error] :1:1: Premature end of file.
2025-03-25 09:28:32,209 [ERROR] LogOutputStream:75 - [STDERR_REDIRECT] 
2025-03-25 09:28:33,226 [ERROR] LogOutputStream:75 - [STDERR_REDIRECT] [Fatal Error] :1:1: Premature end of file.
2025-03-25 09:28:33,227 [ERROR] LogOutputStream:75 - [STDERR_REDIRECT] 
2025-03-25 09:28:34,220 [ERROR] LogOutputStream:75 - [STDERR_REDIRECT] [Fatal Error] :1:1: Premature end of file.
2025-03-25 09:28:34,221 [ERROR] LogOutputStream:75 - [STDERR_REDIRECT] 
2025-03-25 09:28:35,222 [ERROR] LogOutputStream:75 - [STDERR_REDIRECT] [Fatal Error] :1:1: Premature end of file.
2025-03-25 09:28:35,222 [ERROR] LogOutputStream:75 - [STDERR_REDIRECT] 
2025-03-25 09:28:36,219 [ERROR] LogOutputStream:75 - [STDERR_REDIRECT] [Fatal Error] :1:1: Premature end of file.
2025-03-25 09:28:36,219 [ERROR] LogOutputStream:75 - [STDERR_REDIRECT] 
2025-03-25 09:28:37,216 [ERROR] LogOutputStream:75 - [STDERR_REDIRECT] [Fatal Error] :1:1: Premature end of file.
2025-03-25 09:28:37,216 [ERROR] LogOutputStream:75 - [STDERR_REDIRECT] 
2025-03-25 09:28:38,216 [ERROR] LogOutputStream:75 - [STDERR_REDIRECT] [Fatal Error] :1:1: Premature end of file.
2025-03-25 09:28:38,216 [ERROR] LogOutputStream:75 - [STDERR_REDIRECT] 
2025-03-25 09:28:39,222 [ERROR] LogOutputStream:75 - [STDERR_REDIRECT] [Fatal Error] :1:1: Premature end of file.
2025-03-25 09:28:39,222 [ERROR] LogOutputStream:75 - [STDERR_REDIRECT] 
2025-03-25 09:28:40,221 [ERROR] LogOutputStream:75 - [STDERR_REDIRECT] [Fatal Error] :1:1: Premature end of file.
2025-03-25 09:28:40,221 [ERROR] LogOutputStream:75 - [STDERR_REDIRECT] 
2025-03-25 09:28:41,197 [ERROR] LogOutputStream:75 - [STDERR_REDIRECT] [Fatal Error] :1:1: Premature end of file.
2025-03-25 09:28:41,197 [ERROR] LogOutputStream:75 - [STDERR_REDIRECT] 
2025-03-25 09:28:42,219 [ERROR] LogOutputStream:75 - [STDERR_REDIRECT] [Fatal Error] :1:1: Premature end of file.
2025-03-25 09:28:42,220 [ERROR] LogOutputStream:75 - [STDERR_REDIRECT] 
2025-03-25 09:28:43,225 [ERROR] LogOutputStream:75 - [STDERR_REDIRECT] [Fatal Error] :1:1: Premature end of file.
2025-03-25 09:28:43,225 [ERROR] LogOutputStream:75 - [STDERR_REDIRECT] 
2025-03-25 09:28:44,217 [ERROR] LogOutputStream:75 - [STDERR_REDIRECT] [Fatal Error] :1:1: Premature end of file.
2025-03-25 09:28:44,217 [ERROR] LogOutputStream:75 - [STDERR_REDIRECT] 
2025-03-25 09:28:45,218 [ERROR] LogOutputStream:75 - [STDERR_REDIRECT] [Fatal Error] :1:1: Premature end of file.
2025-03-25 09:28:45,218 [ERROR] LogOutputStream:75 - [STDERR_REDIRECT] 
2025-03-25 09:28:46,217 [ERROR] LogOutputStream:75 - [STDERR_REDIRECT] [Fatal Error] :1:1: Premature end of file.
2025-03-25 09:28:46,217 [ERROR] LogOutputStream:75 - [STDERR_REDIRECT] 
2025-03-25 09:28:47,226 [ERROR] LogOutputStream:75 - [STDERR_REDIRECT] [Fatal Error] :1:1: Premature end of file.
2025-03-25 09:28:47,226 [ERROR] LogOutputStream:75 - [STDERR_REDIRECT] 
2025-03-25 09:28:48,227 [ERROR] LogOutputStream:75 - [STDERR_REDIRECT] [Fatal Error] :1:1: Premature end of file.
2025-03-25 09:28:48,227 [ERROR] LogOutputStream:75 - [STDERR_REDIRECT] 
2025-03-25 09:28:49,220 [ERROR] LogOutputStream:75 - [STDERR_REDIRECT] [Fatal Error] :1:1: Premature end of file.
2025-03-25 09:28:49,220 [ERROR] LogOutputStream:75 - [STDERR_REDIRECT] 
2025-03-25 09:28:50,217 [ERROR] LogOutputStream:75 - [STDERR_REDIRECT] [Fatal Error] :1:1: Premature end of file.
2025-03-25 09:28:50,217 [ERROR] LogOutputStream:75 - [STDERR_REDIRECT] 
2025-03-25 09:28:51,224 [ERROR] LogOutputStream:75 - [STDERR_REDIRECT] [Fatal Error] :1:1: Premature end of file.
2025-03-25 09:28:51,224 [ERROR] LogOutputStream:75 - [STDERR_REDIRECT] 
2025-03-25 09:28:52,218 [ERROR] LogOutputStream:75 - [STDERR_REDIRECT] [Fatal Error] :1:1: Premature end of file.
2025-03-25 09:28:52,218 [ERROR] LogOutputStream:75 - [STDERR_REDIRECT] 
2025-03-25 09:28:53,200 [ERROR] LogOutputStream:75 - [STDERR_REDIRECT] [Fatal Error] :1:1: Premature end of file.
2025-03-25 09:28:53,200 [ERROR] LogOutputStream:75 - [STDERR_REDIRECT] 
2025-03-25 09:28:54,224 [ERROR] LogOutputStream:75 - [STDERR_REDIRECT] [Fatal Error] :1:1: Premature end of file.
2025-03-25 09:28:54,224 [ERROR] LogOutputStream:75 - [STDERR_REDIRECT] 
2025-03-25 09:28:55,223 [ERROR] LogOutputStream:75 - [STDERR_REDIRECT] [Fatal Error] :1:1: Premature end of file.
2025-03-25 09:28:55,223 [ERROR] LogOutputStream:75 - [STDERR_REDIRECT] 
2025-03-25 09:28:56,232 [ERROR] LogOutputStream:75 - [STDERR_REDIRECT] [Fatal Error] :1:1: Premature end of file.
2025-03-25 09:28:56,233 [ERROR] LogOutputStream:75 - [STDERR_REDIRECT] 
2025-03-25 09:28:57,225 [ERROR] LogOutputStream:75 - [STDERR_REDIRECT] [Fatal Error] :1:1: Premature end of file.
2025-03-25 09:28:57,225 [ERROR] LogOutputStream:75 - [STDERR_REDIRECT] 
2025-03-25 09:28:58,225 [ERROR] LogOutputStream:75 - [STDERR_REDIRECT] [Fatal Error] :1:1: Premature end of file.
2025-03-25 09:28:58,226 [ERROR] LogOutputStream:75 - [STDERR_REDIRECT] 
2025-03-25 09:28:59,228 [ERROR] LogOutputStream:75 - [STDERR_REDIRECT] [Fatal Error] :1:1: Premature end of file.
2025-03-25 09:28:59,228 [ERROR] LogOutputStream:75 - [STDERR_REDIRECT] 
2025-03-25 09:29:00,227 [ERROR] LogOutputStream:75 - [STDERR_REDIRECT] [Fatal Error] :1:1: Premature end of file.
2025-03-25 09:29:00,227 [ERROR] LogOutputStream:75 - [STDERR_REDIRECT] 
2025-03-25 09:29:01,196 [ERROR] LogOutputStream:75 - [STDERR_REDIRECT] [Fatal Error] :1:1: Premature end of file.
2025-03-25 09:29:01,197 [ERROR] LogOutputStream:75 - [STDERR_REDIRECT] 
2025-03-25 09:29:02,208 [ERROR] LogOutputStream:75 - [STDERR_REDIRECT] [Fatal Error] :1:1: Premature end of file.
2025-03-25 09:29:02,208 [ERROR] LogOutputStream:75 - [STDERR_REDIRECT] 
2025-03-25 09:29:03,220 [ERROR] LogOutputStream:75 - [STDERR_REDIRECT] [Fatal Error] :1:1: Premature end of file.
2025-03-25 09:29:03,220 [ERROR] LogOutputStream:75 - [STDERR_REDIRECT] 
2025-03-25 09:29:04,197 [ERROR] LogOutputStream:75 - [STDERR_REDIRECT] [Fatal Error] :1:1: Premature end of file.
2025-03-25 09:29:04,197 [ERROR] LogOutputStream:75 - [STDERR_REDIRECT] 
2025-03-25 09:29:05,218 [ERROR] LogOutputStream:75 - [STDERR_REDIRECT] [Fatal Error] :1:1: Premature end of file.
2025-03-25 09:29:05,218 [ERROR] LogOutputStream:75 - [STDERR_REDIRECT] 
2025-03-25 09:29:06,207 [ERROR] LogOutputStream:75 - [STDERR_REDIRECT] [Fatal Error] :1:1: Premature end of file.
2025-03-25 09:29:06,207 [ERROR] LogOutputStream:75 - [STDERR_REDIRECT] 
2025-03-25 09:29:07,213 [ERROR] LogOutputStream:75 - [STDERR_REDIRECT] [Fatal Error] :1:1: Premature end of file.
2025-03-25 09:29:07,213 [ERROR] LogOutputStream:75 - [STDERR_REDIRECT] 
2025-03-25 09:29:08,220 [ERROR] LogOutputStream:75 - [STDERR_REDIRECT] [Fatal Error] :1:1: Premature end of file.
2025-03-25 09:29:08,220 [ERROR] LogOutputStream:75 - [STDERR_REDIRECT] 
2025-03-25 09:29:09,217 [ERROR] LogOutputStream:75 - [STDERR_REDIRECT] [Fatal Error] :1:1: Premature end of file.
2025-03-25 09:29:09,217 [ERROR] LogOutputStream:75 - [STDERR_REDIRECT] 
2025-03-25 09:29:10,236 [ERROR] LogOutputStream:75 - [STDERR_REDIRECT] [Fatal Error] :1:1: Premature end of file.
2025-03-25 09:29:10,236 [ERROR] LogOutputStream:75 - [STDERR_REDIRECT] 
2025-03-25 09:29:11,217 [ERROR] LogOutputStream:75 - [STDERR_REDIRECT] [Fatal Error] :1:1: Premature end of file.
2025-03-25 09:29:11,217 [ERROR] LogOutputStream:75 - [STDERR_REDIRECT] 
2025-03-25 09:29:12,221 [ERROR] LogOutputStream:75 - [STDERR_REDIRECT] [Fatal Error] :1:1: Premature end of file.
2025-03-25 09:29:12,221 [ERROR] LogOutputStream:75 - [STDERR_REDIRECT] 
2025-03-25 09:29:13,183 [ERROR] LogOutputStream:75 - [STDERR_REDIRECT] [Fatal Error] :1:1: Premature end of file.
2025-03-25 09:29:13,184 [ERROR] LogOutputStream:75 - [STDERR_REDIRECT] 
2025-03-25 09:29:14,221 [ERROR] LogOutputStream:75 - [STDERR_REDIRECT] [Fatal Error] :1:1: Premature end of file.
2025-03-25 09:29:14,221 [ERROR] LogOutputStream:75 - [STDERR_REDIRECT] 
2025-03-25 09:29:15,259 [ERROR] LogOutputStream:75 - [STDERR_REDIRECT] [Fatal Error] :1:1: Premature end of file.
2025-03-25 09:29:15,259 [ERROR] LogOutputStream:75 - [STDERR_REDIRECT] 
2025-03-25 09:29:16,188 [ERROR] LogOutputStream:75 - [STDERR_REDIRECT] [Fatal Error] :1:1: Premature end of file.
2025-03-25 09:29:16,188 [ERROR] LogOutputStream:75 - [STDERR_REDIRECT] 
2025-03-25 09:29:17,183 [ERROR] LogOutputStream:75 - [STDERR_REDIRECT] [Fatal Error] :1:1: Premature end of file.
2025-03-25 09:29:17,183 [ERROR] LogOutputStream:75 - [STDERR_REDIRECT] 
2025-03-25 09:29:18,186 [ERROR] LogOutputStream:75 - [STDERR_REDIRECT] [Fatal Error] :1:1: Premature end of file.
2025-03-25 09:29:18,187 [ERROR] LogOutputStream:75 - [STDERR_REDIRECT] 
2025-03-25 09:29:19,188 [ERROR] LogOutputStream:75 - [STDERR_REDIRECT] [Fatal Error] :1:1: Premature end of file.
2025-03-25 09:29:19,188 [ERROR] LogOutputStream:75 - [STDERR_REDIRECT] 
2025-03-25 09:29:20,190 [ERROR] LogOutputStream:75 - [STDERR_REDIRECT] [Fatal Error] :1:1: Premature end of file.
2025-03-25 09:29:20,190 [ERROR] LogOutputStream:75 - [STDERR_REDIRECT] 
2025-03-25 09:29:21,187 [ERROR] LogOutputStream:75 - [STDERR_REDIRECT] [Fatal Error] :1:1: Premature end of file.
2025-03-25 09:29:21,187 [ERROR] LogOutputStream:75 - [STDERR_REDIRECT] 
2025-03-25 09:29:22,187 [ERROR] LogOutputStream:75 - [STDERR_REDIRECT] [Fatal Error] :1:1: Premature end of file.
2025-03-25 09:29:22,187 [ERROR] LogOutputStream:75 - [STDERR_REDIRECT] 
2025-03-25 09:29:23,205 [ERROR] LogOutputStream:75 - [STDERR_REDIRECT] [Fatal Error] :1:1: Premature end of file.
2025-03-25 09:29:23,205 [ERROR] LogOutputStream:75 - [STDERR_REDIRECT] 
2025-03-25 09:29:24,230 [ERROR] LogOutputStream:75 - [STDERR_REDIRECT] [Fatal Error] :1:1: Premature end of file.
2025-03-25 09:29:24,231 [ERROR] LogOutputStream:75 - [STDERR_REDIRECT] 
2025-03-25 09:29:25,216 [ERROR] LogOutputStream:75 - [STDERR_REDIRECT] [Fatal Error] :1:1: Premature end of file.
2025-03-25 09:29:25,216 [ERROR] LogOutputStream:75 - [STDERR_REDIRECT] 
2025-03-25 09:29:26,221 [ERROR] LogOutputStream:75 - [STDERR_REDIRECT] [Fatal Error] :1:1: Premature end of file.
2025-03-25 09:29:26,221 [ERROR] LogOutputStream:75 - [STDERR_REDIRECT] 
2025-03-25 09:29:27,221 [ERROR] LogOutputStream:75 - [STDERR_REDIRECT] [Fatal Error] :1:1: Premature end of file.
2025-03-25 09:29:27,221 [ERROR] LogOutputStream:75 - [STDERR_REDIRECT] 
2025-03-25 09:29:28,220 [ERROR] LogOutputStream:75 - [STDERR_REDIRECT] [Fatal Error] :1:1: Premature end of file.
2025-03-25 09:29:28,221 [ERROR] LogOutputStream:75 - [STDERR_REDIRECT] 
2025-03-25 09:29:29,215 [ERROR] LogOutputStream:75 - [STDERR_REDIRECT] [Fatal Error] :1:1: Premature end of file.
2025-03-25 09:29:29,216 [ERROR] LogOutputStream:75 - [STDERR_REDIRECT] 
2025-03-25 09:29:30,219 [ERROR] LogOutputStream:75 - [STDERR_REDIRECT] [Fatal Error] :1:1: Premature end of file.
2025-03-25 09:29:30,219 [ERROR] LogOutputStream:75 - [STDERR_REDIRECT] 
2025-03-25 09:29:31,214 [ERROR] LogOutputStream:75 - [STDERR_REDIRECT] [Fatal Error] :1:1: Premature end of file.
2025-03-25 09:29:31,214 [ERROR] LogOutputStream:75 - [STDERR_REDIRECT] 
2025-03-25 09:29:32,217 [ERROR] LogOutputStream:75 - [STDERR_REDIRECT] [Fatal Error] :1:1: Premature end of file.
2025-03-25 09:29:32,217 [ERROR] LogOutputStream:75 - [STDERR_REDIRECT] 
2025-03-25 09:29:33,221 [ERROR] LogOutputStream:75 - [STDERR_REDIRECT] [Fatal Error] :1:1: Premature end of file.
2025-03-25 09:29:33,221 [ERROR] LogOutputStream:75 - [STDERR_REDIRECT] 
2025-03-25 09:29:34,220 [ERROR] LogOutputStream:75 - [STDERR_REDIRECT] [Fatal Error] :1:1: Premature end of file.
2025-03-25 09:29:34,220 [ERROR] LogOutputStream:75 - [STDERR_REDIRECT] 
2025-03-25 09:29:35,217 [ERROR] LogOutputStream:75 - [STDERR_REDIRECT] [Fatal Error] :1:1: Premature end of file.
2025-03-25 09:29:35,217 [ERROR] LogOutputStream:75 - [STDERR_REDIRECT] 
2025-03-25 09:29:36,220 [ERROR] LogOutputStream:75 - [STDERR_REDIRECT] [Fatal Error] :1:1: Premature end of file.
2025-03-25 09:29:36,220 [ERROR] LogOutputStream:75 - [STDERR_REDIRECT] 
2025-03-25 09:29:37,218 [ERROR] LogOutputStream:75 - [STDERR_REDIRECT] [Fatal Error] :1:1: Premature end of file.
2025-03-25 09:29:37,218 [ERROR] LogOutputStream:75 - [STDERR_REDIRECT] 
2025-03-25 09:29:38,219 [ERROR] LogOutputStream:75 - [STDERR_REDIRECT] [Fatal Error] :1:1: Premature end of file.
2025-03-25 09:29:38,219 [ERROR] LogOutputStream:75 - [STDERR_REDIRECT] 
2025-03-25 09:29:39,219 [ERROR] LogOutputStream:75 - [STDERR_REDIRECT] [Fatal Error] :1:1: Premature end of file.
2025-03-25 09:29:39,219 [ERROR] LogOutputStream:75 - [STDERR_REDIRECT] 
2025-03-25 09:29:40,222 [ERROR] LogOutputStream:75 - [STDERR_REDIRECT] [Fatal Error] :1:1: Premature end of file.
2025-03-25 09:29:40,223 [ERROR] LogOutputStream:75 - [STDERR_REDIRECT] 
2025-03-25 09:29:41,218 [ERROR] LogOutputStream:75 - [STDERR_REDIRECT] [Fatal Error] :1:1: Premature end of file.
2025-03-25 09:29:41,218 [ERROR] LogOutputStream:75 - [STDERR_REDIRECT] 
2025-03-25 09:29:42,222 [ERROR] LogOutputStream:75 - [STDERR_REDIRECT] [Fatal Error] :1:1: Premature end of file.
2025-03-25 09:29:42,222 [ERROR] LogOutputStream:75 - [STDERR_REDIRECT] 
2025-03-25 09:29:43,220 [ERROR] LogOutputStream:75 - [STDERR_REDIRECT] [Fatal Error] :1:1: Premature end of file.
2025-03-25 09:29:43,221 [ERROR] LogOutputStream:75 - [STDERR_REDIRECT] 
2025-03-25 09:29:44,221 [ERROR] LogOutputStream:75 - [STDERR_REDIRECT] [Fatal Error] :1:1: Premature end of file.
2025-03-25 09:29:44,222 [ERROR] LogOutputStream:75 - [STDERR_REDIRECT] 
2025-03-25 09:29:45,222 [ERROR] LogOutputStream:75 - [STDERR_REDIRECT] [Fatal Error] :1:1: Premature end of file.
2025-03-25 09:29:45,222 [ERROR] LogOutputStream:75 - [STDERR_REDIRECT] 
2025-03-25 09:29:46,212 [ERROR] LogOutputStream:75 - [STDERR_REDIRECT] [Fatal Error] :1:1: Premature end of file.
2025-03-25 09:29:46,212 [ERROR] LogOutputStream:75 - [STDERR_REDIRECT] 
2025-03-25 09:29:47,216 [ERROR] LogOutputStream:75 - [STDERR_REDIRECT] [Fatal Error] :1:1: Premature end of file.
2025-03-25 09:29:47,217 [ERROR] LogOutputStream:75 - [STDERR_REDIRECT] 
2025-03-25 09:29:48,218 [ERROR] LogOutputStream:75 - [STDERR_REDIRECT] [Fatal Error] :1:1: Premature end of file.
2025-03-25 09:29:48,218 [ERROR] LogOutputStream:75 - [STDERR_REDIRECT] 
2025-03-25 09:29:49,222 [ERROR] LogOutputStream:75 - [STDERR_REDIRECT] [Fatal Error] :1:1: Premature end of file.
2025-03-25 09:29:49,222 [ERROR] LogOutputStream:75 - [STDERR_REDIRECT] 
2025-03-25 09:29:50,223 [ERROR] LogOutputStream:75 - [STDERR_REDIRECT] [Fatal Error] :1:1: Premature end of file.
2025-03-25 09:29:50,223 [ERROR] LogOutputStream:75 - [STDERR_REDIRECT] 
2025-03-25 09:29:51,221 [ERROR] LogOutputStream:75 - [STDERR_REDIRECT] [Fatal Error] :1:1: Premature end of file.
2025-03-25 09:29:51,221 [ERROR] LogOutputStream:75 - [STDERR_REDIRECT] 
2025-03-25 09:29:52,216 [ERROR] LogOutputStream:75 - [STDERR_REDIRECT] [Fatal Error] :1:1: Premature end of file.
2025-03-25 09:29:52,216 [ERROR] LogOutputStream:75 - [STDERR_REDIRECT] 
2025-03-25 09:29:53,218 [ERROR] LogOutputStream:75 - [STDERR_REDIRECT] [Fatal Error] :1:1: Premature end of file.
2025-03-25 09:29:53,218 [ERROR] LogOutputStream:75 - [STDERR_REDIRECT] 
2025-03-25 09:29:54,206 [ERROR] LogOutputStream:75 - [STDERR_REDIRECT] [Fatal Error] :1:1: Premature end of file.
2025-03-25 09:29:54,206 [ERROR] LogOutputStream:75 - [STDERR_REDIRECT] 
2025-03-25 09:29:55,190 [ERROR] LogOutputStream:75 - [STDERR_REDIRECT] [Fatal Error] :1:1: Premature end of file.
2025-03-25 09:29:55,190 [ERROR] LogOutputStream:75 - [STDERR_REDIRECT] 
2025-03-25 09:29:56,224 [ERROR] LogOutputStream:75 - [STDERR_REDIRECT] [Fatal Error] :1:1: Premature end of file.
2025-03-25 09:29:56,224 [ERROR] LogOutputStream:75 - [STDERR_REDIRECT] 
2025-03-25 09:29:57,213 [ERROR] LogOutputStream:75 - [STDERR_REDIRECT] [Fatal Error] :1:1: Premature end of file.
2025-03-25 09:29:57,213 [ERROR] LogOutputStream:75 - [STDERR_REDIRECT] 
2025-03-25 09:29:58,213 [ERROR] LogOutputStream:75 - [STDERR_REDIRECT] [Fatal Error] :1:1: Premature end of file.
2025-03-25 09:29:58,214 [ERROR] LogOutputStream:75 - [STDERR_REDIRECT] 
2025-03-25 09:29:59,214 [ERROR] LogOutputStream:75 - [STDERR_REDIRECT] [Fatal Error] :1:1: Premature end of file.
2025-03-25 09:29:59,214 [ERROR] LogOutputStream:75 - [STDERR_REDIRECT] 
2025-03-25 09:30:00,214 [ERROR] LogOutputStream:75 - [STDERR_REDIRECT] [Fatal Error] :1:1: Premature end of file.
2025-03-25 09:30:00,214 [ERROR] LogOutputStream:75 - [STDERR_REDIRECT] 
2025-03-25 09:30:01,222 [ERROR] LogOutputStream:75 - [STDERR_REDIRECT] [Fatal Error] :1:1: Premature end of file.
2025-03-25 09:30:01,222 [ERROR] LogOutputStream:75 - [STDERR_REDIRECT] 
2025-03-25 09:30:02,223 [ERROR] LogOutputStream:75 - [STDERR_REDIRECT] [Fatal Error] :1:1: Premature end of file.
2025-03-25 09:30:02,223 [ERROR] LogOutputStream:75 - [STDERR_REDIRECT] 
2025-03-25 09:30:03,220 [ERROR] LogOutputStream:75 - [STDERR_REDIRECT] [Fatal Error] :1:1: Premature end of file.
2025-03-25 09:30:03,220 [ERROR] LogOutputStream:75 - [STDERR_REDIRECT] 
2025-03-25 09:30:04,219 [ERROR] LogOutputStream:75 - [STDERR_REDIRECT] [Fatal Error] :1:1: Premature end of file.
2025-03-25 09:30:04,219 [ERROR] LogOutputStream:75 - [STDERR_REDIRECT] 
2025-03-25 09:30:05,225 [ERROR] LogOutputStream:75 - [STDERR_REDIRECT] [Fatal Error] :1:1: Premature end of file.
2025-03-25 09:30:05,225 [ERROR] LogOutputStream:75 - [STDERR_REDIRECT] 
2025-03-25 09:30:06,221 [ERROR] LogOutputStream:75 - [STDERR_REDIRECT] [Fatal Error] :1:1: Premature end of file.
2025-03-25 09:30:06,221 [ERROR] LogOutputStream:75 - [STDERR_REDIRECT] 
2025-03-25 09:30:07,211 [ERROR] LogOutputStream:75 - [STDERR_REDIRECT] [Fatal Error] :1:1: Premature end of file.
2025-03-25 09:30:07,211 [ERROR] LogOutputStream:75 - [STDERR_REDIRECT] 
2025-03-25 09:30:08,226 [ERROR] LogOutputStream:75 - [STDERR_REDIRECT] [Fatal Error] :1:1: Premature end of file.
2025-03-25 09:30:08,226 [ERROR] LogOutputStream:75 - [STDERR_REDIRECT] 
2025-03-25 09:30:09,185 [ERROR] LogOutputStream:75 - [STDERR_REDIRECT] [Fatal Error] :1:1: Premature end of file.
2025-03-25 09:30:09,185 [ERROR] LogOutputStream:75 - [STDERR_REDIRECT] 
2025-03-25 09:30:10,215 [ERROR] LogOutputStream:75 - [STDERR_REDIRECT] [Fatal Error] :1:1: Premature end of file.
2025-03-25 09:30:10,215 [ERROR] LogOutputStream:75 - [STDERR_REDIRECT] 
2025-03-25 09:30:11,225 [ERROR] LogOutputStream:75 - [STDERR_REDIRECT] [Fatal Error] :1:1: Premature end of file.
2025-03-25 09:30:11,225 [ERROR] LogOutputStream:75 - [STDERR_REDIRECT] 
2025-03-25 09:30:11,566 [INFO] NvicIntPanel:101 - NVIC parent = com.st.microxplorer.plugins.ip.nvic.MultiNvicIntPanel[,0,0,0x0,invalid,layout=javax.swing.BoxLayout,alignmentX=0.0,alignmentY=0.0,border=,flags=9,maximumSize=,minimumSize=,preferredSize=]
2025-03-25 09:30:12,215 [ERROR] LogOutputStream:75 - [STDERR_REDIRECT] [Fatal Error] :1:1: Premature end of file.
2025-03-25 09:30:12,215 [ERROR] LogOutputStream:75 - [STDERR_REDIRECT] 
2025-03-25 09:30:12,854 [INFO] UtilMem:75 - End SaveConfig() Used Memory: 683145408 Bytes (975175680)
2025-03-25 09:30:13,234 [ERROR] LogOutputStream:75 - [STDERR_REDIRECT] [Fatal Error] :1:1: Premature end of file.
2025-03-25 09:30:13,234 [ERROR] LogOutputStream:75 - [STDERR_REDIRECT] 
2025-03-25 09:30:14,225 [ERROR] LogOutputStream:75 - [STDERR_REDIRECT] [Fatal Error] :1:1: Premature end of file.
2025-03-25 09:30:14,225 [ERROR] LogOutputStream:75 - [STDERR_REDIRECT] 
2025-03-25 09:30:15,241 [ERROR] LogOutputStream:75 - [STDERR_REDIRECT] [Fatal Error] :1:1: Premature end of file.
2025-03-25 09:30:15,242 [ERROR] LogOutputStream:75 - [STDERR_REDIRECT] 
2025-03-25 09:30:15,256 [INFO] UtilMem:75 - End SaveConfig() Used Memory: 707262656 Bytes (975175680)
2025-03-25 09:30:15,646 [INFO] UtilMem:75 - End SaveConfig() Used Memory: 787476672 Bytes (975175680)
2025-03-25 09:30:15,812 [INFO] BlockDiagram:2775 - set Specific Code input for plugin: SYS
2025-03-25 09:30:15,812 [INFO] BlockDiagram:2775 - set Specific Code input for plugin: RCC
2025-03-25 09:30:15,812 [INFO] BlockDiagram:2775 - set Specific Code input for plugin: I2C
2025-03-25 09:30:15,812 [INFO] BlockDiagram:2775 - set Specific Code input for plugin: NVIC
2025-03-25 09:30:15,812 [INFO] BlockDiagram:2775 - set Specific Code input for plugin: USART
2025-03-25 09:30:15,813 [INFO] BlockDiagram:2775 - set Specific Code input for plugin: GPIO
2025-03-25 09:30:15,817 [INFO] CodeGenerator:882 - code generatio: config db path: C:\ST\STM32CubeIDE_1.17.0\STM32CubeIDE\plugins\com.st.stm32cube.common.mx_6.14.0.202502271554\\db\
2025-03-25 09:30:15,875 [INFO] CodeEngine:263 - oldGeneratedFile, C:\Users\raj\Project\Project\Test\bat\bat\MXTmpFiles\license.tmp_save
2025-03-25 09:30:15,945 [INFO] CodeEngine:287 - Generated code: C:\Users\raj\Project\Project\Test\bat\bat\MXTmpFiles\license.tmp
2025-03-25 09:30:15,989 [INFO] CodeEngine:263 - oldGeneratedFile, C:\Users\raj\Project\Project\Test\bat\bat\MXTmpFiles\gpio.tmp_save
2025-03-25 09:30:16,050 [INFO] CodeEngine:287 - Generated code: C:\Users\raj\Project\Project\Test\bat\bat\MXTmpFiles\gpio.tmp
2025-03-25 09:30:16,121 [INFO] CodeEngine:263 - oldGeneratedFile, C:\Users\raj\Project\Project\Test\bat\bat\Core\Src\stm32f3xx_it.c_save
2025-03-25 09:30:16,184 [INFO] CodeEngine:287 - Generated code: C:\Users\raj\Project\Project\Test\bat\bat\Core\Src\stm32f3xx_it.c
2025-03-25 09:30:16,189 [INFO] CodeEngine:263 - oldGeneratedFile, C:\Users\raj\Project\Project\Test\bat\bat\Core\Inc\stm32f3xx_it.h_save
2025-03-25 09:30:16,190 [ERROR] LogOutputStream:75 - [STDERR_REDIRECT] [Fatal Error] :1:1: Premature end of file.
2025-03-25 09:30:16,190 [ERROR] LogOutputStream:75 - [STDERR_REDIRECT] 
2025-03-25 09:30:16,234 [INFO] CodeEngine:287 - Generated code: C:\Users\raj\Project\Project\Test\bat\bat\Core\Inc\stm32f3xx_it.h
2025-03-25 09:30:16,254 [INFO] CodeEngine:263 - oldGeneratedFile, C:\Users\raj\Project\Project\Test\bat\bat\Core\Src\stm32f3xx_hal_msp.c_save
2025-03-25 09:30:16,320 [INFO] CodeEngine:287 - Generated code: C:\Users\raj\Project\Project\Test\bat\bat\Core\Src\stm32f3xx_hal_msp.c
2025-03-25 09:30:16,323 [INFO] CodeEngine:263 - oldGeneratedFile, C:\Users\raj\Project\Project\Test\bat\bat\MXTmpFiles\system.tmp_save
2025-03-25 09:30:16,358 [INFO] CodeEngine:287 - Generated code: C:\Users\raj\Project\Project\Test\bat\bat\MXTmpFiles\system.tmp
2025-03-25 09:30:16,374 [INFO] CodeEngine:319 - oldGeneratedFile, C:\Users\raj\Project\Project\Test\bat\bat\Core\Inc\stm32f3xx_hal_conf.h_save
2025-03-25 09:30:16,451 [INFO] CodeEngine:343 - Generated code: C:\Users\raj\Project\Project\Test\bat\bat\Core\Inc\stm32f3xx_hal_conf.h
2025-03-25 09:30:16,499 [INFO] CodeEngine:263 - oldGeneratedFile, C:\Users\raj\Project\Project\Test\bat\bat\Core\Inc\main.h_save
2025-03-25 09:30:16,553 [INFO] CodeEngine:287 - Generated code: C:\Users\raj\Project\Project\Test\bat\bat\Core\Inc\main.h
2025-03-25 09:30:16,567 [INFO] CodeEngine:263 - oldGeneratedFile, C:\Users\raj\Project\Project\Test\bat\bat\Core\Src\main.c_save
2025-03-25 09:30:16,654 [INFO] CodeEngine:287 - Generated code: C:\Users\raj\Project\Project\Test\bat\bat\Core\Src\main.c
2025-03-25 09:30:16,993 [INFO] ProjectBuilder:3324 - Time for Copy HAL[1] : 151mS.
2025-03-25 09:30:16,996 [INFO] ProjectBuilder:4912 - Project Generator version: 4.6.0-B36
2025-03-25 09:30:17,036 [INFO] ConfigFileManager:1590 - The Die is : DIE446
2025-03-25 09:30:17,198 [ERROR] LogOutputStream:75 - [STDERR_REDIRECT] [Fatal Error] :1:1: Premature end of file.
2025-03-25 09:30:17,199 [ERROR] LogOutputStream:75 - [STDERR_REDIRECT] 
2025-03-25 09:30:17,634 [INFO] ProjectBuilder:5191 - Time for Generating toolchain IDE Files: 638mS.
2025-03-25 09:30:17,635 [INFO] ProjectBuilder:3181 - Time for Copy CMSIS : 1mS.
2025-03-25 09:30:17,638 [INFO] ProjectBuilder:3181 - Time for Copy CMSIS : 0mS.
2025-03-25 09:30:18,217 [ERROR] LogOutputStream:75 - [STDERR_REDIRECT] [Fatal Error] :1:1: Premature end of file.
2025-03-25 09:30:18,217 [ERROR] LogOutputStream:75 - [STDERR_REDIRECT] 
2025-03-25 09:30:19,221 [ERROR] LogOutputStream:75 - [STDERR_REDIRECT] [Fatal Error] :1:1: Premature end of file.
2025-03-25 09:30:19,221 [ERROR] LogOutputStream:75 - [STDERR_REDIRECT] 
2025-03-25 09:30:20,218 [ERROR] LogOutputStream:75 - [STDERR_REDIRECT] [Fatal Error] :1:1: Premature end of file.
2025-03-25 09:30:20,219 [ERROR] LogOutputStream:75 - [STDERR_REDIRECT] 
2025-03-25 09:30:21,221 [ERROR] LogOutputStream:75 - [STDERR_REDIRECT] [Fatal Error] :1:1: Premature end of file.
2025-03-25 09:30:21,222 [ERROR] LogOutputStream:75 - [STDERR_REDIRECT] 
2025-03-25 09:30:22,221 [ERROR] LogOutputStream:75 - [STDERR_REDIRECT] [Fatal Error] :1:1: Premature end of file.
2025-03-25 09:30:22,221 [ERROR] LogOutputStream:75 - [STDERR_REDIRECT] 
2025-03-25 09:30:23,213 [ERROR] LogOutputStream:75 - [STDERR_REDIRECT] [Fatal Error] :1:1: Premature end of file.
2025-03-25 09:30:23,214 [ERROR] LogOutputStream:75 - [STDERR_REDIRECT] 
2025-03-25 09:30:24,230 [ERROR] LogOutputStream:75 - [STDERR_REDIRECT] [Fatal Error] :1:1: Premature end of file.
2025-03-25 09:30:24,231 [ERROR] LogOutputStream:75 - [STDERR_REDIRECT] 
2025-03-25 09:30:25,231 [ERROR] LogOutputStream:75 - [STDERR_REDIRECT] [Fatal Error] :1:1: Premature end of file.
2025-03-25 09:30:25,231 [ERROR] LogOutputStream:75 - [STDERR_REDIRECT] 
2025-03-25 09:30:26,213 [ERROR] LogOutputStream:75 - [STDERR_REDIRECT] [Fatal Error] :1:1: Premature end of file.
2025-03-25 09:30:26,213 [ERROR] LogOutputStream:75 - [STDERR_REDIRECT] 
2025-03-25 09:30:27,192 [ERROR] LogOutputStream:75 - [STDERR_REDIRECT] [Fatal Error] :1:1: Premature end of file.
2025-03-25 09:30:27,192 [ERROR] LogOutputStream:75 - [STDERR_REDIRECT] 
2025-03-25 09:30:28,202 [ERROR] LogOutputStream:75 - [STDERR_REDIRECT] [Fatal Error] :1:1: Premature end of file.
2025-03-25 09:30:28,202 [ERROR] LogOutputStream:75 - [STDERR_REDIRECT] 
2025-03-25 09:30:29,214 [ERROR] LogOutputStream:75 - [STDERR_REDIRECT] [Fatal Error] :1:1: Premature end of file.
2025-03-25 09:30:29,214 [ERROR] LogOutputStream:75 - [STDERR_REDIRECT] 
2025-03-25 09:30:30,222 [ERROR] LogOutputStream:75 - [STDERR_REDIRECT] [Fatal Error] :1:1: Premature end of file.
2025-03-25 09:30:30,222 [ERROR] LogOutputStream:75 - [STDERR_REDIRECT] 
2025-03-25 09:30:31,217 [ERROR] LogOutputStream:75 - [STDERR_REDIRECT] [Fatal Error] :1:1: Premature end of file.
2025-03-25 09:30:31,218 [ERROR] LogOutputStream:75 - [STDERR_REDIRECT] 
2025-03-25 09:30:32,216 [ERROR] LogOutputStream:75 - [STDERR_REDIRECT] [Fatal Error] :1:1: Premature end of file.
2025-03-25 09:30:32,216 [ERROR] LogOutputStream:75 - [STDERR_REDIRECT] 
2025-03-25 09:30:33,222 [ERROR] LogOutputStream:75 - [STDERR_REDIRECT] [Fatal Error] :1:1: Premature end of file.
2025-03-25 09:30:33,222 [ERROR] LogOutputStream:75 - [STDERR_REDIRECT] 
2025-03-25 09:30:34,237 [ERROR] LogOutputStream:75 - [STDERR_REDIRECT] [Fatal Error] :1:1: Premature end of file.
2025-03-25 09:30:34,237 [ERROR] LogOutputStream:75 - [STDERR_REDIRECT] 
2025-03-25 09:30:35,214 [ERROR] LogOutputStream:75 - [STDERR_REDIRECT] [Fatal Error] :1:1: Premature end of file.
2025-03-25 09:30:35,215 [ERROR] LogOutputStream:75 - [STDERR_REDIRECT] 
2025-03-25 09:30:36,220 [ERROR] LogOutputStream:75 - [STDERR_REDIRECT] [Fatal Error] :1:1: Premature end of file.
2025-03-25 09:30:36,220 [ERROR] LogOutputStream:75 - [STDERR_REDIRECT] 
2025-03-25 09:30:37,222 [ERROR] LogOutputStream:75 - [STDERR_REDIRECT] [Fatal Error] :1:1: Premature end of file.
2025-03-25 09:30:37,222 [ERROR] LogOutputStream:75 - [STDERR_REDIRECT] 
2025-03-25 09:30:38,211 [ERROR] LogOutputStream:75 - [STDERR_REDIRECT] [Fatal Error] :1:1: Premature end of file.
2025-03-25 09:30:38,212 [ERROR] LogOutputStream:75 - [STDERR_REDIRECT] 
2025-03-25 09:30:39,226 [ERROR] LogOutputStream:75 - [STDERR_REDIRECT] [Fatal Error] :1:1: Premature end of file.
2025-03-25 09:30:39,226 [ERROR] LogOutputStream:75 - [STDERR_REDIRECT] 
2025-03-25 09:30:40,222 [ERROR] LogOutputStream:75 - [STDERR_REDIRECT] [Fatal Error] :1:1: Premature end of file.
2025-03-25 09:30:40,223 [ERROR] LogOutputStream:75 - [STDERR_REDIRECT] 
2025-03-25 09:30:41,223 [ERROR] LogOutputStream:75 - [STDERR_REDIRECT] [Fatal Error] :1:1: Premature end of file.
2025-03-25 09:30:41,223 [ERROR] LogOutputStream:75 - [STDERR_REDIRECT] 
2025-03-25 09:30:42,219 [ERROR] LogOutputStream:75 - [STDERR_REDIRECT] [Fatal Error] :1:1: Premature end of file.
2025-03-25 09:30:42,220 [ERROR] LogOutputStream:75 - [STDERR_REDIRECT] 
2025-03-25 09:30:43,229 [ERROR] LogOutputStream:75 - [STDERR_REDIRECT] [Fatal Error] :1:1: Premature end of file.
2025-03-25 09:30:43,229 [ERROR] LogOutputStream:75 - [STDERR_REDIRECT] 
2025-03-25 09:30:44,221 [ERROR] LogOutputStream:75 - [STDERR_REDIRECT] [Fatal Error] :1:1: Premature end of file.
2025-03-25 09:30:44,221 [ERROR] LogOutputStream:75 - [STDERR_REDIRECT] 
2025-03-25 09:30:45,223 [ERROR] LogOutputStream:75 - [STDERR_REDIRECT] [Fatal Error] :1:1: Premature end of file.
2025-03-25 09:30:45,223 [ERROR] LogOutputStream:75 - [STDERR_REDIRECT] 
2025-03-25 09:30:46,227 [ERROR] LogOutputStream:75 - [STDERR_REDIRECT] [Fatal Error] :1:1: Premature end of file.
2025-03-25 09:30:46,227 [ERROR] LogOutputStream:75 - [STDERR_REDIRECT] 
2025-03-25 09:30:47,225 [ERROR] LogOutputStream:75 - [STDERR_REDIRECT] [Fatal Error] :1:1: Premature end of file.
2025-03-25 09:30:47,225 [ERROR] LogOutputStream:75 - [STDERR_REDIRECT] 
2025-03-25 09:30:48,222 [ERROR] LogOutputStream:75 - [STDERR_REDIRECT] [Fatal Error] :1:1: Premature end of file.
2025-03-25 09:30:48,222 [ERROR] LogOutputStream:75 - [STDERR_REDIRECT] 
2025-03-25 09:30:49,224 [ERROR] LogOutputStream:75 - [STDERR_REDIRECT] [Fatal Error] :1:1: Premature end of file.
2025-03-25 09:30:49,224 [ERROR] LogOutputStream:75 - [STDERR_REDIRECT] 
2025-03-25 09:30:50,215 [ERROR] LogOutputStream:75 - [STDERR_REDIRECT] [Fatal Error] :1:1: Premature end of file.
2025-03-25 09:30:50,215 [ERROR] LogOutputStream:75 - [STDERR_REDIRECT] 
2025-03-25 09:30:51,220 [ERROR] LogOutputStream:75 - [STDERR_REDIRECT] [Fatal Error] :1:1: Premature end of file.
2025-03-25 09:30:51,220 [ERROR] LogOutputStream:75 - [STDERR_REDIRECT] 
2025-03-25 09:30:52,230 [ERROR] LogOutputStream:75 - [STDERR_REDIRECT] [Fatal Error] :1:1: Premature end of file.
2025-03-25 09:30:52,231 [ERROR] LogOutputStream:75 - [STDERR_REDIRECT] 
2025-03-25 09:30:53,219 [ERROR] LogOutputStream:75 - [STDERR_REDIRECT] [Fatal Error] :1:1: Premature end of file.
2025-03-25 09:30:53,220 [ERROR] LogOutputStream:75 - [STDERR_REDIRECT] 
2025-03-25 09:30:54,226 [ERROR] LogOutputStream:75 - [STDERR_REDIRECT] [Fatal Error] :1:1: Premature end of file.
2025-03-25 09:30:54,226 [ERROR] LogOutputStream:75 - [STDERR_REDIRECT] 
2025-03-25 09:30:55,222 [ERROR] LogOutputStream:75 - [STDERR_REDIRECT] [Fatal Error] :1:1: Premature end of file.
2025-03-25 09:30:55,222 [ERROR] LogOutputStream:75 - [STDERR_REDIRECT] 
2025-03-25 09:30:56,219 [ERROR] LogOutputStream:75 - [STDERR_REDIRECT] [Fatal Error] :1:1: Premature end of file.
2025-03-25 09:30:56,219 [ERROR] LogOutputStream:75 - [STDERR_REDIRECT] 
2025-03-25 09:30:57,219 [ERROR] LogOutputStream:75 - [STDERR_REDIRECT] [Fatal Error] :1:1: Premature end of file.
2025-03-25 09:30:57,219 [ERROR] LogOutputStream:75 - [STDERR_REDIRECT] 
2025-03-25 09:30:58,222 [ERROR] LogOutputStream:75 - [STDERR_REDIRECT] [Fatal Error] :1:1: Premature end of file.
2025-03-25 09:30:58,222 [ERROR] LogOutputStream:75 - [STDERR_REDIRECT] 
2025-03-25 09:30:59,219 [ERROR] LogOutputStream:75 - [STDERR_REDIRECT] [Fatal Error] :1:1: Premature end of file.
2025-03-25 09:30:59,219 [ERROR] LogOutputStream:75 - [STDERR_REDIRECT] 
2025-03-25 09:31:00,256 [ERROR] LogOutputStream:75 - [STDERR_REDIRECT] [Fatal Error] :1:1: Premature end of file.
2025-03-25 09:31:00,256 [ERROR] LogOutputStream:75 - [STDERR_REDIRECT] 
2025-03-25 09:31:01,219 [ERROR] LogOutputStream:75 - [STDERR_REDIRECT] [Fatal Error] :1:1: Premature end of file.
2025-03-25 09:31:01,220 [ERROR] LogOutputStream:75 - [STDERR_REDIRECT] 
2025-03-25 09:31:02,219 [ERROR] LogOutputStream:75 - [STDERR_REDIRECT] [Fatal Error] :1:1: Premature end of file.
2025-03-25 09:31:02,219 [ERROR] LogOutputStream:75 - [STDERR_REDIRECT] 
2025-03-25 09:31:03,214 [ERROR] LogOutputStream:75 - [STDERR_REDIRECT] [Fatal Error] :1:1: Premature end of file.
2025-03-25 09:31:03,214 [ERROR] LogOutputStream:75 - [STDERR_REDIRECT] 
2025-03-25 09:31:04,225 [ERROR] LogOutputStream:75 - [STDERR_REDIRECT] [Fatal Error] :1:1: Premature end of file.
2025-03-25 09:31:04,226 [ERROR] LogOutputStream:75 - [STDERR_REDIRECT] 
2025-03-25 09:31:05,218 [ERROR] LogOutputStream:75 - [STDERR_REDIRECT] [Fatal Error] :1:1: Premature end of file.
2025-03-25 09:31:05,219 [ERROR] LogOutputStream:75 - [STDERR_REDIRECT] 
2025-03-25 09:31:06,220 [ERROR] LogOutputStream:75 - [STDERR_REDIRECT] [Fatal Error] :1:1: Premature end of file.
2025-03-25 09:31:06,220 [ERROR] LogOutputStream:75 - [STDERR_REDIRECT] 
2025-03-25 09:31:07,225 [ERROR] LogOutputStream:75 - [STDERR_REDIRECT] [Fatal Error] :1:1: Premature end of file.
2025-03-25 09:31:07,225 [ERROR] LogOutputStream:75 - [STDERR_REDIRECT] 
2025-03-25 09:31:08,225 [ERROR] LogOutputStream:75 - [STDERR_REDIRECT] [Fatal Error] :1:1: Premature end of file.
2025-03-25 09:31:08,225 [ERROR] LogOutputStream:75 - [STDERR_REDIRECT] 
2025-03-25 09:31:09,218 [ERROR] LogOutputStream:75 - [STDERR_REDIRECT] [Fatal Error] :1:1: Premature end of file.
2025-03-25 09:31:09,218 [ERROR] LogOutputStream:75 - [STDERR_REDIRECT] 
2025-03-25 09:31:10,223 [ERROR] LogOutputStream:75 - [STDERR_REDIRECT] [Fatal Error] :1:1: Premature end of file.
2025-03-25 09:31:10,223 [ERROR] LogOutputStream:75 - [STDERR_REDIRECT] 
2025-03-25 09:31:11,219 [ERROR] LogOutputStream:75 - [STDERR_REDIRECT] [Fatal Error] :1:1: Premature end of file.
2025-03-25 09:31:11,219 [ERROR] LogOutputStream:75 - [STDERR_REDIRECT] 
2025-03-25 09:31:12,221 [ERROR] LogOutputStream:75 - [STDERR_REDIRECT] [Fatal Error] :1:1: Premature end of file.
2025-03-25 09:31:12,221 [ERROR] LogOutputStream:75 - [STDERR_REDIRECT] 
2025-03-25 09:31:13,220 [ERROR] LogOutputStream:75 - [STDERR_REDIRECT] [Fatal Error] :1:1: Premature end of file.
2025-03-25 09:31:13,220 [ERROR] LogOutputStream:75 - [STDERR_REDIRECT] 
2025-03-25 09:31:14,224 [ERROR] LogOutputStream:75 - [STDERR_REDIRECT] [Fatal Error] :1:1: Premature end of file.
2025-03-25 09:31:14,224 [ERROR] LogOutputStream:75 - [STDERR_REDIRECT] 
2025-03-25 09:31:15,225 [ERROR] LogOutputStream:75 - [STDERR_REDIRECT] [Fatal Error] :1:1: Premature end of file.
2025-03-25 09:31:15,225 [ERROR] LogOutputStream:75 - [STDERR_REDIRECT] 
2025-03-25 09:31:16,217 [ERROR] LogOutputStream:75 - [STDERR_REDIRECT] [Fatal Error] :1:1: Premature end of file.
2025-03-25 09:31:16,217 [ERROR] LogOutputStream:75 - [STDERR_REDIRECT] 
2025-03-25 09:31:17,220 [ERROR] LogOutputStream:75 - [STDERR_REDIRECT] [Fatal Error] :1:1: Premature end of file.
2025-03-25 09:31:17,220 [ERROR] LogOutputStream:75 - [STDERR_REDIRECT] 
2025-03-25 09:31:18,217 [ERROR] LogOutputStream:75 - [STDERR_REDIRECT] [Fatal Error] :1:1: Premature end of file.
2025-03-25 09:31:18,218 [ERROR] LogOutputStream:75 - [STDERR_REDIRECT] 
2025-03-25 09:31:19,223 [ERROR] LogOutputStream:75 - [STDERR_REDIRECT] [Fatal Error] :1:1: Premature end of file.
2025-03-25 09:31:19,223 [ERROR] LogOutputStream:75 - [STDERR_REDIRECT] 
2025-03-25 09:31:20,215 [ERROR] LogOutputStream:75 - [STDERR_REDIRECT] [Fatal Error] :1:1: Premature end of file.
2025-03-25 09:31:20,215 [ERROR] LogOutputStream:75 - [STDERR_REDIRECT] 
2025-03-25 09:31:21,221 [ERROR] LogOutputStream:75 - [STDERR_REDIRECT] [Fatal Error] :1:1: Premature end of file.
2025-03-25 09:31:21,221 [ERROR] LogOutputStream:75 - [STDERR_REDIRECT] 
2025-03-25 09:31:22,216 [ERROR] LogOutputStream:75 - [STDERR_REDIRECT] [Fatal Error] :1:1: Premature end of file.
2025-03-25 09:31:22,216 [ERROR] LogOutputStream:75 - [STDERR_REDIRECT] 
2025-03-25 09:31:23,223 [ERROR] LogOutputStream:75 - [STDERR_REDIRECT] [Fatal Error] :1:1: Premature end of file.
2025-03-25 09:31:23,223 [ERROR] LogOutputStream:75 - [STDERR_REDIRECT] 
2025-03-25 09:31:24,221 [ERROR] LogOutputStream:75 - [STDERR_REDIRECT] [Fatal Error] :1:1: Premature end of file.
2025-03-25 09:31:24,222 [ERROR] LogOutputStream:75 - [STDERR_REDIRECT] 
2025-03-25 09:31:25,218 [ERROR] LogOutputStream:75 - [STDERR_REDIRECT] [Fatal Error] :1:1: Premature end of file.
2025-03-25 09:31:25,218 [ERROR] LogOutputStream:75 - [STDERR_REDIRECT] 
2025-03-25 09:31:26,218 [ERROR] LogOutputStream:75 - [STDERR_REDIRECT] [Fatal Error] :1:1: Premature end of file.
2025-03-25 09:31:26,219 [ERROR] LogOutputStream:75 - [STDERR_REDIRECT] 
2025-03-25 09:31:27,220 [ERROR] LogOutputStream:75 - [STDERR_REDIRECT] [Fatal Error] :1:1: Premature end of file.
2025-03-25 09:31:27,220 [ERROR] LogOutputStream:75 - [STDERR_REDIRECT] 
2025-03-25 09:31:28,222 [ERROR] LogOutputStream:75 - [STDERR_REDIRECT] [Fatal Error] :1:1: Premature end of file.
2025-03-25 09:31:28,222 [ERROR] LogOutputStream:75 - [STDERR_REDIRECT] 
2025-03-25 09:31:29,220 [ERROR] LogOutputStream:75 - [STDERR_REDIRECT] [Fatal Error] :1:1: Premature end of file.
2025-03-25 09:31:29,221 [ERROR] LogOutputStream:75 - [STDERR_REDIRECT] 
2025-03-25 09:31:30,185 [ERROR] LogOutputStream:75 - [STDERR_REDIRECT] [Fatal Error] :1:1: Premature end of file.
2025-03-25 09:31:30,185 [ERROR] LogOutputStream:75 - [STDERR_REDIRECT] 
2025-03-25 09:31:31,221 [ERROR] LogOutputStream:75 - [STDERR_REDIRECT] [Fatal Error] :1:1: Premature end of file.
2025-03-25 09:31:31,221 [ERROR] LogOutputStream:75 - [STDERR_REDIRECT] 
2025-03-25 09:31:32,220 [ERROR] LogOutputStream:75 - [STDERR_REDIRECT] [Fatal Error] :1:1: Premature end of file.
2025-03-25 09:31:32,220 [ERROR] LogOutputStream:75 - [STDERR_REDIRECT] 
2025-03-25 09:31:33,225 [ERROR] LogOutputStream:75 - [STDERR_REDIRECT] [Fatal Error] :1:1: Premature end of file.
2025-03-25 09:31:33,225 [ERROR] LogOutputStream:75 - [STDERR_REDIRECT] 
2025-03-25 09:31:34,220 [ERROR] LogOutputStream:75 - [STDERR_REDIRECT] [Fatal Error] :1:1: Premature end of file.
2025-03-25 09:31:34,221 [ERROR] LogOutputStream:75 - [STDERR_REDIRECT] 
2025-03-25 09:31:35,222 [ERROR] LogOutputStream:75 - [STDERR_REDIRECT] [Fatal Error] :1:1: Premature end of file.
2025-03-25 09:31:35,222 [ERROR] LogOutputStream:75 - [STDERR_REDIRECT] 
2025-03-25 09:31:36,231 [ERROR] LogOutputStream:75 - [STDERR_REDIRECT] [Fatal Error] :1:1: Premature end of file.
2025-03-25 09:31:36,232 [ERROR] LogOutputStream:75 - [STDERR_REDIRECT] 
2025-03-25 09:31:37,228 [ERROR] LogOutputStream:75 - [STDERR_REDIRECT] [Fatal Error] :1:1: Premature end of file.
2025-03-25 09:31:37,228 [ERROR] LogOutputStream:75 - [STDERR_REDIRECT] 
2025-03-25 09:31:38,240 [ERROR] LogOutputStream:75 - [STDERR_REDIRECT] [Fatal Error] :1:1: Premature end of file.
2025-03-25 09:31:38,240 [ERROR] LogOutputStream:75 - [STDERR_REDIRECT] 
2025-03-25 09:31:39,225 [ERROR] LogOutputStream:75 - [STDERR_REDIRECT] [Fatal Error] :1:1: Premature end of file.
2025-03-25 09:31:39,225 [ERROR] LogOutputStream:75 - [STDERR_REDIRECT] 
2025-03-25 09:31:40,224 [ERROR] LogOutputStream:75 - [STDERR_REDIRECT] [Fatal Error] :1:1: Premature end of file.
2025-03-25 09:31:40,225 [ERROR] LogOutputStream:75 - [STDERR_REDIRECT] 
2025-03-25 09:31:41,222 [ERROR] LogOutputStream:75 - [STDERR_REDIRECT] [Fatal Error] :1:1: Premature end of file.
2025-03-25 09:31:41,223 [ERROR] LogOutputStream:75 - [STDERR_REDIRECT] 
2025-03-25 09:31:42,229 [ERROR] LogOutputStream:75 - [STDERR_REDIRECT] [Fatal Error] :1:1: Premature end of file.
2025-03-25 09:31:42,229 [ERROR] LogOutputStream:75 - [STDERR_REDIRECT] 
2025-03-25 09:31:43,220 [ERROR] LogOutputStream:75 - [STDERR_REDIRECT] [Fatal Error] :1:1: Premature end of file.
2025-03-25 09:31:43,221 [ERROR] LogOutputStream:75 - [STDERR_REDIRECT] 
2025-03-25 09:31:44,224 [ERROR] LogOutputStream:75 - [STDERR_REDIRECT] [Fatal Error] :1:1: Premature end of file.
2025-03-25 09:31:44,224 [ERROR] LogOutputStream:75 - [STDERR_REDIRECT] 
2025-03-25 09:31:45,222 [ERROR] LogOutputStream:75 - [STDERR_REDIRECT] [Fatal Error] :1:1: Premature end of file.
2025-03-25 09:31:45,222 [ERROR] LogOutputStream:75 - [STDERR_REDIRECT] 
2025-03-25 09:31:46,223 [ERROR] LogOutputStream:75 - [STDERR_REDIRECT] [Fatal Error] :1:1: Premature end of file.
2025-03-25 09:31:46,223 [ERROR] LogOutputStream:75 - [STDERR_REDIRECT] 
2025-03-25 09:31:47,224 [ERROR] LogOutputStream:75 - [STDERR_REDIRECT] [Fatal Error] :1:1: Premature end of file.
2025-03-25 09:31:47,224 [ERROR] LogOutputStream:75 - [STDERR_REDIRECT] 
2025-03-25 09:31:48,221 [ERROR] LogOutputStream:75 - [STDERR_REDIRECT] [Fatal Error] :1:1: Premature end of file.
2025-03-25 09:31:48,222 [ERROR] LogOutputStream:75 - [STDERR_REDIRECT] 
2025-03-25 09:31:49,219 [ERROR] LogOutputStream:75 - [STDERR_REDIRECT] [Fatal Error] :1:1: Premature end of file.
2025-03-25 09:31:49,219 [ERROR] LogOutputStream:75 - [STDERR_REDIRECT] 
2025-03-25 09:31:50,219 [ERROR] LogOutputStream:75 - [STDERR_REDIRECT] [Fatal Error] :1:1: Premature end of file.
2025-03-25 09:31:50,219 [ERROR] LogOutputStream:75 - [STDERR_REDIRECT] 
2025-03-25 09:31:51,217 [ERROR] LogOutputStream:75 - [STDERR_REDIRECT] [Fatal Error] :1:1: Premature end of file.
2025-03-25 09:31:51,217 [ERROR] LogOutputStream:75 - [STDERR_REDIRECT] 
2025-03-25 09:31:52,222 [ERROR] LogOutputStream:75 - [STDERR_REDIRECT] [Fatal Error] :1:1: Premature end of file.
2025-03-25 09:31:52,223 [ERROR] LogOutputStream:75 - [STDERR_REDIRECT] 
2025-03-25 09:31:53,221 [ERROR] LogOutputStream:75 - [STDERR_REDIRECT] [Fatal Error] :1:1: Premature end of file.
2025-03-25 09:31:53,221 [ERROR] LogOutputStream:75 - [STDERR_REDIRECT] 
2025-03-25 09:31:54,218 [ERROR] LogOutputStream:75 - [STDERR_REDIRECT] [Fatal Error] :1:1: Premature end of file.
2025-03-25 09:31:54,219 [ERROR] LogOutputStream:75 - [STDERR_REDIRECT] 
2025-03-25 09:31:55,219 [ERROR] LogOutputStream:75 - [STDERR_REDIRECT] [Fatal Error] :1:1: Premature end of file.
2025-03-25 09:31:55,219 [ERROR] LogOutputStream:75 - [STDERR_REDIRECT] 
2025-03-25 09:31:56,223 [ERROR] LogOutputStream:75 - [STDERR_REDIRECT] [Fatal Error] :1:1: Premature end of file.
2025-03-25 09:31:56,224 [ERROR] LogOutputStream:75 - [STDERR_REDIRECT] 
2025-03-25 09:31:57,222 [ERROR] LogOutputStream:75 - [STDERR_REDIRECT] [Fatal Error] :1:1: Premature end of file.
2025-03-25 09:31:57,222 [ERROR] LogOutputStream:75 - [STDERR_REDIRECT] 
2025-03-25 09:31:58,221 [ERROR] LogOutputStream:75 - [STDERR_REDIRECT] [Fatal Error] :1:1: Premature end of file.
2025-03-25 09:31:58,222 [ERROR] LogOutputStream:75 - [STDERR_REDIRECT] 
2025-03-25 09:31:59,213 [ERROR] LogOutputStream:75 - [STDERR_REDIRECT] [Fatal Error] :1:1: Premature end of file.
2025-03-25 09:31:59,214 [ERROR] LogOutputStream:75 - [STDERR_REDIRECT] 
2025-03-25 09:32:00,221 [ERROR] LogOutputStream:75 - [STDERR_REDIRECT] [Fatal Error] :1:1: Premature end of file.
2025-03-25 09:32:00,221 [ERROR] LogOutputStream:75 - [STDERR_REDIRECT] 
2025-03-25 09:32:01,234 [ERROR] LogOutputStream:75 - [STDERR_REDIRECT] [Fatal Error] :1:1: Premature end of file.
2025-03-25 09:32:01,234 [ERROR] LogOutputStream:75 - [STDERR_REDIRECT] 
2025-03-25 09:32:02,221 [ERROR] LogOutputStream:75 - [STDERR_REDIRECT] [Fatal Error] :1:1: Premature end of file.
2025-03-25 09:32:02,221 [ERROR] LogOutputStream:75 - [STDERR_REDIRECT] 
2025-03-25 09:32:03,227 [ERROR] LogOutputStream:75 - [STDERR_REDIRECT] [Fatal Error] :1:1: Premature end of file.
2025-03-25 09:32:03,227 [ERROR] LogOutputStream:75 - [STDERR_REDIRECT] 
2025-03-25 09:32:04,222 [ERROR] LogOutputStream:75 - [STDERR_REDIRECT] [Fatal Error] :1:1: Premature end of file.
2025-03-25 09:32:04,222 [ERROR] LogOutputStream:75 - [STDERR_REDIRECT] 
2025-03-25 09:32:05,224 [ERROR] LogOutputStream:75 - [STDERR_REDIRECT] [Fatal Error] :1:1: Premature end of file.
2025-03-25 09:32:05,224 [ERROR] LogOutputStream:75 - [STDERR_REDIRECT] 
2025-03-25 09:32:06,220 [ERROR] LogOutputStream:75 - [STDERR_REDIRECT] [Fatal Error] :1:1: Premature end of file.
2025-03-25 09:32:06,220 [ERROR] LogOutputStream:75 - [STDERR_REDIRECT] 
2025-03-25 09:32:07,226 [ERROR] LogOutputStream:75 - [STDERR_REDIRECT] [Fatal Error] :1:1: Premature end of file.
2025-03-25 09:32:07,226 [ERROR] LogOutputStream:75 - [STDERR_REDIRECT] 
2025-03-25 09:32:08,222 [ERROR] LogOutputStream:75 - [STDERR_REDIRECT] [Fatal Error] :1:1: Premature end of file.
2025-03-25 09:32:08,223 [ERROR] LogOutputStream:75 - [STDERR_REDIRECT] 
2025-03-25 09:32:09,225 [ERROR] LogOutputStream:75 - [STDERR_REDIRECT] [Fatal Error] :1:1: Premature end of file.
2025-03-25 09:32:09,225 [ERROR] LogOutputStream:75 - [STDERR_REDIRECT] 
2025-03-25 09:32:10,217 [ERROR] LogOutputStream:75 - [STDERR_REDIRECT] [Fatal Error] :1:1: Premature end of file.
2025-03-25 09:32:10,217 [ERROR] LogOutputStream:75 - [STDERR_REDIRECT] 
2025-03-25 09:32:11,220 [ERROR] LogOutputStream:75 - [STDERR_REDIRECT] [Fatal Error] :1:1: Premature end of file.
2025-03-25 09:32:11,220 [ERROR] LogOutputStream:75 - [STDERR_REDIRECT] 
2025-03-25 09:32:12,219 [ERROR] LogOutputStream:75 - [STDERR_REDIRECT] [Fatal Error] :1:1: Premature end of file.
2025-03-25 09:32:12,220 [ERROR] LogOutputStream:75 - [STDERR_REDIRECT] 
2025-03-25 09:32:13,222 [ERROR] LogOutputStream:75 - [STDERR_REDIRECT] [Fatal Error] :1:1: Premature end of file.
2025-03-25 09:32:13,223 [ERROR] LogOutputStream:75 - [STDERR_REDIRECT] 
2025-03-25 09:32:14,225 [ERROR] LogOutputStream:75 - [STDERR_REDIRECT] [Fatal Error] :1:1: Premature end of file.
2025-03-25 09:32:14,225 [ERROR] LogOutputStream:75 - [STDERR_REDIRECT] 
2025-03-25 09:32:15,235 [ERROR] LogOutputStream:75 - [STDERR_REDIRECT] [Fatal Error] :1:1: Premature end of file.
2025-03-25 09:32:15,235 [ERROR] LogOutputStream:75 - [STDERR_REDIRECT] 
2025-03-25 09:32:16,219 [ERROR] LogOutputStream:75 - [STDERR_REDIRECT] [Fatal Error] :1:1: Premature end of file.
2025-03-25 09:32:16,219 [ERROR] LogOutputStream:75 - [STDERR_REDIRECT] 
2025-03-25 09:32:17,216 [ERROR] LogOutputStream:75 - [STDERR_REDIRECT] [Fatal Error] :1:1: Premature end of file.
2025-03-25 09:32:17,216 [ERROR] LogOutputStream:75 - [STDERR_REDIRECT] 
2025-03-25 09:32:18,219 [ERROR] LogOutputStream:75 - [STDERR_REDIRECT] [Fatal Error] :1:1: Premature end of file.
2025-03-25 09:32:18,219 [ERROR] LogOutputStream:75 - [STDERR_REDIRECT] 
2025-03-25 09:32:19,214 [ERROR] LogOutputStream:75 - [STDERR_REDIRECT] [Fatal Error] :1:1: Premature end of file.
2025-03-25 09:32:19,214 [ERROR] LogOutputStream:75 - [STDERR_REDIRECT] 
2025-03-25 09:32:20,225 [ERROR] LogOutputStream:75 - [STDERR_REDIRECT] [Fatal Error] :1:1: Premature end of file.
2025-03-25 09:32:20,226 [ERROR] LogOutputStream:75 - [STDERR_REDIRECT] 
2025-03-25 09:32:21,215 [ERROR] LogOutputStream:75 - [STDERR_REDIRECT] [Fatal Error] :1:1: Premature end of file.
2025-03-25 09:32:21,215 [ERROR] LogOutputStream:75 - [STDERR_REDIRECT] 
2025-03-25 09:32:22,220 [ERROR] LogOutputStream:75 - [STDERR_REDIRECT] [Fatal Error] :1:1: Premature end of file.
2025-03-25 09:32:22,220 [ERROR] LogOutputStream:75 - [STDERR_REDIRECT] 
2025-03-25 09:32:23,216 [ERROR] LogOutputStream:75 - [STDERR_REDIRECT] [Fatal Error] :1:1: Premature end of file.
2025-03-25 09:32:23,216 [ERROR] LogOutputStream:75 - [STDERR_REDIRECT] 
2025-03-25 09:32:24,218 [ERROR] LogOutputStream:75 - [STDERR_REDIRECT] [Fatal Error] :1:1: Premature end of file.
2025-03-25 09:32:24,218 [ERROR] LogOutputStream:75 - [STDERR_REDIRECT] 
2025-03-25 09:32:25,210 [ERROR] LogOutputStream:75 - [STDERR_REDIRECT] [Fatal Error] :1:1: Premature end of file.
2025-03-25 09:32:25,210 [ERROR] LogOutputStream:75 - [STDERR_REDIRECT] 
2025-03-25 09:32:26,226 [ERROR] LogOutputStream:75 - [STDERR_REDIRECT] [Fatal Error] :1:1: Premature end of file.
2025-03-25 09:32:26,226 [ERROR] LogOutputStream:75 - [STDERR_REDIRECT] 
2025-03-25 09:32:27,216 [ERROR] LogOutputStream:75 - [STDERR_REDIRECT] [Fatal Error] :1:1: Premature end of file.
2025-03-25 09:32:27,217 [ERROR] LogOutputStream:75 - [STDERR_REDIRECT] 
2025-03-25 09:32:28,231 [ERROR] LogOutputStream:75 - [STDERR_REDIRECT] [Fatal Error] :1:1: Premature end of file.
2025-03-25 09:32:28,231 [ERROR] LogOutputStream:75 - [STDERR_REDIRECT] 
2025-03-25 09:32:29,219 [ERROR] LogOutputStream:75 - [STDERR_REDIRECT] [Fatal Error] :1:1: Premature end of file.
2025-03-25 09:32:29,219 [ERROR] LogOutputStream:75 - [STDERR_REDIRECT] 
2025-03-25 09:32:30,224 [ERROR] LogOutputStream:75 - [STDERR_REDIRECT] [Fatal Error] :1:1: Premature end of file.
2025-03-25 09:32:30,225 [ERROR] LogOutputStream:75 - [STDERR_REDIRECT] 
2025-03-25 09:32:31,192 [ERROR] LogOutputStream:75 - [STDERR_REDIRECT] [Fatal Error] :1:1: Premature end of file.
2025-03-25 09:32:31,192 [ERROR] LogOutputStream:75 - [STDERR_REDIRECT] 
2025-03-25 09:32:32,219 [ERROR] LogOutputStream:75 - [STDERR_REDIRECT] [Fatal Error] :1:1: Premature end of file.
2025-03-25 09:32:32,219 [ERROR] LogOutputStream:75 - [STDERR_REDIRECT] 
2025-03-25 09:32:33,223 [ERROR] LogOutputStream:75 - [STDERR_REDIRECT] [Fatal Error] :1:1: Premature end of file.
2025-03-25 09:32:33,224 [ERROR] LogOutputStream:75 - [STDERR_REDIRECT] 
2025-03-25 09:32:34,227 [ERROR] LogOutputStream:75 - [STDERR_REDIRECT] [Fatal Error] :1:1: Premature end of file.
2025-03-25 09:32:34,227 [ERROR] LogOutputStream:75 - [STDERR_REDIRECT] 
2025-03-25 09:32:35,222 [ERROR] LogOutputStream:75 - [STDERR_REDIRECT] [Fatal Error] :1:1: Premature end of file.
2025-03-25 09:32:35,222 [ERROR] LogOutputStream:75 - [STDERR_REDIRECT] 
2025-03-25 09:32:36,222 [ERROR] LogOutputStream:75 - [STDERR_REDIRECT] [Fatal Error] :1:1: Premature end of file.
2025-03-25 09:32:36,222 [ERROR] LogOutputStream:75 - [STDERR_REDIRECT] 
2025-03-25 09:32:37,205 [ERROR] LogOutputStream:75 - [STDERR_REDIRECT] [Fatal Error] :1:1: Premature end of file.
2025-03-25 09:32:37,205 [ERROR] LogOutputStream:75 - [STDERR_REDIRECT] 
2025-03-25 09:32:38,197 [ERROR] LogOutputStream:75 - [STDERR_REDIRECT] [Fatal Error] :1:1: Premature end of file.
2025-03-25 09:32:38,197 [ERROR] LogOutputStream:75 - [STDERR_REDIRECT] 
2025-03-25 09:32:39,221 [ERROR] LogOutputStream:75 - [STDERR_REDIRECT] [Fatal Error] :1:1: Premature end of file.
2025-03-25 09:32:39,221 [ERROR] LogOutputStream:75 - [STDERR_REDIRECT] 
2025-03-25 09:32:40,219 [ERROR] LogOutputStream:75 - [STDERR_REDIRECT] [Fatal Error] :1:1: Premature end of file.
2025-03-25 09:32:40,219 [ERROR] LogOutputStream:75 - [STDERR_REDIRECT] 
2025-03-25 09:32:41,220 [ERROR] LogOutputStream:75 - [STDERR_REDIRECT] [Fatal Error] :1:1: Premature end of file.
2025-03-25 09:32:41,221 [ERROR] LogOutputStream:75 - [STDERR_REDIRECT] 
2025-03-25 09:32:42,188 [ERROR] LogOutputStream:75 - [STDERR_REDIRECT] [Fatal Error] :1:1: Premature end of file.
2025-03-25 09:32:42,188 [ERROR] LogOutputStream:75 - [STDERR_REDIRECT] 
2025-03-25 09:32:43,221 [ERROR] LogOutputStream:75 - [STDERR_REDIRECT] [Fatal Error] :1:1: Premature end of file.
2025-03-25 09:32:43,221 [ERROR] LogOutputStream:75 - [STDERR_REDIRECT] 
2025-03-25 09:32:44,225 [ERROR] LogOutputStream:75 - [STDERR_REDIRECT] [Fatal Error] :1:1: Premature end of file.
2025-03-25 09:32:44,225 [ERROR] LogOutputStream:75 - [STDERR_REDIRECT] 
2025-03-25 09:32:45,226 [ERROR] LogOutputStream:75 - [STDERR_REDIRECT] [Fatal Error] :1:1: Premature end of file.
2025-03-25 09:32:45,226 [ERROR] LogOutputStream:75 - [STDERR_REDIRECT] 
2025-03-25 09:32:46,221 [ERROR] LogOutputStream:75 - [STDERR_REDIRECT] [Fatal Error] :1:1: Premature end of file.
2025-03-25 09:32:46,221 [ERROR] LogOutputStream:75 - [STDERR_REDIRECT] 
2025-03-25 09:32:47,224 [ERROR] LogOutputStream:75 - [STDERR_REDIRECT] [Fatal Error] :1:1: Premature end of file.
2025-03-25 09:32:47,224 [ERROR] LogOutputStream:75 - [STDERR_REDIRECT] 
2025-03-25 09:32:48,220 [ERROR] LogOutputStream:75 - [STDERR_REDIRECT] [Fatal Error] :1:1: Premature end of file.
2025-03-25 09:32:48,221 [ERROR] LogOutputStream:75 - [STDERR_REDIRECT] 
2025-03-25 09:32:49,225 [ERROR] LogOutputStream:75 - [STDERR_REDIRECT] [Fatal Error] :1:1: Premature end of file.
2025-03-25 09:32:49,225 [ERROR] LogOutputStream:75 - [STDERR_REDIRECT] 
2025-03-25 09:32:50,219 [ERROR] LogOutputStream:75 - [STDERR_REDIRECT] [Fatal Error] :1:1: Premature end of file.
2025-03-25 09:32:50,219 [ERROR] LogOutputStream:75 - [STDERR_REDIRECT] 
2025-03-25 09:32:51,220 [ERROR] LogOutputStream:75 - [STDERR_REDIRECT] [Fatal Error] :1:1: Premature end of file.
2025-03-25 09:32:51,220 [ERROR] LogOutputStream:75 - [STDERR_REDIRECT] 
2025-03-25 09:32:52,220 [ERROR] LogOutputStream:75 - [STDERR_REDIRECT] [Fatal Error] :1:1: Premature end of file.
2025-03-25 09:32:52,220 [ERROR] LogOutputStream:75 - [STDERR_REDIRECT] 
2025-03-25 09:32:53,226 [ERROR] LogOutputStream:75 - [STDERR_REDIRECT] [Fatal Error] :1:1: Premature end of file.
2025-03-25 09:32:53,226 [ERROR] LogOutputStream:75 - [STDERR_REDIRECT] 
2025-03-25 09:32:54,219 [ERROR] LogOutputStream:75 - [STDERR_REDIRECT] [Fatal Error] :1:1: Premature end of file.
2025-03-25 09:32:54,219 [ERROR] LogOutputStream:75 - [STDERR_REDIRECT] 
2025-03-25 09:32:55,223 [ERROR] LogOutputStream:75 - [STDERR_REDIRECT] [Fatal Error] :1:1: Premature end of file.
2025-03-25 09:32:55,223 [ERROR] LogOutputStream:75 - [STDERR_REDIRECT] 
2025-03-25 09:32:56,218 [ERROR] LogOutputStream:75 - [STDERR_REDIRECT] [Fatal Error] :1:1: Premature end of file.
2025-03-25 09:32:56,218 [ERROR] LogOutputStream:75 - [STDERR_REDIRECT] 
2025-03-25 09:32:57,222 [ERROR] LogOutputStream:75 - [STDERR_REDIRECT] [Fatal Error] :1:1: Premature end of file.
2025-03-25 09:32:57,222 [ERROR] LogOutputStream:75 - [STDERR_REDIRECT] 
2025-03-25 09:32:58,221 [ERROR] LogOutputStream:75 - [STDERR_REDIRECT] [Fatal Error] :1:1: Premature end of file.
2025-03-25 09:32:58,221 [ERROR] LogOutputStream:75 - [STDERR_REDIRECT] 
2025-03-25 09:32:59,221 [ERROR] LogOutputStream:75 - [STDERR_REDIRECT] [Fatal Error] :1:1: Premature end of file.
2025-03-25 09:32:59,221 [ERROR] LogOutputStream:75 - [STDERR_REDIRECT] 
2025-03-25 09:33:00,219 [ERROR] LogOutputStream:75 - [STDERR_REDIRECT] [Fatal Error] :1:1: Premature end of file.
2025-03-25 09:33:00,219 [ERROR] LogOutputStream:75 - [STDERR_REDIRECT] 
2025-03-25 09:33:01,229 [ERROR] LogOutputStream:75 - [STDERR_REDIRECT] [Fatal Error] :1:1: Premature end of file.
2025-03-25 09:33:01,229 [ERROR] LogOutputStream:75 - [STDERR_REDIRECT] 
2025-03-25 09:33:02,215 [ERROR] LogOutputStream:75 - [STDERR_REDIRECT] [Fatal Error] :1:1: Premature end of file.
2025-03-25 09:33:02,215 [ERROR] LogOutputStream:75 - [STDERR_REDIRECT] 
2025-03-25 09:33:03,227 [ERROR] LogOutputStream:75 - [STDERR_REDIRECT] [Fatal Error] :1:1: Premature end of file.
2025-03-25 09:33:03,227 [ERROR] LogOutputStream:75 - [STDERR_REDIRECT] 
2025-03-25 09:33:04,220 [ERROR] LogOutputStream:75 - [STDERR_REDIRECT] [Fatal Error] :1:1: Premature end of file.
2025-03-25 09:33:04,220 [ERROR] LogOutputStream:75 - [STDERR_REDIRECT] 
2025-03-25 09:33:05,222 [ERROR] LogOutputStream:75 - [STDERR_REDIRECT] [Fatal Error] :1:1: Premature end of file.
2025-03-25 09:33:05,222 [ERROR] LogOutputStream:75 - [STDERR_REDIRECT] 
2025-03-25 09:33:06,217 [ERROR] LogOutputStream:75 - [STDERR_REDIRECT] [Fatal Error] :1:1: Premature end of file.
2025-03-25 09:33:06,218 [ERROR] LogOutputStream:75 - [STDERR_REDIRECT] 
2025-03-25 09:33:07,225 [ERROR] LogOutputStream:75 - [STDERR_REDIRECT] [Fatal Error] :1:1: Premature end of file.
2025-03-25 09:33:07,225 [ERROR] LogOutputStream:75 - [STDERR_REDIRECT] 
2025-03-25 09:33:08,219 [ERROR] LogOutputStream:75 - [STDERR_REDIRECT] [Fatal Error] :1:1: Premature end of file.
2025-03-25 09:33:08,219 [ERROR] LogOutputStream:75 - [STDERR_REDIRECT] 
2025-03-25 09:33:09,219 [ERROR] LogOutputStream:75 - [STDERR_REDIRECT] [Fatal Error] :1:1: Premature end of file.
2025-03-25 09:33:09,219 [ERROR] LogOutputStream:75 - [STDERR_REDIRECT] 
2025-03-25 09:33:10,232 [ERROR] LogOutputStream:75 - [STDERR_REDIRECT] [Fatal Error] :1:1: Premature end of file.
2025-03-25 09:33:10,232 [ERROR] LogOutputStream:75 - [STDERR_REDIRECT] 
2025-03-25 09:33:11,220 [ERROR] LogOutputStream:75 - [STDERR_REDIRECT] [Fatal Error] :1:1: Premature end of file.
2025-03-25 09:33:11,220 [ERROR] LogOutputStream:75 - [STDERR_REDIRECT] 
2025-03-25 09:33:12,221 [ERROR] LogOutputStream:75 - [STDERR_REDIRECT] [Fatal Error] :1:1: Premature end of file.
2025-03-25 09:33:12,222 [ERROR] LogOutputStream:75 - [STDERR_REDIRECT] 
2025-03-25 09:33:13,221 [ERROR] LogOutputStream:75 - [STDERR_REDIRECT] [Fatal Error] :1:1: Premature end of file.
2025-03-25 09:33:13,221 [ERROR] LogOutputStream:75 - [STDERR_REDIRECT] 
2025-03-25 09:33:14,229 [ERROR] LogOutputStream:75 - [STDERR_REDIRECT] [Fatal Error] :1:1: Premature end of file.
2025-03-25 09:33:14,229 [ERROR] LogOutputStream:75 - [STDERR_REDIRECT] 
2025-03-25 09:33:15,219 [ERROR] LogOutputStream:75 - [STDERR_REDIRECT] [Fatal Error] :1:1: Premature end of file.
2025-03-25 09:33:15,220 [ERROR] LogOutputStream:75 - [STDERR_REDIRECT] 
2025-03-25 09:33:16,227 [ERROR] LogOutputStream:75 - [STDERR_REDIRECT] [Fatal Error] :1:1: Premature end of file.
2025-03-25 09:33:16,227 [ERROR] LogOutputStream:75 - [STDERR_REDIRECT] 
2025-03-25 09:33:17,221 [ERROR] LogOutputStream:75 - [STDERR_REDIRECT] [Fatal Error] :1:1: Premature end of file.
2025-03-25 09:33:17,221 [ERROR] LogOutputStream:75 - [STDERR_REDIRECT] 
2025-03-25 09:33:18,214 [ERROR] LogOutputStream:75 - [STDERR_REDIRECT] [Fatal Error] :1:1: Premature end of file.
2025-03-25 09:33:18,214 [ERROR] LogOutputStream:75 - [STDERR_REDIRECT] 
2025-03-25 09:33:19,217 [ERROR] LogOutputStream:75 - [STDERR_REDIRECT] [Fatal Error] :1:1: Premature end of file.
2025-03-25 09:33:19,218 [ERROR] LogOutputStream:75 - [STDERR_REDIRECT] 
2025-03-25 09:33:20,226 [ERROR] LogOutputStream:75 - [STDERR_REDIRECT] [Fatal Error] :1:1: Premature end of file.
2025-03-25 09:33:20,226 [ERROR] LogOutputStream:75 - [STDERR_REDIRECT] 
2025-03-25 09:33:21,221 [ERROR] LogOutputStream:75 - [STDERR_REDIRECT] [Fatal Error] :1:1: Premature end of file.
2025-03-25 09:33:21,221 [ERROR] LogOutputStream:75 - [STDERR_REDIRECT] 
2025-03-25 09:33:22,221 [ERROR] LogOutputStream:75 - [STDERR_REDIRECT] [Fatal Error] :1:1: Premature end of file.
2025-03-25 09:33:22,221 [ERROR] LogOutputStream:75 - [STDERR_REDIRECT] 
2025-03-25 09:33:23,215 [ERROR] LogOutputStream:75 - [STDERR_REDIRECT] [Fatal Error] :1:1: Premature end of file.
2025-03-25 09:33:23,216 [ERROR] LogOutputStream:75 - [STDERR_REDIRECT] 
2025-03-25 09:33:24,225 [ERROR] LogOutputStream:75 - [STDERR_REDIRECT] [Fatal Error] :1:1: Premature end of file.
2025-03-25 09:33:24,225 [ERROR] LogOutputStream:75 - [STDERR_REDIRECT] 
2025-03-25 09:33:25,221 [ERROR] LogOutputStream:75 - [STDERR_REDIRECT] [Fatal Error] :1:1: Premature end of file.
2025-03-25 09:33:25,222 [ERROR] LogOutputStream:75 - [STDERR_REDIRECT] 
2025-03-25 09:33:26,225 [ERROR] LogOutputStream:75 - [STDERR_REDIRECT] [Fatal Error] :1:1: Premature end of file.
2025-03-25 09:33:26,225 [ERROR] LogOutputStream:75 - [STDERR_REDIRECT] 
2025-03-25 09:33:27,218 [ERROR] LogOutputStream:75 - [STDERR_REDIRECT] [Fatal Error] :1:1: Premature end of file.
2025-03-25 09:33:27,218 [ERROR] LogOutputStream:75 - [STDERR_REDIRECT] 
2025-03-25 09:33:28,225 [ERROR] LogOutputStream:75 - [STDERR_REDIRECT] [Fatal Error] :1:1: Premature end of file.
2025-03-25 09:33:28,225 [ERROR] LogOutputStream:75 - [STDERR_REDIRECT] 
2025-03-25 09:33:29,222 [ERROR] LogOutputStream:75 - [STDERR_REDIRECT] [Fatal Error] :1:1: Premature end of file.
2025-03-25 09:33:29,222 [ERROR] LogOutputStream:75 - [STDERR_REDIRECT] 
2025-03-25 09:33:30,215 [ERROR] LogOutputStream:75 - [STDERR_REDIRECT] [Fatal Error] :1:1: Premature end of file.
2025-03-25 09:33:30,215 [ERROR] LogOutputStream:75 - [STDERR_REDIRECT] 
2025-03-25 09:33:31,221 [ERROR] LogOutputStream:75 - [STDERR_REDIRECT] [Fatal Error] :1:1: Premature end of file.
2025-03-25 09:33:31,222 [ERROR] LogOutputStream:75 - [STDERR_REDIRECT] 
2025-03-25 09:33:32,217 [ERROR] LogOutputStream:75 - [STDERR_REDIRECT] [Fatal Error] :1:1: Premature end of file.
2025-03-25 09:33:32,218 [ERROR] LogOutputStream:75 - [STDERR_REDIRECT] 
2025-03-25 09:33:33,221 [ERROR] LogOutputStream:75 - [STDERR_REDIRECT] [Fatal Error] :1:1: Premature end of file.
2025-03-25 09:33:33,221 [ERROR] LogOutputStream:75 - [STDERR_REDIRECT] 
2025-03-25 09:33:34,221 [ERROR] LogOutputStream:75 - [STDERR_REDIRECT] [Fatal Error] :1:1: Premature end of file.
2025-03-25 09:33:34,221 [ERROR] LogOutputStream:75 - [STDERR_REDIRECT] 
2025-03-25 09:33:35,226 [ERROR] LogOutputStream:75 - [STDERR_REDIRECT] [Fatal Error] :1:1: Premature end of file.
2025-03-25 09:33:35,227 [ERROR] LogOutputStream:75 - [STDERR_REDIRECT] 
2025-03-25 09:33:36,220 [ERROR] LogOutputStream:75 - [STDERR_REDIRECT] [Fatal Error] :1:1: Premature end of file.
2025-03-25 09:33:36,221 [ERROR] LogOutputStream:75 - [STDERR_REDIRECT] 
2025-03-25 09:33:37,227 [ERROR] LogOutputStream:75 - [STDERR_REDIRECT] [Fatal Error] :1:1: Premature end of file.
2025-03-25 09:33:37,227 [ERROR] LogOutputStream:75 - [STDERR_REDIRECT] 
2025-03-25 09:33:38,220 [ERROR] LogOutputStream:75 - [STDERR_REDIRECT] [Fatal Error] :1:1: Premature end of file.
2025-03-25 09:33:38,220 [ERROR] LogOutputStream:75 - [STDERR_REDIRECT] 
2025-03-25 09:33:39,219 [ERROR] LogOutputStream:75 - [STDERR_REDIRECT] [Fatal Error] :1:1: Premature end of file.
2025-03-25 09:33:39,220 [ERROR] LogOutputStream:75 - [STDERR_REDIRECT] 
2025-03-25 09:33:40,217 [ERROR] LogOutputStream:75 - [STDERR_REDIRECT] [Fatal Error] :1:1: Premature end of file.
2025-03-25 09:33:40,217 [ERROR] LogOutputStream:75 - [STDERR_REDIRECT] 
2025-03-25 09:33:41,223 [ERROR] LogOutputStream:75 - [STDERR_REDIRECT] [Fatal Error] :1:1: Premature end of file.
2025-03-25 09:33:41,223 [ERROR] LogOutputStream:75 - [STDERR_REDIRECT] 
2025-03-25 09:33:42,221 [ERROR] LogOutputStream:75 - [STDERR_REDIRECT] [Fatal Error] :1:1: Premature end of file.
2025-03-25 09:33:42,221 [ERROR] LogOutputStream:75 - [STDERR_REDIRECT] 
2025-03-25 09:33:43,225 [ERROR] LogOutputStream:75 - [STDERR_REDIRECT] [Fatal Error] :1:1: Premature end of file.
2025-03-25 09:33:43,225 [ERROR] LogOutputStream:75 - [STDERR_REDIRECT] 
2025-03-25 09:33:44,220 [ERROR] LogOutputStream:75 - [STDERR_REDIRECT] [Fatal Error] :1:1: Premature end of file.
2025-03-25 09:33:44,220 [ERROR] LogOutputStream:75 - [STDERR_REDIRECT] 
2025-03-25 09:33:45,223 [ERROR] LogOutputStream:75 - [STDERR_REDIRECT] [Fatal Error] :1:1: Premature end of file.
2025-03-25 09:33:45,223 [ERROR] LogOutputStream:75 - [STDERR_REDIRECT] 
2025-03-25 09:33:46,221 [ERROR] LogOutputStream:75 - [STDERR_REDIRECT] [Fatal Error] :1:1: Premature end of file.
2025-03-25 09:33:46,221 [ERROR] LogOutputStream:75 - [STDERR_REDIRECT] 
2025-03-25 09:33:47,217 [ERROR] LogOutputStream:75 - [STDERR_REDIRECT] [Fatal Error] :1:1: Premature end of file.
2025-03-25 09:33:47,217 [ERROR] LogOutputStream:75 - [STDERR_REDIRECT] 
2025-03-25 09:33:48,219 [ERROR] LogOutputStream:75 - [STDERR_REDIRECT] [Fatal Error] :1:1: Premature end of file.
2025-03-25 09:33:48,220 [ERROR] LogOutputStream:75 - [STDERR_REDIRECT] 
2025-03-25 09:33:49,222 [ERROR] LogOutputStream:75 - [STDERR_REDIRECT] [Fatal Error] :1:1: Premature end of file.
2025-03-25 09:33:49,222 [ERROR] LogOutputStream:75 - [STDERR_REDIRECT] 
2025-03-25 09:33:50,221 [ERROR] LogOutputStream:75 - [STDERR_REDIRECT] [Fatal Error] :1:1: Premature end of file.
2025-03-25 09:33:50,222 [ERROR] LogOutputStream:75 - [STDERR_REDIRECT] 
2025-03-25 09:33:51,220 [ERROR] LogOutputStream:75 - [STDERR_REDIRECT] [Fatal Error] :1:1: Premature end of file.
2025-03-25 09:33:51,221 [ERROR] LogOutputStream:75 - [STDERR_REDIRECT] 
2025-03-25 09:33:52,221 [ERROR] LogOutputStream:75 - [STDERR_REDIRECT] [Fatal Error] :1:1: Premature end of file.
2025-03-25 09:33:52,221 [ERROR] LogOutputStream:75 - [STDERR_REDIRECT] 
2025-03-25 09:33:53,219 [ERROR] LogOutputStream:75 - [STDERR_REDIRECT] [Fatal Error] :1:1: Premature end of file.
2025-03-25 09:33:53,219 [ERROR] LogOutputStream:75 - [STDERR_REDIRECT] 
2025-03-25 09:33:54,224 [ERROR] LogOutputStream:75 - [STDERR_REDIRECT] [Fatal Error] :1:1: Premature end of file.
2025-03-25 09:33:54,224 [ERROR] LogOutputStream:75 - [STDERR_REDIRECT] 
2025-03-25 09:33:55,220 [ERROR] LogOutputStream:75 - [STDERR_REDIRECT] [Fatal Error] :1:1: Premature end of file.
2025-03-25 09:33:55,220 [ERROR] LogOutputStream:75 - [STDERR_REDIRECT] 
2025-03-25 09:33:56,223 [ERROR] LogOutputStream:75 - [STDERR_REDIRECT] [Fatal Error] :1:1: Premature end of file.
2025-03-25 09:33:56,223 [ERROR] LogOutputStream:75 - [STDERR_REDIRECT] 
2025-03-25 09:33:57,221 [ERROR] LogOutputStream:75 - [STDERR_REDIRECT] [Fatal Error] :1:1: Premature end of file.
2025-03-25 09:33:57,221 [ERROR] LogOutputStream:75 - [STDERR_REDIRECT] 
2025-03-25 09:33:58,226 [ERROR] LogOutputStream:75 - [STDERR_REDIRECT] [Fatal Error] :1:1: Premature end of file.
2025-03-25 09:33:58,226 [ERROR] LogOutputStream:75 - [STDERR_REDIRECT] 
2025-03-25 09:33:59,220 [ERROR] LogOutputStream:75 - [STDERR_REDIRECT] [Fatal Error] :1:1: Premature end of file.
2025-03-25 09:33:59,220 [ERROR] LogOutputStream:75 - [STDERR_REDIRECT] 
2025-03-25 09:34:00,227 [ERROR] LogOutputStream:75 - [STDERR_REDIRECT] [Fatal Error] :1:1: Premature end of file.
2025-03-25 09:34:00,227 [ERROR] LogOutputStream:75 - [STDERR_REDIRECT] 
2025-03-25 09:34:01,224 [ERROR] LogOutputStream:75 - [STDERR_REDIRECT] [Fatal Error] :1:1: Premature end of file.
2025-03-25 09:34:01,224 [ERROR] LogOutputStream:75 - [STDERR_REDIRECT] 
2025-03-25 09:34:02,227 [ERROR] LogOutputStream:75 - [STDERR_REDIRECT] [Fatal Error] :1:1: Premature end of file.
2025-03-25 09:34:02,227 [ERROR] LogOutputStream:75 - [STDERR_REDIRECT] 
2025-03-25 09:34:03,214 [ERROR] LogOutputStream:75 - [STDERR_REDIRECT] [Fatal Error] :1:1: Premature end of file.
2025-03-25 09:34:03,214 [ERROR] LogOutputStream:75 - [STDERR_REDIRECT] 
2025-03-25 09:34:04,225 [ERROR] LogOutputStream:75 - [STDERR_REDIRECT] [Fatal Error] :1:1: Premature end of file.
2025-03-25 09:34:04,225 [ERROR] LogOutputStream:75 - [STDERR_REDIRECT] 
2025-03-25 09:34:05,220 [ERROR] LogOutputStream:75 - [STDERR_REDIRECT] [Fatal Error] :1:1: Premature end of file.
2025-03-25 09:34:05,221 [ERROR] LogOutputStream:75 - [STDERR_REDIRECT] 
2025-03-25 09:34:06,236 [ERROR] LogOutputStream:75 - [STDERR_REDIRECT] [Fatal Error] :1:1: Premature end of file.
2025-03-25 09:34:06,236 [ERROR] LogOutputStream:75 - [STDERR_REDIRECT] 
2025-03-25 09:34:07,216 [ERROR] LogOutputStream:75 - [STDERR_REDIRECT] [Fatal Error] :1:1: Premature end of file.
2025-03-25 09:34:07,216 [ERROR] LogOutputStream:75 - [STDERR_REDIRECT] 
2025-03-25 09:34:08,227 [ERROR] LogOutputStream:75 - [STDERR_REDIRECT] [Fatal Error] :1:1: Premature end of file.
2025-03-25 09:34:08,227 [ERROR] LogOutputStream:75 - [STDERR_REDIRECT] 
2025-03-25 09:34:09,218 [ERROR] LogOutputStream:75 - [STDERR_REDIRECT] [Fatal Error] :1:1: Premature end of file.
2025-03-25 09:34:09,219 [ERROR] LogOutputStream:75 - [STDERR_REDIRECT] 
2025-03-25 09:34:10,225 [ERROR] LogOutputStream:75 - [STDERR_REDIRECT] [Fatal Error] :1:1: Premature end of file.
2025-03-25 09:34:10,226 [ERROR] LogOutputStream:75 - [STDERR_REDIRECT] 
2025-03-25 09:34:11,216 [ERROR] LogOutputStream:75 - [STDERR_REDIRECT] [Fatal Error] :1:1: Premature end of file.
2025-03-25 09:34:11,216 [ERROR] LogOutputStream:75 - [STDERR_REDIRECT] 
2025-03-25 09:34:12,224 [ERROR] LogOutputStream:75 - [STDERR_REDIRECT] [Fatal Error] :1:1: Premature end of file.
2025-03-25 09:34:12,224 [ERROR] LogOutputStream:75 - [STDERR_REDIRECT] 
2025-03-25 09:34:13,233 [ERROR] LogOutputStream:75 - [STDERR_REDIRECT] [Fatal Error] :1:1: Premature end of file.
2025-03-25 09:34:13,233 [ERROR] LogOutputStream:75 - [STDERR_REDIRECT] 
2025-03-25 09:34:14,222 [ERROR] LogOutputStream:75 - [STDERR_REDIRECT] [Fatal Error] :1:1: Premature end of file.
2025-03-25 09:34:14,222 [ERROR] LogOutputStream:75 - [STDERR_REDIRECT] 
2025-03-25 09:34:15,229 [ERROR] LogOutputStream:75 - [STDERR_REDIRECT] [Fatal Error] :1:1: Premature end of file.
2025-03-25 09:34:15,229 [ERROR] LogOutputStream:75 - [STDERR_REDIRECT] 
2025-03-25 09:34:16,220 [ERROR] LogOutputStream:75 - [STDERR_REDIRECT] [Fatal Error] :1:1: Premature end of file.
2025-03-25 09:34:16,220 [ERROR] LogOutputStream:75 - [STDERR_REDIRECT] 
2025-03-25 09:34:17,220 [ERROR] LogOutputStream:75 - [STDERR_REDIRECT] [Fatal Error] :1:1: Premature end of file.
2025-03-25 09:34:17,220 [ERROR] LogOutputStream:75 - [STDERR_REDIRECT] 
2025-03-25 09:34:18,223 [ERROR] LogOutputStream:75 - [STDERR_REDIRECT] [Fatal Error] :1:1: Premature end of file.
2025-03-25 09:34:18,223 [ERROR] LogOutputStream:75 - [STDERR_REDIRECT] 
2025-03-25 09:34:19,221 [ERROR] LogOutputStream:75 - [STDERR_REDIRECT] [Fatal Error] :1:1: Premature end of file.
2025-03-25 09:34:19,221 [ERROR] LogOutputStream:75 - [STDERR_REDIRECT] 
2025-03-25 09:34:20,222 [ERROR] LogOutputStream:75 - [STDERR_REDIRECT] [Fatal Error] :1:1: Premature end of file.
2025-03-25 09:34:20,222 [ERROR] LogOutputStream:75 - [STDERR_REDIRECT] 
2025-03-25 09:34:21,220 [ERROR] LogOutputStream:75 - [STDERR_REDIRECT] [Fatal Error] :1:1: Premature end of file.
2025-03-25 09:34:21,220 [ERROR] LogOutputStream:75 - [STDERR_REDIRECT] 
2025-03-25 09:34:22,217 [ERROR] LogOutputStream:75 - [STDERR_REDIRECT] [Fatal Error] :1:1: Premature end of file.
2025-03-25 09:34:22,218 [ERROR] LogOutputStream:75 - [STDERR_REDIRECT] 
2025-03-25 09:34:23,225 [ERROR] LogOutputStream:75 - [STDERR_REDIRECT] [Fatal Error] :1:1: Premature end of file.
2025-03-25 09:34:23,225 [ERROR] LogOutputStream:75 - [STDERR_REDIRECT] 
2025-03-25 09:34:24,223 [ERROR] LogOutputStream:75 - [STDERR_REDIRECT] [Fatal Error] :1:1: Premature end of file.
2025-03-25 09:34:24,223 [ERROR] LogOutputStream:75 - [STDERR_REDIRECT] 
2025-03-25 09:34:25,222 [ERROR] LogOutputStream:75 - [STDERR_REDIRECT] [Fatal Error] :1:1: Premature end of file.
2025-03-25 09:34:25,222 [ERROR] LogOutputStream:75 - [STDERR_REDIRECT] 
2025-03-25 09:34:26,226 [ERROR] LogOutputStream:75 - [STDERR_REDIRECT] [Fatal Error] :1:1: Premature end of file.
2025-03-25 09:34:26,226 [ERROR] LogOutputStream:75 - [STDERR_REDIRECT] 
2025-03-25 09:34:27,231 [ERROR] LogOutputStream:75 - [STDERR_REDIRECT] [Fatal Error] :1:1: Premature end of file.
2025-03-25 09:34:27,231 [ERROR] LogOutputStream:75 - [STDERR_REDIRECT] 
2025-03-25 09:34:28,222 [ERROR] LogOutputStream:75 - [STDERR_REDIRECT] [Fatal Error] :1:1: Premature end of file.
2025-03-25 09:34:28,222 [ERROR] LogOutputStream:75 - [STDERR_REDIRECT] 
2025-03-25 09:34:29,218 [ERROR] LogOutputStream:75 - [STDERR_REDIRECT] [Fatal Error] :1:1: Premature end of file.
2025-03-25 09:34:29,218 [ERROR] LogOutputStream:75 - [STDERR_REDIRECT] 
2025-03-25 09:34:30,226 [ERROR] LogOutputStream:75 - [STDERR_REDIRECT] [Fatal Error] :1:1: Premature end of file.
2025-03-25 09:34:30,226 [ERROR] LogOutputStream:75 - [STDERR_REDIRECT] 
2025-03-25 09:34:31,198 [ERROR] LogOutputStream:75 - [STDERR_REDIRECT] [Fatal Error] :1:1: Premature end of file.
2025-03-25 09:34:31,198 [ERROR] LogOutputStream:75 - [STDERR_REDIRECT] 
2025-03-25 09:34:32,234 [ERROR] LogOutputStream:75 - [STDERR_REDIRECT] [Fatal Error] :1:1: Premature end of file.
2025-03-25 09:34:32,234 [ERROR] LogOutputStream:75 - [STDERR_REDIRECT] 
2025-03-25 09:34:33,218 [ERROR] LogOutputStream:75 - [STDERR_REDIRECT] [Fatal Error] :1:1: Premature end of file.
2025-03-25 09:34:33,218 [ERROR] LogOutputStream:75 - [STDERR_REDIRECT] 
2025-03-25 09:34:34,218 [ERROR] LogOutputStream:75 - [STDERR_REDIRECT] [Fatal Error] :1:1: Premature end of file.
2025-03-25 09:34:34,218 [ERROR] LogOutputStream:75 - [STDERR_REDIRECT] 
2025-03-25 09:34:35,242 [ERROR] LogOutputStream:75 - [STDERR_REDIRECT] [Fatal Error] :1:1: Premature end of file.
2025-03-25 09:34:35,242 [ERROR] LogOutputStream:75 - [STDERR_REDIRECT] 
2025-03-25 09:34:36,221 [ERROR] LogOutputStream:75 - [STDERR_REDIRECT] [Fatal Error] :1:1: Premature end of file.
2025-03-25 09:34:36,222 [ERROR] LogOutputStream:75 - [STDERR_REDIRECT] 
2025-03-25 09:34:37,215 [ERROR] LogOutputStream:75 - [STDERR_REDIRECT] [Fatal Error] :1:1: Premature end of file.
2025-03-25 09:34:37,215 [ERROR] LogOutputStream:75 - [STDERR_REDIRECT] 
2025-03-25 09:34:38,220 [ERROR] LogOutputStream:75 - [STDERR_REDIRECT] [Fatal Error] :1:1: Premature end of file.
2025-03-25 09:34:38,220 [ERROR] LogOutputStream:75 - [STDERR_REDIRECT] 
2025-03-25 09:34:39,217 [ERROR] LogOutputStream:75 - [STDERR_REDIRECT] [Fatal Error] :1:1: Premature end of file.
2025-03-25 09:34:39,217 [ERROR] LogOutputStream:75 - [STDERR_REDIRECT] 
2025-03-25 09:34:40,209 [ERROR] LogOutputStream:75 - [STDERR_REDIRECT] [Fatal Error] :1:1: Premature end of file.
2025-03-25 09:34:40,210 [ERROR] LogOutputStream:75 - [STDERR_REDIRECT] 
2025-03-25 09:34:41,209 [ERROR] LogOutputStream:75 - [STDERR_REDIRECT] [Fatal Error] :1:1: Premature end of file.
2025-03-25 09:34:41,209 [ERROR] LogOutputStream:75 - [STDERR_REDIRECT] 
2025-03-25 09:34:42,237 [ERROR] LogOutputStream:75 - [STDERR_REDIRECT] [Fatal Error] :1:1: Premature end of file.
2025-03-25 09:34:42,237 [ERROR] LogOutputStream:75 - [STDERR_REDIRECT] 
2025-03-25 09:34:43,222 [ERROR] LogOutputStream:75 - [STDERR_REDIRECT] [Fatal Error] :1:1: Premature end of file.
2025-03-25 09:34:43,222 [ERROR] LogOutputStream:75 - [STDERR_REDIRECT] 
2025-03-25 09:34:44,220 [ERROR] LogOutputStream:75 - [STDERR_REDIRECT] [Fatal Error] :1:1: Premature end of file.
2025-03-25 09:34:44,220 [ERROR] LogOutputStream:75 - [STDERR_REDIRECT] 
2025-03-25 09:34:45,217 [ERROR] LogOutputStream:75 - [STDERR_REDIRECT] [Fatal Error] :1:1: Premature end of file.
2025-03-25 09:34:45,217 [ERROR] LogOutputStream:75 - [STDERR_REDIRECT] 
2025-03-25 09:34:46,216 [ERROR] LogOutputStream:75 - [STDERR_REDIRECT] [Fatal Error] :1:1: Premature end of file.
2025-03-25 09:34:46,216 [ERROR] LogOutputStream:75 - [STDERR_REDIRECT] 
2025-03-25 09:34:47,219 [ERROR] LogOutputStream:75 - [STDERR_REDIRECT] [Fatal Error] :1:1: Premature end of file.
2025-03-25 09:34:47,219 [ERROR] LogOutputStream:75 - [STDERR_REDIRECT] 
2025-03-25 09:34:48,221 [ERROR] LogOutputStream:75 - [STDERR_REDIRECT] [Fatal Error] :1:1: Premature end of file.
2025-03-25 09:34:48,221 [ERROR] LogOutputStream:75 - [STDERR_REDIRECT] 
2025-03-25 09:34:49,217 [ERROR] LogOutputStream:75 - [STDERR_REDIRECT] [Fatal Error] :1:1: Premature end of file.
2025-03-25 09:34:49,218 [ERROR] LogOutputStream:75 - [STDERR_REDIRECT] 
2025-03-25 09:34:50,220 [ERROR] LogOutputStream:75 - [STDERR_REDIRECT] [Fatal Error] :1:1: Premature end of file.
2025-03-25 09:34:50,220 [ERROR] LogOutputStream:75 - [STDERR_REDIRECT] 
2025-03-25 09:34:51,220 [ERROR] LogOutputStream:75 - [STDERR_REDIRECT] [Fatal Error] :1:1: Premature end of file.
2025-03-25 09:34:51,220 [ERROR] LogOutputStream:75 - [STDERR_REDIRECT] 
2025-03-25 09:34:52,224 [ERROR] LogOutputStream:75 - [STDERR_REDIRECT] [Fatal Error] :1:1: Premature end of file.
2025-03-25 09:34:52,224 [ERROR] LogOutputStream:75 - [STDERR_REDIRECT] 
2025-03-25 09:34:53,187 [ERROR] LogOutputStream:75 - [STDERR_REDIRECT] [Fatal Error] :1:1: Premature end of file.
2025-03-25 09:34:53,187 [ERROR] LogOutputStream:75 - [STDERR_REDIRECT] 
2025-03-25 09:34:54,191 [ERROR] LogOutputStream:75 - [STDERR_REDIRECT] [Fatal Error] :1:1: Premature end of file.
2025-03-25 09:34:54,191 [ERROR] LogOutputStream:75 - [STDERR_REDIRECT] 
2025-03-25 09:34:55,186 [ERROR] LogOutputStream:75 - [STDERR_REDIRECT] [Fatal Error] :1:1: Premature end of file.
2025-03-25 09:34:55,186 [ERROR] LogOutputStream:75 - [STDERR_REDIRECT] 
2025-03-25 09:34:56,193 [ERROR] LogOutputStream:75 - [STDERR_REDIRECT] [Fatal Error] :1:1: Premature end of file.
2025-03-25 09:34:56,193 [ERROR] LogOutputStream:75 - [STDERR_REDIRECT] 
2025-03-25 09:34:57,190 [ERROR] LogOutputStream:75 - [STDERR_REDIRECT] [Fatal Error] :1:1: Premature end of file.
2025-03-25 09:34:57,190 [ERROR] LogOutputStream:75 - [STDERR_REDIRECT] 
2025-03-25 09:34:58,186 [ERROR] LogOutputStream:75 - [STDERR_REDIRECT] [Fatal Error] :1:1: Premature end of file.
2025-03-25 09:34:58,187 [ERROR] LogOutputStream:75 - [STDERR_REDIRECT] 
2025-03-25 09:34:59,186 [ERROR] LogOutputStream:75 - [STDERR_REDIRECT] [Fatal Error] :1:1: Premature end of file.
2025-03-25 09:34:59,186 [ERROR] LogOutputStream:75 - [STDERR_REDIRECT] 
2025-03-25 09:35:00,184 [ERROR] LogOutputStream:75 - [STDERR_REDIRECT] [Fatal Error] :1:1: Premature end of file.
2025-03-25 09:35:00,184 [ERROR] LogOutputStream:75 - [STDERR_REDIRECT] 
2025-03-25 09:35:01,188 [ERROR] LogOutputStream:75 - [STDERR_REDIRECT] [Fatal Error] :1:1: Premature end of file.
2025-03-25 09:35:01,188 [ERROR] LogOutputStream:75 - [STDERR_REDIRECT] 
2025-03-25 09:35:02,188 [ERROR] LogOutputStream:75 - [STDERR_REDIRECT] [Fatal Error] :1:1: Premature end of file.
2025-03-25 09:35:02,188 [ERROR] LogOutputStream:75 - [STDERR_REDIRECT] 
2025-03-25 09:35:03,190 [ERROR] LogOutputStream:75 - [STDERR_REDIRECT] [Fatal Error] :1:1: Premature end of file.
2025-03-25 09:35:03,190 [ERROR] LogOutputStream:75 - [STDERR_REDIRECT] 
2025-03-25 09:35:04,185 [ERROR] LogOutputStream:75 - [STDERR_REDIRECT] [Fatal Error] :1:1: Premature end of file.
2025-03-25 09:35:04,185 [ERROR] LogOutputStream:75 - [STDERR_REDIRECT] 
2025-03-25 09:35:05,185 [ERROR] LogOutputStream:75 - [STDERR_REDIRECT] [Fatal Error] :1:1: Premature end of file.
2025-03-25 09:35:05,185 [ERROR] LogOutputStream:75 - [STDERR_REDIRECT] 
2025-03-25 09:35:06,196 [ERROR] LogOutputStream:75 - [STDERR_REDIRECT] [Fatal Error] :1:1: Premature end of file.
2025-03-25 09:35:06,196 [ERROR] LogOutputStream:75 - [STDERR_REDIRECT] 
2025-03-25 09:35:07,209 [ERROR] LogOutputStream:75 - [STDERR_REDIRECT] [Fatal Error] :1:1: Premature end of file.
2025-03-25 09:35:07,209 [ERROR] LogOutputStream:75 - [STDERR_REDIRECT] 
2025-03-25 09:35:08,187 [ERROR] LogOutputStream:75 - [STDERR_REDIRECT] [Fatal Error] :1:1: Premature end of file.
2025-03-25 09:35:08,187 [ERROR] LogOutputStream:75 - [STDERR_REDIRECT] 
2025-03-25 09:35:09,185 [ERROR] LogOutputStream:75 - [STDERR_REDIRECT] [Fatal Error] :1:1: Premature end of file.
2025-03-25 09:35:09,185 [ERROR] LogOutputStream:75 - [STDERR_REDIRECT] 
2025-03-25 09:35:10,191 [ERROR] LogOutputStream:75 - [STDERR_REDIRECT] [Fatal Error] :1:1: Premature end of file.
2025-03-25 09:35:10,191 [ERROR] LogOutputStream:75 - [STDERR_REDIRECT] 
2025-03-25 09:35:11,207 [ERROR] LogOutputStream:75 - [STDERR_REDIRECT] [Fatal Error] :1:1: Premature end of file.
2025-03-25 09:35:11,207 [ERROR] LogOutputStream:75 - [STDERR_REDIRECT] 
2025-03-25 09:35:12,241 [ERROR] LogOutputStream:75 - [STDERR_REDIRECT] [Fatal Error] :1:1: Premature end of file.
2025-03-25 09:35:12,241 [ERROR] LogOutputStream:75 - [STDERR_REDIRECT] 
2025-03-25 09:35:13,190 [ERROR] LogOutputStream:75 - [STDERR_REDIRECT] [Fatal Error] :1:1: Premature end of file.
2025-03-25 09:35:13,190 [ERROR] LogOutputStream:75 - [STDERR_REDIRECT] 
2025-03-25 09:35:14,225 [ERROR] LogOutputStream:75 - [STDERR_REDIRECT] [Fatal Error] :1:1: Premature end of file.
2025-03-25 09:35:14,226 [ERROR] LogOutputStream:75 - [STDERR_REDIRECT] 
2025-03-25 09:35:15,222 [ERROR] LogOutputStream:75 - [STDERR_REDIRECT] [Fatal Error] :1:1: Premature end of file.
2025-03-25 09:35:15,222 [ERROR] LogOutputStream:75 - [STDERR_REDIRECT] 
2025-03-25 09:35:16,224 [ERROR] LogOutputStream:75 - [STDERR_REDIRECT] [Fatal Error] :1:1: Premature end of file.
2025-03-25 09:35:16,225 [ERROR] LogOutputStream:75 - [STDERR_REDIRECT] 
2025-03-25 09:35:17,232 [ERROR] LogOutputStream:75 - [STDERR_REDIRECT] [Fatal Error] :1:1: Premature end of file.
2025-03-25 09:35:17,232 [ERROR] LogOutputStream:75 - [STDERR_REDIRECT] 
2025-03-25 09:35:18,222 [ERROR] LogOutputStream:75 - [STDERR_REDIRECT] [Fatal Error] :1:1: Premature end of file.
2025-03-25 09:35:18,222 [ERROR] LogOutputStream:75 - [STDERR_REDIRECT] 
2025-03-25 09:35:19,209 [ERROR] LogOutputStream:75 - [STDERR_REDIRECT] [Fatal Error] :1:1: Premature end of file.
2025-03-25 09:35:19,210 [ERROR] LogOutputStream:75 - [STDERR_REDIRECT] 
2025-03-25 09:35:20,216 [ERROR] LogOutputStream:75 - [STDERR_REDIRECT] [Fatal Error] :1:1: Premature end of file.
2025-03-25 09:35:20,217 [ERROR] LogOutputStream:75 - [STDERR_REDIRECT] 
2025-03-25 09:35:21,210 [ERROR] LogOutputStream:75 - [STDERR_REDIRECT] [Fatal Error] :1:1: Premature end of file.
2025-03-25 09:35:21,210 [ERROR] LogOutputStream:75 - [STDERR_REDIRECT] 
2025-03-25 09:35:22,223 [ERROR] LogOutputStream:75 - [STDERR_REDIRECT] [Fatal Error] :1:1: Premature end of file.
2025-03-25 09:35:22,224 [ERROR] LogOutputStream:75 - [STDERR_REDIRECT] 
2025-03-25 09:35:23,210 [ERROR] LogOutputStream:75 - [STDERR_REDIRECT] [Fatal Error] :1:1: Premature end of file.
2025-03-25 09:35:23,210 [ERROR] LogOutputStream:75 - [STDERR_REDIRECT] 
2025-03-25 09:35:24,211 [ERROR] LogOutputStream:75 - [STDERR_REDIRECT] [Fatal Error] :1:1: Premature end of file.
2025-03-25 09:35:24,211 [ERROR] LogOutputStream:75 - [STDERR_REDIRECT] 
2025-03-25 09:35:25,220 [ERROR] LogOutputStream:75 - [STDERR_REDIRECT] [Fatal Error] :1:1: Premature end of file.
2025-03-25 09:35:25,220 [ERROR] LogOutputStream:75 - [STDERR_REDIRECT] 
2025-03-25 09:35:26,229 [ERROR] LogOutputStream:75 - [STDERR_REDIRECT] [Fatal Error] :1:1: Premature end of file.
2025-03-25 09:35:26,229 [ERROR] LogOutputStream:75 - [STDERR_REDIRECT] 
2025-03-25 09:35:27,210 [ERROR] LogOutputStream:75 - [STDERR_REDIRECT] [Fatal Error] :1:1: Premature end of file.
2025-03-25 09:35:27,210 [ERROR] LogOutputStream:75 - [STDERR_REDIRECT] 
2025-03-25 09:35:28,220 [ERROR] LogOutputStream:75 - [STDERR_REDIRECT] [Fatal Error] :1:1: Premature end of file.
2025-03-25 09:35:28,220 [ERROR] LogOutputStream:75 - [STDERR_REDIRECT] 
2025-03-25 09:35:29,209 [ERROR] LogOutputStream:75 - [STDERR_REDIRECT] [Fatal Error] :1:1: Premature end of file.
2025-03-25 09:35:29,209 [ERROR] LogOutputStream:75 - [STDERR_REDIRECT] 
2025-03-25 09:35:30,231 [ERROR] LogOutputStream:75 - [STDERR_REDIRECT] [Fatal Error] :1:1: Premature end of file.
2025-03-25 09:35:30,231 [ERROR] LogOutputStream:75 - [STDERR_REDIRECT] 
2025-03-25 09:35:31,209 [ERROR] LogOutputStream:75 - [STDERR_REDIRECT] [Fatal Error] :1:1: Premature end of file.
2025-03-25 09:35:31,209 [ERROR] LogOutputStream:75 - [STDERR_REDIRECT] 
2025-03-25 09:35:32,228 [ERROR] LogOutputStream:75 - [STDERR_REDIRECT] [Fatal Error] :1:1: Premature end of file.
2025-03-25 09:35:32,228 [ERROR] LogOutputStream:75 - [STDERR_REDIRECT] 
2025-03-25 09:35:33,222 [ERROR] LogOutputStream:75 - [STDERR_REDIRECT] [Fatal Error] :1:1: Premature end of file.
2025-03-25 09:35:33,222 [ERROR] LogOutputStream:75 - [STDERR_REDIRECT] 
2025-03-25 09:35:34,227 [ERROR] LogOutputStream:75 - [STDERR_REDIRECT] [Fatal Error] :1:1: Premature end of file.
2025-03-25 09:35:34,228 [ERROR] LogOutputStream:75 - [STDERR_REDIRECT] 
2025-03-25 09:35:35,225 [ERROR] LogOutputStream:75 - [STDERR_REDIRECT] [Fatal Error] :1:1: Premature end of file.
2025-03-25 09:35:35,225 [ERROR] LogOutputStream:75 - [STDERR_REDIRECT] 
2025-03-25 09:35:36,218 [ERROR] LogOutputStream:75 - [STDERR_REDIRECT] [Fatal Error] :1:1: Premature end of file.
2025-03-25 09:35:36,218 [ERROR] LogOutputStream:75 - [STDERR_REDIRECT] 
2025-03-25 09:35:37,214 [ERROR] LogOutputStream:75 - [STDERR_REDIRECT] [Fatal Error] :1:1: Premature end of file.
2025-03-25 09:35:37,215 [ERROR] LogOutputStream:75 - [STDERR_REDIRECT] 
2025-03-25 09:35:38,218 [ERROR] LogOutputStream:75 - [STDERR_REDIRECT] [Fatal Error] :1:1: Premature end of file.
2025-03-25 09:35:38,218 [ERROR] LogOutputStream:75 - [STDERR_REDIRECT] 
2025-03-25 09:35:39,228 [ERROR] LogOutputStream:75 - [STDERR_REDIRECT] [Fatal Error] :1:1: Premature end of file.
2025-03-25 09:35:39,228 [ERROR] LogOutputStream:75 - [STDERR_REDIRECT] 
2025-03-25 09:35:40,216 [ERROR] LogOutputStream:75 - [STDERR_REDIRECT] [Fatal Error] :1:1: Premature end of file.
2025-03-25 09:35:40,217 [ERROR] LogOutputStream:75 - [STDERR_REDIRECT] 
2025-03-25 09:35:41,214 [ERROR] LogOutputStream:75 - [STDERR_REDIRECT] [Fatal Error] :1:1: Premature end of file.
2025-03-25 09:35:41,214 [ERROR] LogOutputStream:75 - [STDERR_REDIRECT] 
2025-03-25 09:35:42,239 [ERROR] LogOutputStream:75 - [STDERR_REDIRECT] [Fatal Error] :1:1: Premature end of file.
2025-03-25 09:35:42,239 [ERROR] LogOutputStream:75 - [STDERR_REDIRECT] 
2025-03-25 09:35:43,214 [ERROR] LogOutputStream:75 - [STDERR_REDIRECT] [Fatal Error] :1:1: Premature end of file.
2025-03-25 09:35:43,215 [ERROR] LogOutputStream:75 - [STDERR_REDIRECT] 
2025-03-25 09:35:44,209 [ERROR] LogOutputStream:75 - [STDERR_REDIRECT] [Fatal Error] :1:1: Premature end of file.
2025-03-25 09:35:44,210 [ERROR] LogOutputStream:75 - [STDERR_REDIRECT] 
2025-03-25 09:35:45,222 [ERROR] LogOutputStream:75 - [STDERR_REDIRECT] [Fatal Error] :1:1: Premature end of file.
2025-03-25 09:35:45,223 [ERROR] LogOutputStream:75 - [STDERR_REDIRECT] 
2025-03-25 09:35:46,218 [ERROR] LogOutputStream:75 - [STDERR_REDIRECT] [Fatal Error] :1:1: Premature end of file.
2025-03-25 09:35:46,218 [ERROR] LogOutputStream:75 - [STDERR_REDIRECT] 
2025-03-25 09:35:47,215 [ERROR] LogOutputStream:75 - [STDERR_REDIRECT] [Fatal Error] :1:1: Premature end of file.
2025-03-25 09:35:47,215 [ERROR] LogOutputStream:75 - [STDERR_REDIRECT] 
2025-03-25 09:35:48,224 [ERROR] LogOutputStream:75 - [STDERR_REDIRECT] [Fatal Error] :1:1: Premature end of file.
2025-03-25 09:35:48,224 [ERROR] LogOutputStream:75 - [STDERR_REDIRECT] 
2025-03-25 09:35:49,220 [ERROR] LogOutputStream:75 - [STDERR_REDIRECT] [Fatal Error] :1:1: Premature end of file.
2025-03-25 09:35:49,220 [ERROR] LogOutputStream:75 - [STDERR_REDIRECT] 
2025-03-25 09:35:50,218 [ERROR] LogOutputStream:75 - [STDERR_REDIRECT] [Fatal Error] :1:1: Premature end of file.
2025-03-25 09:35:50,218 [ERROR] LogOutputStream:75 - [STDERR_REDIRECT] 
2025-03-25 09:35:51,198 [ERROR] LogOutputStream:75 - [STDERR_REDIRECT] [Fatal Error] :1:1: Premature end of file.
2025-03-25 09:35:51,198 [ERROR] LogOutputStream:75 - [STDERR_REDIRECT] 
2025-03-25 09:35:52,211 [ERROR] LogOutputStream:75 - [STDERR_REDIRECT] [Fatal Error] :1:1: Premature end of file.
2025-03-25 09:35:52,212 [ERROR] LogOutputStream:75 - [STDERR_REDIRECT] 
2025-03-25 09:35:53,222 [ERROR] LogOutputStream:75 - [STDERR_REDIRECT] [Fatal Error] :1:1: Premature end of file.
2025-03-25 09:35:53,222 [ERROR] LogOutputStream:75 - [STDERR_REDIRECT] 
2025-03-25 09:35:54,218 [ERROR] LogOutputStream:75 - [STDERR_REDIRECT] [Fatal Error] :1:1: Premature end of file.
2025-03-25 09:35:54,218 [ERROR] LogOutputStream:75 - [STDERR_REDIRECT] 
2025-03-25 09:35:55,232 [ERROR] LogOutputStream:75 - [STDERR_REDIRECT] [Fatal Error] :1:1: Premature end of file.
2025-03-25 09:35:55,233 [ERROR] LogOutputStream:75 - [STDERR_REDIRECT] 
2025-03-25 09:35:56,223 [ERROR] LogOutputStream:75 - [STDERR_REDIRECT] [Fatal Error] :1:1: Premature end of file.
2025-03-25 09:35:56,224 [ERROR] LogOutputStream:75 - [STDERR_REDIRECT] 
2025-03-25 09:35:57,225 [ERROR] LogOutputStream:75 - [STDERR_REDIRECT] [Fatal Error] :1:1: Premature end of file.
2025-03-25 09:35:57,225 [ERROR] LogOutputStream:75 - [STDERR_REDIRECT] 
2025-03-25 09:35:58,220 [ERROR] LogOutputStream:75 - [STDERR_REDIRECT] [Fatal Error] :1:1: Premature end of file.
2025-03-25 09:35:58,221 [ERROR] LogOutputStream:75 - [STDERR_REDIRECT] 
2025-03-25 09:35:59,212 [ERROR] LogOutputStream:75 - [STDERR_REDIRECT] [Fatal Error] :1:1: Premature end of file.
2025-03-25 09:35:59,212 [ERROR] LogOutputStream:75 - [STDERR_REDIRECT] 
2025-03-25 09:36:00,212 [ERROR] LogOutputStream:75 - [STDERR_REDIRECT] [Fatal Error] :1:1: Premature end of file.
2025-03-25 09:36:00,212 [ERROR] LogOutputStream:75 - [STDERR_REDIRECT] 
2025-03-25 09:36:01,221 [ERROR] LogOutputStream:75 - [STDERR_REDIRECT] [Fatal Error] :1:1: Premature end of file.
2025-03-25 09:36:01,221 [ERROR] LogOutputStream:75 - [STDERR_REDIRECT] 
2025-03-25 09:36:02,225 [ERROR] LogOutputStream:75 - [STDERR_REDIRECT] [Fatal Error] :1:1: Premature end of file.
2025-03-25 09:36:02,226 [ERROR] LogOutputStream:75 - [STDERR_REDIRECT] 
2025-03-25 09:36:03,219 [ERROR] LogOutputStream:75 - [STDERR_REDIRECT] [Fatal Error] :1:1: Premature end of file.
2025-03-25 09:36:03,219 [ERROR] LogOutputStream:75 - [STDERR_REDIRECT] 
2025-03-25 09:36:04,199 [ERROR] LogOutputStream:75 - [STDERR_REDIRECT] [Fatal Error] :1:1: Premature end of file.
2025-03-25 09:36:04,199 [ERROR] LogOutputStream:75 - [STDERR_REDIRECT] 
2025-03-25 09:36:05,231 [ERROR] LogOutputStream:75 - [STDERR_REDIRECT] [Fatal Error] :1:1: Premature end of file.
2025-03-25 09:36:05,232 [ERROR] LogOutputStream:75 - [STDERR_REDIRECT] 
2025-03-25 09:36:06,262 [ERROR] LogOutputStream:75 - [STDERR_REDIRECT] [Fatal Error] :1:1: Premature end of file.
2025-03-25 09:36:06,263 [ERROR] LogOutputStream:75 - [STDERR_REDIRECT] 
2025-03-25 09:36:07,221 [ERROR] LogOutputStream:75 - [STDERR_REDIRECT] [Fatal Error] :1:1: Premature end of file.
2025-03-25 09:36:07,221 [ERROR] LogOutputStream:75 - [STDERR_REDIRECT] 
2025-03-25 09:36:08,220 [ERROR] LogOutputStream:75 - [STDERR_REDIRECT] [Fatal Error] :1:1: Premature end of file.
2025-03-25 09:36:08,220 [ERROR] LogOutputStream:75 - [STDERR_REDIRECT] 
2025-03-25 09:36:09,208 [ERROR] LogOutputStream:75 - [STDERR_REDIRECT] [Fatal Error] :1:1: Premature end of file.
2025-03-25 09:36:09,209 [ERROR] LogOutputStream:75 - [STDERR_REDIRECT] 
2025-03-25 09:36:10,213 [ERROR] LogOutputStream:75 - [STDERR_REDIRECT] [Fatal Error] :1:1: Premature end of file.
2025-03-25 09:36:10,213 [ERROR] LogOutputStream:75 - [STDERR_REDIRECT] 
2025-03-25 09:36:11,218 [ERROR] LogOutputStream:75 - [STDERR_REDIRECT] [Fatal Error] :1:1: Premature end of file.
2025-03-25 09:36:11,218 [ERROR] LogOutputStream:75 - [STDERR_REDIRECT] 
2025-03-25 09:36:12,222 [ERROR] LogOutputStream:75 - [STDERR_REDIRECT] [Fatal Error] :1:1: Premature end of file.
2025-03-25 09:36:12,222 [ERROR] LogOutputStream:75 - [STDERR_REDIRECT] 
2025-03-25 09:36:13,218 [ERROR] LogOutputStream:75 - [STDERR_REDIRECT] [Fatal Error] :1:1: Premature end of file.
2025-03-25 09:36:13,218 [ERROR] LogOutputStream:75 - [STDERR_REDIRECT] 
2025-03-25 09:36:14,197 [ERROR] LogOutputStream:75 - [STDERR_REDIRECT] [Fatal Error] :1:1: Premature end of file.
2025-03-25 09:36:14,197 [ERROR] LogOutputStream:75 - [STDERR_REDIRECT] 
2025-03-25 09:36:15,213 [ERROR] LogOutputStream:75 - [STDERR_REDIRECT] [Fatal Error] :1:1: Premature end of file.
2025-03-25 09:36:15,214 [ERROR] LogOutputStream:75 - [STDERR_REDIRECT] 
2025-03-25 09:36:16,218 [ERROR] LogOutputStream:75 - [STDERR_REDIRECT] [Fatal Error] :1:1: Premature end of file.
2025-03-25 09:36:16,218 [ERROR] LogOutputStream:75 - [STDERR_REDIRECT] 
2025-03-25 09:36:17,223 [ERROR] LogOutputStream:75 - [STDERR_REDIRECT] [Fatal Error] :1:1: Premature end of file.
2025-03-25 09:36:17,223 [ERROR] LogOutputStream:75 - [STDERR_REDIRECT] 
2025-03-25 09:36:18,209 [ERROR] LogOutputStream:75 - [STDERR_REDIRECT] [Fatal Error] :1:1: Premature end of file.
2025-03-25 09:36:18,209 [ERROR] LogOutputStream:75 - [STDERR_REDIRECT] 
2025-03-25 09:36:19,219 [ERROR] LogOutputStream:75 - [STDERR_REDIRECT] [Fatal Error] :1:1: Premature end of file.
2025-03-25 09:36:19,220 [ERROR] LogOutputStream:75 - [STDERR_REDIRECT] 
2025-03-25 09:36:20,221 [ERROR] LogOutputStream:75 - [STDERR_REDIRECT] [Fatal Error] :1:1: Premature end of file.
2025-03-25 09:36:20,221 [ERROR] LogOutputStream:75 - [STDERR_REDIRECT] 
2025-03-25 09:36:21,219 [ERROR] LogOutputStream:75 - [STDERR_REDIRECT] [Fatal Error] :1:1: Premature end of file.
2025-03-25 09:36:21,219 [ERROR] LogOutputStream:75 - [STDERR_REDIRECT] 
2025-03-25 09:36:22,221 [ERROR] LogOutputStream:75 - [STDERR_REDIRECT] [Fatal Error] :1:1: Premature end of file.
2025-03-25 09:36:22,221 [ERROR] LogOutputStream:75 - [STDERR_REDIRECT] 
2025-03-25 09:36:23,217 [ERROR] LogOutputStream:75 - [STDERR_REDIRECT] [Fatal Error] :1:1: Premature end of file.
2025-03-25 09:36:23,217 [ERROR] LogOutputStream:75 - [STDERR_REDIRECT] 
2025-03-25 09:36:24,221 [ERROR] LogOutputStream:75 - [STDERR_REDIRECT] [Fatal Error] :1:1: Premature end of file.
2025-03-25 09:36:24,222 [ERROR] LogOutputStream:75 - [STDERR_REDIRECT] 
2025-03-25 09:36:25,223 [ERROR] LogOutputStream:75 - [STDERR_REDIRECT] [Fatal Error] :1:1: Premature end of file.
2025-03-25 09:36:25,223 [ERROR] LogOutputStream:75 - [STDERR_REDIRECT] 
2025-03-25 09:36:26,216 [ERROR] LogOutputStream:75 - [STDERR_REDIRECT] [Fatal Error] :1:1: Premature end of file.
2025-03-25 09:36:26,216 [ERROR] LogOutputStream:75 - [STDERR_REDIRECT] 
2025-03-25 09:36:27,223 [ERROR] LogOutputStream:75 - [STDERR_REDIRECT] [Fatal Error] :1:1: Premature end of file.
2025-03-25 09:36:27,223 [ERROR] LogOutputStream:75 - [STDERR_REDIRECT] 
2025-03-25 09:36:28,227 [ERROR] LogOutputStream:75 - [STDERR_REDIRECT] [Fatal Error] :1:1: Premature end of file.
2025-03-25 09:36:28,228 [ERROR] LogOutputStream:75 - [STDERR_REDIRECT] 
2025-03-25 09:36:29,219 [ERROR] LogOutputStream:75 - [STDERR_REDIRECT] [Fatal Error] :1:1: Premature end of file.
2025-03-25 09:36:29,219 [ERROR] LogOutputStream:75 - [STDERR_REDIRECT] 
2025-03-25 09:36:30,191 [ERROR] LogOutputStream:75 - [STDERR_REDIRECT] [Fatal Error] :1:1: Premature end of file.
2025-03-25 09:36:30,192 [ERROR] LogOutputStream:75 - [STDERR_REDIRECT] 
2025-03-25 09:36:31,217 [ERROR] LogOutputStream:75 - [STDERR_REDIRECT] [Fatal Error] :1:1: Premature end of file.
2025-03-25 09:36:31,217 [ERROR] LogOutputStream:75 - [STDERR_REDIRECT] 
2025-03-25 09:36:32,223 [ERROR] LogOutputStream:75 - [STDERR_REDIRECT] [Fatal Error] :1:1: Premature end of file.
2025-03-25 09:36:32,223 [ERROR] LogOutputStream:75 - [STDERR_REDIRECT] 
2025-03-25 09:36:33,221 [ERROR] LogOutputStream:75 - [STDERR_REDIRECT] [Fatal Error] :1:1: Premature end of file.
2025-03-25 09:36:33,222 [ERROR] LogOutputStream:75 - [STDERR_REDIRECT] 
2025-03-25 09:36:34,196 [ERROR] LogOutputStream:75 - [STDERR_REDIRECT] [Fatal Error] :1:1: Premature end of file.
2025-03-25 09:36:34,197 [ERROR] LogOutputStream:75 - [STDERR_REDIRECT] 
2025-03-25 09:36:35,220 [ERROR] LogOutputStream:75 - [STDERR_REDIRECT] [Fatal Error] :1:1: Premature end of file.
2025-03-25 09:36:35,220 [ERROR] LogOutputStream:75 - [STDERR_REDIRECT] 
2025-03-25 09:36:36,216 [ERROR] LogOutputStream:75 - [STDERR_REDIRECT] [Fatal Error] :1:1: Premature end of file.
2025-03-25 09:36:36,216 [ERROR] LogOutputStream:75 - [STDERR_REDIRECT] 
2025-03-25 09:36:37,224 [ERROR] LogOutputStream:75 - [STDERR_REDIRECT] [Fatal Error] :1:1: Premature end of file.
2025-03-25 09:36:37,224 [ERROR] LogOutputStream:75 - [STDERR_REDIRECT] 
2025-03-25 09:36:38,219 [ERROR] LogOutputStream:75 - [STDERR_REDIRECT] [Fatal Error] :1:1: Premature end of file.
2025-03-25 09:36:38,219 [ERROR] LogOutputStream:75 - [STDERR_REDIRECT] 
2025-03-25 09:36:39,222 [ERROR] LogOutputStream:75 - [STDERR_REDIRECT] [Fatal Error] :1:1: Premature end of file.
2025-03-25 09:36:39,222 [ERROR] LogOutputStream:75 - [STDERR_REDIRECT] 
2025-03-25 09:36:40,225 [ERROR] LogOutputStream:75 - [STDERR_REDIRECT] [Fatal Error] :1:1: Premature end of file.
2025-03-25 09:36:40,225 [ERROR] LogOutputStream:75 - [STDERR_REDIRECT] 
2025-03-25 09:36:41,233 [ERROR] LogOutputStream:75 - [STDERR_REDIRECT] [Fatal Error] :1:1: Premature end of file.
2025-03-25 09:36:41,233 [ERROR] LogOutputStream:75 - [STDERR_REDIRECT] 
2025-03-25 09:36:42,236 [ERROR] LogOutputStream:75 - [STDERR_REDIRECT] [Fatal Error] :1:1: Premature end of file.
2025-03-25 09:36:42,236 [ERROR] LogOutputStream:75 - [STDERR_REDIRECT] 
2025-03-25 09:36:43,226 [ERROR] LogOutputStream:75 - [STDERR_REDIRECT] [Fatal Error] :1:1: Premature end of file.
2025-03-25 09:36:43,226 [ERROR] LogOutputStream:75 - [STDERR_REDIRECT] 
2025-03-25 09:36:44,220 [ERROR] LogOutputStream:75 - [STDERR_REDIRECT] [Fatal Error] :1:1: Premature end of file.
2025-03-25 09:36:44,221 [ERROR] LogOutputStream:75 - [STDERR_REDIRECT] 
2025-03-25 09:36:45,223 [ERROR] LogOutputStream:75 - [STDERR_REDIRECT] [Fatal Error] :1:1: Premature end of file.
2025-03-25 09:36:45,223 [ERROR] LogOutputStream:75 - [STDERR_REDIRECT] 
2025-03-25 09:36:46,223 [ERROR] LogOutputStream:75 - [STDERR_REDIRECT] [Fatal Error] :1:1: Premature end of file.
2025-03-25 09:36:46,223 [ERROR] LogOutputStream:75 - [STDERR_REDIRECT] 
2025-03-25 09:36:47,217 [ERROR] LogOutputStream:75 - [STDERR_REDIRECT] [Fatal Error] :1:1: Premature end of file.
2025-03-25 09:36:47,218 [ERROR] LogOutputStream:75 - [STDERR_REDIRECT] 
2025-03-25 09:36:48,184 [ERROR] LogOutputStream:75 - [STDERR_REDIRECT] [Fatal Error] :1:1: Premature end of file.
2025-03-25 09:36:48,184 [ERROR] LogOutputStream:75 - [STDERR_REDIRECT] 
2025-03-25 09:36:49,219 [ERROR] LogOutputStream:75 - [STDERR_REDIRECT] [Fatal Error] :1:1: Premature end of file.
2025-03-25 09:36:49,220 [ERROR] LogOutputStream:75 - [STDERR_REDIRECT] 
2025-03-25 09:36:50,217 [ERROR] LogOutputStream:75 - [STDERR_REDIRECT] [Fatal Error] :1:1: Premature end of file.
2025-03-25 09:36:50,218 [ERROR] LogOutputStream:75 - [STDERR_REDIRECT] 
2025-03-25 09:36:51,218 [ERROR] LogOutputStream:75 - [STDERR_REDIRECT] [Fatal Error] :1:1: Premature end of file.
2025-03-25 09:36:51,218 [ERROR] LogOutputStream:75 - [STDERR_REDIRECT] 
2025-03-25 09:36:52,188 [ERROR] LogOutputStream:75 - [STDERR_REDIRECT] [Fatal Error] :1:1: Premature end of file.
2025-03-25 09:36:52,188 [ERROR] LogOutputStream:75 - [STDERR_REDIRECT] 
2025-03-25 09:36:53,220 [ERROR] LogOutputStream:75 - [STDERR_REDIRECT] [Fatal Error] :1:1: Premature end of file.
2025-03-25 09:36:53,220 [ERROR] LogOutputStream:75 - [STDERR_REDIRECT] 
2025-03-25 09:36:54,217 [ERROR] LogOutputStream:75 - [STDERR_REDIRECT] [Fatal Error] :1:1: Premature end of file.
2025-03-25 09:36:54,217 [ERROR] LogOutputStream:75 - [STDERR_REDIRECT] 
2025-03-25 09:36:55,226 [ERROR] LogOutputStream:75 - [STDERR_REDIRECT] [Fatal Error] :1:1: Premature end of file.
2025-03-25 09:36:55,227 [ERROR] LogOutputStream:75 - [STDERR_REDIRECT] 
2025-03-25 09:36:56,220 [ERROR] LogOutputStream:75 - [STDERR_REDIRECT] [Fatal Error] :1:1: Premature end of file.
2025-03-25 09:36:56,220 [ERROR] LogOutputStream:75 - [STDERR_REDIRECT] 
2025-03-25 09:36:57,216 [ERROR] LogOutputStream:75 - [STDERR_REDIRECT] [Fatal Error] :1:1: Premature end of file.
2025-03-25 09:36:57,216 [ERROR] LogOutputStream:75 - [STDERR_REDIRECT] 
2025-03-25 09:36:58,221 [ERROR] LogOutputStream:75 - [STDERR_REDIRECT] [Fatal Error] :1:1: Premature end of file.
2025-03-25 09:36:58,221 [ERROR] LogOutputStream:75 - [STDERR_REDIRECT] 
2025-03-25 09:36:59,217 [ERROR] LogOutputStream:75 - [STDERR_REDIRECT] [Fatal Error] :1:1: Premature end of file.
2025-03-25 09:36:59,217 [ERROR] LogOutputStream:75 - [STDERR_REDIRECT] 
2025-03-25 09:37:00,249 [ERROR] LogOutputStream:75 - [STDERR_REDIRECT] [Fatal Error] :1:1: Premature end of file.
2025-03-25 09:37:00,249 [ERROR] LogOutputStream:75 - [STDERR_REDIRECT] 
2025-03-25 09:37:01,220 [ERROR] LogOutputStream:75 - [STDERR_REDIRECT] [Fatal Error] :1:1: Premature end of file.
2025-03-25 09:37:01,221 [ERROR] LogOutputStream:75 - [STDERR_REDIRECT] 
2025-03-25 09:37:02,224 [ERROR] LogOutputStream:75 - [STDERR_REDIRECT] [Fatal Error] :1:1: Premature end of file.
2025-03-25 09:37:02,225 [ERROR] LogOutputStream:75 - [STDERR_REDIRECT] 
2025-03-25 09:37:03,224 [ERROR] LogOutputStream:75 - [STDERR_REDIRECT] [Fatal Error] :1:1: Premature end of file.
2025-03-25 09:37:03,225 [ERROR] LogOutputStream:75 - [STDERR_REDIRECT] 
2025-03-25 09:37:04,217 [ERROR] LogOutputStream:75 - [STDERR_REDIRECT] [Fatal Error] :1:1: Premature end of file.
2025-03-25 09:37:04,217 [ERROR] LogOutputStream:75 - [STDERR_REDIRECT] 
2025-03-25 09:37:05,224 [ERROR] LogOutputStream:75 - [STDERR_REDIRECT] [Fatal Error] :1:1: Premature end of file.
2025-03-25 09:37:05,224 [ERROR] LogOutputStream:75 - [STDERR_REDIRECT] 
2025-03-25 09:37:06,222 [ERROR] LogOutputStream:75 - [STDERR_REDIRECT] [Fatal Error] :1:1: Premature end of file.
2025-03-25 09:37:06,222 [ERROR] LogOutputStream:75 - [STDERR_REDIRECT] 
2025-03-25 09:37:07,218 [ERROR] LogOutputStream:75 - [STDERR_REDIRECT] [Fatal Error] :1:1: Premature end of file.
2025-03-25 09:37:07,218 [ERROR] LogOutputStream:75 - [STDERR_REDIRECT] 
2025-03-25 09:37:08,221 [ERROR] LogOutputStream:75 - [STDERR_REDIRECT] [Fatal Error] :1:1: Premature end of file.
2025-03-25 09:37:08,222 [ERROR] LogOutputStream:75 - [STDERR_REDIRECT] 
2025-03-25 09:37:09,219 [ERROR] LogOutputStream:75 - [STDERR_REDIRECT] [Fatal Error] :1:1: Premature end of file.
2025-03-25 09:37:09,219 [ERROR] LogOutputStream:75 - [STDERR_REDIRECT] 
2025-03-25 09:37:10,221 [ERROR] LogOutputStream:75 - [STDERR_REDIRECT] [Fatal Error] :1:1: Premature end of file.
2025-03-25 09:37:10,221 [ERROR] LogOutputStream:75 - [STDERR_REDIRECT] 
2025-03-25 09:37:11,223 [ERROR] LogOutputStream:75 - [STDERR_REDIRECT] [Fatal Error] :1:1: Premature end of file.
2025-03-25 09:37:11,223 [ERROR] LogOutputStream:75 - [STDERR_REDIRECT] 
2025-03-25 09:37:12,218 [ERROR] LogOutputStream:75 - [STDERR_REDIRECT] [Fatal Error] :1:1: Premature end of file.
2025-03-25 09:37:12,218 [ERROR] LogOutputStream:75 - [STDERR_REDIRECT] 
2025-03-25 09:37:13,222 [ERROR] LogOutputStream:75 - [STDERR_REDIRECT] [Fatal Error] :1:1: Premature end of file.
2025-03-25 09:37:13,222 [ERROR] LogOutputStream:75 - [STDERR_REDIRECT] 
2025-03-25 09:37:14,219 [ERROR] LogOutputStream:75 - [STDERR_REDIRECT] [Fatal Error] :1:1: Premature end of file.
2025-03-25 09:37:14,219 [ERROR] LogOutputStream:75 - [STDERR_REDIRECT] 
2025-03-25 09:37:15,227 [ERROR] LogOutputStream:75 - [STDERR_REDIRECT] [Fatal Error] :1:1: Premature end of file.
2025-03-25 09:37:15,227 [ERROR] LogOutputStream:75 - [STDERR_REDIRECT] 
2025-03-25 09:37:16,213 [ERROR] LogOutputStream:75 - [STDERR_REDIRECT] [Fatal Error] :1:1: Premature end of file.
2025-03-25 09:37:16,213 [ERROR] LogOutputStream:75 - [STDERR_REDIRECT] 
2025-03-25 09:37:17,229 [ERROR] LogOutputStream:75 - [STDERR_REDIRECT] [Fatal Error] :1:1: Premature end of file.
2025-03-25 09:37:17,229 [ERROR] LogOutputStream:75 - [STDERR_REDIRECT] 
2025-03-25 09:37:18,219 [ERROR] LogOutputStream:75 - [STDERR_REDIRECT] [Fatal Error] :1:1: Premature end of file.
2025-03-25 09:37:18,219 [ERROR] LogOutputStream:75 - [STDERR_REDIRECT] 
2025-03-25 09:37:19,218 [ERROR] LogOutputStream:75 - [STDERR_REDIRECT] [Fatal Error] :1:1: Premature end of file.
2025-03-25 09:37:19,219 [ERROR] LogOutputStream:75 - [STDERR_REDIRECT] 
2025-03-25 09:37:20,225 [ERROR] LogOutputStream:75 - [STDERR_REDIRECT] [Fatal Error] :1:1: Premature end of file.
2025-03-25 09:37:20,225 [ERROR] LogOutputStream:75 - [STDERR_REDIRECT] 
2025-03-25 09:37:21,216 [ERROR] LogOutputStream:75 - [STDERR_REDIRECT] [Fatal Error] :1:1: Premature end of file.
2025-03-25 09:37:21,216 [ERROR] LogOutputStream:75 - [STDERR_REDIRECT] 
2025-03-25 09:37:22,217 [ERROR] LogOutputStream:75 - [STDERR_REDIRECT] [Fatal Error] :1:1: Premature end of file.
2025-03-25 09:37:22,218 [ERROR] LogOutputStream:75 - [STDERR_REDIRECT] 
2025-03-25 09:37:23,221 [ERROR] LogOutputStream:75 - [STDERR_REDIRECT] [Fatal Error] :1:1: Premature end of file.
2025-03-25 09:37:23,221 [ERROR] LogOutputStream:75 - [STDERR_REDIRECT] 
2025-03-25 09:37:24,223 [ERROR] LogOutputStream:75 - [STDERR_REDIRECT] [Fatal Error] :1:1: Premature end of file.
2025-03-25 09:37:24,223 [ERROR] LogOutputStream:75 - [STDERR_REDIRECT] 
2025-03-25 09:37:25,224 [ERROR] LogOutputStream:75 - [STDERR_REDIRECT] [Fatal Error] :1:1: Premature end of file.
2025-03-25 09:37:25,224 [ERROR] LogOutputStream:75 - [STDERR_REDIRECT] 
2025-03-25 09:37:26,225 [ERROR] LogOutputStream:75 - [STDERR_REDIRECT] [Fatal Error] :1:1: Premature end of file.
2025-03-25 09:37:26,225 [ERROR] LogOutputStream:75 - [STDERR_REDIRECT] 
2025-03-25 09:37:27,218 [ERROR] LogOutputStream:75 - [STDERR_REDIRECT] [Fatal Error] :1:1: Premature end of file.
2025-03-25 09:37:27,219 [ERROR] LogOutputStream:75 - [STDERR_REDIRECT] 
2025-03-25 09:37:28,217 [ERROR] LogOutputStream:75 - [STDERR_REDIRECT] [Fatal Error] :1:1: Premature end of file.
2025-03-25 09:37:28,217 [ERROR] LogOutputStream:75 - [STDERR_REDIRECT] 
2025-03-25 09:37:29,217 [ERROR] LogOutputStream:75 - [STDERR_REDIRECT] [Fatal Error] :1:1: Premature end of file.
2025-03-25 09:37:29,218 [ERROR] LogOutputStream:75 - [STDERR_REDIRECT] 
2025-03-25 09:37:30,220 [ERROR] LogOutputStream:75 - [STDERR_REDIRECT] [Fatal Error] :1:1: Premature end of file.
2025-03-25 09:37:30,220 [ERROR] LogOutputStream:75 - [STDERR_REDIRECT] 
2025-03-25 09:37:31,223 [ERROR] LogOutputStream:75 - [STDERR_REDIRECT] [Fatal Error] :1:1: Premature end of file.
2025-03-25 09:37:31,223 [ERROR] LogOutputStream:75 - [STDERR_REDIRECT] 
2025-03-25 09:37:32,224 [ERROR] LogOutputStream:75 - [STDERR_REDIRECT] [Fatal Error] :1:1: Premature end of file.
2025-03-25 09:37:32,225 [ERROR] LogOutputStream:75 - [STDERR_REDIRECT] 
2025-03-25 09:37:33,219 [ERROR] LogOutputStream:75 - [STDERR_REDIRECT] [Fatal Error] :1:1: Premature end of file.
2025-03-25 09:37:33,219 [ERROR] LogOutputStream:75 - [STDERR_REDIRECT] 
2025-03-25 09:37:34,222 [ERROR] LogOutputStream:75 - [STDERR_REDIRECT] [Fatal Error] :1:1: Premature end of file.
2025-03-25 09:37:34,222 [ERROR] LogOutputStream:75 - [STDERR_REDIRECT] 
2025-03-25 09:37:35,217 [ERROR] LogOutputStream:75 - [STDERR_REDIRECT] [Fatal Error] :1:1: Premature end of file.
2025-03-25 09:37:35,217 [ERROR] LogOutputStream:75 - [STDERR_REDIRECT] 
2025-03-25 09:37:36,220 [ERROR] LogOutputStream:75 - [STDERR_REDIRECT] [Fatal Error] :1:1: Premature end of file.
2025-03-25 09:37:36,220 [ERROR] LogOutputStream:75 - [STDERR_REDIRECT] 
2025-03-25 09:37:37,221 [ERROR] LogOutputStream:75 - [STDERR_REDIRECT] [Fatal Error] :1:1: Premature end of file.
2025-03-25 09:37:37,221 [ERROR] LogOutputStream:75 - [STDERR_REDIRECT] 
2025-03-25 09:37:38,221 [ERROR] LogOutputStream:75 - [STDERR_REDIRECT] [Fatal Error] :1:1: Premature end of file.
2025-03-25 09:37:38,221 [ERROR] LogOutputStream:75 - [STDERR_REDIRECT] 
2025-03-25 09:37:39,220 [ERROR] LogOutputStream:75 - [STDERR_REDIRECT] [Fatal Error] :1:1: Premature end of file.
2025-03-25 09:37:39,221 [ERROR] LogOutputStream:75 - [STDERR_REDIRECT] 
2025-03-25 09:37:40,218 [ERROR] LogOutputStream:75 - [STDERR_REDIRECT] [Fatal Error] :1:1: Premature end of file.
2025-03-25 09:37:40,219 [ERROR] LogOutputStream:75 - [STDERR_REDIRECT] 
2025-03-25 09:37:41,224 [ERROR] LogOutputStream:75 - [STDERR_REDIRECT] [Fatal Error] :1:1: Premature end of file.
2025-03-25 09:37:41,224 [ERROR] LogOutputStream:75 - [STDERR_REDIRECT] 
2025-03-25 09:37:42,221 [ERROR] LogOutputStream:75 - [STDERR_REDIRECT] [Fatal Error] :1:1: Premature end of file.
2025-03-25 09:37:42,221 [ERROR] LogOutputStream:75 - [STDERR_REDIRECT] 
2025-03-25 09:37:43,219 [ERROR] LogOutputStream:75 - [STDERR_REDIRECT] [Fatal Error] :1:1: Premature end of file.
2025-03-25 09:37:43,219 [ERROR] LogOutputStream:75 - [STDERR_REDIRECT] 
2025-03-25 09:37:44,227 [ERROR] LogOutputStream:75 - [STDERR_REDIRECT] [Fatal Error] :1:1: Premature end of file.
2025-03-25 09:37:44,227 [ERROR] LogOutputStream:75 - [STDERR_REDIRECT] 
2025-03-25 09:37:45,222 [ERROR] LogOutputStream:75 - [STDERR_REDIRECT] [Fatal Error] :1:1: Premature end of file.
2025-03-25 09:37:45,222 [ERROR] LogOutputStream:75 - [STDERR_REDIRECT] 
2025-03-25 09:37:46,214 [ERROR] LogOutputStream:75 - [STDERR_REDIRECT] [Fatal Error] :1:1: Premature end of file.
2025-03-25 09:37:46,215 [ERROR] LogOutputStream:75 - [STDERR_REDIRECT] 
2025-03-25 09:37:47,224 [ERROR] LogOutputStream:75 - [STDERR_REDIRECT] [Fatal Error] :1:1: Premature end of file.
2025-03-25 09:37:47,224 [ERROR] LogOutputStream:75 - [STDERR_REDIRECT] 
2025-03-25 09:37:48,221 [ERROR] LogOutputStream:75 - [STDERR_REDIRECT] [Fatal Error] :1:1: Premature end of file.
2025-03-25 09:37:48,221 [ERROR] LogOutputStream:75 - [STDERR_REDIRECT] 
2025-03-25 09:37:49,217 [ERROR] LogOutputStream:75 - [STDERR_REDIRECT] [Fatal Error] :1:1: Premature end of file.
2025-03-25 09:37:49,217 [ERROR] LogOutputStream:75 - [STDERR_REDIRECT] 
2025-03-25 09:37:50,223 [ERROR] LogOutputStream:75 - [STDERR_REDIRECT] [Fatal Error] :1:1: Premature end of file.
2025-03-25 09:37:50,223 [ERROR] LogOutputStream:75 - [STDERR_REDIRECT] 
2025-03-25 09:37:51,221 [ERROR] LogOutputStream:75 - [STDERR_REDIRECT] [Fatal Error] :1:1: Premature end of file.
2025-03-25 09:37:51,221 [ERROR] LogOutputStream:75 - [STDERR_REDIRECT] 
2025-03-25 09:37:52,217 [ERROR] LogOutputStream:75 - [STDERR_REDIRECT] [Fatal Error] :1:1: Premature end of file.
2025-03-25 09:37:52,218 [ERROR] LogOutputStream:75 - [STDERR_REDIRECT] 
2025-03-25 09:37:53,223 [ERROR] LogOutputStream:75 - [STDERR_REDIRECT] [Fatal Error] :1:1: Premature end of file.
2025-03-25 09:37:53,224 [ERROR] LogOutputStream:75 - [STDERR_REDIRECT] 
2025-03-25 09:37:54,223 [ERROR] LogOutputStream:75 - [STDERR_REDIRECT] [Fatal Error] :1:1: Premature end of file.
2025-03-25 09:37:54,223 [ERROR] LogOutputStream:75 - [STDERR_REDIRECT] 
2025-03-25 09:37:55,221 [ERROR] LogOutputStream:75 - [STDERR_REDIRECT] [Fatal Error] :1:1: Premature end of file.
2025-03-25 09:37:55,221 [ERROR] LogOutputStream:75 - [STDERR_REDIRECT] 
2025-03-25 09:37:56,216 [ERROR] LogOutputStream:75 - [STDERR_REDIRECT] [Fatal Error] :1:1: Premature end of file.
2025-03-25 09:37:56,216 [ERROR] LogOutputStream:75 - [STDERR_REDIRECT] 
2025-03-25 09:37:57,225 [ERROR] LogOutputStream:75 - [STDERR_REDIRECT] [Fatal Error] :1:1: Premature end of file.
2025-03-25 09:37:57,225 [ERROR] LogOutputStream:75 - [STDERR_REDIRECT] 
2025-03-25 09:37:58,220 [ERROR] LogOutputStream:75 - [STDERR_REDIRECT] [Fatal Error] :1:1: Premature end of file.
2025-03-25 09:37:58,220 [ERROR] LogOutputStream:75 - [STDERR_REDIRECT] 
2025-03-25 09:37:59,217 [ERROR] LogOutputStream:75 - [STDERR_REDIRECT] [Fatal Error] :1:1: Premature end of file.
2025-03-25 09:37:59,217 [ERROR] LogOutputStream:75 - [STDERR_REDIRECT] 
2025-03-25 09:38:00,221 [ERROR] LogOutputStream:75 - [STDERR_REDIRECT] [Fatal Error] :1:1: Premature end of file.
2025-03-25 09:38:00,221 [ERROR] LogOutputStream:75 - [STDERR_REDIRECT] 
2025-03-25 09:38:01,214 [ERROR] LogOutputStream:75 - [STDERR_REDIRECT] [Fatal Error] :1:1: Premature end of file.
2025-03-25 09:38:01,214 [ERROR] LogOutputStream:75 - [STDERR_REDIRECT] 
2025-03-25 09:38:02,222 [ERROR] LogOutputStream:75 - [STDERR_REDIRECT] [Fatal Error] :1:1: Premature end of file.
2025-03-25 09:38:02,222 [ERROR] LogOutputStream:75 - [STDERR_REDIRECT] 
2025-03-25 09:38:03,217 [ERROR] LogOutputStream:75 - [STDERR_REDIRECT] [Fatal Error] :1:1: Premature end of file.
2025-03-25 09:38:03,217 [ERROR] LogOutputStream:75 - [STDERR_REDIRECT] 
2025-03-25 09:38:04,225 [ERROR] LogOutputStream:75 - [STDERR_REDIRECT] [Fatal Error] :1:1: Premature end of file.
2025-03-25 09:38:04,226 [ERROR] LogOutputStream:75 - [STDERR_REDIRECT] 
2025-03-25 09:38:05,224 [ERROR] LogOutputStream:75 - [STDERR_REDIRECT] [Fatal Error] :1:1: Premature end of file.
2025-03-25 09:38:05,224 [ERROR] LogOutputStream:75 - [STDERR_REDIRECT] 
2025-03-25 09:38:06,217 [ERROR] LogOutputStream:75 - [STDERR_REDIRECT] [Fatal Error] :1:1: Premature end of file.
2025-03-25 09:38:06,217 [ERROR] LogOutputStream:75 - [STDERR_REDIRECT] 
2025-03-25 09:38:07,215 [ERROR] LogOutputStream:75 - [STDERR_REDIRECT] [Fatal Error] :1:1: Premature end of file.
2025-03-25 09:38:07,215 [ERROR] LogOutputStream:75 - [STDERR_REDIRECT] 
2025-03-25 09:38:08,225 [ERROR] LogOutputStream:75 - [STDERR_REDIRECT] [Fatal Error] :1:1: Premature end of file.
2025-03-25 09:38:08,225 [ERROR] LogOutputStream:75 - [STDERR_REDIRECT] 
2025-03-25 09:38:09,223 [ERROR] LogOutputStream:75 - [STDERR_REDIRECT] [Fatal Error] :1:1: Premature end of file.
2025-03-25 09:38:09,223 [ERROR] LogOutputStream:75 - [STDERR_REDIRECT] 
2025-03-25 09:38:10,219 [ERROR] LogOutputStream:75 - [STDERR_REDIRECT] [Fatal Error] :1:1: Premature end of file.
2025-03-25 09:38:10,219 [ERROR] LogOutputStream:75 - [STDERR_REDIRECT] 
2025-03-25 09:38:11,209 [ERROR] LogOutputStream:75 - [STDERR_REDIRECT] [Fatal Error] :1:1: Premature end of file.
2025-03-25 09:38:11,209 [ERROR] LogOutputStream:75 - [STDERR_REDIRECT] 
2025-03-25 09:38:12,219 [ERROR] LogOutputStream:75 - [STDERR_REDIRECT] [Fatal Error] :1:1: Premature end of file.
2025-03-25 09:38:12,220 [ERROR] LogOutputStream:75 - [STDERR_REDIRECT] 
2025-03-25 09:38:13,225 [ERROR] LogOutputStream:75 - [STDERR_REDIRECT] [Fatal Error] :1:1: Premature end of file.
2025-03-25 09:38:13,225 [ERROR] LogOutputStream:75 - [STDERR_REDIRECT] 
2025-03-25 09:38:14,218 [ERROR] LogOutputStream:75 - [STDERR_REDIRECT] [Fatal Error] :1:1: Premature end of file.
2025-03-25 09:38:14,219 [ERROR] LogOutputStream:75 - [STDERR_REDIRECT] 
2025-03-25 09:38:15,205 [ERROR] LogOutputStream:75 - [STDERR_REDIRECT] [Fatal Error] :1:1: Premature end of file.
2025-03-25 09:38:15,205 [ERROR] LogOutputStream:75 - [STDERR_REDIRECT] 
2025-03-25 09:38:16,218 [ERROR] LogOutputStream:75 - [STDERR_REDIRECT] [Fatal Error] :1:1: Premature end of file.
2025-03-25 09:38:16,218 [ERROR] LogOutputStream:75 - [STDERR_REDIRECT] 
2025-03-25 09:38:17,217 [ERROR] LogOutputStream:75 - [STDERR_REDIRECT] [Fatal Error] :1:1: Premature end of file.
2025-03-25 09:38:17,218 [ERROR] LogOutputStream:75 - [STDERR_REDIRECT] 
2025-03-25 09:38:18,214 [ERROR] LogOutputStream:75 - [STDERR_REDIRECT] [Fatal Error] :1:1: Premature end of file.
2025-03-25 09:38:18,214 [ERROR] LogOutputStream:75 - [STDERR_REDIRECT] 
2025-03-25 09:38:19,214 [ERROR] LogOutputStream:75 - [STDERR_REDIRECT] [Fatal Error] :1:1: Premature end of file.
2025-03-25 09:38:19,214 [ERROR] LogOutputStream:75 - [STDERR_REDIRECT] 
2025-03-25 09:38:20,222 [ERROR] LogOutputStream:75 - [STDERR_REDIRECT] [Fatal Error] :1:1: Premature end of file.
2025-03-25 09:38:20,222 [ERROR] LogOutputStream:75 - [STDERR_REDIRECT] 
2025-03-25 09:38:21,219 [ERROR] LogOutputStream:75 - [STDERR_REDIRECT] [Fatal Error] :1:1: Premature end of file.
2025-03-25 09:38:21,219 [ERROR] LogOutputStream:75 - [STDERR_REDIRECT] 
2025-03-25 09:38:22,221 [ERROR] LogOutputStream:75 - [STDERR_REDIRECT] [Fatal Error] :1:1: Premature end of file.
2025-03-25 09:38:22,222 [ERROR] LogOutputStream:75 - [STDERR_REDIRECT] 
2025-03-25 09:38:23,225 [ERROR] LogOutputStream:75 - [STDERR_REDIRECT] [Fatal Error] :1:1: Premature end of file.
2025-03-25 09:38:23,225 [ERROR] LogOutputStream:75 - [STDERR_REDIRECT] 
2025-03-25 09:38:24,216 [ERROR] LogOutputStream:75 - [STDERR_REDIRECT] [Fatal Error] :1:1: Premature end of file.
2025-03-25 09:38:24,216 [ERROR] LogOutputStream:75 - [STDERR_REDIRECT] 
2025-03-25 09:38:25,225 [ERROR] LogOutputStream:75 - [STDERR_REDIRECT] [Fatal Error] :1:1: Premature end of file.
2025-03-25 09:38:25,225 [ERROR] LogOutputStream:75 - [STDERR_REDIRECT] 
2025-03-25 09:38:26,221 [ERROR] LogOutputStream:75 - [STDERR_REDIRECT] [Fatal Error] :1:1: Premature end of file.
2025-03-25 09:38:26,222 [ERROR] LogOutputStream:75 - [STDERR_REDIRECT] 
2025-03-25 09:38:27,218 [ERROR] LogOutputStream:75 - [STDERR_REDIRECT] [Fatal Error] :1:1: Premature end of file.
2025-03-25 09:38:27,220 [ERROR] LogOutputStream:75 - [STDERR_REDIRECT] 
2025-03-25 09:38:28,215 [ERROR] LogOutputStream:75 - [STDERR_REDIRECT] [Fatal Error] :1:1: Premature end of file.
2025-03-25 09:38:28,215 [ERROR] LogOutputStream:75 - [STDERR_REDIRECT] 
2025-03-25 09:38:29,221 [ERROR] LogOutputStream:75 - [STDERR_REDIRECT] [Fatal Error] :1:1: Premature end of file.
2025-03-25 09:38:29,222 [ERROR] LogOutputStream:75 - [STDERR_REDIRECT] 
2025-03-25 09:38:30,219 [ERROR] LogOutputStream:75 - [STDERR_REDIRECT] [Fatal Error] :1:1: Premature end of file.
2025-03-25 09:38:30,219 [ERROR] LogOutputStream:75 - [STDERR_REDIRECT] 
2025-03-25 09:38:31,214 [ERROR] LogOutputStream:75 - [STDERR_REDIRECT] [Fatal Error] :1:1: Premature end of file.
2025-03-25 09:38:31,214 [ERROR] LogOutputStream:75 - [STDERR_REDIRECT] 
2025-03-25 09:38:32,224 [ERROR] LogOutputStream:75 - [STDERR_REDIRECT] [Fatal Error] :1:1: Premature end of file.
2025-03-25 09:38:32,224 [ERROR] LogOutputStream:75 - [STDERR_REDIRECT] 
2025-03-25 09:38:33,226 [ERROR] LogOutputStream:75 - [STDERR_REDIRECT] [Fatal Error] :1:1: Premature end of file.
2025-03-25 09:38:33,226 [ERROR] LogOutputStream:75 - [STDERR_REDIRECT] 
2025-03-25 09:38:34,221 [ERROR] LogOutputStream:75 - [STDERR_REDIRECT] [Fatal Error] :1:1: Premature end of file.
2025-03-25 09:38:34,221 [ERROR] LogOutputStream:75 - [STDERR_REDIRECT] 
2025-03-25 09:38:35,226 [ERROR] LogOutputStream:75 - [STDERR_REDIRECT] [Fatal Error] :1:1: Premature end of file.
2025-03-25 09:38:35,227 [ERROR] LogOutputStream:75 - [STDERR_REDIRECT] 
2025-03-25 09:38:36,225 [ERROR] LogOutputStream:75 - [STDERR_REDIRECT] [Fatal Error] :1:1: Premature end of file.
2025-03-25 09:38:36,226 [ERROR] LogOutputStream:75 - [STDERR_REDIRECT] 
2025-03-25 09:38:37,216 [ERROR] LogOutputStream:75 - [STDERR_REDIRECT] [Fatal Error] :1:1: Premature end of file.
2025-03-25 09:38:37,216 [ERROR] LogOutputStream:75 - [STDERR_REDIRECT] 
2025-03-25 09:38:38,216 [ERROR] LogOutputStream:75 - [STDERR_REDIRECT] [Fatal Error] :1:1: Premature end of file.
2025-03-25 09:38:38,217 [ERROR] LogOutputStream:75 - [STDERR_REDIRECT] 
2025-03-25 09:38:39,226 [ERROR] LogOutputStream:75 - [STDERR_REDIRECT] [Fatal Error] :1:1: Premature end of file.
2025-03-25 09:38:39,227 [ERROR] LogOutputStream:75 - [STDERR_REDIRECT] 
2025-03-25 09:38:40,202 [ERROR] LogOutputStream:75 - [STDERR_REDIRECT] [Fatal Error] :1:1: Premature end of file.
2025-03-25 09:38:40,202 [ERROR] LogOutputStream:75 - [STDERR_REDIRECT] 
2025-03-25 09:38:41,218 [ERROR] LogOutputStream:75 - [STDERR_REDIRECT] [Fatal Error] :1:1: Premature end of file.
2025-03-25 09:38:41,218 [ERROR] LogOutputStream:75 - [STDERR_REDIRECT] 
2025-03-25 09:38:42,227 [ERROR] LogOutputStream:75 - [STDERR_REDIRECT] [Fatal Error] :1:1: Premature end of file.
2025-03-25 09:38:42,227 [ERROR] LogOutputStream:75 - [STDERR_REDIRECT] 
2025-03-25 09:38:43,228 [ERROR] LogOutputStream:75 - [STDERR_REDIRECT] [Fatal Error] :1:1: Premature end of file.
2025-03-25 09:38:43,228 [ERROR] LogOutputStream:75 - [STDERR_REDIRECT] 
2025-03-25 09:38:44,225 [ERROR] LogOutputStream:75 - [STDERR_REDIRECT] [Fatal Error] :1:1: Premature end of file.
2025-03-25 09:38:44,226 [ERROR] LogOutputStream:75 - [STDERR_REDIRECT] 
2025-03-25 09:38:45,232 [ERROR] LogOutputStream:75 - [STDERR_REDIRECT] [Fatal Error] :1:1: Premature end of file.
2025-03-25 09:38:45,232 [ERROR] LogOutputStream:75 - [STDERR_REDIRECT] 
2025-03-25 09:38:46,218 [ERROR] LogOutputStream:75 - [STDERR_REDIRECT] [Fatal Error] :1:1: Premature end of file.
2025-03-25 09:38:46,219 [ERROR] LogOutputStream:75 - [STDERR_REDIRECT] 
2025-03-25 09:38:47,221 [ERROR] LogOutputStream:75 - [STDERR_REDIRECT] [Fatal Error] :1:1: Premature end of file.
2025-03-25 09:38:47,221 [ERROR] LogOutputStream:75 - [STDERR_REDIRECT] 
2025-03-25 09:38:48,224 [ERROR] LogOutputStream:75 - [STDERR_REDIRECT] [Fatal Error] :1:1: Premature end of file.
2025-03-25 09:38:48,224 [ERROR] LogOutputStream:75 - [STDERR_REDIRECT] 
2025-03-25 09:38:49,218 [ERROR] LogOutputStream:75 - [STDERR_REDIRECT] [Fatal Error] :1:1: Premature end of file.
2025-03-25 09:38:49,218 [ERROR] LogOutputStream:75 - [STDERR_REDIRECT] 
2025-03-25 09:38:50,217 [ERROR] LogOutputStream:75 - [STDERR_REDIRECT] [Fatal Error] :1:1: Premature end of file.
2025-03-25 09:38:50,218 [ERROR] LogOutputStream:75 - [STDERR_REDIRECT] 
2025-03-25 09:38:51,185 [ERROR] LogOutputStream:75 - [STDERR_REDIRECT] [Fatal Error] :1:1: Premature end of file.
2025-03-25 09:38:51,185 [ERROR] LogOutputStream:75 - [STDERR_REDIRECT] 
2025-03-25 09:38:52,221 [ERROR] LogOutputStream:75 - [STDERR_REDIRECT] [Fatal Error] :1:1: Premature end of file.
2025-03-25 09:38:52,221 [ERROR] LogOutputStream:75 - [STDERR_REDIRECT] 
2025-03-25 09:38:53,222 [ERROR] LogOutputStream:75 - [STDERR_REDIRECT] [Fatal Error] :1:1: Premature end of file.
2025-03-25 09:38:53,222 [ERROR] LogOutputStream:75 - [STDERR_REDIRECT] 
2025-03-25 09:38:54,219 [ERROR] LogOutputStream:75 - [STDERR_REDIRECT] [Fatal Error] :1:1: Premature end of file.
2025-03-25 09:38:54,219 [ERROR] LogOutputStream:75 - [STDERR_REDIRECT] 
2025-03-25 09:38:55,217 [ERROR] LogOutputStream:75 - [STDERR_REDIRECT] [Fatal Error] :1:1: Premature end of file.
2025-03-25 09:38:55,217 [ERROR] LogOutputStream:75 - [STDERR_REDIRECT] 
2025-03-25 09:38:56,218 [ERROR] LogOutputStream:75 - [STDERR_REDIRECT] [Fatal Error] :1:1: Premature end of file.
2025-03-25 09:38:56,218 [ERROR] LogOutputStream:75 - [STDERR_REDIRECT] 
2025-03-25 09:38:57,221 [ERROR] LogOutputStream:75 - [STDERR_REDIRECT] [Fatal Error] :1:1: Premature end of file.
2025-03-25 09:38:57,222 [ERROR] LogOutputStream:75 - [STDERR_REDIRECT] 
2025-03-25 09:38:58,218 [ERROR] LogOutputStream:75 - [STDERR_REDIRECT] [Fatal Error] :1:1: Premature end of file.
2025-03-25 09:38:58,218 [ERROR] LogOutputStream:75 - [STDERR_REDIRECT] 
2025-03-25 09:38:59,211 [ERROR] LogOutputStream:75 - [STDERR_REDIRECT] [Fatal Error] :1:1: Premature end of file.
2025-03-25 09:38:59,211 [ERROR] LogOutputStream:75 - [STDERR_REDIRECT] 
2025-03-25 09:39:00,224 [ERROR] LogOutputStream:75 - [STDERR_REDIRECT] [Fatal Error] :1:1: Premature end of file.
2025-03-25 09:39:00,224 [ERROR] LogOutputStream:75 - [STDERR_REDIRECT] 
2025-03-25 09:39:01,218 [ERROR] LogOutputStream:75 - [STDERR_REDIRECT] [Fatal Error] :1:1: Premature end of file.
2025-03-25 09:39:01,218 [ERROR] LogOutputStream:75 - [STDERR_REDIRECT] 
2025-03-25 09:39:02,220 [ERROR] LogOutputStream:75 - [STDERR_REDIRECT] [Fatal Error] :1:1: Premature end of file.
2025-03-25 09:39:02,220 [ERROR] LogOutputStream:75 - [STDERR_REDIRECT] 
2025-03-25 09:39:03,224 [ERROR] LogOutputStream:75 - [STDERR_REDIRECT] [Fatal Error] :1:1: Premature end of file.
2025-03-25 09:39:03,224 [ERROR] LogOutputStream:75 - [STDERR_REDIRECT] 
2025-03-25 09:39:04,211 [ERROR] LogOutputStream:75 - [STDERR_REDIRECT] [Fatal Error] :1:1: Premature end of file.
2025-03-25 09:39:04,211 [ERROR] LogOutputStream:75 - [STDERR_REDIRECT] 
2025-03-25 09:39:05,217 [ERROR] LogOutputStream:75 - [STDERR_REDIRECT] [Fatal Error] :1:1: Premature end of file.
2025-03-25 09:39:05,217 [ERROR] LogOutputStream:75 - [STDERR_REDIRECT] 
2025-03-25 09:39:06,202 [ERROR] LogOutputStream:75 - [STDERR_REDIRECT] [Fatal Error] :1:1: Premature end of file.
2025-03-25 09:39:06,202 [ERROR] LogOutputStream:75 - [STDERR_REDIRECT] 
2025-03-25 09:39:07,221 [ERROR] LogOutputStream:75 - [STDERR_REDIRECT] [Fatal Error] :1:1: Premature end of file.
2025-03-25 09:39:07,221 [ERROR] LogOutputStream:75 - [STDERR_REDIRECT] 
2025-03-25 09:39:08,215 [ERROR] LogOutputStream:75 - [STDERR_REDIRECT] [Fatal Error] :1:1: Premature end of file.
2025-03-25 09:39:08,215 [ERROR] LogOutputStream:75 - [STDERR_REDIRECT] 
2025-03-25 09:39:09,221 [ERROR] LogOutputStream:75 - [STDERR_REDIRECT] [Fatal Error] :1:1: Premature end of file.
2025-03-25 09:39:09,221 [ERROR] LogOutputStream:75 - [STDERR_REDIRECT] 
2025-03-25 09:39:10,213 [ERROR] LogOutputStream:75 - [STDERR_REDIRECT] [Fatal Error] :1:1: Premature end of file.
2025-03-25 09:39:10,214 [ERROR] LogOutputStream:75 - [STDERR_REDIRECT] 
2025-03-25 09:39:11,232 [ERROR] LogOutputStream:75 - [STDERR_REDIRECT] [Fatal Error] :1:1: Premature end of file.
2025-03-25 09:39:11,232 [ERROR] LogOutputStream:75 - [STDERR_REDIRECT] 
2025-03-25 09:39:12,223 [ERROR] LogOutputStream:75 - [STDERR_REDIRECT] [Fatal Error] :1:1: Premature end of file.
2025-03-25 09:39:12,223 [ERROR] LogOutputStream:75 - [STDERR_REDIRECT] 
2025-03-25 09:39:13,220 [ERROR] LogOutputStream:75 - [STDERR_REDIRECT] [Fatal Error] :1:1: Premature end of file.
2025-03-25 09:39:13,220 [ERROR] LogOutputStream:75 - [STDERR_REDIRECT] 
2025-03-25 09:39:14,220 [ERROR] LogOutputStream:75 - [STDERR_REDIRECT] [Fatal Error] :1:1: Premature end of file.
2025-03-25 09:39:14,220 [ERROR] LogOutputStream:75 - [STDERR_REDIRECT] 
2025-03-25 09:39:15,220 [ERROR] LogOutputStream:75 - [STDERR_REDIRECT] [Fatal Error] :1:1: Premature end of file.
2025-03-25 09:39:15,220 [ERROR] LogOutputStream:75 - [STDERR_REDIRECT] 
2025-03-25 09:39:16,211 [ERROR] LogOutputStream:75 - [STDERR_REDIRECT] [Fatal Error] :1:1: Premature end of file.
2025-03-25 09:39:16,211 [ERROR] LogOutputStream:75 - [STDERR_REDIRECT] 
2025-03-25 09:39:17,219 [ERROR] LogOutputStream:75 - [STDERR_REDIRECT] [Fatal Error] :1:1: Premature end of file.
2025-03-25 09:39:17,220 [ERROR] LogOutputStream:75 - [STDERR_REDIRECT] 
2025-03-25 09:39:18,220 [ERROR] LogOutputStream:75 - [STDERR_REDIRECT] [Fatal Error] :1:1: Premature end of file.
2025-03-25 09:39:18,221 [ERROR] LogOutputStream:75 - [STDERR_REDIRECT] 
2025-03-25 09:39:19,225 [ERROR] LogOutputStream:75 - [STDERR_REDIRECT] [Fatal Error] :1:1: Premature end of file.
2025-03-25 09:39:19,226 [ERROR] LogOutputStream:75 - [STDERR_REDIRECT] 
2025-03-25 09:39:20,225 [ERROR] LogOutputStream:75 - [STDERR_REDIRECT] [Fatal Error] :1:1: Premature end of file.
2025-03-25 09:39:20,225 [ERROR] LogOutputStream:75 - [STDERR_REDIRECT] 
2025-03-25 09:39:21,210 [ERROR] LogOutputStream:75 - [STDERR_REDIRECT] [Fatal Error] :1:1: Premature end of file.
2025-03-25 09:39:21,211 [ERROR] LogOutputStream:75 - [STDERR_REDIRECT] 
2025-03-25 09:39:22,211 [ERROR] LogOutputStream:75 - [STDERR_REDIRECT] [Fatal Error] :1:1: Premature end of file.
2025-03-25 09:39:22,211 [ERROR] LogOutputStream:75 - [STDERR_REDIRECT] 
2025-03-25 09:39:23,227 [ERROR] LogOutputStream:75 - [STDERR_REDIRECT] [Fatal Error] :1:1: Premature end of file.
2025-03-25 09:39:23,227 [ERROR] LogOutputStream:75 - [STDERR_REDIRECT] 
2025-03-25 09:39:24,214 [ERROR] LogOutputStream:75 - [STDERR_REDIRECT] [Fatal Error] :1:1: Premature end of file.
2025-03-25 09:39:24,214 [ERROR] LogOutputStream:75 - [STDERR_REDIRECT] 
2025-03-25 09:39:25,215 [ERROR] LogOutputStream:75 - [STDERR_REDIRECT] [Fatal Error] :1:1: Premature end of file.
2025-03-25 09:39:25,215 [ERROR] LogOutputStream:75 - [STDERR_REDIRECT] 
2025-03-25 09:39:26,215 [ERROR] LogOutputStream:75 - [STDERR_REDIRECT] [Fatal Error] :1:1: Premature end of file.
2025-03-25 09:39:26,215 [ERROR] LogOutputStream:75 - [STDERR_REDIRECT] 
2025-03-25 09:39:27,220 [ERROR] LogOutputStream:75 - [STDERR_REDIRECT] [Fatal Error] :1:1: Premature end of file.
2025-03-25 09:39:27,220 [ERROR] LogOutputStream:75 - [STDERR_REDIRECT] 
2025-03-25 09:39:28,223 [ERROR] LogOutputStream:75 - [STDERR_REDIRECT] [Fatal Error] :1:1: Premature end of file.
2025-03-25 09:39:28,224 [ERROR] LogOutputStream:75 - [STDERR_REDIRECT] 
2025-03-25 09:39:29,204 [ERROR] LogOutputStream:75 - [STDERR_REDIRECT] [Fatal Error] :1:1: Premature end of file.
2025-03-25 09:39:29,204 [ERROR] LogOutputStream:75 - [STDERR_REDIRECT] 
2025-03-25 09:39:30,220 [ERROR] LogOutputStream:75 - [STDERR_REDIRECT] [Fatal Error] :1:1: Premature end of file.
2025-03-25 09:39:30,220 [ERROR] LogOutputStream:75 - [STDERR_REDIRECT] 
2025-03-25 09:39:31,219 [ERROR] LogOutputStream:75 - [STDERR_REDIRECT] [Fatal Error] :1:1: Premature end of file.
2025-03-25 09:39:31,219 [ERROR] LogOutputStream:75 - [STDERR_REDIRECT] 
2025-03-25 09:39:32,220 [ERROR] LogOutputStream:75 - [STDERR_REDIRECT] [Fatal Error] :1:1: Premature end of file.
2025-03-25 09:39:32,221 [ERROR] LogOutputStream:75 - [STDERR_REDIRECT] 
2025-03-25 09:39:33,219 [ERROR] LogOutputStream:75 - [STDERR_REDIRECT] [Fatal Error] :1:1: Premature end of file.
2025-03-25 09:39:33,219 [ERROR] LogOutputStream:75 - [STDERR_REDIRECT] 
2025-03-25 09:39:34,220 [ERROR] LogOutputStream:75 - [STDERR_REDIRECT] [Fatal Error] :1:1: Premature end of file.
2025-03-25 09:39:34,220 [ERROR] LogOutputStream:75 - [STDERR_REDIRECT] 
2025-03-25 09:39:35,221 [ERROR] LogOutputStream:75 - [STDERR_REDIRECT] [Fatal Error] :1:1: Premature end of file.
2025-03-25 09:39:35,221 [ERROR] LogOutputStream:75 - [STDERR_REDIRECT] 
2025-03-25 09:39:36,214 [ERROR] LogOutputStream:75 - [STDERR_REDIRECT] [Fatal Error] :1:1: Premature end of file.
2025-03-25 09:39:36,214 [ERROR] LogOutputStream:75 - [STDERR_REDIRECT] 
2025-03-25 09:39:37,222 [ERROR] LogOutputStream:75 - [STDERR_REDIRECT] [Fatal Error] :1:1: Premature end of file.
2025-03-25 09:39:37,222 [ERROR] LogOutputStream:75 - [STDERR_REDIRECT] 
2025-03-25 09:39:38,219 [ERROR] LogOutputStream:75 - [STDERR_REDIRECT] [Fatal Error] :1:1: Premature end of file.
2025-03-25 09:39:38,220 [ERROR] LogOutputStream:75 - [STDERR_REDIRECT] 
2025-03-25 09:39:39,215 [ERROR] LogOutputStream:75 - [STDERR_REDIRECT] [Fatal Error] :1:1: Premature end of file.
2025-03-25 09:39:39,215 [ERROR] LogOutputStream:75 - [STDERR_REDIRECT] 
2025-03-25 09:39:40,219 [ERROR] LogOutputStream:75 - [STDERR_REDIRECT] [Fatal Error] :1:1: Premature end of file.
2025-03-25 09:39:40,220 [ERROR] LogOutputStream:75 - [STDERR_REDIRECT] 
2025-03-25 09:39:41,216 [ERROR] LogOutputStream:75 - [STDERR_REDIRECT] [Fatal Error] :1:1: Premature end of file.
2025-03-25 09:39:41,216 [ERROR] LogOutputStream:75 - [STDERR_REDIRECT] 
2025-03-25 09:39:42,221 [ERROR] LogOutputStream:75 - [STDERR_REDIRECT] [Fatal Error] :1:1: Premature end of file.
2025-03-25 09:39:42,221 [ERROR] LogOutputStream:75 - [STDERR_REDIRECT] 
2025-03-25 09:39:43,220 [ERROR] LogOutputStream:75 - [STDERR_REDIRECT] [Fatal Error] :1:1: Premature end of file.
2025-03-25 09:39:43,221 [ERROR] LogOutputStream:75 - [STDERR_REDIRECT] 
2025-03-25 09:39:44,221 [ERROR] LogOutputStream:75 - [STDERR_REDIRECT] [Fatal Error] :1:1: Premature end of file.
2025-03-25 09:39:44,221 [ERROR] LogOutputStream:75 - [STDERR_REDIRECT] 
2025-03-25 09:39:45,210 [ERROR] LogOutputStream:75 - [STDERR_REDIRECT] [Fatal Error] :1:1: Premature end of file.
2025-03-25 09:39:45,210 [ERROR] LogOutputStream:75 - [STDERR_REDIRECT] 
2025-03-25 09:39:46,220 [ERROR] LogOutputStream:75 - [STDERR_REDIRECT] [Fatal Error] :1:1: Premature end of file.
2025-03-25 09:39:46,220 [ERROR] LogOutputStream:75 - [STDERR_REDIRECT] 
2025-03-25 09:39:47,211 [ERROR] LogOutputStream:75 - [STDERR_REDIRECT] [Fatal Error] :1:1: Premature end of file.
2025-03-25 09:39:47,211 [ERROR] LogOutputStream:75 - [STDERR_REDIRECT] 
2025-03-25 09:39:48,213 [ERROR] LogOutputStream:75 - [STDERR_REDIRECT] [Fatal Error] :1:1: Premature end of file.
2025-03-25 09:39:48,213 [ERROR] LogOutputStream:75 - [STDERR_REDIRECT] 
2025-03-25 09:39:49,218 [ERROR] LogOutputStream:75 - [STDERR_REDIRECT] [Fatal Error] :1:1: Premature end of file.
2025-03-25 09:39:49,218 [ERROR] LogOutputStream:75 - [STDERR_REDIRECT] 
2025-03-25 09:39:50,225 [ERROR] LogOutputStream:75 - [STDERR_REDIRECT] [Fatal Error] :1:1: Premature end of file.
2025-03-25 09:39:50,226 [ERROR] LogOutputStream:75 - [STDERR_REDIRECT] 
2025-03-25 09:39:51,223 [ERROR] LogOutputStream:75 - [STDERR_REDIRECT] [Fatal Error] :1:1: Premature end of file.
2025-03-25 09:39:51,223 [ERROR] LogOutputStream:75 - [STDERR_REDIRECT] 
2025-03-25 09:39:52,219 [ERROR] LogOutputStream:75 - [STDERR_REDIRECT] [Fatal Error] :1:1: Premature end of file.
2025-03-25 09:39:52,219 [ERROR] LogOutputStream:75 - [STDERR_REDIRECT] 
2025-03-25 09:39:53,206 [ERROR] LogOutputStream:75 - [STDERR_REDIRECT] [Fatal Error] :1:1: Premature end of file.
2025-03-25 09:39:53,206 [ERROR] LogOutputStream:75 - [STDERR_REDIRECT] 
2025-03-25 09:39:54,218 [ERROR] LogOutputStream:75 - [STDERR_REDIRECT] [Fatal Error] :1:1: Premature end of file.
2025-03-25 09:39:54,219 [ERROR] LogOutputStream:75 - [STDERR_REDIRECT] 
2025-03-25 09:39:55,215 [ERROR] LogOutputStream:75 - [STDERR_REDIRECT] [Fatal Error] :1:1: Premature end of file.
2025-03-25 09:39:55,215 [ERROR] LogOutputStream:75 - [STDERR_REDIRECT] 
2025-03-25 09:39:56,210 [ERROR] LogOutputStream:75 - [STDERR_REDIRECT] [Fatal Error] :1:1: Premature end of file.
2025-03-25 09:39:56,211 [ERROR] LogOutputStream:75 - [STDERR_REDIRECT] 
2025-03-25 09:39:57,223 [ERROR] LogOutputStream:75 - [STDERR_REDIRECT] [Fatal Error] :1:1: Premature end of file.
2025-03-25 09:39:57,223 [ERROR] LogOutputStream:75 - [STDERR_REDIRECT] 
2025-03-25 09:39:58,211 [ERROR] LogOutputStream:75 - [STDERR_REDIRECT] [Fatal Error] :1:1: Premature end of file.
2025-03-25 09:39:58,211 [ERROR] LogOutputStream:75 - [STDERR_REDIRECT] 
2025-03-25 09:39:59,220 [ERROR] LogOutputStream:75 - [STDERR_REDIRECT] [Fatal Error] :1:1: Premature end of file.
2025-03-25 09:39:59,220 [ERROR] LogOutputStream:75 - [STDERR_REDIRECT] 
2025-03-25 09:40:00,223 [ERROR] LogOutputStream:75 - [STDERR_REDIRECT] [Fatal Error] :1:1: Premature end of file.
2025-03-25 09:40:00,223 [ERROR] LogOutputStream:75 - [STDERR_REDIRECT] 
2025-03-25 09:40:01,216 [ERROR] LogOutputStream:75 - [STDERR_REDIRECT] [Fatal Error] :1:1: Premature end of file.
2025-03-25 09:40:01,216 [ERROR] LogOutputStream:75 - [STDERR_REDIRECT] 
2025-03-25 09:40:02,221 [ERROR] LogOutputStream:75 - [STDERR_REDIRECT] [Fatal Error] :1:1: Premature end of file.
2025-03-25 09:40:02,221 [ERROR] LogOutputStream:75 - [STDERR_REDIRECT] 
2025-03-25 09:40:03,216 [ERROR] LogOutputStream:75 - [STDERR_REDIRECT] [Fatal Error] :1:1: Premature end of file.
2025-03-25 09:40:03,216 [ERROR] LogOutputStream:75 - [STDERR_REDIRECT] 
2025-03-25 09:40:04,223 [ERROR] LogOutputStream:75 - [STDERR_REDIRECT] [Fatal Error] :1:1: Premature end of file.
2025-03-25 09:40:04,223 [ERROR] LogOutputStream:75 - [STDERR_REDIRECT] 
2025-03-25 09:40:05,215 [ERROR] LogOutputStream:75 - [STDERR_REDIRECT] [Fatal Error] :1:1: Premature end of file.
2025-03-25 09:40:05,215 [ERROR] LogOutputStream:75 - [STDERR_REDIRECT] 
2025-03-25 09:40:06,217 [ERROR] LogOutputStream:75 - [STDERR_REDIRECT] [Fatal Error] :1:1: Premature end of file.
2025-03-25 09:40:06,217 [ERROR] LogOutputStream:75 - [STDERR_REDIRECT] 
2025-03-25 09:40:07,213 [ERROR] LogOutputStream:75 - [STDERR_REDIRECT] [Fatal Error] :1:1: Premature end of file.
2025-03-25 09:40:07,214 [ERROR] LogOutputStream:75 - [STDERR_REDIRECT] 
2025-03-25 09:40:08,211 [ERROR] LogOutputStream:75 - [STDERR_REDIRECT] [Fatal Error] :1:1: Premature end of file.
2025-03-25 09:40:08,211 [ERROR] LogOutputStream:75 - [STDERR_REDIRECT] 
2025-03-25 09:40:09,215 [ERROR] LogOutputStream:75 - [STDERR_REDIRECT] [Fatal Error] :1:1: Premature end of file.
2025-03-25 09:40:09,215 [ERROR] LogOutputStream:75 - [STDERR_REDIRECT] 
2025-03-25 09:40:10,218 [ERROR] LogOutputStream:75 - [STDERR_REDIRECT] [Fatal Error] :1:1: Premature end of file.
2025-03-25 09:40:10,218 [ERROR] LogOutputStream:75 - [STDERR_REDIRECT] 
2025-03-25 09:40:11,218 [ERROR] LogOutputStream:75 - [STDERR_REDIRECT] [Fatal Error] :1:1: Premature end of file.
2025-03-25 09:40:11,218 [ERROR] LogOutputStream:75 - [STDERR_REDIRECT] 
2025-03-25 09:40:12,221 [ERROR] LogOutputStream:75 - [STDERR_REDIRECT] [Fatal Error] :1:1: Premature end of file.
2025-03-25 09:40:12,222 [ERROR] LogOutputStream:75 - [STDERR_REDIRECT] 
2025-03-25 09:40:13,223 [ERROR] LogOutputStream:75 - [STDERR_REDIRECT] [Fatal Error] :1:1: Premature end of file.
2025-03-25 09:40:13,223 [ERROR] LogOutputStream:75 - [STDERR_REDIRECT] 
2025-03-25 09:40:14,217 [ERROR] LogOutputStream:75 - [STDERR_REDIRECT] [Fatal Error] :1:1: Premature end of file.
2025-03-25 09:40:14,218 [ERROR] LogOutputStream:75 - [STDERR_REDIRECT] 
2025-03-25 09:40:15,219 [ERROR] LogOutputStream:75 - [STDERR_REDIRECT] [Fatal Error] :1:1: Premature end of file.
2025-03-25 09:40:15,220 [ERROR] LogOutputStream:75 - [STDERR_REDIRECT] 
2025-03-25 09:40:16,209 [ERROR] LogOutputStream:75 - [STDERR_REDIRECT] [Fatal Error] :1:1: Premature end of file.
2025-03-25 09:40:16,209 [ERROR] LogOutputStream:75 - [STDERR_REDIRECT] 
2025-03-25 09:40:17,210 [ERROR] LogOutputStream:75 - [STDERR_REDIRECT] [Fatal Error] :1:1: Premature end of file.
2025-03-25 09:40:17,211 [ERROR] LogOutputStream:75 - [STDERR_REDIRECT] 
2025-03-25 09:40:18,218 [ERROR] LogOutputStream:75 - [STDERR_REDIRECT] [Fatal Error] :1:1: Premature end of file.
2025-03-25 09:40:18,218 [ERROR] LogOutputStream:75 - [STDERR_REDIRECT] 
2025-03-25 09:40:19,211 [ERROR] LogOutputStream:75 - [STDERR_REDIRECT] [Fatal Error] :1:1: Premature end of file.
2025-03-25 09:40:19,211 [ERROR] LogOutputStream:75 - [STDERR_REDIRECT] 
2025-03-25 09:40:20,212 [ERROR] LogOutputStream:75 - [STDERR_REDIRECT] [Fatal Error] :1:1: Premature end of file.
2025-03-25 09:40:20,213 [ERROR] LogOutputStream:75 - [STDERR_REDIRECT] 
2025-03-25 09:40:21,210 [ERROR] LogOutputStream:75 - [STDERR_REDIRECT] [Fatal Error] :1:1: Premature end of file.
2025-03-25 09:40:21,210 [ERROR] LogOutputStream:75 - [STDERR_REDIRECT] 
2025-03-25 09:40:22,221 [ERROR] LogOutputStream:75 - [STDERR_REDIRECT] [Fatal Error] :1:1: Premature end of file.
2025-03-25 09:40:22,221 [ERROR] LogOutputStream:75 - [STDERR_REDIRECT] 
2025-03-25 09:40:23,220 [ERROR] LogOutputStream:75 - [STDERR_REDIRECT] [Fatal Error] :1:1: Premature end of file.
2025-03-25 09:40:23,220 [ERROR] LogOutputStream:75 - [STDERR_REDIRECT] 
2025-03-25 09:40:24,224 [ERROR] LogOutputStream:75 - [STDERR_REDIRECT] [Fatal Error] :1:1: Premature end of file.
2025-03-25 09:40:24,224 [ERROR] LogOutputStream:75 - [STDERR_REDIRECT] 
2025-03-25 09:40:25,218 [ERROR] LogOutputStream:75 - [STDERR_REDIRECT] [Fatal Error] :1:1: Premature end of file.
2025-03-25 09:40:25,218 [ERROR] LogOutputStream:75 - [STDERR_REDIRECT] 
2025-03-25 09:40:26,213 [ERROR] LogOutputStream:75 - [STDERR_REDIRECT] [Fatal Error] :1:1: Premature end of file.
2025-03-25 09:40:26,213 [ERROR] LogOutputStream:75 - [STDERR_REDIRECT] 
2025-03-25 09:40:27,223 [ERROR] LogOutputStream:75 - [STDERR_REDIRECT] [Fatal Error] :1:1: Premature end of file.
2025-03-25 09:40:27,224 [ERROR] LogOutputStream:75 - [STDERR_REDIRECT] 
2025-03-25 09:40:28,218 [ERROR] LogOutputStream:75 - [STDERR_REDIRECT] [Fatal Error] :1:1: Premature end of file.
2025-03-25 09:40:28,218 [ERROR] LogOutputStream:75 - [STDERR_REDIRECT] 
2025-03-25 09:40:29,212 [ERROR] LogOutputStream:75 - [STDERR_REDIRECT] [Fatal Error] :1:1: Premature end of file.
2025-03-25 09:40:29,212 [ERROR] LogOutputStream:75 - [STDERR_REDIRECT] 
2025-03-25 09:40:30,212 [ERROR] LogOutputStream:75 - [STDERR_REDIRECT] [Fatal Error] :1:1: Premature end of file.
2025-03-25 09:40:30,213 [ERROR] LogOutputStream:75 - [STDERR_REDIRECT] 
2025-03-25 09:40:31,203 [ERROR] LogOutputStream:75 - [STDERR_REDIRECT] [Fatal Error] :1:1: Premature end of file.
2025-03-25 09:40:31,203 [ERROR] LogOutputStream:75 - [STDERR_REDIRECT] 
2025-03-25 09:40:32,195 [ERROR] LogOutputStream:75 - [STDERR_REDIRECT] [Fatal Error] :1:1: Premature end of file.
2025-03-25 09:40:32,195 [ERROR] LogOutputStream:75 - [STDERR_REDIRECT] 
2025-03-25 09:40:33,214 [ERROR] LogOutputStream:75 - [STDERR_REDIRECT] [Fatal Error] :1:1: Premature end of file.
2025-03-25 09:40:33,214 [ERROR] LogOutputStream:75 - [STDERR_REDIRECT] 
2025-03-25 09:40:34,203 [ERROR] LogOutputStream:75 - [STDERR_REDIRECT] [Fatal Error] :1:1: Premature end of file.
2025-03-25 09:40:34,204 [ERROR] LogOutputStream:75 - [STDERR_REDIRECT] 
2025-03-25 09:40:35,216 [ERROR] LogOutputStream:75 - [STDERR_REDIRECT] [Fatal Error] :1:1: Premature end of file.
2025-03-25 09:40:35,216 [ERROR] LogOutputStream:75 - [STDERR_REDIRECT] 
2025-03-25 09:40:36,216 [ERROR] LogOutputStream:75 - [STDERR_REDIRECT] [Fatal Error] :1:1: Premature end of file.
2025-03-25 09:40:36,216 [ERROR] LogOutputStream:75 - [STDERR_REDIRECT] 
2025-03-25 09:40:37,222 [ERROR] LogOutputStream:75 - [STDERR_REDIRECT] [Fatal Error] :1:1: Premature end of file.
2025-03-25 09:40:37,222 [ERROR] LogOutputStream:75 - [STDERR_REDIRECT] 
2025-03-25 09:40:38,222 [ERROR] LogOutputStream:75 - [STDERR_REDIRECT] [Fatal Error] :1:1: Premature end of file.
2025-03-25 09:40:38,222 [ERROR] LogOutputStream:75 - [STDERR_REDIRECT] 
2025-03-25 09:40:39,212 [ERROR] LogOutputStream:75 - [STDERR_REDIRECT] [Fatal Error] :1:1: Premature end of file.
2025-03-25 09:40:39,212 [ERROR] LogOutputStream:75 - [STDERR_REDIRECT] 
2025-03-25 09:40:40,214 [ERROR] LogOutputStream:75 - [STDERR_REDIRECT] [Fatal Error] :1:1: Premature end of file.
2025-03-25 09:40:40,214 [ERROR] LogOutputStream:75 - [STDERR_REDIRECT] 
2025-03-25 09:40:41,214 [ERROR] LogOutputStream:75 - [STDERR_REDIRECT] [Fatal Error] :1:1: Premature end of file.
2025-03-25 09:40:41,214 [ERROR] LogOutputStream:75 - [STDERR_REDIRECT] 
2025-03-25 09:40:42,211 [ERROR] LogOutputStream:75 - [STDERR_REDIRECT] [Fatal Error] :1:1: Premature end of file.
2025-03-25 09:40:42,212 [ERROR] LogOutputStream:75 - [STDERR_REDIRECT] 
2025-03-25 09:40:43,230 [ERROR] LogOutputStream:75 - [STDERR_REDIRECT] [Fatal Error] :1:1: Premature end of file.
2025-03-25 09:40:43,231 [ERROR] LogOutputStream:75 - [STDERR_REDIRECT] 
2025-03-25 09:40:44,224 [ERROR] LogOutputStream:75 - [STDERR_REDIRECT] [Fatal Error] :1:1: Premature end of file.
2025-03-25 09:40:44,224 [ERROR] LogOutputStream:75 - [STDERR_REDIRECT] 
2025-03-25 09:40:45,188 [ERROR] LogOutputStream:75 - [STDERR_REDIRECT] [Fatal Error] :1:1: Premature end of file.
2025-03-25 09:40:45,189 [ERROR] LogOutputStream:75 - [STDERR_REDIRECT] 
2025-03-25 09:40:46,218 [ERROR] LogOutputStream:75 - [STDERR_REDIRECT] [Fatal Error] :1:1: Premature end of file.
2025-03-25 09:40:46,218 [ERROR] LogOutputStream:75 - [STDERR_REDIRECT] 
2025-03-25 09:40:47,230 [ERROR] LogOutputStream:75 - [STDERR_REDIRECT] [Fatal Error] :1:1: Premature end of file.
2025-03-25 09:40:47,230 [ERROR] LogOutputStream:75 - [STDERR_REDIRECT] 
2025-03-25 09:40:48,219 [ERROR] LogOutputStream:75 - [STDERR_REDIRECT] [Fatal Error] :1:1: Premature end of file.
2025-03-25 09:40:48,219 [ERROR] LogOutputStream:75 - [STDERR_REDIRECT] 
2025-03-25 09:40:49,224 [ERROR] LogOutputStream:75 - [STDERR_REDIRECT] [Fatal Error] :1:1: Premature end of file.
2025-03-25 09:40:49,225 [ERROR] LogOutputStream:75 - [STDERR_REDIRECT] 
2025-03-25 09:40:50,216 [ERROR] LogOutputStream:75 - [STDERR_REDIRECT] [Fatal Error] :1:1: Premature end of file.
2025-03-25 09:40:50,217 [ERROR] LogOutputStream:75 - [STDERR_REDIRECT] 
2025-03-25 09:40:51,198 [ERROR] LogOutputStream:75 - [STDERR_REDIRECT] [Fatal Error] :1:1: Premature end of file.
2025-03-25 09:40:51,198 [ERROR] LogOutputStream:75 - [STDERR_REDIRECT] 
2025-03-25 09:40:52,215 [ERROR] LogOutputStream:75 - [STDERR_REDIRECT] [Fatal Error] :1:1: Premature end of file.
2025-03-25 09:40:52,215 [ERROR] LogOutputStream:75 - [STDERR_REDIRECT] 
2025-03-25 09:40:53,214 [ERROR] LogOutputStream:75 - [STDERR_REDIRECT] [Fatal Error] :1:1: Premature end of file.
2025-03-25 09:40:53,214 [ERROR] LogOutputStream:75 - [STDERR_REDIRECT] 
2025-03-25 09:40:54,220 [ERROR] LogOutputStream:75 - [STDERR_REDIRECT] [Fatal Error] :1:1: Premature end of file.
2025-03-25 09:40:54,220 [ERROR] LogOutputStream:75 - [STDERR_REDIRECT] 
2025-03-25 09:40:55,224 [ERROR] LogOutputStream:75 - [STDERR_REDIRECT] [Fatal Error] :1:1: Premature end of file.
2025-03-25 09:40:55,224 [ERROR] LogOutputStream:75 - [STDERR_REDIRECT] 
2025-03-25 09:40:56,216 [ERROR] LogOutputStream:75 - [STDERR_REDIRECT] [Fatal Error] :1:1: Premature end of file.
2025-03-25 09:40:56,216 [ERROR] LogOutputStream:75 - [STDERR_REDIRECT] 
2025-03-25 09:40:57,218 [ERROR] LogOutputStream:75 - [STDERR_REDIRECT] [Fatal Error] :1:1: Premature end of file.
2025-03-25 09:40:57,218 [ERROR] LogOutputStream:75 - [STDERR_REDIRECT] 
2025-03-25 09:40:58,220 [ERROR] LogOutputStream:75 - [STDERR_REDIRECT] [Fatal Error] :1:1: Premature end of file.
2025-03-25 09:40:58,220 [ERROR] LogOutputStream:75 - [STDERR_REDIRECT] 
2025-03-25 09:40:59,218 [ERROR] LogOutputStream:75 - [STDERR_REDIRECT] [Fatal Error] :1:1: Premature end of file.
2025-03-25 09:40:59,218 [ERROR] LogOutputStream:75 - [STDERR_REDIRECT] 
2025-03-25 09:41:00,222 [ERROR] LogOutputStream:75 - [STDERR_REDIRECT] [Fatal Error] :1:1: Premature end of file.
2025-03-25 09:41:00,222 [ERROR] LogOutputStream:75 - [STDERR_REDIRECT] 
2025-03-25 09:41:01,217 [ERROR] LogOutputStream:75 - [STDERR_REDIRECT] [Fatal Error] :1:1: Premature end of file.
2025-03-25 09:41:01,218 [ERROR] LogOutputStream:75 - [STDERR_REDIRECT] 
2025-03-25 09:41:02,219 [ERROR] LogOutputStream:75 - [STDERR_REDIRECT] [Fatal Error] :1:1: Premature end of file.
2025-03-25 09:41:02,219 [ERROR] LogOutputStream:75 - [STDERR_REDIRECT] 
2025-03-25 09:41:03,223 [ERROR] LogOutputStream:75 - [STDERR_REDIRECT] [Fatal Error] :1:1: Premature end of file.
2025-03-25 09:41:03,223 [ERROR] LogOutputStream:75 - [STDERR_REDIRECT] 
2025-03-25 09:41:04,223 [ERROR] LogOutputStream:75 - [STDERR_REDIRECT] [Fatal Error] :1:1: Premature end of file.
2025-03-25 09:41:04,223 [ERROR] LogOutputStream:75 - [STDERR_REDIRECT] 
2025-03-25 09:41:05,223 [ERROR] LogOutputStream:75 - [STDERR_REDIRECT] [Fatal Error] :1:1: Premature end of file.
2025-03-25 09:41:05,224 [ERROR] LogOutputStream:75 - [STDERR_REDIRECT] 
2025-03-25 09:41:06,215 [ERROR] LogOutputStream:75 - [STDERR_REDIRECT] [Fatal Error] :1:1: Premature end of file.
2025-03-25 09:41:06,215 [ERROR] LogOutputStream:75 - [STDERR_REDIRECT] 
2025-03-25 09:41:07,219 [ERROR] LogOutputStream:75 - [STDERR_REDIRECT] [Fatal Error] :1:1: Premature end of file.
2025-03-25 09:41:07,220 [ERROR] LogOutputStream:75 - [STDERR_REDIRECT] 
2025-03-25 09:41:08,216 [ERROR] LogOutputStream:75 - [STDERR_REDIRECT] [Fatal Error] :1:1: Premature end of file.
2025-03-25 09:41:08,216 [ERROR] LogOutputStream:75 - [STDERR_REDIRECT] 
2025-03-25 09:41:09,223 [ERROR] LogOutputStream:75 - [STDERR_REDIRECT] [Fatal Error] :1:1: Premature end of file.
2025-03-25 09:41:09,223 [ERROR] LogOutputStream:75 - [STDERR_REDIRECT] 
2025-03-25 09:41:10,220 [ERROR] LogOutputStream:75 - [STDERR_REDIRECT] [Fatal Error] :1:1: Premature end of file.
2025-03-25 09:41:10,220 [ERROR] LogOutputStream:75 - [STDERR_REDIRECT] 
2025-03-25 09:41:11,213 [ERROR] LogOutputStream:75 - [STDERR_REDIRECT] [Fatal Error] :1:1: Premature end of file.
2025-03-25 09:41:11,213 [ERROR] LogOutputStream:75 - [STDERR_REDIRECT] 
2025-03-25 09:41:12,221 [ERROR] LogOutputStream:75 - [STDERR_REDIRECT] [Fatal Error] :1:1: Premature end of file.
2025-03-25 09:41:12,221 [ERROR] LogOutputStream:75 - [STDERR_REDIRECT] 
2025-03-25 09:41:13,217 [ERROR] LogOutputStream:75 - [STDERR_REDIRECT] [Fatal Error] :1:1: Premature end of file.
2025-03-25 09:41:13,217 [ERROR] LogOutputStream:75 - [STDERR_REDIRECT] 
2025-03-25 09:41:14,222 [ERROR] LogOutputStream:75 - [STDERR_REDIRECT] [Fatal Error] :1:1: Premature end of file.
2025-03-25 09:41:14,222 [ERROR] LogOutputStream:75 - [STDERR_REDIRECT] 
2025-03-25 09:41:15,225 [ERROR] LogOutputStream:75 - [STDERR_REDIRECT] [Fatal Error] :1:1: Premature end of file.
2025-03-25 09:41:15,225 [ERROR] LogOutputStream:75 - [STDERR_REDIRECT] 
2025-03-25 09:41:16,220 [ERROR] LogOutputStream:75 - [STDERR_REDIRECT] [Fatal Error] :1:1: Premature end of file.
2025-03-25 09:41:16,221 [ERROR] LogOutputStream:75 - [STDERR_REDIRECT] 
2025-03-25 09:41:17,225 [ERROR] LogOutputStream:75 - [STDERR_REDIRECT] [Fatal Error] :1:1: Premature end of file.
2025-03-25 09:41:17,225 [ERROR] LogOutputStream:75 - [STDERR_REDIRECT] 
2025-03-25 09:41:18,217 [ERROR] LogOutputStream:75 - [STDERR_REDIRECT] [Fatal Error] :1:1: Premature end of file.
2025-03-25 09:41:18,218 [ERROR] LogOutputStream:75 - [STDERR_REDIRECT] 
2025-03-25 09:41:19,219 [ERROR] LogOutputStream:75 - [STDERR_REDIRECT] [Fatal Error] :1:1: Premature end of file.
2025-03-25 09:41:19,220 [ERROR] LogOutputStream:75 - [STDERR_REDIRECT] 
2025-03-25 09:41:20,239 [ERROR] LogOutputStream:75 - [STDERR_REDIRECT] [Fatal Error] :1:1: Premature end of file.
2025-03-25 09:41:20,239 [ERROR] LogOutputStream:75 - [STDERR_REDIRECT] 
2025-03-25 09:41:21,219 [ERROR] LogOutputStream:75 - [STDERR_REDIRECT] [Fatal Error] :1:1: Premature end of file.
2025-03-25 09:41:21,219 [ERROR] LogOutputStream:75 - [STDERR_REDIRECT] 
2025-03-25 09:41:22,212 [ERROR] LogOutputStream:75 - [STDERR_REDIRECT] [Fatal Error] :1:1: Premature end of file.
2025-03-25 09:41:22,213 [ERROR] LogOutputStream:75 - [STDERR_REDIRECT] 
2025-03-25 09:41:23,209 [ERROR] LogOutputStream:75 - [STDERR_REDIRECT] [Fatal Error] :1:1: Premature end of file.
2025-03-25 09:41:23,210 [ERROR] LogOutputStream:75 - [STDERR_REDIRECT] 
2025-03-25 09:41:24,223 [ERROR] LogOutputStream:75 - [STDERR_REDIRECT] [Fatal Error] :1:1: Premature end of file.
2025-03-25 09:41:24,223 [ERROR] LogOutputStream:75 - [STDERR_REDIRECT] 
2025-03-25 09:41:25,221 [ERROR] LogOutputStream:75 - [STDERR_REDIRECT] [Fatal Error] :1:1: Premature end of file.
2025-03-25 09:41:25,221 [ERROR] LogOutputStream:75 - [STDERR_REDIRECT] 
2025-03-25 09:41:26,221 [ERROR] LogOutputStream:75 - [STDERR_REDIRECT] [Fatal Error] :1:1: Premature end of file.
2025-03-25 09:41:26,221 [ERROR] LogOutputStream:75 - [STDERR_REDIRECT] 
2025-03-25 09:41:27,219 [ERROR] LogOutputStream:75 - [STDERR_REDIRECT] [Fatal Error] :1:1: Premature end of file.
2025-03-25 09:41:27,219 [ERROR] LogOutputStream:75 - [STDERR_REDIRECT] 
2025-03-25 09:41:28,214 [ERROR] LogOutputStream:75 - [STDERR_REDIRECT] [Fatal Error] :1:1: Premature end of file.
2025-03-25 09:41:28,215 [ERROR] LogOutputStream:75 - [STDERR_REDIRECT] 
2025-03-25 09:41:29,223 [ERROR] LogOutputStream:75 - [STDERR_REDIRECT] [Fatal Error] :1:1: Premature end of file.
2025-03-25 09:41:29,223 [ERROR] LogOutputStream:75 - [STDERR_REDIRECT] 
2025-03-25 09:41:30,273 [ERROR] LogOutputStream:75 - [STDERR_REDIRECT] [Fatal Error] :1:1: Premature end of file.
2025-03-25 09:41:30,273 [ERROR] LogOutputStream:75 - [STDERR_REDIRECT] 
2025-03-25 09:41:31,210 [ERROR] LogOutputStream:75 - [STDERR_REDIRECT] [Fatal Error] :1:1: Premature end of file.
2025-03-25 09:41:31,210 [ERROR] LogOutputStream:75 - [STDERR_REDIRECT] 
2025-03-25 09:41:32,214 [ERROR] LogOutputStream:75 - [STDERR_REDIRECT] [Fatal Error] :1:1: Premature end of file.
2025-03-25 09:41:32,215 [ERROR] LogOutputStream:75 - [STDERR_REDIRECT] 
2025-03-25 09:41:33,214 [ERROR] LogOutputStream:75 - [STDERR_REDIRECT] [Fatal Error] :1:1: Premature end of file.
2025-03-25 09:41:33,214 [ERROR] LogOutputStream:75 - [STDERR_REDIRECT] 
2025-03-25 09:41:34,218 [ERROR] LogOutputStream:75 - [STDERR_REDIRECT] [Fatal Error] :1:1: Premature end of file.
2025-03-25 09:41:34,218 [ERROR] LogOutputStream:75 - [STDERR_REDIRECT] 
2025-03-25 09:41:35,215 [ERROR] LogOutputStream:75 - [STDERR_REDIRECT] [Fatal Error] :1:1: Premature end of file.
2025-03-25 09:41:35,215 [ERROR] LogOutputStream:75 - [STDERR_REDIRECT] 
2025-03-25 09:41:36,224 [ERROR] LogOutputStream:75 - [STDERR_REDIRECT] [Fatal Error] :1:1: Premature end of file.
2025-03-25 09:41:36,225 [ERROR] LogOutputStream:75 - [STDERR_REDIRECT] 
2025-03-25 09:41:37,225 [ERROR] LogOutputStream:75 - [STDERR_REDIRECT] [Fatal Error] :1:1: Premature end of file.
2025-03-25 09:41:37,225 [ERROR] LogOutputStream:75 - [STDERR_REDIRECT] 
2025-03-25 09:41:38,220 [ERROR] LogOutputStream:75 - [STDERR_REDIRECT] [Fatal Error] :1:1: Premature end of file.
2025-03-25 09:41:38,221 [ERROR] LogOutputStream:75 - [STDERR_REDIRECT] 
2025-03-25 09:41:39,221 [ERROR] LogOutputStream:75 - [STDERR_REDIRECT] [Fatal Error] :1:1: Premature end of file.
2025-03-25 09:41:39,221 [ERROR] LogOutputStream:75 - [STDERR_REDIRECT] 
2025-03-25 09:41:40,220 [ERROR] LogOutputStream:75 - [STDERR_REDIRECT] [Fatal Error] :1:1: Premature end of file.
2025-03-25 09:41:40,220 [ERROR] LogOutputStream:75 - [STDERR_REDIRECT] 
2025-03-25 09:41:41,210 [ERROR] LogOutputStream:75 - [STDERR_REDIRECT] [Fatal Error] :1:1: Premature end of file.
2025-03-25 09:41:41,211 [ERROR] LogOutputStream:75 - [STDERR_REDIRECT] 
2025-03-25 09:41:42,212 [ERROR] LogOutputStream:75 - [STDERR_REDIRECT] [Fatal Error] :1:1: Premature end of file.
2025-03-25 09:41:42,212 [ERROR] LogOutputStream:75 - [STDERR_REDIRECT] 
2025-03-25 09:41:43,211 [ERROR] LogOutputStream:75 - [STDERR_REDIRECT] [Fatal Error] :1:1: Premature end of file.
2025-03-25 09:41:43,211 [ERROR] LogOutputStream:75 - [STDERR_REDIRECT] 
2025-03-25 09:41:44,222 [ERROR] LogOutputStream:75 - [STDERR_REDIRECT] [Fatal Error] :1:1: Premature end of file.
2025-03-25 09:41:44,222 [ERROR] LogOutputStream:75 - [STDERR_REDIRECT] 
2025-03-25 09:41:45,220 [ERROR] LogOutputStream:75 - [STDERR_REDIRECT] [Fatal Error] :1:1: Premature end of file.
2025-03-25 09:41:45,220 [ERROR] LogOutputStream:75 - [STDERR_REDIRECT] 
2025-03-25 09:41:46,224 [ERROR] LogOutputStream:75 - [STDERR_REDIRECT] [Fatal Error] :1:1: Premature end of file.
2025-03-25 09:41:46,224 [ERROR] LogOutputStream:75 - [STDERR_REDIRECT] 
2025-03-25 09:41:47,224 [ERROR] LogOutputStream:75 - [STDERR_REDIRECT] [Fatal Error] :1:1: Premature end of file.
2025-03-25 09:41:47,224 [ERROR] LogOutputStream:75 - [STDERR_REDIRECT] 
2025-03-25 09:41:48,216 [ERROR] LogOutputStream:75 - [STDERR_REDIRECT] [Fatal Error] :1:1: Premature end of file.
2025-03-25 09:41:48,216 [ERROR] LogOutputStream:75 - [STDERR_REDIRECT] 
2025-03-25 09:41:49,221 [ERROR] LogOutputStream:75 - [STDERR_REDIRECT] [Fatal Error] :1:1: Premature end of file.
2025-03-25 09:41:49,222 [ERROR] LogOutputStream:75 - [STDERR_REDIRECT] 
2025-03-25 09:41:50,222 [ERROR] LogOutputStream:75 - [STDERR_REDIRECT] [Fatal Error] :1:1: Premature end of file.
2025-03-25 09:41:50,223 [ERROR] LogOutputStream:75 - [STDERR_REDIRECT] 
2025-03-25 09:41:51,220 [ERROR] LogOutputStream:75 - [STDERR_REDIRECT] [Fatal Error] :1:1: Premature end of file.
2025-03-25 09:41:51,221 [ERROR] LogOutputStream:75 - [STDERR_REDIRECT] 
2025-03-25 09:41:52,197 [ERROR] LogOutputStream:75 - [STDERR_REDIRECT] [Fatal Error] :1:1: Premature end of file.
2025-03-25 09:41:52,197 [ERROR] LogOutputStream:75 - [STDERR_REDIRECT] 
2025-03-25 09:41:53,221 [ERROR] LogOutputStream:75 - [STDERR_REDIRECT] [Fatal Error] :1:1: Premature end of file.
2025-03-25 09:41:53,221 [ERROR] LogOutputStream:75 - [STDERR_REDIRECT] 
2025-03-25 09:41:54,222 [ERROR] LogOutputStream:75 - [STDERR_REDIRECT] [Fatal Error] :1:1: Premature end of file.
2025-03-25 09:41:54,222 [ERROR] LogOutputStream:75 - [STDERR_REDIRECT] 
2025-03-25 09:41:55,199 [ERROR] LogOutputStream:75 - [STDERR_REDIRECT] [Fatal Error] :1:1: Premature end of file.
2025-03-25 09:41:55,199 [ERROR] LogOutputStream:75 - [STDERR_REDIRECT] 
2025-03-25 09:41:56,228 [ERROR] LogOutputStream:75 - [STDERR_REDIRECT] [Fatal Error] :1:1: Premature end of file.
2025-03-25 09:41:56,229 [ERROR] LogOutputStream:75 - [STDERR_REDIRECT] 
2025-03-25 09:41:57,225 [ERROR] LogOutputStream:75 - [STDERR_REDIRECT] [Fatal Error] :1:1: Premature end of file.
2025-03-25 09:41:57,226 [ERROR] LogOutputStream:75 - [STDERR_REDIRECT] 
2025-03-25 09:41:58,220 [ERROR] LogOutputStream:75 - [STDERR_REDIRECT] [Fatal Error] :1:1: Premature end of file.
2025-03-25 09:41:58,220 [ERROR] LogOutputStream:75 - [STDERR_REDIRECT] 
2025-03-25 09:41:59,222 [ERROR] LogOutputStream:75 - [STDERR_REDIRECT] [Fatal Error] :1:1: Premature end of file.
2025-03-25 09:41:59,222 [ERROR] LogOutputStream:75 - [STDERR_REDIRECT] 
2025-03-25 09:42:00,227 [ERROR] LogOutputStream:75 - [STDERR_REDIRECT] [Fatal Error] :1:1: Premature end of file.
2025-03-25 09:42:00,228 [ERROR] LogOutputStream:75 - [STDERR_REDIRECT] 
2025-03-25 09:42:01,219 [ERROR] LogOutputStream:75 - [STDERR_REDIRECT] [Fatal Error] :1:1: Premature end of file.
2025-03-25 09:42:01,220 [ERROR] LogOutputStream:75 - [STDERR_REDIRECT] 
2025-03-25 09:42:02,222 [ERROR] LogOutputStream:75 - [STDERR_REDIRECT] [Fatal Error] :1:1: Premature end of file.
2025-03-25 09:42:02,222 [ERROR] LogOutputStream:75 - [STDERR_REDIRECT] 
2025-03-25 09:42:03,219 [ERROR] LogOutputStream:75 - [STDERR_REDIRECT] [Fatal Error] :1:1: Premature end of file.
2025-03-25 09:42:03,220 [ERROR] LogOutputStream:75 - [STDERR_REDIRECT] 
2025-03-25 09:42:04,213 [ERROR] LogOutputStream:75 - [STDERR_REDIRECT] [Fatal Error] :1:1: Premature end of file.
2025-03-25 09:42:04,213 [ERROR] LogOutputStream:75 - [STDERR_REDIRECT] 
2025-03-25 09:42:05,212 [ERROR] LogOutputStream:75 - [STDERR_REDIRECT] [Fatal Error] :1:1: Premature end of file.
2025-03-25 09:42:05,213 [ERROR] LogOutputStream:75 - [STDERR_REDIRECT] 
2025-03-25 09:42:06,205 [ERROR] LogOutputStream:75 - [STDERR_REDIRECT] [Fatal Error] :1:1: Premature end of file.
2025-03-25 09:42:06,206 [ERROR] LogOutputStream:75 - [STDERR_REDIRECT] 
2025-03-25 09:42:07,216 [ERROR] LogOutputStream:75 - [STDERR_REDIRECT] [Fatal Error] :1:1: Premature end of file.
2025-03-25 09:42:07,216 [ERROR] LogOutputStream:75 - [STDERR_REDIRECT] 
2025-03-25 09:42:08,227 [ERROR] LogOutputStream:75 - [STDERR_REDIRECT] [Fatal Error] :1:1: Premature end of file.
2025-03-25 09:42:08,228 [ERROR] LogOutputStream:75 - [STDERR_REDIRECT] 
2025-03-25 09:42:09,213 [ERROR] LogOutputStream:75 - [STDERR_REDIRECT] [Fatal Error] :1:1: Premature end of file.
2025-03-25 09:42:09,213 [ERROR] LogOutputStream:75 - [STDERR_REDIRECT] 
2025-03-25 09:42:10,215 [ERROR] LogOutputStream:75 - [STDERR_REDIRECT] [Fatal Error] :1:1: Premature end of file.
2025-03-25 09:42:10,215 [ERROR] LogOutputStream:75 - [STDERR_REDIRECT] 
2025-03-25 09:42:11,221 [ERROR] LogOutputStream:75 - [STDERR_REDIRECT] [Fatal Error] :1:1: Premature end of file.
2025-03-25 09:42:11,222 [ERROR] LogOutputStream:75 - [STDERR_REDIRECT] 
2025-03-25 09:42:12,215 [ERROR] LogOutputStream:75 - [STDERR_REDIRECT] [Fatal Error] :1:1: Premature end of file.
2025-03-25 09:42:12,215 [ERROR] LogOutputStream:75 - [STDERR_REDIRECT] 
2025-03-25 09:42:13,228 [ERROR] LogOutputStream:75 - [STDERR_REDIRECT] [Fatal Error] :1:1: Premature end of file.
2025-03-25 09:42:13,228 [ERROR] LogOutputStream:75 - [STDERR_REDIRECT] 
2025-03-25 09:42:14,221 [ERROR] LogOutputStream:75 - [STDERR_REDIRECT] [Fatal Error] :1:1: Premature end of file.
2025-03-25 09:42:14,221 [ERROR] LogOutputStream:75 - [STDERR_REDIRECT] 
2025-03-25 09:42:15,219 [ERROR] LogOutputStream:75 - [STDERR_REDIRECT] [Fatal Error] :1:1: Premature end of file.
2025-03-25 09:42:15,220 [ERROR] LogOutputStream:75 - [STDERR_REDIRECT] 
2025-03-25 09:42:16,217 [ERROR] LogOutputStream:75 - [STDERR_REDIRECT] [Fatal Error] :1:1: Premature end of file.
2025-03-25 09:42:16,218 [ERROR] LogOutputStream:75 - [STDERR_REDIRECT] 
2025-03-25 09:42:17,219 [ERROR] LogOutputStream:75 - [STDERR_REDIRECT] [Fatal Error] :1:1: Premature end of file.
2025-03-25 09:42:17,219 [ERROR] LogOutputStream:75 - [STDERR_REDIRECT] 
2025-03-25 09:42:18,212 [ERROR] LogOutputStream:75 - [STDERR_REDIRECT] [Fatal Error] :1:1: Premature end of file.
2025-03-25 09:42:18,212 [ERROR] LogOutputStream:75 - [STDERR_REDIRECT] 
2025-03-25 09:42:19,213 [ERROR] LogOutputStream:75 - [STDERR_REDIRECT] [Fatal Error] :1:1: Premature end of file.
2025-03-25 09:42:19,214 [ERROR] LogOutputStream:75 - [STDERR_REDIRECT] 
2025-03-25 09:42:20,219 [ERROR] LogOutputStream:75 - [STDERR_REDIRECT] [Fatal Error] :1:1: Premature end of file.
2025-03-25 09:42:20,220 [ERROR] LogOutputStream:75 - [STDERR_REDIRECT] 
2025-03-25 09:42:21,224 [ERROR] LogOutputStream:75 - [STDERR_REDIRECT] [Fatal Error] :1:1: Premature end of file.
2025-03-25 09:42:21,224 [ERROR] LogOutputStream:75 - [STDERR_REDIRECT] 
2025-03-25 09:42:22,232 [ERROR] LogOutputStream:75 - [STDERR_REDIRECT] [Fatal Error] :1:1: Premature end of file.
2025-03-25 09:42:22,232 [ERROR] LogOutputStream:75 - [STDERR_REDIRECT] 
2025-03-25 09:42:23,225 [ERROR] LogOutputStream:75 - [STDERR_REDIRECT] [Fatal Error] :1:1: Premature end of file.
2025-03-25 09:42:23,225 [ERROR] LogOutputStream:75 - [STDERR_REDIRECT] 
2025-03-25 09:42:24,218 [ERROR] LogOutputStream:75 - [STDERR_REDIRECT] [Fatal Error] :1:1: Premature end of file.
2025-03-25 09:42:24,218 [ERROR] LogOutputStream:75 - [STDERR_REDIRECT] 
2025-03-25 09:42:25,220 [ERROR] LogOutputStream:75 - [STDERR_REDIRECT] [Fatal Error] :1:1: Premature end of file.
2025-03-25 09:42:25,220 [ERROR] LogOutputStream:75 - [STDERR_REDIRECT] 
2025-03-25 09:42:26,223 [ERROR] LogOutputStream:75 - [STDERR_REDIRECT] [Fatal Error] :1:1: Premature end of file.
2025-03-25 09:42:26,223 [ERROR] LogOutputStream:75 - [STDERR_REDIRECT] 
2025-03-25 09:42:27,214 [ERROR] LogOutputStream:75 - [STDERR_REDIRECT] [Fatal Error] :1:1: Premature end of file.
2025-03-25 09:42:27,214 [ERROR] LogOutputStream:75 - [STDERR_REDIRECT] 
2025-03-25 09:42:28,221 [ERROR] LogOutputStream:75 - [STDERR_REDIRECT] [Fatal Error] :1:1: Premature end of file.
2025-03-25 09:42:28,221 [ERROR] LogOutputStream:75 - [STDERR_REDIRECT] 
2025-03-25 09:42:29,217 [ERROR] LogOutputStream:75 - [STDERR_REDIRECT] [Fatal Error] :1:1: Premature end of file.
2025-03-25 09:42:29,217 [ERROR] LogOutputStream:75 - [STDERR_REDIRECT] 
2025-03-25 09:42:30,222 [ERROR] LogOutputStream:75 - [STDERR_REDIRECT] [Fatal Error] :1:1: Premature end of file.
2025-03-25 09:42:30,222 [ERROR] LogOutputStream:75 - [STDERR_REDIRECT] 
2025-03-25 09:42:31,217 [ERROR] LogOutputStream:75 - [STDERR_REDIRECT] [Fatal Error] :1:1: Premature end of file.
2025-03-25 09:42:31,217 [ERROR] LogOutputStream:75 - [STDERR_REDIRECT] 
2025-03-25 09:42:32,216 [ERROR] LogOutputStream:75 - [STDERR_REDIRECT] [Fatal Error] :1:1: Premature end of file.
2025-03-25 09:42:32,216 [ERROR] LogOutputStream:75 - [STDERR_REDIRECT] 
2025-03-25 09:42:33,222 [ERROR] LogOutputStream:75 - [STDERR_REDIRECT] [Fatal Error] :1:1: Premature end of file.
2025-03-25 09:42:33,223 [ERROR] LogOutputStream:75 - [STDERR_REDIRECT] 
2025-03-25 09:42:34,222 [ERROR] LogOutputStream:75 - [STDERR_REDIRECT] [Fatal Error] :1:1: Premature end of file.
2025-03-25 09:42:34,223 [ERROR] LogOutputStream:75 - [STDERR_REDIRECT] 
2025-03-25 09:42:35,224 [ERROR] LogOutputStream:75 - [STDERR_REDIRECT] [Fatal Error] :1:1: Premature end of file.
2025-03-25 09:42:35,224 [ERROR] LogOutputStream:75 - [STDERR_REDIRECT] 
2025-03-25 09:42:36,216 [ERROR] LogOutputStream:75 - [STDERR_REDIRECT] [Fatal Error] :1:1: Premature end of file.
2025-03-25 09:42:36,217 [ERROR] LogOutputStream:75 - [STDERR_REDIRECT] 
2025-03-25 09:42:37,224 [ERROR] LogOutputStream:75 - [STDERR_REDIRECT] [Fatal Error] :1:1: Premature end of file.
2025-03-25 09:42:37,225 [ERROR] LogOutputStream:75 - [STDERR_REDIRECT] 
2025-03-25 09:42:38,227 [ERROR] LogOutputStream:75 - [STDERR_REDIRECT] [Fatal Error] :1:1: Premature end of file.
2025-03-25 09:42:38,227 [ERROR] LogOutputStream:75 - [STDERR_REDIRECT] 
2025-03-25 09:42:39,215 [ERROR] LogOutputStream:75 - [STDERR_REDIRECT] [Fatal Error] :1:1: Premature end of file.
2025-03-25 09:42:39,215 [ERROR] LogOutputStream:75 - [STDERR_REDIRECT] 
2025-03-25 09:42:40,222 [ERROR] LogOutputStream:75 - [STDERR_REDIRECT] [Fatal Error] :1:1: Premature end of file.
2025-03-25 09:42:40,222 [ERROR] LogOutputStream:75 - [STDERR_REDIRECT] 
2025-03-25 09:42:41,218 [ERROR] LogOutputStream:75 - [STDERR_REDIRECT] [Fatal Error] :1:1: Premature end of file.
2025-03-25 09:42:41,218 [ERROR] LogOutputStream:75 - [STDERR_REDIRECT] 
2025-03-25 09:42:42,217 [ERROR] LogOutputStream:75 - [STDERR_REDIRECT] [Fatal Error] :1:1: Premature end of file.
2025-03-25 09:42:42,217 [ERROR] LogOutputStream:75 - [STDERR_REDIRECT] 
2025-03-25 09:42:43,216 [ERROR] LogOutputStream:75 - [STDERR_REDIRECT] [Fatal Error] :1:1: Premature end of file.
2025-03-25 09:42:43,216 [ERROR] LogOutputStream:75 - [STDERR_REDIRECT] 
2025-03-25 09:42:44,219 [ERROR] LogOutputStream:75 - [STDERR_REDIRECT] [Fatal Error] :1:1: Premature end of file.
2025-03-25 09:42:44,220 [ERROR] LogOutputStream:75 - [STDERR_REDIRECT] 
2025-03-25 09:42:45,228 [ERROR] LogOutputStream:75 - [STDERR_REDIRECT] [Fatal Error] :1:1: Premature end of file.
2025-03-25 09:42:45,228 [ERROR] LogOutputStream:75 - [STDERR_REDIRECT] 
2025-03-25 09:42:46,226 [ERROR] LogOutputStream:75 - [STDERR_REDIRECT] [Fatal Error] :1:1: Premature end of file.
2025-03-25 09:42:46,227 [ERROR] LogOutputStream:75 - [STDERR_REDIRECT] 
2025-03-25 09:42:47,225 [ERROR] LogOutputStream:75 - [STDERR_REDIRECT] [Fatal Error] :1:1: Premature end of file.
2025-03-25 09:42:47,225 [ERROR] LogOutputStream:75 - [STDERR_REDIRECT] 
2025-03-25 09:42:48,219 [ERROR] LogOutputStream:75 - [STDERR_REDIRECT] [Fatal Error] :1:1: Premature end of file.
2025-03-25 09:42:48,219 [ERROR] LogOutputStream:75 - [STDERR_REDIRECT] 
2025-03-25 09:42:49,218 [ERROR] LogOutputStream:75 - [STDERR_REDIRECT] [Fatal Error] :1:1: Premature end of file.
2025-03-25 09:42:49,219 [ERROR] LogOutputStream:75 - [STDERR_REDIRECT] 
2025-03-25 09:42:50,223 [ERROR] LogOutputStream:75 - [STDERR_REDIRECT] [Fatal Error] :1:1: Premature end of file.
2025-03-25 09:42:50,223 [ERROR] LogOutputStream:75 - [STDERR_REDIRECT] 
2025-03-25 09:42:51,227 [ERROR] LogOutputStream:75 - [STDERR_REDIRECT] [Fatal Error] :1:1: Premature end of file.
2025-03-25 09:42:51,227 [ERROR] LogOutputStream:75 - [STDERR_REDIRECT] 
2025-03-25 09:42:52,218 [ERROR] LogOutputStream:75 - [STDERR_REDIRECT] [Fatal Error] :1:1: Premature end of file.
2025-03-25 09:42:52,218 [ERROR] LogOutputStream:75 - [STDERR_REDIRECT] 
2025-03-25 09:42:53,215 [ERROR] LogOutputStream:75 - [STDERR_REDIRECT] [Fatal Error] :1:1: Premature end of file.
2025-03-25 09:42:53,215 [ERROR] LogOutputStream:75 - [STDERR_REDIRECT] 
2025-03-25 09:42:54,226 [ERROR] LogOutputStream:75 - [STDERR_REDIRECT] [Fatal Error] :1:1: Premature end of file.
2025-03-25 09:42:54,227 [ERROR] LogOutputStream:75 - [STDERR_REDIRECT] 
2025-03-25 09:42:55,216 [ERROR] LogOutputStream:75 - [STDERR_REDIRECT] [Fatal Error] :1:1: Premature end of file.
2025-03-25 09:42:55,216 [ERROR] LogOutputStream:75 - [STDERR_REDIRECT] 
2025-03-25 09:42:56,226 [ERROR] LogOutputStream:75 - [STDERR_REDIRECT] [Fatal Error] :1:1: Premature end of file.
2025-03-25 09:42:56,226 [ERROR] LogOutputStream:75 - [STDERR_REDIRECT] 
2025-03-25 09:42:57,223 [ERROR] LogOutputStream:75 - [STDERR_REDIRECT] [Fatal Error] :1:1: Premature end of file.
2025-03-25 09:42:57,224 [ERROR] LogOutputStream:75 - [STDERR_REDIRECT] 
2025-03-25 09:42:58,220 [ERROR] LogOutputStream:75 - [STDERR_REDIRECT] [Fatal Error] :1:1: Premature end of file.
2025-03-25 09:42:58,220 [ERROR] LogOutputStream:75 - [STDERR_REDIRECT] 
2025-03-25 09:42:59,220 [ERROR] LogOutputStream:75 - [STDERR_REDIRECT] [Fatal Error] :1:1: Premature end of file.
2025-03-25 09:42:59,220 [ERROR] LogOutputStream:75 - [STDERR_REDIRECT] 
2025-03-25 09:43:00,217 [ERROR] LogOutputStream:75 - [STDERR_REDIRECT] [Fatal Error] :1:1: Premature end of file.
2025-03-25 09:43:00,218 [ERROR] LogOutputStream:75 - [STDERR_REDIRECT] 
2025-03-25 09:43:01,216 [ERROR] LogOutputStream:75 - [STDERR_REDIRECT] [Fatal Error] :1:1: Premature end of file.
2025-03-25 09:43:01,216 [ERROR] LogOutputStream:75 - [STDERR_REDIRECT] 
2025-03-25 09:43:02,227 [ERROR] LogOutputStream:75 - [STDERR_REDIRECT] [Fatal Error] :1:1: Premature end of file.
2025-03-25 09:43:02,227 [ERROR] LogOutputStream:75 - [STDERR_REDIRECT] 
2025-03-25 09:43:03,220 [ERROR] LogOutputStream:75 - [STDERR_REDIRECT] [Fatal Error] :1:1: Premature end of file.
2025-03-25 09:43:03,220 [ERROR] LogOutputStream:75 - [STDERR_REDIRECT] 
2025-03-25 09:43:04,220 [ERROR] LogOutputStream:75 - [STDERR_REDIRECT] [Fatal Error] :1:1: Premature end of file.
2025-03-25 09:43:04,220 [ERROR] LogOutputStream:75 - [STDERR_REDIRECT] 
2025-03-25 09:43:05,216 [ERROR] LogOutputStream:75 - [STDERR_REDIRECT] [Fatal Error] :1:1: Premature end of file.
2025-03-25 09:43:05,216 [ERROR] LogOutputStream:75 - [STDERR_REDIRECT] 
2025-03-25 09:43:06,216 [ERROR] LogOutputStream:75 - [STDERR_REDIRECT] [Fatal Error] :1:1: Premature end of file.
2025-03-25 09:43:06,216 [ERROR] LogOutputStream:75 - [STDERR_REDIRECT] 
2025-03-25 09:43:07,220 [ERROR] LogOutputStream:75 - [STDERR_REDIRECT] [Fatal Error] :1:1: Premature end of file.
2025-03-25 09:43:07,221 [ERROR] LogOutputStream:75 - [STDERR_REDIRECT] 
2025-03-25 09:43:08,198 [ERROR] LogOutputStream:75 - [STDERR_REDIRECT] [Fatal Error] :1:1: Premature end of file.
2025-03-25 09:43:08,198 [ERROR] LogOutputStream:75 - [STDERR_REDIRECT] 
2025-03-25 09:43:09,216 [ERROR] LogOutputStream:75 - [STDERR_REDIRECT] [Fatal Error] :1:1: Premature end of file.
2025-03-25 09:43:09,217 [ERROR] LogOutputStream:75 - [STDERR_REDIRECT] 
2025-03-25 09:43:10,219 [ERROR] LogOutputStream:75 - [STDERR_REDIRECT] [Fatal Error] :1:1: Premature end of file.
2025-03-25 09:43:10,219 [ERROR] LogOutputStream:75 - [STDERR_REDIRECT] 
2025-03-25 09:43:11,210 [ERROR] LogOutputStream:75 - [STDERR_REDIRECT] [Fatal Error] :1:1: Premature end of file.
2025-03-25 09:43:11,210 [ERROR] LogOutputStream:75 - [STDERR_REDIRECT] 
2025-03-25 09:43:12,223 [ERROR] LogOutputStream:75 - [STDERR_REDIRECT] [Fatal Error] :1:1: Premature end of file.
2025-03-25 09:43:12,223 [ERROR] LogOutputStream:75 - [STDERR_REDIRECT] 
2025-03-25 09:43:13,216 [ERROR] LogOutputStream:75 - [STDERR_REDIRECT] [Fatal Error] :1:1: Premature end of file.
2025-03-25 09:43:13,216 [ERROR] LogOutputStream:75 - [STDERR_REDIRECT] 
2025-03-25 09:43:14,217 [ERROR] LogOutputStream:75 - [STDERR_REDIRECT] [Fatal Error] :1:1: Premature end of file.
2025-03-25 09:43:14,218 [ERROR] LogOutputStream:75 - [STDERR_REDIRECT] 
2025-03-25 09:43:15,217 [ERROR] LogOutputStream:75 - [STDERR_REDIRECT] [Fatal Error] :1:1: Premature end of file.
2025-03-25 09:43:15,217 [ERROR] LogOutputStream:75 - [STDERR_REDIRECT] 
2025-03-25 09:43:16,215 [ERROR] LogOutputStream:75 - [STDERR_REDIRECT] [Fatal Error] :1:1: Premature end of file.
2025-03-25 09:43:16,215 [ERROR] LogOutputStream:75 - [STDERR_REDIRECT] 
2025-03-25 09:43:17,229 [ERROR] LogOutputStream:75 - [STDERR_REDIRECT] [Fatal Error] :1:1: Premature end of file.
2025-03-25 09:43:17,230 [ERROR] LogOutputStream:75 - [STDERR_REDIRECT] 
2025-03-25 09:43:18,217 [ERROR] LogOutputStream:75 - [STDERR_REDIRECT] [Fatal Error] :1:1: Premature end of file.
2025-03-25 09:43:18,217 [ERROR] LogOutputStream:75 - [STDERR_REDIRECT] 
2025-03-25 09:43:19,216 [ERROR] LogOutputStream:75 - [STDERR_REDIRECT] [Fatal Error] :1:1: Premature end of file.
2025-03-25 09:43:19,216 [ERROR] LogOutputStream:75 - [STDERR_REDIRECT] 
2025-03-25 09:43:20,210 [ERROR] LogOutputStream:75 - [STDERR_REDIRECT] [Fatal Error] :1:1: Premature end of file.
2025-03-25 09:43:20,211 [ERROR] LogOutputStream:75 - [STDERR_REDIRECT] 
2025-03-25 09:43:21,218 [ERROR] LogOutputStream:75 - [STDERR_REDIRECT] [Fatal Error] :1:1: Premature end of file.
2025-03-25 09:43:21,219 [ERROR] LogOutputStream:75 - [STDERR_REDIRECT] 
2025-03-25 09:43:22,225 [ERROR] LogOutputStream:75 - [STDERR_REDIRECT] [Fatal Error] :1:1: Premature end of file.
2025-03-25 09:43:22,225 [ERROR] LogOutputStream:75 - [STDERR_REDIRECT] 
2025-03-25 09:43:23,219 [ERROR] LogOutputStream:75 - [STDERR_REDIRECT] [Fatal Error] :1:1: Premature end of file.
2025-03-25 09:43:23,220 [ERROR] LogOutputStream:75 - [STDERR_REDIRECT] 
2025-03-25 09:43:24,191 [ERROR] LogOutputStream:75 - [STDERR_REDIRECT] [Fatal Error] :1:1: Premature end of file.
2025-03-25 09:43:24,191 [ERROR] LogOutputStream:75 - [STDERR_REDIRECT] 
2025-03-25 09:43:25,197 [ERROR] LogOutputStream:75 - [STDERR_REDIRECT] [Fatal Error] :1:1: Premature end of file.
2025-03-25 09:43:25,197 [ERROR] LogOutputStream:75 - [STDERR_REDIRECT] 
2025-03-25 09:43:26,198 [ERROR] LogOutputStream:75 - [STDERR_REDIRECT] [Fatal Error] :1:1: Premature end of file.
2025-03-25 09:43:26,198 [ERROR] LogOutputStream:75 - [STDERR_REDIRECT] 
2025-03-25 09:43:27,198 [ERROR] LogOutputStream:75 - [STDERR_REDIRECT] [Fatal Error] :1:1: Premature end of file.
2025-03-25 09:43:27,198 [ERROR] LogOutputStream:75 - [STDERR_REDIRECT] 
2025-03-25 09:43:28,205 [ERROR] LogOutputStream:75 - [STDERR_REDIRECT] [Fatal Error] :1:1: Premature end of file.
2025-03-25 09:43:28,205 [ERROR] LogOutputStream:75 - [STDERR_REDIRECT] 
2025-03-25 09:43:29,194 [ERROR] LogOutputStream:75 - [STDERR_REDIRECT] [Fatal Error] :1:1: Premature end of file.
2025-03-25 09:43:29,194 [ERROR] LogOutputStream:75 - [STDERR_REDIRECT] 
2025-03-25 09:43:30,216 [ERROR] LogOutputStream:75 - [STDERR_REDIRECT] [Fatal Error] :1:1: Premature end of file.
2025-03-25 09:43:30,217 [ERROR] LogOutputStream:75 - [STDERR_REDIRECT] 
2025-03-25 09:43:31,192 [ERROR] LogOutputStream:75 - [STDERR_REDIRECT] [Fatal Error] :1:1: Premature end of file.
2025-03-25 09:43:31,193 [ERROR] LogOutputStream:75 - [STDERR_REDIRECT] 
2025-03-25 09:43:32,220 [ERROR] LogOutputStream:75 - [STDERR_REDIRECT] [Fatal Error] :1:1: Premature end of file.
2025-03-25 09:43:32,221 [ERROR] LogOutputStream:75 - [STDERR_REDIRECT] 
2025-03-25 09:43:33,197 [ERROR] LogOutputStream:75 - [STDERR_REDIRECT] [Fatal Error] :1:1: Premature end of file.
2025-03-25 09:43:33,197 [ERROR] LogOutputStream:75 - [STDERR_REDIRECT] 
2025-03-25 09:43:34,210 [ERROR] LogOutputStream:75 - [STDERR_REDIRECT] [Fatal Error] :1:1: Premature end of file.
2025-03-25 09:43:34,210 [ERROR] LogOutputStream:75 - [STDERR_REDIRECT] 
2025-03-25 09:43:35,196 [ERROR] LogOutputStream:75 - [STDERR_REDIRECT] [Fatal Error] :1:1: Premature end of file.
2025-03-25 09:43:35,196 [ERROR] LogOutputStream:75 - [STDERR_REDIRECT] 
2025-03-25 09:43:36,216 [ERROR] LogOutputStream:75 - [STDERR_REDIRECT] [Fatal Error] :1:1: Premature end of file.
2025-03-25 09:43:36,216 [ERROR] LogOutputStream:75 - [STDERR_REDIRECT] 
2025-03-25 09:43:37,212 [ERROR] LogOutputStream:75 - [STDERR_REDIRECT] [Fatal Error] :1:1: Premature end of file.
2025-03-25 09:43:37,212 [ERROR] LogOutputStream:75 - [STDERR_REDIRECT] 
2025-03-25 09:43:38,219 [ERROR] LogOutputStream:75 - [STDERR_REDIRECT] [Fatal Error] :1:1: Premature end of file.
2025-03-25 09:43:38,219 [ERROR] LogOutputStream:75 - [STDERR_REDIRECT] 
2025-03-25 09:43:39,218 [ERROR] LogOutputStream:75 - [STDERR_REDIRECT] [Fatal Error] :1:1: Premature end of file.
2025-03-25 09:43:39,218 [ERROR] LogOutputStream:75 - [STDERR_REDIRECT] 
2025-03-25 09:43:40,199 [ERROR] LogOutputStream:75 - [STDERR_REDIRECT] [Fatal Error] :1:1: Premature end of file.
2025-03-25 09:43:40,199 [ERROR] LogOutputStream:75 - [STDERR_REDIRECT] 
2025-03-25 09:43:41,220 [ERROR] LogOutputStream:75 - [STDERR_REDIRECT] [Fatal Error] :1:1: Premature end of file.
2025-03-25 09:43:41,220 [ERROR] LogOutputStream:75 - [STDERR_REDIRECT] 
2025-03-25 09:43:42,201 [ERROR] LogOutputStream:75 - [STDERR_REDIRECT] [Fatal Error] :1:1: Premature end of file.
2025-03-25 09:43:42,201 [ERROR] LogOutputStream:75 - [STDERR_REDIRECT] 
2025-03-25 09:43:43,216 [ERROR] LogOutputStream:75 - [STDERR_REDIRECT] [Fatal Error] :1:1: Premature end of file.
2025-03-25 09:43:43,216 [ERROR] LogOutputStream:75 - [STDERR_REDIRECT] 
2025-03-25 09:43:44,222 [ERROR] LogOutputStream:75 - [STDERR_REDIRECT] [Fatal Error] :1:1: Premature end of file.
2025-03-25 09:43:44,223 [ERROR] LogOutputStream:75 - [STDERR_REDIRECT] 
2025-03-25 09:43:45,202 [ERROR] LogOutputStream:75 - [STDERR_REDIRECT] [Fatal Error] :1:1: Premature end of file.
2025-03-25 09:43:45,202 [ERROR] LogOutputStream:75 - [STDERR_REDIRECT] 
2025-03-25 09:43:46,205 [ERROR] LogOutputStream:75 - [STDERR_REDIRECT] [Fatal Error] :1:1: Premature end of file.
2025-03-25 09:43:46,205 [ERROR] LogOutputStream:75 - [STDERR_REDIRECT] 
2025-03-25 09:43:47,224 [ERROR] LogOutputStream:75 - [STDERR_REDIRECT] [Fatal Error] :1:1: Premature end of file.
2025-03-25 09:43:47,225 [ERROR] LogOutputStream:75 - [STDERR_REDIRECT] 
2025-03-25 09:43:48,215 [ERROR] LogOutputStream:75 - [STDERR_REDIRECT] [Fatal Error] :1:1: Premature end of file.
2025-03-25 09:43:48,216 [ERROR] LogOutputStream:75 - [STDERR_REDIRECT] 
2025-03-25 09:43:49,204 [ERROR] LogOutputStream:75 - [STDERR_REDIRECT] [Fatal Error] :1:1: Premature end of file.
2025-03-25 09:43:49,204 [ERROR] LogOutputStream:75 - [STDERR_REDIRECT] 
2025-03-25 09:43:50,212 [ERROR] LogOutputStream:75 - [STDERR_REDIRECT] [Fatal Error] :1:1: Premature end of file.
2025-03-25 09:43:50,212 [ERROR] LogOutputStream:75 - [STDERR_REDIRECT] 
2025-03-25 09:43:51,208 [ERROR] LogOutputStream:75 - [STDERR_REDIRECT] [Fatal Error] :1:1: Premature end of file.
2025-03-25 09:43:51,208 [ERROR] LogOutputStream:75 - [STDERR_REDIRECT] 
2025-03-25 09:43:52,212 [ERROR] LogOutputStream:75 - [STDERR_REDIRECT] [Fatal Error] :1:1: Premature end of file.
2025-03-25 09:43:52,212 [ERROR] LogOutputStream:75 - [STDERR_REDIRECT] 
2025-03-25 09:43:53,215 [ERROR] LogOutputStream:75 - [STDERR_REDIRECT] [Fatal Error] :1:1: Premature end of file.
2025-03-25 09:43:53,215 [ERROR] LogOutputStream:75 - [STDERR_REDIRECT] 
2025-03-25 09:43:54,222 [ERROR] LogOutputStream:75 - [STDERR_REDIRECT] [Fatal Error] :1:1: Premature end of file.
2025-03-25 09:43:54,222 [ERROR] LogOutputStream:75 - [STDERR_REDIRECT] 
2025-03-25 09:43:55,199 [ERROR] LogOutputStream:75 - [STDERR_REDIRECT] [Fatal Error] :1:1: Premature end of file.
2025-03-25 09:43:55,199 [ERROR] LogOutputStream:75 - [STDERR_REDIRECT] 
2025-03-25 09:43:56,221 [ERROR] LogOutputStream:75 - [STDERR_REDIRECT] [Fatal Error] :1:1: Premature end of file.
2025-03-25 09:43:56,222 [ERROR] LogOutputStream:75 - [STDERR_REDIRECT] 
2025-03-25 09:43:57,218 [ERROR] LogOutputStream:75 - [STDERR_REDIRECT] [Fatal Error] :1:1: Premature end of file.
2025-03-25 09:43:57,219 [ERROR] LogOutputStream:75 - [STDERR_REDIRECT] 
2025-03-25 09:43:58,221 [ERROR] LogOutputStream:75 - [STDERR_REDIRECT] [Fatal Error] :1:1: Premature end of file.
2025-03-25 09:43:58,221 [ERROR] LogOutputStream:75 - [STDERR_REDIRECT] 
2025-03-25 09:43:59,216 [ERROR] LogOutputStream:75 - [STDERR_REDIRECT] [Fatal Error] :1:1: Premature end of file.
2025-03-25 09:43:59,216 [ERROR] LogOutputStream:75 - [STDERR_REDIRECT] 
2025-03-25 09:44:00,222 [ERROR] LogOutputStream:75 - [STDERR_REDIRECT] [Fatal Error] :1:1: Premature end of file.
2025-03-25 09:44:00,222 [ERROR] LogOutputStream:75 - [STDERR_REDIRECT] 
2025-03-25 09:44:01,221 [ERROR] LogOutputStream:75 - [STDERR_REDIRECT] [Fatal Error] :1:1: Premature end of file.
2025-03-25 09:44:01,222 [ERROR] LogOutputStream:75 - [STDERR_REDIRECT] 
2025-03-25 09:44:02,203 [ERROR] LogOutputStream:75 - [STDERR_REDIRECT] [Fatal Error] :1:1: Premature end of file.
2025-03-25 09:44:02,203 [ERROR] LogOutputStream:75 - [STDERR_REDIRECT] 
2025-03-25 09:44:03,221 [ERROR] LogOutputStream:75 - [STDERR_REDIRECT] [Fatal Error] :1:1: Premature end of file.
2025-03-25 09:44:03,221 [ERROR] LogOutputStream:75 - [STDERR_REDIRECT] 
2025-03-25 09:44:04,214 [ERROR] LogOutputStream:75 - [STDERR_REDIRECT] [Fatal Error] :1:1: Premature end of file.
2025-03-25 09:44:04,215 [ERROR] LogOutputStream:75 - [STDERR_REDIRECT] 
2025-03-25 09:44:05,223 [ERROR] LogOutputStream:75 - [STDERR_REDIRECT] [Fatal Error] :1:1: Premature end of file.
2025-03-25 09:44:05,223 [ERROR] LogOutputStream:75 - [STDERR_REDIRECT] 
2025-03-25 09:44:06,188 [ERROR] LogOutputStream:75 - [STDERR_REDIRECT] [Fatal Error] :1:1: Premature end of file.
2025-03-25 09:44:06,188 [ERROR] LogOutputStream:75 - [STDERR_REDIRECT] 
2025-03-25 09:44:07,188 [ERROR] LogOutputStream:75 - [STDERR_REDIRECT] [Fatal Error] :1:1: Premature end of file.
2025-03-25 09:44:07,188 [ERROR] LogOutputStream:75 - [STDERR_REDIRECT] 
2025-03-25 09:44:08,195 [ERROR] LogOutputStream:75 - [STDERR_REDIRECT] [Fatal Error] :1:1: Premature end of file.
2025-03-25 09:44:08,195 [ERROR] LogOutputStream:75 - [STDERR_REDIRECT] 
2025-03-25 09:44:09,202 [ERROR] LogOutputStream:75 - [STDERR_REDIRECT] [Fatal Error] :1:1: Premature end of file.
2025-03-25 09:44:09,202 [ERROR] LogOutputStream:75 - [STDERR_REDIRECT] 
2025-03-25 09:44:10,218 [ERROR] LogOutputStream:75 - [STDERR_REDIRECT] [Fatal Error] :1:1: Premature end of file.
2025-03-25 09:44:10,218 [ERROR] LogOutputStream:75 - [STDERR_REDIRECT] 
2025-03-25 09:44:11,225 [ERROR] LogOutputStream:75 - [STDERR_REDIRECT] [Fatal Error] :1:1: Premature end of file.
2025-03-25 09:44:11,225 [ERROR] LogOutputStream:75 - [STDERR_REDIRECT] 
2025-03-25 09:44:12,216 [ERROR] LogOutputStream:75 - [STDERR_REDIRECT] [Fatal Error] :1:1: Premature end of file.
2025-03-25 09:44:12,217 [ERROR] LogOutputStream:75 - [STDERR_REDIRECT] 
2025-03-25 09:44:13,203 [ERROR] LogOutputStream:75 - [STDERR_REDIRECT] [Fatal Error] :1:1: Premature end of file.
2025-03-25 09:44:13,203 [ERROR] LogOutputStream:75 - [STDERR_REDIRECT] 
2025-03-25 09:44:14,188 [ERROR] LogOutputStream:75 - [STDERR_REDIRECT] [Fatal Error] :1:1: Premature end of file.
2025-03-25 09:44:14,188 [ERROR] LogOutputStream:75 - [STDERR_REDIRECT] 
2025-03-25 09:44:15,219 [ERROR] LogOutputStream:75 - [STDERR_REDIRECT] [Fatal Error] :1:1: Premature end of file.
2025-03-25 09:44:15,219 [ERROR] LogOutputStream:75 - [STDERR_REDIRECT] 
2025-03-25 09:44:16,209 [ERROR] LogOutputStream:75 - [STDERR_REDIRECT] [Fatal Error] :1:1: Premature end of file.
2025-03-25 09:44:16,209 [ERROR] LogOutputStream:75 - [STDERR_REDIRECT] 
2025-03-25 09:44:17,209 [ERROR] LogOutputStream:75 - [STDERR_REDIRECT] [Fatal Error] :1:1: Premature end of file.
2025-03-25 09:44:17,209 [ERROR] LogOutputStream:75 - [STDERR_REDIRECT] 
2025-03-25 09:44:18,214 [ERROR] LogOutputStream:75 - [STDERR_REDIRECT] [Fatal Error] :1:1: Premature end of file.
2025-03-25 09:44:18,215 [ERROR] LogOutputStream:75 - [STDERR_REDIRECT] 
2025-03-25 09:44:19,219 [ERROR] LogOutputStream:75 - [STDERR_REDIRECT] [Fatal Error] :1:1: Premature end of file.
2025-03-25 09:44:19,219 [ERROR] LogOutputStream:75 - [STDERR_REDIRECT] 
2025-03-25 09:44:20,214 [ERROR] LogOutputStream:75 - [STDERR_REDIRECT] [Fatal Error] :1:1: Premature end of file.
2025-03-25 09:44:20,215 [ERROR] LogOutputStream:75 - [STDERR_REDIRECT] 
2025-03-25 09:44:21,214 [ERROR] LogOutputStream:75 - [STDERR_REDIRECT] [Fatal Error] :1:1: Premature end of file.
2025-03-25 09:44:21,214 [ERROR] LogOutputStream:75 - [STDERR_REDIRECT] 
2025-03-25 09:44:22,211 [ERROR] LogOutputStream:75 - [STDERR_REDIRECT] [Fatal Error] :1:1: Premature end of file.
2025-03-25 09:44:22,212 [ERROR] LogOutputStream:75 - [STDERR_REDIRECT] 
2025-03-25 09:44:23,224 [ERROR] LogOutputStream:75 - [STDERR_REDIRECT] [Fatal Error] :1:1: Premature end of file.
2025-03-25 09:44:23,224 [ERROR] LogOutputStream:75 - [STDERR_REDIRECT] 
2025-03-25 09:44:24,219 [ERROR] LogOutputStream:75 - [STDERR_REDIRECT] [Fatal Error] :1:1: Premature end of file.
2025-03-25 09:44:24,219 [ERROR] LogOutputStream:75 - [STDERR_REDIRECT] 
2025-03-25 09:44:25,217 [ERROR] LogOutputStream:75 - [STDERR_REDIRECT] [Fatal Error] :1:1: Premature end of file.
2025-03-25 09:44:25,217 [ERROR] LogOutputStream:75 - [STDERR_REDIRECT] 
2025-03-25 09:44:26,210 [ERROR] LogOutputStream:75 - [STDERR_REDIRECT] [Fatal Error] :1:1: Premature end of file.
2025-03-25 09:44:26,210 [ERROR] LogOutputStream:75 - [STDERR_REDIRECT] 
2025-03-25 09:44:27,215 [ERROR] LogOutputStream:75 - [STDERR_REDIRECT] [Fatal Error] :1:1: Premature end of file.
2025-03-25 09:44:27,216 [ERROR] LogOutputStream:75 - [STDERR_REDIRECT] 
2025-03-25 09:44:28,212 [ERROR] LogOutputStream:75 - [STDERR_REDIRECT] [Fatal Error] :1:1: Premature end of file.
2025-03-25 09:44:28,213 [ERROR] LogOutputStream:75 - [STDERR_REDIRECT] 
2025-03-25 09:44:29,197 [ERROR] LogOutputStream:75 - [STDERR_REDIRECT] [Fatal Error] :1:1: Premature end of file.
2025-03-25 09:44:29,197 [ERROR] LogOutputStream:75 - [STDERR_REDIRECT] 
2025-03-25 09:44:30,208 [ERROR] LogOutputStream:75 - [STDERR_REDIRECT] [Fatal Error] :1:1: Premature end of file.
2025-03-25 09:44:30,208 [ERROR] LogOutputStream:75 - [STDERR_REDIRECT] 
2025-03-25 09:44:31,226 [ERROR] LogOutputStream:75 - [STDERR_REDIRECT] [Fatal Error] :1:1: Premature end of file.
2025-03-25 09:44:31,227 [ERROR] LogOutputStream:75 - [STDERR_REDIRECT] 
2025-03-25 09:44:32,219 [ERROR] LogOutputStream:75 - [STDERR_REDIRECT] [Fatal Error] :1:1: Premature end of file.
2025-03-25 09:44:32,220 [ERROR] LogOutputStream:75 - [STDERR_REDIRECT] 
2025-03-25 09:44:33,209 [ERROR] LogOutputStream:75 - [STDERR_REDIRECT] [Fatal Error] :1:1: Premature end of file.
2025-03-25 09:44:33,209 [ERROR] LogOutputStream:75 - [STDERR_REDIRECT] 
2025-03-25 09:44:34,218 [ERROR] LogOutputStream:75 - [STDERR_REDIRECT] [Fatal Error] :1:1: Premature end of file.
2025-03-25 09:44:34,218 [ERROR] LogOutputStream:75 - [STDERR_REDIRECT] 
2025-03-25 09:44:35,221 [ERROR] LogOutputStream:75 - [STDERR_REDIRECT] [Fatal Error] :1:1: Premature end of file.
2025-03-25 09:44:35,221 [ERROR] LogOutputStream:75 - [STDERR_REDIRECT] 
2025-03-25 09:44:36,219 [ERROR] LogOutputStream:75 - [STDERR_REDIRECT] [Fatal Error] :1:1: Premature end of file.
2025-03-25 09:44:36,219 [ERROR] LogOutputStream:75 - [STDERR_REDIRECT] 
2025-03-25 09:44:37,223 [ERROR] LogOutputStream:75 - [STDERR_REDIRECT] [Fatal Error] :1:1: Premature end of file.
2025-03-25 09:44:37,223 [ERROR] LogOutputStream:75 - [STDERR_REDIRECT] 
2025-03-25 09:44:38,215 [ERROR] LogOutputStream:75 - [STDERR_REDIRECT] [Fatal Error] :1:1: Premature end of file.
2025-03-25 09:44:38,215 [ERROR] LogOutputStream:75 - [STDERR_REDIRECT] 
2025-03-25 09:44:39,227 [ERROR] LogOutputStream:75 - [STDERR_REDIRECT] [Fatal Error] :1:1: Premature end of file.
2025-03-25 09:44:39,228 [ERROR] LogOutputStream:75 - [STDERR_REDIRECT] 
2025-03-25 09:44:40,241 [ERROR] LogOutputStream:75 - [STDERR_REDIRECT] [Fatal Error] :1:1: Premature end of file.
2025-03-25 09:44:40,241 [ERROR] LogOutputStream:75 - [STDERR_REDIRECT] 
2025-03-25 09:44:41,230 [ERROR] LogOutputStream:75 - [STDERR_REDIRECT] [Fatal Error] :1:1: Premature end of file.
2025-03-25 09:44:41,230 [ERROR] LogOutputStream:75 - [STDERR_REDIRECT] 
2025-03-25 09:44:42,235 [ERROR] LogOutputStream:75 - [STDERR_REDIRECT] [Fatal Error] :1:1: Premature end of file.
2025-03-25 09:44:42,236 [ERROR] LogOutputStream:75 - [STDERR_REDIRECT] 
2025-03-25 09:44:43,227 [ERROR] LogOutputStream:75 - [STDERR_REDIRECT] [Fatal Error] :1:1: Premature end of file.
2025-03-25 09:44:43,227 [ERROR] LogOutputStream:75 - [STDERR_REDIRECT] 
2025-03-25 09:44:44,220 [ERROR] LogOutputStream:75 - [STDERR_REDIRECT] [Fatal Error] :1:1: Premature end of file.
2025-03-25 09:44:44,220 [ERROR] LogOutputStream:75 - [STDERR_REDIRECT] 
2025-03-25 09:44:45,217 [ERROR] LogOutputStream:75 - [STDERR_REDIRECT] [Fatal Error] :1:1: Premature end of file.
2025-03-25 09:44:45,218 [ERROR] LogOutputStream:75 - [STDERR_REDIRECT] 
2025-03-25 09:44:46,223 [ERROR] LogOutputStream:75 - [STDERR_REDIRECT] [Fatal Error] :1:1: Premature end of file.
2025-03-25 09:44:46,224 [ERROR] LogOutputStream:75 - [STDERR_REDIRECT] 
2025-03-25 09:44:47,215 [ERROR] LogOutputStream:75 - [STDERR_REDIRECT] [Fatal Error] :1:1: Premature end of file.
2025-03-25 09:44:47,215 [ERROR] LogOutputStream:75 - [STDERR_REDIRECT] 
2025-03-25 09:44:48,215 [ERROR] LogOutputStream:75 - [STDERR_REDIRECT] [Fatal Error] :1:1: Premature end of file.
2025-03-25 09:44:48,216 [ERROR] LogOutputStream:75 - [STDERR_REDIRECT] 
2025-03-25 09:44:49,223 [ERROR] LogOutputStream:75 - [STDERR_REDIRECT] [Fatal Error] :1:1: Premature end of file.
2025-03-25 09:44:49,223 [ERROR] LogOutputStream:75 - [STDERR_REDIRECT] 
2025-03-25 09:44:50,213 [ERROR] LogOutputStream:75 - [STDERR_REDIRECT] [Fatal Error] :1:1: Premature end of file.
2025-03-25 09:44:50,213 [ERROR] LogOutputStream:75 - [STDERR_REDIRECT] 
2025-03-25 09:44:51,214 [ERROR] LogOutputStream:75 - [STDERR_REDIRECT] [Fatal Error] :1:1: Premature end of file.
2025-03-25 09:44:51,214 [ERROR] LogOutputStream:75 - [STDERR_REDIRECT] 
2025-03-25 09:44:52,231 [ERROR] LogOutputStream:75 - [STDERR_REDIRECT] [Fatal Error] :1:1: Premature end of file.
2025-03-25 09:44:52,232 [ERROR] LogOutputStream:75 - [STDERR_REDIRECT] 
2025-03-25 09:44:53,235 [ERROR] LogOutputStream:75 - [STDERR_REDIRECT] [Fatal Error] :1:1: Premature end of file.
2025-03-25 09:44:53,235 [ERROR] LogOutputStream:75 - [STDERR_REDIRECT] 
2025-03-25 09:44:54,214 [ERROR] LogOutputStream:75 - [STDERR_REDIRECT] [Fatal Error] :1:1: Premature end of file.
2025-03-25 09:44:54,214 [ERROR] LogOutputStream:75 - [STDERR_REDIRECT] 
2025-03-25 09:44:55,210 [ERROR] LogOutputStream:75 - [STDERR_REDIRECT] [Fatal Error] :1:1: Premature end of file.
2025-03-25 09:44:55,210 [ERROR] LogOutputStream:75 - [STDERR_REDIRECT] 
2025-03-25 09:44:56,218 [ERROR] LogOutputStream:75 - [STDERR_REDIRECT] [Fatal Error] :1:1: Premature end of file.
2025-03-25 09:44:56,218 [ERROR] LogOutputStream:75 - [STDERR_REDIRECT] 
2025-03-25 09:44:57,227 [ERROR] LogOutputStream:75 - [STDERR_REDIRECT] [Fatal Error] :1:1: Premature end of file.
2025-03-25 09:44:57,228 [ERROR] LogOutputStream:75 - [STDERR_REDIRECT] 
2025-03-25 09:44:58,220 [ERROR] LogOutputStream:75 - [STDERR_REDIRECT] [Fatal Error] :1:1: Premature end of file.
2025-03-25 09:44:58,220 [ERROR] LogOutputStream:75 - [STDERR_REDIRECT] 
2025-03-25 09:44:59,217 [ERROR] LogOutputStream:75 - [STDERR_REDIRECT] [Fatal Error] :1:1: Premature end of file.
2025-03-25 09:44:59,217 [ERROR] LogOutputStream:75 - [STDERR_REDIRECT] 
2025-03-25 09:45:00,209 [ERROR] LogOutputStream:75 - [STDERR_REDIRECT] [Fatal Error] :1:1: Premature end of file.
2025-03-25 09:45:00,209 [ERROR] LogOutputStream:75 - [STDERR_REDIRECT] 
2025-03-25 09:45:01,201 [ERROR] LogOutputStream:75 - [STDERR_REDIRECT] [Fatal Error] :1:1: Premature end of file.
2025-03-25 09:45:01,201 [ERROR] LogOutputStream:75 - [STDERR_REDIRECT] 
2025-03-25 09:45:02,223 [ERROR] LogOutputStream:75 - [STDERR_REDIRECT] [Fatal Error] :1:1: Premature end of file.
2025-03-25 09:45:02,224 [ERROR] LogOutputStream:75 - [STDERR_REDIRECT] 
2025-03-25 09:45:03,211 [ERROR] LogOutputStream:75 - [STDERR_REDIRECT] [Fatal Error] :1:1: Premature end of file.
2025-03-25 09:45:03,211 [ERROR] LogOutputStream:75 - [STDERR_REDIRECT] 
2025-03-25 09:45:04,225 [ERROR] LogOutputStream:75 - [STDERR_REDIRECT] [Fatal Error] :1:1: Premature end of file.
2025-03-25 09:45:04,225 [ERROR] LogOutputStream:75 - [STDERR_REDIRECT] 
2025-03-25 09:45:05,215 [ERROR] LogOutputStream:75 - [STDERR_REDIRECT] [Fatal Error] :1:1: Premature end of file.
2025-03-25 09:45:05,215 [ERROR] LogOutputStream:75 - [STDERR_REDIRECT] 
2025-03-25 09:45:06,214 [ERROR] LogOutputStream:75 - [STDERR_REDIRECT] [Fatal Error] :1:1: Premature end of file.
2025-03-25 09:45:06,214 [ERROR] LogOutputStream:75 - [STDERR_REDIRECT] 
2025-03-25 09:45:07,217 [ERROR] LogOutputStream:75 - [STDERR_REDIRECT] [Fatal Error] :1:1: Premature end of file.
2025-03-25 09:45:07,218 [ERROR] LogOutputStream:75 - [STDERR_REDIRECT] 
2025-03-25 09:45:08,219 [ERROR] LogOutputStream:75 - [STDERR_REDIRECT] [Fatal Error] :1:1: Premature end of file.
2025-03-25 09:45:08,219 [ERROR] LogOutputStream:75 - [STDERR_REDIRECT] 
2025-03-25 09:45:09,211 [ERROR] LogOutputStream:75 - [STDERR_REDIRECT] [Fatal Error] :1:1: Premature end of file.
2025-03-25 09:45:09,211 [ERROR] LogOutputStream:75 - [STDERR_REDIRECT] 
2025-03-25 09:45:10,218 [ERROR] LogOutputStream:75 - [STDERR_REDIRECT] [Fatal Error] :1:1: Premature end of file.
2025-03-25 09:45:10,218 [ERROR] LogOutputStream:75 - [STDERR_REDIRECT] 
2025-03-25 09:45:11,215 [ERROR] LogOutputStream:75 - [STDERR_REDIRECT] [Fatal Error] :1:1: Premature end of file.
2025-03-25 09:45:11,215 [ERROR] LogOutputStream:75 - [STDERR_REDIRECT] 
2025-03-25 09:45:12,215 [ERROR] LogOutputStream:75 - [STDERR_REDIRECT] [Fatal Error] :1:1: Premature end of file.
2025-03-25 09:45:12,216 [ERROR] LogOutputStream:75 - [STDERR_REDIRECT] 
2025-03-25 09:45:13,215 [ERROR] LogOutputStream:75 - [STDERR_REDIRECT] [Fatal Error] :1:1: Premature end of file.
2025-03-25 09:45:13,216 [ERROR] LogOutputStream:75 - [STDERR_REDIRECT] 
2025-03-25 09:45:14,226 [ERROR] LogOutputStream:75 - [STDERR_REDIRECT] [Fatal Error] :1:1: Premature end of file.
2025-03-25 09:45:14,226 [ERROR] LogOutputStream:75 - [STDERR_REDIRECT] 
2025-03-25 09:45:15,213 [ERROR] LogOutputStream:75 - [STDERR_REDIRECT] [Fatal Error] :1:1: Premature end of file.
2025-03-25 09:45:15,213 [ERROR] LogOutputStream:75 - [STDERR_REDIRECT] 
2025-03-25 09:45:16,218 [ERROR] LogOutputStream:75 - [STDERR_REDIRECT] [Fatal Error] :1:1: Premature end of file.
2025-03-25 09:45:16,218 [ERROR] LogOutputStream:75 - [STDERR_REDIRECT] 
2025-03-25 09:45:17,223 [ERROR] LogOutputStream:75 - [STDERR_REDIRECT] [Fatal Error] :1:1: Premature end of file.
2025-03-25 09:45:17,223 [ERROR] LogOutputStream:75 - [STDERR_REDIRECT] 
2025-03-25 09:45:18,222 [ERROR] LogOutputStream:75 - [STDERR_REDIRECT] [Fatal Error] :1:1: Premature end of file.
2025-03-25 09:45:18,222 [ERROR] LogOutputStream:75 - [STDERR_REDIRECT] 
2025-03-25 09:45:19,219 [ERROR] LogOutputStream:75 - [STDERR_REDIRECT] [Fatal Error] :1:1: Premature end of file.
2025-03-25 09:45:19,219 [ERROR] LogOutputStream:75 - [STDERR_REDIRECT] 
2025-03-25 09:45:20,218 [ERROR] LogOutputStream:75 - [STDERR_REDIRECT] [Fatal Error] :1:1: Premature end of file.
2025-03-25 09:45:20,218 [ERROR] LogOutputStream:75 - [STDERR_REDIRECT] 
2025-03-25 09:45:21,221 [ERROR] LogOutputStream:75 - [STDERR_REDIRECT] [Fatal Error] :1:1: Premature end of file.
2025-03-25 09:45:21,222 [ERROR] LogOutputStream:75 - [STDERR_REDIRECT] 
2025-03-25 09:45:22,226 [ERROR] LogOutputStream:75 - [STDERR_REDIRECT] [Fatal Error] :1:1: Premature end of file.
2025-03-25 09:45:22,227 [ERROR] LogOutputStream:75 - [STDERR_REDIRECT] 
2025-03-25 09:45:23,219 [ERROR] LogOutputStream:75 - [STDERR_REDIRECT] [Fatal Error] :1:1: Premature end of file.
2025-03-25 09:45:23,219 [ERROR] LogOutputStream:75 - [STDERR_REDIRECT] 
2025-03-25 09:45:24,189 [ERROR] LogOutputStream:75 - [STDERR_REDIRECT] [Fatal Error] :1:1: Premature end of file.
2025-03-25 09:45:24,189 [ERROR] LogOutputStream:75 - [STDERR_REDIRECT] 
2025-03-25 09:45:25,201 [ERROR] LogOutputStream:75 - [STDERR_REDIRECT] [Fatal Error] :1:1: Premature end of file.
2025-03-25 09:45:25,201 [ERROR] LogOutputStream:75 - [STDERR_REDIRECT] 
2025-03-25 09:45:26,192 [ERROR] LogOutputStream:75 - [STDERR_REDIRECT] [Fatal Error] :1:1: Premature end of file.
2025-03-25 09:45:26,192 [ERROR] LogOutputStream:75 - [STDERR_REDIRECT] 
2025-03-25 09:45:27,231 [ERROR] LogOutputStream:75 - [STDERR_REDIRECT] [Fatal Error] :1:1: Premature end of file.
2025-03-25 09:45:27,232 [ERROR] LogOutputStream:75 - [STDERR_REDIRECT] 
2025-03-25 09:45:28,223 [ERROR] LogOutputStream:75 - [STDERR_REDIRECT] [Fatal Error] :1:1: Premature end of file.
2025-03-25 09:45:28,224 [ERROR] LogOutputStream:75 - [STDERR_REDIRECT] 
2025-03-25 09:45:29,210 [ERROR] LogOutputStream:75 - [STDERR_REDIRECT] [Fatal Error] :1:1: Premature end of file.
2025-03-25 09:45:29,210 [ERROR] LogOutputStream:75 - [STDERR_REDIRECT] 
2025-03-25 09:45:30,210 [ERROR] LogOutputStream:75 - [STDERR_REDIRECT] [Fatal Error] :1:1: Premature end of file.
2025-03-25 09:45:30,211 [ERROR] LogOutputStream:75 - [STDERR_REDIRECT] 
2025-03-25 09:45:31,210 [ERROR] LogOutputStream:75 - [STDERR_REDIRECT] [Fatal Error] :1:1: Premature end of file.
2025-03-25 09:45:31,211 [ERROR] LogOutputStream:75 - [STDERR_REDIRECT] 
2025-03-25 09:45:32,213 [ERROR] LogOutputStream:75 - [STDERR_REDIRECT] [Fatal Error] :1:1: Premature end of file.
2025-03-25 09:45:32,215 [ERROR] LogOutputStream:75 - [STDERR_REDIRECT] 
2025-03-25 09:45:33,221 [ERROR] LogOutputStream:75 - [STDERR_REDIRECT] [Fatal Error] :1:1: Premature end of file.
2025-03-25 09:45:33,221 [ERROR] LogOutputStream:75 - [STDERR_REDIRECT] 
2025-03-25 09:45:34,219 [ERROR] LogOutputStream:75 - [STDERR_REDIRECT] [Fatal Error] :1:1: Premature end of file.
2025-03-25 09:45:34,220 [ERROR] LogOutputStream:75 - [STDERR_REDIRECT] 
2025-03-25 09:45:35,224 [ERROR] LogOutputStream:75 - [STDERR_REDIRECT] [Fatal Error] :1:1: Premature end of file.
2025-03-25 09:45:35,225 [ERROR] LogOutputStream:75 - [STDERR_REDIRECT] 
2025-03-25 09:45:36,223 [ERROR] LogOutputStream:75 - [STDERR_REDIRECT] [Fatal Error] :1:1: Premature end of file.
2025-03-25 09:45:36,223 [ERROR] LogOutputStream:75 - [STDERR_REDIRECT] 
2025-03-25 09:45:37,219 [ERROR] LogOutputStream:75 - [STDERR_REDIRECT] [Fatal Error] :1:1: Premature end of file.
2025-03-25 09:45:37,220 [ERROR] LogOutputStream:75 - [STDERR_REDIRECT] 
2025-03-25 09:45:38,220 [ERROR] LogOutputStream:75 - [STDERR_REDIRECT] [Fatal Error] :1:1: Premature end of file.
2025-03-25 09:45:38,220 [ERROR] LogOutputStream:75 - [STDERR_REDIRECT] 
2025-03-25 09:45:39,215 [ERROR] LogOutputStream:75 - [STDERR_REDIRECT] [Fatal Error] :1:1: Premature end of file.
2025-03-25 09:45:39,215 [ERROR] LogOutputStream:75 - [STDERR_REDIRECT] 
2025-03-25 09:45:40,218 [ERROR] LogOutputStream:75 - [STDERR_REDIRECT] [Fatal Error] :1:1: Premature end of file.
2025-03-25 09:45:40,218 [ERROR] LogOutputStream:75 - [STDERR_REDIRECT] 
2025-03-25 09:45:41,219 [ERROR] LogOutputStream:75 - [STDERR_REDIRECT] [Fatal Error] :1:1: Premature end of file.
2025-03-25 09:45:41,221 [ERROR] LogOutputStream:75 - [STDERR_REDIRECT] 
2025-03-25 09:45:42,231 [ERROR] LogOutputStream:75 - [STDERR_REDIRECT] [Fatal Error] :1:1: Premature end of file.
2025-03-25 09:45:42,231 [ERROR] LogOutputStream:75 - [STDERR_REDIRECT] 
2025-03-25 09:45:43,212 [ERROR] LogOutputStream:75 - [STDERR_REDIRECT] [Fatal Error] :1:1: Premature end of file.
2025-03-25 09:45:43,212 [ERROR] LogOutputStream:75 - [STDERR_REDIRECT] 
2025-03-25 09:45:44,237 [ERROR] LogOutputStream:75 - [STDERR_REDIRECT] [Fatal Error] :1:1: Premature end of file.
2025-03-25 09:45:44,237 [ERROR] LogOutputStream:75 - [STDERR_REDIRECT] 
2025-03-25 09:45:45,222 [ERROR] LogOutputStream:75 - [STDERR_REDIRECT] [Fatal Error] :1:1: Premature end of file.
2025-03-25 09:45:45,223 [ERROR] LogOutputStream:75 - [STDERR_REDIRECT] 
2025-03-25 09:45:46,220 [ERROR] LogOutputStream:75 - [STDERR_REDIRECT] [Fatal Error] :1:1: Premature end of file.
2025-03-25 09:45:46,221 [ERROR] LogOutputStream:75 - [STDERR_REDIRECT] 
2025-03-25 09:45:47,219 [ERROR] LogOutputStream:75 - [STDERR_REDIRECT] [Fatal Error] :1:1: Premature end of file.
2025-03-25 09:45:47,219 [ERROR] LogOutputStream:75 - [STDERR_REDIRECT] 
2025-03-25 09:45:48,211 [ERROR] LogOutputStream:75 - [STDERR_REDIRECT] [Fatal Error] :1:1: Premature end of file.
2025-03-25 09:45:48,211 [ERROR] LogOutputStream:75 - [STDERR_REDIRECT] 
2025-03-25 09:45:49,198 [ERROR] LogOutputStream:75 - [STDERR_REDIRECT] [Fatal Error] :1:1: Premature end of file.
2025-03-25 09:45:49,198 [ERROR] LogOutputStream:75 - [STDERR_REDIRECT] 
2025-03-25 09:45:50,219 [ERROR] LogOutputStream:75 - [STDERR_REDIRECT] [Fatal Error] :1:1: Premature end of file.
2025-03-25 09:45:50,219 [ERROR] LogOutputStream:75 - [STDERR_REDIRECT] 
2025-03-25 09:45:51,214 [ERROR] LogOutputStream:75 - [STDERR_REDIRECT] [Fatal Error] :1:1: Premature end of file.
2025-03-25 09:45:51,214 [ERROR] LogOutputStream:75 - [STDERR_REDIRECT] 
2025-03-25 09:45:52,199 [ERROR] LogOutputStream:75 - [STDERR_REDIRECT] [Fatal Error] :1:1: Premature end of file.
2025-03-25 09:45:52,199 [ERROR] LogOutputStream:75 - [STDERR_REDIRECT] 
2025-03-25 09:45:53,226 [ERROR] LogOutputStream:75 - [STDERR_REDIRECT] [Fatal Error] :1:1: Premature end of file.
2025-03-25 09:45:53,226 [ERROR] LogOutputStream:75 - [STDERR_REDIRECT] 
2025-03-25 09:45:54,215 [ERROR] LogOutputStream:75 - [STDERR_REDIRECT] [Fatal Error] :1:1: Premature end of file.
2025-03-25 09:45:54,215 [ERROR] LogOutputStream:75 - [STDERR_REDIRECT] 
2025-03-25 09:45:55,224 [ERROR] LogOutputStream:75 - [STDERR_REDIRECT] [Fatal Error] :1:1: Premature end of file.
2025-03-25 09:45:55,225 [ERROR] LogOutputStream:75 - [STDERR_REDIRECT] 
2025-03-25 09:45:56,213 [ERROR] LogOutputStream:75 - [STDERR_REDIRECT] [Fatal Error] :1:1: Premature end of file.
2025-03-25 09:45:56,213 [ERROR] LogOutputStream:75 - [STDERR_REDIRECT] 
2025-03-25 09:45:57,216 [ERROR] LogOutputStream:75 - [STDERR_REDIRECT] [Fatal Error] :1:1: Premature end of file.
2025-03-25 09:45:57,216 [ERROR] LogOutputStream:75 - [STDERR_REDIRECT] 
2025-03-25 09:45:58,227 [ERROR] LogOutputStream:75 - [STDERR_REDIRECT] [Fatal Error] :1:1: Premature end of file.
2025-03-25 09:45:58,227 [ERROR] LogOutputStream:75 - [STDERR_REDIRECT] 
2025-03-25 09:45:59,223 [ERROR] LogOutputStream:75 - [STDERR_REDIRECT] [Fatal Error] :1:1: Premature end of file.
2025-03-25 09:45:59,224 [ERROR] LogOutputStream:75 - [STDERR_REDIRECT] 
2025-03-25 09:46:00,224 [ERROR] LogOutputStream:75 - [STDERR_REDIRECT] [Fatal Error] :1:1: Premature end of file.
2025-03-25 09:46:00,225 [ERROR] LogOutputStream:75 - [STDERR_REDIRECT] 
2025-03-25 09:46:01,236 [ERROR] LogOutputStream:75 - [STDERR_REDIRECT] [Fatal Error] :1:1: Premature end of file.
2025-03-25 09:46:01,236 [ERROR] LogOutputStream:75 - [STDERR_REDIRECT] 
2025-03-25 09:46:02,213 [ERROR] LogOutputStream:75 - [STDERR_REDIRECT] [Fatal Error] :1:1: Premature end of file.
2025-03-25 09:46:02,213 [ERROR] LogOutputStream:75 - [STDERR_REDIRECT] 
2025-03-25 09:46:03,204 [ERROR] LogOutputStream:75 - [STDERR_REDIRECT] [Fatal Error] :1:1: Premature end of file.
2025-03-25 09:46:03,205 [ERROR] LogOutputStream:75 - [STDERR_REDIRECT] 
2025-03-25 09:46:04,224 [ERROR] LogOutputStream:75 - [STDERR_REDIRECT] [Fatal Error] :1:1: Premature end of file.
2025-03-25 09:46:04,224 [ERROR] LogOutputStream:75 - [STDERR_REDIRECT] 
2025-03-25 09:46:05,219 [ERROR] LogOutputStream:75 - [STDERR_REDIRECT] [Fatal Error] :1:1: Premature end of file.
2025-03-25 09:46:05,219 [ERROR] LogOutputStream:75 - [STDERR_REDIRECT] 
2025-03-25 09:46:06,217 [ERROR] LogOutputStream:75 - [STDERR_REDIRECT] [Fatal Error] :1:1: Premature end of file.
2025-03-25 09:46:06,218 [ERROR] LogOutputStream:75 - [STDERR_REDIRECT] 
2025-03-25 09:46:07,217 [ERROR] LogOutputStream:75 - [STDERR_REDIRECT] [Fatal Error] :1:1: Premature end of file.
2025-03-25 09:46:07,217 [ERROR] LogOutputStream:75 - [STDERR_REDIRECT] 
2025-03-25 09:46:08,216 [ERROR] LogOutputStream:75 - [STDERR_REDIRECT] [Fatal Error] :1:1: Premature end of file.
2025-03-25 09:46:08,216 [ERROR] LogOutputStream:75 - [STDERR_REDIRECT] 
2025-03-25 09:46:09,216 [ERROR] LogOutputStream:75 - [STDERR_REDIRECT] [Fatal Error] :1:1: Premature end of file.
2025-03-25 09:46:09,217 [ERROR] LogOutputStream:75 - [STDERR_REDIRECT] 
2025-03-25 09:46:10,214 [ERROR] LogOutputStream:75 - [STDERR_REDIRECT] [Fatal Error] :1:1: Premature end of file.
2025-03-25 09:46:10,214 [ERROR] LogOutputStream:75 - [STDERR_REDIRECT] 
2025-03-25 09:46:11,218 [ERROR] LogOutputStream:75 - [STDERR_REDIRECT] [Fatal Error] :1:1: Premature end of file.
2025-03-25 09:46:11,219 [ERROR] LogOutputStream:75 - [STDERR_REDIRECT] 
2025-03-25 09:46:12,216 [ERROR] LogOutputStream:75 - [STDERR_REDIRECT] [Fatal Error] :1:1: Premature end of file.
2025-03-25 09:46:12,217 [ERROR] LogOutputStream:75 - [STDERR_REDIRECT] 
2025-03-25 09:46:13,207 [ERROR] LogOutputStream:75 - [STDERR_REDIRECT] [Fatal Error] :1:1: Premature end of file.
2025-03-25 09:46:13,207 [ERROR] LogOutputStream:75 - [STDERR_REDIRECT] 
2025-03-25 09:46:14,208 [ERROR] LogOutputStream:75 - [STDERR_REDIRECT] [Fatal Error] :1:1: Premature end of file.
2025-03-25 09:46:14,208 [ERROR] LogOutputStream:75 - [STDERR_REDIRECT] 
2025-03-25 09:46:15,221 [ERROR] LogOutputStream:75 - [STDERR_REDIRECT] [Fatal Error] :1:1: Premature end of file.
2025-03-25 09:46:15,221 [ERROR] LogOutputStream:75 - [STDERR_REDIRECT] 
2025-03-25 09:46:16,215 [ERROR] LogOutputStream:75 - [STDERR_REDIRECT] [Fatal Error] :1:1: Premature end of file.
2025-03-25 09:46:16,215 [ERROR] LogOutputStream:75 - [STDERR_REDIRECT] 
2025-03-25 09:46:17,210 [ERROR] LogOutputStream:75 - [STDERR_REDIRECT] [Fatal Error] :1:1: Premature end of file.
2025-03-25 09:46:17,210 [ERROR] LogOutputStream:75 - [STDERR_REDIRECT] 
2025-03-25 09:46:18,216 [ERROR] LogOutputStream:75 - [STDERR_REDIRECT] [Fatal Error] :1:1: Premature end of file.
2025-03-25 09:46:18,216 [ERROR] LogOutputStream:75 - [STDERR_REDIRECT] 
2025-03-25 09:46:19,221 [ERROR] LogOutputStream:75 - [STDERR_REDIRECT] [Fatal Error] :1:1: Premature end of file.
2025-03-25 09:46:19,222 [ERROR] LogOutputStream:75 - [STDERR_REDIRECT] 
2025-03-25 09:46:20,217 [ERROR] LogOutputStream:75 - [STDERR_REDIRECT] [Fatal Error] :1:1: Premature end of file.
2025-03-25 09:46:20,217 [ERROR] LogOutputStream:75 - [STDERR_REDIRECT] 
2025-03-25 09:46:21,215 [ERROR] LogOutputStream:75 - [STDERR_REDIRECT] [Fatal Error] :1:1: Premature end of file.
2025-03-25 09:46:21,215 [ERROR] LogOutputStream:75 - [STDERR_REDIRECT] 
2025-03-25 09:46:22,217 [ERROR] LogOutputStream:75 - [STDERR_REDIRECT] [Fatal Error] :1:1: Premature end of file.
2025-03-25 09:46:22,217 [ERROR] LogOutputStream:75 - [STDERR_REDIRECT] 
2025-03-25 09:46:23,214 [ERROR] LogOutputStream:75 - [STDERR_REDIRECT] [Fatal Error] :1:1: Premature end of file.
2025-03-25 09:46:23,214 [ERROR] LogOutputStream:75 - [STDERR_REDIRECT] 
2025-03-25 09:46:24,223 [ERROR] LogOutputStream:75 - [STDERR_REDIRECT] [Fatal Error] :1:1: Premature end of file.
2025-03-25 09:46:24,223 [ERROR] LogOutputStream:75 - [STDERR_REDIRECT] 
2025-03-25 09:46:25,220 [ERROR] LogOutputStream:75 - [STDERR_REDIRECT] [Fatal Error] :1:1: Premature end of file.
2025-03-25 09:46:25,221 [ERROR] LogOutputStream:75 - [STDERR_REDIRECT] 
2025-03-25 09:46:26,218 [ERROR] LogOutputStream:75 - [STDERR_REDIRECT] [Fatal Error] :1:1: Premature end of file.
2025-03-25 09:46:26,219 [ERROR] LogOutputStream:75 - [STDERR_REDIRECT] 
2025-03-25 09:46:27,222 [ERROR] LogOutputStream:75 - [STDERR_REDIRECT] [Fatal Error] :1:1: Premature end of file.
2025-03-25 09:46:27,222 [ERROR] LogOutputStream:75 - [STDERR_REDIRECT] 
2025-03-25 09:46:28,211 [ERROR] LogOutputStream:75 - [STDERR_REDIRECT] [Fatal Error] :1:1: Premature end of file.
2025-03-25 09:46:28,212 [ERROR] LogOutputStream:75 - [STDERR_REDIRECT] 
2025-03-25 09:46:29,230 [ERROR] LogOutputStream:75 - [STDERR_REDIRECT] [Fatal Error] :1:1: Premature end of file.
2025-03-25 09:46:29,230 [ERROR] LogOutputStream:75 - [STDERR_REDIRECT] 
2025-03-25 09:46:30,236 [ERROR] LogOutputStream:75 - [STDERR_REDIRECT] [Fatal Error] :1:1: Premature end of file.
2025-03-25 09:46:30,236 [ERROR] LogOutputStream:75 - [STDERR_REDIRECT] 
2025-03-25 09:46:31,218 [ERROR] LogOutputStream:75 - [STDERR_REDIRECT] [Fatal Error] :1:1: Premature end of file.
2025-03-25 09:46:31,218 [ERROR] LogOutputStream:75 - [STDERR_REDIRECT] 
2025-03-25 09:46:32,220 [ERROR] LogOutputStream:75 - [STDERR_REDIRECT] [Fatal Error] :1:1: Premature end of file.
2025-03-25 09:46:32,221 [ERROR] LogOutputStream:75 - [STDERR_REDIRECT] 
2025-03-25 09:46:33,218 [ERROR] LogOutputStream:75 - [STDERR_REDIRECT] [Fatal Error] :1:1: Premature end of file.
2025-03-25 09:46:33,218 [ERROR] LogOutputStream:75 - [STDERR_REDIRECT] 
2025-03-25 09:46:34,223 [ERROR] LogOutputStream:75 - [STDERR_REDIRECT] [Fatal Error] :1:1: Premature end of file.
2025-03-25 09:46:34,223 [ERROR] LogOutputStream:75 - [STDERR_REDIRECT] 
2025-03-25 09:46:35,212 [ERROR] LogOutputStream:75 - [STDERR_REDIRECT] [Fatal Error] :1:1: Premature end of file.
2025-03-25 09:46:35,212 [ERROR] LogOutputStream:75 - [STDERR_REDIRECT] 
2025-03-25 09:46:36,208 [ERROR] LogOutputStream:75 - [STDERR_REDIRECT] [Fatal Error] :1:1: Premature end of file.
2025-03-25 09:46:36,209 [ERROR] LogOutputStream:75 - [STDERR_REDIRECT] 
2025-03-25 09:46:37,217 [ERROR] LogOutputStream:75 - [STDERR_REDIRECT] [Fatal Error] :1:1: Premature end of file.
2025-03-25 09:46:37,217 [ERROR] LogOutputStream:75 - [STDERR_REDIRECT] 
2025-03-25 09:46:38,231 [ERROR] LogOutputStream:75 - [STDERR_REDIRECT] [Fatal Error] :1:1: Premature end of file.
2025-03-25 09:46:38,232 [ERROR] LogOutputStream:75 - [STDERR_REDIRECT] 
2025-03-25 09:46:39,221 [ERROR] LogOutputStream:75 - [STDERR_REDIRECT] [Fatal Error] :1:1: Premature end of file.
2025-03-25 09:46:39,222 [ERROR] LogOutputStream:75 - [STDERR_REDIRECT] 
2025-03-25 09:46:40,225 [ERROR] LogOutputStream:75 - [STDERR_REDIRECT] [Fatal Error] :1:1: Premature end of file.
2025-03-25 09:46:40,226 [ERROR] LogOutputStream:75 - [STDERR_REDIRECT] 
2025-03-25 09:46:41,222 [ERROR] LogOutputStream:75 - [STDERR_REDIRECT] [Fatal Error] :1:1: Premature end of file.
2025-03-25 09:46:41,222 [ERROR] LogOutputStream:75 - [STDERR_REDIRECT] 
2025-03-25 09:46:42,225 [ERROR] LogOutputStream:75 - [STDERR_REDIRECT] [Fatal Error] :1:1: Premature end of file.
2025-03-25 09:46:42,225 [ERROR] LogOutputStream:75 - [STDERR_REDIRECT] 
2025-03-25 09:46:43,207 [ERROR] LogOutputStream:75 - [STDERR_REDIRECT] [Fatal Error] :1:1: Premature end of file.
2025-03-25 09:46:43,207 [ERROR] LogOutputStream:75 - [STDERR_REDIRECT] 
2025-03-25 09:46:44,217 [ERROR] LogOutputStream:75 - [STDERR_REDIRECT] [Fatal Error] :1:1: Premature end of file.
2025-03-25 09:46:44,217 [ERROR] LogOutputStream:75 - [STDERR_REDIRECT] 
2025-03-25 09:46:45,217 [ERROR] LogOutputStream:75 - [STDERR_REDIRECT] [Fatal Error] :1:1: Premature end of file.
2025-03-25 09:46:45,218 [ERROR] LogOutputStream:75 - [STDERR_REDIRECT] 
2025-03-25 09:46:46,217 [ERROR] LogOutputStream:75 - [STDERR_REDIRECT] [Fatal Error] :1:1: Premature end of file.
2025-03-25 09:46:46,218 [ERROR] LogOutputStream:75 - [STDERR_REDIRECT] 
2025-03-25 09:46:47,219 [ERROR] LogOutputStream:75 - [STDERR_REDIRECT] [Fatal Error] :1:1: Premature end of file.
2025-03-25 09:46:47,219 [ERROR] LogOutputStream:75 - [STDERR_REDIRECT] 
2025-03-25 09:46:48,215 [ERROR] LogOutputStream:75 - [STDERR_REDIRECT] [Fatal Error] :1:1: Premature end of file.
2025-03-25 09:46:48,215 [ERROR] LogOutputStream:75 - [STDERR_REDIRECT] 
2025-03-25 09:46:49,221 [ERROR] LogOutputStream:75 - [STDERR_REDIRECT] [Fatal Error] :1:1: Premature end of file.
2025-03-25 09:46:49,222 [ERROR] LogOutputStream:75 - [STDERR_REDIRECT] 
2025-03-25 09:46:50,223 [ERROR] LogOutputStream:75 - [STDERR_REDIRECT] [Fatal Error] :1:1: Premature end of file.
2025-03-25 09:46:50,223 [ERROR] LogOutputStream:75 - [STDERR_REDIRECT] 
2025-03-25 09:46:51,217 [ERROR] LogOutputStream:75 - [STDERR_REDIRECT] [Fatal Error] :1:1: Premature end of file.
2025-03-25 09:46:51,217 [ERROR] LogOutputStream:75 - [STDERR_REDIRECT] 
2025-03-25 09:46:52,227 [ERROR] LogOutputStream:75 - [STDERR_REDIRECT] [Fatal Error] :1:1: Premature end of file.
2025-03-25 09:46:52,227 [ERROR] LogOutputStream:75 - [STDERR_REDIRECT] 
2025-03-25 09:46:53,215 [ERROR] LogOutputStream:75 - [STDERR_REDIRECT] [Fatal Error] :1:1: Premature end of file.
2025-03-25 09:46:53,215 [ERROR] LogOutputStream:75 - [STDERR_REDIRECT] 
2025-03-25 09:46:54,218 [ERROR] LogOutputStream:75 - [STDERR_REDIRECT] [Fatal Error] :1:1: Premature end of file.
2025-03-25 09:46:54,218 [ERROR] LogOutputStream:75 - [STDERR_REDIRECT] 
2025-03-25 09:46:55,219 [ERROR] LogOutputStream:75 - [STDERR_REDIRECT] [Fatal Error] :1:1: Premature end of file.
2025-03-25 09:46:55,219 [ERROR] LogOutputStream:75 - [STDERR_REDIRECT] 
2025-03-25 09:46:56,215 [ERROR] LogOutputStream:75 - [STDERR_REDIRECT] [Fatal Error] :1:1: Premature end of file.
2025-03-25 09:46:56,216 [ERROR] LogOutputStream:75 - [STDERR_REDIRECT] 
2025-03-25 09:46:57,228 [ERROR] LogOutputStream:75 - [STDERR_REDIRECT] [Fatal Error] :1:1: Premature end of file.
2025-03-25 09:46:57,228 [ERROR] LogOutputStream:75 - [STDERR_REDIRECT] 
2025-03-25 09:46:58,224 [ERROR] LogOutputStream:75 - [STDERR_REDIRECT] [Fatal Error] :1:1: Premature end of file.
2025-03-25 09:46:58,224 [ERROR] LogOutputStream:75 - [STDERR_REDIRECT] 
2025-03-25 09:46:59,220 [ERROR] LogOutputStream:75 - [STDERR_REDIRECT] [Fatal Error] :1:1: Premature end of file.
2025-03-25 09:46:59,220 [ERROR] LogOutputStream:75 - [STDERR_REDIRECT] 
2025-03-25 09:47:00,221 [ERROR] LogOutputStream:75 - [STDERR_REDIRECT] [Fatal Error] :1:1: Premature end of file.
2025-03-25 09:47:00,221 [ERROR] LogOutputStream:75 - [STDERR_REDIRECT] 
2025-03-25 09:47:01,231 [ERROR] LogOutputStream:75 - [STDERR_REDIRECT] [Fatal Error] :1:1: Premature end of file.
2025-03-25 09:47:01,231 [ERROR] LogOutputStream:75 - [STDERR_REDIRECT] 
2025-03-25 09:47:02,226 [ERROR] LogOutputStream:75 - [STDERR_REDIRECT] [Fatal Error] :1:1: Premature end of file.
2025-03-25 09:47:02,227 [ERROR] LogOutputStream:75 - [STDERR_REDIRECT] 
2025-03-25 09:47:03,219 [ERROR] LogOutputStream:75 - [STDERR_REDIRECT] [Fatal Error] :1:1: Premature end of file.
2025-03-25 09:47:03,220 [ERROR] LogOutputStream:75 - [STDERR_REDIRECT] 
2025-03-25 09:47:04,220 [ERROR] LogOutputStream:75 - [STDERR_REDIRECT] [Fatal Error] :1:1: Premature end of file.
2025-03-25 09:47:04,221 [ERROR] LogOutputStream:75 - [STDERR_REDIRECT] 
2025-03-25 09:47:05,218 [ERROR] LogOutputStream:75 - [STDERR_REDIRECT] [Fatal Error] :1:1: Premature end of file.
2025-03-25 09:47:05,219 [ERROR] LogOutputStream:75 - [STDERR_REDIRECT] 
2025-03-25 09:47:06,214 [ERROR] LogOutputStream:75 - [STDERR_REDIRECT] [Fatal Error] :1:1: Premature end of file.
2025-03-25 09:47:06,215 [ERROR] LogOutputStream:75 - [STDERR_REDIRECT] 
2025-03-25 09:47:07,222 [ERROR] LogOutputStream:75 - [STDERR_REDIRECT] [Fatal Error] :1:1: Premature end of file.
2025-03-25 09:47:07,222 [ERROR] LogOutputStream:75 - [STDERR_REDIRECT] 
2025-03-25 09:47:08,217 [ERROR] LogOutputStream:75 - [STDERR_REDIRECT] [Fatal Error] :1:1: Premature end of file.
2025-03-25 09:47:08,217 [ERROR] LogOutputStream:75 - [STDERR_REDIRECT] 
2025-03-25 09:47:09,225 [ERROR] LogOutputStream:75 - [STDERR_REDIRECT] [Fatal Error] :1:1: Premature end of file.
2025-03-25 09:47:09,226 [ERROR] LogOutputStream:75 - [STDERR_REDIRECT] 
2025-03-25 09:47:10,218 [ERROR] LogOutputStream:75 - [STDERR_REDIRECT] [Fatal Error] :1:1: Premature end of file.
2025-03-25 09:47:10,218 [ERROR] LogOutputStream:75 - [STDERR_REDIRECT] 
2025-03-25 09:47:11,216 [ERROR] LogOutputStream:75 - [STDERR_REDIRECT] [Fatal Error] :1:1: Premature end of file.
2025-03-25 09:47:11,216 [ERROR] LogOutputStream:75 - [STDERR_REDIRECT] 
2025-03-25 09:47:12,218 [ERROR] LogOutputStream:75 - [STDERR_REDIRECT] [Fatal Error] :1:1: Premature end of file.
2025-03-25 09:47:12,218 [ERROR] LogOutputStream:75 - [STDERR_REDIRECT] 
2025-03-25 09:47:13,225 [ERROR] LogOutputStream:75 - [STDERR_REDIRECT] [Fatal Error] :1:1: Premature end of file.
2025-03-25 09:47:13,226 [ERROR] LogOutputStream:75 - [STDERR_REDIRECT] 
2025-03-25 09:47:14,220 [ERROR] LogOutputStream:75 - [STDERR_REDIRECT] [Fatal Error] :1:1: Premature end of file.
2025-03-25 09:47:14,221 [ERROR] LogOutputStream:75 - [STDERR_REDIRECT] 
2025-03-25 09:47:15,227 [ERROR] LogOutputStream:75 - [STDERR_REDIRECT] [Fatal Error] :1:1: Premature end of file.
2025-03-25 09:47:15,227 [ERROR] LogOutputStream:75 - [STDERR_REDIRECT] 
2025-03-25 09:47:16,218 [ERROR] LogOutputStream:75 - [STDERR_REDIRECT] [Fatal Error] :1:1: Premature end of file.
2025-03-25 09:47:16,218 [ERROR] LogOutputStream:75 - [STDERR_REDIRECT] 
2025-03-25 09:47:17,228 [ERROR] LogOutputStream:75 - [STDERR_REDIRECT] [Fatal Error] :1:1: Premature end of file.
2025-03-25 09:47:17,228 [ERROR] LogOutputStream:75 - [STDERR_REDIRECT] 
2025-03-25 09:47:18,215 [ERROR] LogOutputStream:75 - [STDERR_REDIRECT] [Fatal Error] :1:1: Premature end of file.
2025-03-25 09:47:18,216 [ERROR] LogOutputStream:75 - [STDERR_REDIRECT] 
2025-03-25 09:47:19,218 [ERROR] LogOutputStream:75 - [STDERR_REDIRECT] [Fatal Error] :1:1: Premature end of file.
2025-03-25 09:47:19,218 [ERROR] LogOutputStream:75 - [STDERR_REDIRECT] 
2025-03-25 09:47:20,225 [ERROR] LogOutputStream:75 - [STDERR_REDIRECT] [Fatal Error] :1:1: Premature end of file.
2025-03-25 09:47:20,225 [ERROR] LogOutputStream:75 - [STDERR_REDIRECT] 
2025-03-25 09:47:21,224 [ERROR] LogOutputStream:75 - [STDERR_REDIRECT] [Fatal Error] :1:1: Premature end of file.
2025-03-25 09:47:21,224 [ERROR] LogOutputStream:75 - [STDERR_REDIRECT] 
2025-03-25 09:47:22,223 [ERROR] LogOutputStream:75 - [STDERR_REDIRECT] [Fatal Error] :1:1: Premature end of file.
2025-03-25 09:47:22,223 [ERROR] LogOutputStream:75 - [STDERR_REDIRECT] 
2025-03-25 09:47:23,227 [ERROR] LogOutputStream:75 - [STDERR_REDIRECT] [Fatal Error] :1:1: Premature end of file.
2025-03-25 09:47:23,227 [ERROR] LogOutputStream:75 - [STDERR_REDIRECT] 
2025-03-25 09:47:24,220 [ERROR] LogOutputStream:75 - [STDERR_REDIRECT] [Fatal Error] :1:1: Premature end of file.
2025-03-25 09:47:24,220 [ERROR] LogOutputStream:75 - [STDERR_REDIRECT] 
2025-03-25 09:47:25,226 [ERROR] LogOutputStream:75 - [STDERR_REDIRECT] [Fatal Error] :1:1: Premature end of file.
2025-03-25 09:47:25,226 [ERROR] LogOutputStream:75 - [STDERR_REDIRECT] 
2025-03-25 09:47:26,223 [ERROR] LogOutputStream:75 - [STDERR_REDIRECT] [Fatal Error] :1:1: Premature end of file.
2025-03-25 09:47:26,223 [ERROR] LogOutputStream:75 - [STDERR_REDIRECT] 
2025-03-25 09:47:27,228 [ERROR] LogOutputStream:75 - [STDERR_REDIRECT] [Fatal Error] :1:1: Premature end of file.
2025-03-25 09:47:27,228 [ERROR] LogOutputStream:75 - [STDERR_REDIRECT] 
2025-03-25 09:47:28,217 [ERROR] LogOutputStream:75 - [STDERR_REDIRECT] [Fatal Error] :1:1: Premature end of file.
2025-03-25 09:47:28,217 [ERROR] LogOutputStream:75 - [STDERR_REDIRECT] 
2025-03-25 09:47:29,220 [ERROR] LogOutputStream:75 - [STDERR_REDIRECT] [Fatal Error] :1:1: Premature end of file.
2025-03-25 09:47:29,220 [ERROR] LogOutputStream:75 - [STDERR_REDIRECT] 
2025-03-25 09:47:30,221 [ERROR] LogOutputStream:75 - [STDERR_REDIRECT] [Fatal Error] :1:1: Premature end of file.
2025-03-25 09:47:30,222 [ERROR] LogOutputStream:75 - [STDERR_REDIRECT] 
2025-03-25 09:47:31,218 [ERROR] LogOutputStream:75 - [STDERR_REDIRECT] [Fatal Error] :1:1: Premature end of file.
2025-03-25 09:47:31,218 [ERROR] LogOutputStream:75 - [STDERR_REDIRECT] 
2025-03-25 09:47:32,214 [ERROR] LogOutputStream:75 - [STDERR_REDIRECT] [Fatal Error] :1:1: Premature end of file.
2025-03-25 09:47:32,214 [ERROR] LogOutputStream:75 - [STDERR_REDIRECT] 
2025-03-25 09:47:33,221 [ERROR] LogOutputStream:75 - [STDERR_REDIRECT] [Fatal Error] :1:1: Premature end of file.
2025-03-25 09:47:33,221 [ERROR] LogOutputStream:75 - [STDERR_REDIRECT] 
2025-03-25 09:47:34,223 [ERROR] LogOutputStream:75 - [STDERR_REDIRECT] [Fatal Error] :1:1: Premature end of file.
2025-03-25 09:47:34,224 [ERROR] LogOutputStream:75 - [STDERR_REDIRECT] 
2025-03-25 09:47:35,219 [ERROR] LogOutputStream:75 - [STDERR_REDIRECT] [Fatal Error] :1:1: Premature end of file.
2025-03-25 09:47:35,220 [ERROR] LogOutputStream:75 - [STDERR_REDIRECT] 
2025-03-25 09:47:36,214 [ERROR] LogOutputStream:75 - [STDERR_REDIRECT] [Fatal Error] :1:1: Premature end of file.
2025-03-25 09:47:36,214 [ERROR] LogOutputStream:75 - [STDERR_REDIRECT] 
2025-03-25 09:47:37,220 [ERROR] LogOutputStream:75 - [STDERR_REDIRECT] [Fatal Error] :1:1: Premature end of file.
2025-03-25 09:47:37,221 [ERROR] LogOutputStream:75 - [STDERR_REDIRECT] 
2025-03-25 09:47:38,214 [ERROR] LogOutputStream:75 - [STDERR_REDIRECT] [Fatal Error] :1:1: Premature end of file.
2025-03-25 09:47:38,214 [ERROR] LogOutputStream:75 - [STDERR_REDIRECT] 
2025-03-25 09:47:39,218 [ERROR] LogOutputStream:75 - [STDERR_REDIRECT] [Fatal Error] :1:1: Premature end of file.
2025-03-25 09:47:39,218 [ERROR] LogOutputStream:75 - [STDERR_REDIRECT] 
2025-03-25 09:47:40,219 [ERROR] LogOutputStream:75 - [STDERR_REDIRECT] [Fatal Error] :1:1: Premature end of file.
2025-03-25 09:47:40,219 [ERROR] LogOutputStream:75 - [STDERR_REDIRECT] 
2025-03-25 09:47:41,215 [ERROR] LogOutputStream:75 - [STDERR_REDIRECT] [Fatal Error] :1:1: Premature end of file.
2025-03-25 09:47:41,215 [ERROR] LogOutputStream:75 - [STDERR_REDIRECT] 
2025-03-25 09:47:42,217 [ERROR] LogOutputStream:75 - [STDERR_REDIRECT] [Fatal Error] :1:1: Premature end of file.
2025-03-25 09:47:42,218 [ERROR] LogOutputStream:75 - [STDERR_REDIRECT] 
2025-03-25 09:47:43,213 [ERROR] LogOutputStream:75 - [STDERR_REDIRECT] [Fatal Error] :1:1: Premature end of file.
2025-03-25 09:47:43,213 [ERROR] LogOutputStream:75 - [STDERR_REDIRECT] 
2025-03-25 09:47:44,215 [ERROR] LogOutputStream:75 - [STDERR_REDIRECT] [Fatal Error] :1:1: Premature end of file.
2025-03-25 09:47:44,215 [ERROR] LogOutputStream:75 - [STDERR_REDIRECT] 
2025-03-25 09:47:45,232 [ERROR] LogOutputStream:75 - [STDERR_REDIRECT] [Fatal Error] :1:1: Premature end of file.
2025-03-25 09:47:45,232 [ERROR] LogOutputStream:75 - [STDERR_REDIRECT] 
2025-03-25 09:47:46,216 [ERROR] LogOutputStream:75 - [STDERR_REDIRECT] [Fatal Error] :1:1: Premature end of file.
2025-03-25 09:47:46,216 [ERROR] LogOutputStream:75 - [STDERR_REDIRECT] 
2025-03-25 09:47:47,218 [ERROR] LogOutputStream:75 - [STDERR_REDIRECT] [Fatal Error] :1:1: Premature end of file.
2025-03-25 09:47:47,218 [ERROR] LogOutputStream:75 - [STDERR_REDIRECT] 
2025-03-25 09:47:48,220 [ERROR] LogOutputStream:75 - [STDERR_REDIRECT] [Fatal Error] :1:1: Premature end of file.
2025-03-25 09:47:48,220 [ERROR] LogOutputStream:75 - [STDERR_REDIRECT] 
2025-03-25 09:47:49,214 [ERROR] LogOutputStream:75 - [STDERR_REDIRECT] [Fatal Error] :1:1: Premature end of file.
2025-03-25 09:47:49,214 [ERROR] LogOutputStream:75 - [STDERR_REDIRECT] 
2025-03-25 09:47:50,223 [ERROR] LogOutputStream:75 - [STDERR_REDIRECT] [Fatal Error] :1:1: Premature end of file.
2025-03-25 09:47:50,224 [ERROR] LogOutputStream:75 - [STDERR_REDIRECT] 
2025-03-25 09:47:51,221 [ERROR] LogOutputStream:75 - [STDERR_REDIRECT] [Fatal Error] :1:1: Premature end of file.
2025-03-25 09:47:51,221 [ERROR] LogOutputStream:75 - [STDERR_REDIRECT] 
2025-03-25 09:47:52,216 [ERROR] LogOutputStream:75 - [STDERR_REDIRECT] [Fatal Error] :1:1: Premature end of file.
2025-03-25 09:47:52,216 [ERROR] LogOutputStream:75 - [STDERR_REDIRECT] 
2025-03-25 09:47:53,216 [ERROR] LogOutputStream:75 - [STDERR_REDIRECT] [Fatal Error] :1:1: Premature end of file.
2025-03-25 09:47:53,217 [ERROR] LogOutputStream:75 - [STDERR_REDIRECT] 
2025-03-25 09:47:54,209 [ERROR] LogOutputStream:75 - [STDERR_REDIRECT] [Fatal Error] :1:1: Premature end of file.
2025-03-25 09:47:54,210 [ERROR] LogOutputStream:75 - [STDERR_REDIRECT] 
2025-03-25 09:47:55,219 [ERROR] LogOutputStream:75 - [STDERR_REDIRECT] [Fatal Error] :1:1: Premature end of file.
2025-03-25 09:47:55,220 [ERROR] LogOutputStream:75 - [STDERR_REDIRECT] 
2025-03-25 09:47:56,232 [ERROR] LogOutputStream:75 - [STDERR_REDIRECT] [Fatal Error] :1:1: Premature end of file.
2025-03-25 09:47:56,232 [ERROR] LogOutputStream:75 - [STDERR_REDIRECT] 
2025-03-25 09:47:57,217 [ERROR] LogOutputStream:75 - [STDERR_REDIRECT] [Fatal Error] :1:1: Premature end of file.
2025-03-25 09:47:57,217 [ERROR] LogOutputStream:75 - [STDERR_REDIRECT] 
2025-03-25 09:47:58,220 [ERROR] LogOutputStream:75 - [STDERR_REDIRECT] [Fatal Error] :1:1: Premature end of file.
2025-03-25 09:47:58,220 [ERROR] LogOutputStream:75 - [STDERR_REDIRECT] 
2025-03-25 09:47:59,219 [ERROR] LogOutputStream:75 - [STDERR_REDIRECT] [Fatal Error] :1:1: Premature end of file.
2025-03-25 09:47:59,219 [ERROR] LogOutputStream:75 - [STDERR_REDIRECT] 
2025-03-25 09:48:00,221 [ERROR] LogOutputStream:75 - [STDERR_REDIRECT] [Fatal Error] :1:1: Premature end of file.
2025-03-25 09:48:00,222 [ERROR] LogOutputStream:75 - [STDERR_REDIRECT] 
2025-03-25 09:48:01,219 [ERROR] LogOutputStream:75 - [STDERR_REDIRECT] [Fatal Error] :1:1: Premature end of file.
2025-03-25 09:48:01,219 [ERROR] LogOutputStream:75 - [STDERR_REDIRECT] 
2025-03-25 09:48:02,239 [ERROR] LogOutputStream:75 - [STDERR_REDIRECT] [Fatal Error] :1:1: Premature end of file.
2025-03-25 09:48:02,239 [ERROR] LogOutputStream:75 - [STDERR_REDIRECT] 
2025-03-25 09:48:03,215 [ERROR] LogOutputStream:75 - [STDERR_REDIRECT] [Fatal Error] :1:1: Premature end of file.
2025-03-25 09:48:03,215 [ERROR] LogOutputStream:75 - [STDERR_REDIRECT] 
2025-03-25 09:48:04,211 [ERROR] LogOutputStream:75 - [STDERR_REDIRECT] [Fatal Error] :1:1: Premature end of file.
2025-03-25 09:48:04,211 [ERROR] LogOutputStream:75 - [STDERR_REDIRECT] 
2025-03-25 09:48:05,216 [ERROR] LogOutputStream:75 - [STDERR_REDIRECT] [Fatal Error] :1:1: Premature end of file.
2025-03-25 09:48:05,216 [ERROR] LogOutputStream:75 - [STDERR_REDIRECT] 
2025-03-25 09:48:06,217 [ERROR] LogOutputStream:75 - [STDERR_REDIRECT] [Fatal Error] :1:1: Premature end of file.
2025-03-25 09:48:06,218 [ERROR] LogOutputStream:75 - [STDERR_REDIRECT] 
2025-03-25 09:48:07,216 [ERROR] LogOutputStream:75 - [STDERR_REDIRECT] [Fatal Error] :1:1: Premature end of file.
2025-03-25 09:48:07,216 [ERROR] LogOutputStream:75 - [STDERR_REDIRECT] 
2025-03-25 09:48:08,219 [ERROR] LogOutputStream:75 - [STDERR_REDIRECT] [Fatal Error] :1:1: Premature end of file.
2025-03-25 09:48:08,219 [ERROR] LogOutputStream:75 - [STDERR_REDIRECT] 
2025-03-25 09:48:09,228 [ERROR] LogOutputStream:75 - [STDERR_REDIRECT] [Fatal Error] :1:1: Premature end of file.
2025-03-25 09:48:09,228 [ERROR] LogOutputStream:75 - [STDERR_REDIRECT] 
2025-03-25 09:48:10,220 [ERROR] LogOutputStream:75 - [STDERR_REDIRECT] [Fatal Error] :1:1: Premature end of file.
2025-03-25 09:48:10,220 [ERROR] LogOutputStream:75 - [STDERR_REDIRECT] 
2025-03-25 09:48:11,214 [ERROR] LogOutputStream:75 - [STDERR_REDIRECT] [Fatal Error] :1:1: Premature end of file.
2025-03-25 09:48:11,215 [ERROR] LogOutputStream:75 - [STDERR_REDIRECT] 
2025-03-25 09:48:12,218 [ERROR] LogOutputStream:75 - [STDERR_REDIRECT] [Fatal Error] :1:1: Premature end of file.
2025-03-25 09:48:12,218 [ERROR] LogOutputStream:75 - [STDERR_REDIRECT] 
2025-03-25 09:48:13,208 [ERROR] LogOutputStream:75 - [STDERR_REDIRECT] [Fatal Error] :1:1: Premature end of file.
2025-03-25 09:48:13,208 [ERROR] LogOutputStream:75 - [STDERR_REDIRECT] 
2025-03-25 09:48:14,218 [ERROR] LogOutputStream:75 - [STDERR_REDIRECT] [Fatal Error] :1:1: Premature end of file.
2025-03-25 09:48:14,219 [ERROR] LogOutputStream:75 - [STDERR_REDIRECT] 
2025-03-25 09:48:15,216 [ERROR] LogOutputStream:75 - [STDERR_REDIRECT] [Fatal Error] :1:1: Premature end of file.
2025-03-25 09:48:15,216 [ERROR] LogOutputStream:75 - [STDERR_REDIRECT] 
2025-03-25 09:48:16,215 [ERROR] LogOutputStream:75 - [STDERR_REDIRECT] [Fatal Error] :1:1: Premature end of file.
2025-03-25 09:48:16,215 [ERROR] LogOutputStream:75 - [STDERR_REDIRECT] 
2025-03-25 09:48:17,214 [ERROR] LogOutputStream:75 - [STDERR_REDIRECT] [Fatal Error] :1:1: Premature end of file.
2025-03-25 09:48:17,214 [ERROR] LogOutputStream:75 - [STDERR_REDIRECT] 
2025-03-25 09:48:18,209 [ERROR] LogOutputStream:75 - [STDERR_REDIRECT] [Fatal Error] :1:1: Premature end of file.
2025-03-25 09:48:18,209 [ERROR] LogOutputStream:75 - [STDERR_REDIRECT] 
2025-03-25 09:48:19,221 [ERROR] LogOutputStream:75 - [STDERR_REDIRECT] [Fatal Error] :1:1: Premature end of file.
2025-03-25 09:48:19,221 [ERROR] LogOutputStream:75 - [STDERR_REDIRECT] 
2025-03-25 09:48:20,208 [ERROR] LogOutputStream:75 - [STDERR_REDIRECT] [Fatal Error] :1:1: Premature end of file.
2025-03-25 09:48:20,208 [ERROR] LogOutputStream:75 - [STDERR_REDIRECT] 
2025-03-25 09:48:21,218 [ERROR] LogOutputStream:75 - [STDERR_REDIRECT] [Fatal Error] :1:1: Premature end of file.
2025-03-25 09:48:21,218 [ERROR] LogOutputStream:75 - [STDERR_REDIRECT] 
2025-03-25 09:48:22,220 [ERROR] LogOutputStream:75 - [STDERR_REDIRECT] [Fatal Error] :1:1: Premature end of file.
2025-03-25 09:48:22,220 [ERROR] LogOutputStream:75 - [STDERR_REDIRECT] 
2025-03-25 09:48:23,216 [ERROR] LogOutputStream:75 - [STDERR_REDIRECT] [Fatal Error] :1:1: Premature end of file.
2025-03-25 09:48:23,217 [ERROR] LogOutputStream:75 - [STDERR_REDIRECT] 
2025-03-25 09:48:24,222 [ERROR] LogOutputStream:75 - [STDERR_REDIRECT] [Fatal Error] :1:1: Premature end of file.
2025-03-25 09:48:24,223 [ERROR] LogOutputStream:75 - [STDERR_REDIRECT] 
2025-03-25 09:48:25,217 [ERROR] LogOutputStream:75 - [STDERR_REDIRECT] [Fatal Error] :1:1: Premature end of file.
2025-03-25 09:48:25,218 [ERROR] LogOutputStream:75 - [STDERR_REDIRECT] 
2025-03-25 09:48:26,224 [ERROR] LogOutputStream:75 - [STDERR_REDIRECT] [Fatal Error] :1:1: Premature end of file.
2025-03-25 09:48:26,224 [ERROR] LogOutputStream:75 - [STDERR_REDIRECT] 
2025-03-25 09:48:27,218 [ERROR] LogOutputStream:75 - [STDERR_REDIRECT] [Fatal Error] :1:1: Premature end of file.
2025-03-25 09:48:27,218 [ERROR] LogOutputStream:75 - [STDERR_REDIRECT] 
2025-03-25 09:48:28,218 [ERROR] LogOutputStream:75 - [STDERR_REDIRECT] [Fatal Error] :1:1: Premature end of file.
2025-03-25 09:48:28,218 [ERROR] LogOutputStream:75 - [STDERR_REDIRECT] 
2025-03-25 09:48:29,219 [ERROR] LogOutputStream:75 - [STDERR_REDIRECT] [Fatal Error] :1:1: Premature end of file.
2025-03-25 09:48:29,219 [ERROR] LogOutputStream:75 - [STDERR_REDIRECT] 
2025-03-25 09:48:30,216 [ERROR] LogOutputStream:75 - [STDERR_REDIRECT] [Fatal Error] :1:1: Premature end of file.
2025-03-25 09:48:30,216 [ERROR] LogOutputStream:75 - [STDERR_REDIRECT] 
2025-03-25 09:48:31,215 [ERROR] LogOutputStream:75 - [STDERR_REDIRECT] [Fatal Error] :1:1: Premature end of file.
2025-03-25 09:48:31,215 [ERROR] LogOutputStream:75 - [STDERR_REDIRECT] 
2025-03-25 09:48:32,217 [ERROR] LogOutputStream:75 - [STDERR_REDIRECT] [Fatal Error] :1:1: Premature end of file.
2025-03-25 09:48:32,217 [ERROR] LogOutputStream:75 - [STDERR_REDIRECT] 
2025-03-25 09:48:33,211 [ERROR] LogOutputStream:75 - [STDERR_REDIRECT] [Fatal Error] :1:1: Premature end of file.
2025-03-25 09:48:33,212 [ERROR] LogOutputStream:75 - [STDERR_REDIRECT] 
2025-03-25 09:48:34,218 [ERROR] LogOutputStream:75 - [STDERR_REDIRECT] [Fatal Error] :1:1: Premature end of file.
2025-03-25 09:48:34,218 [ERROR] LogOutputStream:75 - [STDERR_REDIRECT] 
2025-03-25 09:48:35,226 [ERROR] LogOutputStream:75 - [STDERR_REDIRECT] [Fatal Error] :1:1: Premature end of file.
2025-03-25 09:48:35,226 [ERROR] LogOutputStream:75 - [STDERR_REDIRECT] 
2025-03-25 09:48:36,222 [ERROR] LogOutputStream:75 - [STDERR_REDIRECT] [Fatal Error] :1:1: Premature end of file.
2025-03-25 09:48:36,222 [ERROR] LogOutputStream:75 - [STDERR_REDIRECT] 
2025-03-25 09:48:37,224 [ERROR] LogOutputStream:75 - [STDERR_REDIRECT] [Fatal Error] :1:1: Premature end of file.
2025-03-25 09:48:37,224 [ERROR] LogOutputStream:75 - [STDERR_REDIRECT] 
2025-03-25 09:48:38,218 [ERROR] LogOutputStream:75 - [STDERR_REDIRECT] [Fatal Error] :1:1: Premature end of file.
2025-03-25 09:48:38,218 [ERROR] LogOutputStream:75 - [STDERR_REDIRECT] 
2025-03-25 09:48:39,217 [ERROR] LogOutputStream:75 - [STDERR_REDIRECT] [Fatal Error] :1:1: Premature end of file.
2025-03-25 09:48:39,217 [ERROR] LogOutputStream:75 - [STDERR_REDIRECT] 
2025-03-25 09:48:40,221 [ERROR] LogOutputStream:75 - [STDERR_REDIRECT] [Fatal Error] :1:1: Premature end of file.
2025-03-25 09:48:40,221 [ERROR] LogOutputStream:75 - [STDERR_REDIRECT] 
2025-03-25 09:48:41,222 [ERROR] LogOutputStream:75 - [STDERR_REDIRECT] [Fatal Error] :1:1: Premature end of file.
2025-03-25 09:48:41,222 [ERROR] LogOutputStream:75 - [STDERR_REDIRECT] 
2025-03-25 09:48:42,218 [ERROR] LogOutputStream:75 - [STDERR_REDIRECT] [Fatal Error] :1:1: Premature end of file.
2025-03-25 09:48:42,219 [ERROR] LogOutputStream:75 - [STDERR_REDIRECT] 
2025-03-25 09:48:43,208 [ERROR] LogOutputStream:75 - [STDERR_REDIRECT] [Fatal Error] :1:1: Premature end of file.
2025-03-25 09:48:43,208 [ERROR] LogOutputStream:75 - [STDERR_REDIRECT] 
2025-03-25 09:48:44,215 [ERROR] LogOutputStream:75 - [STDERR_REDIRECT] [Fatal Error] :1:1: Premature end of file.
2025-03-25 09:48:44,215 [ERROR] LogOutputStream:75 - [STDERR_REDIRECT] 
2025-03-25 09:48:45,215 [ERROR] LogOutputStream:75 - [STDERR_REDIRECT] [Fatal Error] :1:1: Premature end of file.
2025-03-25 09:48:45,216 [ERROR] LogOutputStream:75 - [STDERR_REDIRECT] 
2025-03-25 09:48:46,220 [ERROR] LogOutputStream:75 - [STDERR_REDIRECT] [Fatal Error] :1:1: Premature end of file.
2025-03-25 09:48:46,220 [ERROR] LogOutputStream:75 - [STDERR_REDIRECT] 
2025-03-25 09:48:47,216 [ERROR] LogOutputStream:75 - [STDERR_REDIRECT] [Fatal Error] :1:1: Premature end of file.
2025-03-25 09:48:47,216 [ERROR] LogOutputStream:75 - [STDERR_REDIRECT] 
2025-03-25 09:48:48,221 [ERROR] LogOutputStream:75 - [STDERR_REDIRECT] [Fatal Error] :1:1: Premature end of file.
2025-03-25 09:48:48,221 [ERROR] LogOutputStream:75 - [STDERR_REDIRECT] 
2025-03-25 09:48:49,222 [ERROR] LogOutputStream:75 - [STDERR_REDIRECT] [Fatal Error] :1:1: Premature end of file.
2025-03-25 09:48:49,222 [ERROR] LogOutputStream:75 - [STDERR_REDIRECT] 
2025-03-25 09:48:50,219 [ERROR] LogOutputStream:75 - [STDERR_REDIRECT] [Fatal Error] :1:1: Premature end of file.
2025-03-25 09:48:50,220 [ERROR] LogOutputStream:75 - [STDERR_REDIRECT] 
2025-03-25 09:48:51,210 [ERROR] LogOutputStream:75 - [STDERR_REDIRECT] [Fatal Error] :1:1: Premature end of file.
2025-03-25 09:48:51,210 [ERROR] LogOutputStream:75 - [STDERR_REDIRECT] 
2025-03-25 09:48:52,215 [ERROR] LogOutputStream:75 - [STDERR_REDIRECT] [Fatal Error] :1:1: Premature end of file.
2025-03-25 09:48:52,215 [ERROR] LogOutputStream:75 - [STDERR_REDIRECT] 
2025-03-25 09:48:53,209 [ERROR] LogOutputStream:75 - [STDERR_REDIRECT] [Fatal Error] :1:1: Premature end of file.
2025-03-25 09:48:53,209 [ERROR] LogOutputStream:75 - [STDERR_REDIRECT] 
2025-03-25 09:48:54,222 [ERROR] LogOutputStream:75 - [STDERR_REDIRECT] [Fatal Error] :1:1: Premature end of file.
2025-03-25 09:48:54,223 [ERROR] LogOutputStream:75 - [STDERR_REDIRECT] 
2025-03-25 09:48:55,219 [ERROR] LogOutputStream:75 - [STDERR_REDIRECT] [Fatal Error] :1:1: Premature end of file.
2025-03-25 09:48:55,219 [ERROR] LogOutputStream:75 - [STDERR_REDIRECT] 
2025-03-25 09:48:56,215 [ERROR] LogOutputStream:75 - [STDERR_REDIRECT] [Fatal Error] :1:1: Premature end of file.
2025-03-25 09:48:56,215 [ERROR] LogOutputStream:75 - [STDERR_REDIRECT] 
2025-03-25 09:48:57,226 [ERROR] LogOutputStream:75 - [STDERR_REDIRECT] [Fatal Error] :1:1: Premature end of file.
2025-03-25 09:48:57,226 [ERROR] LogOutputStream:75 - [STDERR_REDIRECT] 
2025-03-25 09:48:58,211 [ERROR] LogOutputStream:75 - [STDERR_REDIRECT] [Fatal Error] :1:1: Premature end of file.
2025-03-25 09:48:58,211 [ERROR] LogOutputStream:75 - [STDERR_REDIRECT] 
2025-03-25 09:48:59,215 [ERROR] LogOutputStream:75 - [STDERR_REDIRECT] [Fatal Error] :1:1: Premature end of file.
2025-03-25 09:48:59,215 [ERROR] LogOutputStream:75 - [STDERR_REDIRECT] 
2025-03-25 09:49:00,222 [ERROR] LogOutputStream:75 - [STDERR_REDIRECT] [Fatal Error] :1:1: Premature end of file.
2025-03-25 09:49:00,222 [ERROR] LogOutputStream:75 - [STDERR_REDIRECT] 
2025-03-25 09:49:01,224 [ERROR] LogOutputStream:75 - [STDERR_REDIRECT] [Fatal Error] :1:1: Premature end of file.
2025-03-25 09:49:01,224 [ERROR] LogOutputStream:75 - [STDERR_REDIRECT] 
2025-03-25 09:49:02,219 [ERROR] LogOutputStream:75 - [STDERR_REDIRECT] [Fatal Error] :1:1: Premature end of file.
2025-03-25 09:49:02,219 [ERROR] LogOutputStream:75 - [STDERR_REDIRECT] 
2025-03-25 09:49:03,217 [ERROR] LogOutputStream:75 - [STDERR_REDIRECT] [Fatal Error] :1:1: Premature end of file.
2025-03-25 09:49:03,217 [ERROR] LogOutputStream:75 - [STDERR_REDIRECT] 
2025-03-25 09:49:04,220 [ERROR] LogOutputStream:75 - [STDERR_REDIRECT] [Fatal Error] :1:1: Premature end of file.
2025-03-25 09:49:04,220 [ERROR] LogOutputStream:75 - [STDERR_REDIRECT] 
2025-03-25 09:49:05,232 [ERROR] LogOutputStream:75 - [STDERR_REDIRECT] [Fatal Error] :1:1: Premature end of file.
2025-03-25 09:49:05,232 [ERROR] LogOutputStream:75 - [STDERR_REDIRECT] 
2025-03-25 09:49:06,218 [ERROR] LogOutputStream:75 - [STDERR_REDIRECT] [Fatal Error] :1:1: Premature end of file.
2025-03-25 09:49:06,218 [ERROR] LogOutputStream:75 - [STDERR_REDIRECT] 
2025-03-25 09:49:07,217 [ERROR] LogOutputStream:75 - [STDERR_REDIRECT] [Fatal Error] :1:1: Premature end of file.
2025-03-25 09:49:07,217 [ERROR] LogOutputStream:75 - [STDERR_REDIRECT] 
2025-03-25 09:49:08,216 [ERROR] LogOutputStream:75 - [STDERR_REDIRECT] [Fatal Error] :1:1: Premature end of file.
2025-03-25 09:49:08,216 [ERROR] LogOutputStream:75 - [STDERR_REDIRECT] 
2025-03-25 09:49:09,217 [ERROR] LogOutputStream:75 - [STDERR_REDIRECT] [Fatal Error] :1:1: Premature end of file.
2025-03-25 09:49:09,217 [ERROR] LogOutputStream:75 - [STDERR_REDIRECT] 
2025-03-25 09:49:10,211 [ERROR] LogOutputStream:75 - [STDERR_REDIRECT] [Fatal Error] :1:1: Premature end of file.
2025-03-25 09:49:10,212 [ERROR] LogOutputStream:75 - [STDERR_REDIRECT] 
2025-03-25 09:49:11,213 [ERROR] LogOutputStream:75 - [STDERR_REDIRECT] [Fatal Error] :1:1: Premature end of file.
2025-03-25 09:49:11,213 [ERROR] LogOutputStream:75 - [STDERR_REDIRECT] 
2025-03-25 09:49:12,214 [ERROR] LogOutputStream:75 - [STDERR_REDIRECT] [Fatal Error] :1:1: Premature end of file.
2025-03-25 09:49:12,214 [ERROR] LogOutputStream:75 - [STDERR_REDIRECT] 
2025-03-25 09:49:13,224 [ERROR] LogOutputStream:75 - [STDERR_REDIRECT] [Fatal Error] :1:1: Premature end of file.
2025-03-25 09:49:13,224 [ERROR] LogOutputStream:75 - [STDERR_REDIRECT] 
2025-03-25 09:49:14,210 [ERROR] LogOutputStream:75 - [STDERR_REDIRECT] [Fatal Error] :1:1: Premature end of file.
2025-03-25 09:49:14,211 [ERROR] LogOutputStream:75 - [STDERR_REDIRECT] 
2025-03-25 09:49:15,211 [ERROR] LogOutputStream:75 - [STDERR_REDIRECT] [Fatal Error] :1:1: Premature end of file.
2025-03-25 09:49:15,211 [ERROR] LogOutputStream:75 - [STDERR_REDIRECT] 
2025-03-25 09:49:16,219 [ERROR] LogOutputStream:75 - [STDERR_REDIRECT] [Fatal Error] :1:1: Premature end of file.
2025-03-25 09:49:16,219 [ERROR] LogOutputStream:75 - [STDERR_REDIRECT] 
2025-03-25 09:49:17,213 [ERROR] LogOutputStream:75 - [STDERR_REDIRECT] [Fatal Error] :1:1: Premature end of file.
2025-03-25 09:49:17,213 [ERROR] LogOutputStream:75 - [STDERR_REDIRECT] 
2025-03-25 09:49:18,224 [ERROR] LogOutputStream:75 - [STDERR_REDIRECT] [Fatal Error] :1:1: Premature end of file.
2025-03-25 09:49:18,224 [ERROR] LogOutputStream:75 - [STDERR_REDIRECT] 
2025-03-25 09:49:19,218 [ERROR] LogOutputStream:75 - [STDERR_REDIRECT] [Fatal Error] :1:1: Premature end of file.
2025-03-25 09:49:19,219 [ERROR] LogOutputStream:75 - [STDERR_REDIRECT] 
2025-03-25 09:49:20,210 [ERROR] LogOutputStream:75 - [STDERR_REDIRECT] [Fatal Error] :1:1: Premature end of file.
2025-03-25 09:49:20,210 [ERROR] LogOutputStream:75 - [STDERR_REDIRECT] 
2025-03-25 09:49:21,218 [ERROR] LogOutputStream:75 - [STDERR_REDIRECT] [Fatal Error] :1:1: Premature end of file.
2025-03-25 09:49:21,219 [ERROR] LogOutputStream:75 - [STDERR_REDIRECT] 
2025-03-25 09:49:22,220 [ERROR] LogOutputStream:75 - [STDERR_REDIRECT] [Fatal Error] :1:1: Premature end of file.
2025-03-25 09:49:22,221 [ERROR] LogOutputStream:75 - [STDERR_REDIRECT] 
2025-03-25 09:49:23,210 [ERROR] LogOutputStream:75 - [STDERR_REDIRECT] [Fatal Error] :1:1: Premature end of file.
2025-03-25 09:49:23,210 [ERROR] LogOutputStream:75 - [STDERR_REDIRECT] 
2025-03-25 09:49:24,213 [ERROR] LogOutputStream:75 - [STDERR_REDIRECT] [Fatal Error] :1:1: Premature end of file.
2025-03-25 09:49:24,213 [ERROR] LogOutputStream:75 - [STDERR_REDIRECT] 
2025-03-25 09:49:25,218 [ERROR] LogOutputStream:75 - [STDERR_REDIRECT] [Fatal Error] :1:1: Premature end of file.
2025-03-25 09:49:25,218 [ERROR] LogOutputStream:75 - [STDERR_REDIRECT] 
2025-03-25 09:49:26,216 [ERROR] LogOutputStream:75 - [STDERR_REDIRECT] [Fatal Error] :1:1: Premature end of file.
2025-03-25 09:49:26,216 [ERROR] LogOutputStream:75 - [STDERR_REDIRECT] 
2025-03-25 09:49:27,217 [ERROR] LogOutputStream:75 - [STDERR_REDIRECT] [Fatal Error] :1:1: Premature end of file.
2025-03-25 09:49:27,217 [ERROR] LogOutputStream:75 - [STDERR_REDIRECT] 
2025-03-25 09:49:28,219 [ERROR] LogOutputStream:75 - [STDERR_REDIRECT] [Fatal Error] :1:1: Premature end of file.
2025-03-25 09:49:28,220 [ERROR] LogOutputStream:75 - [STDERR_REDIRECT] 
2025-03-25 09:49:29,220 [ERROR] LogOutputStream:75 - [STDERR_REDIRECT] [Fatal Error] :1:1: Premature end of file.
2025-03-25 09:49:29,221 [ERROR] LogOutputStream:75 - [STDERR_REDIRECT] 
2025-03-25 09:49:30,218 [ERROR] LogOutputStream:75 - [STDERR_REDIRECT] [Fatal Error] :1:1: Premature end of file.
2025-03-25 09:49:30,218 [ERROR] LogOutputStream:75 - [STDERR_REDIRECT] 
2025-03-25 09:49:31,230 [ERROR] LogOutputStream:75 - [STDERR_REDIRECT] [Fatal Error] :1:1: Premature end of file.
2025-03-25 09:49:31,230 [ERROR] LogOutputStream:75 - [STDERR_REDIRECT] 
2025-03-25 09:49:32,214 [ERROR] LogOutputStream:75 - [STDERR_REDIRECT] [Fatal Error] :1:1: Premature end of file.
2025-03-25 09:49:32,214 [ERROR] LogOutputStream:75 - [STDERR_REDIRECT] 
2025-03-25 09:49:33,217 [ERROR] LogOutputStream:75 - [STDERR_REDIRECT] [Fatal Error] :1:1: Premature end of file.
2025-03-25 09:49:33,218 [ERROR] LogOutputStream:75 - [STDERR_REDIRECT] 
2025-03-25 09:49:34,218 [ERROR] LogOutputStream:75 - [STDERR_REDIRECT] [Fatal Error] :1:1: Premature end of file.
2025-03-25 09:49:34,219 [ERROR] LogOutputStream:75 - [STDERR_REDIRECT] 
2025-03-25 09:49:35,219 [ERROR] LogOutputStream:75 - [STDERR_REDIRECT] [Fatal Error] :1:1: Premature end of file.
2025-03-25 09:49:35,219 [ERROR] LogOutputStream:75 - [STDERR_REDIRECT] 
2025-03-25 09:49:36,221 [ERROR] LogOutputStream:75 - [STDERR_REDIRECT] [Fatal Error] :1:1: Premature end of file.
2025-03-25 09:49:36,221 [ERROR] LogOutputStream:75 - [STDERR_REDIRECT] 
2025-03-25 09:49:37,213 [ERROR] LogOutputStream:75 - [STDERR_REDIRECT] [Fatal Error] :1:1: Premature end of file.
2025-03-25 09:49:37,214 [ERROR] LogOutputStream:75 - [STDERR_REDIRECT] 
2025-03-25 09:49:38,220 [ERROR] LogOutputStream:75 - [STDERR_REDIRECT] [Fatal Error] :1:1: Premature end of file.
2025-03-25 09:49:38,221 [ERROR] LogOutputStream:75 - [STDERR_REDIRECT] 
2025-03-25 09:49:39,226 [ERROR] LogOutputStream:75 - [STDERR_REDIRECT] [Fatal Error] :1:1: Premature end of file.
2025-03-25 09:49:39,226 [ERROR] LogOutputStream:75 - [STDERR_REDIRECT] 
2025-03-25 09:49:40,210 [ERROR] LogOutputStream:75 - [STDERR_REDIRECT] [Fatal Error] :1:1: Premature end of file.
2025-03-25 09:49:40,210 [ERROR] LogOutputStream:75 - [STDERR_REDIRECT] 
2025-03-25 09:49:41,222 [ERROR] LogOutputStream:75 - [STDERR_REDIRECT] [Fatal Error] :1:1: Premature end of file.
2025-03-25 09:49:41,222 [ERROR] LogOutputStream:75 - [STDERR_REDIRECT] 
2025-03-25 09:49:42,215 [ERROR] LogOutputStream:75 - [STDERR_REDIRECT] [Fatal Error] :1:1: Premature end of file.
2025-03-25 09:49:42,215 [ERROR] LogOutputStream:75 - [STDERR_REDIRECT] 
2025-03-25 09:49:43,218 [ERROR] LogOutputStream:75 - [STDERR_REDIRECT] [Fatal Error] :1:1: Premature end of file.
2025-03-25 09:49:43,218 [ERROR] LogOutputStream:75 - [STDERR_REDIRECT] 
2025-03-25 09:49:44,223 [ERROR] LogOutputStream:75 - [STDERR_REDIRECT] [Fatal Error] :1:1: Premature end of file.
2025-03-25 09:49:44,223 [ERROR] LogOutputStream:75 - [STDERR_REDIRECT] 
2025-03-25 09:49:45,199 [ERROR] LogOutputStream:75 - [STDERR_REDIRECT] [Fatal Error] :1:1: Premature end of file.
2025-03-25 09:49:45,200 [ERROR] LogOutputStream:75 - [STDERR_REDIRECT] 
2025-03-25 09:49:46,232 [ERROR] LogOutputStream:75 - [STDERR_REDIRECT] [Fatal Error] :1:1: Premature end of file.
2025-03-25 09:49:46,233 [ERROR] LogOutputStream:75 - [STDERR_REDIRECT] 
2025-03-25 09:49:47,217 [ERROR] LogOutputStream:75 - [STDERR_REDIRECT] [Fatal Error] :1:1: Premature end of file.
2025-03-25 09:49:47,218 [ERROR] LogOutputStream:75 - [STDERR_REDIRECT] 
2025-03-25 09:49:48,209 [ERROR] LogOutputStream:75 - [STDERR_REDIRECT] [Fatal Error] :1:1: Premature end of file.
2025-03-25 09:49:48,209 [ERROR] LogOutputStream:75 - [STDERR_REDIRECT] 
2025-03-25 09:49:49,224 [ERROR] LogOutputStream:75 - [STDERR_REDIRECT] [Fatal Error] :1:1: Premature end of file.
2025-03-25 09:49:49,224 [ERROR] LogOutputStream:75 - [STDERR_REDIRECT] 
2025-03-25 09:49:50,218 [ERROR] LogOutputStream:75 - [STDERR_REDIRECT] [Fatal Error] :1:1: Premature end of file.
2025-03-25 09:49:50,218 [ERROR] LogOutputStream:75 - [STDERR_REDIRECT] 
2025-03-25 09:49:51,220 [ERROR] LogOutputStream:75 - [STDERR_REDIRECT] [Fatal Error] :1:1: Premature end of file.
2025-03-25 09:49:51,221 [ERROR] LogOutputStream:75 - [STDERR_REDIRECT] 
2025-03-25 09:49:52,218 [ERROR] LogOutputStream:75 - [STDERR_REDIRECT] [Fatal Error] :1:1: Premature end of file.
2025-03-25 09:49:52,219 [ERROR] LogOutputStream:75 - [STDERR_REDIRECT] 
2025-03-25 09:49:53,214 [ERROR] LogOutputStream:75 - [STDERR_REDIRECT] [Fatal Error] :1:1: Premature end of file.
2025-03-25 09:49:53,214 [ERROR] LogOutputStream:75 - [STDERR_REDIRECT] 
2025-03-25 09:49:54,222 [ERROR] LogOutputStream:75 - [STDERR_REDIRECT] [Fatal Error] :1:1: Premature end of file.
2025-03-25 09:49:54,222 [ERROR] LogOutputStream:75 - [STDERR_REDIRECT] 
2025-03-25 09:49:55,221 [ERROR] LogOutputStream:75 - [STDERR_REDIRECT] [Fatal Error] :1:1: Premature end of file.
2025-03-25 09:49:55,221 [ERROR] LogOutputStream:75 - [STDERR_REDIRECT] 
2025-03-25 09:49:56,218 [ERROR] LogOutputStream:75 - [STDERR_REDIRECT] [Fatal Error] :1:1: Premature end of file.
2025-03-25 09:49:56,218 [ERROR] LogOutputStream:75 - [STDERR_REDIRECT] 
2025-03-25 09:49:57,216 [ERROR] LogOutputStream:75 - [STDERR_REDIRECT] [Fatal Error] :1:1: Premature end of file.
2025-03-25 09:49:57,216 [ERROR] LogOutputStream:75 - [STDERR_REDIRECT] 
2025-03-25 09:49:58,223 [ERROR] LogOutputStream:75 - [STDERR_REDIRECT] [Fatal Error] :1:1: Premature end of file.
2025-03-25 09:49:58,223 [ERROR] LogOutputStream:75 - [STDERR_REDIRECT] 
2025-03-25 09:49:59,227 [ERROR] LogOutputStream:75 - [STDERR_REDIRECT] [Fatal Error] :1:1: Premature end of file.
2025-03-25 09:49:59,227 [ERROR] LogOutputStream:75 - [STDERR_REDIRECT] 
2025-03-25 09:50:00,217 [ERROR] LogOutputStream:75 - [STDERR_REDIRECT] [Fatal Error] :1:1: Premature end of file.
2025-03-25 09:50:00,217 [ERROR] LogOutputStream:75 - [STDERR_REDIRECT] 
2025-03-25 09:50:01,221 [ERROR] LogOutputStream:75 - [STDERR_REDIRECT] [Fatal Error] :1:1: Premature end of file.
2025-03-25 09:50:01,221 [ERROR] LogOutputStream:75 - [STDERR_REDIRECT] 
2025-03-25 09:50:02,225 [ERROR] LogOutputStream:75 - [STDERR_REDIRECT] [Fatal Error] :1:1: Premature end of file.
2025-03-25 09:50:02,226 [ERROR] LogOutputStream:75 - [STDERR_REDIRECT] 
2025-03-25 09:50:03,221 [ERROR] LogOutputStream:75 - [STDERR_REDIRECT] [Fatal Error] :1:1: Premature end of file.
2025-03-25 09:50:03,221 [ERROR] LogOutputStream:75 - [STDERR_REDIRECT] 
2025-03-25 09:50:04,222 [ERROR] LogOutputStream:75 - [STDERR_REDIRECT] [Fatal Error] :1:1: Premature end of file.
2025-03-25 09:50:04,222 [ERROR] LogOutputStream:75 - [STDERR_REDIRECT] 
2025-03-25 09:50:05,218 [ERROR] LogOutputStream:75 - [STDERR_REDIRECT] [Fatal Error] :1:1: Premature end of file.
2025-03-25 09:50:05,218 [ERROR] LogOutputStream:75 - [STDERR_REDIRECT] 
2025-03-25 09:50:06,201 [ERROR] LogOutputStream:75 - [STDERR_REDIRECT] [Fatal Error] :1:1: Premature end of file.
2025-03-25 09:50:06,201 [ERROR] LogOutputStream:75 - [STDERR_REDIRECT] 
2025-03-25 09:50:07,220 [ERROR] LogOutputStream:75 - [STDERR_REDIRECT] [Fatal Error] :1:1: Premature end of file.
2025-03-25 09:50:07,221 [ERROR] LogOutputStream:75 - [STDERR_REDIRECT] 
2025-03-25 09:50:08,217 [ERROR] LogOutputStream:75 - [STDERR_REDIRECT] [Fatal Error] :1:1: Premature end of file.
2025-03-25 09:50:08,217 [ERROR] LogOutputStream:75 - [STDERR_REDIRECT] 
2025-03-25 09:50:09,215 [ERROR] LogOutputStream:75 - [STDERR_REDIRECT] [Fatal Error] :1:1: Premature end of file.
2025-03-25 09:50:09,216 [ERROR] LogOutputStream:75 - [STDERR_REDIRECT] 
2025-03-25 09:50:10,221 [ERROR] LogOutputStream:75 - [STDERR_REDIRECT] [Fatal Error] :1:1: Premature end of file.
2025-03-25 09:50:10,221 [ERROR] LogOutputStream:75 - [STDERR_REDIRECT] 
2025-03-25 09:50:11,223 [ERROR] LogOutputStream:75 - [STDERR_REDIRECT] [Fatal Error] :1:1: Premature end of file.
2025-03-25 09:50:11,223 [ERROR] LogOutputStream:75 - [STDERR_REDIRECT] 
2025-03-25 09:50:12,224 [ERROR] LogOutputStream:75 - [STDERR_REDIRECT] [Fatal Error] :1:1: Premature end of file.
2025-03-25 09:50:12,224 [ERROR] LogOutputStream:75 - [STDERR_REDIRECT] 
2025-03-25 09:50:13,225 [ERROR] LogOutputStream:75 - [STDERR_REDIRECT] [Fatal Error] :1:1: Premature end of file.
2025-03-25 09:50:13,225 [ERROR] LogOutputStream:75 - [STDERR_REDIRECT] 
2025-03-25 09:50:14,221 [ERROR] LogOutputStream:75 - [STDERR_REDIRECT] [Fatal Error] :1:1: Premature end of file.
2025-03-25 09:50:14,222 [ERROR] LogOutputStream:75 - [STDERR_REDIRECT] 
2025-03-25 09:50:15,220 [ERROR] LogOutputStream:75 - [STDERR_REDIRECT] [Fatal Error] :1:1: Premature end of file.
2025-03-25 09:50:15,220 [ERROR] LogOutputStream:75 - [STDERR_REDIRECT] 
2025-03-25 09:50:16,222 [ERROR] LogOutputStream:75 - [STDERR_REDIRECT] [Fatal Error] :1:1: Premature end of file.
2025-03-25 09:50:16,223 [ERROR] LogOutputStream:75 - [STDERR_REDIRECT] 
2025-03-25 09:50:17,222 [ERROR] LogOutputStream:75 - [STDERR_REDIRECT] [Fatal Error] :1:1: Premature end of file.
2025-03-25 09:50:17,222 [ERROR] LogOutputStream:75 - [STDERR_REDIRECT] 
2025-03-25 09:50:18,217 [ERROR] LogOutputStream:75 - [STDERR_REDIRECT] [Fatal Error] :1:1: Premature end of file.
2025-03-25 09:50:18,217 [ERROR] LogOutputStream:75 - [STDERR_REDIRECT] 
2025-03-25 09:50:19,229 [ERROR] LogOutputStream:75 - [STDERR_REDIRECT] [Fatal Error] :1:1: Premature end of file.
2025-03-25 09:50:19,229 [ERROR] LogOutputStream:75 - [STDERR_REDIRECT] 
2025-03-25 09:50:20,214 [ERROR] LogOutputStream:75 - [STDERR_REDIRECT] [Fatal Error] :1:1: Premature end of file.
2025-03-25 09:50:20,215 [ERROR] LogOutputStream:75 - [STDERR_REDIRECT] 
2025-03-25 09:50:21,200 [ERROR] LogOutputStream:75 - [STDERR_REDIRECT] [Fatal Error] :1:1: Premature end of file.
2025-03-25 09:50:21,200 [ERROR] LogOutputStream:75 - [STDERR_REDIRECT] 
2025-03-25 09:50:22,222 [ERROR] LogOutputStream:75 - [STDERR_REDIRECT] [Fatal Error] :1:1: Premature end of file.
2025-03-25 09:50:22,222 [ERROR] LogOutputStream:75 - [STDERR_REDIRECT] 
2025-03-25 09:50:23,218 [ERROR] LogOutputStream:75 - [STDERR_REDIRECT] [Fatal Error] :1:1: Premature end of file.
2025-03-25 09:50:23,219 [ERROR] LogOutputStream:75 - [STDERR_REDIRECT] 
2025-03-25 09:50:24,213 [ERROR] LogOutputStream:75 - [STDERR_REDIRECT] [Fatal Error] :1:1: Premature end of file.
2025-03-25 09:50:24,213 [ERROR] LogOutputStream:75 - [STDERR_REDIRECT] 
2025-03-25 09:50:25,222 [ERROR] LogOutputStream:75 - [STDERR_REDIRECT] [Fatal Error] :1:1: Premature end of file.
2025-03-25 09:50:25,222 [ERROR] LogOutputStream:75 - [STDERR_REDIRECT] 
2025-03-25 09:50:26,215 [ERROR] LogOutputStream:75 - [STDERR_REDIRECT] [Fatal Error] :1:1: Premature end of file.
2025-03-25 09:50:26,216 [ERROR] LogOutputStream:75 - [STDERR_REDIRECT] 
2025-03-25 09:50:27,223 [ERROR] LogOutputStream:75 - [STDERR_REDIRECT] [Fatal Error] :1:1: Premature end of file.
2025-03-25 09:50:27,224 [ERROR] LogOutputStream:75 - [STDERR_REDIRECT] 
2025-03-25 09:50:28,222 [ERROR] LogOutputStream:75 - [STDERR_REDIRECT] [Fatal Error] :1:1: Premature end of file.
2025-03-25 09:50:28,222 [ERROR] LogOutputStream:75 - [STDERR_REDIRECT] 
2025-03-25 09:50:29,223 [ERROR] LogOutputStream:75 - [STDERR_REDIRECT] [Fatal Error] :1:1: Premature end of file.
2025-03-25 09:50:29,223 [ERROR] LogOutputStream:75 - [STDERR_REDIRECT] 
2025-03-25 09:50:30,195 [ERROR] LogOutputStream:75 - [STDERR_REDIRECT] [Fatal Error] :1:1: Premature end of file.
2025-03-25 09:50:30,195 [ERROR] LogOutputStream:75 - [STDERR_REDIRECT] 
2025-03-25 09:50:31,224 [ERROR] LogOutputStream:75 - [STDERR_REDIRECT] [Fatal Error] :1:1: Premature end of file.
2025-03-25 09:50:31,224 [ERROR] LogOutputStream:75 - [STDERR_REDIRECT] 
2025-03-25 09:50:32,237 [ERROR] LogOutputStream:75 - [STDERR_REDIRECT] [Fatal Error] :1:1: Premature end of file.
2025-03-25 09:50:32,237 [ERROR] LogOutputStream:75 - [STDERR_REDIRECT] 
2025-03-25 09:50:33,195 [ERROR] LogOutputStream:75 - [STDERR_REDIRECT] [Fatal Error] :1:1: Premature end of file.
2025-03-25 09:50:33,195 [ERROR] LogOutputStream:75 - [STDERR_REDIRECT] 
2025-03-25 09:50:34,217 [ERROR] LogOutputStream:75 - [STDERR_REDIRECT] [Fatal Error] :1:1: Premature end of file.
2025-03-25 09:50:34,218 [ERROR] LogOutputStream:75 - [STDERR_REDIRECT] 
2025-03-25 09:50:35,215 [ERROR] LogOutputStream:75 - [STDERR_REDIRECT] [Fatal Error] :1:1: Premature end of file.
2025-03-25 09:50:35,216 [ERROR] LogOutputStream:75 - [STDERR_REDIRECT] 
2025-03-25 09:50:36,224 [ERROR] LogOutputStream:75 - [STDERR_REDIRECT] [Fatal Error] :1:1: Premature end of file.
2025-03-25 09:50:36,225 [ERROR] LogOutputStream:75 - [STDERR_REDIRECT] 
2025-03-25 09:50:37,237 [ERROR] LogOutputStream:75 - [STDERR_REDIRECT] [Fatal Error] :1:1: Premature end of file.
2025-03-25 09:50:37,238 [ERROR] LogOutputStream:75 - [STDERR_REDIRECT] 
2025-03-25 09:50:38,184 [ERROR] LogOutputStream:75 - [STDERR_REDIRECT] [Fatal Error] :1:1: Premature end of file.
2025-03-25 09:50:38,184 [ERROR] LogOutputStream:75 - [STDERR_REDIRECT] 
2025-03-25 09:50:39,190 [ERROR] LogOutputStream:75 - [STDERR_REDIRECT] [Fatal Error] :1:1: Premature end of file.
2025-03-25 09:50:39,190 [ERROR] LogOutputStream:75 - [STDERR_REDIRECT] 
2025-03-25 09:50:40,221 [ERROR] LogOutputStream:75 - [STDERR_REDIRECT] [Fatal Error] :1:1: Premature end of file.
2025-03-25 09:50:40,222 [ERROR] LogOutputStream:75 - [STDERR_REDIRECT] 
2025-03-25 09:50:41,215 [ERROR] LogOutputStream:75 - [STDERR_REDIRECT] [Fatal Error] :1:1: Premature end of file.
2025-03-25 09:50:41,216 [ERROR] LogOutputStream:75 - [STDERR_REDIRECT] 
2025-03-25 09:50:42,209 [ERROR] LogOutputStream:75 - [STDERR_REDIRECT] [Fatal Error] :1:1: Premature end of file.
2025-03-25 09:50:42,209 [ERROR] LogOutputStream:75 - [STDERR_REDIRECT] 
2025-03-25 09:50:43,201 [ERROR] LogOutputStream:75 - [STDERR_REDIRECT] [Fatal Error] :1:1: Premature end of file.
2025-03-25 09:50:43,201 [ERROR] LogOutputStream:75 - [STDERR_REDIRECT] 
2025-03-25 09:50:44,208 [ERROR] LogOutputStream:75 - [STDERR_REDIRECT] [Fatal Error] :1:1: Premature end of file.
2025-03-25 09:50:44,209 [ERROR] LogOutputStream:75 - [STDERR_REDIRECT] 
2025-03-25 09:50:45,216 [ERROR] LogOutputStream:75 - [STDERR_REDIRECT] [Fatal Error] :1:1: Premature end of file.
2025-03-25 09:50:45,217 [ERROR] LogOutputStream:75 - [STDERR_REDIRECT] 
2025-03-25 09:50:46,214 [ERROR] LogOutputStream:75 - [STDERR_REDIRECT] [Fatal Error] :1:1: Premature end of file.
2025-03-25 09:50:46,214 [ERROR] LogOutputStream:75 - [STDERR_REDIRECT] 
2025-03-25 09:50:47,214 [ERROR] LogOutputStream:75 - [STDERR_REDIRECT] [Fatal Error] :1:1: Premature end of file.
2025-03-25 09:50:47,215 [ERROR] LogOutputStream:75 - [STDERR_REDIRECT] 
2025-03-25 09:50:48,219 [ERROR] LogOutputStream:75 - [STDERR_REDIRECT] [Fatal Error] :1:1: Premature end of file.
2025-03-25 09:50:48,219 [ERROR] LogOutputStream:75 - [STDERR_REDIRECT] 
2025-03-25 09:50:49,217 [ERROR] LogOutputStream:75 - [STDERR_REDIRECT] [Fatal Error] :1:1: Premature end of file.
2025-03-25 09:50:49,218 [ERROR] LogOutputStream:75 - [STDERR_REDIRECT] 
2025-03-25 09:50:50,216 [ERROR] LogOutputStream:75 - [STDERR_REDIRECT] [Fatal Error] :1:1: Premature end of file.
2025-03-25 09:50:50,217 [ERROR] LogOutputStream:75 - [STDERR_REDIRECT] 
2025-03-25 09:50:51,221 [ERROR] LogOutputStream:75 - [STDERR_REDIRECT] [Fatal Error] :1:1: Premature end of file.
2025-03-25 09:50:51,221 [ERROR] LogOutputStream:75 - [STDERR_REDIRECT] 
2025-03-25 09:50:52,220 [ERROR] LogOutputStream:75 - [STDERR_REDIRECT] [Fatal Error] :1:1: Premature end of file.
2025-03-25 09:50:52,220 [ERROR] LogOutputStream:75 - [STDERR_REDIRECT] 
2025-03-25 09:50:53,219 [ERROR] LogOutputStream:75 - [STDERR_REDIRECT] [Fatal Error] :1:1: Premature end of file.
2025-03-25 09:50:53,219 [ERROR] LogOutputStream:75 - [STDERR_REDIRECT] 
2025-03-25 09:50:54,219 [ERROR] LogOutputStream:75 - [STDERR_REDIRECT] [Fatal Error] :1:1: Premature end of file.
2025-03-25 09:50:54,219 [ERROR] LogOutputStream:75 - [STDERR_REDIRECT] 
2025-03-25 09:50:55,216 [ERROR] LogOutputStream:75 - [STDERR_REDIRECT] [Fatal Error] :1:1: Premature end of file.
2025-03-25 09:50:55,216 [ERROR] LogOutputStream:75 - [STDERR_REDIRECT] 
2025-03-25 09:50:56,220 [ERROR] LogOutputStream:75 - [STDERR_REDIRECT] [Fatal Error] :1:1: Premature end of file.
2025-03-25 09:50:56,220 [ERROR] LogOutputStream:75 - [STDERR_REDIRECT] 
2025-03-25 09:50:57,225 [ERROR] LogOutputStream:75 - [STDERR_REDIRECT] [Fatal Error] :1:1: Premature end of file.
2025-03-25 09:50:57,225 [ERROR] LogOutputStream:75 - [STDERR_REDIRECT] 
2025-03-25 09:50:58,216 [ERROR] LogOutputStream:75 - [STDERR_REDIRECT] [Fatal Error] :1:1: Premature end of file.
2025-03-25 09:50:58,216 [ERROR] LogOutputStream:75 - [STDERR_REDIRECT] 
2025-03-25 09:50:59,212 [ERROR] LogOutputStream:75 - [STDERR_REDIRECT] [Fatal Error] :1:1: Premature end of file.
2025-03-25 09:50:59,212 [ERROR] LogOutputStream:75 - [STDERR_REDIRECT] 
2025-03-25 09:51:00,219 [ERROR] LogOutputStream:75 - [STDERR_REDIRECT] [Fatal Error] :1:1: Premature end of file.
2025-03-25 09:51:00,219 [ERROR] LogOutputStream:75 - [STDERR_REDIRECT] 
2025-03-25 09:51:01,208 [ERROR] LogOutputStream:75 - [STDERR_REDIRECT] [Fatal Error] :1:1: Premature end of file.
2025-03-25 09:51:01,209 [ERROR] LogOutputStream:75 - [STDERR_REDIRECT] 
2025-03-25 09:51:02,216 [ERROR] LogOutputStream:75 - [STDERR_REDIRECT] [Fatal Error] :1:1: Premature end of file.
2025-03-25 09:51:02,216 [ERROR] LogOutputStream:75 - [STDERR_REDIRECT] 
2025-03-25 09:51:03,224 [ERROR] LogOutputStream:75 - [STDERR_REDIRECT] [Fatal Error] :1:1: Premature end of file.
2025-03-25 09:51:03,224 [ERROR] LogOutputStream:75 - [STDERR_REDIRECT] 
2025-03-25 09:51:04,217 [ERROR] LogOutputStream:75 - [STDERR_REDIRECT] [Fatal Error] :1:1: Premature end of file.
2025-03-25 09:51:04,218 [ERROR] LogOutputStream:75 - [STDERR_REDIRECT] 
2025-03-25 09:51:05,219 [ERROR] LogOutputStream:75 - [STDERR_REDIRECT] [Fatal Error] :1:1: Premature end of file.
2025-03-25 09:51:05,219 [ERROR] LogOutputStream:75 - [STDERR_REDIRECT] 
2025-03-25 09:51:06,220 [ERROR] LogOutputStream:75 - [STDERR_REDIRECT] [Fatal Error] :1:1: Premature end of file.
2025-03-25 09:51:06,220 [ERROR] LogOutputStream:75 - [STDERR_REDIRECT] 
2025-03-25 09:51:07,221 [ERROR] LogOutputStream:75 - [STDERR_REDIRECT] [Fatal Error] :1:1: Premature end of file.
2025-03-25 09:51:07,222 [ERROR] LogOutputStream:75 - [STDERR_REDIRECT] 
2025-03-25 09:51:08,218 [ERROR] LogOutputStream:75 - [STDERR_REDIRECT] [Fatal Error] :1:1: Premature end of file.
2025-03-25 09:51:08,218 [ERROR] LogOutputStream:75 - [STDERR_REDIRECT] 
2025-03-25 09:51:09,223 [ERROR] LogOutputStream:75 - [STDERR_REDIRECT] [Fatal Error] :1:1: Premature end of file.
2025-03-25 09:51:09,223 [ERROR] LogOutputStream:75 - [STDERR_REDIRECT] 
2025-03-25 09:51:10,219 [ERROR] LogOutputStream:75 - [STDERR_REDIRECT] [Fatal Error] :1:1: Premature end of file.
2025-03-25 09:51:10,219 [ERROR] LogOutputStream:75 - [STDERR_REDIRECT] 
2025-03-25 09:51:11,221 [ERROR] LogOutputStream:75 - [STDERR_REDIRECT] [Fatal Error] :1:1: Premature end of file.
2025-03-25 09:51:11,222 [ERROR] LogOutputStream:75 - [STDERR_REDIRECT] 
2025-03-25 09:51:12,217 [ERROR] LogOutputStream:75 - [STDERR_REDIRECT] [Fatal Error] :1:1: Premature end of file.
2025-03-25 09:51:12,217 [ERROR] LogOutputStream:75 - [STDERR_REDIRECT] 
2025-03-25 09:51:13,225 [ERROR] LogOutputStream:75 - [STDERR_REDIRECT] [Fatal Error] :1:1: Premature end of file.
2025-03-25 09:51:13,225 [ERROR] LogOutputStream:75 - [STDERR_REDIRECT] 
2025-03-25 09:51:14,219 [ERROR] LogOutputStream:75 - [STDERR_REDIRECT] [Fatal Error] :1:1: Premature end of file.
2025-03-25 09:51:14,219 [ERROR] LogOutputStream:75 - [STDERR_REDIRECT] 
2025-03-25 09:51:15,214 [ERROR] LogOutputStream:75 - [STDERR_REDIRECT] [Fatal Error] :1:1: Premature end of file.
2025-03-25 09:51:15,214 [ERROR] LogOutputStream:75 - [STDERR_REDIRECT] 
2025-03-25 09:51:16,221 [ERROR] LogOutputStream:75 - [STDERR_REDIRECT] [Fatal Error] :1:1: Premature end of file.
2025-03-25 09:51:16,221 [ERROR] LogOutputStream:75 - [STDERR_REDIRECT] 
2025-03-25 09:51:17,217 [ERROR] LogOutputStream:75 - [STDERR_REDIRECT] [Fatal Error] :1:1: Premature end of file.
2025-03-25 09:51:17,217 [ERROR] LogOutputStream:75 - [STDERR_REDIRECT] 
2025-03-25 09:51:18,216 [ERROR] LogOutputStream:75 - [STDERR_REDIRECT] [Fatal Error] :1:1: Premature end of file.
2025-03-25 09:51:18,217 [ERROR] LogOutputStream:75 - [STDERR_REDIRECT] 
2025-03-25 09:51:19,221 [ERROR] LogOutputStream:75 - [STDERR_REDIRECT] [Fatal Error] :1:1: Premature end of file.
2025-03-25 09:51:19,221 [ERROR] LogOutputStream:75 - [STDERR_REDIRECT] 
2025-03-25 09:51:20,217 [ERROR] LogOutputStream:75 - [STDERR_REDIRECT] [Fatal Error] :1:1: Premature end of file.
2025-03-25 09:51:20,217 [ERROR] LogOutputStream:75 - [STDERR_REDIRECT] 
2025-03-25 09:51:21,209 [ERROR] LogOutputStream:75 - [STDERR_REDIRECT] [Fatal Error] :1:1: Premature end of file.
2025-03-25 09:51:21,209 [ERROR] LogOutputStream:75 - [STDERR_REDIRECT] 
2025-03-25 09:51:22,206 [ERROR] LogOutputStream:75 - [STDERR_REDIRECT] [Fatal Error] :1:1: Premature end of file.
2025-03-25 09:51:22,206 [ERROR] LogOutputStream:75 - [STDERR_REDIRECT] 
2025-03-25 09:51:23,215 [ERROR] LogOutputStream:75 - [STDERR_REDIRECT] [Fatal Error] :1:1: Premature end of file.
2025-03-25 09:51:23,215 [ERROR] LogOutputStream:75 - [STDERR_REDIRECT] 
2025-03-25 09:51:24,221 [ERROR] LogOutputStream:75 - [STDERR_REDIRECT] [Fatal Error] :1:1: Premature end of file.
2025-03-25 09:51:24,221 [ERROR] LogOutputStream:75 - [STDERR_REDIRECT] 
2025-03-25 09:51:25,219 [ERROR] LogOutputStream:75 - [STDERR_REDIRECT] [Fatal Error] :1:1: Premature end of file.
2025-03-25 09:51:25,219 [ERROR] LogOutputStream:75 - [STDERR_REDIRECT] 
2025-03-25 09:51:26,214 [ERROR] LogOutputStream:75 - [STDERR_REDIRECT] [Fatal Error] :1:1: Premature end of file.
2025-03-25 09:51:26,214 [ERROR] LogOutputStream:75 - [STDERR_REDIRECT] 
2025-03-25 09:51:27,213 [ERROR] LogOutputStream:75 - [STDERR_REDIRECT] [Fatal Error] :1:1: Premature end of file.
2025-03-25 09:51:27,213 [ERROR] LogOutputStream:75 - [STDERR_REDIRECT] 
2025-03-25 09:51:28,230 [ERROR] LogOutputStream:75 - [STDERR_REDIRECT] [Fatal Error] :1:1: Premature end of file.
2025-03-25 09:51:28,230 [ERROR] LogOutputStream:75 - [STDERR_REDIRECT] 
2025-03-25 09:51:29,224 [ERROR] LogOutputStream:75 - [STDERR_REDIRECT] [Fatal Error] :1:1: Premature end of file.
2025-03-25 09:51:29,224 [ERROR] LogOutputStream:75 - [STDERR_REDIRECT] 
2025-03-25 09:51:30,216 [ERROR] LogOutputStream:75 - [STDERR_REDIRECT] [Fatal Error] :1:1: Premature end of file.
2025-03-25 09:51:30,216 [ERROR] LogOutputStream:75 - [STDERR_REDIRECT] 
2025-03-25 09:51:31,228 [ERROR] LogOutputStream:75 - [STDERR_REDIRECT] [Fatal Error] :1:1: Premature end of file.
2025-03-25 09:51:31,228 [ERROR] LogOutputStream:75 - [STDERR_REDIRECT] 
2025-03-25 09:51:32,209 [ERROR] LogOutputStream:75 - [STDERR_REDIRECT] [Fatal Error] :1:1: Premature end of file.
2025-03-25 09:51:32,209 [ERROR] LogOutputStream:75 - [STDERR_REDIRECT] 
2025-03-25 09:51:33,220 [ERROR] LogOutputStream:75 - [STDERR_REDIRECT] [Fatal Error] :1:1: Premature end of file.
2025-03-25 09:51:33,220 [ERROR] LogOutputStream:75 - [STDERR_REDIRECT] 
2025-03-25 09:51:34,224 [ERROR] LogOutputStream:75 - [STDERR_REDIRECT] [Fatal Error] :1:1: Premature end of file.
2025-03-25 09:51:34,225 [ERROR] LogOutputStream:75 - [STDERR_REDIRECT] 
2025-03-25 09:51:35,222 [ERROR] LogOutputStream:75 - [STDERR_REDIRECT] [Fatal Error] :1:1: Premature end of file.
2025-03-25 09:51:35,222 [ERROR] LogOutputStream:75 - [STDERR_REDIRECT] 
2025-03-25 09:51:36,231 [ERROR] LogOutputStream:75 - [STDERR_REDIRECT] [Fatal Error] :1:1: Premature end of file.
2025-03-25 09:51:36,231 [ERROR] LogOutputStream:75 - [STDERR_REDIRECT] 
2025-03-25 09:51:37,224 [ERROR] LogOutputStream:75 - [STDERR_REDIRECT] [Fatal Error] :1:1: Premature end of file.
2025-03-25 09:51:37,225 [ERROR] LogOutputStream:75 - [STDERR_REDIRECT] 
2025-03-25 09:51:38,214 [ERROR] LogOutputStream:75 - [STDERR_REDIRECT] [Fatal Error] :1:1: Premature end of file.
2025-03-25 09:51:38,214 [ERROR] LogOutputStream:75 - [STDERR_REDIRECT] 
2025-03-25 09:51:39,224 [ERROR] LogOutputStream:75 - [STDERR_REDIRECT] [Fatal Error] :1:1: Premature end of file.
2025-03-25 09:51:39,224 [ERROR] LogOutputStream:75 - [STDERR_REDIRECT] 
2025-03-25 09:51:40,216 [ERROR] LogOutputStream:75 - [STDERR_REDIRECT] [Fatal Error] :1:1: Premature end of file.
2025-03-25 09:51:40,216 [ERROR] LogOutputStream:75 - [STDERR_REDIRECT] 
2025-03-25 09:51:41,203 [ERROR] LogOutputStream:75 - [STDERR_REDIRECT] [Fatal Error] :1:1: Premature end of file.
2025-03-25 09:51:41,204 [ERROR] LogOutputStream:75 - [STDERR_REDIRECT] 
2025-03-25 09:51:42,215 [ERROR] LogOutputStream:75 - [STDERR_REDIRECT] [Fatal Error] :1:1: Premature end of file.
2025-03-25 09:51:42,215 [ERROR] LogOutputStream:75 - [STDERR_REDIRECT] 
2025-03-25 09:51:43,217 [ERROR] LogOutputStream:75 - [STDERR_REDIRECT] [Fatal Error] :1:1: Premature end of file.
2025-03-25 09:51:43,218 [ERROR] LogOutputStream:75 - [STDERR_REDIRECT] 
2025-03-25 09:51:44,231 [ERROR] LogOutputStream:75 - [STDERR_REDIRECT] [Fatal Error] :1:1: Premature end of file.
2025-03-25 09:51:44,231 [ERROR] LogOutputStream:75 - [STDERR_REDIRECT] 
2025-03-25 09:51:45,220 [ERROR] LogOutputStream:75 - [STDERR_REDIRECT] [Fatal Error] :1:1: Premature end of file.
2025-03-25 09:51:45,221 [ERROR] LogOutputStream:75 - [STDERR_REDIRECT] 
2025-03-25 09:51:46,220 [ERROR] LogOutputStream:75 - [STDERR_REDIRECT] [Fatal Error] :1:1: Premature end of file.
2025-03-25 09:51:46,221 [ERROR] LogOutputStream:75 - [STDERR_REDIRECT] 
2025-03-25 09:51:47,228 [ERROR] LogOutputStream:75 - [STDERR_REDIRECT] [Fatal Error] :1:1: Premature end of file.
2025-03-25 09:51:47,228 [ERROR] LogOutputStream:75 - [STDERR_REDIRECT] 
2025-03-25 09:51:48,210 [ERROR] LogOutputStream:75 - [STDERR_REDIRECT] [Fatal Error] :1:1: Premature end of file.
2025-03-25 09:51:48,210 [ERROR] LogOutputStream:75 - [STDERR_REDIRECT] 
2025-03-25 09:51:49,227 [ERROR] LogOutputStream:75 - [STDERR_REDIRECT] [Fatal Error] :1:1: Premature end of file.
2025-03-25 09:51:49,229 [ERROR] LogOutputStream:75 - [STDERR_REDIRECT] 
2025-03-25 09:51:50,216 [ERROR] LogOutputStream:75 - [STDERR_REDIRECT] [Fatal Error] :1:1: Premature end of file.
2025-03-25 09:51:50,216 [ERROR] LogOutputStream:75 - [STDERR_REDIRECT] 
2025-03-25 09:51:51,222 [ERROR] LogOutputStream:75 - [STDERR_REDIRECT] [Fatal Error] :1:1: Premature end of file.
2025-03-25 09:51:51,223 [ERROR] LogOutputStream:75 - [STDERR_REDIRECT] 
2025-03-25 09:51:52,211 [ERROR] LogOutputStream:75 - [STDERR_REDIRECT] [Fatal Error] :1:1: Premature end of file.
2025-03-25 09:51:52,211 [ERROR] LogOutputStream:75 - [STDERR_REDIRECT] 
2025-03-25 09:51:53,216 [ERROR] LogOutputStream:75 - [STDERR_REDIRECT] [Fatal Error] :1:1: Premature end of file.
2025-03-25 09:51:53,216 [ERROR] LogOutputStream:75 - [STDERR_REDIRECT] 
2025-03-25 09:51:54,212 [ERROR] LogOutputStream:75 - [STDERR_REDIRECT] [Fatal Error] :1:1: Premature end of file.
2025-03-25 09:51:54,212 [ERROR] LogOutputStream:75 - [STDERR_REDIRECT] 
2025-03-25 09:51:55,222 [ERROR] LogOutputStream:75 - [STDERR_REDIRECT] [Fatal Error] :1:1: Premature end of file.
2025-03-25 09:51:55,222 [ERROR] LogOutputStream:75 - [STDERR_REDIRECT] 
2025-03-25 09:51:56,220 [ERROR] LogOutputStream:75 - [STDERR_REDIRECT] [Fatal Error] :1:1: Premature end of file.
2025-03-25 09:51:56,220 [ERROR] LogOutputStream:75 - [STDERR_REDIRECT] 
2025-03-25 09:51:57,222 [ERROR] LogOutputStream:75 - [STDERR_REDIRECT] [Fatal Error] :1:1: Premature end of file.
2025-03-25 09:51:57,222 [ERROR] LogOutputStream:75 - [STDERR_REDIRECT] 
2025-03-25 09:51:58,224 [ERROR] LogOutputStream:75 - [STDERR_REDIRECT] [Fatal Error] :1:1: Premature end of file.
2025-03-25 09:51:58,224 [ERROR] LogOutputStream:75 - [STDERR_REDIRECT] 
2025-03-25 09:51:59,225 [ERROR] LogOutputStream:75 - [STDERR_REDIRECT] [Fatal Error] :1:1: Premature end of file.
2025-03-25 09:51:59,226 [ERROR] LogOutputStream:75 - [STDERR_REDIRECT] 
2025-03-25 09:52:00,213 [ERROR] LogOutputStream:75 - [STDERR_REDIRECT] [Fatal Error] :1:1: Premature end of file.
2025-03-25 09:52:00,213 [ERROR] LogOutputStream:75 - [STDERR_REDIRECT] 
2025-03-25 09:52:01,220 [ERROR] LogOutputStream:75 - [STDERR_REDIRECT] [Fatal Error] :1:1: Premature end of file.
2025-03-25 09:52:01,220 [ERROR] LogOutputStream:75 - [STDERR_REDIRECT] 
2025-03-25 09:52:02,219 [ERROR] LogOutputStream:75 - [STDERR_REDIRECT] [Fatal Error] :1:1: Premature end of file.
2025-03-25 09:52:02,219 [ERROR] LogOutputStream:75 - [STDERR_REDIRECT] 
2025-03-25 09:52:03,224 [ERROR] LogOutputStream:75 - [STDERR_REDIRECT] [Fatal Error] :1:1: Premature end of file.
2025-03-25 09:52:03,224 [ERROR] LogOutputStream:75 - [STDERR_REDIRECT] 
2025-03-25 09:52:04,225 [ERROR] LogOutputStream:75 - [STDERR_REDIRECT] [Fatal Error] :1:1: Premature end of file.
2025-03-25 09:52:04,225 [ERROR] LogOutputStream:75 - [STDERR_REDIRECT] 
2025-03-25 09:52:05,218 [ERROR] LogOutputStream:75 - [STDERR_REDIRECT] [Fatal Error] :1:1: Premature end of file.
2025-03-25 09:52:05,219 [ERROR] LogOutputStream:75 - [STDERR_REDIRECT] 
2025-03-25 09:52:06,217 [ERROR] LogOutputStream:75 - [STDERR_REDIRECT] [Fatal Error] :1:1: Premature end of file.
2025-03-25 09:52:06,217 [ERROR] LogOutputStream:75 - [STDERR_REDIRECT] 
2025-03-25 09:52:07,223 [ERROR] LogOutputStream:75 - [STDERR_REDIRECT] [Fatal Error] :1:1: Premature end of file.
2025-03-25 09:52:07,223 [ERROR] LogOutputStream:75 - [STDERR_REDIRECT] 
2025-03-25 09:52:08,218 [ERROR] LogOutputStream:75 - [STDERR_REDIRECT] [Fatal Error] :1:1: Premature end of file.
2025-03-25 09:52:08,218 [ERROR] LogOutputStream:75 - [STDERR_REDIRECT] 
2025-03-25 09:52:09,223 [ERROR] LogOutputStream:75 - [STDERR_REDIRECT] [Fatal Error] :1:1: Premature end of file.
2025-03-25 09:52:09,224 [ERROR] LogOutputStream:75 - [STDERR_REDIRECT] 
2025-03-25 09:52:10,221 [ERROR] LogOutputStream:75 - [STDERR_REDIRECT] [Fatal Error] :1:1: Premature end of file.
2025-03-25 09:52:10,221 [ERROR] LogOutputStream:75 - [STDERR_REDIRECT] 
2025-03-25 09:52:11,221 [ERROR] LogOutputStream:75 - [STDERR_REDIRECT] [Fatal Error] :1:1: Premature end of file.
2025-03-25 09:52:11,221 [ERROR] LogOutputStream:75 - [STDERR_REDIRECT] 
2025-03-25 09:52:12,221 [ERROR] LogOutputStream:75 - [STDERR_REDIRECT] [Fatal Error] :1:1: Premature end of file.
2025-03-25 09:52:12,221 [ERROR] LogOutputStream:75 - [STDERR_REDIRECT] 
2025-03-25 09:52:13,220 [ERROR] LogOutputStream:75 - [STDERR_REDIRECT] [Fatal Error] :1:1: Premature end of file.
2025-03-25 09:52:13,220 [ERROR] LogOutputStream:75 - [STDERR_REDIRECT] 
2025-03-25 09:52:14,226 [ERROR] LogOutputStream:75 - [STDERR_REDIRECT] [Fatal Error] :1:1: Premature end of file.
2025-03-25 09:52:14,226 [ERROR] LogOutputStream:75 - [STDERR_REDIRECT] 
2025-03-25 09:52:15,225 [ERROR] LogOutputStream:75 - [STDERR_REDIRECT] [Fatal Error] :1:1: Premature end of file.
2025-03-25 09:52:15,225 [ERROR] LogOutputStream:75 - [STDERR_REDIRECT] 
2025-03-25 09:52:16,225 [ERROR] LogOutputStream:75 - [STDERR_REDIRECT] [Fatal Error] :1:1: Premature end of file.
2025-03-25 09:52:16,226 [ERROR] LogOutputStream:75 - [STDERR_REDIRECT] 
2025-03-25 09:52:17,216 [ERROR] LogOutputStream:75 - [STDERR_REDIRECT] [Fatal Error] :1:1: Premature end of file.
2025-03-25 09:52:17,216 [ERROR] LogOutputStream:75 - [STDERR_REDIRECT] 
2025-03-25 09:52:18,225 [ERROR] LogOutputStream:75 - [STDERR_REDIRECT] [Fatal Error] :1:1: Premature end of file.
2025-03-25 09:52:18,225 [ERROR] LogOutputStream:75 - [STDERR_REDIRECT] 
2025-03-25 09:52:19,223 [ERROR] LogOutputStream:75 - [STDERR_REDIRECT] [Fatal Error] :1:1: Premature end of file.
2025-03-25 09:52:19,223 [ERROR] LogOutputStream:75 - [STDERR_REDIRECT] 
2025-03-25 09:52:20,224 [ERROR] LogOutputStream:75 - [STDERR_REDIRECT] [Fatal Error] :1:1: Premature end of file.
2025-03-25 09:52:20,224 [ERROR] LogOutputStream:75 - [STDERR_REDIRECT] 
2025-03-25 09:52:21,223 [ERROR] LogOutputStream:75 - [STDERR_REDIRECT] [Fatal Error] :1:1: Premature end of file.
2025-03-25 09:52:21,223 [ERROR] LogOutputStream:75 - [STDERR_REDIRECT] 
2025-03-25 09:52:22,222 [ERROR] LogOutputStream:75 - [STDERR_REDIRECT] [Fatal Error] :1:1: Premature end of file.
2025-03-25 09:52:22,222 [ERROR] LogOutputStream:75 - [STDERR_REDIRECT] 
2025-03-25 09:52:23,216 [ERROR] LogOutputStream:75 - [STDERR_REDIRECT] [Fatal Error] :1:1: Premature end of file.
2025-03-25 09:52:23,217 [ERROR] LogOutputStream:75 - [STDERR_REDIRECT] 
2025-03-25 09:52:24,219 [ERROR] LogOutputStream:75 - [STDERR_REDIRECT] [Fatal Error] :1:1: Premature end of file.
2025-03-25 09:52:24,219 [ERROR] LogOutputStream:75 - [STDERR_REDIRECT] 
2025-03-25 09:52:25,223 [ERROR] LogOutputStream:75 - [STDERR_REDIRECT] [Fatal Error] :1:1: Premature end of file.
2025-03-25 09:52:25,223 [ERROR] LogOutputStream:75 - [STDERR_REDIRECT] 
2025-03-25 09:52:26,222 [ERROR] LogOutputStream:75 - [STDERR_REDIRECT] [Fatal Error] :1:1: Premature end of file.
2025-03-25 09:52:26,222 [ERROR] LogOutputStream:75 - [STDERR_REDIRECT] 
2025-03-25 09:52:27,226 [ERROR] LogOutputStream:75 - [STDERR_REDIRECT] [Fatal Error] :1:1: Premature end of file.
2025-03-25 09:52:27,226 [ERROR] LogOutputStream:75 - [STDERR_REDIRECT] 
2025-03-25 09:52:28,226 [ERROR] LogOutputStream:75 - [STDERR_REDIRECT] [Fatal Error] :1:1: Premature end of file.
2025-03-25 09:52:28,226 [ERROR] LogOutputStream:75 - [STDERR_REDIRECT] 
2025-03-25 09:52:29,224 [ERROR] LogOutputStream:75 - [STDERR_REDIRECT] [Fatal Error] :1:1: Premature end of file.
2025-03-25 09:52:29,225 [ERROR] LogOutputStream:75 - [STDERR_REDIRECT] 
2025-03-25 09:52:30,222 [ERROR] LogOutputStream:75 - [STDERR_REDIRECT] [Fatal Error] :1:1: Premature end of file.
2025-03-25 09:52:30,222 [ERROR] LogOutputStream:75 - [STDERR_REDIRECT] 
2025-03-25 09:52:31,207 [ERROR] LogOutputStream:75 - [STDERR_REDIRECT] [Fatal Error] :1:1: Premature end of file.
2025-03-25 09:52:31,207 [ERROR] LogOutputStream:75 - [STDERR_REDIRECT] 
2025-03-25 09:52:32,216 [ERROR] LogOutputStream:75 - [STDERR_REDIRECT] [Fatal Error] :1:1: Premature end of file.
2025-03-25 09:52:32,216 [ERROR] LogOutputStream:75 - [STDERR_REDIRECT] 
2025-03-25 09:52:33,216 [ERROR] LogOutputStream:75 - [STDERR_REDIRECT] [Fatal Error] :1:1: Premature end of file.
2025-03-25 09:52:33,216 [ERROR] LogOutputStream:75 - [STDERR_REDIRECT] 
2025-03-25 09:52:34,226 [ERROR] LogOutputStream:75 - [STDERR_REDIRECT] [Fatal Error] :1:1: Premature end of file.
2025-03-25 09:52:34,226 [ERROR] LogOutputStream:75 - [STDERR_REDIRECT] 
2025-03-25 09:52:35,218 [ERROR] LogOutputStream:75 - [STDERR_REDIRECT] [Fatal Error] :1:1: Premature end of file.
2025-03-25 09:52:35,218 [ERROR] LogOutputStream:75 - [STDERR_REDIRECT] 
2025-03-25 09:52:36,221 [ERROR] LogOutputStream:75 - [STDERR_REDIRECT] [Fatal Error] :1:1: Premature end of file.
2025-03-25 09:52:36,221 [ERROR] LogOutputStream:75 - [STDERR_REDIRECT] 
2025-03-25 09:52:37,230 [ERROR] LogOutputStream:75 - [STDERR_REDIRECT] [Fatal Error] :1:1: Premature end of file.
2025-03-25 09:52:37,230 [ERROR] LogOutputStream:75 - [STDERR_REDIRECT] 
2025-03-25 09:52:38,222 [ERROR] LogOutputStream:75 - [STDERR_REDIRECT] [Fatal Error] :1:1: Premature end of file.
2025-03-25 09:52:38,223 [ERROR] LogOutputStream:75 - [STDERR_REDIRECT] 
2025-03-25 09:52:39,221 [ERROR] LogOutputStream:75 - [STDERR_REDIRECT] [Fatal Error] :1:1: Premature end of file.
2025-03-25 09:52:39,221 [ERROR] LogOutputStream:75 - [STDERR_REDIRECT] 
2025-03-25 09:52:40,218 [ERROR] LogOutputStream:75 - [STDERR_REDIRECT] [Fatal Error] :1:1: Premature end of file.
2025-03-25 09:52:40,218 [ERROR] LogOutputStream:75 - [STDERR_REDIRECT] 
2025-03-25 09:52:41,215 [ERROR] LogOutputStream:75 - [STDERR_REDIRECT] [Fatal Error] :1:1: Premature end of file.
2025-03-25 09:52:41,215 [ERROR] LogOutputStream:75 - [STDERR_REDIRECT] 
2025-03-25 09:52:42,220 [ERROR] LogOutputStream:75 - [STDERR_REDIRECT] [Fatal Error] :1:1: Premature end of file.
2025-03-25 09:52:42,220 [ERROR] LogOutputStream:75 - [STDERR_REDIRECT] 
2025-03-25 09:52:43,205 [ERROR] LogOutputStream:75 - [STDERR_REDIRECT] [Fatal Error] :1:1: Premature end of file.
2025-03-25 09:52:43,205 [ERROR] LogOutputStream:75 - [STDERR_REDIRECT] 
2025-03-25 09:52:44,208 [ERROR] LogOutputStream:75 - [STDERR_REDIRECT] [Fatal Error] :1:1: Premature end of file.
2025-03-25 09:52:44,208 [ERROR] LogOutputStream:75 - [STDERR_REDIRECT] 
2025-03-25 09:52:45,219 [ERROR] LogOutputStream:75 - [STDERR_REDIRECT] [Fatal Error] :1:1: Premature end of file.
2025-03-25 09:52:45,220 [ERROR] LogOutputStream:75 - [STDERR_REDIRECT] 
2025-03-25 09:52:46,221 [ERROR] LogOutputStream:75 - [STDERR_REDIRECT] [Fatal Error] :1:1: Premature end of file.
2025-03-25 09:52:46,221 [ERROR] LogOutputStream:75 - [STDERR_REDIRECT] 
2025-03-25 09:52:47,241 [ERROR] LogOutputStream:75 - [STDERR_REDIRECT] [Fatal Error] :1:1: Premature end of file.
2025-03-25 09:52:47,241 [ERROR] LogOutputStream:75 - [STDERR_REDIRECT] 
2025-03-25 09:52:48,223 [ERROR] LogOutputStream:75 - [STDERR_REDIRECT] [Fatal Error] :1:1: Premature end of file.
2025-03-25 09:52:48,223 [ERROR] LogOutputStream:75 - [STDERR_REDIRECT] 
2025-03-25 09:52:49,215 [ERROR] LogOutputStream:75 - [STDERR_REDIRECT] [Fatal Error] :1:1: Premature end of file.
2025-03-25 09:52:49,215 [ERROR] LogOutputStream:75 - [STDERR_REDIRECT] 
2025-03-25 09:52:50,218 [ERROR] LogOutputStream:75 - [STDERR_REDIRECT] [Fatal Error] :1:1: Premature end of file.
2025-03-25 09:52:50,218 [ERROR] LogOutputStream:75 - [STDERR_REDIRECT] 
2025-03-25 09:52:51,221 [ERROR] LogOutputStream:75 - [STDERR_REDIRECT] [Fatal Error] :1:1: Premature end of file.
2025-03-25 09:52:51,222 [ERROR] LogOutputStream:75 - [STDERR_REDIRECT] 
2025-03-25 09:52:52,215 [ERROR] LogOutputStream:75 - [STDERR_REDIRECT] [Fatal Error] :1:1: Premature end of file.
2025-03-25 09:52:52,215 [ERROR] LogOutputStream:75 - [STDERR_REDIRECT] 
2025-03-25 09:52:53,217 [ERROR] LogOutputStream:75 - [STDERR_REDIRECT] [Fatal Error] :1:1: Premature end of file.
2025-03-25 09:52:53,217 [ERROR] LogOutputStream:75 - [STDERR_REDIRECT] 
2025-03-25 09:52:54,222 [ERROR] LogOutputStream:75 - [STDERR_REDIRECT] [Fatal Error] :1:1: Premature end of file.
2025-03-25 09:52:54,223 [ERROR] LogOutputStream:75 - [STDERR_REDIRECT] 
2025-03-25 09:52:55,217 [ERROR] LogOutputStream:75 - [STDERR_REDIRECT] [Fatal Error] :1:1: Premature end of file.
2025-03-25 09:52:55,217 [ERROR] LogOutputStream:75 - [STDERR_REDIRECT] 
2025-03-25 09:52:56,225 [ERROR] LogOutputStream:75 - [STDERR_REDIRECT] [Fatal Error] :1:1: Premature end of file.
2025-03-25 09:52:56,225 [ERROR] LogOutputStream:75 - [STDERR_REDIRECT] 
2025-03-25 09:52:57,218 [ERROR] LogOutputStream:75 - [STDERR_REDIRECT] [Fatal Error] :1:1: Premature end of file.
2025-03-25 09:52:57,219 [ERROR] LogOutputStream:75 - [STDERR_REDIRECT] 
2025-03-25 09:52:58,223 [ERROR] LogOutputStream:75 - [STDERR_REDIRECT] [Fatal Error] :1:1: Premature end of file.
2025-03-25 09:52:58,223 [ERROR] LogOutputStream:75 - [STDERR_REDIRECT] 
2025-03-25 09:52:59,217 [ERROR] LogOutputStream:75 - [STDERR_REDIRECT] [Fatal Error] :1:1: Premature end of file.
2025-03-25 09:52:59,217 [ERROR] LogOutputStream:75 - [STDERR_REDIRECT] 
2025-03-25 09:53:00,223 [ERROR] LogOutputStream:75 - [STDERR_REDIRECT] [Fatal Error] :1:1: Premature end of file.
2025-03-25 09:53:00,223 [ERROR] LogOutputStream:75 - [STDERR_REDIRECT] 
2025-03-25 09:53:01,225 [ERROR] LogOutputStream:75 - [STDERR_REDIRECT] [Fatal Error] :1:1: Premature end of file.
2025-03-25 09:53:01,225 [ERROR] LogOutputStream:75 - [STDERR_REDIRECT] 
2025-03-25 09:53:02,217 [ERROR] LogOutputStream:75 - [STDERR_REDIRECT] [Fatal Error] :1:1: Premature end of file.
2025-03-25 09:53:02,218 [ERROR] LogOutputStream:75 - [STDERR_REDIRECT] 
2025-03-25 09:53:03,226 [ERROR] LogOutputStream:75 - [STDERR_REDIRECT] [Fatal Error] :1:1: Premature end of file.
2025-03-25 09:53:03,226 [ERROR] LogOutputStream:75 - [STDERR_REDIRECT] 
2025-03-25 09:53:04,211 [ERROR] LogOutputStream:75 - [STDERR_REDIRECT] [Fatal Error] :1:1: Premature end of file.
2025-03-25 09:53:04,212 [ERROR] LogOutputStream:75 - [STDERR_REDIRECT] 
2025-03-25 09:53:05,209 [ERROR] LogOutputStream:75 - [STDERR_REDIRECT] [Fatal Error] :1:1: Premature end of file.
2025-03-25 09:53:05,209 [ERROR] LogOutputStream:75 - [STDERR_REDIRECT] 
2025-03-25 09:53:06,215 [ERROR] LogOutputStream:75 - [STDERR_REDIRECT] [Fatal Error] :1:1: Premature end of file.
2025-03-25 09:53:06,215 [ERROR] LogOutputStream:75 - [STDERR_REDIRECT] 
2025-03-25 09:53:07,217 [ERROR] LogOutputStream:75 - [STDERR_REDIRECT] [Fatal Error] :1:1: Premature end of file.
2025-03-25 09:53:07,218 [ERROR] LogOutputStream:75 - [STDERR_REDIRECT] 
2025-03-25 09:53:08,219 [ERROR] LogOutputStream:75 - [STDERR_REDIRECT] [Fatal Error] :1:1: Premature end of file.
2025-03-25 09:53:08,220 [ERROR] LogOutputStream:75 - [STDERR_REDIRECT] 
2025-03-25 09:53:09,224 [ERROR] LogOutputStream:75 - [STDERR_REDIRECT] [Fatal Error] :1:1: Premature end of file.
2025-03-25 09:53:09,224 [ERROR] LogOutputStream:75 - [STDERR_REDIRECT] 
2025-03-25 09:53:10,222 [ERROR] LogOutputStream:75 - [STDERR_REDIRECT] [Fatal Error] :1:1: Premature end of file.
2025-03-25 09:53:10,222 [ERROR] LogOutputStream:75 - [STDERR_REDIRECT] 
2025-03-25 09:53:11,230 [ERROR] LogOutputStream:75 - [STDERR_REDIRECT] [Fatal Error] :1:1: Premature end of file.
2025-03-25 09:53:11,230 [ERROR] LogOutputStream:75 - [STDERR_REDIRECT] 
2025-03-25 09:53:12,224 [ERROR] LogOutputStream:75 - [STDERR_REDIRECT] [Fatal Error] :1:1: Premature end of file.
2025-03-25 09:53:12,224 [ERROR] LogOutputStream:75 - [STDERR_REDIRECT] 
2025-03-25 09:53:13,238 [ERROR] LogOutputStream:75 - [STDERR_REDIRECT] [Fatal Error] :1:1: Premature end of file.
2025-03-25 09:53:13,239 [ERROR] LogOutputStream:75 - [STDERR_REDIRECT] 
2025-03-25 09:53:14,221 [ERROR] LogOutputStream:75 - [STDERR_REDIRECT] [Fatal Error] :1:1: Premature end of file.
2025-03-25 09:53:14,221 [ERROR] LogOutputStream:75 - [STDERR_REDIRECT] 
2025-03-25 09:53:15,205 [ERROR] LogOutputStream:75 - [STDERR_REDIRECT] [Fatal Error] :1:1: Premature end of file.
2025-03-25 09:53:15,205 [ERROR] LogOutputStream:75 - [STDERR_REDIRECT] 
2025-03-25 09:53:16,222 [ERROR] LogOutputStream:75 - [STDERR_REDIRECT] [Fatal Error] :1:1: Premature end of file.
2025-03-25 09:53:16,222 [ERROR] LogOutputStream:75 - [STDERR_REDIRECT] 
2025-03-25 09:53:17,214 [ERROR] LogOutputStream:75 - [STDERR_REDIRECT] [Fatal Error] :1:1: Premature end of file.
2025-03-25 09:53:17,214 [ERROR] LogOutputStream:75 - [STDERR_REDIRECT] 
2025-03-25 09:53:18,220 [ERROR] LogOutputStream:75 - [STDERR_REDIRECT] [Fatal Error] :1:1: Premature end of file.
2025-03-25 09:53:18,220 [ERROR] LogOutputStream:75 - [STDERR_REDIRECT] 
2025-03-25 09:53:19,222 [ERROR] LogOutputStream:75 - [STDERR_REDIRECT] [Fatal Error] :1:1: Premature end of file.
2025-03-25 09:53:19,222 [ERROR] LogOutputStream:75 - [STDERR_REDIRECT] 
2025-03-25 09:53:20,220 [ERROR] LogOutputStream:75 - [STDERR_REDIRECT] [Fatal Error] :1:1: Premature end of file.
2025-03-25 09:53:20,220 [ERROR] LogOutputStream:75 - [STDERR_REDIRECT] 
2025-03-25 09:53:21,220 [ERROR] LogOutputStream:75 - [STDERR_REDIRECT] [Fatal Error] :1:1: Premature end of file.
2025-03-25 09:53:21,220 [ERROR] LogOutputStream:75 - [STDERR_REDIRECT] 
2025-03-25 09:53:22,225 [ERROR] LogOutputStream:75 - [STDERR_REDIRECT] [Fatal Error] :1:1: Premature end of file.
2025-03-25 09:53:22,226 [ERROR] LogOutputStream:75 - [STDERR_REDIRECT] 
2025-03-25 09:53:23,223 [ERROR] LogOutputStream:75 - [STDERR_REDIRECT] [Fatal Error] :1:1: Premature end of file.
2025-03-25 09:53:23,224 [ERROR] LogOutputStream:75 - [STDERR_REDIRECT] 
2025-03-25 09:53:24,212 [ERROR] LogOutputStream:75 - [STDERR_REDIRECT] [Fatal Error] :1:1: Premature end of file.
2025-03-25 09:53:24,213 [ERROR] LogOutputStream:75 - [STDERR_REDIRECT] 
2025-03-25 09:53:25,219 [ERROR] LogOutputStream:75 - [STDERR_REDIRECT] [Fatal Error] :1:1: Premature end of file.
2025-03-25 09:53:25,219 [ERROR] LogOutputStream:75 - [STDERR_REDIRECT] 
2025-03-25 09:53:26,211 [ERROR] LogOutputStream:75 - [STDERR_REDIRECT] [Fatal Error] :1:1: Premature end of file.
2025-03-25 09:53:26,211 [ERROR] LogOutputStream:75 - [STDERR_REDIRECT] 
2025-03-25 09:53:27,221 [ERROR] LogOutputStream:75 - [STDERR_REDIRECT] [Fatal Error] :1:1: Premature end of file.
2025-03-25 09:53:27,222 [ERROR] LogOutputStream:75 - [STDERR_REDIRECT] 
2025-03-25 09:53:28,223 [ERROR] LogOutputStream:75 - [STDERR_REDIRECT] [Fatal Error] :1:1: Premature end of file.
2025-03-25 09:53:28,223 [ERROR] LogOutputStream:75 - [STDERR_REDIRECT] 
2025-03-25 09:53:29,228 [ERROR] LogOutputStream:75 - [STDERR_REDIRECT] [Fatal Error] :1:1: Premature end of file.
2025-03-25 09:53:29,229 [ERROR] LogOutputStream:75 - [STDERR_REDIRECT] 
2025-03-25 09:53:30,220 [ERROR] LogOutputStream:75 - [STDERR_REDIRECT] [Fatal Error] :1:1: Premature end of file.
2025-03-25 09:53:30,221 [ERROR] LogOutputStream:75 - [STDERR_REDIRECT] 
2025-03-25 09:53:31,227 [ERROR] LogOutputStream:75 - [STDERR_REDIRECT] [Fatal Error] :1:1: Premature end of file.
2025-03-25 09:53:31,227 [ERROR] LogOutputStream:75 - [STDERR_REDIRECT] 
2025-03-25 09:53:32,228 [ERROR] LogOutputStream:75 - [STDERR_REDIRECT] [Fatal Error] :1:1: Premature end of file.
2025-03-25 09:53:32,228 [ERROR] LogOutputStream:75 - [STDERR_REDIRECT] 
2025-03-25 09:53:33,220 [ERROR] LogOutputStream:75 - [STDERR_REDIRECT] [Fatal Error] :1:1: Premature end of file.
2025-03-25 09:53:33,221 [ERROR] LogOutputStream:75 - [STDERR_REDIRECT] 
2025-03-25 09:53:34,224 [ERROR] LogOutputStream:75 - [STDERR_REDIRECT] [Fatal Error] :1:1: Premature end of file.
2025-03-25 09:53:34,224 [ERROR] LogOutputStream:75 - [STDERR_REDIRECT] 
2025-03-25 09:53:35,219 [ERROR] LogOutputStream:75 - [STDERR_REDIRECT] [Fatal Error] :1:1: Premature end of file.
2025-03-25 09:53:35,219 [ERROR] LogOutputStream:75 - [STDERR_REDIRECT] 
2025-03-25 09:53:36,227 [ERROR] LogOutputStream:75 - [STDERR_REDIRECT] [Fatal Error] :1:1: Premature end of file.
2025-03-25 09:53:36,227 [ERROR] LogOutputStream:75 - [STDERR_REDIRECT] 
2025-03-25 09:53:37,223 [ERROR] LogOutputStream:75 - [STDERR_REDIRECT] [Fatal Error] :1:1: Premature end of file.
2025-03-25 09:53:37,224 [ERROR] LogOutputStream:75 - [STDERR_REDIRECT] 
2025-03-25 09:53:38,211 [ERROR] LogOutputStream:75 - [STDERR_REDIRECT] [Fatal Error] :1:1: Premature end of file.
2025-03-25 09:53:38,211 [ERROR] LogOutputStream:75 - [STDERR_REDIRECT] 
2025-03-25 09:53:39,220 [ERROR] LogOutputStream:75 - [STDERR_REDIRECT] [Fatal Error] :1:1: Premature end of file.
2025-03-25 09:53:39,220 [ERROR] LogOutputStream:75 - [STDERR_REDIRECT] 
2025-03-25 09:53:40,220 [ERROR] LogOutputStream:75 - [STDERR_REDIRECT] [Fatal Error] :1:1: Premature end of file.
2025-03-25 09:53:40,221 [ERROR] LogOutputStream:75 - [STDERR_REDIRECT] 
2025-03-25 09:53:41,228 [ERROR] LogOutputStream:75 - [STDERR_REDIRECT] [Fatal Error] :1:1: Premature end of file.
2025-03-25 09:53:41,229 [ERROR] LogOutputStream:75 - [STDERR_REDIRECT] 
2025-03-25 09:53:42,233 [ERROR] LogOutputStream:75 - [STDERR_REDIRECT] [Fatal Error] :1:1: Premature end of file.
2025-03-25 09:53:42,233 [ERROR] LogOutputStream:75 - [STDERR_REDIRECT] 
2025-03-25 09:53:43,224 [ERROR] LogOutputStream:75 - [STDERR_REDIRECT] [Fatal Error] :1:1: Premature end of file.
2025-03-25 09:53:43,225 [ERROR] LogOutputStream:75 - [STDERR_REDIRECT] 
2025-03-25 09:53:44,224 [ERROR] LogOutputStream:75 - [STDERR_REDIRECT] [Fatal Error] :1:1: Premature end of file.
2025-03-25 09:53:44,224 [ERROR] LogOutputStream:75 - [STDERR_REDIRECT] 
2025-03-25 09:53:45,208 [ERROR] LogOutputStream:75 - [STDERR_REDIRECT] [Fatal Error] :1:1: Premature end of file.
2025-03-25 09:53:45,208 [ERROR] LogOutputStream:75 - [STDERR_REDIRECT] 
2025-03-25 09:53:46,231 [ERROR] LogOutputStream:75 - [STDERR_REDIRECT] [Fatal Error] :1:1: Premature end of file.
2025-03-25 09:53:46,231 [ERROR] LogOutputStream:75 - [STDERR_REDIRECT] 
2025-03-25 09:53:47,225 [ERROR] LogOutputStream:75 - [STDERR_REDIRECT] [Fatal Error] :1:1: Premature end of file.
2025-03-25 09:53:47,226 [ERROR] LogOutputStream:75 - [STDERR_REDIRECT] 
2025-03-25 09:53:48,227 [ERROR] LogOutputStream:75 - [STDERR_REDIRECT] [Fatal Error] :1:1: Premature end of file.
2025-03-25 09:53:48,227 [ERROR] LogOutputStream:75 - [STDERR_REDIRECT] 
2025-03-25 09:53:49,223 [ERROR] LogOutputStream:75 - [STDERR_REDIRECT] [Fatal Error] :1:1: Premature end of file.
2025-03-25 09:53:49,224 [ERROR] LogOutputStream:75 - [STDERR_REDIRECT] 
2025-03-25 09:53:50,222 [ERROR] LogOutputStream:75 - [STDERR_REDIRECT] [Fatal Error] :1:1: Premature end of file.
2025-03-25 09:53:50,223 [ERROR] LogOutputStream:75 - [STDERR_REDIRECT] 
2025-03-25 09:53:51,221 [ERROR] LogOutputStream:75 - [STDERR_REDIRECT] [Fatal Error] :1:1: Premature end of file.
2025-03-25 09:53:51,221 [ERROR] LogOutputStream:75 - [STDERR_REDIRECT] 
2025-03-25 09:53:52,229 [ERROR] LogOutputStream:75 - [STDERR_REDIRECT] [Fatal Error] :1:1: Premature end of file.
2025-03-25 09:53:52,230 [ERROR] LogOutputStream:75 - [STDERR_REDIRECT] 
2025-03-25 09:53:53,222 [ERROR] LogOutputStream:75 - [STDERR_REDIRECT] [Fatal Error] :1:1: Premature end of file.
2025-03-25 09:53:53,222 [ERROR] LogOutputStream:75 - [STDERR_REDIRECT] 
2025-03-25 09:53:54,229 [ERROR] LogOutputStream:75 - [STDERR_REDIRECT] [Fatal Error] :1:1: Premature end of file.
2025-03-25 09:53:54,229 [ERROR] LogOutputStream:75 - [STDERR_REDIRECT] 
2025-03-25 09:53:55,214 [ERROR] LogOutputStream:75 - [STDERR_REDIRECT] [Fatal Error] :1:1: Premature end of file.
2025-03-25 09:53:55,214 [ERROR] LogOutputStream:75 - [STDERR_REDIRECT] 
2025-03-25 09:53:56,219 [ERROR] LogOutputStream:75 - [STDERR_REDIRECT] [Fatal Error] :1:1: Premature end of file.
2025-03-25 09:53:56,220 [ERROR] LogOutputStream:75 - [STDERR_REDIRECT] 
2025-03-25 09:53:57,223 [ERROR] LogOutputStream:75 - [STDERR_REDIRECT] [Fatal Error] :1:1: Premature end of file.
2025-03-25 09:53:57,223 [ERROR] LogOutputStream:75 - [STDERR_REDIRECT] 
2025-03-25 09:53:58,229 [ERROR] LogOutputStream:75 - [STDERR_REDIRECT] [Fatal Error] :1:1: Premature end of file.
2025-03-25 09:53:58,230 [ERROR] LogOutputStream:75 - [STDERR_REDIRECT] 
2025-03-25 09:53:59,219 [ERROR] LogOutputStream:75 - [STDERR_REDIRECT] [Fatal Error] :1:1: Premature end of file.
2025-03-25 09:53:59,219 [ERROR] LogOutputStream:75 - [STDERR_REDIRECT] 
2025-03-25 09:54:00,226 [ERROR] LogOutputStream:75 - [STDERR_REDIRECT] [Fatal Error] :1:1: Premature end of file.
2025-03-25 09:54:00,226 [ERROR] LogOutputStream:75 - [STDERR_REDIRECT] 
2025-03-25 09:54:01,226 [ERROR] LogOutputStream:75 - [STDERR_REDIRECT] [Fatal Error] :1:1: Premature end of file.
2025-03-25 09:54:01,227 [ERROR] LogOutputStream:75 - [STDERR_REDIRECT] 
2025-03-25 09:54:02,222 [ERROR] LogOutputStream:75 - [STDERR_REDIRECT] [Fatal Error] :1:1: Premature end of file.
2025-03-25 09:54:02,223 [ERROR] LogOutputStream:75 - [STDERR_REDIRECT] 
2025-03-25 09:54:03,221 [ERROR] LogOutputStream:75 - [STDERR_REDIRECT] [Fatal Error] :1:1: Premature end of file.
2025-03-25 09:54:03,221 [ERROR] LogOutputStream:75 - [STDERR_REDIRECT] 
2025-03-25 09:54:04,226 [ERROR] LogOutputStream:75 - [STDERR_REDIRECT] [Fatal Error] :1:1: Premature end of file.
2025-03-25 09:54:04,226 [ERROR] LogOutputStream:75 - [STDERR_REDIRECT] 
2025-03-25 09:54:05,223 [ERROR] LogOutputStream:75 - [STDERR_REDIRECT] [Fatal Error] :1:1: Premature end of file.
2025-03-25 09:54:05,223 [ERROR] LogOutputStream:75 - [STDERR_REDIRECT] 
2025-03-25 09:54:06,226 [ERROR] LogOutputStream:75 - [STDERR_REDIRECT] [Fatal Error] :1:1: Premature end of file.
2025-03-25 09:54:06,226 [ERROR] LogOutputStream:75 - [STDERR_REDIRECT] 
2025-03-25 09:54:07,226 [ERROR] LogOutputStream:75 - [STDERR_REDIRECT] [Fatal Error] :1:1: Premature end of file.
2025-03-25 09:54:07,227 [ERROR] LogOutputStream:75 - [STDERR_REDIRECT] 
2025-03-25 09:54:08,222 [ERROR] LogOutputStream:75 - [STDERR_REDIRECT] [Fatal Error] :1:1: Premature end of file.
2025-03-25 09:54:08,223 [ERROR] LogOutputStream:75 - [STDERR_REDIRECT] 
2025-03-25 09:54:09,221 [ERROR] LogOutputStream:75 - [STDERR_REDIRECT] [Fatal Error] :1:1: Premature end of file.
2025-03-25 09:54:09,221 [ERROR] LogOutputStream:75 - [STDERR_REDIRECT] 
2025-03-25 09:54:10,218 [ERROR] LogOutputStream:75 - [STDERR_REDIRECT] [Fatal Error] :1:1: Premature end of file.
2025-03-25 09:54:10,218 [ERROR] LogOutputStream:75 - [STDERR_REDIRECT] 
2025-03-25 09:54:11,217 [ERROR] LogOutputStream:75 - [STDERR_REDIRECT] [Fatal Error] :1:1: Premature end of file.
2025-03-25 09:54:11,217 [ERROR] LogOutputStream:75 - [STDERR_REDIRECT] 
2025-03-25 09:54:12,223 [ERROR] LogOutputStream:75 - [STDERR_REDIRECT] [Fatal Error] :1:1: Premature end of file.
2025-03-25 09:54:12,223 [ERROR] LogOutputStream:75 - [STDERR_REDIRECT] 
2025-03-25 09:54:13,215 [ERROR] LogOutputStream:75 - [STDERR_REDIRECT] [Fatal Error] :1:1: Premature end of file.
2025-03-25 09:54:13,215 [ERROR] LogOutputStream:75 - [STDERR_REDIRECT] 
2025-03-25 09:54:14,218 [ERROR] LogOutputStream:75 - [STDERR_REDIRECT] [Fatal Error] :1:1: Premature end of file.
2025-03-25 09:54:14,219 [ERROR] LogOutputStream:75 - [STDERR_REDIRECT] 
2025-03-25 09:54:15,224 [ERROR] LogOutputStream:75 - [STDERR_REDIRECT] [Fatal Error] :1:1: Premature end of file.
2025-03-25 09:54:15,224 [ERROR] LogOutputStream:75 - [STDERR_REDIRECT] 
2025-03-25 09:54:16,225 [ERROR] LogOutputStream:75 - [STDERR_REDIRECT] [Fatal Error] :1:1: Premature end of file.
2025-03-25 09:54:16,225 [ERROR] LogOutputStream:75 - [STDERR_REDIRECT] 
2025-03-25 09:54:17,217 [ERROR] LogOutputStream:75 - [STDERR_REDIRECT] [Fatal Error] :1:1: Premature end of file.
2025-03-25 09:54:17,218 [ERROR] LogOutputStream:75 - [STDERR_REDIRECT] 
2025-03-25 09:54:18,220 [ERROR] LogOutputStream:75 - [STDERR_REDIRECT] [Fatal Error] :1:1: Premature end of file.
2025-03-25 09:54:18,220 [ERROR] LogOutputStream:75 - [STDERR_REDIRECT] 
2025-03-25 09:54:19,218 [ERROR] LogOutputStream:75 - [STDERR_REDIRECT] [Fatal Error] :1:1: Premature end of file.
2025-03-25 09:54:19,218 [ERROR] LogOutputStream:75 - [STDERR_REDIRECT] 
2025-03-25 09:54:20,220 [ERROR] LogOutputStream:75 - [STDERR_REDIRECT] [Fatal Error] :1:1: Premature end of file.
2025-03-25 09:54:20,221 [ERROR] LogOutputStream:75 - [STDERR_REDIRECT] 
2025-03-25 09:54:21,222 [ERROR] LogOutputStream:75 - [STDERR_REDIRECT] [Fatal Error] :1:1: Premature end of file.
2025-03-25 09:54:21,222 [ERROR] LogOutputStream:75 - [STDERR_REDIRECT] 
2025-03-25 09:54:22,218 [ERROR] LogOutputStream:75 - [STDERR_REDIRECT] [Fatal Error] :1:1: Premature end of file.
2025-03-25 09:54:22,219 [ERROR] LogOutputStream:75 - [STDERR_REDIRECT] 
2025-03-25 09:54:23,213 [ERROR] LogOutputStream:75 - [STDERR_REDIRECT] [Fatal Error] :1:1: Premature end of file.
2025-03-25 09:54:23,213 [ERROR] LogOutputStream:75 - [STDERR_REDIRECT] 
2025-03-25 09:54:24,220 [ERROR] LogOutputStream:75 - [STDERR_REDIRECT] [Fatal Error] :1:1: Premature end of file.
2025-03-25 09:54:24,220 [ERROR] LogOutputStream:75 - [STDERR_REDIRECT] 
2025-03-25 09:54:25,225 [ERROR] LogOutputStream:75 - [STDERR_REDIRECT] [Fatal Error] :1:1: Premature end of file.
2025-03-25 09:54:25,225 [ERROR] LogOutputStream:75 - [STDERR_REDIRECT] 
2025-03-25 09:54:26,223 [ERROR] LogOutputStream:75 - [STDERR_REDIRECT] [Fatal Error] :1:1: Premature end of file.
2025-03-25 09:54:26,224 [ERROR] LogOutputStream:75 - [STDERR_REDIRECT] 
2025-03-25 09:54:27,218 [ERROR] LogOutputStream:75 - [STDERR_REDIRECT] [Fatal Error] :1:1: Premature end of file.
2025-03-25 09:54:27,219 [ERROR] LogOutputStream:75 - [STDERR_REDIRECT] 
2025-03-25 09:54:28,222 [ERROR] LogOutputStream:75 - [STDERR_REDIRECT] [Fatal Error] :1:1: Premature end of file.
2025-03-25 09:54:28,223 [ERROR] LogOutputStream:75 - [STDERR_REDIRECT] 
2025-03-25 09:54:29,224 [ERROR] LogOutputStream:75 - [STDERR_REDIRECT] [Fatal Error] :1:1: Premature end of file.
2025-03-25 09:54:29,224 [ERROR] LogOutputStream:75 - [STDERR_REDIRECT] 
2025-03-25 09:54:30,218 [ERROR] LogOutputStream:75 - [STDERR_REDIRECT] [Fatal Error] :1:1: Premature end of file.
2025-03-25 09:54:30,218 [ERROR] LogOutputStream:75 - [STDERR_REDIRECT] 
2025-03-25 09:54:31,220 [ERROR] LogOutputStream:75 - [STDERR_REDIRECT] [Fatal Error] :1:1: Premature end of file.
2025-03-25 09:54:31,220 [ERROR] LogOutputStream:75 - [STDERR_REDIRECT] 
2025-03-25 09:54:32,214 [ERROR] LogOutputStream:75 - [STDERR_REDIRECT] [Fatal Error] :1:1: Premature end of file.
2025-03-25 09:54:32,214 [ERROR] LogOutputStream:75 - [STDERR_REDIRECT] 
2025-03-25 09:54:33,226 [ERROR] LogOutputStream:75 - [STDERR_REDIRECT] [Fatal Error] :1:1: Premature end of file.
2025-03-25 09:54:33,226 [ERROR] LogOutputStream:75 - [STDERR_REDIRECT] 
2025-03-25 09:54:34,238 [ERROR] LogOutputStream:75 - [STDERR_REDIRECT] [Fatal Error] :1:1: Premature end of file.
2025-03-25 09:54:34,238 [ERROR] LogOutputStream:75 - [STDERR_REDIRECT] 
2025-03-25 09:54:35,222 [ERROR] LogOutputStream:75 - [STDERR_REDIRECT] [Fatal Error] :1:1: Premature end of file.
2025-03-25 09:54:35,222 [ERROR] LogOutputStream:75 - [STDERR_REDIRECT] 
2025-03-25 09:54:36,225 [ERROR] LogOutputStream:75 - [STDERR_REDIRECT] [Fatal Error] :1:1: Premature end of file.
2025-03-25 09:54:36,226 [ERROR] LogOutputStream:75 - [STDERR_REDIRECT] 
2025-03-25 09:54:37,218 [ERROR] LogOutputStream:75 - [STDERR_REDIRECT] [Fatal Error] :1:1: Premature end of file.
2025-03-25 09:54:37,218 [ERROR] LogOutputStream:75 - [STDERR_REDIRECT] 
2025-03-25 09:54:38,221 [ERROR] LogOutputStream:75 - [STDERR_REDIRECT] [Fatal Error] :1:1: Premature end of file.
2025-03-25 09:54:38,221 [ERROR] LogOutputStream:75 - [STDERR_REDIRECT] 
2025-03-25 09:54:39,229 [ERROR] LogOutputStream:75 - [STDERR_REDIRECT] [Fatal Error] :1:1: Premature end of file.
2025-03-25 09:54:39,230 [ERROR] LogOutputStream:75 - [STDERR_REDIRECT] 
2025-03-25 09:54:40,221 [ERROR] LogOutputStream:75 - [STDERR_REDIRECT] [Fatal Error] :1:1: Premature end of file.
2025-03-25 09:54:40,221 [ERROR] LogOutputStream:75 - [STDERR_REDIRECT] 
2025-03-25 09:54:41,220 [ERROR] LogOutputStream:75 - [STDERR_REDIRECT] [Fatal Error] :1:1: Premature end of file.
2025-03-25 09:54:41,221 [ERROR] LogOutputStream:75 - [STDERR_REDIRECT] 
2025-03-25 09:54:42,218 [ERROR] LogOutputStream:75 - [STDERR_REDIRECT] [Fatal Error] :1:1: Premature end of file.
2025-03-25 09:54:42,218 [ERROR] LogOutputStream:75 - [STDERR_REDIRECT] 
2025-03-25 09:54:43,222 [ERROR] LogOutputStream:75 - [STDERR_REDIRECT] [Fatal Error] :1:1: Premature end of file.
2025-03-25 09:54:43,222 [ERROR] LogOutputStream:75 - [STDERR_REDIRECT] 
2025-03-25 09:54:44,224 [ERROR] LogOutputStream:75 - [STDERR_REDIRECT] [Fatal Error] :1:1: Premature end of file.
2025-03-25 09:54:44,224 [ERROR] LogOutputStream:75 - [STDERR_REDIRECT] 
2025-03-25 09:54:45,222 [ERROR] LogOutputStream:75 - [STDERR_REDIRECT] [Fatal Error] :1:1: Premature end of file.
2025-03-25 09:54:45,222 [ERROR] LogOutputStream:75 - [STDERR_REDIRECT] 
2025-03-25 09:54:46,216 [ERROR] LogOutputStream:75 - [STDERR_REDIRECT] [Fatal Error] :1:1: Premature end of file.
2025-03-25 09:54:46,216 [ERROR] LogOutputStream:75 - [STDERR_REDIRECT] 
2025-03-25 09:54:47,219 [ERROR] LogOutputStream:75 - [STDERR_REDIRECT] [Fatal Error] :1:1: Premature end of file.
2025-03-25 09:54:47,220 [ERROR] LogOutputStream:75 - [STDERR_REDIRECT] 
2025-03-25 09:54:48,232 [ERROR] LogOutputStream:75 - [STDERR_REDIRECT] [Fatal Error] :1:1: Premature end of file.
2025-03-25 09:54:48,233 [ERROR] LogOutputStream:75 - [STDERR_REDIRECT] 
2025-03-25 09:54:49,223 [ERROR] LogOutputStream:75 - [STDERR_REDIRECT] [Fatal Error] :1:1: Premature end of file.
2025-03-25 09:54:49,223 [ERROR] LogOutputStream:75 - [STDERR_REDIRECT] 
2025-03-25 09:54:50,223 [ERROR] LogOutputStream:75 - [STDERR_REDIRECT] [Fatal Error] :1:1: Premature end of file.
2025-03-25 09:54:50,223 [ERROR] LogOutputStream:75 - [STDERR_REDIRECT] 
2025-03-25 09:54:51,224 [ERROR] LogOutputStream:75 - [STDERR_REDIRECT] [Fatal Error] :1:1: Premature end of file.
2025-03-25 09:54:51,224 [ERROR] LogOutputStream:75 - [STDERR_REDIRECT] 
2025-03-25 09:54:52,223 [ERROR] LogOutputStream:75 - [STDERR_REDIRECT] [Fatal Error] :1:1: Premature end of file.
2025-03-25 09:54:52,224 [ERROR] LogOutputStream:75 - [STDERR_REDIRECT] 
2025-03-25 09:54:53,224 [ERROR] LogOutputStream:75 - [STDERR_REDIRECT] [Fatal Error] :1:1: Premature end of file.
2025-03-25 09:54:53,224 [ERROR] LogOutputStream:75 - [STDERR_REDIRECT] 
2025-03-25 09:54:54,224 [ERROR] LogOutputStream:75 - [STDERR_REDIRECT] [Fatal Error] :1:1: Premature end of file.
2025-03-25 09:54:54,224 [ERROR] LogOutputStream:75 - [STDERR_REDIRECT] 
2025-03-25 09:54:55,215 [ERROR] LogOutputStream:75 - [STDERR_REDIRECT] [Fatal Error] :1:1: Premature end of file.
2025-03-25 09:54:55,215 [ERROR] LogOutputStream:75 - [STDERR_REDIRECT] 
2025-03-25 09:54:56,225 [ERROR] LogOutputStream:75 - [STDERR_REDIRECT] [Fatal Error] :1:1: Premature end of file.
2025-03-25 09:54:56,225 [ERROR] LogOutputStream:75 - [STDERR_REDIRECT] 
2025-03-25 09:54:57,222 [ERROR] LogOutputStream:75 - [STDERR_REDIRECT] [Fatal Error] :1:1: Premature end of file.
2025-03-25 09:54:57,222 [ERROR] LogOutputStream:75 - [STDERR_REDIRECT] 
2025-03-25 09:54:58,221 [ERROR] LogOutputStream:75 - [STDERR_REDIRECT] [Fatal Error] :1:1: Premature end of file.
2025-03-25 09:54:58,221 [ERROR] LogOutputStream:75 - [STDERR_REDIRECT] 
2025-03-25 09:54:59,226 [ERROR] LogOutputStream:75 - [STDERR_REDIRECT] [Fatal Error] :1:1: Premature end of file.
2025-03-25 09:54:59,226 [ERROR] LogOutputStream:75 - [STDERR_REDIRECT] 
2025-03-25 09:55:00,219 [ERROR] LogOutputStream:75 - [STDERR_REDIRECT] [Fatal Error] :1:1: Premature end of file.
2025-03-25 09:55:00,219 [ERROR] LogOutputStream:75 - [STDERR_REDIRECT] 
2025-03-25 09:55:01,221 [ERROR] LogOutputStream:75 - [STDERR_REDIRECT] [Fatal Error] :1:1: Premature end of file.
2025-03-25 09:55:01,221 [ERROR] LogOutputStream:75 - [STDERR_REDIRECT] 
2025-03-25 09:55:02,214 [ERROR] LogOutputStream:75 - [STDERR_REDIRECT] [Fatal Error] :1:1: Premature end of file.
2025-03-25 09:55:02,214 [ERROR] LogOutputStream:75 - [STDERR_REDIRECT] 
2025-03-25 09:55:03,226 [ERROR] LogOutputStream:75 - [STDERR_REDIRECT] [Fatal Error] :1:1: Premature end of file.
2025-03-25 09:55:03,227 [ERROR] LogOutputStream:75 - [STDERR_REDIRECT] 
2025-03-25 09:55:04,218 [ERROR] LogOutputStream:75 - [STDERR_REDIRECT] [Fatal Error] :1:1: Premature end of file.
2025-03-25 09:55:04,218 [ERROR] LogOutputStream:75 - [STDERR_REDIRECT] 
2025-03-25 09:55:05,217 [ERROR] LogOutputStream:75 - [STDERR_REDIRECT] [Fatal Error] :1:1: Premature end of file.
2025-03-25 09:55:05,217 [ERROR] LogOutputStream:75 - [STDERR_REDIRECT] 
2025-03-25 09:55:06,228 [ERROR] LogOutputStream:75 - [STDERR_REDIRECT] [Fatal Error] :1:1: Premature end of file.
2025-03-25 09:55:06,229 [ERROR] LogOutputStream:75 - [STDERR_REDIRECT] 
2025-03-25 09:55:07,218 [ERROR] LogOutputStream:75 - [STDERR_REDIRECT] [Fatal Error] :1:1: Premature end of file.
2025-03-25 09:55:07,218 [ERROR] LogOutputStream:75 - [STDERR_REDIRECT] 
2025-03-25 09:55:08,222 [ERROR] LogOutputStream:75 - [STDERR_REDIRECT] [Fatal Error] :1:1: Premature end of file.
2025-03-25 09:55:08,222 [ERROR] LogOutputStream:75 - [STDERR_REDIRECT] 
2025-03-25 09:55:09,230 [ERROR] LogOutputStream:75 - [STDERR_REDIRECT] [Fatal Error] :1:1: Premature end of file.
2025-03-25 09:55:09,230 [ERROR] LogOutputStream:75 - [STDERR_REDIRECT] 
2025-03-25 09:55:10,226 [ERROR] LogOutputStream:75 - [STDERR_REDIRECT] [Fatal Error] :1:1: Premature end of file.
2025-03-25 09:55:10,226 [ERROR] LogOutputStream:75 - [STDERR_REDIRECT] 
2025-03-25 09:55:11,223 [ERROR] LogOutputStream:75 - [STDERR_REDIRECT] [Fatal Error] :1:1: Premature end of file.
2025-03-25 09:55:11,223 [ERROR] LogOutputStream:75 - [STDERR_REDIRECT] 
2025-03-25 09:55:12,220 [ERROR] LogOutputStream:75 - [STDERR_REDIRECT] [Fatal Error] :1:1: Premature end of file.
2025-03-25 09:55:12,221 [ERROR] LogOutputStream:75 - [STDERR_REDIRECT] 
2025-03-25 09:55:13,224 [ERROR] LogOutputStream:75 - [STDERR_REDIRECT] [Fatal Error] :1:1: Premature end of file.
2025-03-25 09:55:13,224 [ERROR] LogOutputStream:75 - [STDERR_REDIRECT] 
2025-03-25 09:55:14,224 [ERROR] LogOutputStream:75 - [STDERR_REDIRECT] [Fatal Error] :1:1: Premature end of file.
2025-03-25 09:55:14,224 [ERROR] LogOutputStream:75 - [STDERR_REDIRECT] 
2025-03-25 09:55:15,218 [ERROR] LogOutputStream:75 - [STDERR_REDIRECT] [Fatal Error] :1:1: Premature end of file.
2025-03-25 09:55:15,218 [ERROR] LogOutputStream:75 - [STDERR_REDIRECT] 
2025-03-25 09:55:16,224 [ERROR] LogOutputStream:75 - [STDERR_REDIRECT] [Fatal Error] :1:1: Premature end of file.
2025-03-25 09:55:16,224 [ERROR] LogOutputStream:75 - [STDERR_REDIRECT] 
2025-03-25 09:55:17,219 [ERROR] LogOutputStream:75 - [STDERR_REDIRECT] [Fatal Error] :1:1: Premature end of file.
2025-03-25 09:55:17,219 [ERROR] LogOutputStream:75 - [STDERR_REDIRECT] 
2025-03-25 09:55:18,224 [ERROR] LogOutputStream:75 - [STDERR_REDIRECT] [Fatal Error] :1:1: Premature end of file.
2025-03-25 09:55:18,224 [ERROR] LogOutputStream:75 - [STDERR_REDIRECT] 
2025-03-25 09:55:19,222 [ERROR] LogOutputStream:75 - [STDERR_REDIRECT] [Fatal Error] :1:1: Premature end of file.
2025-03-25 09:55:19,223 [ERROR] LogOutputStream:75 - [STDERR_REDIRECT] 
2025-03-25 09:55:20,220 [ERROR] LogOutputStream:75 - [STDERR_REDIRECT] [Fatal Error] :1:1: Premature end of file.
2025-03-25 09:55:20,220 [ERROR] LogOutputStream:75 - [STDERR_REDIRECT] 
2025-03-25 09:55:21,225 [ERROR] LogOutputStream:75 - [STDERR_REDIRECT] [Fatal Error] :1:1: Premature end of file.
2025-03-25 09:55:21,226 [ERROR] LogOutputStream:75 - [STDERR_REDIRECT] 
2025-03-25 09:55:22,224 [ERROR] LogOutputStream:75 - [STDERR_REDIRECT] [Fatal Error] :1:1: Premature end of file.
2025-03-25 09:55:22,224 [ERROR] LogOutputStream:75 - [STDERR_REDIRECT] 
2025-03-25 09:55:23,208 [ERROR] LogOutputStream:75 - [STDERR_REDIRECT] [Fatal Error] :1:1: Premature end of file.
2025-03-25 09:55:23,209 [ERROR] LogOutputStream:75 - [STDERR_REDIRECT] 
2025-03-25 09:55:24,222 [ERROR] LogOutputStream:75 - [STDERR_REDIRECT] [Fatal Error] :1:1: Premature end of file.
2025-03-25 09:55:24,222 [ERROR] LogOutputStream:75 - [STDERR_REDIRECT] 
2025-03-25 09:55:25,217 [ERROR] LogOutputStream:75 - [STDERR_REDIRECT] [Fatal Error] :1:1: Premature end of file.
2025-03-25 09:55:25,217 [ERROR] LogOutputStream:75 - [STDERR_REDIRECT] 
2025-03-25 09:55:26,215 [ERROR] LogOutputStream:75 - [STDERR_REDIRECT] [Fatal Error] :1:1: Premature end of file.
2025-03-25 09:55:26,215 [ERROR] LogOutputStream:75 - [STDERR_REDIRECT] 
2025-03-25 09:55:27,224 [ERROR] LogOutputStream:75 - [STDERR_REDIRECT] [Fatal Error] :1:1: Premature end of file.
2025-03-25 09:55:27,225 [ERROR] LogOutputStream:75 - [STDERR_REDIRECT] 
2025-03-25 09:55:28,224 [ERROR] LogOutputStream:75 - [STDERR_REDIRECT] [Fatal Error] :1:1: Premature end of file.
2025-03-25 09:55:28,224 [ERROR] LogOutputStream:75 - [STDERR_REDIRECT] 
2025-03-25 09:55:29,223 [ERROR] LogOutputStream:75 - [STDERR_REDIRECT] [Fatal Error] :1:1: Premature end of file.
2025-03-25 09:55:29,224 [ERROR] LogOutputStream:75 - [STDERR_REDIRECT] 
2025-03-25 09:55:30,219 [ERROR] LogOutputStream:75 - [STDERR_REDIRECT] [Fatal Error] :1:1: Premature end of file.
2025-03-25 09:55:30,219 [ERROR] LogOutputStream:75 - [STDERR_REDIRECT] 
2025-03-25 09:55:31,229 [ERROR] LogOutputStream:75 - [STDERR_REDIRECT] [Fatal Error] :1:1: Premature end of file.
2025-03-25 09:55:31,230 [ERROR] LogOutputStream:75 - [STDERR_REDIRECT] 
2025-03-25 09:55:32,224 [ERROR] LogOutputStream:75 - [STDERR_REDIRECT] [Fatal Error] :1:1: Premature end of file.
2025-03-25 09:55:32,224 [ERROR] LogOutputStream:75 - [STDERR_REDIRECT] 
2025-03-25 09:55:33,211 [ERROR] LogOutputStream:75 - [STDERR_REDIRECT] [Fatal Error] :1:1: Premature end of file.
2025-03-25 09:55:33,212 [ERROR] LogOutputStream:75 - [STDERR_REDIRECT] 
2025-03-25 09:55:34,221 [ERROR] LogOutputStream:75 - [STDERR_REDIRECT] [Fatal Error] :1:1: Premature end of file.
2025-03-25 09:55:34,221 [ERROR] LogOutputStream:75 - [STDERR_REDIRECT] 
2025-03-25 09:55:35,221 [ERROR] LogOutputStream:75 - [STDERR_REDIRECT] [Fatal Error] :1:1: Premature end of file.
2025-03-25 09:55:35,221 [ERROR] LogOutputStream:75 - [STDERR_REDIRECT] 
2025-03-25 09:55:36,223 [ERROR] LogOutputStream:75 - [STDERR_REDIRECT] [Fatal Error] :1:1: Premature end of file.
2025-03-25 09:55:36,224 [ERROR] LogOutputStream:75 - [STDERR_REDIRECT] 
2025-03-25 09:55:37,216 [ERROR] LogOutputStream:75 - [STDERR_REDIRECT] [Fatal Error] :1:1: Premature end of file.
2025-03-25 09:55:37,216 [ERROR] LogOutputStream:75 - [STDERR_REDIRECT] 
2025-03-25 09:55:38,216 [ERROR] LogOutputStream:75 - [STDERR_REDIRECT] [Fatal Error] :1:1: Premature end of file.
2025-03-25 09:55:38,217 [ERROR] LogOutputStream:75 - [STDERR_REDIRECT] 
2025-03-25 09:55:39,219 [ERROR] LogOutputStream:75 - [STDERR_REDIRECT] [Fatal Error] :1:1: Premature end of file.
2025-03-25 09:55:39,219 [ERROR] LogOutputStream:75 - [STDERR_REDIRECT] 
2025-03-25 09:55:40,224 [ERROR] LogOutputStream:75 - [STDERR_REDIRECT] [Fatal Error] :1:1: Premature end of file.
2025-03-25 09:55:40,224 [ERROR] LogOutputStream:75 - [STDERR_REDIRECT] 
2025-03-25 09:55:41,224 [ERROR] LogOutputStream:75 - [STDERR_REDIRECT] [Fatal Error] :1:1: Premature end of file.
2025-03-25 09:55:41,224 [ERROR] LogOutputStream:75 - [STDERR_REDIRECT] 
2025-03-25 09:55:42,222 [ERROR] LogOutputStream:75 - [STDERR_REDIRECT] [Fatal Error] :1:1: Premature end of file.
2025-03-25 09:55:42,222 [ERROR] LogOutputStream:75 - [STDERR_REDIRECT] 
2025-03-25 09:55:43,221 [ERROR] LogOutputStream:75 - [STDERR_REDIRECT] [Fatal Error] :1:1: Premature end of file.
2025-03-25 09:55:43,221 [ERROR] LogOutputStream:75 - [STDERR_REDIRECT] 
2025-03-25 09:55:44,225 [ERROR] LogOutputStream:75 - [STDERR_REDIRECT] [Fatal Error] :1:1: Premature end of file.
2025-03-25 09:55:44,225 [ERROR] LogOutputStream:75 - [STDERR_REDIRECT] 
2025-03-25 09:55:45,222 [ERROR] LogOutputStream:75 - [STDERR_REDIRECT] [Fatal Error] :1:1: Premature end of file.
2025-03-25 09:55:45,223 [ERROR] LogOutputStream:75 - [STDERR_REDIRECT] 
2025-03-25 09:55:46,199 [ERROR] LogOutputStream:75 - [STDERR_REDIRECT] [Fatal Error] :1:1: Premature end of file.
2025-03-25 09:55:46,200 [ERROR] LogOutputStream:75 - [STDERR_REDIRECT] 
2025-03-25 09:55:47,222 [ERROR] LogOutputStream:75 - [STDERR_REDIRECT] [Fatal Error] :1:1: Premature end of file.
2025-03-25 09:55:47,222 [ERROR] LogOutputStream:75 - [STDERR_REDIRECT] 
2025-03-25 09:55:48,255 [ERROR] LogOutputStream:75 - [STDERR_REDIRECT] [Fatal Error] :1:1: Premature end of file.
2025-03-25 09:55:48,256 [ERROR] LogOutputStream:75 - [STDERR_REDIRECT] 
2025-03-25 09:55:49,227 [ERROR] LogOutputStream:75 - [STDERR_REDIRECT] [Fatal Error] :1:1: Premature end of file.
2025-03-25 09:55:49,227 [ERROR] LogOutputStream:75 - [STDERR_REDIRECT] 
2025-03-25 09:55:50,218 [ERROR] LogOutputStream:75 - [STDERR_REDIRECT] [Fatal Error] :1:1: Premature end of file.
2025-03-25 09:55:50,218 [ERROR] LogOutputStream:75 - [STDERR_REDIRECT] 
2025-03-25 09:55:51,192 [ERROR] LogOutputStream:75 - [STDERR_REDIRECT] [Fatal Error] :1:1: Premature end of file.
2025-03-25 09:55:51,192 [ERROR] LogOutputStream:75 - [STDERR_REDIRECT] 
2025-03-25 09:55:52,219 [ERROR] LogOutputStream:75 - [STDERR_REDIRECT] [Fatal Error] :1:1: Premature end of file.
2025-03-25 09:55:52,219 [ERROR] LogOutputStream:75 - [STDERR_REDIRECT] 
2025-03-25 09:55:53,219 [ERROR] LogOutputStream:75 - [STDERR_REDIRECT] [Fatal Error] :1:1: Premature end of file.
2025-03-25 09:55:53,220 [ERROR] LogOutputStream:75 - [STDERR_REDIRECT] 
2025-03-25 09:55:54,216 [ERROR] LogOutputStream:75 - [STDERR_REDIRECT] [Fatal Error] :1:1: Premature end of file.
2025-03-25 09:55:54,216 [ERROR] LogOutputStream:75 - [STDERR_REDIRECT] 
2025-03-25 09:55:55,222 [ERROR] LogOutputStream:75 - [STDERR_REDIRECT] [Fatal Error] :1:1: Premature end of file.
2025-03-25 09:55:55,223 [ERROR] LogOutputStream:75 - [STDERR_REDIRECT] 
2025-03-25 09:55:56,226 [ERROR] LogOutputStream:75 - [STDERR_REDIRECT] [Fatal Error] :1:1: Premature end of file.
2025-03-25 09:55:56,226 [ERROR] LogOutputStream:75 - [STDERR_REDIRECT] 
2025-03-25 09:55:57,220 [ERROR] LogOutputStream:75 - [STDERR_REDIRECT] [Fatal Error] :1:1: Premature end of file.
2025-03-25 09:55:57,220 [ERROR] LogOutputStream:75 - [STDERR_REDIRECT] 
2025-03-25 09:55:58,222 [ERROR] LogOutputStream:75 - [STDERR_REDIRECT] [Fatal Error] :1:1: Premature end of file.
2025-03-25 09:55:58,223 [ERROR] LogOutputStream:75 - [STDERR_REDIRECT] 
2025-03-25 09:55:59,228 [ERROR] LogOutputStream:75 - [STDERR_REDIRECT] [Fatal Error] :1:1: Premature end of file.
2025-03-25 09:55:59,228 [ERROR] LogOutputStream:75 - [STDERR_REDIRECT] 
2025-03-25 09:56:00,222 [ERROR] LogOutputStream:75 - [STDERR_REDIRECT] [Fatal Error] :1:1: Premature end of file.
2025-03-25 09:56:00,222 [ERROR] LogOutputStream:75 - [STDERR_REDIRECT] 
2025-03-25 09:56:01,219 [ERROR] LogOutputStream:75 - [STDERR_REDIRECT] [Fatal Error] :1:1: Premature end of file.
2025-03-25 09:56:01,220 [ERROR] LogOutputStream:75 - [STDERR_REDIRECT] 
2025-03-25 09:56:02,209 [ERROR] LogOutputStream:75 - [STDERR_REDIRECT] [Fatal Error] :1:1: Premature end of file.
2025-03-25 09:56:02,209 [ERROR] LogOutputStream:75 - [STDERR_REDIRECT] 
2025-03-25 09:56:03,222 [ERROR] LogOutputStream:75 - [STDERR_REDIRECT] [Fatal Error] :1:1: Premature end of file.
2025-03-25 09:56:03,222 [ERROR] LogOutputStream:75 - [STDERR_REDIRECT] 
2025-03-25 09:56:04,215 [ERROR] LogOutputStream:75 - [STDERR_REDIRECT] [Fatal Error] :1:1: Premature end of file.
2025-03-25 09:56:04,215 [ERROR] LogOutputStream:75 - [STDERR_REDIRECT] 
2025-03-25 09:56:05,224 [ERROR] LogOutputStream:75 - [STDERR_REDIRECT] [Fatal Error] :1:1: Premature end of file.
2025-03-25 09:56:05,225 [ERROR] LogOutputStream:75 - [STDERR_REDIRECT] 
2025-03-25 09:56:06,226 [ERROR] LogOutputStream:75 - [STDERR_REDIRECT] [Fatal Error] :1:1: Premature end of file.
2025-03-25 09:56:06,226 [ERROR] LogOutputStream:75 - [STDERR_REDIRECT] 
2025-03-25 09:56:07,211 [ERROR] LogOutputStream:75 - [STDERR_REDIRECT] [Fatal Error] :1:1: Premature end of file.
2025-03-25 09:56:07,212 [ERROR] LogOutputStream:75 - [STDERR_REDIRECT] 
2025-03-25 09:56:08,220 [ERROR] LogOutputStream:75 - [STDERR_REDIRECT] [Fatal Error] :1:1: Premature end of file.
2025-03-25 09:56:08,221 [ERROR] LogOutputStream:75 - [STDERR_REDIRECT] 
2025-03-25 09:56:09,220 [ERROR] LogOutputStream:75 - [STDERR_REDIRECT] [Fatal Error] :1:1: Premature end of file.
2025-03-25 09:56:09,220 [ERROR] LogOutputStream:75 - [STDERR_REDIRECT] 
2025-03-25 09:56:10,223 [ERROR] LogOutputStream:75 - [STDERR_REDIRECT] [Fatal Error] :1:1: Premature end of file.
2025-03-25 09:56:10,223 [ERROR] LogOutputStream:75 - [STDERR_REDIRECT] 
2025-03-25 09:56:11,215 [ERROR] LogOutputStream:75 - [STDERR_REDIRECT] [Fatal Error] :1:1: Premature end of file.
2025-03-25 09:56:11,215 [ERROR] LogOutputStream:75 - [STDERR_REDIRECT] 
2025-03-25 09:56:12,228 [ERROR] LogOutputStream:75 - [STDERR_REDIRECT] [Fatal Error] :1:1: Premature end of file.
2025-03-25 09:56:12,229 [ERROR] LogOutputStream:75 - [STDERR_REDIRECT] 
2025-03-25 09:56:13,222 [ERROR] LogOutputStream:75 - [STDERR_REDIRECT] [Fatal Error] :1:1: Premature end of file.
2025-03-25 09:56:13,222 [ERROR] LogOutputStream:75 - [STDERR_REDIRECT] 
2025-03-25 09:56:14,212 [ERROR] LogOutputStream:75 - [STDERR_REDIRECT] [Fatal Error] :1:1: Premature end of file.
2025-03-25 09:56:14,212 [ERROR] LogOutputStream:75 - [STDERR_REDIRECT] 
2025-03-25 09:56:15,219 [ERROR] LogOutputStream:75 - [STDERR_REDIRECT] [Fatal Error] :1:1: Premature end of file.
2025-03-25 09:56:15,219 [ERROR] LogOutputStream:75 - [STDERR_REDIRECT] 
2025-03-25 09:56:16,222 [ERROR] LogOutputStream:75 - [STDERR_REDIRECT] [Fatal Error] :1:1: Premature end of file.
2025-03-25 09:56:16,222 [ERROR] LogOutputStream:75 - [STDERR_REDIRECT] 
2025-03-25 09:56:17,218 [ERROR] LogOutputStream:75 - [STDERR_REDIRECT] [Fatal Error] :1:1: Premature end of file.
2025-03-25 09:56:17,219 [ERROR] LogOutputStream:75 - [STDERR_REDIRECT] 
2025-03-25 09:56:18,228 [ERROR] LogOutputStream:75 - [STDERR_REDIRECT] [Fatal Error] :1:1: Premature end of file.
2025-03-25 09:56:18,229 [ERROR] LogOutputStream:75 - [STDERR_REDIRECT] 
2025-03-25 09:56:19,222 [ERROR] LogOutputStream:75 - [STDERR_REDIRECT] [Fatal Error] :1:1: Premature end of file.
2025-03-25 09:56:19,222 [ERROR] LogOutputStream:75 - [STDERR_REDIRECT] 
2025-03-25 09:56:20,226 [ERROR] LogOutputStream:75 - [STDERR_REDIRECT] [Fatal Error] :1:1: Premature end of file.
2025-03-25 09:56:20,226 [ERROR] LogOutputStream:75 - [STDERR_REDIRECT] 
2025-03-25 09:56:21,226 [ERROR] LogOutputStream:75 - [STDERR_REDIRECT] [Fatal Error] :1:1: Premature end of file.
2025-03-25 09:56:21,226 [ERROR] LogOutputStream:75 - [STDERR_REDIRECT] 
2025-03-25 09:56:22,216 [ERROR] LogOutputStream:75 - [STDERR_REDIRECT] [Fatal Error] :1:1: Premature end of file.
2025-03-25 09:56:22,216 [ERROR] LogOutputStream:75 - [STDERR_REDIRECT] 
2025-03-25 09:56:23,225 [ERROR] LogOutputStream:75 - [STDERR_REDIRECT] [Fatal Error] :1:1: Premature end of file.
2025-03-25 09:56:23,226 [ERROR] LogOutputStream:75 - [STDERR_REDIRECT] 
2025-03-25 09:56:24,222 [ERROR] LogOutputStream:75 - [STDERR_REDIRECT] [Fatal Error] :1:1: Premature end of file.
2025-03-25 09:56:24,222 [ERROR] LogOutputStream:75 - [STDERR_REDIRECT] 
2025-03-25 09:56:25,214 [ERROR] LogOutputStream:75 - [STDERR_REDIRECT] [Fatal Error] :1:1: Premature end of file.
2025-03-25 09:56:25,214 [ERROR] LogOutputStream:75 - [STDERR_REDIRECT] 
2025-03-25 09:56:26,224 [ERROR] LogOutputStream:75 - [STDERR_REDIRECT] [Fatal Error] :1:1: Premature end of file.
2025-03-25 09:56:26,225 [ERROR] LogOutputStream:75 - [STDERR_REDIRECT] 
2025-03-25 09:56:27,220 [ERROR] LogOutputStream:75 - [STDERR_REDIRECT] [Fatal Error] :1:1: Premature end of file.
2025-03-25 09:56:27,221 [ERROR] LogOutputStream:75 - [STDERR_REDIRECT] 
2025-03-25 09:56:28,232 [ERROR] LogOutputStream:75 - [STDERR_REDIRECT] [Fatal Error] :1:1: Premature end of file.
2025-03-25 09:56:28,233 [ERROR] LogOutputStream:75 - [STDERR_REDIRECT] 
2025-03-25 09:56:29,223 [ERROR] LogOutputStream:75 - [STDERR_REDIRECT] [Fatal Error] :1:1: Premature end of file.
2025-03-25 09:56:29,224 [ERROR] LogOutputStream:75 - [STDERR_REDIRECT] 
2025-03-25 09:56:30,220 [ERROR] LogOutputStream:75 - [STDERR_REDIRECT] [Fatal Error] :1:1: Premature end of file.
2025-03-25 09:56:30,220 [ERROR] LogOutputStream:75 - [STDERR_REDIRECT] 
2025-03-25 09:56:31,219 [ERROR] LogOutputStream:75 - [STDERR_REDIRECT] [Fatal Error] :1:1: Premature end of file.
2025-03-25 09:56:31,220 [ERROR] LogOutputStream:75 - [STDERR_REDIRECT] 
2025-03-25 09:56:32,228 [ERROR] LogOutputStream:75 - [STDERR_REDIRECT] [Fatal Error] :1:1: Premature end of file.
2025-03-25 09:56:32,228 [ERROR] LogOutputStream:75 - [STDERR_REDIRECT] 
2025-03-25 09:56:33,199 [ERROR] LogOutputStream:75 - [STDERR_REDIRECT] [Fatal Error] :1:1: Premature end of file.
2025-03-25 09:56:33,200 [ERROR] LogOutputStream:75 - [STDERR_REDIRECT] 
2025-03-25 09:56:34,221 [ERROR] LogOutputStream:75 - [STDERR_REDIRECT] [Fatal Error] :1:1: Premature end of file.
2025-03-25 09:56:34,221 [ERROR] LogOutputStream:75 - [STDERR_REDIRECT] 
2025-03-25 09:56:35,223 [ERROR] LogOutputStream:75 - [STDERR_REDIRECT] [Fatal Error] :1:1: Premature end of file.
2025-03-25 09:56:35,224 [ERROR] LogOutputStream:75 - [STDERR_REDIRECT] 
2025-03-25 09:56:36,218 [ERROR] LogOutputStream:75 - [STDERR_REDIRECT] [Fatal Error] :1:1: Premature end of file.
2025-03-25 09:56:36,218 [ERROR] LogOutputStream:75 - [STDERR_REDIRECT] 
2025-03-25 09:56:37,222 [ERROR] LogOutputStream:75 - [STDERR_REDIRECT] [Fatal Error] :1:1: Premature end of file.
2025-03-25 09:56:37,222 [ERROR] LogOutputStream:75 - [STDERR_REDIRECT] 
2025-03-25 09:56:38,224 [ERROR] LogOutputStream:75 - [STDERR_REDIRECT] [Fatal Error] :1:1: Premature end of file.
2025-03-25 09:56:38,224 [ERROR] LogOutputStream:75 - [STDERR_REDIRECT] 
2025-03-25 09:56:39,225 [ERROR] LogOutputStream:75 - [STDERR_REDIRECT] [Fatal Error] :1:1: Premature end of file.
2025-03-25 09:56:39,225 [ERROR] LogOutputStream:75 - [STDERR_REDIRECT] 
2025-03-25 09:56:40,222 [ERROR] LogOutputStream:75 - [STDERR_REDIRECT] [Fatal Error] :1:1: Premature end of file.
2025-03-25 09:56:40,222 [ERROR] LogOutputStream:75 - [STDERR_REDIRECT] 
2025-03-25 09:56:41,221 [ERROR] LogOutputStream:75 - [STDERR_REDIRECT] [Fatal Error] :1:1: Premature end of file.
2025-03-25 09:56:41,221 [ERROR] LogOutputStream:75 - [STDERR_REDIRECT] 
2025-03-25 09:56:42,227 [ERROR] LogOutputStream:75 - [STDERR_REDIRECT] [Fatal Error] :1:1: Premature end of file.
2025-03-25 09:56:42,228 [ERROR] LogOutputStream:75 - [STDERR_REDIRECT] 
2025-03-25 09:56:43,229 [ERROR] LogOutputStream:75 - [STDERR_REDIRECT] [Fatal Error] :1:1: Premature end of file.
2025-03-25 09:56:43,229 [ERROR] LogOutputStream:75 - [STDERR_REDIRECT] 
2025-03-25 09:56:44,217 [ERROR] LogOutputStream:75 - [STDERR_REDIRECT] [Fatal Error] :1:1: Premature end of file.
2025-03-25 09:56:44,217 [ERROR] LogOutputStream:75 - [STDERR_REDIRECT] 
2025-03-25 09:56:45,225 [ERROR] LogOutputStream:75 - [STDERR_REDIRECT] [Fatal Error] :1:1: Premature end of file.
2025-03-25 09:56:45,225 [ERROR] LogOutputStream:75 - [STDERR_REDIRECT] 
2025-03-25 09:56:46,226 [ERROR] LogOutputStream:75 - [STDERR_REDIRECT] [Fatal Error] :1:1: Premature end of file.
2025-03-25 09:56:46,226 [ERROR] LogOutputStream:75 - [STDERR_REDIRECT] 
2025-03-25 09:56:47,228 [ERROR] LogOutputStream:75 - [STDERR_REDIRECT] [Fatal Error] :1:1: Premature end of file.
2025-03-25 09:56:47,228 [ERROR] LogOutputStream:75 - [STDERR_REDIRECT] 
2025-03-25 09:56:48,221 [ERROR] LogOutputStream:75 - [STDERR_REDIRECT] [Fatal Error] :1:1: Premature end of file.
2025-03-25 09:56:48,222 [ERROR] LogOutputStream:75 - [STDERR_REDIRECT] 
2025-03-25 09:56:49,207 [ERROR] LogOutputStream:75 - [STDERR_REDIRECT] [Fatal Error] :1:1: Premature end of file.
2025-03-25 09:56:49,207 [ERROR] LogOutputStream:75 - [STDERR_REDIRECT] 
2025-03-25 09:56:50,221 [ERROR] LogOutputStream:75 - [STDERR_REDIRECT] [Fatal Error] :1:1: Premature end of file.
2025-03-25 09:56:50,221 [ERROR] LogOutputStream:75 - [STDERR_REDIRECT] 
2025-03-25 09:56:51,239 [ERROR] LogOutputStream:75 - [STDERR_REDIRECT] [Fatal Error] :1:1: Premature end of file.
2025-03-25 09:56:51,239 [ERROR] LogOutputStream:75 - [STDERR_REDIRECT] 
2025-03-25 09:56:52,220 [ERROR] LogOutputStream:75 - [STDERR_REDIRECT] [Fatal Error] :1:1: Premature end of file.
2025-03-25 09:56:52,221 [ERROR] LogOutputStream:75 - [STDERR_REDIRECT] 
2025-03-25 09:56:53,221 [ERROR] LogOutputStream:75 - [STDERR_REDIRECT] [Fatal Error] :1:1: Premature end of file.
2025-03-25 09:56:53,221 [ERROR] LogOutputStream:75 - [STDERR_REDIRECT] 
2025-03-25 09:56:54,206 [ERROR] LogOutputStream:75 - [STDERR_REDIRECT] [Fatal Error] :1:1: Premature end of file.
2025-03-25 09:56:54,206 [ERROR] LogOutputStream:75 - [STDERR_REDIRECT] 
2025-03-25 09:56:55,218 [ERROR] LogOutputStream:75 - [STDERR_REDIRECT] [Fatal Error] :1:1: Premature end of file.
2025-03-25 09:56:55,219 [ERROR] LogOutputStream:75 - [STDERR_REDIRECT] 
2025-03-25 09:56:56,221 [ERROR] LogOutputStream:75 - [STDERR_REDIRECT] [Fatal Error] :1:1: Premature end of file.
2025-03-25 09:56:56,221 [ERROR] LogOutputStream:75 - [STDERR_REDIRECT] 
2025-03-25 09:56:57,219 [ERROR] LogOutputStream:75 - [STDERR_REDIRECT] [Fatal Error] :1:1: Premature end of file.
2025-03-25 09:56:57,220 [ERROR] LogOutputStream:75 - [STDERR_REDIRECT] 
2025-03-25 09:56:58,218 [ERROR] LogOutputStream:75 - [STDERR_REDIRECT] [Fatal Error] :1:1: Premature end of file.
2025-03-25 09:56:58,218 [ERROR] LogOutputStream:75 - [STDERR_REDIRECT] 
2025-03-25 09:56:59,221 [ERROR] LogOutputStream:75 - [STDERR_REDIRECT] [Fatal Error] :1:1: Premature end of file.
2025-03-25 09:56:59,222 [ERROR] LogOutputStream:75 - [STDERR_REDIRECT] 
2025-03-25 09:57:00,221 [ERROR] LogOutputStream:75 - [STDERR_REDIRECT] [Fatal Error] :1:1: Premature end of file.
2025-03-25 09:57:00,222 [ERROR] LogOutputStream:75 - [STDERR_REDIRECT] 
2025-03-25 09:57:01,224 [ERROR] LogOutputStream:75 - [STDERR_REDIRECT] [Fatal Error] :1:1: Premature end of file.
2025-03-25 09:57:01,224 [ERROR] LogOutputStream:75 - [STDERR_REDIRECT] 
2025-03-25 09:57:02,225 [ERROR] LogOutputStream:75 - [STDERR_REDIRECT] [Fatal Error] :1:1: Premature end of file.
2025-03-25 09:57:02,225 [ERROR] LogOutputStream:75 - [STDERR_REDIRECT] 
2025-03-25 09:57:03,229 [ERROR] LogOutputStream:75 - [STDERR_REDIRECT] [Fatal Error] :1:1: Premature end of file.
2025-03-25 09:57:03,230 [ERROR] LogOutputStream:75 - [STDERR_REDIRECT] 
2025-03-25 09:57:04,229 [ERROR] LogOutputStream:75 - [STDERR_REDIRECT] [Fatal Error] :1:1: Premature end of file.
2025-03-25 09:57:04,229 [ERROR] LogOutputStream:75 - [STDERR_REDIRECT] 
2025-03-25 09:57:05,228 [ERROR] LogOutputStream:75 - [STDERR_REDIRECT] [Fatal Error] :1:1: Premature end of file.
2025-03-25 09:57:05,228 [ERROR] LogOutputStream:75 - [STDERR_REDIRECT] 
2025-03-25 09:57:06,237 [ERROR] LogOutputStream:75 - [STDERR_REDIRECT] [Fatal Error] :1:1: Premature end of file.
2025-03-25 09:57:06,237 [ERROR] LogOutputStream:75 - [STDERR_REDIRECT] 
2025-03-25 09:57:07,229 [ERROR] LogOutputStream:75 - [STDERR_REDIRECT] [Fatal Error] :1:1: Premature end of file.
2025-03-25 09:57:07,229 [ERROR] LogOutputStream:75 - [STDERR_REDIRECT] 
2025-03-25 09:57:08,223 [ERROR] LogOutputStream:75 - [STDERR_REDIRECT] [Fatal Error] :1:1: Premature end of file.
2025-03-25 09:57:08,223 [ERROR] LogOutputStream:75 - [STDERR_REDIRECT] 
2025-03-25 09:57:09,227 [ERROR] LogOutputStream:75 - [STDERR_REDIRECT] [Fatal Error] :1:1: Premature end of file.
2025-03-25 09:57:09,227 [ERROR] LogOutputStream:75 - [STDERR_REDIRECT] 
2025-03-25 09:57:10,221 [ERROR] LogOutputStream:75 - [STDERR_REDIRECT] [Fatal Error] :1:1: Premature end of file.
2025-03-25 09:57:10,221 [ERROR] LogOutputStream:75 - [STDERR_REDIRECT] 
2025-03-25 09:57:11,219 [ERROR] LogOutputStream:75 - [STDERR_REDIRECT] [Fatal Error] :1:1: Premature end of file.
2025-03-25 09:57:11,219 [ERROR] LogOutputStream:75 - [STDERR_REDIRECT] 
2025-03-25 09:57:12,215 [ERROR] LogOutputStream:75 - [STDERR_REDIRECT] [Fatal Error] :1:1: Premature end of file.
2025-03-25 09:57:12,216 [ERROR] LogOutputStream:75 - [STDERR_REDIRECT] 
2025-03-25 09:57:13,215 [ERROR] LogOutputStream:75 - [STDERR_REDIRECT] [Fatal Error] :1:1: Premature end of file.
2025-03-25 09:57:13,215 [ERROR] LogOutputStream:75 - [STDERR_REDIRECT] 
2025-03-25 09:57:14,223 [ERROR] LogOutputStream:75 - [STDERR_REDIRECT] [Fatal Error] :1:1: Premature end of file.
2025-03-25 09:57:14,224 [ERROR] LogOutputStream:75 - [STDERR_REDIRECT] 
2025-03-25 09:57:15,216 [ERROR] LogOutputStream:75 - [STDERR_REDIRECT] [Fatal Error] :1:1: Premature end of file.
2025-03-25 09:57:15,216 [ERROR] LogOutputStream:75 - [STDERR_REDIRECT] 
2025-03-25 09:57:16,224 [ERROR] LogOutputStream:75 - [STDERR_REDIRECT] [Fatal Error] :1:1: Premature end of file.
2025-03-25 09:57:16,225 [ERROR] LogOutputStream:75 - [STDERR_REDIRECT] 
2025-03-25 09:57:17,221 [ERROR] LogOutputStream:75 - [STDERR_REDIRECT] [Fatal Error] :1:1: Premature end of file.
2025-03-25 09:57:17,221 [ERROR] LogOutputStream:75 - [STDERR_REDIRECT] 
2025-03-25 09:57:18,225 [ERROR] LogOutputStream:75 - [STDERR_REDIRECT] [Fatal Error] :1:1: Premature end of file.
2025-03-25 09:57:18,225 [ERROR] LogOutputStream:75 - [STDERR_REDIRECT] 
2025-03-25 09:57:19,224 [ERROR] LogOutputStream:75 - [STDERR_REDIRECT] [Fatal Error] :1:1: Premature end of file.
2025-03-25 09:57:19,224 [ERROR] LogOutputStream:75 - [STDERR_REDIRECT] 
2025-03-25 09:57:20,216 [ERROR] LogOutputStream:75 - [STDERR_REDIRECT] [Fatal Error] :1:1: Premature end of file.
2025-03-25 09:57:20,216 [ERROR] LogOutputStream:75 - [STDERR_REDIRECT] 
2025-03-25 09:57:21,220 [ERROR] LogOutputStream:75 - [STDERR_REDIRECT] [Fatal Error] :1:1: Premature end of file.
2025-03-25 09:57:21,220 [ERROR] LogOutputStream:75 - [STDERR_REDIRECT] 
2025-03-25 09:57:22,222 [ERROR] LogOutputStream:75 - [STDERR_REDIRECT] [Fatal Error] :1:1: Premature end of file.
2025-03-25 09:57:22,222 [ERROR] LogOutputStream:75 - [STDERR_REDIRECT] 
2025-03-25 09:57:23,210 [ERROR] LogOutputStream:75 - [STDERR_REDIRECT] [Fatal Error] :1:1: Premature end of file.
2025-03-25 09:57:23,211 [ERROR] LogOutputStream:75 - [STDERR_REDIRECT] 
2025-03-25 09:57:24,221 [ERROR] LogOutputStream:75 - [STDERR_REDIRECT] [Fatal Error] :1:1: Premature end of file.
2025-03-25 09:57:24,221 [ERROR] LogOutputStream:75 - [STDERR_REDIRECT] 
2025-03-25 09:57:25,224 [ERROR] LogOutputStream:75 - [STDERR_REDIRECT] [Fatal Error] :1:1: Premature end of file.
2025-03-25 09:57:25,224 [ERROR] LogOutputStream:75 - [STDERR_REDIRECT] 
2025-03-25 09:57:26,225 [ERROR] LogOutputStream:75 - [STDERR_REDIRECT] [Fatal Error] :1:1: Premature end of file.
2025-03-25 09:57:26,225 [ERROR] LogOutputStream:75 - [STDERR_REDIRECT] 
2025-03-25 09:57:27,222 [ERROR] LogOutputStream:75 - [STDERR_REDIRECT] [Fatal Error] :1:1: Premature end of file.
2025-03-25 09:57:27,222 [ERROR] LogOutputStream:75 - [STDERR_REDIRECT] 
2025-03-25 09:57:28,218 [ERROR] LogOutputStream:75 - [STDERR_REDIRECT] [Fatal Error] :1:1: Premature end of file.
2025-03-25 09:57:28,218 [ERROR] LogOutputStream:75 - [STDERR_REDIRECT] 
2025-03-25 09:57:29,217 [ERROR] LogOutputStream:75 - [STDERR_REDIRECT] [Fatal Error] :1:1: Premature end of file.
2025-03-25 09:57:29,217 [ERROR] LogOutputStream:75 - [STDERR_REDIRECT] 
2025-03-25 09:57:30,226 [ERROR] LogOutputStream:75 - [STDERR_REDIRECT] [Fatal Error] :1:1: Premature end of file.
2025-03-25 09:57:30,226 [ERROR] LogOutputStream:75 - [STDERR_REDIRECT] 
2025-03-25 09:57:31,218 [ERROR] LogOutputStream:75 - [STDERR_REDIRECT] [Fatal Error] :1:1: Premature end of file.
2025-03-25 09:57:31,218 [ERROR] LogOutputStream:75 - [STDERR_REDIRECT] 
2025-03-25 09:57:32,216 [ERROR] LogOutputStream:75 - [STDERR_REDIRECT] [Fatal Error] :1:1: Premature end of file.
2025-03-25 09:57:32,216 [ERROR] LogOutputStream:75 - [STDERR_REDIRECT] 
2025-03-25 09:57:33,220 [ERROR] LogOutputStream:75 - [STDERR_REDIRECT] [Fatal Error] :1:1: Premature end of file.
2025-03-25 09:57:33,220 [ERROR] LogOutputStream:75 - [STDERR_REDIRECT] 
2025-03-25 09:57:34,207 [ERROR] LogOutputStream:75 - [STDERR_REDIRECT] [Fatal Error] :1:1: Premature end of file.
2025-03-25 09:57:34,207 [ERROR] LogOutputStream:75 - [STDERR_REDIRECT] 
2025-03-25 09:57:35,223 [ERROR] LogOutputStream:75 - [STDERR_REDIRECT] [Fatal Error] :1:1: Premature end of file.
2025-03-25 09:57:35,223 [ERROR] LogOutputStream:75 - [STDERR_REDIRECT] 
2025-03-25 09:57:36,222 [ERROR] LogOutputStream:75 - [STDERR_REDIRECT] [Fatal Error] :1:1: Premature end of file.
2025-03-25 09:57:36,223 [ERROR] LogOutputStream:75 - [STDERR_REDIRECT] 
2025-03-25 09:57:37,226 [ERROR] LogOutputStream:75 - [STDERR_REDIRECT] [Fatal Error] :1:1: Premature end of file.
2025-03-25 09:57:37,226 [ERROR] LogOutputStream:75 - [STDERR_REDIRECT] 
2025-03-25 09:57:38,218 [ERROR] LogOutputStream:75 - [STDERR_REDIRECT] [Fatal Error] :1:1: Premature end of file.
2025-03-25 09:57:38,218 [ERROR] LogOutputStream:75 - [STDERR_REDIRECT] 
2025-03-25 09:57:39,222 [ERROR] LogOutputStream:75 - [STDERR_REDIRECT] [Fatal Error] :1:1: Premature end of file.
2025-03-25 09:57:39,222 [ERROR] LogOutputStream:75 - [STDERR_REDIRECT] 
2025-03-25 09:57:40,220 [ERROR] LogOutputStream:75 - [STDERR_REDIRECT] [Fatal Error] :1:1: Premature end of file.
2025-03-25 09:57:40,220 [ERROR] LogOutputStream:75 - [STDERR_REDIRECT] 
2025-03-25 09:57:41,224 [ERROR] LogOutputStream:75 - [STDERR_REDIRECT] [Fatal Error] :1:1: Premature end of file.
2025-03-25 09:57:41,225 [ERROR] LogOutputStream:75 - [STDERR_REDIRECT] 
2025-03-25 09:57:42,227 [ERROR] LogOutputStream:75 - [STDERR_REDIRECT] [Fatal Error] :1:1: Premature end of file.
2025-03-25 09:57:42,227 [ERROR] LogOutputStream:75 - [STDERR_REDIRECT] 
2025-03-25 09:57:43,219 [ERROR] LogOutputStream:75 - [STDERR_REDIRECT] [Fatal Error] :1:1: Premature end of file.
2025-03-25 09:57:43,219 [ERROR] LogOutputStream:75 - [STDERR_REDIRECT] 
2025-03-25 09:57:44,221 [ERROR] LogOutputStream:75 - [STDERR_REDIRECT] [Fatal Error] :1:1: Premature end of file.
2025-03-25 09:57:44,221 [ERROR] LogOutputStream:75 - [STDERR_REDIRECT] 
2025-03-25 09:57:45,225 [ERROR] LogOutputStream:75 - [STDERR_REDIRECT] [Fatal Error] :1:1: Premature end of file.
2025-03-25 09:57:45,225 [ERROR] LogOutputStream:75 - [STDERR_REDIRECT] 
2025-03-25 09:57:46,220 [ERROR] LogOutputStream:75 - [STDERR_REDIRECT] [Fatal Error] :1:1: Premature end of file.
2025-03-25 09:57:46,221 [ERROR] LogOutputStream:75 - [STDERR_REDIRECT] 
2025-03-25 09:57:47,215 [ERROR] LogOutputStream:75 - [STDERR_REDIRECT] [Fatal Error] :1:1: Premature end of file.
2025-03-25 09:57:47,216 [ERROR] LogOutputStream:75 - [STDERR_REDIRECT] 
2025-03-25 09:57:48,215 [ERROR] LogOutputStream:75 - [STDERR_REDIRECT] [Fatal Error] :1:1: Premature end of file.
2025-03-25 09:57:48,215 [ERROR] LogOutputStream:75 - [STDERR_REDIRECT] 
2025-03-25 09:57:49,233 [ERROR] LogOutputStream:75 - [STDERR_REDIRECT] [Fatal Error] :1:1: Premature end of file.
2025-03-25 09:57:49,233 [ERROR] LogOutputStream:75 - [STDERR_REDIRECT] 
2025-03-25 09:57:50,224 [ERROR] LogOutputStream:75 - [STDERR_REDIRECT] [Fatal Error] :1:1: Premature end of file.
2025-03-25 09:57:50,224 [ERROR] LogOutputStream:75 - [STDERR_REDIRECT] 
2025-03-25 09:57:51,221 [ERROR] LogOutputStream:75 - [STDERR_REDIRECT] [Fatal Error] :1:1: Premature end of file.
2025-03-25 09:57:51,221 [ERROR] LogOutputStream:75 - [STDERR_REDIRECT] 
2025-03-25 09:57:52,218 [ERROR] LogOutputStream:75 - [STDERR_REDIRECT] [Fatal Error] :1:1: Premature end of file.
2025-03-25 09:57:52,218 [ERROR] LogOutputStream:75 - [STDERR_REDIRECT] 
2025-03-25 09:57:53,224 [ERROR] LogOutputStream:75 - [STDERR_REDIRECT] [Fatal Error] :1:1: Premature end of file.
2025-03-25 09:57:53,225 [ERROR] LogOutputStream:75 - [STDERR_REDIRECT] 
2025-03-25 09:57:54,220 [ERROR] LogOutputStream:75 - [STDERR_REDIRECT] [Fatal Error] :1:1: Premature end of file.
2025-03-25 09:57:54,220 [ERROR] LogOutputStream:75 - [STDERR_REDIRECT] 
2025-03-25 09:57:55,231 [ERROR] LogOutputStream:75 - [STDERR_REDIRECT] [Fatal Error] :1:1: Premature end of file.
2025-03-25 09:57:55,231 [ERROR] LogOutputStream:75 - [STDERR_REDIRECT] 
2025-03-25 09:57:56,225 [ERROR] LogOutputStream:75 - [STDERR_REDIRECT] [Fatal Error] :1:1: Premature end of file.
2025-03-25 09:57:56,225 [ERROR] LogOutputStream:75 - [STDERR_REDIRECT] 
2025-03-25 09:57:57,225 [ERROR] LogOutputStream:75 - [STDERR_REDIRECT] [Fatal Error] :1:1: Premature end of file.
2025-03-25 09:57:57,225 [ERROR] LogOutputStream:75 - [STDERR_REDIRECT] 
2025-03-25 09:57:58,222 [ERROR] LogOutputStream:75 - [STDERR_REDIRECT] [Fatal Error] :1:1: Premature end of file.
2025-03-25 09:57:58,222 [ERROR] LogOutputStream:75 - [STDERR_REDIRECT] 
2025-03-25 09:57:59,215 [ERROR] LogOutputStream:75 - [STDERR_REDIRECT] [Fatal Error] :1:1: Premature end of file.
2025-03-25 09:57:59,215 [ERROR] LogOutputStream:75 - [STDERR_REDIRECT] 
2025-03-25 09:58:00,223 [ERROR] LogOutputStream:75 - [STDERR_REDIRECT] [Fatal Error] :1:1: Premature end of file.
2025-03-25 09:58:00,224 [ERROR] LogOutputStream:75 - [STDERR_REDIRECT] 
2025-03-25 09:58:01,223 [ERROR] LogOutputStream:75 - [STDERR_REDIRECT] [Fatal Error] :1:1: Premature end of file.
2025-03-25 09:58:01,224 [ERROR] LogOutputStream:75 - [STDERR_REDIRECT] 
2025-03-25 09:58:02,214 [ERROR] LogOutputStream:75 - [STDERR_REDIRECT] [Fatal Error] :1:1: Premature end of file.
2025-03-25 09:58:02,214 [ERROR] LogOutputStream:75 - [STDERR_REDIRECT] 
2025-03-25 09:58:03,227 [ERROR] LogOutputStream:75 - [STDERR_REDIRECT] [Fatal Error] :1:1: Premature end of file.
2025-03-25 09:58:03,228 [ERROR] LogOutputStream:75 - [STDERR_REDIRECT] 
2025-03-25 09:58:04,221 [ERROR] LogOutputStream:75 - [STDERR_REDIRECT] [Fatal Error] :1:1: Premature end of file.
2025-03-25 09:58:04,221 [ERROR] LogOutputStream:75 - [STDERR_REDIRECT] 
2025-03-25 09:58:05,218 [ERROR] LogOutputStream:75 - [STDERR_REDIRECT] [Fatal Error] :1:1: Premature end of file.
2025-03-25 09:58:05,219 [ERROR] LogOutputStream:75 - [STDERR_REDIRECT] 
2025-03-25 09:58:06,209 [ERROR] LogOutputStream:75 - [STDERR_REDIRECT] [Fatal Error] :1:1: Premature end of file.
2025-03-25 09:58:06,210 [ERROR] LogOutputStream:75 - [STDERR_REDIRECT] 
2025-03-25 09:58:07,210 [ERROR] LogOutputStream:75 - [STDERR_REDIRECT] [Fatal Error] :1:1: Premature end of file.
2025-03-25 09:58:07,210 [ERROR] LogOutputStream:75 - [STDERR_REDIRECT] 
2025-03-25 09:58:08,219 [ERROR] LogOutputStream:75 - [STDERR_REDIRECT] [Fatal Error] :1:1: Premature end of file.
2025-03-25 09:58:08,219 [ERROR] LogOutputStream:75 - [STDERR_REDIRECT] 
2025-03-25 09:58:09,221 [ERROR] LogOutputStream:75 - [STDERR_REDIRECT] [Fatal Error] :1:1: Premature end of file.
2025-03-25 09:58:09,222 [ERROR] LogOutputStream:75 - [STDERR_REDIRECT] 
2025-03-25 09:58:10,218 [ERROR] LogOutputStream:75 - [STDERR_REDIRECT] [Fatal Error] :1:1: Premature end of file.
2025-03-25 09:58:10,218 [ERROR] LogOutputStream:75 - [STDERR_REDIRECT] 
2025-03-25 09:58:11,224 [ERROR] LogOutputStream:75 - [STDERR_REDIRECT] [Fatal Error] :1:1: Premature end of file.
2025-03-25 09:58:11,224 [ERROR] LogOutputStream:75 - [STDERR_REDIRECT] 
2025-03-25 09:58:12,218 [ERROR] LogOutputStream:75 - [STDERR_REDIRECT] [Fatal Error] :1:1: Premature end of file.
2025-03-25 09:58:12,218 [ERROR] LogOutputStream:75 - [STDERR_REDIRECT] 
2025-03-25 09:58:13,228 [ERROR] LogOutputStream:75 - [STDERR_REDIRECT] [Fatal Error] :1:1: Premature end of file.
2025-03-25 09:58:13,228 [ERROR] LogOutputStream:75 - [STDERR_REDIRECT] 
2025-03-25 09:58:14,224 [ERROR] LogOutputStream:75 - [STDERR_REDIRECT] [Fatal Error] :1:1: Premature end of file.
2025-03-25 09:58:14,224 [ERROR] LogOutputStream:75 - [STDERR_REDIRECT] 
2025-03-25 09:58:15,221 [ERROR] LogOutputStream:75 - [STDERR_REDIRECT] [Fatal Error] :1:1: Premature end of file.
2025-03-25 09:58:15,221 [ERROR] LogOutputStream:75 - [STDERR_REDIRECT] 
2025-03-25 09:58:16,219 [ERROR] LogOutputStream:75 - [STDERR_REDIRECT] [Fatal Error] :1:1: Premature end of file.
2025-03-25 09:58:16,219 [ERROR] LogOutputStream:75 - [STDERR_REDIRECT] 
2025-03-25 09:58:17,226 [ERROR] LogOutputStream:75 - [STDERR_REDIRECT] [Fatal Error] :1:1: Premature end of file.
2025-03-25 09:58:17,226 [ERROR] LogOutputStream:75 - [STDERR_REDIRECT] 
2025-03-25 09:58:18,223 [ERROR] LogOutputStream:75 - [STDERR_REDIRECT] [Fatal Error] :1:1: Premature end of file.
2025-03-25 09:58:18,223 [ERROR] LogOutputStream:75 - [STDERR_REDIRECT] 
2025-03-25 09:58:19,220 [ERROR] LogOutputStream:75 - [STDERR_REDIRECT] [Fatal Error] :1:1: Premature end of file.
2025-03-25 09:58:19,220 [ERROR] LogOutputStream:75 - [STDERR_REDIRECT] 
2025-03-25 09:58:20,225 [ERROR] LogOutputStream:75 - [STDERR_REDIRECT] [Fatal Error] :1:1: Premature end of file.
2025-03-25 09:58:20,225 [ERROR] LogOutputStream:75 - [STDERR_REDIRECT] 
2025-03-25 09:58:21,222 [ERROR] LogOutputStream:75 - [STDERR_REDIRECT] [Fatal Error] :1:1: Premature end of file.
2025-03-25 09:58:21,222 [ERROR] LogOutputStream:75 - [STDERR_REDIRECT] 
2025-03-25 09:58:22,225 [ERROR] LogOutputStream:75 - [STDERR_REDIRECT] [Fatal Error] :1:1: Premature end of file.
2025-03-25 09:58:22,225 [ERROR] LogOutputStream:75 - [STDERR_REDIRECT] 
2025-03-25 09:58:23,226 [ERROR] LogOutputStream:75 - [STDERR_REDIRECT] [Fatal Error] :1:1: Premature end of file.
2025-03-25 09:58:23,226 [ERROR] LogOutputStream:75 - [STDERR_REDIRECT] 
2025-03-25 09:58:24,221 [ERROR] LogOutputStream:75 - [STDERR_REDIRECT] [Fatal Error] :1:1: Premature end of file.
2025-03-25 09:58:24,221 [ERROR] LogOutputStream:75 - [STDERR_REDIRECT] 
2025-03-25 09:58:25,224 [ERROR] LogOutputStream:75 - [STDERR_REDIRECT] [Fatal Error] :1:1: Premature end of file.
2025-03-25 09:58:25,224 [ERROR] LogOutputStream:75 - [STDERR_REDIRECT] 
2025-03-25 09:58:26,227 [ERROR] LogOutputStream:75 - [STDERR_REDIRECT] [Fatal Error] :1:1: Premature end of file.
2025-03-25 09:58:26,228 [ERROR] LogOutputStream:75 - [STDERR_REDIRECT] 
2025-03-25 09:58:27,220 [ERROR] LogOutputStream:75 - [STDERR_REDIRECT] [Fatal Error] :1:1: Premature end of file.
2025-03-25 09:58:27,220 [ERROR] LogOutputStream:75 - [STDERR_REDIRECT] 
2025-03-25 09:58:28,234 [ERROR] LogOutputStream:75 - [STDERR_REDIRECT] [Fatal Error] :1:1: Premature end of file.
2025-03-25 09:58:28,234 [ERROR] LogOutputStream:75 - [STDERR_REDIRECT] 
2025-03-25 09:58:29,223 [ERROR] LogOutputStream:75 - [STDERR_REDIRECT] [Fatal Error] :1:1: Premature end of file.
2025-03-25 09:58:29,224 [ERROR] LogOutputStream:75 - [STDERR_REDIRECT] 
2025-03-25 09:58:30,214 [ERROR] LogOutputStream:75 - [STDERR_REDIRECT] [Fatal Error] :1:1: Premature end of file.
2025-03-25 09:58:30,215 [ERROR] LogOutputStream:75 - [STDERR_REDIRECT] 
2025-03-25 09:58:31,218 [ERROR] LogOutputStream:75 - [STDERR_REDIRECT] [Fatal Error] :1:1: Premature end of file.
2025-03-25 09:58:31,219 [ERROR] LogOutputStream:75 - [STDERR_REDIRECT] 
2025-03-25 09:58:32,219 [ERROR] LogOutputStream:75 - [STDERR_REDIRECT] [Fatal Error] :1:1: Premature end of file.
2025-03-25 09:58:32,219 [ERROR] LogOutputStream:75 - [STDERR_REDIRECT] 
2025-03-25 09:58:33,210 [ERROR] LogOutputStream:75 - [STDERR_REDIRECT] [Fatal Error] :1:1: Premature end of file.
2025-03-25 09:58:33,210 [ERROR] LogOutputStream:75 - [STDERR_REDIRECT] 
2025-03-25 09:58:34,223 [ERROR] LogOutputStream:75 - [STDERR_REDIRECT] [Fatal Error] :1:1: Premature end of file.
2025-03-25 09:58:34,223 [ERROR] LogOutputStream:75 - [STDERR_REDIRECT] 
2025-03-25 09:58:35,225 [ERROR] LogOutputStream:75 - [STDERR_REDIRECT] [Fatal Error] :1:1: Premature end of file.
2025-03-25 09:58:35,225 [ERROR] LogOutputStream:75 - [STDERR_REDIRECT] 
2025-03-25 09:58:36,222 [ERROR] LogOutputStream:75 - [STDERR_REDIRECT] [Fatal Error] :1:1: Premature end of file.
2025-03-25 09:58:36,222 [ERROR] LogOutputStream:75 - [STDERR_REDIRECT] 
2025-03-25 09:58:37,226 [ERROR] LogOutputStream:75 - [STDERR_REDIRECT] [Fatal Error] :1:1: Premature end of file.
2025-03-25 09:58:37,226 [ERROR] LogOutputStream:75 - [STDERR_REDIRECT] 
2025-03-25 09:58:38,226 [ERROR] LogOutputStream:75 - [STDERR_REDIRECT] [Fatal Error] :1:1: Premature end of file.
2025-03-25 09:58:38,226 [ERROR] LogOutputStream:75 - [STDERR_REDIRECT] 
2025-03-25 09:58:39,226 [ERROR] LogOutputStream:75 - [STDERR_REDIRECT] [Fatal Error] :1:1: Premature end of file.
2025-03-25 09:58:39,226 [ERROR] LogOutputStream:75 - [STDERR_REDIRECT] 
2025-03-25 09:58:40,222 [ERROR] LogOutputStream:75 - [STDERR_REDIRECT] [Fatal Error] :1:1: Premature end of file.
2025-03-25 09:58:40,222 [ERROR] LogOutputStream:75 - [STDERR_REDIRECT] 
2025-03-25 09:58:41,224 [ERROR] LogOutputStream:75 - [STDERR_REDIRECT] [Fatal Error] :1:1: Premature end of file.
2025-03-25 09:58:41,224 [ERROR] LogOutputStream:75 - [STDERR_REDIRECT] 
2025-03-25 09:58:42,210 [ERROR] LogOutputStream:75 - [STDERR_REDIRECT] [Fatal Error] :1:1: Premature end of file.
2025-03-25 09:58:42,210 [ERROR] LogOutputStream:75 - [STDERR_REDIRECT] 
2025-03-25 09:58:43,223 [ERROR] LogOutputStream:75 - [STDERR_REDIRECT] [Fatal Error] :1:1: Premature end of file.
2025-03-25 09:58:43,223 [ERROR] LogOutputStream:75 - [STDERR_REDIRECT] 
2025-03-25 09:58:44,222 [ERROR] LogOutputStream:75 - [STDERR_REDIRECT] [Fatal Error] :1:1: Premature end of file.
2025-03-25 09:58:44,222 [ERROR] LogOutputStream:75 - [STDERR_REDIRECT] 
2025-03-25 09:58:45,212 [ERROR] LogOutputStream:75 - [STDERR_REDIRECT] [Fatal Error] :1:1: Premature end of file.
2025-03-25 09:58:45,213 [ERROR] LogOutputStream:75 - [STDERR_REDIRECT] 
2025-03-25 09:58:46,223 [ERROR] LogOutputStream:75 - [STDERR_REDIRECT] [Fatal Error] :1:1: Premature end of file.
2025-03-25 09:58:46,223 [ERROR] LogOutputStream:75 - [STDERR_REDIRECT] 
2025-03-25 09:58:47,225 [ERROR] LogOutputStream:75 - [STDERR_REDIRECT] [Fatal Error] :1:1: Premature end of file.
2025-03-25 09:58:47,226 [ERROR] LogOutputStream:75 - [STDERR_REDIRECT] 
2025-03-25 09:58:48,214 [ERROR] LogOutputStream:75 - [STDERR_REDIRECT] [Fatal Error] :1:1: Premature end of file.
2025-03-25 09:58:48,215 [ERROR] LogOutputStream:75 - [STDERR_REDIRECT] 
2025-03-25 09:58:49,241 [ERROR] LogOutputStream:75 - [STDERR_REDIRECT] [Fatal Error] :1:1: Premature end of file.
2025-03-25 09:58:49,241 [ERROR] LogOutputStream:75 - [STDERR_REDIRECT] 
2025-03-25 09:58:50,217 [ERROR] LogOutputStream:75 - [STDERR_REDIRECT] [Fatal Error] :1:1: Premature end of file.
2025-03-25 09:58:50,218 [ERROR] LogOutputStream:75 - [STDERR_REDIRECT] 
2025-03-25 09:58:51,224 [ERROR] LogOutputStream:75 - [STDERR_REDIRECT] [Fatal Error] :1:1: Premature end of file.
2025-03-25 09:58:51,224 [ERROR] LogOutputStream:75 - [STDERR_REDIRECT] 
2025-03-25 09:58:52,214 [ERROR] LogOutputStream:75 - [STDERR_REDIRECT] [Fatal Error] :1:1: Premature end of file.
2025-03-25 09:58:52,215 [ERROR] LogOutputStream:75 - [STDERR_REDIRECT] 
2025-03-25 09:58:53,224 [ERROR] LogOutputStream:75 - [STDERR_REDIRECT] [Fatal Error] :1:1: Premature end of file.
2025-03-25 09:58:53,225 [ERROR] LogOutputStream:75 - [STDERR_REDIRECT] 
2025-03-25 09:58:54,252 [ERROR] LogOutputStream:75 - [STDERR_REDIRECT] [Fatal Error] :1:1: Premature end of file.
2025-03-25 09:58:54,252 [ERROR] LogOutputStream:75 - [STDERR_REDIRECT] 
2025-03-25 09:58:55,217 [ERROR] LogOutputStream:75 - [STDERR_REDIRECT] [Fatal Error] :1:1: Premature end of file.
2025-03-25 09:58:55,217 [ERROR] LogOutputStream:75 - [STDERR_REDIRECT] 
2025-03-25 09:58:56,203 [ERROR] LogOutputStream:75 - [STDERR_REDIRECT] [Fatal Error] :1:1: Premature end of file.
2025-03-25 09:58:56,203 [ERROR] LogOutputStream:75 - [STDERR_REDIRECT] 
2025-03-25 09:58:57,229 [ERROR] LogOutputStream:75 - [STDERR_REDIRECT] [Fatal Error] :1:1: Premature end of file.
2025-03-25 09:58:57,229 [ERROR] LogOutputStream:75 - [STDERR_REDIRECT] 
2025-03-25 09:58:58,219 [ERROR] LogOutputStream:75 - [STDERR_REDIRECT] [Fatal Error] :1:1: Premature end of file.
2025-03-25 09:58:58,219 [ERROR] LogOutputStream:75 - [STDERR_REDIRECT] 
2025-03-25 09:58:59,207 [ERROR] LogOutputStream:75 - [STDERR_REDIRECT] [Fatal Error] :1:1: Premature end of file.
2025-03-25 09:58:59,208 [ERROR] LogOutputStream:75 - [STDERR_REDIRECT] 
2025-03-25 09:59:00,209 [ERROR] LogOutputStream:75 - [STDERR_REDIRECT] [Fatal Error] :1:1: Premature end of file.
2025-03-25 09:59:00,209 [ERROR] LogOutputStream:75 - [STDERR_REDIRECT] 
2025-03-25 09:59:01,210 [ERROR] LogOutputStream:75 - [STDERR_REDIRECT] [Fatal Error] :1:1: Premature end of file.
2025-03-25 09:59:01,210 [ERROR] LogOutputStream:75 - [STDERR_REDIRECT] 
2025-03-25 09:59:02,209 [ERROR] LogOutputStream:75 - [STDERR_REDIRECT] [Fatal Error] :1:1: Premature end of file.
2025-03-25 09:59:02,209 [ERROR] LogOutputStream:75 - [STDERR_REDIRECT] 
2025-03-25 09:59:03,206 [ERROR] LogOutputStream:75 - [STDERR_REDIRECT] [Fatal Error] :1:1: Premature end of file.
2025-03-25 09:59:03,206 [ERROR] LogOutputStream:75 - [STDERR_REDIRECT] 
2025-03-25 09:59:04,216 [ERROR] LogOutputStream:75 - [STDERR_REDIRECT] [Fatal Error] :1:1: Premature end of file.
2025-03-25 09:59:04,217 [ERROR] LogOutputStream:75 - [STDERR_REDIRECT] 
2025-03-25 09:59:05,209 [ERROR] LogOutputStream:75 - [STDERR_REDIRECT] [Fatal Error] :1:1: Premature end of file.
2025-03-25 09:59:05,209 [ERROR] LogOutputStream:75 - [STDERR_REDIRECT] 
2025-03-25 09:59:06,200 [ERROR] LogOutputStream:75 - [STDERR_REDIRECT] [Fatal Error] :1:1: Premature end of file.
2025-03-25 09:59:06,200 [ERROR] LogOutputStream:75 - [STDERR_REDIRECT] 
2025-03-25 09:59:07,212 [ERROR] LogOutputStream:75 - [STDERR_REDIRECT] [Fatal Error] :1:1: Premature end of file.
2025-03-25 09:59:07,212 [ERROR] LogOutputStream:75 - [STDERR_REDIRECT] 
2025-03-25 09:59:08,222 [ERROR] LogOutputStream:75 - [STDERR_REDIRECT] [Fatal Error] :1:1: Premature end of file.
2025-03-25 09:59:08,223 [ERROR] LogOutputStream:75 - [STDERR_REDIRECT] 
2025-03-25 09:59:09,222 [ERROR] LogOutputStream:75 - [STDERR_REDIRECT] [Fatal Error] :1:1: Premature end of file.
2025-03-25 09:59:09,222 [ERROR] LogOutputStream:75 - [STDERR_REDIRECT] 
2025-03-25 09:59:10,210 [ERROR] LogOutputStream:75 - [STDERR_REDIRECT] [Fatal Error] :1:1: Premature end of file.
2025-03-25 09:59:10,211 [ERROR] LogOutputStream:75 - [STDERR_REDIRECT] 
2025-03-25 09:59:11,245 [ERROR] LogOutputStream:75 - [STDERR_REDIRECT] [Fatal Error] :1:1: Premature end of file.
2025-03-25 09:59:11,246 [ERROR] LogOutputStream:75 - [STDERR_REDIRECT] 
2025-03-25 09:59:12,228 [ERROR] LogOutputStream:75 - [STDERR_REDIRECT] [Fatal Error] :1:1: Premature end of file.
2025-03-25 09:59:12,228 [ERROR] LogOutputStream:75 - [STDERR_REDIRECT] 
2025-03-25 09:59:13,223 [ERROR] LogOutputStream:75 - [STDERR_REDIRECT] [Fatal Error] :1:1: Premature end of file.
2025-03-25 09:59:13,223 [ERROR] LogOutputStream:75 - [STDERR_REDIRECT] 
2025-03-25 09:59:14,211 [ERROR] LogOutputStream:75 - [STDERR_REDIRECT] [Fatal Error] :1:1: Premature end of file.
2025-03-25 09:59:14,212 [ERROR] LogOutputStream:75 - [STDERR_REDIRECT] 
2025-03-25 09:59:15,220 [ERROR] LogOutputStream:75 - [STDERR_REDIRECT] [Fatal Error] :1:1: Premature end of file.
2025-03-25 09:59:15,221 [ERROR] LogOutputStream:75 - [STDERR_REDIRECT] 
2025-03-25 09:59:16,194 [ERROR] LogOutputStream:75 - [STDERR_REDIRECT] [Fatal Error] :1:1: Premature end of file.
2025-03-25 09:59:16,194 [ERROR] LogOutputStream:75 - [STDERR_REDIRECT] 
2025-03-25 09:59:17,217 [ERROR] LogOutputStream:75 - [STDERR_REDIRECT] [Fatal Error] :1:1: Premature end of file.
2025-03-25 09:59:17,217 [ERROR] LogOutputStream:75 - [STDERR_REDIRECT] 
2025-03-25 09:59:18,223 [ERROR] LogOutputStream:75 - [STDERR_REDIRECT] [Fatal Error] :1:1: Premature end of file.
2025-03-25 09:59:18,223 [ERROR] LogOutputStream:75 - [STDERR_REDIRECT] 
2025-03-25 09:59:19,219 [ERROR] LogOutputStream:75 - [STDERR_REDIRECT] [Fatal Error] :1:1: Premature end of file.
2025-03-25 09:59:19,219 [ERROR] LogOutputStream:75 - [STDERR_REDIRECT] 
2025-03-25 09:59:20,214 [ERROR] LogOutputStream:75 - [STDERR_REDIRECT] [Fatal Error] :1:1: Premature end of file.
2025-03-25 09:59:20,214 [ERROR] LogOutputStream:75 - [STDERR_REDIRECT] 
2025-03-25 09:59:21,228 [ERROR] LogOutputStream:75 - [STDERR_REDIRECT] [Fatal Error] :1:1: Premature end of file.
2025-03-25 09:59:21,228 [ERROR] LogOutputStream:75 - [STDERR_REDIRECT] 
2025-03-25 09:59:22,224 [ERROR] LogOutputStream:75 - [STDERR_REDIRECT] [Fatal Error] :1:1: Premature end of file.
2025-03-25 09:59:22,224 [ERROR] LogOutputStream:75 - [STDERR_REDIRECT] 
2025-03-25 09:59:23,237 [ERROR] LogOutputStream:75 - [STDERR_REDIRECT] [Fatal Error] :1:1: Premature end of file.
2025-03-25 09:59:23,237 [ERROR] LogOutputStream:75 - [STDERR_REDIRECT] 
2025-03-25 09:59:24,217 [ERROR] LogOutputStream:75 - [STDERR_REDIRECT] [Fatal Error] :1:1: Premature end of file.
2025-03-25 09:59:24,217 [ERROR] LogOutputStream:75 - [STDERR_REDIRECT] 
2025-03-25 09:59:25,210 [ERROR] LogOutputStream:75 - [STDERR_REDIRECT] [Fatal Error] :1:1: Premature end of file.
2025-03-25 09:59:25,210 [ERROR] LogOutputStream:75 - [STDERR_REDIRECT] 
2025-03-25 09:59:26,241 [ERROR] LogOutputStream:75 - [STDERR_REDIRECT] [Fatal Error] :1:1: Premature end of file.
2025-03-25 09:59:26,241 [ERROR] LogOutputStream:75 - [STDERR_REDIRECT] 
2025-03-25 09:59:27,228 [ERROR] LogOutputStream:75 - [STDERR_REDIRECT] [Fatal Error] :1:1: Premature end of file.
2025-03-25 09:59:27,228 [ERROR] LogOutputStream:75 - [STDERR_REDIRECT] 
2025-03-25 09:59:28,217 [ERROR] LogOutputStream:75 - [STDERR_REDIRECT] [Fatal Error] :1:1: Premature end of file.
2025-03-25 09:59:28,218 [ERROR] LogOutputStream:75 - [STDERR_REDIRECT] 
2025-03-25 09:59:29,223 [ERROR] LogOutputStream:75 - [STDERR_REDIRECT] [Fatal Error] :1:1: Premature end of file.
2025-03-25 09:59:29,224 [ERROR] LogOutputStream:75 - [STDERR_REDIRECT] 
2025-03-25 09:59:30,225 [ERROR] LogOutputStream:75 - [STDERR_REDIRECT] [Fatal Error] :1:1: Premature end of file.
2025-03-25 09:59:30,226 [ERROR] LogOutputStream:75 - [STDERR_REDIRECT] 
2025-03-25 09:59:31,226 [ERROR] LogOutputStream:75 - [STDERR_REDIRECT] [Fatal Error] :1:1: Premature end of file.
2025-03-25 09:59:31,226 [ERROR] LogOutputStream:75 - [STDERR_REDIRECT] 
2025-03-25 09:59:32,220 [ERROR] LogOutputStream:75 - [STDERR_REDIRECT] [Fatal Error] :1:1: Premature end of file.
2025-03-25 09:59:32,220 [ERROR] LogOutputStream:75 - [STDERR_REDIRECT] 
2025-03-25 09:59:33,218 [ERROR] LogOutputStream:75 - [STDERR_REDIRECT] [Fatal Error] :1:1: Premature end of file.
2025-03-25 09:59:33,218 [ERROR] LogOutputStream:75 - [STDERR_REDIRECT] 
2025-03-25 09:59:34,216 [ERROR] LogOutputStream:75 - [STDERR_REDIRECT] [Fatal Error] :1:1: Premature end of file.
2025-03-25 09:59:34,216 [ERROR] LogOutputStream:75 - [STDERR_REDIRECT] 
2025-03-25 09:59:35,211 [ERROR] LogOutputStream:75 - [STDERR_REDIRECT] [Fatal Error] :1:1: Premature end of file.
2025-03-25 09:59:35,211 [ERROR] LogOutputStream:75 - [STDERR_REDIRECT] 
2025-03-25 09:59:36,211 [ERROR] LogOutputStream:75 - [STDERR_REDIRECT] [Fatal Error] :1:1: Premature end of file.
2025-03-25 09:59:36,211 [ERROR] LogOutputStream:75 - [STDERR_REDIRECT] 
2025-03-25 09:59:37,214 [ERROR] LogOutputStream:75 - [STDERR_REDIRECT] [Fatal Error] :1:1: Premature end of file.
2025-03-25 09:59:37,214 [ERROR] LogOutputStream:75 - [STDERR_REDIRECT] 
2025-03-25 09:59:38,213 [ERROR] LogOutputStream:75 - [STDERR_REDIRECT] [Fatal Error] :1:1: Premature end of file.
2025-03-25 09:59:38,213 [ERROR] LogOutputStream:75 - [STDERR_REDIRECT] 
2025-03-25 09:59:39,217 [ERROR] LogOutputStream:75 - [STDERR_REDIRECT] [Fatal Error] :1:1: Premature end of file.
2025-03-25 09:59:39,217 [ERROR] LogOutputStream:75 - [STDERR_REDIRECT] 
2025-03-25 09:59:40,213 [ERROR] LogOutputStream:75 - [STDERR_REDIRECT] [Fatal Error] :1:1: Premature end of file.
2025-03-25 09:59:40,214 [ERROR] LogOutputStream:75 - [STDERR_REDIRECT] 
2025-03-25 09:59:41,218 [ERROR] LogOutputStream:75 - [STDERR_REDIRECT] [Fatal Error] :1:1: Premature end of file.
2025-03-25 09:59:41,218 [ERROR] LogOutputStream:75 - [STDERR_REDIRECT] 
2025-03-25 09:59:42,225 [ERROR] LogOutputStream:75 - [STDERR_REDIRECT] [Fatal Error] :1:1: Premature end of file.
2025-03-25 09:59:42,226 [ERROR] LogOutputStream:75 - [STDERR_REDIRECT] 
2025-03-25 09:59:43,206 [ERROR] LogOutputStream:75 - [STDERR_REDIRECT] [Fatal Error] :1:1: Premature end of file.
2025-03-25 09:59:43,206 [ERROR] LogOutputStream:75 - [STDERR_REDIRECT] 
2025-03-25 09:59:44,221 [ERROR] LogOutputStream:75 - [STDERR_REDIRECT] [Fatal Error] :1:1: Premature end of file.
2025-03-25 09:59:44,221 [ERROR] LogOutputStream:75 - [STDERR_REDIRECT] 
2025-03-25 09:59:45,208 [ERROR] LogOutputStream:75 - [STDERR_REDIRECT] [Fatal Error] :1:1: Premature end of file.
2025-03-25 09:59:45,208 [ERROR] LogOutputStream:75 - [STDERR_REDIRECT] 
2025-03-25 09:59:46,226 [ERROR] LogOutputStream:75 - [STDERR_REDIRECT] [Fatal Error] :1:1: Premature end of file.
2025-03-25 09:59:46,226 [ERROR] LogOutputStream:75 - [STDERR_REDIRECT] 
2025-03-25 09:59:47,214 [ERROR] LogOutputStream:75 - [STDERR_REDIRECT] [Fatal Error] :1:1: Premature end of file.
2025-03-25 09:59:47,215 [ERROR] LogOutputStream:75 - [STDERR_REDIRECT] 
2025-03-25 09:59:48,225 [ERROR] LogOutputStream:75 - [STDERR_REDIRECT] [Fatal Error] :1:1: Premature end of file.
2025-03-25 09:59:48,226 [ERROR] LogOutputStream:75 - [STDERR_REDIRECT] 
2025-03-25 09:59:49,252 [ERROR] LogOutputStream:75 - [STDERR_REDIRECT] [Fatal Error] :1:1: Premature end of file.
2025-03-25 09:59:49,252 [ERROR] LogOutputStream:75 - [STDERR_REDIRECT] 
2025-03-25 09:59:50,227 [ERROR] LogOutputStream:75 - [STDERR_REDIRECT] [Fatal Error] :1:1: Premature end of file.
2025-03-25 09:59:50,227 [ERROR] LogOutputStream:75 - [STDERR_REDIRECT] 
2025-03-25 09:59:51,212 [ERROR] LogOutputStream:75 - [STDERR_REDIRECT] [Fatal Error] :1:1: Premature end of file.
2025-03-25 09:59:51,212 [ERROR] LogOutputStream:75 - [STDERR_REDIRECT] 
2025-03-25 09:59:52,230 [ERROR] LogOutputStream:75 - [STDERR_REDIRECT] [Fatal Error] :1:1: Premature end of file.
2025-03-25 09:59:52,230 [ERROR] LogOutputStream:75 - [STDERR_REDIRECT] 
2025-03-25 09:59:53,226 [ERROR] LogOutputStream:75 - [STDERR_REDIRECT] [Fatal Error] :1:1: Premature end of file.
2025-03-25 09:59:53,226 [ERROR] LogOutputStream:75 - [STDERR_REDIRECT] 
2025-03-25 09:59:54,224 [ERROR] LogOutputStream:75 - [STDERR_REDIRECT] [Fatal Error] :1:1: Premature end of file.
2025-03-25 09:59:54,224 [ERROR] LogOutputStream:75 - [STDERR_REDIRECT] 
2025-03-25 09:59:55,212 [ERROR] LogOutputStream:75 - [STDERR_REDIRECT] [Fatal Error] :1:1: Premature end of file.
2025-03-25 09:59:55,212 [ERROR] LogOutputStream:75 - [STDERR_REDIRECT] 
2025-03-25 09:59:56,234 [ERROR] LogOutputStream:75 - [STDERR_REDIRECT] [Fatal Error] :1:1: Premature end of file.
2025-03-25 09:59:56,235 [ERROR] LogOutputStream:75 - [STDERR_REDIRECT] 
2025-03-25 09:59:57,224 [ERROR] LogOutputStream:75 - [STDERR_REDIRECT] [Fatal Error] :1:1: Premature end of file.
2025-03-25 09:59:57,224 [ERROR] LogOutputStream:75 - [STDERR_REDIRECT] 
2025-03-25 09:59:58,221 [ERROR] LogOutputStream:75 - [STDERR_REDIRECT] [Fatal Error] :1:1: Premature end of file.
2025-03-25 09:59:58,221 [ERROR] LogOutputStream:75 - [STDERR_REDIRECT] 
2025-03-25 09:59:59,226 [ERROR] LogOutputStream:75 - [STDERR_REDIRECT] [Fatal Error] :1:1: Premature end of file.
2025-03-25 09:59:59,226 [ERROR] LogOutputStream:75 - [STDERR_REDIRECT] 
2025-03-25 10:00:00,237 [ERROR] LogOutputStream:75 - [STDERR_REDIRECT] [Fatal Error] :1:1: Premature end of file.
2025-03-25 10:00:00,237 [ERROR] LogOutputStream:75 - [STDERR_REDIRECT] 
2025-03-25 10:00:01,229 [ERROR] LogOutputStream:75 - [STDERR_REDIRECT] [Fatal Error] :1:1: Premature end of file.
2025-03-25 10:00:01,230 [ERROR] LogOutputStream:75 - [STDERR_REDIRECT] 
2025-03-25 10:00:02,222 [ERROR] LogOutputStream:75 - [STDERR_REDIRECT] [Fatal Error] :1:1: Premature end of file.
2025-03-25 10:00:02,223 [ERROR] LogOutputStream:75 - [STDERR_REDIRECT] 
2025-03-25 10:00:03,219 [ERROR] LogOutputStream:75 - [STDERR_REDIRECT] [Fatal Error] :1:1: Premature end of file.
2025-03-25 10:00:03,219 [ERROR] LogOutputStream:75 - [STDERR_REDIRECT] 
2025-03-25 10:00:04,219 [ERROR] LogOutputStream:75 - [STDERR_REDIRECT] [Fatal Error] :1:1: Premature end of file.
2025-03-25 10:00:04,219 [ERROR] LogOutputStream:75 - [STDERR_REDIRECT] 
2025-03-25 10:00:05,223 [ERROR] LogOutputStream:75 - [STDERR_REDIRECT] [Fatal Error] :1:1: Premature end of file.
2025-03-25 10:00:05,223 [ERROR] LogOutputStream:75 - [STDERR_REDIRECT] 
2025-03-25 10:00:06,224 [ERROR] LogOutputStream:75 - [STDERR_REDIRECT] [Fatal Error] :1:1: Premature end of file.
2025-03-25 10:00:06,224 [ERROR] LogOutputStream:75 - [STDERR_REDIRECT] 
2025-03-25 10:00:07,188 [ERROR] LogOutputStream:75 - [STDERR_REDIRECT] [Fatal Error] :1:1: Premature end of file.
2025-03-25 10:00:07,188 [ERROR] LogOutputStream:75 - [STDERR_REDIRECT] 
2025-03-25 10:00:08,186 [ERROR] LogOutputStream:75 - [STDERR_REDIRECT] [Fatal Error] :1:1: Premature end of file.
2025-03-25 10:00:08,186 [ERROR] LogOutputStream:75 - [STDERR_REDIRECT] 
2025-03-25 10:00:09,186 [ERROR] LogOutputStream:75 - [STDERR_REDIRECT] [Fatal Error] :1:1: Premature end of file.
2025-03-25 10:00:09,186 [ERROR] LogOutputStream:75 - [STDERR_REDIRECT] 
2025-03-25 10:00:10,220 [ERROR] LogOutputStream:75 - [STDERR_REDIRECT] [Fatal Error] :1:1: Premature end of file.
2025-03-25 10:00:10,220 [ERROR] LogOutputStream:75 - [STDERR_REDIRECT] 
2025-03-25 10:00:11,229 [ERROR] LogOutputStream:75 - [STDERR_REDIRECT] [Fatal Error] :1:1: Premature end of file.
2025-03-25 10:00:11,230 [ERROR] LogOutputStream:75 - [STDERR_REDIRECT] 
2025-03-25 10:00:12,224 [ERROR] LogOutputStream:75 - [STDERR_REDIRECT] [Fatal Error] :1:1: Premature end of file.
2025-03-25 10:00:12,225 [ERROR] LogOutputStream:75 - [STDERR_REDIRECT] 
2025-03-25 10:00:13,221 [ERROR] LogOutputStream:75 - [STDERR_REDIRECT] [Fatal Error] :1:1: Premature end of file.
2025-03-25 10:00:13,221 [ERROR] LogOutputStream:75 - [STDERR_REDIRECT] 
2025-03-25 10:00:14,225 [ERROR] LogOutputStream:75 - [STDERR_REDIRECT] [Fatal Error] :1:1: Premature end of file.
2025-03-25 10:00:14,225 [ERROR] LogOutputStream:75 - [STDERR_REDIRECT] 
2025-03-25 10:00:15,223 [ERROR] LogOutputStream:75 - [STDERR_REDIRECT] [Fatal Error] :1:1: Premature end of file.
2025-03-25 10:00:15,223 [ERROR] LogOutputStream:75 - [STDERR_REDIRECT] 
2025-03-25 10:00:16,217 [ERROR] LogOutputStream:75 - [STDERR_REDIRECT] [Fatal Error] :1:1: Premature end of file.
2025-03-25 10:00:16,217 [ERROR] LogOutputStream:75 - [STDERR_REDIRECT] 
2025-03-25 10:00:17,225 [ERROR] LogOutputStream:75 - [STDERR_REDIRECT] [Fatal Error] :1:1: Premature end of file.
2025-03-25 10:00:17,225 [ERROR] LogOutputStream:75 - [STDERR_REDIRECT] 
2025-03-25 10:00:18,214 [ERROR] LogOutputStream:75 - [STDERR_REDIRECT] [Fatal Error] :1:1: Premature end of file.
2025-03-25 10:00:18,215 [ERROR] LogOutputStream:75 - [STDERR_REDIRECT] 
2025-03-25 10:00:19,234 [ERROR] LogOutputStream:75 - [STDERR_REDIRECT] [Fatal Error] :1:1: Premature end of file.
2025-03-25 10:00:19,235 [ERROR] LogOutputStream:75 - [STDERR_REDIRECT] 
2025-03-25 10:00:20,222 [ERROR] LogOutputStream:75 - [STDERR_REDIRECT] [Fatal Error] :1:1: Premature end of file.
2025-03-25 10:00:20,223 [ERROR] LogOutputStream:75 - [STDERR_REDIRECT] 
2025-03-25 10:00:21,219 [ERROR] LogOutputStream:75 - [STDERR_REDIRECT] [Fatal Error] :1:1: Premature end of file.
2025-03-25 10:00:21,219 [ERROR] LogOutputStream:75 - [STDERR_REDIRECT] 
2025-03-25 10:00:22,225 [ERROR] LogOutputStream:75 - [STDERR_REDIRECT] [Fatal Error] :1:1: Premature end of file.
2025-03-25 10:00:22,225 [ERROR] LogOutputStream:75 - [STDERR_REDIRECT] 
2025-03-25 10:00:23,225 [ERROR] LogOutputStream:75 - [STDERR_REDIRECT] [Fatal Error] :1:1: Premature end of file.
2025-03-25 10:00:23,225 [ERROR] LogOutputStream:75 - [STDERR_REDIRECT] 
2025-03-25 10:00:24,223 [ERROR] LogOutputStream:75 - [STDERR_REDIRECT] [Fatal Error] :1:1: Premature end of file.
2025-03-25 10:00:24,223 [ERROR] LogOutputStream:75 - [STDERR_REDIRECT] 
2025-03-25 10:00:25,225 [ERROR] LogOutputStream:75 - [STDERR_REDIRECT] [Fatal Error] :1:1: Premature end of file.
2025-03-25 10:00:25,226 [ERROR] LogOutputStream:75 - [STDERR_REDIRECT] 
2025-03-25 10:00:26,248 [ERROR] LogOutputStream:75 - [STDERR_REDIRECT] [Fatal Error] :1:1: Premature end of file.
2025-03-25 10:00:26,249 [ERROR] LogOutputStream:75 - [STDERR_REDIRECT] 
2025-03-25 10:00:27,224 [ERROR] LogOutputStream:75 - [STDERR_REDIRECT] [Fatal Error] :1:1: Premature end of file.
2025-03-25 10:00:27,224 [ERROR] LogOutputStream:75 - [STDERR_REDIRECT] 
2025-03-25 10:00:28,221 [ERROR] LogOutputStream:75 - [STDERR_REDIRECT] [Fatal Error] :1:1: Premature end of file.
2025-03-25 10:00:28,221 [ERROR] LogOutputStream:75 - [STDERR_REDIRECT] 
2025-03-25 10:00:29,222 [ERROR] LogOutputStream:75 - [STDERR_REDIRECT] [Fatal Error] :1:1: Premature end of file.
2025-03-25 10:00:29,223 [ERROR] LogOutputStream:75 - [STDERR_REDIRECT] 
2025-03-25 10:00:30,233 [ERROR] LogOutputStream:75 - [STDERR_REDIRECT] [Fatal Error] :1:1: Premature end of file.
2025-03-25 10:00:30,234 [ERROR] LogOutputStream:75 - [STDERR_REDIRECT] 
2025-03-25 10:00:31,221 [ERROR] LogOutputStream:75 - [STDERR_REDIRECT] [Fatal Error] :1:1: Premature end of file.
2025-03-25 10:00:31,221 [ERROR] LogOutputStream:75 - [STDERR_REDIRECT] 
2025-03-25 10:00:32,208 [ERROR] LogOutputStream:75 - [STDERR_REDIRECT] [Fatal Error] :1:1: Premature end of file.
2025-03-25 10:00:32,208 [ERROR] LogOutputStream:75 - [STDERR_REDIRECT] 
2025-03-25 10:00:33,217 [ERROR] LogOutputStream:75 - [STDERR_REDIRECT] [Fatal Error] :1:1: Premature end of file.
2025-03-25 10:00:33,217 [ERROR] LogOutputStream:75 - [STDERR_REDIRECT] 
2025-03-25 10:00:34,221 [ERROR] LogOutputStream:75 - [STDERR_REDIRECT] [Fatal Error] :1:1: Premature end of file.
2025-03-25 10:00:34,222 [ERROR] LogOutputStream:75 - [STDERR_REDIRECT] 
2025-03-25 10:00:35,222 [ERROR] LogOutputStream:75 - [STDERR_REDIRECT] [Fatal Error] :1:1: Premature end of file.
2025-03-25 10:00:35,222 [ERROR] LogOutputStream:75 - [STDERR_REDIRECT] 
2025-03-25 10:00:36,217 [ERROR] LogOutputStream:75 - [STDERR_REDIRECT] [Fatal Error] :1:1: Premature end of file.
2025-03-25 10:00:36,217 [ERROR] LogOutputStream:75 - [STDERR_REDIRECT] 
2025-03-25 10:00:37,216 [ERROR] LogOutputStream:75 - [STDERR_REDIRECT] [Fatal Error] :1:1: Premature end of file.
2025-03-25 10:00:37,216 [ERROR] LogOutputStream:75 - [STDERR_REDIRECT] 
2025-03-25 10:00:38,216 [ERROR] LogOutputStream:75 - [STDERR_REDIRECT] [Fatal Error] :1:1: Premature end of file.
2025-03-25 10:00:38,216 [ERROR] LogOutputStream:75 - [STDERR_REDIRECT] 
2025-03-25 10:00:39,224 [ERROR] LogOutputStream:75 - [STDERR_REDIRECT] [Fatal Error] :1:1: Premature end of file.
2025-03-25 10:00:39,224 [ERROR] LogOutputStream:75 - [STDERR_REDIRECT] 
2025-03-25 10:00:40,220 [ERROR] LogOutputStream:75 - [STDERR_REDIRECT] [Fatal Error] :1:1: Premature end of file.
2025-03-25 10:00:40,221 [ERROR] LogOutputStream:75 - [STDERR_REDIRECT] 
2025-03-25 10:00:41,224 [ERROR] LogOutputStream:75 - [STDERR_REDIRECT] [Fatal Error] :1:1: Premature end of file.
2025-03-25 10:00:41,224 [ERROR] LogOutputStream:75 - [STDERR_REDIRECT] 
2025-03-25 10:00:42,226 [ERROR] LogOutputStream:75 - [STDERR_REDIRECT] [Fatal Error] :1:1: Premature end of file.
2025-03-25 10:00:42,226 [ERROR] LogOutputStream:75 - [STDERR_REDIRECT] 
2025-03-25 10:00:43,220 [ERROR] LogOutputStream:75 - [STDERR_REDIRECT] [Fatal Error] :1:1: Premature end of file.
2025-03-25 10:00:43,221 [ERROR] LogOutputStream:75 - [STDERR_REDIRECT] 
2025-03-25 10:00:44,225 [ERROR] LogOutputStream:75 - [STDERR_REDIRECT] [Fatal Error] :1:1: Premature end of file.
2025-03-25 10:00:44,225 [ERROR] LogOutputStream:75 - [STDERR_REDIRECT] 
2025-03-25 10:00:45,221 [ERROR] LogOutputStream:75 - [STDERR_REDIRECT] [Fatal Error] :1:1: Premature end of file.
2025-03-25 10:00:45,221 [ERROR] LogOutputStream:75 - [STDERR_REDIRECT] 
2025-03-25 10:00:46,221 [ERROR] LogOutputStream:75 - [STDERR_REDIRECT] [Fatal Error] :1:1: Premature end of file.
2025-03-25 10:00:46,221 [ERROR] LogOutputStream:75 - [STDERR_REDIRECT] 
2025-03-25 10:00:47,223 [ERROR] LogOutputStream:75 - [STDERR_REDIRECT] [Fatal Error] :1:1: Premature end of file.
2025-03-25 10:00:47,223 [ERROR] LogOutputStream:75 - [STDERR_REDIRECT] 
2025-03-25 10:00:48,220 [ERROR] LogOutputStream:75 - [STDERR_REDIRECT] [Fatal Error] :1:1: Premature end of file.
2025-03-25 10:00:48,221 [ERROR] LogOutputStream:75 - [STDERR_REDIRECT] 
2025-03-25 10:00:49,218 [ERROR] LogOutputStream:75 - [STDERR_REDIRECT] [Fatal Error] :1:1: Premature end of file.
2025-03-25 10:00:49,219 [ERROR] LogOutputStream:75 - [STDERR_REDIRECT] 
2025-03-25 10:00:50,219 [ERROR] LogOutputStream:75 - [STDERR_REDIRECT] [Fatal Error] :1:1: Premature end of file.
2025-03-25 10:00:50,220 [ERROR] LogOutputStream:75 - [STDERR_REDIRECT] 
2025-03-25 10:00:51,220 [ERROR] LogOutputStream:75 - [STDERR_REDIRECT] [Fatal Error] :1:1: Premature end of file.
2025-03-25 10:00:51,220 [ERROR] LogOutputStream:75 - [STDERR_REDIRECT] 
2025-03-25 10:00:52,221 [ERROR] LogOutputStream:75 - [STDERR_REDIRECT] [Fatal Error] :1:1: Premature end of file.
2025-03-25 10:00:52,221 [ERROR] LogOutputStream:75 - [STDERR_REDIRECT] 
2025-03-25 10:00:53,224 [ERROR] LogOutputStream:75 - [STDERR_REDIRECT] [Fatal Error] :1:1: Premature end of file.
2025-03-25 10:00:53,224 [ERROR] LogOutputStream:75 - [STDERR_REDIRECT] 
2025-03-25 10:00:54,218 [ERROR] LogOutputStream:75 - [STDERR_REDIRECT] [Fatal Error] :1:1: Premature end of file.
2025-03-25 10:00:54,218 [ERROR] LogOutputStream:75 - [STDERR_REDIRECT] 
2025-03-25 10:00:55,221 [ERROR] LogOutputStream:75 - [STDERR_REDIRECT] [Fatal Error] :1:1: Premature end of file.
2025-03-25 10:00:55,221 [ERROR] LogOutputStream:75 - [STDERR_REDIRECT] 
2025-03-25 10:00:56,224 [ERROR] LogOutputStream:75 - [STDERR_REDIRECT] [Fatal Error] :1:1: Premature end of file.
2025-03-25 10:00:56,224 [ERROR] LogOutputStream:75 - [STDERR_REDIRECT] 
2025-03-25 10:00:57,214 [ERROR] LogOutputStream:75 - [STDERR_REDIRECT] [Fatal Error] :1:1: Premature end of file.
2025-03-25 10:00:57,214 [ERROR] LogOutputStream:75 - [STDERR_REDIRECT] 
2025-03-25 10:00:58,223 [ERROR] LogOutputStream:75 - [STDERR_REDIRECT] [Fatal Error] :1:1: Premature end of file.
2025-03-25 10:00:58,223 [ERROR] LogOutputStream:75 - [STDERR_REDIRECT] 
2025-03-25 10:00:59,219 [ERROR] LogOutputStream:75 - [STDERR_REDIRECT] [Fatal Error] :1:1: Premature end of file.
2025-03-25 10:00:59,219 [ERROR] LogOutputStream:75 - [STDERR_REDIRECT] 
2025-03-25 10:01:00,226 [ERROR] LogOutputStream:75 - [STDERR_REDIRECT] [Fatal Error] :1:1: Premature end of file.
2025-03-25 10:01:00,227 [ERROR] LogOutputStream:75 - [STDERR_REDIRECT] 
2025-03-25 10:01:01,231 [ERROR] LogOutputStream:75 - [STDERR_REDIRECT] [Fatal Error] :1:1: Premature end of file.
2025-03-25 10:01:01,232 [ERROR] LogOutputStream:75 - [STDERR_REDIRECT] 
2025-03-25 10:01:02,229 [ERROR] LogOutputStream:75 - [STDERR_REDIRECT] [Fatal Error] :1:1: Premature end of file.
2025-03-25 10:01:02,229 [ERROR] LogOutputStream:75 - [STDERR_REDIRECT] 
2025-03-25 10:01:03,225 [ERROR] LogOutputStream:75 - [STDERR_REDIRECT] [Fatal Error] :1:1: Premature end of file.
2025-03-25 10:01:03,225 [ERROR] LogOutputStream:75 - [STDERR_REDIRECT] 
2025-03-25 10:01:04,221 [ERROR] LogOutputStream:75 - [STDERR_REDIRECT] [Fatal Error] :1:1: Premature end of file.
2025-03-25 10:01:04,221 [ERROR] LogOutputStream:75 - [STDERR_REDIRECT] 
2025-03-25 10:01:05,220 [ERROR] LogOutputStream:75 - [STDERR_REDIRECT] [Fatal Error] :1:1: Premature end of file.
2025-03-25 10:01:05,220 [ERROR] LogOutputStream:75 - [STDERR_REDIRECT] 
2025-03-25 10:01:06,219 [ERROR] LogOutputStream:75 - [STDERR_REDIRECT] [Fatal Error] :1:1: Premature end of file.
2025-03-25 10:01:06,219 [ERROR] LogOutputStream:75 - [STDERR_REDIRECT] 
2025-03-25 10:01:07,224 [ERROR] LogOutputStream:75 - [STDERR_REDIRECT] [Fatal Error] :1:1: Premature end of file.
2025-03-25 10:01:07,224 [ERROR] LogOutputStream:75 - [STDERR_REDIRECT] 
2025-03-25 10:01:08,222 [ERROR] LogOutputStream:75 - [STDERR_REDIRECT] [Fatal Error] :1:1: Premature end of file.
2025-03-25 10:01:08,222 [ERROR] LogOutputStream:75 - [STDERR_REDIRECT] 
2025-03-25 10:01:09,240 [ERROR] LogOutputStream:75 - [STDERR_REDIRECT] [Fatal Error] :1:1: Premature end of file.
2025-03-25 10:01:09,241 [ERROR] LogOutputStream:75 - [STDERR_REDIRECT] 
2025-03-25 10:01:10,231 [ERROR] LogOutputStream:75 - [STDERR_REDIRECT] [Fatal Error] :1:1: Premature end of file.
2025-03-25 10:01:10,231 [ERROR] LogOutputStream:75 - [STDERR_REDIRECT] 
2025-03-25 10:01:11,220 [ERROR] LogOutputStream:75 - [STDERR_REDIRECT] [Fatal Error] :1:1: Premature end of file.
2025-03-25 10:01:11,220 [ERROR] LogOutputStream:75 - [STDERR_REDIRECT] 
2025-03-25 10:01:12,226 [ERROR] LogOutputStream:75 - [STDERR_REDIRECT] [Fatal Error] :1:1: Premature end of file.
2025-03-25 10:01:12,226 [ERROR] LogOutputStream:75 - [STDERR_REDIRECT] 
2025-03-25 10:01:13,233 [ERROR] LogOutputStream:75 - [STDERR_REDIRECT] [Fatal Error] :1:1: Premature end of file.
2025-03-25 10:01:13,234 [ERROR] LogOutputStream:75 - [STDERR_REDIRECT] 
2025-03-25 10:01:14,232 [ERROR] LogOutputStream:75 - [STDERR_REDIRECT] [Fatal Error] :1:1: Premature end of file.
2025-03-25 10:01:14,233 [ERROR] LogOutputStream:75 - [STDERR_REDIRECT] 
2025-03-25 10:01:15,229 [ERROR] LogOutputStream:75 - [STDERR_REDIRECT] [Fatal Error] :1:1: Premature end of file.
2025-03-25 10:01:15,230 [ERROR] LogOutputStream:75 - [STDERR_REDIRECT] 
2025-03-25 10:01:16,224 [ERROR] LogOutputStream:75 - [STDERR_REDIRECT] [Fatal Error] :1:1: Premature end of file.
2025-03-25 10:01:16,224 [ERROR] LogOutputStream:75 - [STDERR_REDIRECT] 
2025-03-25 10:01:17,219 [ERROR] LogOutputStream:75 - [STDERR_REDIRECT] [Fatal Error] :1:1: Premature end of file.
2025-03-25 10:01:17,219 [ERROR] LogOutputStream:75 - [STDERR_REDIRECT] 
2025-03-25 10:01:18,213 [ERROR] LogOutputStream:75 - [STDERR_REDIRECT] [Fatal Error] :1:1: Premature end of file.
2025-03-25 10:01:18,213 [ERROR] LogOutputStream:75 - [STDERR_REDIRECT] 
2025-03-25 10:01:19,217 [ERROR] LogOutputStream:75 - [STDERR_REDIRECT] [Fatal Error] :1:1: Premature end of file.
2025-03-25 10:01:19,217 [ERROR] LogOutputStream:75 - [STDERR_REDIRECT] 
2025-03-25 10:01:20,224 [ERROR] LogOutputStream:75 - [STDERR_REDIRECT] [Fatal Error] :1:1: Premature end of file.
2025-03-25 10:01:20,224 [ERROR] LogOutputStream:75 - [STDERR_REDIRECT] 
2025-03-25 10:01:21,233 [ERROR] LogOutputStream:75 - [STDERR_REDIRECT] [Fatal Error] :1:1: Premature end of file.
2025-03-25 10:01:21,234 [ERROR] LogOutputStream:75 - [STDERR_REDIRECT] 
2025-03-25 10:01:22,218 [ERROR] LogOutputStream:75 - [STDERR_REDIRECT] [Fatal Error] :1:1: Premature end of file.
2025-03-25 10:01:22,218 [ERROR] LogOutputStream:75 - [STDERR_REDIRECT] 
2025-03-25 10:01:23,220 [ERROR] LogOutputStream:75 - [STDERR_REDIRECT] [Fatal Error] :1:1: Premature end of file.
2025-03-25 10:01:23,220 [ERROR] LogOutputStream:75 - [STDERR_REDIRECT] 
2025-03-25 10:01:24,215 [ERROR] LogOutputStream:75 - [STDERR_REDIRECT] [Fatal Error] :1:1: Premature end of file.
2025-03-25 10:01:24,215 [ERROR] LogOutputStream:75 - [STDERR_REDIRECT] 
2025-03-25 10:01:25,226 [ERROR] LogOutputStream:75 - [STDERR_REDIRECT] [Fatal Error] :1:1: Premature end of file.
2025-03-25 10:01:25,226 [ERROR] LogOutputStream:75 - [STDERR_REDIRECT] 
2025-03-25 10:01:26,227 [ERROR] LogOutputStream:75 - [STDERR_REDIRECT] [Fatal Error] :1:1: Premature end of file.
2025-03-25 10:01:26,228 [ERROR] LogOutputStream:75 - [STDERR_REDIRECT] 
2025-03-25 10:01:27,219 [ERROR] LogOutputStream:75 - [STDERR_REDIRECT] [Fatal Error] :1:1: Premature end of file.
2025-03-25 10:01:27,219 [ERROR] LogOutputStream:75 - [STDERR_REDIRECT] 
2025-03-25 10:01:28,222 [ERROR] LogOutputStream:75 - [STDERR_REDIRECT] [Fatal Error] :1:1: Premature end of file.
2025-03-25 10:01:28,223 [ERROR] LogOutputStream:75 - [STDERR_REDIRECT] 
2025-03-25 10:01:29,223 [ERROR] LogOutputStream:75 - [STDERR_REDIRECT] [Fatal Error] :1:1: Premature end of file.
2025-03-25 10:01:29,223 [ERROR] LogOutputStream:75 - [STDERR_REDIRECT] 
2025-03-25 10:01:30,230 [ERROR] LogOutputStream:75 - [STDERR_REDIRECT] [Fatal Error] :1:1: Premature end of file.
2025-03-25 10:01:30,230 [ERROR] LogOutputStream:75 - [STDERR_REDIRECT] 
2025-03-25 10:01:31,221 [ERROR] LogOutputStream:75 - [STDERR_REDIRECT] [Fatal Error] :1:1: Premature end of file.
2025-03-25 10:01:31,222 [ERROR] LogOutputStream:75 - [STDERR_REDIRECT] 
2025-03-25 10:01:32,218 [ERROR] LogOutputStream:75 - [STDERR_REDIRECT] [Fatal Error] :1:1: Premature end of file.
2025-03-25 10:01:32,219 [ERROR] LogOutputStream:75 - [STDERR_REDIRECT] 
2025-03-25 10:01:33,223 [ERROR] LogOutputStream:75 - [STDERR_REDIRECT] [Fatal Error] :1:1: Premature end of file.
2025-03-25 10:01:33,223 [ERROR] LogOutputStream:75 - [STDERR_REDIRECT] 
2025-03-25 10:01:34,220 [ERROR] LogOutputStream:75 - [STDERR_REDIRECT] [Fatal Error] :1:1: Premature end of file.
2025-03-25 10:01:34,220 [ERROR] LogOutputStream:75 - [STDERR_REDIRECT] 
2025-03-25 10:01:35,215 [ERROR] LogOutputStream:75 - [STDERR_REDIRECT] [Fatal Error] :1:1: Premature end of file.
2025-03-25 10:01:35,215 [ERROR] LogOutputStream:75 - [STDERR_REDIRECT] 
2025-03-25 10:01:36,229 [ERROR] LogOutputStream:75 - [STDERR_REDIRECT] [Fatal Error] :1:1: Premature end of file.
2025-03-25 10:01:36,229 [ERROR] LogOutputStream:75 - [STDERR_REDIRECT] 
2025-03-25 10:01:37,228 [ERROR] LogOutputStream:75 - [STDERR_REDIRECT] [Fatal Error] :1:1: Premature end of file.
2025-03-25 10:01:37,228 [ERROR] LogOutputStream:75 - [STDERR_REDIRECT] 
2025-03-25 10:01:38,254 [ERROR] LogOutputStream:75 - [STDERR_REDIRECT] [Fatal Error] :1:1: Premature end of file.
2025-03-25 10:01:38,254 [ERROR] LogOutputStream:75 - [STDERR_REDIRECT] 
2025-03-25 10:01:39,229 [ERROR] LogOutputStream:75 - [STDERR_REDIRECT] [Fatal Error] :1:1: Premature end of file.
2025-03-25 10:01:39,229 [ERROR] LogOutputStream:75 - [STDERR_REDIRECT] 
2025-03-25 10:01:40,234 [ERROR] LogOutputStream:75 - [STDERR_REDIRECT] [Fatal Error] :1:1: Premature end of file.
2025-03-25 10:01:40,235 [ERROR] LogOutputStream:75 - [STDERR_REDIRECT] 
2025-03-25 10:01:41,226 [ERROR] LogOutputStream:75 - [STDERR_REDIRECT] [Fatal Error] :1:1: Premature end of file.
2025-03-25 10:01:41,226 [ERROR] LogOutputStream:75 - [STDERR_REDIRECT] 
2025-03-25 10:01:42,220 [ERROR] LogOutputStream:75 - [STDERR_REDIRECT] [Fatal Error] :1:1: Premature end of file.
2025-03-25 10:01:42,220 [ERROR] LogOutputStream:75 - [STDERR_REDIRECT] 
2025-03-25 10:01:43,228 [ERROR] LogOutputStream:75 - [STDERR_REDIRECT] [Fatal Error] :1:1: Premature end of file.
2025-03-25 10:01:43,228 [ERROR] LogOutputStream:75 - [STDERR_REDIRECT] 
2025-03-25 10:01:44,225 [ERROR] LogOutputStream:75 - [STDERR_REDIRECT] [Fatal Error] :1:1: Premature end of file.
2025-03-25 10:01:44,225 [ERROR] LogOutputStream:75 - [STDERR_REDIRECT] 
2025-03-25 10:01:45,213 [ERROR] LogOutputStream:75 - [STDERR_REDIRECT] [Fatal Error] :1:1: Premature end of file.
2025-03-25 10:01:45,214 [ERROR] LogOutputStream:75 - [STDERR_REDIRECT] 
2025-03-25 10:01:46,225 [ERROR] LogOutputStream:75 - [STDERR_REDIRECT] [Fatal Error] :1:1: Premature end of file.
2025-03-25 10:01:46,226 [ERROR] LogOutputStream:75 - [STDERR_REDIRECT] 
2025-03-25 10:01:47,228 [ERROR] LogOutputStream:75 - [STDERR_REDIRECT] [Fatal Error] :1:1: Premature end of file.
2025-03-25 10:01:47,229 [ERROR] LogOutputStream:75 - [STDERR_REDIRECT] 
2025-03-25 10:01:48,225 [ERROR] LogOutputStream:75 - [STDERR_REDIRECT] [Fatal Error] :1:1: Premature end of file.
2025-03-25 10:01:48,225 [ERROR] LogOutputStream:75 - [STDERR_REDIRECT] 
2025-03-25 10:01:49,225 [ERROR] LogOutputStream:75 - [STDERR_REDIRECT] [Fatal Error] :1:1: Premature end of file.
2025-03-25 10:01:49,225 [ERROR] LogOutputStream:75 - [STDERR_REDIRECT] 
2025-03-25 10:01:50,228 [ERROR] LogOutputStream:75 - [STDERR_REDIRECT] [Fatal Error] :1:1: Premature end of file.
2025-03-25 10:01:50,228 [ERROR] LogOutputStream:75 - [STDERR_REDIRECT] 
2025-03-25 10:01:51,229 [ERROR] LogOutputStream:75 - [STDERR_REDIRECT] [Fatal Error] :1:1: Premature end of file.
2025-03-25 10:01:51,229 [ERROR] LogOutputStream:75 - [STDERR_REDIRECT] 
2025-03-25 10:01:52,230 [ERROR] LogOutputStream:75 - [STDERR_REDIRECT] [Fatal Error] :1:1: Premature end of file.
2025-03-25 10:01:52,230 [ERROR] LogOutputStream:75 - [STDERR_REDIRECT] 
2025-03-25 10:01:53,232 [ERROR] LogOutputStream:75 - [STDERR_REDIRECT] [Fatal Error] :1:1: Premature end of file.
2025-03-25 10:01:53,232 [ERROR] LogOutputStream:75 - [STDERR_REDIRECT] 
2025-03-25 10:01:54,228 [ERROR] LogOutputStream:75 - [STDERR_REDIRECT] [Fatal Error] :1:1: Premature end of file.
2025-03-25 10:01:54,228 [ERROR] LogOutputStream:75 - [STDERR_REDIRECT] 
2025-03-25 10:01:55,224 [ERROR] LogOutputStream:75 - [STDERR_REDIRECT] [Fatal Error] :1:1: Premature end of file.
2025-03-25 10:01:55,224 [ERROR] LogOutputStream:75 - [STDERR_REDIRECT] 
2025-03-25 10:01:56,226 [ERROR] LogOutputStream:75 - [STDERR_REDIRECT] [Fatal Error] :1:1: Premature end of file.
2025-03-25 10:01:56,226 [ERROR] LogOutputStream:75 - [STDERR_REDIRECT] 
2025-03-25 10:01:57,223 [ERROR] LogOutputStream:75 - [STDERR_REDIRECT] [Fatal Error] :1:1: Premature end of file.
2025-03-25 10:01:57,223 [ERROR] LogOutputStream:75 - [STDERR_REDIRECT] 
2025-03-25 10:01:58,227 [ERROR] LogOutputStream:75 - [STDERR_REDIRECT] [Fatal Error] :1:1: Premature end of file.
2025-03-25 10:01:58,228 [ERROR] LogOutputStream:75 - [STDERR_REDIRECT] 
2025-03-25 10:01:59,227 [ERROR] LogOutputStream:75 - [STDERR_REDIRECT] [Fatal Error] :1:1: Premature end of file.
2025-03-25 10:01:59,227 [ERROR] LogOutputStream:75 - [STDERR_REDIRECT] 
2025-03-25 10:02:00,222 [ERROR] LogOutputStream:75 - [STDERR_REDIRECT] [Fatal Error] :1:1: Premature end of file.
2025-03-25 10:02:00,222 [ERROR] LogOutputStream:75 - [STDERR_REDIRECT] 
2025-03-25 10:02:01,228 [ERROR] LogOutputStream:75 - [STDERR_REDIRECT] [Fatal Error] :1:1: Premature end of file.
2025-03-25 10:02:01,228 [ERROR] LogOutputStream:75 - [STDERR_REDIRECT] 
2025-03-25 10:02:02,224 [ERROR] LogOutputStream:75 - [STDERR_REDIRECT] [Fatal Error] :1:1: Premature end of file.
2025-03-25 10:02:02,224 [ERROR] LogOutputStream:75 - [STDERR_REDIRECT] 
2025-03-25 10:02:03,233 [ERROR] LogOutputStream:75 - [STDERR_REDIRECT] [Fatal Error] :1:1: Premature end of file.
2025-03-25 10:02:03,233 [ERROR] LogOutputStream:75 - [STDERR_REDIRECT] 
2025-03-25 10:02:04,217 [ERROR] LogOutputStream:75 - [STDERR_REDIRECT] [Fatal Error] :1:1: Premature end of file.
2025-03-25 10:02:04,217 [ERROR] LogOutputStream:75 - [STDERR_REDIRECT] 
2025-03-25 10:02:05,219 [ERROR] LogOutputStream:75 - [STDERR_REDIRECT] [Fatal Error] :1:1: Premature end of file.
2025-03-25 10:02:05,219 [ERROR] LogOutputStream:75 - [STDERR_REDIRECT] 
2025-03-25 10:02:06,229 [ERROR] LogOutputStream:75 - [STDERR_REDIRECT] [Fatal Error] :1:1: Premature end of file.
2025-03-25 10:02:06,230 [ERROR] LogOutputStream:75 - [STDERR_REDIRECT] 
2025-03-25 10:02:07,233 [ERROR] LogOutputStream:75 - [STDERR_REDIRECT] [Fatal Error] :1:1: Premature end of file.
2025-03-25 10:02:07,233 [ERROR] LogOutputStream:75 - [STDERR_REDIRECT] 
2025-03-25 10:02:08,224 [ERROR] LogOutputStream:75 - [STDERR_REDIRECT] [Fatal Error] :1:1: Premature end of file.
2025-03-25 10:02:08,224 [ERROR] LogOutputStream:75 - [STDERR_REDIRECT] 
2025-03-25 10:02:09,218 [ERROR] LogOutputStream:75 - [STDERR_REDIRECT] [Fatal Error] :1:1: Premature end of file.
2025-03-25 10:02:09,219 [ERROR] LogOutputStream:75 - [STDERR_REDIRECT] 
2025-03-25 10:02:10,207 [ERROR] LogOutputStream:75 - [STDERR_REDIRECT] [Fatal Error] :1:1: Premature end of file.
2025-03-25 10:02:10,207 [ERROR] LogOutputStream:75 - [STDERR_REDIRECT] 
2025-03-25 10:02:11,223 [ERROR] LogOutputStream:75 - [STDERR_REDIRECT] [Fatal Error] :1:1: Premature end of file.
2025-03-25 10:02:11,223 [ERROR] LogOutputStream:75 - [STDERR_REDIRECT] 
2025-03-25 10:02:12,225 [ERROR] LogOutputStream:75 - [STDERR_REDIRECT] [Fatal Error] :1:1: Premature end of file.
2025-03-25 10:02:12,225 [ERROR] LogOutputStream:75 - [STDERR_REDIRECT] 
2025-03-25 10:02:13,218 [ERROR] LogOutputStream:75 - [STDERR_REDIRECT] [Fatal Error] :1:1: Premature end of file.
2025-03-25 10:02:13,218 [ERROR] LogOutputStream:75 - [STDERR_REDIRECT] 
2025-03-25 10:02:14,219 [ERROR] LogOutputStream:75 - [STDERR_REDIRECT] [Fatal Error] :1:1: Premature end of file.
2025-03-25 10:02:14,219 [ERROR] LogOutputStream:75 - [STDERR_REDIRECT] 
2025-03-25 10:02:15,219 [ERROR] LogOutputStream:75 - [STDERR_REDIRECT] [Fatal Error] :1:1: Premature end of file.
2025-03-25 10:02:15,219 [ERROR] LogOutputStream:75 - [STDERR_REDIRECT] 
2025-03-25 10:02:16,228 [ERROR] LogOutputStream:75 - [STDERR_REDIRECT] [Fatal Error] :1:1: Premature end of file.
2025-03-25 10:02:16,229 [ERROR] LogOutputStream:75 - [STDERR_REDIRECT] 
2025-03-25 10:02:17,224 [ERROR] LogOutputStream:75 - [STDERR_REDIRECT] [Fatal Error] :1:1: Premature end of file.
2025-03-25 10:02:17,224 [ERROR] LogOutputStream:75 - [STDERR_REDIRECT] 
2025-03-25 10:02:18,226 [ERROR] LogOutputStream:75 - [STDERR_REDIRECT] [Fatal Error] :1:1: Premature end of file.
2025-03-25 10:02:18,227 [ERROR] LogOutputStream:75 - [STDERR_REDIRECT] 
2025-03-25 10:02:19,227 [ERROR] LogOutputStream:75 - [STDERR_REDIRECT] [Fatal Error] :1:1: Premature end of file.
2025-03-25 10:02:19,227 [ERROR] LogOutputStream:75 - [STDERR_REDIRECT] 
2025-03-25 10:02:20,223 [ERROR] LogOutputStream:75 - [STDERR_REDIRECT] [Fatal Error] :1:1: Premature end of file.
2025-03-25 10:02:20,223 [ERROR] LogOutputStream:75 - [STDERR_REDIRECT] 
2025-03-25 10:02:21,223 [ERROR] LogOutputStream:75 - [STDERR_REDIRECT] [Fatal Error] :1:1: Premature end of file.
2025-03-25 10:02:21,223 [ERROR] LogOutputStream:75 - [STDERR_REDIRECT] 
2025-03-25 10:02:22,210 [ERROR] LogOutputStream:75 - [STDERR_REDIRECT] [Fatal Error] :1:1: Premature end of file.
2025-03-25 10:02:22,211 [ERROR] LogOutputStream:75 - [STDERR_REDIRECT] 
2025-03-25 10:02:23,218 [ERROR] LogOutputStream:75 - [STDERR_REDIRECT] [Fatal Error] :1:1: Premature end of file.
2025-03-25 10:02:23,219 [ERROR] LogOutputStream:75 - [STDERR_REDIRECT] 
2025-03-25 10:02:24,211 [ERROR] LogOutputStream:75 - [STDERR_REDIRECT] [Fatal Error] :1:1: Premature end of file.
2025-03-25 10:02:24,211 [ERROR] LogOutputStream:75 - [STDERR_REDIRECT] 
2025-03-25 10:02:25,225 [ERROR] LogOutputStream:75 - [STDERR_REDIRECT] [Fatal Error] :1:1: Premature end of file.
2025-03-25 10:02:25,225 [ERROR] LogOutputStream:75 - [STDERR_REDIRECT] 
2025-03-25 10:02:26,223 [ERROR] LogOutputStream:75 - [STDERR_REDIRECT] [Fatal Error] :1:1: Premature end of file.
2025-03-25 10:02:26,223 [ERROR] LogOutputStream:75 - [STDERR_REDIRECT] 
2025-03-25 10:02:27,227 [ERROR] LogOutputStream:75 - [STDERR_REDIRECT] [Fatal Error] :1:1: Premature end of file.
2025-03-25 10:02:27,228 [ERROR] LogOutputStream:75 - [STDERR_REDIRECT] 
2025-03-25 10:02:28,220 [ERROR] LogOutputStream:75 - [STDERR_REDIRECT] [Fatal Error] :1:1: Premature end of file.
2025-03-25 10:02:28,221 [ERROR] LogOutputStream:75 - [STDERR_REDIRECT] 
2025-03-25 10:02:29,225 [ERROR] LogOutputStream:75 - [STDERR_REDIRECT] [Fatal Error] :1:1: Premature end of file.
2025-03-25 10:02:29,225 [ERROR] LogOutputStream:75 - [STDERR_REDIRECT] 
2025-03-25 10:02:30,226 [ERROR] LogOutputStream:75 - [STDERR_REDIRECT] [Fatal Error] :1:1: Premature end of file.
2025-03-25 10:02:30,227 [ERROR] LogOutputStream:75 - [STDERR_REDIRECT] 
2025-03-25 10:02:31,220 [ERROR] LogOutputStream:75 - [STDERR_REDIRECT] [Fatal Error] :1:1: Premature end of file.
2025-03-25 10:02:31,221 [ERROR] LogOutputStream:75 - [STDERR_REDIRECT] 
2025-03-25 10:02:32,222 [ERROR] LogOutputStream:75 - [STDERR_REDIRECT] [Fatal Error] :1:1: Premature end of file.
2025-03-25 10:02:32,223 [ERROR] LogOutputStream:75 - [STDERR_REDIRECT] 
2025-03-25 10:02:33,227 [ERROR] LogOutputStream:75 - [STDERR_REDIRECT] [Fatal Error] :1:1: Premature end of file.
2025-03-25 10:02:33,228 [ERROR] LogOutputStream:75 - [STDERR_REDIRECT] 
2025-03-25 10:02:34,212 [ERROR] LogOutputStream:75 - [STDERR_REDIRECT] [Fatal Error] :1:1: Premature end of file.
2025-03-25 10:02:34,212 [ERROR] LogOutputStream:75 - [STDERR_REDIRECT] 
2025-03-25 10:02:35,230 [ERROR] LogOutputStream:75 - [STDERR_REDIRECT] [Fatal Error] :1:1: Premature end of file.
2025-03-25 10:02:35,230 [ERROR] LogOutputStream:75 - [STDERR_REDIRECT] 
2025-03-25 10:02:36,257 [ERROR] LogOutputStream:75 - [STDERR_REDIRECT] [Fatal Error] :1:1: Premature end of file.
2025-03-25 10:02:36,257 [ERROR] LogOutputStream:75 - [STDERR_REDIRECT] 
2025-03-25 10:02:37,233 [ERROR] LogOutputStream:75 - [STDERR_REDIRECT] [Fatal Error] :1:1: Premature end of file.
2025-03-25 10:02:37,233 [ERROR] LogOutputStream:75 - [STDERR_REDIRECT] 
2025-03-25 10:02:38,228 [ERROR] LogOutputStream:75 - [STDERR_REDIRECT] [Fatal Error] :1:1: Premature end of file.
2025-03-25 10:02:38,229 [ERROR] LogOutputStream:75 - [STDERR_REDIRECT] 
2025-03-25 10:02:39,220 [ERROR] LogOutputStream:75 - [STDERR_REDIRECT] [Fatal Error] :1:1: Premature end of file.
2025-03-25 10:02:39,220 [ERROR] LogOutputStream:75 - [STDERR_REDIRECT] 
2025-03-25 10:02:40,230 [ERROR] LogOutputStream:75 - [STDERR_REDIRECT] [Fatal Error] :1:1: Premature end of file.
2025-03-25 10:02:40,231 [ERROR] LogOutputStream:75 - [STDERR_REDIRECT] 
2025-03-25 10:02:41,222 [ERROR] LogOutputStream:75 - [STDERR_REDIRECT] [Fatal Error] :1:1: Premature end of file.
2025-03-25 10:02:41,222 [ERROR] LogOutputStream:75 - [STDERR_REDIRECT] 
2025-03-25 10:02:42,221 [ERROR] LogOutputStream:75 - [STDERR_REDIRECT] [Fatal Error] :1:1: Premature end of file.
2025-03-25 10:02:42,221 [ERROR] LogOutputStream:75 - [STDERR_REDIRECT] 
2025-03-25 10:02:43,216 [ERROR] LogOutputStream:75 - [STDERR_REDIRECT] [Fatal Error] :1:1: Premature end of file.
2025-03-25 10:02:43,216 [ERROR] LogOutputStream:75 - [STDERR_REDIRECT] 
2025-03-25 10:02:44,224 [ERROR] LogOutputStream:75 - [STDERR_REDIRECT] [Fatal Error] :1:1: Premature end of file.
2025-03-25 10:02:44,224 [ERROR] LogOutputStream:75 - [STDERR_REDIRECT] 
2025-03-25 10:02:45,222 [ERROR] LogOutputStream:75 - [STDERR_REDIRECT] [Fatal Error] :1:1: Premature end of file.
2025-03-25 10:02:45,222 [ERROR] LogOutputStream:75 - [STDERR_REDIRECT] 
2025-03-25 10:02:46,231 [ERROR] LogOutputStream:75 - [STDERR_REDIRECT] [Fatal Error] :1:1: Premature end of file.
2025-03-25 10:02:46,231 [ERROR] LogOutputStream:75 - [STDERR_REDIRECT] 
2025-03-25 10:02:47,224 [ERROR] LogOutputStream:75 - [STDERR_REDIRECT] [Fatal Error] :1:1: Premature end of file.
2025-03-25 10:02:47,224 [ERROR] LogOutputStream:75 - [STDERR_REDIRECT] 
2025-03-25 10:02:48,226 [ERROR] LogOutputStream:75 - [STDERR_REDIRECT] [Fatal Error] :1:1: Premature end of file.
2025-03-25 10:02:48,227 [ERROR] LogOutputStream:75 - [STDERR_REDIRECT] 
2025-03-25 10:02:49,224 [ERROR] LogOutputStream:75 - [STDERR_REDIRECT] [Fatal Error] :1:1: Premature end of file.
2025-03-25 10:02:49,224 [ERROR] LogOutputStream:75 - [STDERR_REDIRECT] 
2025-03-25 10:02:50,225 [ERROR] LogOutputStream:75 - [STDERR_REDIRECT] [Fatal Error] :1:1: Premature end of file.
2025-03-25 10:02:50,226 [ERROR] LogOutputStream:75 - [STDERR_REDIRECT] 
2025-03-25 10:02:51,224 [ERROR] LogOutputStream:75 - [STDERR_REDIRECT] [Fatal Error] :1:1: Premature end of file.
2025-03-25 10:02:51,224 [ERROR] LogOutputStream:75 - [STDERR_REDIRECT] 
2025-03-25 10:02:52,224 [ERROR] LogOutputStream:75 - [STDERR_REDIRECT] [Fatal Error] :1:1: Premature end of file.
2025-03-25 10:02:52,225 [ERROR] LogOutputStream:75 - [STDERR_REDIRECT] 
2025-03-25 10:02:53,224 [ERROR] LogOutputStream:75 - [STDERR_REDIRECT] [Fatal Error] :1:1: Premature end of file.
2025-03-25 10:02:53,224 [ERROR] LogOutputStream:75 - [STDERR_REDIRECT] 
2025-03-25 10:02:54,218 [ERROR] LogOutputStream:75 - [STDERR_REDIRECT] [Fatal Error] :1:1: Premature end of file.
2025-03-25 10:02:54,218 [ERROR] LogOutputStream:75 - [STDERR_REDIRECT] 
2025-03-25 10:02:55,225 [ERROR] LogOutputStream:75 - [STDERR_REDIRECT] [Fatal Error] :1:1: Premature end of file.
2025-03-25 10:02:55,225 [ERROR] LogOutputStream:75 - [STDERR_REDIRECT] 
2025-03-25 10:02:56,230 [ERROR] LogOutputStream:75 - [STDERR_REDIRECT] [Fatal Error] :1:1: Premature end of file.
2025-03-25 10:02:56,230 [ERROR] LogOutputStream:75 - [STDERR_REDIRECT] 
2025-03-25 10:02:57,229 [ERROR] LogOutputStream:75 - [STDERR_REDIRECT] [Fatal Error] :1:1: Premature end of file.
2025-03-25 10:02:57,229 [ERROR] LogOutputStream:75 - [STDERR_REDIRECT] 
2025-03-25 10:02:58,228 [ERROR] LogOutputStream:75 - [STDERR_REDIRECT] [Fatal Error] :1:1: Premature end of file.
2025-03-25 10:02:58,229 [ERROR] LogOutputStream:75 - [STDERR_REDIRECT] 
2025-03-25 10:02:59,220 [ERROR] LogOutputStream:75 - [STDERR_REDIRECT] [Fatal Error] :1:1: Premature end of file.
2025-03-25 10:02:59,220 [ERROR] LogOutputStream:75 - [STDERR_REDIRECT] 
2025-03-25 10:03:00,229 [ERROR] LogOutputStream:75 - [STDERR_REDIRECT] [Fatal Error] :1:1: Premature end of file.
2025-03-25 10:03:00,229 [ERROR] LogOutputStream:75 - [STDERR_REDIRECT] 
2025-03-25 10:03:01,221 [ERROR] LogOutputStream:75 - [STDERR_REDIRECT] [Fatal Error] :1:1: Premature end of file.
2025-03-25 10:03:01,221 [ERROR] LogOutputStream:75 - [STDERR_REDIRECT] 
2025-03-25 10:03:02,231 [ERROR] LogOutputStream:75 - [STDERR_REDIRECT] [Fatal Error] :1:1: Premature end of file.
2025-03-25 10:03:02,232 [ERROR] LogOutputStream:75 - [STDERR_REDIRECT] 
2025-03-25 10:03:03,222 [ERROR] LogOutputStream:75 - [STDERR_REDIRECT] [Fatal Error] :1:1: Premature end of file.
2025-03-25 10:03:03,222 [ERROR] LogOutputStream:75 - [STDERR_REDIRECT] 
2025-03-25 10:03:04,221 [ERROR] LogOutputStream:75 - [STDERR_REDIRECT] [Fatal Error] :1:1: Premature end of file.
2025-03-25 10:03:04,221 [ERROR] LogOutputStream:75 - [STDERR_REDIRECT] 
2025-03-25 10:03:05,223 [ERROR] LogOutputStream:75 - [STDERR_REDIRECT] [Fatal Error] :1:1: Premature end of file.
2025-03-25 10:03:05,224 [ERROR] LogOutputStream:75 - [STDERR_REDIRECT] 
2025-03-25 10:03:06,219 [ERROR] LogOutputStream:75 - [STDERR_REDIRECT] [Fatal Error] :1:1: Premature end of file.
2025-03-25 10:03:06,219 [ERROR] LogOutputStream:75 - [STDERR_REDIRECT] 
2025-03-25 10:03:07,220 [ERROR] LogOutputStream:75 - [STDERR_REDIRECT] [Fatal Error] :1:1: Premature end of file.
2025-03-25 10:03:07,220 [ERROR] LogOutputStream:75 - [STDERR_REDIRECT] 
2025-03-25 10:03:08,226 [ERROR] LogOutputStream:75 - [STDERR_REDIRECT] [Fatal Error] :1:1: Premature end of file.
2025-03-25 10:03:08,226 [ERROR] LogOutputStream:75 - [STDERR_REDIRECT] 
2025-03-25 10:03:09,220 [ERROR] LogOutputStream:75 - [STDERR_REDIRECT] [Fatal Error] :1:1: Premature end of file.
2025-03-25 10:03:09,220 [ERROR] LogOutputStream:75 - [STDERR_REDIRECT] 
2025-03-25 10:03:10,220 [ERROR] LogOutputStream:75 - [STDERR_REDIRECT] [Fatal Error] :1:1: Premature end of file.
2025-03-25 10:03:10,220 [ERROR] LogOutputStream:75 - [STDERR_REDIRECT] 
2025-03-25 10:03:11,216 [ERROR] LogOutputStream:75 - [STDERR_REDIRECT] [Fatal Error] :1:1: Premature end of file.
2025-03-25 10:03:11,216 [ERROR] LogOutputStream:75 - [STDERR_REDIRECT] 
2025-03-25 10:03:12,222 [ERROR] LogOutputStream:75 - [STDERR_REDIRECT] [Fatal Error] :1:1: Premature end of file.
2025-03-25 10:03:12,223 [ERROR] LogOutputStream:75 - [STDERR_REDIRECT] 
2025-03-25 10:03:13,224 [ERROR] LogOutputStream:75 - [STDERR_REDIRECT] [Fatal Error] :1:1: Premature end of file.
2025-03-25 10:03:13,224 [ERROR] LogOutputStream:75 - [STDERR_REDIRECT] 
2025-03-25 10:03:14,228 [ERROR] LogOutputStream:75 - [STDERR_REDIRECT] [Fatal Error] :1:1: Premature end of file.
2025-03-25 10:03:14,229 [ERROR] LogOutputStream:75 - [STDERR_REDIRECT] 
2025-03-25 10:03:15,222 [ERROR] LogOutputStream:75 - [STDERR_REDIRECT] [Fatal Error] :1:1: Premature end of file.
2025-03-25 10:03:15,222 [ERROR] LogOutputStream:75 - [STDERR_REDIRECT] 
2025-03-25 10:03:16,224 [ERROR] LogOutputStream:75 - [STDERR_REDIRECT] [Fatal Error] :1:1: Premature end of file.
2025-03-25 10:03:16,224 [ERROR] LogOutputStream:75 - [STDERR_REDIRECT] 
2025-03-25 10:03:17,221 [ERROR] LogOutputStream:75 - [STDERR_REDIRECT] [Fatal Error] :1:1: Premature end of file.
2025-03-25 10:03:17,221 [ERROR] LogOutputStream:75 - [STDERR_REDIRECT] 
2025-03-25 10:03:18,228 [ERROR] LogOutputStream:75 - [STDERR_REDIRECT] [Fatal Error] :1:1: Premature end of file.
2025-03-25 10:03:18,228 [ERROR] LogOutputStream:75 - [STDERR_REDIRECT] 
2025-03-25 10:03:19,226 [ERROR] LogOutputStream:75 - [STDERR_REDIRECT] [Fatal Error] :1:1: Premature end of file.
2025-03-25 10:03:19,226 [ERROR] LogOutputStream:75 - [STDERR_REDIRECT] 
2025-03-25 10:03:20,227 [ERROR] LogOutputStream:75 - [STDERR_REDIRECT] [Fatal Error] :1:1: Premature end of file.
2025-03-25 10:03:20,227 [ERROR] LogOutputStream:75 - [STDERR_REDIRECT] 
2025-03-25 10:03:21,230 [ERROR] LogOutputStream:75 - [STDERR_REDIRECT] [Fatal Error] :1:1: Premature end of file.
2025-03-25 10:03:21,231 [ERROR] LogOutputStream:75 - [STDERR_REDIRECT] 
2025-03-25 10:03:22,225 [ERROR] LogOutputStream:75 - [STDERR_REDIRECT] [Fatal Error] :1:1: Premature end of file.
2025-03-25 10:03:22,226 [ERROR] LogOutputStream:75 - [STDERR_REDIRECT] 
2025-03-25 10:03:23,204 [ERROR] LogOutputStream:75 - [STDERR_REDIRECT] [Fatal Error] :1:1: Premature end of file.
2025-03-25 10:03:23,204 [ERROR] LogOutputStream:75 - [STDERR_REDIRECT] 
2025-03-25 10:03:24,216 [ERROR] LogOutputStream:75 - [STDERR_REDIRECT] [Fatal Error] :1:1: Premature end of file.
2025-03-25 10:03:24,217 [ERROR] LogOutputStream:75 - [STDERR_REDIRECT] 
2025-03-25 10:03:25,242 [ERROR] LogOutputStream:75 - [STDERR_REDIRECT] [Fatal Error] :1:1: Premature end of file.
2025-03-25 10:03:25,242 [ERROR] LogOutputStream:75 - [STDERR_REDIRECT] 
2025-03-25 10:03:26,228 [ERROR] LogOutputStream:75 - [STDERR_REDIRECT] [Fatal Error] :1:1: Premature end of file.
2025-03-25 10:03:26,229 [ERROR] LogOutputStream:75 - [STDERR_REDIRECT] 
2025-03-25 10:03:27,226 [ERROR] LogOutputStream:75 - [STDERR_REDIRECT] [Fatal Error] :1:1: Premature end of file.
2025-03-25 10:03:27,226 [ERROR] LogOutputStream:75 - [STDERR_REDIRECT] 
2025-03-25 10:03:28,225 [ERROR] LogOutputStream:75 - [STDERR_REDIRECT] [Fatal Error] :1:1: Premature end of file.
2025-03-25 10:03:28,225 [ERROR] LogOutputStream:75 - [STDERR_REDIRECT] 
2025-03-25 10:03:29,227 [ERROR] LogOutputStream:75 - [STDERR_REDIRECT] [Fatal Error] :1:1: Premature end of file.
2025-03-25 10:03:29,227 [ERROR] LogOutputStream:75 - [STDERR_REDIRECT] 
2025-03-25 10:03:30,228 [ERROR] LogOutputStream:75 - [STDERR_REDIRECT] [Fatal Error] :1:1: Premature end of file.
2025-03-25 10:03:30,228 [ERROR] LogOutputStream:75 - [STDERR_REDIRECT] 
2025-03-25 10:03:31,219 [ERROR] LogOutputStream:75 - [STDERR_REDIRECT] [Fatal Error] :1:1: Premature end of file.
2025-03-25 10:03:31,220 [ERROR] LogOutputStream:75 - [STDERR_REDIRECT] 
2025-03-25 10:03:32,217 [ERROR] LogOutputStream:75 - [STDERR_REDIRECT] [Fatal Error] :1:1: Premature end of file.
2025-03-25 10:03:32,217 [ERROR] LogOutputStream:75 - [STDERR_REDIRECT] 
2025-03-25 10:03:33,239 [ERROR] LogOutputStream:75 - [STDERR_REDIRECT] [Fatal Error] :1:1: Premature end of file.
2025-03-25 10:03:33,239 [ERROR] LogOutputStream:75 - [STDERR_REDIRECT] 
2025-03-25 10:03:34,222 [ERROR] LogOutputStream:75 - [STDERR_REDIRECT] [Fatal Error] :1:1: Premature end of file.
2025-03-25 10:03:34,223 [ERROR] LogOutputStream:75 - [STDERR_REDIRECT] 
2025-03-25 10:03:35,221 [ERROR] LogOutputStream:75 - [STDERR_REDIRECT] [Fatal Error] :1:1: Premature end of file.
2025-03-25 10:03:35,221 [ERROR] LogOutputStream:75 - [STDERR_REDIRECT] 
2025-03-25 10:03:36,221 [ERROR] LogOutputStream:75 - [STDERR_REDIRECT] [Fatal Error] :1:1: Premature end of file.
2025-03-25 10:03:36,221 [ERROR] LogOutputStream:75 - [STDERR_REDIRECT] 
2025-03-25 10:03:37,221 [ERROR] LogOutputStream:75 - [STDERR_REDIRECT] [Fatal Error] :1:1: Premature end of file.
2025-03-25 10:03:37,222 [ERROR] LogOutputStream:75 - [STDERR_REDIRECT] 
2025-03-25 10:03:38,230 [ERROR] LogOutputStream:75 - [STDERR_REDIRECT] [Fatal Error] :1:1: Premature end of file.
2025-03-25 10:03:38,230 [ERROR] LogOutputStream:75 - [STDERR_REDIRECT] 
2025-03-25 10:03:39,226 [ERROR] LogOutputStream:75 - [STDERR_REDIRECT] [Fatal Error] :1:1: Premature end of file.
2025-03-25 10:03:39,226 [ERROR] LogOutputStream:75 - [STDERR_REDIRECT] 
2025-03-25 10:03:40,225 [ERROR] LogOutputStream:75 - [STDERR_REDIRECT] [Fatal Error] :1:1: Premature end of file.
2025-03-25 10:03:40,225 [ERROR] LogOutputStream:75 - [STDERR_REDIRECT] 
2025-03-25 10:03:41,227 [ERROR] LogOutputStream:75 - [STDERR_REDIRECT] [Fatal Error] :1:1: Premature end of file.
2025-03-25 10:03:41,227 [ERROR] LogOutputStream:75 - [STDERR_REDIRECT] 
2025-03-25 10:03:42,223 [ERROR] LogOutputStream:75 - [STDERR_REDIRECT] [Fatal Error] :1:1: Premature end of file.
2025-03-25 10:03:42,223 [ERROR] LogOutputStream:75 - [STDERR_REDIRECT] 
2025-03-25 10:03:43,228 [ERROR] LogOutputStream:75 - [STDERR_REDIRECT] [Fatal Error] :1:1: Premature end of file.
2025-03-25 10:03:43,228 [ERROR] LogOutputStream:75 - [STDERR_REDIRECT] 
2025-03-25 10:03:44,221 [ERROR] LogOutputStream:75 - [STDERR_REDIRECT] [Fatal Error] :1:1: Premature end of file.
2025-03-25 10:03:44,221 [ERROR] LogOutputStream:75 - [STDERR_REDIRECT] 
2025-03-25 10:03:45,230 [ERROR] LogOutputStream:75 - [STDERR_REDIRECT] [Fatal Error] :1:1: Premature end of file.
2025-03-25 10:03:45,230 [ERROR] LogOutputStream:75 - [STDERR_REDIRECT] 
2025-03-25 10:03:46,226 [ERROR] LogOutputStream:75 - [STDERR_REDIRECT] [Fatal Error] :1:1: Premature end of file.
2025-03-25 10:03:46,226 [ERROR] LogOutputStream:75 - [STDERR_REDIRECT] 
2025-03-25 10:03:47,223 [ERROR] LogOutputStream:75 - [STDERR_REDIRECT] [Fatal Error] :1:1: Premature end of file.
2025-03-25 10:03:47,224 [ERROR] LogOutputStream:75 - [STDERR_REDIRECT] 
2025-03-25 10:03:48,224 [ERROR] LogOutputStream:75 - [STDERR_REDIRECT] [Fatal Error] :1:1: Premature end of file.
2025-03-25 10:03:48,224 [ERROR] LogOutputStream:75 - [STDERR_REDIRECT] 
2025-03-25 10:03:49,218 [ERROR] LogOutputStream:75 - [STDERR_REDIRECT] [Fatal Error] :1:1: Premature end of file.
2025-03-25 10:03:49,218 [ERROR] LogOutputStream:75 - [STDERR_REDIRECT] 
2025-03-25 10:03:50,232 [ERROR] LogOutputStream:75 - [STDERR_REDIRECT] [Fatal Error] :1:1: Premature end of file.
2025-03-25 10:03:50,232 [ERROR] LogOutputStream:75 - [STDERR_REDIRECT] 
2025-03-25 10:03:51,227 [ERROR] LogOutputStream:75 - [STDERR_REDIRECT] [Fatal Error] :1:1: Premature end of file.
2025-03-25 10:03:51,227 [ERROR] LogOutputStream:75 - [STDERR_REDIRECT] 
2025-03-25 10:03:52,223 [ERROR] LogOutputStream:75 - [STDERR_REDIRECT] [Fatal Error] :1:1: Premature end of file.
2025-03-25 10:03:52,223 [ERROR] LogOutputStream:75 - [STDERR_REDIRECT] 
2025-03-25 10:03:53,221 [ERROR] LogOutputStream:75 - [STDERR_REDIRECT] [Fatal Error] :1:1: Premature end of file.
2025-03-25 10:03:53,221 [ERROR] LogOutputStream:75 - [STDERR_REDIRECT] 
2025-03-25 10:03:54,216 [ERROR] LogOutputStream:75 - [STDERR_REDIRECT] [Fatal Error] :1:1: Premature end of file.
2025-03-25 10:03:54,216 [ERROR] LogOutputStream:75 - [STDERR_REDIRECT] 
2025-03-25 10:03:55,222 [ERROR] LogOutputStream:75 - [STDERR_REDIRECT] [Fatal Error] :1:1: Premature end of file.
2025-03-25 10:03:55,222 [ERROR] LogOutputStream:75 - [STDERR_REDIRECT] 
2025-03-25 10:03:56,226 [ERROR] LogOutputStream:75 - [STDERR_REDIRECT] [Fatal Error] :1:1: Premature end of file.
2025-03-25 10:03:56,226 [ERROR] LogOutputStream:75 - [STDERR_REDIRECT] 
2025-03-25 10:03:57,223 [ERROR] LogOutputStream:75 - [STDERR_REDIRECT] [Fatal Error] :1:1: Premature end of file.
2025-03-25 10:03:57,224 [ERROR] LogOutputStream:75 - [STDERR_REDIRECT] 
2025-03-25 10:03:58,224 [ERROR] LogOutputStream:75 - [STDERR_REDIRECT] [Fatal Error] :1:1: Premature end of file.
2025-03-25 10:03:58,224 [ERROR] LogOutputStream:75 - [STDERR_REDIRECT] 
2025-03-25 10:03:59,230 [ERROR] LogOutputStream:75 - [STDERR_REDIRECT] [Fatal Error] :1:1: Premature end of file.
2025-03-25 10:03:59,230 [ERROR] LogOutputStream:75 - [STDERR_REDIRECT] 
2025-03-25 10:04:00,230 [ERROR] LogOutputStream:75 - [STDERR_REDIRECT] [Fatal Error] :1:1: Premature end of file.
2025-03-25 10:04:00,230 [ERROR] LogOutputStream:75 - [STDERR_REDIRECT] 
2025-03-25 10:04:01,205 [ERROR] LogOutputStream:75 - [STDERR_REDIRECT] [Fatal Error] :1:1: Premature end of file.
2025-03-25 10:04:01,205 [ERROR] LogOutputStream:75 - [STDERR_REDIRECT] 
2025-03-25 10:04:02,221 [ERROR] LogOutputStream:75 - [STDERR_REDIRECT] [Fatal Error] :1:1: Premature end of file.
2025-03-25 10:04:02,221 [ERROR] LogOutputStream:75 - [STDERR_REDIRECT] 
2025-03-25 10:04:03,229 [ERROR] LogOutputStream:75 - [STDERR_REDIRECT] [Fatal Error] :1:1: Premature end of file.
2025-03-25 10:04:03,230 [ERROR] LogOutputStream:75 - [STDERR_REDIRECT] 
2025-03-25 10:04:04,216 [ERROR] LogOutputStream:75 - [STDERR_REDIRECT] [Fatal Error] :1:1: Premature end of file.
2025-03-25 10:04:04,216 [ERROR] LogOutputStream:75 - [STDERR_REDIRECT] 
2025-03-25 10:04:05,223 [ERROR] LogOutputStream:75 - [STDERR_REDIRECT] [Fatal Error] :1:1: Premature end of file.
2025-03-25 10:04:05,223 [ERROR] LogOutputStream:75 - [STDERR_REDIRECT] 
2025-03-25 10:04:06,225 [ERROR] LogOutputStream:75 - [STDERR_REDIRECT] [Fatal Error] :1:1: Premature end of file.
2025-03-25 10:04:06,225 [ERROR] LogOutputStream:75 - [STDERR_REDIRECT] 
2025-03-25 10:04:07,224 [ERROR] LogOutputStream:75 - [STDERR_REDIRECT] [Fatal Error] :1:1: Premature end of file.
2025-03-25 10:04:07,224 [ERROR] LogOutputStream:75 - [STDERR_REDIRECT] 
2025-03-25 10:04:08,225 [ERROR] LogOutputStream:75 - [STDERR_REDIRECT] [Fatal Error] :1:1: Premature end of file.
2025-03-25 10:04:08,226 [ERROR] LogOutputStream:75 - [STDERR_REDIRECT] 
2025-03-25 10:04:09,214 [ERROR] LogOutputStream:75 - [STDERR_REDIRECT] [Fatal Error] :1:1: Premature end of file.
2025-03-25 10:04:09,215 [ERROR] LogOutputStream:75 - [STDERR_REDIRECT] 
2025-03-25 10:04:10,226 [ERROR] LogOutputStream:75 - [STDERR_REDIRECT] [Fatal Error] :1:1: Premature end of file.
2025-03-25 10:04:10,227 [ERROR] LogOutputStream:75 - [STDERR_REDIRECT] 
2025-03-25 10:04:11,232 [ERROR] LogOutputStream:75 - [STDERR_REDIRECT] [Fatal Error] :1:1: Premature end of file.
2025-03-25 10:04:11,233 [ERROR] LogOutputStream:75 - [STDERR_REDIRECT] 
2025-03-25 10:04:12,209 [ERROR] LogOutputStream:75 - [STDERR_REDIRECT] [Fatal Error] :1:1: Premature end of file.
2025-03-25 10:04:12,209 [ERROR] LogOutputStream:75 - [STDERR_REDIRECT] 
2025-03-25 10:04:13,227 [ERROR] LogOutputStream:75 - [STDERR_REDIRECT] [Fatal Error] :1:1: Premature end of file.
2025-03-25 10:04:13,227 [ERROR] LogOutputStream:75 - [STDERR_REDIRECT] 
2025-03-25 10:04:14,223 [ERROR] LogOutputStream:75 - [STDERR_REDIRECT] [Fatal Error] :1:1: Premature end of file.
2025-03-25 10:04:14,223 [ERROR] LogOutputStream:75 - [STDERR_REDIRECT] 
2025-03-25 10:04:15,225 [ERROR] LogOutputStream:75 - [STDERR_REDIRECT] [Fatal Error] :1:1: Premature end of file.
2025-03-25 10:04:15,225 [ERROR] LogOutputStream:75 - [STDERR_REDIRECT] 
2025-03-25 10:04:16,222 [ERROR] LogOutputStream:75 - [STDERR_REDIRECT] [Fatal Error] :1:1: Premature end of file.
2025-03-25 10:04:16,222 [ERROR] LogOutputStream:75 - [STDERR_REDIRECT] 
2025-03-25 10:04:17,225 [ERROR] LogOutputStream:75 - [STDERR_REDIRECT] [Fatal Error] :1:1: Premature end of file.
2025-03-25 10:04:17,225 [ERROR] LogOutputStream:75 - [STDERR_REDIRECT] 
2025-03-25 10:04:18,229 [ERROR] LogOutputStream:75 - [STDERR_REDIRECT] [Fatal Error] :1:1: Premature end of file.
2025-03-25 10:04:18,229 [ERROR] LogOutputStream:75 - [STDERR_REDIRECT] 
2025-03-25 10:04:19,223 [ERROR] LogOutputStream:75 - [STDERR_REDIRECT] [Fatal Error] :1:1: Premature end of file.
2025-03-25 10:04:19,224 [ERROR] LogOutputStream:75 - [STDERR_REDIRECT] 
2025-03-25 10:04:20,246 [ERROR] LogOutputStream:75 - [STDERR_REDIRECT] [Fatal Error] :1:1: Premature end of file.
2025-03-25 10:04:20,247 [ERROR] LogOutputStream:75 - [STDERR_REDIRECT] 
2025-03-25 10:04:21,226 [ERROR] LogOutputStream:75 - [STDERR_REDIRECT] [Fatal Error] :1:1: Premature end of file.
2025-03-25 10:04:21,226 [ERROR] LogOutputStream:75 - [STDERR_REDIRECT] 
2025-03-25 10:04:22,233 [ERROR] LogOutputStream:75 - [STDERR_REDIRECT] [Fatal Error] :1:1: Premature end of file.
2025-03-25 10:04:22,234 [ERROR] LogOutputStream:75 - [STDERR_REDIRECT] 
2025-03-25 10:04:23,223 [ERROR] LogOutputStream:75 - [STDERR_REDIRECT] [Fatal Error] :1:1: Premature end of file.
2025-03-25 10:04:23,223 [ERROR] LogOutputStream:75 - [STDERR_REDIRECT] 
2025-03-25 10:04:24,222 [ERROR] LogOutputStream:75 - [STDERR_REDIRECT] [Fatal Error] :1:1: Premature end of file.
2025-03-25 10:04:24,222 [ERROR] LogOutputStream:75 - [STDERR_REDIRECT] 
2025-03-25 10:04:25,221 [ERROR] LogOutputStream:75 - [STDERR_REDIRECT] [Fatal Error] :1:1: Premature end of file.
2025-03-25 10:04:25,222 [ERROR] LogOutputStream:75 - [STDERR_REDIRECT] 
2025-03-25 10:04:26,221 [ERROR] LogOutputStream:75 - [STDERR_REDIRECT] [Fatal Error] :1:1: Premature end of file.
2025-03-25 10:04:26,221 [ERROR] LogOutputStream:75 - [STDERR_REDIRECT] 
2025-03-25 10:04:27,224 [ERROR] LogOutputStream:75 - [STDERR_REDIRECT] [Fatal Error] :1:1: Premature end of file.
2025-03-25 10:04:27,226 [ERROR] LogOutputStream:75 - [STDERR_REDIRECT] 
2025-03-25 10:04:28,221 [ERROR] LogOutputStream:75 - [STDERR_REDIRECT] [Fatal Error] :1:1: Premature end of file.
2025-03-25 10:04:28,221 [ERROR] LogOutputStream:75 - [STDERR_REDIRECT] 
2025-03-25 10:04:29,218 [ERROR] LogOutputStream:75 - [STDERR_REDIRECT] [Fatal Error] :1:1: Premature end of file.
2025-03-25 10:04:29,218 [ERROR] LogOutputStream:75 - [STDERR_REDIRECT] 
2025-03-25 10:04:30,226 [ERROR] LogOutputStream:75 - [STDERR_REDIRECT] [Fatal Error] :1:1: Premature end of file.
2025-03-25 10:04:30,226 [ERROR] LogOutputStream:75 - [STDERR_REDIRECT] 
2025-03-25 10:04:31,229 [ERROR] LogOutputStream:75 - [STDERR_REDIRECT] [Fatal Error] :1:1: Premature end of file.
2025-03-25 10:04:31,229 [ERROR] LogOutputStream:75 - [STDERR_REDIRECT] 
2025-03-25 10:04:32,216 [ERROR] LogOutputStream:75 - [STDERR_REDIRECT] [Fatal Error] :1:1: Premature end of file.
2025-03-25 10:04:32,217 [ERROR] LogOutputStream:75 - [STDERR_REDIRECT] 
2025-03-25 10:04:33,226 [ERROR] LogOutputStream:75 - [STDERR_REDIRECT] [Fatal Error] :1:1: Premature end of file.
2025-03-25 10:04:33,226 [ERROR] LogOutputStream:75 - [STDERR_REDIRECT] 
2025-03-25 10:04:34,220 [ERROR] LogOutputStream:75 - [STDERR_REDIRECT] [Fatal Error] :1:1: Premature end of file.
2025-03-25 10:04:34,220 [ERROR] LogOutputStream:75 - [STDERR_REDIRECT] 
2025-03-25 10:04:35,229 [ERROR] LogOutputStream:75 - [STDERR_REDIRECT] [Fatal Error] :1:1: Premature end of file.
2025-03-25 10:04:35,230 [ERROR] LogOutputStream:75 - [STDERR_REDIRECT] 
2025-03-25 10:04:36,224 [ERROR] LogOutputStream:75 - [STDERR_REDIRECT] [Fatal Error] :1:1: Premature end of file.
2025-03-25 10:04:36,225 [ERROR] LogOutputStream:75 - [STDERR_REDIRECT] 
2025-03-25 10:04:37,218 [ERROR] LogOutputStream:75 - [STDERR_REDIRECT] [Fatal Error] :1:1: Premature end of file.
2025-03-25 10:04:37,218 [ERROR] LogOutputStream:75 - [STDERR_REDIRECT] 
2025-03-25 10:04:38,226 [ERROR] LogOutputStream:75 - [STDERR_REDIRECT] [Fatal Error] :1:1: Premature end of file.
2025-03-25 10:04:38,226 [ERROR] LogOutputStream:75 - [STDERR_REDIRECT] 
2025-03-25 10:04:39,216 [ERROR] LogOutputStream:75 - [STDERR_REDIRECT] [Fatal Error] :1:1: Premature end of file.
2025-03-25 10:04:39,216 [ERROR] LogOutputStream:75 - [STDERR_REDIRECT] 
2025-03-25 10:04:40,224 [ERROR] LogOutputStream:75 - [STDERR_REDIRECT] [Fatal Error] :1:1: Premature end of file.
2025-03-25 10:04:40,224 [ERROR] LogOutputStream:75 - [STDERR_REDIRECT] 
2025-03-25 10:04:41,221 [ERROR] LogOutputStream:75 - [STDERR_REDIRECT] [Fatal Error] :1:1: Premature end of file.
2025-03-25 10:04:41,221 [ERROR] LogOutputStream:75 - [STDERR_REDIRECT] 
2025-03-25 10:04:42,226 [ERROR] LogOutputStream:75 - [STDERR_REDIRECT] [Fatal Error] :1:1: Premature end of file.
2025-03-25 10:04:42,227 [ERROR] LogOutputStream:75 - [STDERR_REDIRECT] 
2025-03-25 10:04:43,229 [ERROR] LogOutputStream:75 - [STDERR_REDIRECT] [Fatal Error] :1:1: Premature end of file.
2025-03-25 10:04:43,230 [ERROR] LogOutputStream:75 - [STDERR_REDIRECT] 
2025-03-25 10:04:44,222 [ERROR] LogOutputStream:75 - [STDERR_REDIRECT] [Fatal Error] :1:1: Premature end of file.
2025-03-25 10:04:44,222 [ERROR] LogOutputStream:75 - [STDERR_REDIRECT] 
2025-03-25 10:04:45,225 [ERROR] LogOutputStream:75 - [STDERR_REDIRECT] [Fatal Error] :1:1: Premature end of file.
2025-03-25 10:04:45,225 [ERROR] LogOutputStream:75 - [STDERR_REDIRECT] 
2025-03-25 10:04:46,224 [ERROR] LogOutputStream:75 - [STDERR_REDIRECT] [Fatal Error] :1:1: Premature end of file.
2025-03-25 10:04:46,224 [ERROR] LogOutputStream:75 - [STDERR_REDIRECT] 
2025-03-25 10:04:47,221 [ERROR] LogOutputStream:75 - [STDERR_REDIRECT] [Fatal Error] :1:1: Premature end of file.
2025-03-25 10:04:47,221 [ERROR] LogOutputStream:75 - [STDERR_REDIRECT] 
2025-03-25 10:04:48,226 [ERROR] LogOutputStream:75 - [STDERR_REDIRECT] [Fatal Error] :1:1: Premature end of file.
2025-03-25 10:04:48,226 [ERROR] LogOutputStream:75 - [STDERR_REDIRECT] 
2025-03-25 10:04:49,227 [ERROR] LogOutputStream:75 - [STDERR_REDIRECT] [Fatal Error] :1:1: Premature end of file.
2025-03-25 10:04:49,228 [ERROR] LogOutputStream:75 - [STDERR_REDIRECT] 
2025-03-25 10:04:50,219 [ERROR] LogOutputStream:75 - [STDERR_REDIRECT] [Fatal Error] :1:1: Premature end of file.
2025-03-25 10:04:50,220 [ERROR] LogOutputStream:75 - [STDERR_REDIRECT] 
2025-03-25 10:04:51,223 [ERROR] LogOutputStream:75 - [STDERR_REDIRECT] [Fatal Error] :1:1: Premature end of file.
2025-03-25 10:04:51,223 [ERROR] LogOutputStream:75 - [STDERR_REDIRECT] 
2025-03-25 10:04:52,223 [ERROR] LogOutputStream:75 - [STDERR_REDIRECT] [Fatal Error] :1:1: Premature end of file.
2025-03-25 10:04:52,223 [ERROR] LogOutputStream:75 - [STDERR_REDIRECT] 
2025-03-25 10:04:53,224 [ERROR] LogOutputStream:75 - [STDERR_REDIRECT] [Fatal Error] :1:1: Premature end of file.
2025-03-25 10:04:53,224 [ERROR] LogOutputStream:75 - [STDERR_REDIRECT] 
2025-03-25 10:04:54,225 [ERROR] LogOutputStream:75 - [STDERR_REDIRECT] [Fatal Error] :1:1: Premature end of file.
2025-03-25 10:04:54,225 [ERROR] LogOutputStream:75 - [STDERR_REDIRECT] 
2025-03-25 10:04:55,227 [ERROR] LogOutputStream:75 - [STDERR_REDIRECT] [Fatal Error] :1:1: Premature end of file.
2025-03-25 10:04:55,227 [ERROR] LogOutputStream:75 - [STDERR_REDIRECT] 
2025-03-25 10:04:56,226 [ERROR] LogOutputStream:75 - [STDERR_REDIRECT] [Fatal Error] :1:1: Premature end of file.
2025-03-25 10:04:56,226 [ERROR] LogOutputStream:75 - [STDERR_REDIRECT] 
2025-03-25 10:04:57,226 [ERROR] LogOutputStream:75 - [STDERR_REDIRECT] [Fatal Error] :1:1: Premature end of file.
2025-03-25 10:04:57,227 [ERROR] LogOutputStream:75 - [STDERR_REDIRECT] 
2025-03-25 10:04:58,229 [ERROR] LogOutputStream:75 - [STDERR_REDIRECT] [Fatal Error] :1:1: Premature end of file.
2025-03-25 10:04:58,229 [ERROR] LogOutputStream:75 - [STDERR_REDIRECT] 
2025-03-25 10:04:59,221 [ERROR] LogOutputStream:75 - [STDERR_REDIRECT] [Fatal Error] :1:1: Premature end of file.
2025-03-25 10:04:59,221 [ERROR] LogOutputStream:75 - [STDERR_REDIRECT] 
2025-03-25 10:05:00,227 [ERROR] LogOutputStream:75 - [STDERR_REDIRECT] [Fatal Error] :1:1: Premature end of file.
2025-03-25 10:05:00,227 [ERROR] LogOutputStream:75 - [STDERR_REDIRECT] 
2025-03-25 10:05:01,233 [ERROR] LogOutputStream:75 - [STDERR_REDIRECT] [Fatal Error] :1:1: Premature end of file.
2025-03-25 10:05:01,234 [ERROR] LogOutputStream:75 - [STDERR_REDIRECT] 
2025-03-25 10:05:02,224 [ERROR] LogOutputStream:75 - [STDERR_REDIRECT] [Fatal Error] :1:1: Premature end of file.
2025-03-25 10:05:02,224 [ERROR] LogOutputStream:75 - [STDERR_REDIRECT] 
2025-03-25 10:05:03,224 [ERROR] LogOutputStream:75 - [STDERR_REDIRECT] [Fatal Error] :1:1: Premature end of file.
2025-03-25 10:05:03,224 [ERROR] LogOutputStream:75 - [STDERR_REDIRECT] 
2025-03-25 10:05:04,222 [ERROR] LogOutputStream:75 - [STDERR_REDIRECT] [Fatal Error] :1:1: Premature end of file.
2025-03-25 10:05:04,222 [ERROR] LogOutputStream:75 - [STDERR_REDIRECT] 
2025-03-25 10:05:05,222 [ERROR] LogOutputStream:75 - [STDERR_REDIRECT] [Fatal Error] :1:1: Premature end of file.
2025-03-25 10:05:05,222 [ERROR] LogOutputStream:75 - [STDERR_REDIRECT] 
2025-03-25 10:05:06,229 [ERROR] LogOutputStream:75 - [STDERR_REDIRECT] [Fatal Error] :1:1: Premature end of file.
2025-03-25 10:05:06,229 [ERROR] LogOutputStream:75 - [STDERR_REDIRECT] 
2025-03-25 10:05:07,211 [ERROR] LogOutputStream:75 - [STDERR_REDIRECT] [Fatal Error] :1:1: Premature end of file.
2025-03-25 10:05:07,211 [ERROR] LogOutputStream:75 - [STDERR_REDIRECT] 
2025-03-25 10:05:08,224 [ERROR] LogOutputStream:75 - [STDERR_REDIRECT] [Fatal Error] :1:1: Premature end of file.
2025-03-25 10:05:08,224 [ERROR] LogOutputStream:75 - [STDERR_REDIRECT] 
2025-03-25 10:05:09,223 [ERROR] LogOutputStream:75 - [STDERR_REDIRECT] [Fatal Error] :1:1: Premature end of file.
2025-03-25 10:05:09,223 [ERROR] LogOutputStream:75 - [STDERR_REDIRECT] 
2025-03-25 10:05:10,227 [ERROR] LogOutputStream:75 - [STDERR_REDIRECT] [Fatal Error] :1:1: Premature end of file.
2025-03-25 10:05:10,227 [ERROR] LogOutputStream:75 - [STDERR_REDIRECT] 
2025-03-25 10:05:11,226 [ERROR] LogOutputStream:75 - [STDERR_REDIRECT] [Fatal Error] :1:1: Premature end of file.
2025-03-25 10:05:11,226 [ERROR] LogOutputStream:75 - [STDERR_REDIRECT] 
2025-03-25 10:05:12,229 [ERROR] LogOutputStream:75 - [STDERR_REDIRECT] [Fatal Error] :1:1: Premature end of file.
2025-03-25 10:05:12,229 [ERROR] LogOutputStream:75 - [STDERR_REDIRECT] 
2025-03-25 10:05:13,226 [ERROR] LogOutputStream:75 - [STDERR_REDIRECT] [Fatal Error] :1:1: Premature end of file.
2025-03-25 10:05:13,227 [ERROR] LogOutputStream:75 - [STDERR_REDIRECT] 
2025-03-25 10:05:14,224 [ERROR] LogOutputStream:75 - [STDERR_REDIRECT] [Fatal Error] :1:1: Premature end of file.
2025-03-25 10:05:14,224 [ERROR] LogOutputStream:75 - [STDERR_REDIRECT] 
2025-03-25 10:05:15,225 [ERROR] LogOutputStream:75 - [STDERR_REDIRECT] [Fatal Error] :1:1: Premature end of file.
2025-03-25 10:05:15,225 [ERROR] LogOutputStream:75 - [STDERR_REDIRECT] 
2025-03-25 10:05:16,222 [ERROR] LogOutputStream:75 - [STDERR_REDIRECT] [Fatal Error] :1:1: Premature end of file.
2025-03-25 10:05:16,222 [ERROR] LogOutputStream:75 - [STDERR_REDIRECT] 
2025-03-25 10:05:17,226 [ERROR] LogOutputStream:75 - [STDERR_REDIRECT] [Fatal Error] :1:1: Premature end of file.
2025-03-25 10:05:17,226 [ERROR] LogOutputStream:75 - [STDERR_REDIRECT] 
2025-03-25 10:05:18,226 [ERROR] LogOutputStream:75 - [STDERR_REDIRECT] [Fatal Error] :1:1: Premature end of file.
2025-03-25 10:05:18,226 [ERROR] LogOutputStream:75 - [STDERR_REDIRECT] 
2025-03-25 10:05:19,230 [ERROR] LogOutputStream:75 - [STDERR_REDIRECT] [Fatal Error] :1:1: Premature end of file.
2025-03-25 10:05:19,230 [ERROR] LogOutputStream:75 - [STDERR_REDIRECT] 
2025-03-25 10:05:20,214 [ERROR] LogOutputStream:75 - [STDERR_REDIRECT] [Fatal Error] :1:1: Premature end of file.
2025-03-25 10:05:20,214 [ERROR] LogOutputStream:75 - [STDERR_REDIRECT] 
2025-03-25 10:05:21,224 [ERROR] LogOutputStream:75 - [STDERR_REDIRECT] [Fatal Error] :1:1: Premature end of file.
2025-03-25 10:05:21,225 [ERROR] LogOutputStream:75 - [STDERR_REDIRECT] 
2025-03-25 10:05:22,214 [ERROR] LogOutputStream:75 - [STDERR_REDIRECT] [Fatal Error] :1:1: Premature end of file.
2025-03-25 10:05:22,214 [ERROR] LogOutputStream:75 - [STDERR_REDIRECT] 
2025-03-25 10:05:23,223 [ERROR] LogOutputStream:75 - [STDERR_REDIRECT] [Fatal Error] :1:1: Premature end of file.
2025-03-25 10:05:23,223 [ERROR] LogOutputStream:75 - [STDERR_REDIRECT] 
2025-03-25 10:05:24,214 [ERROR] LogOutputStream:75 - [STDERR_REDIRECT] [Fatal Error] :1:1: Premature end of file.
2025-03-25 10:05:24,214 [ERROR] LogOutputStream:75 - [STDERR_REDIRECT] 
2025-03-25 10:05:25,221 [ERROR] LogOutputStream:75 - [STDERR_REDIRECT] [Fatal Error] :1:1: Premature end of file.
2025-03-25 10:05:25,221 [ERROR] LogOutputStream:75 - [STDERR_REDIRECT] 
2025-03-25 10:05:26,217 [ERROR] LogOutputStream:75 - [STDERR_REDIRECT] [Fatal Error] :1:1: Premature end of file.
2025-03-25 10:05:26,217 [ERROR] LogOutputStream:75 - [STDERR_REDIRECT] 
2025-03-25 10:05:27,210 [ERROR] LogOutputStream:75 - [STDERR_REDIRECT] [Fatal Error] :1:1: Premature end of file.
2025-03-25 10:05:27,210 [ERROR] LogOutputStream:75 - [STDERR_REDIRECT] 
2025-03-25 10:05:28,222 [ERROR] LogOutputStream:75 - [STDERR_REDIRECT] [Fatal Error] :1:1: Premature end of file.
2025-03-25 10:05:28,222 [ERROR] LogOutputStream:75 - [STDERR_REDIRECT] 
2025-03-25 10:05:29,222 [ERROR] LogOutputStream:75 - [STDERR_REDIRECT] [Fatal Error] :1:1: Premature end of file.
2025-03-25 10:05:29,223 [ERROR] LogOutputStream:75 - [STDERR_REDIRECT] 
2025-03-25 10:05:30,208 [ERROR] LogOutputStream:75 - [STDERR_REDIRECT] [Fatal Error] :1:1: Premature end of file.
2025-03-25 10:05:30,208 [ERROR] LogOutputStream:75 - [STDERR_REDIRECT] 
2025-03-25 10:05:31,236 [ERROR] LogOutputStream:75 - [STDERR_REDIRECT] [Fatal Error] :1:1: Premature end of file.
2025-03-25 10:05:31,236 [ERROR] LogOutputStream:75 - [STDERR_REDIRECT] 
2025-03-25 10:05:32,223 [ERROR] LogOutputStream:75 - [STDERR_REDIRECT] [Fatal Error] :1:1: Premature end of file.
2025-03-25 10:05:32,223 [ERROR] LogOutputStream:75 - [STDERR_REDIRECT] 
2025-03-25 10:05:33,224 [ERROR] LogOutputStream:75 - [STDERR_REDIRECT] [Fatal Error] :1:1: Premature end of file.
2025-03-25 10:05:33,224 [ERROR] LogOutputStream:75 - [STDERR_REDIRECT] 
2025-03-25 10:05:34,217 [ERROR] LogOutputStream:75 - [STDERR_REDIRECT] [Fatal Error] :1:1: Premature end of file.
2025-03-25 10:05:34,218 [ERROR] LogOutputStream:75 - [STDERR_REDIRECT] 
2025-03-25 10:05:35,207 [ERROR] LogOutputStream:75 - [STDERR_REDIRECT] [Fatal Error] :1:1: Premature end of file.
2025-03-25 10:05:35,207 [ERROR] LogOutputStream:75 - [STDERR_REDIRECT] 
2025-03-25 10:05:36,193 [ERROR] LogOutputStream:75 - [STDERR_REDIRECT] [Fatal Error] :1:1: Premature end of file.
2025-03-25 10:05:36,193 [ERROR] LogOutputStream:75 - [STDERR_REDIRECT] 
2025-03-25 10:05:37,218 [ERROR] LogOutputStream:75 - [STDERR_REDIRECT] [Fatal Error] :1:1: Premature end of file.
2025-03-25 10:05:37,218 [ERROR] LogOutputStream:75 - [STDERR_REDIRECT] 
2025-03-25 10:05:38,225 [ERROR] LogOutputStream:75 - [STDERR_REDIRECT] [Fatal Error] :1:1: Premature end of file.
2025-03-25 10:05:38,225 [ERROR] LogOutputStream:75 - [STDERR_REDIRECT] 
2025-03-25 10:05:39,219 [ERROR] LogOutputStream:75 - [STDERR_REDIRECT] [Fatal Error] :1:1: Premature end of file.
2025-03-25 10:05:39,219 [ERROR] LogOutputStream:75 - [STDERR_REDIRECT] 
2025-03-25 10:05:40,223 [ERROR] LogOutputStream:75 - [STDERR_REDIRECT] [Fatal Error] :1:1: Premature end of file.
2025-03-25 10:05:40,223 [ERROR] LogOutputStream:75 - [STDERR_REDIRECT] 
2025-03-25 10:05:41,221 [ERROR] LogOutputStream:75 - [STDERR_REDIRECT] [Fatal Error] :1:1: Premature end of file.
2025-03-25 10:05:41,221 [ERROR] LogOutputStream:75 - [STDERR_REDIRECT] 
2025-03-25 10:05:42,227 [ERROR] LogOutputStream:75 - [STDERR_REDIRECT] [Fatal Error] :1:1: Premature end of file.
2025-03-25 10:05:42,227 [ERROR] LogOutputStream:75 - [STDERR_REDIRECT] 
2025-03-25 10:05:43,227 [ERROR] LogOutputStream:75 - [STDERR_REDIRECT] [Fatal Error] :1:1: Premature end of file.
2025-03-25 10:05:43,227 [ERROR] LogOutputStream:75 - [STDERR_REDIRECT] 
2025-03-25 10:05:44,225 [ERROR] LogOutputStream:75 - [STDERR_REDIRECT] [Fatal Error] :1:1: Premature end of file.
2025-03-25 10:05:44,225 [ERROR] LogOutputStream:75 - [STDERR_REDIRECT] 
2025-03-25 10:05:45,222 [ERROR] LogOutputStream:75 - [STDERR_REDIRECT] [Fatal Error] :1:1: Premature end of file.
2025-03-25 10:05:45,222 [ERROR] LogOutputStream:75 - [STDERR_REDIRECT] 
2025-03-25 10:05:46,223 [ERROR] LogOutputStream:75 - [STDERR_REDIRECT] [Fatal Error] :1:1: Premature end of file.
2025-03-25 10:05:46,223 [ERROR] LogOutputStream:75 - [STDERR_REDIRECT] 
2025-03-25 10:05:47,211 [ERROR] LogOutputStream:75 - [STDERR_REDIRECT] [Fatal Error] :1:1: Premature end of file.
2025-03-25 10:05:47,211 [ERROR] LogOutputStream:75 - [STDERR_REDIRECT] 
2025-03-25 10:05:48,221 [ERROR] LogOutputStream:75 - [STDERR_REDIRECT] [Fatal Error] :1:1: Premature end of file.
2025-03-25 10:05:48,222 [ERROR] LogOutputStream:75 - [STDERR_REDIRECT] 
2025-03-25 10:05:49,213 [ERROR] LogOutputStream:75 - [STDERR_REDIRECT] [Fatal Error] :1:1: Premature end of file.
2025-03-25 10:05:49,214 [ERROR] LogOutputStream:75 - [STDERR_REDIRECT] 
2025-03-25 10:05:50,217 [ERROR] LogOutputStream:75 - [STDERR_REDIRECT] [Fatal Error] :1:1: Premature end of file.
2025-03-25 10:05:50,217 [ERROR] LogOutputStream:75 - [STDERR_REDIRECT] 
2025-03-25 10:05:51,225 [ERROR] LogOutputStream:75 - [STDERR_REDIRECT] [Fatal Error] :1:1: Premature end of file.
2025-03-25 10:05:51,225 [ERROR] LogOutputStream:75 - [STDERR_REDIRECT] 
2025-03-25 10:05:52,226 [ERROR] LogOutputStream:75 - [STDERR_REDIRECT] [Fatal Error] :1:1: Premature end of file.
2025-03-25 10:05:52,226 [ERROR] LogOutputStream:75 - [STDERR_REDIRECT] 
2025-03-25 10:05:53,223 [ERROR] LogOutputStream:75 - [STDERR_REDIRECT] [Fatal Error] :1:1: Premature end of file.
2025-03-25 10:05:53,223 [ERROR] LogOutputStream:75 - [STDERR_REDIRECT] 
2025-03-25 10:05:54,222 [ERROR] LogOutputStream:75 - [STDERR_REDIRECT] [Fatal Error] :1:1: Premature end of file.
2025-03-25 10:05:54,222 [ERROR] LogOutputStream:75 - [STDERR_REDIRECT] 
2025-03-25 10:05:55,221 [ERROR] LogOutputStream:75 - [STDERR_REDIRECT] [Fatal Error] :1:1: Premature end of file.
2025-03-25 10:05:55,221 [ERROR] LogOutputStream:75 - [STDERR_REDIRECT] 
2025-03-25 10:05:56,196 [ERROR] LogOutputStream:75 - [STDERR_REDIRECT] [Fatal Error] :1:1: Premature end of file.
2025-03-25 10:05:56,196 [ERROR] LogOutputStream:75 - [STDERR_REDIRECT] 
2025-03-25 10:05:57,219 [ERROR] LogOutputStream:75 - [STDERR_REDIRECT] [Fatal Error] :1:1: Premature end of file.
2025-03-25 10:05:57,219 [ERROR] LogOutputStream:75 - [STDERR_REDIRECT] 
2025-03-25 10:05:58,221 [ERROR] LogOutputStream:75 - [STDERR_REDIRECT] [Fatal Error] :1:1: Premature end of file.
2025-03-25 10:05:58,221 [ERROR] LogOutputStream:75 - [STDERR_REDIRECT] 
2025-03-25 10:05:59,216 [ERROR] LogOutputStream:75 - [STDERR_REDIRECT] [Fatal Error] :1:1: Premature end of file.
2025-03-25 10:05:59,216 [ERROR] LogOutputStream:75 - [STDERR_REDIRECT] 
2025-03-25 10:06:00,222 [ERROR] LogOutputStream:75 - [STDERR_REDIRECT] [Fatal Error] :1:1: Premature end of file.
2025-03-25 10:06:00,222 [ERROR] LogOutputStream:75 - [STDERR_REDIRECT] 
2025-03-25 10:06:01,222 [ERROR] LogOutputStream:75 - [STDERR_REDIRECT] [Fatal Error] :1:1: Premature end of file.
2025-03-25 10:06:01,222 [ERROR] LogOutputStream:75 - [STDERR_REDIRECT] 
2025-03-25 10:06:02,214 [ERROR] LogOutputStream:75 - [STDERR_REDIRECT] [Fatal Error] :1:1: Premature end of file.
2025-03-25 10:06:02,214 [ERROR] LogOutputStream:75 - [STDERR_REDIRECT] 
2025-03-25 10:06:03,220 [ERROR] LogOutputStream:75 - [STDERR_REDIRECT] [Fatal Error] :1:1: Premature end of file.
2025-03-25 10:06:03,220 [ERROR] LogOutputStream:75 - [STDERR_REDIRECT] 
2025-03-25 10:06:04,231 [ERROR] LogOutputStream:75 - [STDERR_REDIRECT] [Fatal Error] :1:1: Premature end of file.
2025-03-25 10:06:04,231 [ERROR] LogOutputStream:75 - [STDERR_REDIRECT] 
2025-03-25 10:06:05,254 [ERROR] LogOutputStream:75 - [STDERR_REDIRECT] [Fatal Error] :1:1: Premature end of file.
2025-03-25 10:06:05,254 [ERROR] LogOutputStream:75 - [STDERR_REDIRECT] 
2025-03-25 10:06:06,227 [ERROR] LogOutputStream:75 - [STDERR_REDIRECT] [Fatal Error] :1:1: Premature end of file.
2025-03-25 10:06:06,227 [ERROR] LogOutputStream:75 - [STDERR_REDIRECT] 
2025-03-25 10:06:07,227 [ERROR] LogOutputStream:75 - [STDERR_REDIRECT] [Fatal Error] :1:1: Premature end of file.
2025-03-25 10:06:07,228 [ERROR] LogOutputStream:75 - [STDERR_REDIRECT] 
2025-03-25 10:06:08,214 [ERROR] LogOutputStream:75 - [STDERR_REDIRECT] [Fatal Error] :1:1: Premature end of file.
2025-03-25 10:06:08,214 [ERROR] LogOutputStream:75 - [STDERR_REDIRECT] 
2025-03-25 10:06:09,223 [ERROR] LogOutputStream:75 - [STDERR_REDIRECT] [Fatal Error] :1:1: Premature end of file.
2025-03-25 10:06:09,223 [ERROR] LogOutputStream:75 - [STDERR_REDIRECT] 
2025-03-25 10:06:10,215 [ERROR] LogOutputStream:75 - [STDERR_REDIRECT] [Fatal Error] :1:1: Premature end of file.
2025-03-25 10:06:10,215 [ERROR] LogOutputStream:75 - [STDERR_REDIRECT] 
2025-03-25 10:06:11,221 [ERROR] LogOutputStream:75 - [STDERR_REDIRECT] [Fatal Error] :1:1: Premature end of file.
2025-03-25 10:06:11,221 [ERROR] LogOutputStream:75 - [STDERR_REDIRECT] 
2025-03-25 10:06:12,223 [ERROR] LogOutputStream:75 - [STDERR_REDIRECT] [Fatal Error] :1:1: Premature end of file.
2025-03-25 10:06:12,223 [ERROR] LogOutputStream:75 - [STDERR_REDIRECT] 
2025-03-25 10:06:13,216 [ERROR] LogOutputStream:75 - [STDERR_REDIRECT] [Fatal Error] :1:1: Premature end of file.
2025-03-25 10:06:13,216 [ERROR] LogOutputStream:75 - [STDERR_REDIRECT] 
2025-03-25 10:06:14,219 [ERROR] LogOutputStream:75 - [STDERR_REDIRECT] [Fatal Error] :1:1: Premature end of file.
2025-03-25 10:06:14,219 [ERROR] LogOutputStream:75 - [STDERR_REDIRECT] 
2025-03-25 10:06:15,218 [ERROR] LogOutputStream:75 - [STDERR_REDIRECT] [Fatal Error] :1:1: Premature end of file.
2025-03-25 10:06:15,219 [ERROR] LogOutputStream:75 - [STDERR_REDIRECT] 
2025-03-25 10:06:16,232 [ERROR] LogOutputStream:75 - [STDERR_REDIRECT] [Fatal Error] :1:1: Premature end of file.
2025-03-25 10:06:16,232 [ERROR] LogOutputStream:75 - [STDERR_REDIRECT] 
2025-03-25 10:06:17,224 [ERROR] LogOutputStream:75 - [STDERR_REDIRECT] [Fatal Error] :1:1: Premature end of file.
2025-03-25 10:06:17,225 [ERROR] LogOutputStream:75 - [STDERR_REDIRECT] 
2025-03-25 10:06:18,227 [ERROR] LogOutputStream:75 - [STDERR_REDIRECT] [Fatal Error] :1:1: Premature end of file.
2025-03-25 10:06:18,227 [ERROR] LogOutputStream:75 - [STDERR_REDIRECT] 
2025-03-25 10:06:19,224 [ERROR] LogOutputStream:75 - [STDERR_REDIRECT] [Fatal Error] :1:1: Premature end of file.
2025-03-25 10:06:19,224 [ERROR] LogOutputStream:75 - [STDERR_REDIRECT] 
2025-03-25 10:06:20,223 [ERROR] LogOutputStream:75 - [STDERR_REDIRECT] [Fatal Error] :1:1: Premature end of file.
2025-03-25 10:06:20,223 [ERROR] LogOutputStream:75 - [STDERR_REDIRECT] 
2025-03-25 10:06:21,222 [ERROR] LogOutputStream:75 - [STDERR_REDIRECT] [Fatal Error] :1:1: Premature end of file.
2025-03-25 10:06:21,222 [ERROR] LogOutputStream:75 - [STDERR_REDIRECT] 
2025-03-25 10:06:22,219 [ERROR] LogOutputStream:75 - [STDERR_REDIRECT] [Fatal Error] :1:1: Premature end of file.
2025-03-25 10:06:22,219 [ERROR] LogOutputStream:75 - [STDERR_REDIRECT] 
2025-03-25 10:06:23,225 [ERROR] LogOutputStream:75 - [STDERR_REDIRECT] [Fatal Error] :1:1: Premature end of file.
2025-03-25 10:06:23,225 [ERROR] LogOutputStream:75 - [STDERR_REDIRECT] 
2025-03-25 10:06:24,221 [ERROR] LogOutputStream:75 - [STDERR_REDIRECT] [Fatal Error] :1:1: Premature end of file.
2025-03-25 10:06:24,221 [ERROR] LogOutputStream:75 - [STDERR_REDIRECT] 
2025-03-25 10:06:25,225 [ERROR] LogOutputStream:75 - [STDERR_REDIRECT] [Fatal Error] :1:1: Premature end of file.
2025-03-25 10:06:25,225 [ERROR] LogOutputStream:75 - [STDERR_REDIRECT] 
2025-03-25 10:06:26,223 [ERROR] LogOutputStream:75 - [STDERR_REDIRECT] [Fatal Error] :1:1: Premature end of file.
2025-03-25 10:06:26,223 [ERROR] LogOutputStream:75 - [STDERR_REDIRECT] 
2025-03-25 10:06:27,218 [ERROR] LogOutputStream:75 - [STDERR_REDIRECT] [Fatal Error] :1:1: Premature end of file.
2025-03-25 10:06:27,219 [ERROR] LogOutputStream:75 - [STDERR_REDIRECT] 
2025-03-25 10:06:28,227 [ERROR] LogOutputStream:75 - [STDERR_REDIRECT] [Fatal Error] :1:1: Premature end of file.
2025-03-25 10:06:28,228 [ERROR] LogOutputStream:75 - [STDERR_REDIRECT] 
2025-03-25 10:06:29,221 [ERROR] LogOutputStream:75 - [STDERR_REDIRECT] [Fatal Error] :1:1: Premature end of file.
2025-03-25 10:06:29,221 [ERROR] LogOutputStream:75 - [STDERR_REDIRECT] 
2025-03-25 10:06:30,224 [ERROR] LogOutputStream:75 - [STDERR_REDIRECT] [Fatal Error] :1:1: Premature end of file.
2025-03-25 10:06:30,225 [ERROR] LogOutputStream:75 - [STDERR_REDIRECT] 
2025-03-25 10:06:31,226 [ERROR] LogOutputStream:75 - [STDERR_REDIRECT] [Fatal Error] :1:1: Premature end of file.
2025-03-25 10:06:31,227 [ERROR] LogOutputStream:75 - [STDERR_REDIRECT] 
2025-03-25 10:06:32,218 [ERROR] LogOutputStream:75 - [STDERR_REDIRECT] [Fatal Error] :1:1: Premature end of file.
2025-03-25 10:06:32,218 [ERROR] LogOutputStream:75 - [STDERR_REDIRECT] 
2025-03-25 10:06:33,226 [ERROR] LogOutputStream:75 - [STDERR_REDIRECT] [Fatal Error] :1:1: Premature end of file.
2025-03-25 10:06:33,227 [ERROR] LogOutputStream:75 - [STDERR_REDIRECT] 
2025-03-25 10:06:34,223 [ERROR] LogOutputStream:75 - [STDERR_REDIRECT] [Fatal Error] :1:1: Premature end of file.
2025-03-25 10:06:34,223 [ERROR] LogOutputStream:75 - [STDERR_REDIRECT] 
2025-03-25 10:06:35,225 [ERROR] LogOutputStream:75 - [STDERR_REDIRECT] [Fatal Error] :1:1: Premature end of file.
2025-03-25 10:06:35,225 [ERROR] LogOutputStream:75 - [STDERR_REDIRECT] 
2025-03-25 10:06:36,222 [ERROR] LogOutputStream:75 - [STDERR_REDIRECT] [Fatal Error] :1:1: Premature end of file.
2025-03-25 10:06:36,222 [ERROR] LogOutputStream:75 - [STDERR_REDIRECT] 
2025-03-25 10:06:37,222 [ERROR] LogOutputStream:75 - [STDERR_REDIRECT] [Fatal Error] :1:1: Premature end of file.
2025-03-25 10:06:37,222 [ERROR] LogOutputStream:75 - [STDERR_REDIRECT] 
2025-03-25 10:06:38,233 [ERROR] LogOutputStream:75 - [STDERR_REDIRECT] [Fatal Error] :1:1: Premature end of file.
2025-03-25 10:06:38,233 [ERROR] LogOutputStream:75 - [STDERR_REDIRECT] 
2025-03-25 10:06:39,223 [ERROR] LogOutputStream:75 - [STDERR_REDIRECT] [Fatal Error] :1:1: Premature end of file.
2025-03-25 10:06:39,223 [ERROR] LogOutputStream:75 - [STDERR_REDIRECT] 
2025-03-25 10:06:40,231 [ERROR] LogOutputStream:75 - [STDERR_REDIRECT] [Fatal Error] :1:1: Premature end of file.
2025-03-25 10:06:40,231 [ERROR] LogOutputStream:75 - [STDERR_REDIRECT] 
2025-03-25 10:06:41,226 [ERROR] LogOutputStream:75 - [STDERR_REDIRECT] [Fatal Error] :1:1: Premature end of file.
2025-03-25 10:06:41,226 [ERROR] LogOutputStream:75 - [STDERR_REDIRECT] 
2025-03-25 10:06:42,217 [ERROR] LogOutputStream:75 - [STDERR_REDIRECT] [Fatal Error] :1:1: Premature end of file.
2025-03-25 10:06:42,217 [ERROR] LogOutputStream:75 - [STDERR_REDIRECT] 
2025-03-25 10:06:43,223 [ERROR] LogOutputStream:75 - [STDERR_REDIRECT] [Fatal Error] :1:1: Premature end of file.
2025-03-25 10:06:43,223 [ERROR] LogOutputStream:75 - [STDERR_REDIRECT] 
2025-03-25 10:06:44,226 [ERROR] LogOutputStream:75 - [STDERR_REDIRECT] [Fatal Error] :1:1: Premature end of file.
2025-03-25 10:06:44,227 [ERROR] LogOutputStream:75 - [STDERR_REDIRECT] 
2025-03-25 10:06:45,225 [ERROR] LogOutputStream:75 - [STDERR_REDIRECT] [Fatal Error] :1:1: Premature end of file.
2025-03-25 10:06:45,225 [ERROR] LogOutputStream:75 - [STDERR_REDIRECT] 
2025-03-25 10:06:46,226 [ERROR] LogOutputStream:75 - [STDERR_REDIRECT] [Fatal Error] :1:1: Premature end of file.
2025-03-25 10:06:46,226 [ERROR] LogOutputStream:75 - [STDERR_REDIRECT] 
2025-03-25 10:06:47,213 [ERROR] LogOutputStream:75 - [STDERR_REDIRECT] [Fatal Error] :1:1: Premature end of file.
2025-03-25 10:06:47,213 [ERROR] LogOutputStream:75 - [STDERR_REDIRECT] 
2025-03-25 10:06:48,215 [ERROR] LogOutputStream:75 - [STDERR_REDIRECT] [Fatal Error] :1:1: Premature end of file.
2025-03-25 10:06:48,216 [ERROR] LogOutputStream:75 - [STDERR_REDIRECT] 
2025-03-25 10:06:49,227 [ERROR] LogOutputStream:75 - [STDERR_REDIRECT] [Fatal Error] :1:1: Premature end of file.
2025-03-25 10:06:49,227 [ERROR] LogOutputStream:75 - [STDERR_REDIRECT] 
2025-03-25 10:06:50,217 [ERROR] LogOutputStream:75 - [STDERR_REDIRECT] [Fatal Error] :1:1: Premature end of file.
2025-03-25 10:06:50,217 [ERROR] LogOutputStream:75 - [STDERR_REDIRECT] 
2025-03-25 10:06:51,239 [ERROR] LogOutputStream:75 - [STDERR_REDIRECT] [Fatal Error] :1:1: Premature end of file.
2025-03-25 10:06:51,240 [ERROR] LogOutputStream:75 - [STDERR_REDIRECT] 
2025-03-25 10:06:52,214 [ERROR] LogOutputStream:75 - [STDERR_REDIRECT] [Fatal Error] :1:1: Premature end of file.
2025-03-25 10:06:52,214 [ERROR] LogOutputStream:75 - [STDERR_REDIRECT] 
2025-03-25 10:06:53,221 [ERROR] LogOutputStream:75 - [STDERR_REDIRECT] [Fatal Error] :1:1: Premature end of file.
2025-03-25 10:06:53,221 [ERROR] LogOutputStream:75 - [STDERR_REDIRECT] 
2025-03-25 10:06:54,217 [ERROR] LogOutputStream:75 - [STDERR_REDIRECT] [Fatal Error] :1:1: Premature end of file.
2025-03-25 10:06:54,218 [ERROR] LogOutputStream:75 - [STDERR_REDIRECT] 
2025-03-25 10:06:55,225 [ERROR] LogOutputStream:75 - [STDERR_REDIRECT] [Fatal Error] :1:1: Premature end of file.
2025-03-25 10:06:55,225 [ERROR] LogOutputStream:75 - [STDERR_REDIRECT] 
2025-03-25 10:06:56,228 [ERROR] LogOutputStream:75 - [STDERR_REDIRECT] [Fatal Error] :1:1: Premature end of file.
2025-03-25 10:06:56,229 [ERROR] LogOutputStream:75 - [STDERR_REDIRECT] 
2025-03-25 10:06:57,216 [ERROR] LogOutputStream:75 - [STDERR_REDIRECT] [Fatal Error] :1:1: Premature end of file.
2025-03-25 10:06:57,216 [ERROR] LogOutputStream:75 - [STDERR_REDIRECT] 
2025-03-25 10:06:58,220 [ERROR] LogOutputStream:75 - [STDERR_REDIRECT] [Fatal Error] :1:1: Premature end of file.
2025-03-25 10:06:58,220 [ERROR] LogOutputStream:75 - [STDERR_REDIRECT] 
2025-03-25 10:06:59,223 [ERROR] LogOutputStream:75 - [STDERR_REDIRECT] [Fatal Error] :1:1: Premature end of file.
2025-03-25 10:06:59,223 [ERROR] LogOutputStream:75 - [STDERR_REDIRECT] 
2025-03-25 10:07:00,216 [ERROR] LogOutputStream:75 - [STDERR_REDIRECT] [Fatal Error] :1:1: Premature end of file.
2025-03-25 10:07:00,217 [ERROR] LogOutputStream:75 - [STDERR_REDIRECT] 
2025-03-25 10:07:01,216 [ERROR] LogOutputStream:75 - [STDERR_REDIRECT] [Fatal Error] :1:1: Premature end of file.
2025-03-25 10:07:01,217 [ERROR] LogOutputStream:75 - [STDERR_REDIRECT] 
2025-03-25 10:07:02,220 [ERROR] LogOutputStream:75 - [STDERR_REDIRECT] [Fatal Error] :1:1: Premature end of file.
2025-03-25 10:07:02,220 [ERROR] LogOutputStream:75 - [STDERR_REDIRECT] 
2025-03-25 10:07:03,225 [ERROR] LogOutputStream:75 - [STDERR_REDIRECT] [Fatal Error] :1:1: Premature end of file.
2025-03-25 10:07:03,225 [ERROR] LogOutputStream:75 - [STDERR_REDIRECT] 
2025-03-25 10:07:04,207 [ERROR] LogOutputStream:75 - [STDERR_REDIRECT] [Fatal Error] :1:1: Premature end of file.
2025-03-25 10:07:04,208 [ERROR] LogOutputStream:75 - [STDERR_REDIRECT] 
2025-03-25 10:07:05,226 [ERROR] LogOutputStream:75 - [STDERR_REDIRECT] [Fatal Error] :1:1: Premature end of file.
2025-03-25 10:07:05,226 [ERROR] LogOutputStream:75 - [STDERR_REDIRECT] 
2025-03-25 10:07:06,216 [ERROR] LogOutputStream:75 - [STDERR_REDIRECT] [Fatal Error] :1:1: Premature end of file.
2025-03-25 10:07:06,216 [ERROR] LogOutputStream:75 - [STDERR_REDIRECT] 
2025-03-25 10:07:07,229 [ERROR] LogOutputStream:75 - [STDERR_REDIRECT] [Fatal Error] :1:1: Premature end of file.
2025-03-25 10:07:07,229 [ERROR] LogOutputStream:75 - [STDERR_REDIRECT] 
2025-03-25 10:07:08,224 [ERROR] LogOutputStream:75 - [STDERR_REDIRECT] [Fatal Error] :1:1: Premature end of file.
2025-03-25 10:07:08,225 [ERROR] LogOutputStream:75 - [STDERR_REDIRECT] 
2025-03-25 10:07:09,216 [ERROR] LogOutputStream:75 - [STDERR_REDIRECT] [Fatal Error] :1:1: Premature end of file.
2025-03-25 10:07:09,217 [ERROR] LogOutputStream:75 - [STDERR_REDIRECT] 
2025-03-25 10:07:10,221 [ERROR] LogOutputStream:75 - [STDERR_REDIRECT] [Fatal Error] :1:1: Premature end of file.
2025-03-25 10:07:10,221 [ERROR] LogOutputStream:75 - [STDERR_REDIRECT] 
2025-03-25 10:07:11,228 [ERROR] LogOutputStream:75 - [STDERR_REDIRECT] [Fatal Error] :1:1: Premature end of file.
2025-03-25 10:07:11,228 [ERROR] LogOutputStream:75 - [STDERR_REDIRECT] 
2025-03-25 10:07:12,224 [ERROR] LogOutputStream:75 - [STDERR_REDIRECT] [Fatal Error] :1:1: Premature end of file.
2025-03-25 10:07:12,224 [ERROR] LogOutputStream:75 - [STDERR_REDIRECT] 
2025-03-25 10:07:13,220 [ERROR] LogOutputStream:75 - [STDERR_REDIRECT] [Fatal Error] :1:1: Premature end of file.
2025-03-25 10:07:13,221 [ERROR] LogOutputStream:75 - [STDERR_REDIRECT] 
2025-03-25 10:07:14,232 [ERROR] LogOutputStream:75 - [STDERR_REDIRECT] [Fatal Error] :1:1: Premature end of file.
2025-03-25 10:07:14,232 [ERROR] LogOutputStream:75 - [STDERR_REDIRECT] 
2025-03-25 10:07:15,231 [ERROR] LogOutputStream:75 - [STDERR_REDIRECT] [Fatal Error] :1:1: Premature end of file.
2025-03-25 10:07:15,231 [ERROR] LogOutputStream:75 - [STDERR_REDIRECT] 
2025-03-25 10:07:16,228 [ERROR] LogOutputStream:75 - [STDERR_REDIRECT] [Fatal Error] :1:1: Premature end of file.
2025-03-25 10:07:16,229 [ERROR] LogOutputStream:75 - [STDERR_REDIRECT] 
2025-03-25 10:07:17,225 [ERROR] LogOutputStream:75 - [STDERR_REDIRECT] [Fatal Error] :1:1: Premature end of file.
2025-03-25 10:07:17,225 [ERROR] LogOutputStream:75 - [STDERR_REDIRECT] 
2025-03-25 10:07:18,223 [ERROR] LogOutputStream:75 - [STDERR_REDIRECT] [Fatal Error] :1:1: Premature end of file.
2025-03-25 10:07:18,223 [ERROR] LogOutputStream:75 - [STDERR_REDIRECT] 
2025-03-25 10:07:19,222 [ERROR] LogOutputStream:75 - [STDERR_REDIRECT] [Fatal Error] :1:1: Premature end of file.
2025-03-25 10:07:19,222 [ERROR] LogOutputStream:75 - [STDERR_REDIRECT] 
2025-03-25 10:07:20,224 [ERROR] LogOutputStream:75 - [STDERR_REDIRECT] [Fatal Error] :1:1: Premature end of file.
2025-03-25 10:07:20,224 [ERROR] LogOutputStream:75 - [STDERR_REDIRECT] 
2025-03-25 10:07:21,225 [ERROR] LogOutputStream:75 - [STDERR_REDIRECT] [Fatal Error] :1:1: Premature end of file.
2025-03-25 10:07:21,226 [ERROR] LogOutputStream:75 - [STDERR_REDIRECT] 
2025-03-25 10:07:22,217 [ERROR] LogOutputStream:75 - [STDERR_REDIRECT] [Fatal Error] :1:1: Premature end of file.
2025-03-25 10:07:22,217 [ERROR] LogOutputStream:75 - [STDERR_REDIRECT] 
2025-03-25 10:07:23,224 [ERROR] LogOutputStream:75 - [STDERR_REDIRECT] [Fatal Error] :1:1: Premature end of file.
2025-03-25 10:07:23,225 [ERROR] LogOutputStream:75 - [STDERR_REDIRECT] 
2025-03-25 10:07:24,218 [ERROR] LogOutputStream:75 - [STDERR_REDIRECT] [Fatal Error] :1:1: Premature end of file.
2025-03-25 10:07:24,219 [ERROR] LogOutputStream:75 - [STDERR_REDIRECT] 
2025-03-25 10:07:25,223 [ERROR] LogOutputStream:75 - [STDERR_REDIRECT] [Fatal Error] :1:1: Premature end of file.
2025-03-25 10:07:25,224 [ERROR] LogOutputStream:75 - [STDERR_REDIRECT] 
2025-03-25 10:07:26,218 [ERROR] LogOutputStream:75 - [STDERR_REDIRECT] [Fatal Error] :1:1: Premature end of file.
2025-03-25 10:07:26,218 [ERROR] LogOutputStream:75 - [STDERR_REDIRECT] 
2025-03-25 10:07:27,216 [ERROR] LogOutputStream:75 - [STDERR_REDIRECT] [Fatal Error] :1:1: Premature end of file.
2025-03-25 10:07:27,217 [ERROR] LogOutputStream:75 - [STDERR_REDIRECT] 
2025-03-25 10:07:28,229 [ERROR] LogOutputStream:75 - [STDERR_REDIRECT] [Fatal Error] :1:1: Premature end of file.
2025-03-25 10:07:28,229 [ERROR] LogOutputStream:75 - [STDERR_REDIRECT] 
2025-03-25 10:07:29,211 [ERROR] LogOutputStream:75 - [STDERR_REDIRECT] [Fatal Error] :1:1: Premature end of file.
2025-03-25 10:07:29,211 [ERROR] LogOutputStream:75 - [STDERR_REDIRECT] 
2025-03-25 10:07:30,230 [ERROR] LogOutputStream:75 - [STDERR_REDIRECT] [Fatal Error] :1:1: Premature end of file.
2025-03-25 10:07:30,230 [ERROR] LogOutputStream:75 - [STDERR_REDIRECT] 
2025-03-25 10:07:31,228 [ERROR] LogOutputStream:75 - [STDERR_REDIRECT] [Fatal Error] :1:1: Premature end of file.
2025-03-25 10:07:31,228 [ERROR] LogOutputStream:75 - [STDERR_REDIRECT] 
2025-03-25 10:07:32,227 [ERROR] LogOutputStream:75 - [STDERR_REDIRECT] [Fatal Error] :1:1: Premature end of file.
2025-03-25 10:07:32,227 [ERROR] LogOutputStream:75 - [STDERR_REDIRECT] 
2025-03-25 10:07:33,219 [ERROR] LogOutputStream:75 - [STDERR_REDIRECT] [Fatal Error] :1:1: Premature end of file.
2025-03-25 10:07:33,219 [ERROR] LogOutputStream:75 - [STDERR_REDIRECT] 
2025-03-25 10:07:34,223 [ERROR] LogOutputStream:75 - [STDERR_REDIRECT] [Fatal Error] :1:1: Premature end of file.
2025-03-25 10:07:34,223 [ERROR] LogOutputStream:75 - [STDERR_REDIRECT] 
2025-03-25 10:07:35,229 [ERROR] LogOutputStream:75 - [STDERR_REDIRECT] [Fatal Error] :1:1: Premature end of file.
2025-03-25 10:07:35,229 [ERROR] LogOutputStream:75 - [STDERR_REDIRECT] 
2025-03-25 10:07:36,223 [ERROR] LogOutputStream:75 - [STDERR_REDIRECT] [Fatal Error] :1:1: Premature end of file.
2025-03-25 10:07:36,224 [ERROR] LogOutputStream:75 - [STDERR_REDIRECT] 
2025-03-25 10:07:37,219 [ERROR] LogOutputStream:75 - [STDERR_REDIRECT] [Fatal Error] :1:1: Premature end of file.
2025-03-25 10:07:37,219 [ERROR] LogOutputStream:75 - [STDERR_REDIRECT] 
2025-03-25 10:07:38,226 [ERROR] LogOutputStream:75 - [STDERR_REDIRECT] [Fatal Error] :1:1: Premature end of file.
2025-03-25 10:07:38,227 [ERROR] LogOutputStream:75 - [STDERR_REDIRECT] 
2025-03-25 10:07:39,222 [ERROR] LogOutputStream:75 - [STDERR_REDIRECT] [Fatal Error] :1:1: Premature end of file.
2025-03-25 10:07:39,222 [ERROR] LogOutputStream:75 - [STDERR_REDIRECT] 
2025-03-25 10:07:40,241 [ERROR] LogOutputStream:75 - [STDERR_REDIRECT] [Fatal Error] :1:1: Premature end of file.
2025-03-25 10:07:40,241 [ERROR] LogOutputStream:75 - [STDERR_REDIRECT] 
2025-03-25 10:07:41,210 [ERROR] LogOutputStream:75 - [STDERR_REDIRECT] [Fatal Error] :1:1: Premature end of file.
2025-03-25 10:07:41,210 [ERROR] LogOutputStream:75 - [STDERR_REDIRECT] 
2025-03-25 10:07:42,216 [ERROR] LogOutputStream:75 - [STDERR_REDIRECT] [Fatal Error] :1:1: Premature end of file.
2025-03-25 10:07:42,216 [ERROR] LogOutputStream:75 - [STDERR_REDIRECT] 
2025-03-25 10:07:43,214 [ERROR] LogOutputStream:75 - [STDERR_REDIRECT] [Fatal Error] :1:1: Premature end of file.
2025-03-25 10:07:43,214 [ERROR] LogOutputStream:75 - [STDERR_REDIRECT] 
2025-03-25 10:07:44,199 [ERROR] LogOutputStream:75 - [STDERR_REDIRECT] [Fatal Error] :1:1: Premature end of file.
2025-03-25 10:07:44,199 [ERROR] LogOutputStream:75 - [STDERR_REDIRECT] 
2025-03-25 10:07:45,182 [ERROR] LogOutputStream:75 - [STDERR_REDIRECT] [Fatal Error] :1:1: Premature end of file.
2025-03-25 10:07:45,182 [ERROR] LogOutputStream:75 - [STDERR_REDIRECT] 
2025-03-25 10:07:46,218 [ERROR] LogOutputStream:75 - [STDERR_REDIRECT] [Fatal Error] :1:1: Premature end of file.
2025-03-25 10:07:46,218 [ERROR] LogOutputStream:75 - [STDERR_REDIRECT] 
2025-03-25 10:07:47,232 [ERROR] LogOutputStream:75 - [STDERR_REDIRECT] [Fatal Error] :1:1: Premature end of file.
2025-03-25 10:07:47,233 [ERROR] LogOutputStream:75 - [STDERR_REDIRECT] 
2025-03-25 10:07:48,228 [ERROR] LogOutputStream:75 - [STDERR_REDIRECT] [Fatal Error] :1:1: Premature end of file.
2025-03-25 10:07:48,229 [ERROR] LogOutputStream:75 - [STDERR_REDIRECT] 
2025-03-25 10:07:49,233 [ERROR] LogOutputStream:75 - [STDERR_REDIRECT] [Fatal Error] :1:1: Premature end of file.
2025-03-25 10:07:49,233 [ERROR] LogOutputStream:75 - [STDERR_REDIRECT] 
2025-03-25 10:07:50,218 [ERROR] LogOutputStream:75 - [STDERR_REDIRECT] [Fatal Error] :1:1: Premature end of file.
2025-03-25 10:07:50,218 [ERROR] LogOutputStream:75 - [STDERR_REDIRECT] 
2025-03-25 10:07:51,220 [ERROR] LogOutputStream:75 - [STDERR_REDIRECT] [Fatal Error] :1:1: Premature end of file.
2025-03-25 10:07:51,220 [ERROR] LogOutputStream:75 - [STDERR_REDIRECT] 
2025-03-25 10:07:52,222 [ERROR] LogOutputStream:75 - [STDERR_REDIRECT] [Fatal Error] :1:1: Premature end of file.
2025-03-25 10:07:52,222 [ERROR] LogOutputStream:75 - [STDERR_REDIRECT] 
2025-03-25 10:07:53,230 [ERROR] LogOutputStream:75 - [STDERR_REDIRECT] [Fatal Error] :1:1: Premature end of file.
2025-03-25 10:07:53,231 [ERROR] LogOutputStream:75 - [STDERR_REDIRECT] 
2025-03-25 10:07:54,217 [ERROR] LogOutputStream:75 - [STDERR_REDIRECT] [Fatal Error] :1:1: Premature end of file.
2025-03-25 10:07:54,217 [ERROR] LogOutputStream:75 - [STDERR_REDIRECT] 
2025-03-25 10:07:55,215 [ERROR] LogOutputStream:75 - [STDERR_REDIRECT] [Fatal Error] :1:1: Premature end of file.
2025-03-25 10:07:55,215 [ERROR] LogOutputStream:75 - [STDERR_REDIRECT] 
2025-03-25 10:07:56,216 [ERROR] LogOutputStream:75 - [STDERR_REDIRECT] [Fatal Error] :1:1: Premature end of file.
2025-03-25 10:07:56,216 [ERROR] LogOutputStream:75 - [STDERR_REDIRECT] 
2025-03-25 10:07:57,221 [ERROR] LogOutputStream:75 - [STDERR_REDIRECT] [Fatal Error] :1:1: Premature end of file.
2025-03-25 10:07:57,221 [ERROR] LogOutputStream:75 - [STDERR_REDIRECT] 
2025-03-25 10:07:58,223 [ERROR] LogOutputStream:75 - [STDERR_REDIRECT] [Fatal Error] :1:1: Premature end of file.
2025-03-25 10:07:58,224 [ERROR] LogOutputStream:75 - [STDERR_REDIRECT] 
2025-03-25 10:07:59,204 [ERROR] LogOutputStream:75 - [STDERR_REDIRECT] [Fatal Error] :1:1: Premature end of file.
2025-03-25 10:07:59,205 [ERROR] LogOutputStream:75 - [STDERR_REDIRECT] 
2025-03-25 10:08:00,219 [ERROR] LogOutputStream:75 - [STDERR_REDIRECT] [Fatal Error] :1:1: Premature end of file.
2025-03-25 10:08:00,219 [ERROR] LogOutputStream:75 - [STDERR_REDIRECT] 
2025-03-25 10:08:01,216 [ERROR] LogOutputStream:75 - [STDERR_REDIRECT] [Fatal Error] :1:1: Premature end of file.
2025-03-25 10:08:01,216 [ERROR] LogOutputStream:75 - [STDERR_REDIRECT] 
2025-03-25 10:08:02,215 [ERROR] LogOutputStream:75 - [STDERR_REDIRECT] [Fatal Error] :1:1: Premature end of file.
2025-03-25 10:08:02,215 [ERROR] LogOutputStream:75 - [STDERR_REDIRECT] 
2025-03-25 10:08:03,188 [ERROR] LogOutputStream:75 - [STDERR_REDIRECT] [Fatal Error] :1:1: Premature end of file.
2025-03-25 10:08:03,188 [ERROR] LogOutputStream:75 - [STDERR_REDIRECT] 
2025-03-25 10:08:04,213 [ERROR] LogOutputStream:75 - [STDERR_REDIRECT] [Fatal Error] :1:1: Premature end of file.
2025-03-25 10:08:04,213 [ERROR] LogOutputStream:75 - [STDERR_REDIRECT] 
2025-03-25 10:08:05,229 [ERROR] LogOutputStream:75 - [STDERR_REDIRECT] [Fatal Error] :1:1: Premature end of file.
2025-03-25 10:08:05,229 [ERROR] LogOutputStream:75 - [STDERR_REDIRECT] 
2025-03-25 10:08:06,217 [ERROR] LogOutputStream:75 - [STDERR_REDIRECT] [Fatal Error] :1:1: Premature end of file.
2025-03-25 10:08:06,217 [ERROR] LogOutputStream:75 - [STDERR_REDIRECT] 
2025-03-25 10:08:07,211 [ERROR] LogOutputStream:75 - [STDERR_REDIRECT] [Fatal Error] :1:1: Premature end of file.
2025-03-25 10:08:07,211 [ERROR] LogOutputStream:75 - [STDERR_REDIRECT] 
2025-03-25 10:08:08,214 [ERROR] LogOutputStream:75 - [STDERR_REDIRECT] [Fatal Error] :1:1: Premature end of file.
2025-03-25 10:08:08,214 [ERROR] LogOutputStream:75 - [STDERR_REDIRECT] 
2025-03-25 10:08:09,215 [ERROR] LogOutputStream:75 - [STDERR_REDIRECT] [Fatal Error] :1:1: Premature end of file.
2025-03-25 10:08:09,215 [ERROR] LogOutputStream:75 - [STDERR_REDIRECT] 
2025-03-25 10:08:10,210 [ERROR] LogOutputStream:75 - [STDERR_REDIRECT] [Fatal Error] :1:1: Premature end of file.
2025-03-25 10:08:10,211 [ERROR] LogOutputStream:75 - [STDERR_REDIRECT] 
2025-03-25 10:08:11,226 [ERROR] LogOutputStream:75 - [STDERR_REDIRECT] [Fatal Error] :1:1: Premature end of file.
2025-03-25 10:08:11,226 [ERROR] LogOutputStream:75 - [STDERR_REDIRECT] 
2025-03-25 10:08:12,213 [ERROR] LogOutputStream:75 - [STDERR_REDIRECT] [Fatal Error] :1:1: Premature end of file.
2025-03-25 10:08:12,213 [ERROR] LogOutputStream:75 - [STDERR_REDIRECT] 
2025-03-25 10:08:13,225 [ERROR] LogOutputStream:75 - [STDERR_REDIRECT] [Fatal Error] :1:1: Premature end of file.
2025-03-25 10:08:13,226 [ERROR] LogOutputStream:75 - [STDERR_REDIRECT] 
2025-03-25 10:08:14,224 [ERROR] LogOutputStream:75 - [STDERR_REDIRECT] [Fatal Error] :1:1: Premature end of file.
2025-03-25 10:08:14,224 [ERROR] LogOutputStream:75 - [STDERR_REDIRECT] 
2025-03-25 10:08:15,226 [ERROR] LogOutputStream:75 - [STDERR_REDIRECT] [Fatal Error] :1:1: Premature end of file.
2025-03-25 10:08:15,226 [ERROR] LogOutputStream:75 - [STDERR_REDIRECT] 
2025-03-25 10:08:16,226 [ERROR] LogOutputStream:75 - [STDERR_REDIRECT] [Fatal Error] :1:1: Premature end of file.
2025-03-25 10:08:16,226 [ERROR] LogOutputStream:75 - [STDERR_REDIRECT] 
2025-03-25 10:08:17,219 [ERROR] LogOutputStream:75 - [STDERR_REDIRECT] [Fatal Error] :1:1: Premature end of file.
2025-03-25 10:08:17,219 [ERROR] LogOutputStream:75 - [STDERR_REDIRECT] 
2025-03-25 10:08:18,227 [ERROR] LogOutputStream:75 - [STDERR_REDIRECT] [Fatal Error] :1:1: Premature end of file.
2025-03-25 10:08:18,227 [ERROR] LogOutputStream:75 - [STDERR_REDIRECT] 
2025-03-25 10:08:19,222 [ERROR] LogOutputStream:75 - [STDERR_REDIRECT] [Fatal Error] :1:1: Premature end of file.
2025-03-25 10:08:19,222 [ERROR] LogOutputStream:75 - [STDERR_REDIRECT] 
2025-03-25 10:08:20,219 [ERROR] LogOutputStream:75 - [STDERR_REDIRECT] [Fatal Error] :1:1: Premature end of file.
2025-03-25 10:08:20,219 [ERROR] LogOutputStream:75 - [STDERR_REDIRECT] 
2025-03-25 10:08:21,222 [ERROR] LogOutputStream:75 - [STDERR_REDIRECT] [Fatal Error] :1:1: Premature end of file.
2025-03-25 10:08:21,222 [ERROR] LogOutputStream:75 - [STDERR_REDIRECT] 
2025-03-25 10:08:22,207 [ERROR] LogOutputStream:75 - [STDERR_REDIRECT] [Fatal Error] :1:1: Premature end of file.
2025-03-25 10:08:22,207 [ERROR] LogOutputStream:75 - [STDERR_REDIRECT] 
2025-03-25 10:08:23,224 [ERROR] LogOutputStream:75 - [STDERR_REDIRECT] [Fatal Error] :1:1: Premature end of file.
2025-03-25 10:08:23,224 [ERROR] LogOutputStream:75 - [STDERR_REDIRECT] 
2025-03-25 10:08:24,221 [ERROR] LogOutputStream:75 - [STDERR_REDIRECT] [Fatal Error] :1:1: Premature end of file.
2025-03-25 10:08:24,222 [ERROR] LogOutputStream:75 - [STDERR_REDIRECT] 
2025-03-25 10:08:25,213 [ERROR] LogOutputStream:75 - [STDERR_REDIRECT] [Fatal Error] :1:1: Premature end of file.
2025-03-25 10:08:25,213 [ERROR] LogOutputStream:75 - [STDERR_REDIRECT] 
2025-03-25 10:08:26,193 [ERROR] LogOutputStream:75 - [STDERR_REDIRECT] [Fatal Error] :1:1: Premature end of file.
2025-03-25 10:08:26,194 [ERROR] LogOutputStream:75 - [STDERR_REDIRECT] 
2025-03-25 10:08:27,223 [ERROR] LogOutputStream:75 - [STDERR_REDIRECT] [Fatal Error] :1:1: Premature end of file.
2025-03-25 10:08:27,223 [ERROR] LogOutputStream:75 - [STDERR_REDIRECT] 
2025-03-25 10:08:28,227 [ERROR] LogOutputStream:75 - [STDERR_REDIRECT] [Fatal Error] :1:1: Premature end of file.
2025-03-25 10:08:28,228 [ERROR] LogOutputStream:75 - [STDERR_REDIRECT] 
2025-03-25 10:08:29,219 [ERROR] LogOutputStream:75 - [STDERR_REDIRECT] [Fatal Error] :1:1: Premature end of file.
2025-03-25 10:08:29,219 [ERROR] LogOutputStream:75 - [STDERR_REDIRECT] 
2025-03-25 10:08:30,220 [ERROR] LogOutputStream:75 - [STDERR_REDIRECT] [Fatal Error] :1:1: Premature end of file.
2025-03-25 10:08:30,221 [ERROR] LogOutputStream:75 - [STDERR_REDIRECT] 
2025-03-25 10:08:31,215 [ERROR] LogOutputStream:75 - [STDERR_REDIRECT] [Fatal Error] :1:1: Premature end of file.
2025-03-25 10:08:31,216 [ERROR] LogOutputStream:75 - [STDERR_REDIRECT] 
2025-03-25 10:08:32,216 [ERROR] LogOutputStream:75 - [STDERR_REDIRECT] [Fatal Error] :1:1: Premature end of file.
2025-03-25 10:08:32,216 [ERROR] LogOutputStream:75 - [STDERR_REDIRECT] 
2025-03-25 10:08:33,227 [ERROR] LogOutputStream:75 - [STDERR_REDIRECT] [Fatal Error] :1:1: Premature end of file.
2025-03-25 10:08:33,227 [ERROR] LogOutputStream:75 - [STDERR_REDIRECT] 
2025-03-25 10:08:34,215 [ERROR] LogOutputStream:75 - [STDERR_REDIRECT] [Fatal Error] :1:1: Premature end of file.
2025-03-25 10:08:34,215 [ERROR] LogOutputStream:75 - [STDERR_REDIRECT] 
2025-03-25 10:08:35,210 [ERROR] LogOutputStream:75 - [STDERR_REDIRECT] [Fatal Error] :1:1: Premature end of file.
2025-03-25 10:08:35,210 [ERROR] LogOutputStream:75 - [STDERR_REDIRECT] 
2025-03-25 10:08:36,225 [ERROR] LogOutputStream:75 - [STDERR_REDIRECT] [Fatal Error] :1:1: Premature end of file.
2025-03-25 10:08:36,225 [ERROR] LogOutputStream:75 - [STDERR_REDIRECT] 
2025-03-25 10:08:37,204 [ERROR] LogOutputStream:75 - [STDERR_REDIRECT] [Fatal Error] :1:1: Premature end of file.
2025-03-25 10:08:37,204 [ERROR] LogOutputStream:75 - [STDERR_REDIRECT] 
2025-03-25 10:08:38,231 [ERROR] LogOutputStream:75 - [STDERR_REDIRECT] [Fatal Error] :1:1: Premature end of file.
2025-03-25 10:08:38,231 [ERROR] LogOutputStream:75 - [STDERR_REDIRECT] 
2025-03-25 10:08:39,200 [ERROR] LogOutputStream:75 - [STDERR_REDIRECT] [Fatal Error] :1:1: Premature end of file.
2025-03-25 10:08:39,200 [ERROR] LogOutputStream:75 - [STDERR_REDIRECT] 
2025-03-25 10:08:40,220 [ERROR] LogOutputStream:75 - [STDERR_REDIRECT] [Fatal Error] :1:1: Premature end of file.
2025-03-25 10:08:40,220 [ERROR] LogOutputStream:75 - [STDERR_REDIRECT] 
2025-03-25 10:08:41,222 [ERROR] LogOutputStream:75 - [STDERR_REDIRECT] [Fatal Error] :1:1: Premature end of file.
2025-03-25 10:08:41,222 [ERROR] LogOutputStream:75 - [STDERR_REDIRECT] 
2025-03-25 10:08:42,227 [ERROR] LogOutputStream:75 - [STDERR_REDIRECT] [Fatal Error] :1:1: Premature end of file.
2025-03-25 10:08:42,228 [ERROR] LogOutputStream:75 - [STDERR_REDIRECT] 
2025-03-25 10:08:43,225 [ERROR] LogOutputStream:75 - [STDERR_REDIRECT] [Fatal Error] :1:1: Premature end of file.
2025-03-25 10:08:43,225 [ERROR] LogOutputStream:75 - [STDERR_REDIRECT] 
2025-03-25 10:08:44,219 [ERROR] LogOutputStream:75 - [STDERR_REDIRECT] [Fatal Error] :1:1: Premature end of file.
2025-03-25 10:08:44,219 [ERROR] LogOutputStream:75 - [STDERR_REDIRECT] 
2025-03-25 10:08:45,231 [ERROR] LogOutputStream:75 - [STDERR_REDIRECT] [Fatal Error] :1:1: Premature end of file.
2025-03-25 10:08:45,232 [ERROR] LogOutputStream:75 - [STDERR_REDIRECT] 
2025-03-25 10:08:46,231 [ERROR] LogOutputStream:75 - [STDERR_REDIRECT] [Fatal Error] :1:1: Premature end of file.
2025-03-25 10:08:46,231 [ERROR] LogOutputStream:75 - [STDERR_REDIRECT] 
2025-03-25 10:08:47,227 [ERROR] LogOutputStream:75 - [STDERR_REDIRECT] [Fatal Error] :1:1: Premature end of file.
2025-03-25 10:08:47,228 [ERROR] LogOutputStream:75 - [STDERR_REDIRECT] 
2025-03-25 10:08:48,211 [ERROR] LogOutputStream:75 - [STDERR_REDIRECT] [Fatal Error] :1:1: Premature end of file.
2025-03-25 10:08:48,211 [ERROR] LogOutputStream:75 - [STDERR_REDIRECT] 
2025-03-25 10:08:49,219 [ERROR] LogOutputStream:75 - [STDERR_REDIRECT] [Fatal Error] :1:1: Premature end of file.
2025-03-25 10:08:49,220 [ERROR] LogOutputStream:75 - [STDERR_REDIRECT] 
2025-03-25 10:08:50,215 [ERROR] LogOutputStream:75 - [STDERR_REDIRECT] [Fatal Error] :1:1: Premature end of file.
2025-03-25 10:08:50,216 [ERROR] LogOutputStream:75 - [STDERR_REDIRECT] 
2025-03-25 10:08:51,209 [ERROR] LogOutputStream:75 - [STDERR_REDIRECT] [Fatal Error] :1:1: Premature end of file.
2025-03-25 10:08:51,209 [ERROR] LogOutputStream:75 - [STDERR_REDIRECT] 
2025-03-25 10:08:52,231 [ERROR] LogOutputStream:75 - [STDERR_REDIRECT] [Fatal Error] :1:1: Premature end of file.
2025-03-25 10:08:52,232 [ERROR] LogOutputStream:75 - [STDERR_REDIRECT] 
2025-03-25 10:08:53,219 [ERROR] LogOutputStream:75 - [STDERR_REDIRECT] [Fatal Error] :1:1: Premature end of file.
2025-03-25 10:08:53,219 [ERROR] LogOutputStream:75 - [STDERR_REDIRECT] 
2025-03-25 10:08:54,215 [ERROR] LogOutputStream:75 - [STDERR_REDIRECT] [Fatal Error] :1:1: Premature end of file.
2025-03-25 10:08:54,215 [ERROR] LogOutputStream:75 - [STDERR_REDIRECT] 
2025-03-25 10:08:55,216 [ERROR] LogOutputStream:75 - [STDERR_REDIRECT] [Fatal Error] :1:1: Premature end of file.
2025-03-25 10:08:55,217 [ERROR] LogOutputStream:75 - [STDERR_REDIRECT] 
2025-03-25 10:08:56,216 [ERROR] LogOutputStream:75 - [STDERR_REDIRECT] [Fatal Error] :1:1: Premature end of file.
2025-03-25 10:08:56,216 [ERROR] LogOutputStream:75 - [STDERR_REDIRECT] 
2025-03-25 10:08:57,221 [ERROR] LogOutputStream:75 - [STDERR_REDIRECT] [Fatal Error] :1:1: Premature end of file.
2025-03-25 10:08:57,221 [ERROR] LogOutputStream:75 - [STDERR_REDIRECT] 
2025-03-25 10:08:58,221 [ERROR] LogOutputStream:75 - [STDERR_REDIRECT] [Fatal Error] :1:1: Premature end of file.
2025-03-25 10:08:58,221 [ERROR] LogOutputStream:75 - [STDERR_REDIRECT] 
2025-03-25 10:08:59,216 [ERROR] LogOutputStream:75 - [STDERR_REDIRECT] [Fatal Error] :1:1: Premature end of file.
2025-03-25 10:08:59,217 [ERROR] LogOutputStream:75 - [STDERR_REDIRECT] 
2025-03-25 10:09:00,217 [ERROR] LogOutputStream:75 - [STDERR_REDIRECT] [Fatal Error] :1:1: Premature end of file.
2025-03-25 10:09:00,217 [ERROR] LogOutputStream:75 - [STDERR_REDIRECT] 
2025-03-25 10:09:01,219 [ERROR] LogOutputStream:75 - [STDERR_REDIRECT] [Fatal Error] :1:1: Premature end of file.
2025-03-25 10:09:01,219 [ERROR] LogOutputStream:75 - [STDERR_REDIRECT] 
2025-03-25 10:09:02,220 [ERROR] LogOutputStream:75 - [STDERR_REDIRECT] [Fatal Error] :1:1: Premature end of file.
2025-03-25 10:09:02,220 [ERROR] LogOutputStream:75 - [STDERR_REDIRECT] 
2025-03-25 10:09:03,215 [ERROR] LogOutputStream:75 - [STDERR_REDIRECT] [Fatal Error] :1:1: Premature end of file.
2025-03-25 10:09:03,215 [ERROR] LogOutputStream:75 - [STDERR_REDIRECT] 
2025-03-25 10:09:04,223 [ERROR] LogOutputStream:75 - [STDERR_REDIRECT] [Fatal Error] :1:1: Premature end of file.
2025-03-25 10:09:04,223 [ERROR] LogOutputStream:75 - [STDERR_REDIRECT] 
2025-03-25 10:09:05,227 [ERROR] LogOutputStream:75 - [STDERR_REDIRECT] [Fatal Error] :1:1: Premature end of file.
2025-03-25 10:09:05,227 [ERROR] LogOutputStream:75 - [STDERR_REDIRECT] 
2025-03-25 10:09:06,224 [ERROR] LogOutputStream:75 - [STDERR_REDIRECT] [Fatal Error] :1:1: Premature end of file.
2025-03-25 10:09:06,225 [ERROR] LogOutputStream:75 - [STDERR_REDIRECT] 
2025-03-25 10:09:07,227 [ERROR] LogOutputStream:75 - [STDERR_REDIRECT] [Fatal Error] :1:1: Premature end of file.
2025-03-25 10:09:07,227 [ERROR] LogOutputStream:75 - [STDERR_REDIRECT] 
2025-03-25 10:09:08,216 [ERROR] LogOutputStream:75 - [STDERR_REDIRECT] [Fatal Error] :1:1: Premature end of file.
2025-03-25 10:09:08,216 [ERROR] LogOutputStream:75 - [STDERR_REDIRECT] 
2025-03-25 10:09:09,214 [ERROR] LogOutputStream:75 - [STDERR_REDIRECT] [Fatal Error] :1:1: Premature end of file.
2025-03-25 10:09:09,214 [ERROR] LogOutputStream:75 - [STDERR_REDIRECT] 
2025-03-25 10:09:10,215 [ERROR] LogOutputStream:75 - [STDERR_REDIRECT] [Fatal Error] :1:1: Premature end of file.
2025-03-25 10:09:10,215 [ERROR] LogOutputStream:75 - [STDERR_REDIRECT] 
2025-03-25 10:09:10,617 [ERROR] LogOutputStream:75 - [STDERR_REDIRECT] Exception in thread "AWT-EventQueue-0" java.awt.IllegalComponentStateException: Native resources unavailable
2025-03-25 10:09:10,617 [ERROR] LogOutputStream:75 - [STDERR_REDIRECT] 	at java.desktop/sun.awt.windows.WWindowPeer.getScreenImOn(Native Method)
2025-03-25 10:09:10,618 [ERROR] LogOutputStream:75 - [STDERR_REDIRECT] 	at java.desktop/sun.awt.windows.WWindowPeer.updateGC(WWindowPeer.java:566)
2025-03-25 10:09:10,618 [ERROR] LogOutputStream:75 - [STDERR_REDIRECT] 	at java.desktop/java.awt.event.InvocationEvent.dispatch(InvocationEvent.java:318)
2025-03-25 10:09:10,619 [ERROR] LogOutputStream:75 - [STDERR_REDIRECT] 	at java.desktop/java.awt.EventQueue.dispatchEventImpl(EventQueue.java:773)
2025-03-25 10:09:10,620 [ERROR] LogOutputStream:75 - [STDERR_REDIRECT] 	at java.desktop/java.awt.EventQueue$4.run(EventQueue.java:720)
2025-03-25 10:09:10,622 [ERROR] LogOutputStream:75 - [STDERR_REDIRECT] 	at java.desktop/java.awt.EventQueue$4.run(EventQueue.java:714)
2025-03-25 10:09:10,623 [ERROR] LogOutputStream:75 - [STDERR_REDIRECT] 	at java.base/java.security.AccessController.doPrivileged(AccessController.java:400)
2025-03-25 10:09:10,624 [ERROR] LogOutputStream:75 - [STDERR_REDIRECT] 	at java.base/java.security.ProtectionDomain$JavaSecurityAccessImpl.doIntersectionPrivilege(ProtectionDomain.java:87)
2025-03-25 10:09:10,625 [ERROR] LogOutputStream:75 - [STDERR_REDIRECT] 	at java.base/java.security.ProtectionDomain$JavaSecurityAccessImpl.doIntersectionPrivilege(ProtectionDomain.java:98)
2025-03-25 10:09:10,626 [ERROR] LogOutputStream:75 - [STDERR_REDIRECT] 	at java.desktop/java.awt.EventQueue$5.run(EventQueue.java:747)
2025-03-25 10:09:10,627 [ERROR] LogOutputStream:75 - [STDERR_REDIRECT] 	at java.desktop/java.awt.EventQueue$5.run(EventQueue.java:745)
2025-03-25 10:09:10,627 [ERROR] LogOutputStream:75 - [STDERR_REDIRECT] 	at java.base/java.security.AccessController.doPrivileged(AccessController.java:400)
2025-03-25 10:09:10,628 [ERROR] LogOutputStream:75 - [STDERR_REDIRECT] 	at java.base/java.security.ProtectionDomain$JavaSecurityAccessImpl.doIntersectionPrivilege(ProtectionDomain.java:87)
2025-03-25 10:09:10,628 [ERROR] LogOutputStream:75 - [STDERR_REDIRECT] 	at java.desktop/java.awt.EventQueue.dispatchEvent(EventQueue.java:744)
2025-03-25 10:09:10,629 [ERROR] LogOutputStream:75 - [STDERR_REDIRECT] 	at java.desktop/java.awt.EventDispatchThread.pumpOneEventForFilters(EventDispatchThread.java:203)
2025-03-25 10:09:10,629 [ERROR] LogOutputStream:75 - [STDERR_REDIRECT] 	at java.desktop/java.awt.EventDispatchThread.pumpEventsForFilter(EventDispatchThread.java:124)
2025-03-25 10:09:10,630 [ERROR] LogOutputStream:75 - [STDERR_REDIRECT] 	at java.desktop/java.awt.EventDispatchThread.pumpEventsForHierarchy(EventDispatchThread.java:113)
2025-03-25 10:09:10,630 [ERROR] LogOutputStream:75 - [STDERR_REDIRECT] 	at java.desktop/java.awt.EventDispatchThread.pumpEvents(EventDispatchThread.java:109)
2025-03-25 10:09:10,631 [ERROR] LogOutputStream:75 - [STDERR_REDIRECT] 	at java.desktop/java.awt.EventDispatchThread.pumpEvents(EventDispatchThread.java:101)
2025-03-25 10:09:10,631 [ERROR] LogOutputStream:75 - [STDERR_REDIRECT] 	at java.desktop/java.awt.EventDispatchThread.run(EventDispatchThread.java:90)
2025-03-25 10:09:11,195 [ERROR] LogOutputStream:75 - [STDERR_REDIRECT] [Fatal Error] :1:1: Premature end of file.
2025-03-25 10:09:11,195 [ERROR] LogOutputStream:75 - [STDERR_REDIRECT] 
2025-03-25 10:09:12,242 [ERROR] LogOutputStream:75 - [STDERR_REDIRECT] 
